  0
SECTION
  2
HEADER
  9
$ACADVER
  1
AC1021
  9
$ACADMAINTVER
 70
    25
  9
$DWGCODEPAGE
  3
ANSI_1252
  9
$LASTSAVEDBY
  1
PC
  9
$INSBASE
 10
0.0
 20
0.0
 30
0.0
  9
$EXTMIN
 10
-706.8663
 20
-594.2891
 30
0.0
  9
$EXTMAX
 10
-666.8899
 20
-554.3127
 30
0.0
  9
$LIMMIN
 10
0.0
 20
0.0
  9
$LIMMAX
 10
12.0
 20
9.0
  9
$ORTHOMODE
 70
     0
  9
$REGENMODE
 70
     1
  9
$FILLMODE
 70
     1
  9
$QTEXTMODE
 70
     0
  9
$MIRRTEXT
 70
     1
  9
$LTSCALE
 40
1.0
  9
$ATTMODE
 70
     1
  9
$TEXTSIZE
 40
0.2
  9
$TRACEWID
 40
0.05
  9
$TEXTSTYLE
  7
Standard
  9
$CLAYER
  8
0
  9
$CELTYPE
  6
ByLayer
  9
$CECOLOR
 62
   256
  9
$CELTSCALE
 40
1.0
  9
$DISPSILH
 70
     0
  9
$DIMSCALE
 40
1.0
  9
$DIMASZ
 40
0.18
  9
$DIMEXO
 40
0.0625
  9
$DIMDLI
 40
0.38
  9
$DIMRND
 40
0.0
  9
$DIMDLE
 40
0.0
  9
$DIMEXE
 40
0.18
  9
$DIMTP
 40
0.0
  9
$DIMTM
 40
0.0
  9
$DIMTXT
 40
0.18
  9
$DIMCEN
 40
0.09
  9
$DIMTSZ
 40
0.0
  9
$DIMTOL
 70
     0
  9
$DIMLIM
 70
     0
  9
$DIMTIH
 70
     1
  9
$DIMTOH
 70
     1
  9
$DIMSE1
 70
     0
  9
$DIMSE2
 70
     0
  9
$DIMTAD
 70
     0
  9
$DIMZIN
 70
     0
  9
$DIMBLK
  1

  9
$DIMASO
 70
     1
  9
$DIMSHO
 70
     1
  9
$DIMPOST
  1

  9
$DIMAPOST
  1

  9
$DIMALT
 70
     0
  9
$DIMALTD
 70
     2
  9
$DIMALTF
 40
25.4
  9
$DIMLFAC
 40
1.0
  9
$DIMTOFL
 70
     0
  9
$DIMTVP
 40
0.0
  9
$DIMTIX
 70
     0
  9
$DIMSOXD
 70
     0
  9
$DIMSAH
 70
     0
  9
$DIMBLK1
  1

  9
$DIMBLK2
  1

  9
$DIMSTYLE
  2
Standard
  9
$DIMCLRD
 70
     0
  9
$DIMCLRE
 70
     0
  9
$DIMCLRT
 70
     0
  9
$DIMTFAC
 40
1.0
  9
$DIMGAP
 40
0.09
  9
$DIMJUST
 70
     0
  9
$DIMSD1
 70
     0
  9
$DIMSD2
 70
     0
  9
$DIMTOLJ
 70
     1
  9
$DIMTZIN
 70
     0
  9
$DIMALTZ
 70
     0
  9
$DIMALTTZ
 70
     0
  9
$DIMUPT
 70
     0
  9
$DIMDEC
 70
     4
  9
$DIMTDEC
 70
     4
  9
$DIMALTU
 70
     2
  9
$DIMALTTD
 70
     2
  9
$DIMTXSTY
  7
Standard
  9
$DIMAUNIT
 70
     0
  9
$DIMADEC
 70
     0
  9
$DIMALTRND
 40
0.0
  9
$DIMAZIN
 70
     0
  9
$DIMDSEP
 70
    46
  9
$DIMATFIT
 70
     3
  9
$DIMFRAC
 70
     0
  9
$DIMLDRBLK
  1

  9
$DIMLUNIT
 70
     2
  9
$DIMLWD
 70
    -2
  9
$DIMLWE
 70
    -2
  9
$DIMTMOVE
 70
     0
  9
$DIMFXL
 40
1.0
  9
$DIMFXLON
 70
     0
  9
$DIMJOGANG
 40
0.7853981633974483
  9
$DIMTFILL
 70
     0
  9
$DIMTFILLCLR
 70
     0
  9
$DIMARCSYM
 70
     0
  9
$DIMLTYPE
  6

  9
$DIMLTEX1
  6

  9
$DIMLTEX2
  6

  9
$LUNITS
 70
     2
  9
$LUPREC
 70
     4
  9
$SKETCHINC
 40
0.1
  9
$FILLETRAD
 40
0.5
  9
$AUNITS
 70
     0
  9
$AUPREC
 70
     0
  9
$MENU
  1
.
  9
$ELEVATION
 40
0.0
  9
$PELEVATION
 40
0.0
  9
$THICKNESS
 40
0.0
  9
$LIMCHECK
 70
     0
  9
$CHAMFERA
 40
0.0
  9
$CHAMFERB
 40
0.0
  9
$CHAMFERC
 40
0.0
  9
$CHAMFERD
 40
0.0
  9
$SKPOLY
 70
     0
  9
$TDCREATE
 40
2460274.860765938
  9
$TDUCREATE
 40
2460274.714932604
  9
$TDUPDATE
 40
2460274.860766076
  9
$TDUUPDATE
 40
2460274.714932743
  9
$TDINDWG
 40
0.0000000116
  9
$TDUSRTIMER
 40
0.0000000116
  9
$USRTIMER
 70
     1
  9
$ANGBASE
 50
0.0
  9
$ANGDIR
 70
     0
  9
$PDMODE
 70
     0
  9
$PDSIZE
 40
0.0
  9
$PLINEWID
 40
0.0
  9
$SPLFRAME
 70
     0
  9
$SPLINETYPE
 70
     6
  9
$SPLINESEGS
 70
     8
  9
$HANDSEED
  5
13B
  9
$SURFTAB1
 70
     6
  9
$SURFTAB2
 70
     6
  9
$SURFTYPE
 70
     6
  9
$SURFU
 70
     6
  9
$SURFV
 70
     6
  9
$UCSBASE
  2

  9
$UCSNAME
  2

  9
$UCSORG
 10
0.0
 20
0.0
 30
0.0
  9
$UCSXDIR
 10
1.0
 20
0.0
 30
0.0
  9
$UCSYDIR
 10
0.0
 20
1.0
 30
0.0
  9
$UCSORTHOREF
  2

  9
$UCSORTHOVIEW
 70
     0
  9
$UCSORGTOP
 10
0.0
 20
0.0
 30
0.0
  9
$UCSORGBOTTOM
 10
0.0
 20
0.0
 30
0.0
  9
$UCSORGLEFT
 10
0.0
 20
0.0
 30
0.0
  9
$UCSORGRIGHT
 10
0.0
 20
0.0
 30
0.0
  9
$UCSORGFRONT
 10
0.0
 20
0.0
 30
0.0
  9
$UCSORGBACK
 10
0.0
 20
0.0
 30
0.0
  9
$PUCSBASE
  2

  9
$PUCSNAME
  2

  9
$PUCSORG
 10
0.0
 20
0.0
 30
0.0
  9
$PUCSXDIR
 10
1.0
 20
0.0
 30
0.0
  9
$PUCSYDIR
 10
0.0
 20
1.0
 30
0.0
  9
$PUCSORTHOREF
  2

  9
$PUCSORTHOVIEW
 70
     0
  9
$PUCSORGTOP
 10
0.0
 20
0.0
 30
0.0
  9
$PUCSORGBOTTOM
 10
0.0
 20
0.0
 30
0.0
  9
$PUCSORGLEFT
 10
0.0
 20
0.0
 30
0.0
  9
$PUCSORGRIGHT
 10
0.0
 20
0.0
 30
0.0
  9
$PUCSORGFRONT
 10
0.0
 20
0.0
 30
0.0
  9
$PUCSORGBACK
 10
0.0
 20
0.0
 30
0.0
  9
$USERI1
 70
     0
  9
$USERI2
 70
     0
  9
$USERI3
 70
     0
  9
$USERI4
 70
     0
  9
$USERI5
 70
     0
  9
$USERR1
 40
0.0
  9
$USERR2
 40
0.0
  9
$USERR3
 40
0.0
  9
$USERR4
 40
0.0
  9
$USERR5
 40
0.0
  9
$WORLDVIEW
 70
     1
  9
$SHADEDGE
 70
     3
  9
$SHADEDIF
 70
    70
  9
$TILEMODE
 70
     1
  9
$MAXACTVP
 70
    64
  9
$PINSBASE
 10
0.0
 20
0.0
 30
0.0
  9
$PLIMCHECK
 70
     0
  9
$PEXTMIN
 10
1.000000000000000E+20
 20
1.000000000000000E+20
 30
1.000000000000000E+20
  9
$PEXTMAX
 10
-1.000000000000000E+20
 20
-1.000000000000000E+20
 30
-1.000000000000000E+20
  9
$PLIMMIN
 10
0.0
 20
0.0
  9
$PLIMMAX
 10
12.0
 20
9.0
  9
$UNITMODE
 70
     0
  9
$VISRETAIN
 70
     1
  9
$PLINEGEN
 70
     0
  9
$PSLTSCALE
 70
     1
  9
$TREEDEPTH
 70
  3020
  9
$CMLSTYLE
  2
Standard
  9
$CMLJUST
 70
     0
  9
$CMLSCALE
 40
1.0
  9
$PROXYGRAPHICS
 70
     1
  9
$MEASUREMENT
 70
     0
  9
$CELWEIGHT
370
    -1
  9
$ENDCAPS
280
     0
  9
$JOINSTYLE
280
     0
  9
$LWDISPLAY
290
     0
  9
$INSUNITS
 70
     4
  9
$HYPERLINKBASE
  1

  9
$STYLESHEET
  1

  9
$XEDIT
290
     1
  9
$CEPSNTYPE
380
     0
  9
$PSTYLEMODE
290
     1
  9
$FINGERPRINTGUID
  2
{c534f36a-2de9-42f3-b4d0-8400fde4f45d}
  9
$VERSIONGUID
  2
{FAEB1C32-E019-11D5-929B-00C0DF256EC4}
  9
$EXTNAMES
290
     1
  9
$PSVPSCALE
 40
0.0
  9
$OLESTARTUP
290
     0
  9
$SORTENTS
280
   127
  9
$INDEXCTL
280
     0
  9
$HIDETEXT
280
     1
  9
$XCLIPFRAME
290
     0
  9
$HALOGAP
280
     0
  9
$OBSCOLOR
 70
   257
  9
$OBSLTYPE
280
     0
  9
$INTERSECTIONDISPLAY
280
     0
  9
$INTERSECTIONCOLOR
 70
   257
  9
$DIMASSOC
280
     2
  9
$PROJECTNAME
  1

  9
$CAMERADISPLAY
290
     0
  9
$LENSLENGTH
 40
50.0
  9
$CAMERAHEIGHT
 40
0.0
  9
$STEPSPERSEC
 40
2.0
  9
$STEPSIZE
 40
6.0
  9
$3DDWFPREC
 40
2.0
  9
$PSOLWIDTH
 40
0.25
  9
$PSOLHEIGHT
 40
4.0
  9
$LOFTANG1
 40
1.570796326794897
  9
$LOFTANG2
 40
1.570796326794897
  9
$LOFTMAG1
 40
0.0
  9
$LOFTMAG2
 40
0.0
  9
$LOFTPARAM
 70
     7
  9
$LOFTNORMALS
280
     1
  9
$LATITUDE
 40
37.795
  9
$LONGITUDE
 40
-122.394
  9
$NORTHDIRECTION
 40
0.0
  9
$TIMEZONE
 70
 -8000
  9
$LIGHTGLYPHDISPLAY
280
     1
  9
$TILEMODELIGHTSYNCH
280
     1
  9
$CMATERIAL
347
44
  9
$SOLIDHIST
280
     0
  9
$SHOWHIST
280
     1
  9
$DWFFRAME
280
     2
  9
$DGNFRAME
280
     2
  9
$REALWORLDSCALE
290
     1
  9
$INTERFERECOLOR
 62
   256
  9
$CSHADOW
280
     0
  9
$SHADOWPLANELOCATION
 40
0.0
  0
ENDSEC
  0
SECTION
  2
CLASSES
  0
CLASS
  1
ACDBDICTIONARYWDFLT
  2
AcDbDictionaryWithDefault
  3
ObjectDBX Classes
 90
        0
 91
        3
280
     0
281
     0
  0
CLASS
  1
VISUALSTYLE
  2
AcDbVisualStyle
  3
ObjectDBX Classes
 90
     4095
 91
        3
280
     0
281
     0
  0
CLASS
  1
MATERIAL
  2
AcDbMaterial
  3
ObjectDBX Classes
 90
     1153
 91
        3
280
     0
281
     0
  0
CLASS
  1
SCALE
  2
AcDbScale
  3
ObjectDBX Classes
 90
     1153
 91
        3
280
     0
281
     0
  0
CLASS
  1
TABLESTYLE
  2
AcDbTableStyle
  3
ObjectDBX Classes
 90
     4095
 91
        3
280
     0
281
     0
  0
CLASS
  1
MLEADERSTYLE
  2
AcDbMLeaderStyle
  3
ACDB_MLEADERSTYLE_CLASS
 90
     4095
 91
        3
280
     0
281
     0
  0
CLASS
  1
SUN
  2
AcDbSun
  3
SCENEOE
 90
     1153
 91
        3
280
     0
281
     0
  0
CLASS
  1
DICTIONARYVAR
  2
AcDbDictionaryVar
  3
ObjectDBX Classes
 90
        0
 91
        3
280
     0
281
     0
  0
CLASS
  1
CELLSTYLEMAP
  2
AcDbCellStyleMap
  3
ObjectDBX Classes
 90
     1152
 91
        3
280
     0
281
     0
  0
ENDSEC
  0
SECTION
  2
TABLES
  0
TABLE
  2
VPORT
  5
8
330
0
100
AcDbSymbolTable
 70
     1
  0
VPORT
  5
29
330
8
100
AcDbSymbolTableRecord
100
AcDbViewportTableRecord
  2
*Active
 70
     0
 10
0.0
 20
0.0
 11
1.0
 21
1.0
 12
10.42990654205607
 22
4.5
 13
0.0
 23
0.0
 14
0.5
 24
0.5
 15
0.5
 25
0.5
 16
0.0
 26
0.0
 36
1.0
 17
0.0
 27
0.0
 37
0.0
 40
9.0
 41
1.972972972850329
 42
50.0
 43
0.0
 44
0.0
 50
0.0
 51
0.0
 71
     0
 72
   100
 73
     1
 74
     3
 75
     0
 76
     0
 77
     0
 78
     0
281
     0
 65
     1
110
0.0
120
0.0
130
0.0
111
1.0
121
0.0
131
0.0
112
0.0
122
1.0
132
0.0
 79
     0
146
0.0
348
2F
 60
     3
 61
     5
292
     1
282
     1
141
0.0
142
0.0
 63
   250
361
6D
  0
ENDTAB
  0
TABLE
  2
LTYPE
  5
5
330
0
100
AcDbSymbolTable
 70
     1
  0
LTYPE
  5
14
330
5
100
AcDbSymbolTableRecord
100
AcDbLinetypeTableRecord
  2
ByBlock
 70
     0
  3

 72
    65
 73
     0
 40
0.0
  0
LTYPE
  5
15
330
5
100
AcDbSymbolTableRecord
100
AcDbLinetypeTableRecord
  2
ByLayer
 70
     0
  3

 72
    65
 73
     0
 40
0.0
  0
LTYPE
  5
16
330
5
100
AcDbSymbolTableRecord
100
AcDbLinetypeTableRecord
  2
Continuous
 70
     0
  3
Solid line
 72
    65
 73
     0
 40
0.0
  0
ENDTAB
  0
TABLE
  2
LAYER
  5
2
330
0
100
AcDbSymbolTable
 70
     2
  0
LAYER
  5
10
330
2
100
AcDbSymbolTableRecord
100
AcDbLayerTableRecord
  2
0
 70
     0
 62
     7
  6
Continuous
370
    -3
390
F
347
46
  0
LAYER
  5
6F
330
2
100
AcDbSymbolTableRecord
100
AcDbLayerTableRecord
  2
Layer 1
 70
     0
 62
     7
  6
Continuous
370
    -3
390
F
347
46
  0
ENDTAB
  0
TABLE
  2
STYLE
  5
3
330
0
100
AcDbSymbolTable
 70
     1
  0
STYLE
  5
11
330
3
100
AcDbSymbolTableRecord
100
AcDbTextStyleTableRecord
  2
Standard
 70
     0
 40
0.0
 41
1.0
 50
0.0
 71
     0
 42
0.2
  3
txt
  4

  0
ENDTAB
  0
TABLE
  2
VIEW
  5
6
330
0
100
AcDbSymbolTable
 70
     0
  0
ENDTAB
  0
TABLE
  2
UCS
  5
7
330
0
100
AcDbSymbolTable
 70
     0
  0
ENDTAB
  0
TABLE
  2
APPID
  5
9
330
0
100
AcDbSymbolTable
 70
     3
  0
APPID
  5
12
330
9
100
AcDbSymbolTableRecord
100
AcDbRegAppTableRecord
  2
ACAD
 70
     0
  0
APPID
  5
6E
330
9
100
AcDbSymbolTableRecord
100
AcDbRegAppTableRecord
  2
ODA
 70
     0
  0
APPID
  5
133
330
9
100
AcDbSymbolTableRecord
100
AcDbRegAppTableRecord
  2
ACAD_MLEADERVER
 70
     0
  0
ENDTAB
  0
TABLE
  2
DIMSTYLE
  5
A
330
0
100
AcDbSymbolTable
 70
     1
100
AcDbDimStyleTable
  0
DIMSTYLE
105
27
330
A
100
AcDbSymbolTableRecord
100
AcDbDimStyleTableRecord
  2
Standard
 70
     0
178
     0
340
11
  0
ENDTAB
  0
TABLE
  2
BLOCK_RECORD
  5
1
330
0
100
AcDbSymbolTable
 70
     1
  0
BLOCK_RECORD
  5
1F
330
1
100
AcDbSymbolTableRecord
100
AcDbBlockTableRecord
  2
*Model_Space
340
22
 70
     0
280
     1
281
     0
  0
BLOCK_RECORD
  5
1B
330
1
100
AcDbSymbolTableRecord
100
AcDbBlockTableRecord
  2
*Paper_Space
340
1E
 70
     0
280
     1
281
     0
  0
BLOCK_RECORD
  5
23
330
1
100
AcDbSymbolTableRecord
100
AcDbBlockTableRecord
  2
*Paper_Space0
340
26
 70
     0
280
     1
281
     0
  0
ENDTAB
  0
ENDSEC
  0
SECTION
  2
BLOCKS
  0
BLOCK
  5
20
330
1F
100
AcDbEntity
  8
0
100
AcDbBlockBegin
  2
*Model_Space
 70
     0
 10
0.0
 20
0.0
 30
0.0
  3
*Model_Space
  1

  0
ENDBLK
  5
21
330
1F
100
AcDbEntity
  8
0
100
AcDbBlockEnd
  0
BLOCK
  5
1C
330
1B
100
AcDbEntity
 67
     1
  8
0
100
AcDbBlockBegin
  2
*Paper_Space
 70
     0
 10
0.0
 20
0.0
 30
0.0
  3
*Paper_Space
  1

  0
ENDBLK
  5
1D
330
1B
100
AcDbEntity
 67
     1
  8
0
100
AcDbBlockEnd
  0
BLOCK
  5
24
330
23
100
AcDbEntity
  8
0
100
AcDbBlockBegin
  2
*Paper_Space0
 70
     0
 10
0.0
 20
0.0
 30
0.0
  3
*Paper_Space0
  1

  0
ENDBLK
  5
25
330
23
100
AcDbEntity
  8
0
100
AcDbBlockEnd
  0
ENDSEC
  0
SECTION
  2
ENTITIES
  0
SPLINE
  5
70
102
{ACAD_REACTORS
330
71
102
}
330
1F
100
AcDbEntity
  8
Layer 1
 62
   250
370
    18
100
AcDbSpline
210
0.0
220
0.0
230
1.0
 70
    11
 71
     3
 72
    29
 73
    25
 74
     0
 42
0.0000000001
 43
0.0000000001
 40
0.0
 40
0.0
 40
0.0
 40
0.0
 40
0.125
 40
0.125
 40
0.125
 40
0.25
 40
0.25
 40
0.25
 40
0.375
 40
0.375
 40
0.375
 40
0.5
 40
0.5
 40
0.5
 40
0.625
 40
0.625
 40
0.625
 40
0.75
 40
0.75
 40
0.75
 40
0.875
 40
0.875
 40
0.875
 40
1.0
 40
1.0
 40
1.0
 40
1.0
 10
-705.7781
 20
-554.4009
 30
0.0
 10
-705.7781
 20
-554.4009
 30
0.0
 10
-667.9781
 20
-554.4009
 30
0.0
 10
-667.9781
 20
-554.4009
 30
0.0
 10
-667.4281
 20
-554.4009
 30
0.0
 10
-666.9781
 20
-554.8509
 30
0.0
 10
-666.9781
 20
-555.4009
 30
0.0
 10
-666.9781
 20
-555.4009
 30
0.0
 10
-666.9781
 20
-593.2009
 30
0.0
 10
-666.9781
 20
-593.2009
 30
0.0
 10
-666.9781
 20
-593.7509
 30
0.0
 10
-667.4281
 20
-594.2009
 30
0.0
 10
-667.9781
 20
-594.2009
 30
0.0
 10
-667.9781
 20
-594.2009
 30
0.0
 10
-705.7781
 20
-594.2009
 30
0.0
 10
-705.7781
 20
-594.2009
 30
0.0
 10
-706.3281
 20
-594.2009
 30
0.0
 10
-706.7781
 20
-593.7509
 30
0.0
 10
-706.7781
 20
-593.2009
 30
0.0
 10
-706.7781
 20
-593.2009
 30
0.0
 10
-706.7781
 20
-555.4009
 30
0.0
 10
-706.7781
 20
-555.4009
 30
0.0
 10
-706.7781
 20
-554.8509
 30
0.0
 10
-706.3281
 20
-554.4009
 30
0.0
 10
-705.7781
 20
-554.4009
 30
0.0
  0
HATCH
  5
71
330
1F
100
AcDbEntity
  8
Layer 1
 62
     2
420
 16773650
100
AcDbHatch
 10
0.0
 20
0.0
 30
0.0
210
0.0
220
0.0
230
1.0
  2
SOLID
 70
     1
 71
     1
 91
        1
 92
        1
 93
        1
 72
     4
 94
        3
 73
     0
 74
     1
 95
       29
 96
       25
 40
0.0
 40
0.0
 40
0.0
 40
0.0
 40
0.125
 40
0.125
 40
0.125
 40
0.25
 40
0.25
 40
0.25
 40
0.375
 40
0.375
 40
0.375
 40
0.5
 40
0.5
 40
0.5
 40
0.625
 40
0.625
 40
0.625
 40
0.75
 40
0.75
 40
0.75
 40
0.875
 40
0.875
 40
0.875
 40
1.0
 40
1.0
 40
1.0
 40
1.0
 10
-705.7781
 20
-554.4009
 10
-705.7781
 20
-554.4009
 10
-667.9781
 20
-554.4009
 10
-667.9781
 20
-554.4009
 10
-667.4281
 20
-554.4009
 10
-666.9781
 20
-554.8509
 10
-666.9781
 20
-555.4009
 10
-666.9781
 20
-555.4009
 10
-666.9781
 20
-593.2009
 10
-666.9781
 20
-593.2009
 10
-666.9781
 20
-593.7509
 10
-667.4281
 20
-594.2009
 10
-667.9781
 20
-594.2009
 10
-667.9781
 20
-594.2009
 10
-705.7781
 20
-594.2009
 10
-705.7781
 20
-594.2009
 10
-706.3281
 20
-594.2009
 10
-706.7781
 20
-593.7509
 10
-706.7781
 20
-593.2009
 10
-706.7781
 20
-593.2009
 10
-706.7781
 20
-555.4009
 10
-706.7781
 20
-555.4009
 10
-706.7781
 20
-554.8509
 10
-706.3281
 20
-554.4009
 10
-705.7781
 20
-554.4009
 97
        1
330
70
 75
     0
 76
     1
 98
        1
 10
0.0
 20
0.0
  0
SPLINE
  5
72
102
{ACAD_REACTORS
330
73
102
}
330
1F
100
AcDbEntity
  8
Layer 1
 62
   250
100
AcDbSpline
210
0.0
220
0.0
230
1.0
 70
    11
 71
     3
 72
    14
 73
    10
 74
     0
 42
0.0000000001
 43
0.0000000001
 40
0.0
 40
0.0
 40
0.0
 40
0.0
 40
0.3333333333333333
 40
0.3333333333333333
 40
0.3333333333333333
 40
0.6666666666666666
 40
0.6666666666666666
 40
0.6666666666666666
 40
1.0
 40
1.0
 40
1.0
 40
1.0
 10
-681.0175
 20
-574.1814
 30
0.0
 10
-681.5026
 20
-574.3266
 30
0.0
 10
-682.7834
 20
-574.1804
 30
0.0
 10
-682.2694
 20
-573.6802
 30
0.0
 10
-681.7699
 20
-573.1942
 30
0.0
 10
-681.0397
 20
-573.965
 30
0.0
 10
-681.0135
 20
-574.1376
 30
0.0
 10
-681.0071
 20
-574.1796
 30
0.0
 10
-681.0085
 20
-574.1586
 30
0.0
 10
-681.0175
 20
-574.1814
 30
0.0
  0
HATCH
  5
73
330
1F
100
AcDbEntity
  8
Layer 1
 62
   250
420
  3617845
100
AcDbHatch
 10
0.0
 20
0.0
 30
0.0
210
0.0
220
0.0
230
1.0
  2
SOLID
 70
     1
 71
     1
 91
        1
 92
        1
 93
        1
 72
     4
 94
        3
 73
     0
 74
     1
 95
       14
 96
       10
 40
0.0
 40
0.0
 40
0.0
 40
0.0
 40
0.3333333333333333
 40
0.3333333333333333
 40
0.3333333333333333
 40
0.6666666666666666
 40
0.6666666666666666
 40
0.6666666666666666
 40
1.0
 40
1.0
 40
1.0
 40
1.0
 10
-681.0175
 20
-574.1814
 10
-681.5026
 20
-574.3266
 10
-682.7834
 20
-574.1804
 10
-682.2694
 20
-573.6802
 10
-681.7699
 20
-573.1942
 10
-681.0397
 20
-573.965
 10
-681.0135
 20
-574.1376
 10
-681.0071
 20
-574.1796
 10
-681.0085
 20
-574.1586
 10
-681.0175
 20
-574.1814
 97
        1
330
72
 75
     0
 76
     1
 98
        1
 10
0.0
 20
0.0
  0
SPLINE
  5
74
102
{ACAD_REACTORS
330
75
102
}
330
1F
100
AcDbEntity
  8
Layer 1
 62
   250
100
AcDbSpline
210
0.0
220
0.0
230
1.0
 70
    11
 71
     3
 72
    14
 73
    10
 74
     0
 42
0.0000000001
 43
0.0000000001
 40
0.0
 40
0.0
 40
0.0
 40
0.0
 40
0.3333333333333333
 40
0.3333333333333333
 40
0.3333333333333333
 40
0.6666666666666666
 40
0.6666666666666666
 40
0.6666666666666666
 40
1.0
 40
1.0
 40
1.0
 40
1.0
 10
-677.9906
 20
-572.4098
 30
0.0
 10
-677.8707
 20
-572.1143
 30
0.0
 10
-677.3938
 20
-571.9548
 30
0.0
 10
-677.0854
 20
-572.1461
 30
0.0
 10
-676.9091
 20
-572.2555
 30
0.0
 10
-676.5483
 20
-572.6403
 30
0.0
 10
-676.5399
 20
-572.9089
 30
0.0
 10
-676.9814
 20
-572.9297
 30
0.0
 10
-677.8464
 20
-572.7055
 30
0.0
 10
-677.9906
 20
-572.4098
 30
0.0
  0
HATCH
  5
75
330
1F
100
AcDbEntity
  8
Layer 1
 62
   250
420
  3617845
100
AcDbHatch
 10
0.0
 20
0.0
 30
0.0
210
0.0
220
0.0
230
1.0
  2
SOLID
 70
     1
 71
     1
 91
        1
 92
        1
 93
        1
 72
     4
 94
        3
 73
     0
 74
     1
 95
       14
 96
       10
 40
0.0
 40
0.0
 40
0.0
 40
0.0
 40
0.3333333333333333
 40
0.3333333333333333
 40
0.3333333333333333
 40
0.6666666666666666
 40
0.6666666666666666
 40
0.6666666666666666
 40
1.0
 40
1.0
 40
1.0
 40
1.0
 10
-677.9906
 20
-572.4098
 10
-677.8707
 20
-572.1143
 10
-677.3938
 20
-571.9548
 10
-677.0854
 20
-572.1461
 10
-676.9091
 20
-572.2555
 10
-676.5483
 20
-572.6403
 10
-676.5399
 20
-572.9089
 10
-676.9814
 20
-572.9297
 10
-677.8464
 20
-572.7055
 10
-677.9906
 20
-572.4098
 97
        1
330
74
 75
     0
 76
     1
 98
        1
 10
0.0
 20
0.0
  0
SPLINE
  5
76
102
{ACAD_REACTORS
330
77
102
}
330
1F
100
AcDbEntity
  8
Layer 1
 62
   250
100
AcDbSpline
210
0.0
220
0.0
230
1.0
 70
    11
 71
     3
 72
   230
 73
   226
 74
     0
 42
0.0000000001
 43
0.0000000001
 40
0.0
 40
0.0
 40
0.0
 40
0.0
 40
0.0133333333333333
 40
0.0133333333333333
 40
0.0133333333333333
 40
0.0266666666666667
 40
0.0266666666666667
 40
0.0266666666666667
 40
0.04
 40
0.04
 40
0.04
 40
0.0533333333333333
 40
0.0533333333333333
 40
0.0533333333333333
 40
0.0666666666666667
 40
0.0666666666666667
 40
0.0666666666666667
 40
0.08
 40
0.08
 40
0.08
 40
0.0933333333333333
 40
0.0933333333333333
 40
0.0933333333333333
 40
0.1066666666666667
 40
0.1066666666666667
 40
0.1066666666666667
 40
0.12
 40
0.12
 40
0.12
 40
0.1333333333333333
 40
0.1333333333333333
 40
0.1333333333333333
 40
0.1466666666666667
 40
0.1466666666666667
 40
0.1466666666666667
 40
0.16
 40
0.16
 40
0.16
 40
0.1733333333333333
 40
0.1733333333333333
 40
0.1733333333333333
 40
0.1866666666666667
 40
0.1866666666666667
 40
0.1866666666666667
 40
0.2
 40
0.2
 40
0.2
 40
0.2133333333333333
 40
0.2133333333333333
 40
0.2133333333333333
 40
0.2266666666666667
 40
0.2266666666666667
 40
0.2266666666666667
 40
0.24
 40
0.24
 40
0.24
 40
0.2533333333333334
 40
0.2533333333333334
 40
0.2533333333333334
 40
0.2666666666666667
 40
0.2666666666666667
 40
0.2666666666666667
 40
0.28
 40
0.28
 40
0.28
 40
0.2933333333333333
 40
0.2933333333333333
 40
0.2933333333333333
 40
0.3066666666666667
 40
0.3066666666666667
 40
0.3066666666666667
 40
0.32
 40
0.32
 40
0.32
 40
0.3333333333333334
 40
0.3333333333333334
 40
0.3333333333333334
 40
0.3466666666666667
 40
0.3466666666666667
 40
0.3466666666666667
 40
0.36
 40
0.36
 40
0.36
 40
0.3733333333333334
 40
0.3733333333333334
 40
0.3733333333333334
 40
0.3866666666666667
 40
0.3866666666666667
 40
0.3866666666666667
 40
0.4
 40
0.4
 40
0.4
 40
0.4133333333333334
 40
0.4133333333333334
 40
0.4133333333333334
 40
0.4266666666666667
 40
0.4266666666666667
 40
0.4266666666666667
 40
0.44
 40
0.44
 40
0.44
 40
0.4533333333333334
 40
0.4533333333333334
 40
0.4533333333333334
 40
0.4666666666666667
 40
0.4666666666666667
 40
0.4666666666666667
 40
0.48
 40
0.48
 40
0.48
 40
0.4933333333333333
 40
0.4933333333333333
 40
0.4933333333333333
 40
0.5066666666666667
 40
0.5066666666666667
 40
0.5066666666666667
 40
0.52
 40
0.52
 40
0.52
 40
0.5333333333333333
 40
0.5333333333333333
 40
0.5333333333333333
 40
0.5466666666666667
 40
0.5466666666666667
 40
0.5466666666666667
 40
0.56
 40
0.56
 40
0.56
 40
0.5733333333333334
 40
0.5733333333333334
 40
0.5733333333333334
 40
0.5866666666666667
 40
0.5866666666666667
 40
0.5866666666666667
 40
0.6000000000000001
 40
0.6000000000000001
 40
0.6000000000000001
 40
0.6133333333333334
 40
0.6133333333333334
 40
0.6133333333333334
 40
0.6266666666666667
 40
0.6266666666666667
 40
0.6266666666666667
 40
0.64
 40
0.64
 40
0.64
 40
0.6533333333333333
 40
0.6533333333333333
 40
0.6533333333333333
 40
0.6666666666666667
 40
0.6666666666666667
 40
0.6666666666666667
 40
0.68
 40
0.68
 40
0.68
 40
0.6933333333333334
 40
0.6933333333333334
 40
0.6933333333333334
 40
0.7066666666666667
 40
0.7066666666666667
 40
0.7066666666666667
 40
0.7200000000000001
 40
0.7200000000000001
 40
0.7200000000000001
 40
0.7333333333333334
 40
0.7333333333333334
 40
0.7333333333333334
 40
0.7466666666666667
 40
0.7466666666666667
 40
0.7466666666666667
 40
0.76
 40
0.76
 40
0.76
 40
0.7733333333333334
 40
0.7733333333333334
 40
0.7733333333333334
 40
0.7866666666666667
 40
0.7866666666666667
 40
0.7866666666666667
 40
0.8
 40
0.8
 40
0.8
 40
0.8133333333333334
 40
0.8133333333333334
 40
0.8133333333333334
 40
0.8266666666666668
 40
0.8266666666666668
 40
0.8266666666666668
 40
0.8400000000000001
 40
0.8400000000000001
 40
0.8400000000000001
 40
0.8533333333333334
 40
0.8533333333333334
 40
0.8533333333333334
 40
0.8666666666666667
 40
0.8666666666666667
 40
0.8666666666666667
 40
0.88
 40
0.88
 40
0.88
 40
0.8933333333333334
 40
0.8933333333333334
 40
0.8933333333333334
 40
0.9066666666666667
 40
0.9066666666666667
 40
0.9066666666666667
 40
0.92
 40
0.92
 40
0.92
 40
0.9333333333333333
 40
0.9333333333333333
 40
0.9333333333333333
 40
0.9466666666666668
 40
0.9466666666666668
 40
0.9466666666666668
 40
0.9600000000000001
 40
0.9600000000000001
 40
0.9600000000000001
 40
0.9733333333333334
 40
0.9733333333333334
 40
0.9733333333333334
 40
0.9866666666666667
 40
0.9866666666666667
 40
0.9866666666666667
 40
1.0
 40
1.0
 40
1.0
 40
1.0
 10
-690.4442
 20
-576.0115
 30
0.0
 10
-690.37
 20
-575.9616
 30
0.0
 10
-690.0434
 20
-575.8445
 30
0.0
 10
-689.9409
 20
-575.8024
 30
0.0
 10
-689.5236
 20
-575.631
 30
0.0
 10
-688.9563
 20
-575.2935
 30
0.0
 10
-688.6143
 20
-575.0341
 30
0.0
 10
-688.1063
 20
-574.649
 30
0.0
 10
-687.5715
 20
-574.1164
 30
0.0
 10
-687.2801
 20
-573.5645
 30
0.0
 10
-687.1397
 20
-573.2986
 30
0.0
 10
-687.0
 20
-572.8141
 30
0.0
 10
-686.9681
 20
-572.4777
 30
0.0
 10
-686.8943
 20
-571.6997
 30
0.0
 10
-687.1954
 20
-570.9283
 30
0.0
 10
-687.5477
 20
-570.2743
 30
0.0
 10
-687.6795
 20
-570.0297
 30
0.0
 10
-687.9335
 20
-569.5284
 30
0.0
 10
-687.947
 20
-569.2735
 30
0.0
 10
-687.7194
 20
-569.3067
 30
0.0
 10
-687.5452
 20
-569.4131
 30
0.0
 10
-687.2817
 20
-569.3954
 30
0.0
 10
-687.2991
 20
-569.2875
 30
0.0
 10
-687.4765
 20
-569.1454
 30
0.0
 10
-687.572
 20
-569.0513
 30
0.0
 10
-687.7743
 20
-568.8521
 30
0.0
 10
-688.387
 20
-568.1596
 30
0.0
 10
-688.4834
 20
-568.1255
 30
0.0
 10
-688.5888
 20
-568.2622
 30
0.0
 10
-688.6794
 20
-568.6578
 30
0.0
 10
-688.7384
 20
-568.8621
 30
0.0
 10
-688.8379
 20
-569.2066
 30
0.0
 10
-688.8562
 20
-569.3522
 30
0.0
 10
-688.7019
 20
-569.6622
 30
0.0
 10
-688.4906
 20
-570.0867
 30
0.0
 10
-688.2431
 20
-570.5281
 30
0.0
 10
-688.0219
 20
-570.9376
 30
0.0
 10
-687.7764
 20
-571.392
 30
0.0
 10
-687.5668
 20
-571.8071
 30
0.0
 10
-687.3644
 20
-572.2556
 30
0.0
 10
-687.1944
 20
-572.6323
 30
0.0
 10
-687.2197
 20
-572.6763
 30
0.0
 10
-687.4351
 20
-572.9634
 30
0.0
 10
-687.5951
 20
-573.1768
 30
0.0
 10
-687.7014
 20
-573.3022
 30
0.0
 10
-687.88
 20
-573.4846
 30
0.0
 10
-689.0159
 20
-574.6447
 30
0.0
 10
-691.3208
 20
-575.3127
 30
0.0
 10
-693.0155
 20
-575.1966
 30
0.0
 10
-693.3084
 20
-575.1766
 30
0.0
 10
-693.75
 20
-575.0932
 30
0.0
 10
-693.8769
 20
-575.0875
 30
0.0
 10
-693.828
 20
-575.3602
 30
0.0
 10
-693.6564
 20
-575.7853
 30
0.0
 10
-693.5516
 20
-576.0191
 30
0.0
 10
-693.4163
 20
-576.321
 30
0.0
 10
-693.4622
 20
-576.3169
 30
0.0
 10
-693.2632
 20
-576.3382
 30
0.0
 10
-692.6769
 20
-576.4012
 30
0.0
 10
-692.1513
 20
-576.398
 30
0.0
 10
-691.5667
 20
-576.2915
 30
0.0
 10
-691.1505
 20
-576.2158
 30
0.0
 10
-690.7935
 20
-576.0945
 30
0.0
 10
-690.5758
 20
-576.055
 30
0.0
 10
-690.5913
 20
-576.6231
 30
0.0
 10
-690.6728
 20
-576.9599
 30
0.0
 10
-690.5415
 20
-577.5328
 30
0.0
 10
-690.4562
 20
-577.9045
 30
0.0
 10
-690.2558
 20
-578.3028
 30
0.0
 10
-690.0108
 20
-578.5739
 30
0.0
 10
-689.7807
 20
-578.8286
 30
0.0
 10
-689.4545
 20
-579.0444
 30
0.0
 10
-689.0143
 20
-579.1575
 30
0.0
 10
-688.3474
 20
-579.329
 30
0.0
 10
-688.058
 20
-579.1703
 30
0.0
 10
-687.6178
 20
-579.151
 30
0.0
 10
-687.1219
 20
-580.5381
 30
0.0
 10
-686.0536
 20
-580.5216
 30
0.0
 10
-685.8866
 20
-580.602
 30
0.0
 10
-686.0315
 20
-580.6596
 30
0.0
 10
-686.8095
 20
-580.6741
 30
0.0
 10
-687.0239
 20
-580.6713
 30
0.0
 10
-690.523
 20
-580.6255
 30
0.0
 10
-693.5273
 20
-578.086
 30
0.0
 10
-694.2461
 20
-574.5952
 30
0.0
 10
-694.4014
 20
-573.8406
 30
0.0
 10
-694.3879
 20
-573.1296
 30
0.0
 10
-694.3879
 20
-572.3157
 30
0.0
 10
-694.3879
 20
-571.9301
 30
0.0
 10
-694.366
 20
-570.1458
 30
0.0
 10
-694.3964
 20
-569.9216
 30
0.0
 10
-694.5241
 20
-569.9583
 30
0.0
 10
-694.7212
 20
-570.098
 30
0.0
 10
-694.786
 20
-570.1735
 30
0.0
 10
-694.8316
 20
-570.8386
 30
0.0
 10
-694.7907
 20
-571.657
 30
0.0
 10
-694.7907
 20
-572.3392
 30
0.0
 10
-694.7907
 20
-573.0811
 30
0.0
 10
-694.7798
 20
-573.6427
 30
0.0
 10
-694.6446
 20
-574.3322
 30
0.0
 10
-694.2195
 20
-576.499
 30
0.0
 10
-692.9687
 20
-578.3028
 30
0.0
 10
-691.2072
 20
-579.4882
 30
0.0
 10
-690.4269
 20
-580.0134
 30
0.0
 10
-689.2048
 20
-580.5992
 30
0.0
 10
-688.0917
 20
-580.7575
 30
0.0
 10
-685.34
 20
-581.1489
 30
0.0
 10
-683.3035
 20
-580.1961
 30
0.0
 10
-681.6721
 20
-578.7509
 30
0.0
 10
-681.0993
 20
-578.2435
 30
0.0
 10
-680.5915
 20
-577.6461
 30
0.0
 10
-680.1972
 20
-576.9999
 30
0.0
 10
-680.053
 20
-576.7635
 30
0.0
 10
-679.9595
 20
-576.5383
 30
0.0
 10
-679.8629
 20
-576.2762
 30
0.0
 10
-679.4453
 20
-575.1432
 30
0.0
 10
-679.9063
 20
-574.8751
 30
0.0
 10
-679.4752
 20
-574.5207
 30
0.0
 10
-678.9078
 20
-574.0542
 30
0.0
 10
-678.5963
 20
-573.4653
 30
0.0
 10
-678.4787
 20
-573.3722
 30
0.0
 10
-678.3266
 20
-573.4485
 30
0.0
 10
-678.3143
 20
-573.5922
 30
0.0
 10
-677.9803
 20
-573.7699
 30
0.0
 10
-677.7909
 20
-573.8707
 30
0.0
 10
-677.5719
 20
-573.9343
 30
0.0
 10
-677.3334
 20
-573.9949
 30
0.0
 10
-677.1062
 20
-574.0526
 30
0.0
 10
-676.8205
 20
-574.0993
 30
0.0
 10
-676.5928
 20
-574.1257
 30
0.0
 10
-676.2916
 20
-574.1607
 30
0.0
 10
-676.0758
 20
-574.1744
 30
0.0
 10
-675.9483
 20
-573.9522
 30
0.0
 10
-675.8727
 20
-573.8202
 30
0.0
 10
-675.7668
 20
-573.471
 30
0.0
 10
-675.7327
 20
-573.2959
 30
0.0
 10
-675.6065
 20
-572.6468
 30
0.0
 10
-676.0009
 20
-571.8431
 30
0.0
 10
-676.358
 20
-571.3722
 30
0.0
 10
-676.6601
 20
-570.9739
 30
0.0
 10
-677.0014
 20
-570.8075
 30
0.0
 10
-677.5389
 20
-571.137
 30
0.0
 10
-678.3977
 20
-571.6635
 30
0.0
 10
-678.2985
 20
-572.9172
 30
0.0
 10
-679.3917
 20
-573.6394
 30
0.0
 10
-679.5343
 20
-573.7336
 30
0.0
 10
-679.6676
 20
-573.816
 30
0.0
 10
-679.8257
 20
-573.8637
 30
0.0
 10
-679.8257
 20
-573.8637
 30
0.0
 10
-679.9742
 20
-573.8799
 30
0.0
 10
-679.9742
 20
-573.8799
 30
0.0
 10
-679.977
 20
-573.8736
 30
0.0
 10
-679.986
 20
-573.8777
 30
0.0
 10
-679.9915
 20
-573.8755
 30
0.0
 10
-680.0257
 20
-573.8414
 30
0.0
 10
-680.1945
 20
-573.5325
 30
0.0
 10
-680.2391
 20
-573.4629
 30
0.0
 10
-680.4658
 20
-573.1099
 30
0.0
 10
-680.7937
 20
-572.6732
 30
0.0
 10
-681.2168
 20
-572.5077
 30
0.0
 10
-681.5955
 20
-572.3595
 30
0.0
 10
-681.9191
 20
-572.4399
 30
0.0
 10
-682.22
 20
-572.6466
 30
0.0
 10
-682.971
 20
-573.1627
 30
0.0
 10
-683.4299
 20
-574.77
 30
0.0
 10
-682.5184
 20
-575.2255
 30
0.0
 10
-682.0947
 20
-575.4372
 30
0.0
 10
-681.3433
 20
-575.4002
 30
0.0
 10
-680.8637
 20
-575.2497
 30
0.0
 10
-680.7211
 20
-575.205
 30
0.0
 10
-680.5287
 20
-575.127
 30
0.0
 10
-680.3619
 20
-575.1187
 30
0.0
 10
-680.1228
 20
-575.4022
 30
0.0
 10
-680.102
 20
-575.94
 30
0.0
 10
-680.2623
 20
-576.2767
 30
0.0
 10
-680.6327
 20
-577.0546
 30
0.0
 10
-681.8587
 20
-577.9287
 30
0.0
 10
-682.5784
 20
-578.3388
 30
0.0
 10
-683.5399
 20
-578.8868
 30
0.0
 10
-684.7298
 20
-579.531
 30
0.0
 10
-685.9153
 20
-579.3616
 30
0.0
 10
-686.2094
 20
-579.3196
 30
0.0
 10
-686.7967
 20
-579.1601
 30
0.0
 10
-686.9483
 20
-578.9306
 30
0.0
 10
-686.8362
 20
-578.8586
 30
0.0
 10
-686.6164
 20
-578.7731
 30
0.0
 10
-686.4887
 20
-578.7125
 30
0.0
 10
-686.0644
 20
-578.5112
 30
0.0
 10
-685.6453
 20
-578.2394
 30
0.0
 10
-685.2586
 20
-577.9644
 30
0.0
 10
-683.2097
 20
-576.5076
 30
0.0
 10
-683.1368
 20
-575.9654
 30
0.0
 10
-683.4943
 20
-573.4207
 30
0.0
 10
-683.518
 20
-573.2518
 30
0.0
 10
-683.6177
 20
-572.4248
 30
0.0
 10
-683.7518
 20
-572.3722
 30
0.0
 10
-683.8778
 20
-572.4281
 30
0.0
 10
-684.1383
 20
-572.9965
 30
0.0
 10
-684.2267
 20
-573.1581
 30
0.0
 10
-684.3754
 20
-573.4298
 30
0.0
 10
-684.2165
 20
-573.6847
 30
0.0
 10
-684.0982
 20
-574.1622
 30
0.0
 10
-683.9153
 20
-574.9004
 30
0.0
 10
-683.7022
 20
-575.6287
 30
0.0
 10
-684.1723
 20
-576.2263
 30
0.0
 10
-684.6754
 20
-576.8659
 30
0.0
 10
-686.7844
 20
-577.8712
 30
0.0
 10
-687.5401
 20
-577.9174
 30
0.0
 10
-687.6349
 20
-577.6291
 30
0.0
 10
-687.6373
 20
-577.4188
 30
0.0
 10
-687.6801
 20
-577.1641
 30
0.0
 10
-687.6848
 20
-577.1361
 30
0.0
 10
-687.687
 20
-577.1299
 30
0.0
 10
-687.6936
 20
-577.1053
 30
0.0
 10
-687.6936
 20
-577.1053
 30
0.0
 10
-687.7066
 20
-577.0718
 30
0.0
 10
-687.7066
 20
-577.0718
 30
0.0
 10
-687.7646
 20
-577.2265
 30
0.0
 10
-687.773
 20
-577.7571
 30
0.0
 10
-687.7851
 20
-577.9633
 30
0.0
 10
-688.537
 20
-578.081
 30
0.0
 10
-689.1964
 20
-577.9428
 30
0.0
 10
-689.6762
 20
-577.5804
 30
0.0
 10
-690.1049
 20
-577.2565
 30
0.0
 10
-690.4708
 20
-576.5062
 30
0.0
 10
-690.4442
 20
-576.0115
 30
0.0
  0
HATCH
  5
77
330
1F
100
AcDbEntity
  8
Layer 1
 62
   250
420
  3617845
100
AcDbHatch
 10
0.0
 20
0.0
 30
0.0
210
0.0
220
0.0
230
1.0
  2
SOLID
 70
     1
 71
     1
 91
        1
 92
        1
 93
        1
 72
     4
 94
        3
 73
     0
 74
     1
 95
      230
 96
      226
 40
0.0
 40
0.0
 40
0.0
 40
0.0
 40
0.0133333333333333
 40
0.0133333333333333
 40
0.0133333333333333
 40
0.0266666666666667
 40
0.0266666666666667
 40
0.0266666666666667
 40
0.04
 40
0.04
 40
0.04
 40
0.0533333333333333
 40
0.0533333333333333
 40
0.0533333333333333
 40
0.0666666666666667
 40
0.0666666666666667
 40
0.0666666666666667
 40
0.08
 40
0.08
 40
0.08
 40
0.0933333333333333
 40
0.0933333333333333
 40
0.0933333333333333
 40
0.1066666666666667
 40
0.1066666666666667
 40
0.1066666666666667
 40
0.12
 40
0.12
 40
0.12
 40
0.1333333333333333
 40
0.1333333333333333
 40
0.1333333333333333
 40
0.1466666666666667
 40
0.1466666666666667
 40
0.1466666666666667
 40
0.16
 40
0.16
 40
0.16
 40
0.1733333333333333
 40
0.1733333333333333
 40
0.1733333333333333
 40
0.1866666666666667
 40
0.1866666666666667
 40
0.1866666666666667
 40
0.2
 40
0.2
 40
0.2
 40
0.2133333333333333
 40
0.2133333333333333
 40
0.2133333333333333
 40
0.2266666666666667
 40
0.2266666666666667
 40
0.2266666666666667
 40
0.24
 40
0.24
 40
0.24
 40
0.2533333333333334
 40
0.2533333333333334
 40
0.2533333333333334
 40
0.2666666666666667
 40
0.2666666666666667
 40
0.2666666666666667
 40
0.28
 40
0.28
 40
0.28
 40
0.2933333333333333
 40
0.2933333333333333
 40
0.2933333333333333
 40
0.3066666666666667
 40
0.3066666666666667
 40
0.3066666666666667
 40
0.32
 40
0.32
 40
0.32
 40
0.3333333333333334
 40
0.3333333333333334
 40
0.3333333333333334
 40
0.3466666666666667
 40
0.3466666666666667
 40
0.3466666666666667
 40
0.36
 40
0.36
 40
0.36
 40
0.3733333333333334
 40
0.3733333333333334
 40
0.3733333333333334
 40
0.3866666666666667
 40
0.3866666666666667
 40
0.3866666666666667
 40
0.4
 40
0.4
 40
0.4
 40
0.4133333333333334
 40
0.4133333333333334
 40
0.4133333333333334
 40
0.4266666666666667
 40
0.4266666666666667
 40
0.4266666666666667
 40
0.44
 40
0.44
 40
0.44
 40
0.4533333333333334
 40
0.4533333333333334
 40
0.4533333333333334
 40
0.4666666666666667
 40
0.4666666666666667
 40
0.4666666666666667
 40
0.48
 40
0.48
 40
0.48
 40
0.4933333333333333
 40
0.4933333333333333
 40
0.4933333333333333
 40
0.5066666666666667
 40
0.5066666666666667
 40
0.5066666666666667
 40
0.52
 40
0.52
 40
0.52
 40
0.5333333333333333
 40
0.5333333333333333
 40
0.5333333333333333
 40
0.5466666666666667
 40
0.5466666666666667
 40
0.5466666666666667
 40
0.56
 40
0.56
 40
0.56
 40
0.5733333333333334
 40
0.5733333333333334
 40
0.5733333333333334
 40
0.5866666666666667
 40
0.5866666666666667
 40
0.5866666666666667
 40
0.6000000000000001
 40
0.6000000000000001
 40
0.6000000000000001
 40
0.6133333333333334
 40
0.6133333333333334
 40
0.6133333333333334
 40
0.6266666666666667
 40
0.6266666666666667
 40
0.6266666666666667
 40
0.64
 40
0.64
 40
0.64
 40
0.6533333333333333
 40
0.6533333333333333
 40
0.6533333333333333
 40
0.6666666666666667
 40
0.6666666666666667
 40
0.6666666666666667
 40
0.68
 40
0.68
 40
0.68
 40
0.6933333333333334
 40
0.6933333333333334
 40
0.6933333333333334
 40
0.7066666666666667
 40
0.7066666666666667
 40
0.7066666666666667
 40
0.7200000000000001
 40
0.7200000000000001
 40
0.7200000000000001
 40
0.7333333333333334
 40
0.7333333333333334
 40
0.7333333333333334
 40
0.7466666666666667
 40
0.7466666666666667
 40
0.7466666666666667
 40
0.76
 40
0.76
 40
0.76
 40
0.7733333333333334
 40
0.7733333333333334
 40
0.7733333333333334
 40
0.7866666666666667
 40
0.7866666666666667
 40
0.7866666666666667
 40
0.8
 40
0.8
 40
0.8
 40
0.8133333333333334
 40
0.8133333333333334
 40
0.8133333333333334
 40
0.8266666666666668
 40
0.8266666666666668
 40
0.8266666666666668
 40
0.8400000000000001
 40
0.8400000000000001
 40
0.8400000000000001
 40
0.8533333333333334
 40
0.8533333333333334
 40
0.8533333333333334
 40
0.8666666666666667
 40
0.8666666666666667
 40
0.8666666666666667
 40
0.88
 40
0.88
 40
0.88
 40
0.8933333333333334
 40
0.8933333333333334
 40
0.8933333333333334
 40
0.9066666666666667
 40
0.9066666666666667
 40
0.9066666666666667
 40
0.92
 40
0.92
 40
0.92
 40
0.9333333333333333
 40
0.9333333333333333
 40
0.9333333333333333
 40
0.9466666666666668
 40
0.9466666666666668
 40
0.9466666666666668
 40
0.9600000000000001
 40
0.9600000000000001
 40
0.9600000000000001
 40
0.9733333333333334
 40
0.9733333333333334
 40
0.9733333333333334
 40
0.9866666666666667
 40
0.9866666666666667
 40
0.9866666666666667
 40
1.0
 40
1.0
 40
1.0
 40
1.0
 10
-690.4442
 20
-576.0115
 10
-690.37
 20
-575.9616
 10
-690.0434
 20
-575.8445
 10
-689.9409
 20
-575.8024
 10
-689.5236
 20
-575.631
 10
-688.9563
 20
-575.2935
 10
-688.6143
 20
-575.0341
 10
-688.1063
 20
-574.649
 10
-687.5715
 20
-574.1164
 10
-687.2801
 20
-573.5645
 10
-687.1397
 20
-573.2986
 10
-687.0
 20
-572.8141
 10
-686.9681
 20
-572.4777
 10
-686.8943
 20
-571.6997
 10
-687.1954
 20
-570.9283
 10
-687.5477
 20
-570.2743
 10
-687.6795
 20
-570.0297
 10
-687.9335
 20
-569.5284
 10
-687.947
 20
-569.2735
 10
-687.7194
 20
-569.3067
 10
-687.5452
 20
-569.4131
 10
-687.2817
 20
-569.3954
 10
-687.2991
 20
-569.2875
 10
-687.4765
 20
-569.1454
 10
-687.572
 20
-569.0513
 10
-687.7743
 20
-568.8521
 10
-688.387
 20
-568.1596
 10
-688.4834
 20
-568.1255
 10
-688.5888
 20
-568.2622
 10
-688.6794
 20
-568.6578
 10
-688.7384
 20
-568.8621
 10
-688.8379
 20
-569.2066
 10
-688.8562
 20
-569.3522
 10
-688.7019
 20
-569.6622
 10
-688.4906
 20
-570.0867
 10
-688.2431
 20
-570.5281
 10
-688.0219
 20
-570.9376
 10
-687.7764
 20
-571.392
 10
-687.5668
 20
-571.8071
 10
-687.3644
 20
-572.2556
 10
-687.1944
 20
-572.6323
 10
-687.2197
 20
-572.6763
 10
-687.4351
 20
-572.9634
 10
-687.5951
 20
-573.1768
 10
-687.7014
 20
-573.3022
 10
-687.88
 20
-573.4846
 10
-689.0159
 20
-574.6447
 10
-691.3208
 20
-575.3127
 10
-693.0155
 20
-575.1966
 10
-693.3084
 20
-575.1766
 10
-693.75
 20
-575.0932
 10
-693.8769
 20
-575.0875
 10
-693.828
 20
-575.3602
 10
-693.6564
 20
-575.7853
 10
-693.5516
 20
-576.0191
 10
-693.4163
 20
-576.321
 10
-693.4622
 20
-576.3169
 10
-693.2632
 20
-576.3382
 10
-692.6769
 20
-576.4012
 10
-692.1513
 20
-576.398
 10
-691.5667
 20
-576.2915
 10
-691.1505
 20
-576.2158
 10
-690.7935
 20
-576.0945
 10
-690.5758
 20
-576.055
 10
-690.5913
 20
-576.6231
 10
-690.6728
 20
-576.9599
 10
-690.5415
 20
-577.5328
 10
-690.4562
 20
-577.9045
 10
-690.2558
 20
-578.3028
 10
-690.0108
 20
-578.5739
 10
-689.7807
 20
-578.8286
 10
-689.4545
 20
-579.0444
 10
-689.0143
 20
-579.1575
 10
-688.3474
 20
-579.329
 10
-688.058
 20
-579.1703
 10
-687.6178
 20
-579.151
 10
-687.1219
 20
-580.5381
 10
-686.0536
 20
-580.5216
 10
-685.8866
 20
-580.602
 10
-686.0315
 20
-580.6596
 10
-686.8095
 20
-580.6741
 10
-687.0239
 20
-580.6713
 10
-690.523
 20
-580.6255
 10
-693.5273
 20
-578.086
 10
-694.2461
 20
-574.5952
 10
-694.4014
 20
-573.8406
 10
-694.3879
 20
-573.1296
 10
-694.3879
 20
-572.3157
 10
-694.3879
 20
-571.9301
 10
-694.366
 20
-570.1458
 10
-694.3964
 20
-569.9216
 10
-694.5241
 20
-569.9583
 10
-694.7212
 20
-570.098
 10
-694.786
 20
-570.1735
 10
-694.8316
 20
-570.8386
 10
-694.7907
 20
-571.657
 10
-694.7907
 20
-572.3392
 10
-694.7907
 20
-573.0811
 10
-694.7798
 20
-573.6427
 10
-694.6446
 20
-574.3322
 10
-694.2195
 20
-576.499
 10
-692.9687
 20
-578.3028
 10
-691.2072
 20
-579.4882
 10
-690.4269
 20
-580.0134
 10
-689.2048
 20
-580.5992
 10
-688.0917
 20
-580.7575
 10
-685.34
 20
-581.1489
 10
-683.3035
 20
-580.1961
 10
-681.6721
 20
-578.7509
 10
-681.0993
 20
-578.2435
 10
-680.5915
 20
-577.6461
 10
-680.1972
 20
-576.9999
 10
-680.053
 20
-576.7635
 10
-679.9595
 20
-576.5383
 10
-679.8629
 20
-576.2762
 10
-679.4453
 20
-575.1432
 10
-679.9063
 20
-574.8751
 10
-679.4752
 20
-574.5207
 10
-678.9078
 20
-574.0542
 10
-678.5963
 20
-573.4653
 10
-678.4787
 20
-573.3722
 10
-678.3266
 20
-573.4485
 10
-678.3143
 20
-573.5922
 10
-677.9803
 20
-573.7699
 10
-677.7909
 20
-573.8707
 10
-677.5719
 20
-573.9343
 10
-677.3334
 20
-573.9949
 10
-677.1062
 20
-574.0526
 10
-676.8205
 20
-574.0993
 10
-676.5928
 20
-574.1257
 10
-676.2916
 20
-574.1607
 10
-676.0758
 20
-574.1744
 10
-675.9483
 20
-573.9522
 10
-675.8727
 20
-573.8202
 10
-675.7668
 20
-573.471
 10
-675.7327
 20
-573.2959
 10
-675.6065
 20
-572.6468
 10
-676.0009
 20
-571.8431
 10
-676.358
 20
-571.3722
 10
-676.6601
 20
-570.9739
 10
-677.0014
 20
-570.8075
 10
-677.5389
 20
-571.137
 10
-678.3977
 20
-571.6635
 10
-678.2985
 20
-572.9172
 10
-679.3917
 20
-573.6394
 10
-679.5343
 20
-573.7336
 10
-679.6676
 20
-573.816
 10
-679.8257
 20
-573.8637
 10
-679.8257
 20
-573.8637
 10
-679.9742
 20
-573.8799
 10
-679.9742
 20
-573.8799
 10
-679.977
 20
-573.8736
 10
-679.986
 20
-573.8777
 10
-679.9915
 20
-573.8755
 10
-680.0257
 20
-573.8414
 10
-680.1945
 20
-573.5325
 10
-680.2391
 20
-573.4629
 10
-680.4658
 20
-573.1099
 10
-680.7937
 20
-572.6732
 10
-681.2168
 20
-572.5077
 10
-681.5955
 20
-572.3595
 10
-681.9191
 20
-572.4399
 10
-682.22
 20
-572.6466
 10
-682.971
 20
-573.1627
 10
-683.4299
 20
-574.77
 10
-682.5184
 20
-575.2255
 10
-682.0947
 20
-575.4372
 10
-681.3433
 20
-575.4002
 10
-680.8637
 20
-575.2497
 10
-680.7211
 20
-575.205
 10
-680.5287
 20
-575.127
 10
-680.3619
 20
-575.1187
 10
-680.1228
 20
-575.4022
 10
-680.102
 20
-575.94
 10
-680.2623
 20
-576.2767
 10
-680.6327
 20
-577.0546
 10
-681.8587
 20
-577.9287
 10
-682.5784
 20
-578.3388
 10
-683.5399
 20
-578.8868
 10
-684.7298
 20
-579.531
 10
-685.9153
 20
-579.3616
 10
-686.2094
 20
-579.3196
 10
-686.7967
 20
-579.1601
 10
-686.9483
 20
-578.9306
 10
-686.8362
 20
-578.8586
 10
-686.6164
 20
-578.7731
 10
-686.4887
 20
-578.7125
 10
-686.0644
 20
-578.5112
 10
-685.6453
 20
-578.2394
 10
-685.2586
 20
-577.9644
 10
-683.2097
 20
-576.5076
 10
-683.1368
 20
-575.9654
 10
-683.4943
 20
-573.4207
 10
-683.518
 20
-573.2518
 10
-683.6177
 20
-572.4248
 10
-683.7518
 20
-572.3722
 10
-683.8778
 20
-572.4281
 10
-684.1383
 20
-572.9965
 10
-684.2267
 20
-573.1581
 10
-684.3754
 20
-573.4298
 10
-684.2165
 20
-573.6847
 10
-684.0982
 20
-574.1622
 10
-683.9153
 20
-574.9004
 10
-683.7022
 20
-575.6287
 10
-684.1723
 20
-576.2263
 10
-684.6754
 20
-576.8659
 10
-686.7844
 20
-577.8712
 10
-687.5401
 20
-577.9174
 10
-687.6349
 20
-577.6291
 10
-687.6373
 20
-577.4188
 10
-687.6801
 20
-577.1641
 10
-687.6848
 20
-577.1361
 10
-687.687
 20
-577.1299
 10
-687.6936
 20
-577.1053
 10
-687.6936
 20
-577.1053
 10
-687.7066
 20
-577.0718
 10
-687.7066
 20
-577.0718
 10
-687.7646
 20
-577.2265
 10
-687.773
 20
-577.7571
 10
-687.7851
 20
-577.9633
 10
-688.537
 20
-578.081
 10
-689.1964
 20
-577.9428
 10
-689.6762
 20
-577.5804
 10
-690.1049
 20
-577.2565
 10
-690.4708
 20
-576.5062
 10
-690.4442
 20
-576.0115
 97
        1
330
76
 75
     0
 76
     1
 98
        1
 10
0.0
 20
0.0
  0
SPLINE
  5
78
102
{ACAD_REACTORS
330
79
102
}
330
1F
100
AcDbEntity
  8
Layer 1
 62
   250
100
AcDbSpline
210
0.0
220
0.0
230
1.0
 70
    11
 71
     3
 72
    17
 73
    13
 74
     0
 42
0.0000000001
 43
0.0000000001
 40
0.0
 40
0.0
 40
0.0
 40
0.0
 40
0.25
 40
0.25
 40
0.25
 40
0.5
 40
0.5
 40
0.5
 40
0.75
 40
0.75
 40
0.75
 40
1.0
 40
1.0
 40
1.0
 40
1.0
 10
-687.2612
 20
-562.12
 30
0.0
 10
-686.9484
 20
-561.9355
 30
0.0
 10
-686.909
 20
-561.7775
 30
0.0
 10
-686.5045
 20
-562.1226
 30
0.0
 10
-686.5261
 20
-562.1896
 30
0.0
 10
-686.5201
 20
-562.1725
 30
0.0
 10
-686.5789
 20
-562.2379
 30
0.0
 10
-686.5789
 20
-562.2379
 30
0.0
 10
-686.8827
 20
-562.5417
 30
0.0
 10
-686.8827
 20
-562.5417
 30
0.0
 10
-686.9404
 20
-562.4924
 30
0.0
 10
-687.2239
 20
-562.1992
 30
0.0
 10
-687.2612
 20
-562.12
 30
0.0
  0
HATCH
  5
79
330
1F
100
AcDbEntity
  8
Layer 1
 62
   250
420
  3617845
100
AcDbHatch
 10
0.0
 20
0.0
 30
0.0
210
0.0
220
0.0
230
1.0
  2
SOLID
 70
     1
 71
     1
 91
        1
 92
        1
 93
        1
 72
     4
 94
        3
 73
     0
 74
     1
 95
       17
 96
       13
 40
0.0
 40
0.0
 40
0.0
 40
0.0
 40
0.25
 40
0.25
 40
0.25
 40
0.5
 40
0.5
 40
0.5
 40
0.75
 40
0.75
 40
0.75
 40
1.0
 40
1.0
 40
1.0
 40
1.0
 10
-687.2612
 20
-562.12
 10
-686.9484
 20
-561.9355
 10
-686.909
 20
-561.7775
 10
-686.5045
 20
-562.1226
 10
-686.5261
 20
-562.1896
 10
-686.5201
 20
-562.1725
 10
-686.5789
 20
-562.2379
 10
-686.5789
 20
-562.2379
 10
-686.8827
 20
-562.5417
 10
-686.8827
 20
-562.5417
 10
-686.9404
 20
-562.4924
 10
-687.2239
 20
-562.1992
 10
-687.2612
 20
-562.12
 97
        1
330
78
 75
     0
 76
     1
 98
        1
 10
0.0
 20
0.0
  0
SPLINE
  5
7A
102
{ACAD_REACTORS
330
7B
102
}
330
1F
100
AcDbEntity
  8
Layer 1
 62
   250
100
AcDbSpline
210
0.0
220
0.0
230
1.0
 70
    11
 71
     3
 72
    26
 73
    22
 74
     0
 42
0.0000000001
 43
0.0000000001
 40
0.0
 40
0.0
 40
0.0
 40
0.0
 40
0.1428571428571428
 40
0.1428571428571428
 40
0.1428571428571428
 40
0.2857142857142857
 40
0.2857142857142857
 40
0.2857142857142857
 40
0.4285714285714285
 40
0.4285714285714285
 40
0.4285714285714285
 40
0.5714285714285714
 40
0.5714285714285714
 40
0.5714285714285714
 40
0.7142857142857142
 40
0.7142857142857142
 40
0.7142857142857142
 40
0.8571428571428571
 40
0.8571428571428571
 40
0.8571428571428571
 40
1.0
 40
1.0
 40
1.0
 40
1.0
 10
-691.2659
 20
-561.9305
 30
0.0
 10
-690.9833
 20
-561.9537
 30
0.0
 10
-690.9406
 20
-562.0984
 30
0.0
 10
-690.254
 20
-562.0366
 30
0.0
 10
-689.9374
 20
-562.0082
 30
0.0
 10
-689.592
 20
-561.9342
 30
0.0
 10
-689.2869
 20
-561.8602
 30
0.0
 10
-689.0971
 20
-561.8142
 30
0.0
 10
-688.5572
 20
-561.5982
 30
0.0
 10
-688.409
 20
-561.646
 30
0.0
 10
-688.2748
 20
-561.6893
 30
0.0
 10
-687.7508
 20
-561.9981
 30
0.0
 10
-687.7135
 20
-562.099
 30
0.0
 10
-687.8564
 20
-562.231
 30
0.0
 10
-688.3521
 20
-562.3982
 30
0.0
 10
-688.5702
 20
-562.4796
 30
0.0
 10
-689.1172
 20
-562.6837
 30
0.0
 10
-690.1651
 20
-562.8418
 30
0.0
 10
-690.7167
 20
-562.6362
 30
0.0
 10
-691.0215
 20
-562.5225
 30
0.0
 10
-691.2759
 20
-562.2959
 30
0.0
 10
-691.2659
 20
-561.9305
 30
0.0
  0
HATCH
  5
7B
330
1F
100
AcDbEntity
  8
Layer 1
 62
   250
420
  3617845
100
AcDbHatch
 10
0.0
 20
0.0
 30
0.0
210
0.0
220
0.0
230
1.0
  2
SOLID
 70
     1
 71
     1
 91
        1
 92
        1
 93
        1
 72
     4
 94
        3
 73
     0
 74
     1
 95
       26
 96
       22
 40
0.0
 40
0.0
 40
0.0
 40
0.0
 40
0.1428571428571428
 40
0.1428571428571428
 40
0.1428571428571428
 40
0.2857142857142857
 40
0.2857142857142857
 40
0.2857142857142857
 40
0.4285714285714285
 40
0.4285714285714285
 40
0.4285714285714285
 40
0.5714285714285714
 40
0.5714285714285714
 40
0.5714285714285714
 40
0.7142857142857142
 40
0.7142857142857142
 40
0.7142857142857142
 40
0.8571428571428571
 40
0.8571428571428571
 40
0.8571428571428571
 40
1.0
 40
1.0
 40
1.0
 40
1.0
 10
-691.2659
 20
-561.9305
 10
-690.9833
 20
-561.9537
 10
-690.9406
 20
-562.0984
 10
-690.254
 20
-562.0366
 10
-689.9374
 20
-562.0082
 10
-689.592
 20
-561.9342
 10
-689.2869
 20
-561.8602
 10
-689.0971
 20
-561.8142
 10
-688.5572
 20
-561.5982
 10
-688.409
 20
-561.646
 10
-688.2748
 20
-561.6893
 10
-687.7508
 20
-561.9981
 10
-687.7135
 20
-562.099
 10
-687.8564
 20
-562.231
 10
-688.3521
 20
-562.3982
 10
-688.5702
 20
-562.4796
 10
-689.1172
 20
-562.6837
 10
-690.1651
 20
-562.8418
 10
-690.7167
 20
-562.6362
 10
-691.0215
 20
-562.5225
 10
-691.2759
 20
-562.2959
 10
-691.2659
 20
-561.9305
 97
        1
330
7A
 75
     0
 76
     1
 98
        1
 10
0.0
 20
0.0
  0
SPLINE
  5
7C
102
{ACAD_REACTORS
330
7D
102
}
330
1F
100
AcDbEntity
  8
Layer 1
 62
   250
100
AcDbSpline
210
0.0
220
0.0
230
1.0
 70
    11
 71
     3
 72
    20
 73
    16
 74
     0
 42
0.0000000001
 43
0.0000000001
 40
0.0
 40
0.0
 40
0.0
 40
0.0
 40
0.2
 40
0.2
 40
0.2
 40
0.4
 40
0.4
 40
0.4
 40
0.6000000000000001
 40
0.6000000000000001
 40
0.6000000000000001
 40
0.8
 40
0.8
 40
0.8
 40
1.0
 40
1.0
 40
1.0
 40
1.0
 10
-686.0461
 20
-562.099
 30
0.0
 10
-685.982
 20
-561.993
 30
0.0
 10
-685.5368
 20
-561.713
 30
0.0
 10
-685.3677
 20
-561.6557
 30
0.0
 10
-685.1834
 20
-561.5932
 30
0.0
 10
-685.0507
 20
-561.6843
 30
0.0
 10
-684.8936
 20
-561.7354
 30
0.0
 10
-684.4946
 20
-561.8651
 30
0.0
 10
-683.9319
 20
-562.0055
 30
0.0
 10
-683.5153
 20
-562.0375
 30
0.0
 10
-682.7431
 20
-562.0968
 30
0.0
 10
-682.7597
 20
-561.9302
 30
0.0
 10
-682.4877
 20
-561.9351
 30
0.0
 10
-682.5499
 20
-563.3961
 30
0.0
 10
-685.6486
 20
-562.4691
 30
0.0
 10
-686.0461
 20
-562.099
 30
0.0
  0
HATCH
  5
7D
330
1F
100
AcDbEntity
  8
Layer 1
 62
   250
420
  3617845
100
AcDbHatch
 10
0.0
 20
0.0
 30
0.0
210
0.0
220
0.0
230
1.0
  2
SOLID
 70
     1
 71
     1
 91
        1
 92
        1
 93
        1
 72
     4
 94
        3
 73
     0
 74
     1
 95
       20
 96
       16
 40
0.0
 40
0.0
 40
0.0
 40
0.0
 40
0.2
 40
0.2
 40
0.2
 40
0.4
 40
0.4
 40
0.4
 40
0.6000000000000001
 40
0.6000000000000001
 40
0.6000000000000001
 40
0.8
 40
0.8
 40
0.8
 40
1.0
 40
1.0
 40
1.0
 40
1.0
 10
-686.0461
 20
-562.099
 10
-685.982
 20
-561.993
 10
-685.5368
 20
-561.713
 10
-685.3677
 20
-561.6557
 10
-685.1834
 20
-561.5932
 10
-685.0507
 20
-561.6843
 10
-684.8936
 20
-561.7354
 10
-684.4946
 20
-561.8651
 10
-683.9319
 20
-562.0055
 10
-683.5153
 20
-562.0375
 10
-682.7431
 20
-562.0968
 10
-682.7597
 20
-561.9302
 10
-682.4877
 20
-561.9351
 10
-682.5499
 20
-563.3961
 10
-685.6486
 20
-562.4691
 10
-686.0461
 20
-562.099
 97
        1
330
7C
 75
     0
 76
     1
 98
        1
 10
0.0
 20
0.0
  0
SPLINE
  5
7E
102
{ACAD_REACTORS
330
7F
102
}
330
1F
100
AcDbEntity
  8
Layer 1
 62
   250
100
AcDbSpline
210
0.0
220
0.0
230
1.0
 70
    11
 71
     3
 72
    17
 73
    13
 74
     0
 42
0.0000000001
 43
0.0000000001
 40
0.0
 40
0.0
 40
0.0
 40
0.0
 40
0.25
 40
0.25
 40
0.25
 40
0.5
 40
0.5
 40
0.5
 40
0.75
 40
0.75
 40
0.75
 40
1.0
 40
1.0
 40
1.0
 40
1.0
 10
-684.8925
 20
-561.487
 30
0.0
 10
-684.7835
 20
-561.3347
 30
0.0
 10
-683.4717
 20
-561.1411
 30
0.0
 10
-682.9771
 20
-561.3511
 30
0.0
 10
-682.8184
 20
-561.4184
 30
0.0
 10
-682.6176
 20
-561.5306
 30
0.0
 10
-682.5866
 20
-561.7124
 30
0.0
 10
-682.9897
 20
-561.875
 30
0.0
 10
-683.3727
 20
-561.8323
 30
0.0
 10
-683.8205
 20
-561.7628
 30
0.0
 10
-684.011
 20
-561.7333
 30
0.0
 10
-684.7673
 20
-561.5754
 30
0.0
 10
-684.8925
 20
-561.487
 30
0.0
  0
HATCH
  5
7F
330
1F
100
AcDbEntity
  8
Layer 1
 62
   250
420
  3617845
100
AcDbHatch
 10
0.0
 20
0.0
 30
0.0
210
0.0
220
0.0
230
1.0
  2
SOLID
 70
     1
 71
     1
 91
        1
 92
        1
 93
        1
 72
     4
 94
        3
 73
     0
 74
     1
 95
       17
 96
       13
 40
0.0
 40
0.0
 40
0.0
 40
0.0
 40
0.25
 40
0.25
 40
0.25
 40
0.5
 40
0.5
 40
0.5
 40
0.75
 40
0.75
 40
0.75
 40
1.0
 40
1.0
 40
1.0
 40
1.0
 10
-684.8925
 20
-561.487
 10
-684.7835
 20
-561.3347
 10
-683.4717
 20
-561.1411
 10
-682.9771
 20
-561.3511
 10
-682.8184
 20
-561.4184
 10
-682.6176
 20
-561.5306
 10
-682.5866
 20
-561.7124
 10
-682.9897
 20
-561.875
 10
-683.3727
 20
-561.8323
 10
-683.8205
 20
-561.7628
 10
-684.011
 20
-561.7333
 10
-684.7673
 20
-561.5754
 10
-684.8925
 20
-561.487
 97
        1
330
7E
 75
     0
 76
     1
 98
        1
 10
0.0
 20
0.0
  0
SPLINE
  5
80
102
{ACAD_REACTORS
330
81
102
}
330
1F
100
AcDbEntity
  8
Layer 1
 62
   250
100
AcDbSpline
210
0.0
220
0.0
230
1.0
 70
    11
 71
     3
 72
    23
 73
    19
 74
     0
 42
0.0000000001
 43
0.0000000001
 40
0.0
 40
0.0
 40
0.0
 40
0.0
 40
0.1666666666666667
 40
0.1666666666666667
 40
0.1666666666666667
 40
0.3333333333333333
 40
0.3333333333333333
 40
0.3333333333333333
 40
0.5
 40
0.5
 40
0.5
 40
0.6666666666666666
 40
0.6666666666666666
 40
0.6666666666666666
 40
0.8333333333333333
 40
0.8333333333333333
 40
0.8333333333333333
 40
1.0
 40
1.0
 40
1.0
 40
1.0
 10
-686.629
 20
-561.7459
 30
0.0
 10
-686.5809
 20
-561.6697
 30
0.0
 10
-686.2319
 20
-561.4373
 30
0.0
 10
-686.1358
 20
-561.3623
 30
0.0
 10
-686.0093
 20
-561.2637
 30
0.0
 10
-686.0179
 20
-561.2752
 30
0.0
 10
-685.8714
 20
-561.3456
 30
0.0
 10
-685.7698
 20
-561.3944
 30
0.0
 10
-685.6652
 20
-561.4399
 30
0.0
 10
-685.5824
 20
-561.4777
 30
0.0
 10
-685.6514
 20
-561.5832
 30
0.0
 10
-685.8038
 20
-561.6359
 30
0.0
 10
-685.9397
 20
-561.7243
 30
0.0
 10
-686.0753
 20
-561.8125
 30
0.0
 10
-686.1677
 20
-561.9009
 30
0.0
 10
-686.2942
 20
-561.9651
 30
0.0
 10
-686.3777
 20
-561.9411
 30
0.0
 10
-686.5869
 20
-561.8243
 30
0.0
 10
-686.629
 20
-561.7459
 30
0.0
  0
HATCH
  5
81
330
1F
100
AcDbEntity
  8
Layer 1
 62
   250
420
  3617845
100
AcDbHatch
 10
0.0
 20
0.0
 30
0.0
210
0.0
220
0.0
230
1.0
  2
SOLID
 70
     1
 71
     1
 91
        1
 92
        1
 93
        1
 72
     4
 94
        3
 73
     0
 74
     1
 95
       23
 96
       19
 40
0.0
 40
0.0
 40
0.0
 40
0.0
 40
0.1666666666666667
 40
0.1666666666666667
 40
0.1666666666666667
 40
0.3333333333333333
 40
0.3333333333333333
 40
0.3333333333333333
 40
0.5
 40
0.5
 40
0.5
 40
0.6666666666666666
 40
0.6666666666666666
 40
0.6666666666666666
 40
0.8333333333333333
 40
0.8333333333333333
 40
0.8333333333333333
 40
1.0
 40
1.0
 40
1.0
 40
1.0
 10
-686.629
 20
-561.7459
 10
-686.5809
 20
-561.6697
 10
-686.2319
 20
-561.4373
 10
-686.1358
 20
-561.3623
 10
-686.0093
 20
-561.2637
 10
-686.0179
 20
-561.2752
 10
-685.8714
 20
-561.3456
 10
-685.7698
 20
-561.3944
 10
-685.6652
 20
-561.4399
 10
-685.5824
 20
-561.4777
 10
-685.6514
 20
-561.5832
 10
-685.8038
 20
-561.6359
 10
-685.9397
 20
-561.7243
 10
-686.0753
 20
-561.8125
 10
-686.1677
 20
-561.9009
 10
-686.2942
 20
-561.9651
 10
-686.3777
 20
-561.9411
 10
-686.5869
 20
-561.8243
 10
-686.629
 20
-561.7459
 97
        1
330
80
 75
     0
 76
     1
 98
        1
 10
0.0
 20
0.0
  0
SPLINE
  5
82
102
{ACAD_REACTORS
330
83
102
}
330
1F
100
AcDbEntity
  8
Layer 1
 62
   250
100
AcDbSpline
210
0.0
220
0.0
230
1.0
 70
    11
 71
     3
 72
    20
 73
    16
 74
     0
 42
0.0000000001
 43
0.0000000001
 40
0.0
 40
0.0
 40
0.0
 40
0.0
 40
0.2
 40
0.2
 40
0.2
 40
0.4
 40
0.4
 40
0.4
 40
0.6000000000000001
 40
0.6000000000000001
 40
0.6000000000000001
 40
0.8
 40
0.8
 40
0.8
 40
1.0
 40
1.0
 40
1.0
 40
1.0
 10
-688.1692
 20
-561.487
 30
0.0
 10
-688.1037
 20
-561.4411
 30
0.0
 10
-687.9545
 20
-561.3865
 30
0.0
 10
-687.8745
 20
-561.3425
 30
0.0
 10
-687.7276
 20
-561.2615
 30
0.0
 10
-687.6835
 20
-561.3209
 30
0.0
 10
-687.5865
 20
-561.3913
 30
0.0
 10
-687.494
 20
-561.4583
 30
0.0
 10
-687.1588
 20
-561.6633
 30
0.0
 10
-687.1186
 20
-561.7694
 30
0.0
 10
-687.4827
 20
-562.0688
 30
0.0
 10
-687.5272
 20
-561.9172
 30
0.0
 10
-687.6663
 20
-561.8222
 30
0.0
 10
-687.7825
 20
-561.743
 30
0.0
 10
-688.0838
 20
-561.5784
 30
0.0
 10
-688.1692
 20
-561.487
 30
0.0
  0
HATCH
  5
83
330
1F
100
AcDbEntity
  8
Layer 1
 62
   250
420
  3617845
100
AcDbHatch
 10
0.0
 20
0.0
 30
0.0
210
0.0
220
0.0
230
1.0
  2
SOLID
 70
     1
 71
     1
 91
        1
 92
        1
 93
        1
 72
     4
 94
        3
 73
     0
 74
     1
 95
       20
 96
       16
 40
0.0
 40
0.0
 40
0.0
 40
0.0
 40
0.2
 40
0.2
 40
0.2
 40
0.4
 40
0.4
 40
0.4
 40
0.6000000000000001
 40
0.6000000000000001
 40
0.6000000000000001
 40
0.8
 40
0.8
 40
0.8
 40
1.0
 40
1.0
 40
1.0
 40
1.0
 10
-688.1692
 20
-561.487
 10
-688.1037
 20
-561.4411
 10
-687.9545
 20
-561.3865
 10
-687.8745
 20
-561.3425
 10
-687.7276
 20
-561.2615
 10
-687.6835
 20
-561.3209
 10
-687.5865
 20
-561.3913
 10
-687.494
 20
-561.4583
 10
-687.1588
 20
-561.6633
 10
-687.1186
 20
-561.7694
 10
-687.4827
 20
-562.0688
 10
-687.5272
 20
-561.9172
 10
-687.6663
 20
-561.8222
 10
-687.7825
 20
-561.743
 10
-688.0838
 20
-561.5784
 10
-688.1692
 20
-561.487
 97
        1
330
82
 75
     0
 76
     1
 98
        1
 10
0.0
 20
0.0
  0
SPLINE
  5
84
102
{ACAD_REACTORS
330
85
102
}
330
1F
100
AcDbEntity
  8
Layer 1
 62
   250
100
AcDbSpline
210
0.0
220
0.0
230
1.0
 70
    11
 71
     3
 72
    14
 73
    10
 74
     0
 42
0.0000000001
 43
0.0000000001
 40
0.0
 40
0.0
 40
0.0
 40
0.0
 40
0.3333333333333333
 40
0.3333333333333333
 40
0.3333333333333333
 40
0.6666666666666666
 40
0.6666666666666666
 40
0.6666666666666666
 40
1.0
 40
1.0
 40
1.0
 40
1.0
 10
-691.1713
 20
-561.7037
 30
0.0
 10
-691.1431
 20
-561.5261
 30
0.0
 10
-690.9355
 20
-561.417
 30
0.0
 10
-690.7682
 20
-561.3471
 30
0.0
 10
-690.3126
 20
-561.1565
 30
0.0
 10
-689.1647
 20
-561.3047
 30
0.0
 10
-688.8838
 20
-561.4634
 30
0.0
 10
-688.9533
 20
-561.586
 30
0.0
 10
-690.6081
 20
-562.0252
 30
0.0
 10
-691.1713
 20
-561.7037
 30
0.0
  0
HATCH
  5
85
330
1F
100
AcDbEntity
  8
Layer 1
 62
   250
420
  3617845
100
AcDbHatch
 10
0.0
 20
0.0
 30
0.0
210
0.0
220
0.0
230
1.0
  2
SOLID
 70
     1
 71
     1
 91
        1
 92
        1
 93
        1
 72
     4
 94
        3
 73
     0
 74
     1
 95
       14
 96
       10
 40
0.0
 40
0.0
 40
0.0
 40
0.0
 40
0.3333333333333333
 40
0.3333333333333333
 40
0.3333333333333333
 40
0.6666666666666666
 40
0.6666666666666666
 40
0.6666666666666666
 40
1.0
 40
1.0
 40
1.0
 40
1.0
 10
-691.1713
 20
-561.7037
 10
-691.1431
 20
-561.5261
 10
-690.9355
 20
-561.417
 10
-690.7682
 20
-561.3471
 10
-690.3126
 20
-561.1565
 10
-689.1647
 20
-561.3047
 10
-688.8838
 20
-561.4634
 10
-688.9533
 20
-561.586
 10
-690.6081
 20
-562.0252
 10
-691.1713
 20
-561.7037
 97
        1
330
84
 75
     0
 76
     1
 98
        1
 10
0.0
 20
0.0
  0
SPLINE
  5
86
102
{ACAD_REACTORS
330
87
102
}
330
1F
100
AcDbEntity
  8
Layer 1
 62
   250
100
AcDbSpline
210
0.0
220
0.0
230
1.0
 70
    11
 71
     3
 72
    26
 73
    22
 74
     0
 42
0.0000000001
 43
0.0000000001
 40
0.0
 40
0.0
 40
0.0
 40
0.0
 40
0.1428571428571428
 40
0.1428571428571428
 40
0.1428571428571428
 40
0.2857142857142857
 40
0.2857142857142857
 40
0.2857142857142857
 40
0.4285714285714285
 40
0.4285714285714285
 40
0.4285714285714285
 40
0.5714285714285714
 40
0.5714285714285714
 40
0.5714285714285714
 40
0.7142857142857142
 40
0.7142857142857142
 40
0.7142857142857142
 40
0.8571428571428571
 40
0.8571428571428571
 40
0.8571428571428571
 40
1.0
 40
1.0
 40
1.0
 40
1.0
 10
-685.7825
 20
-561.1421
 30
0.0
 10
-685.7422
 20
-561.0297
 30
0.0
 10
-685.3738
 20
-560.7949
 30
0.0
 10
-685.273
 20
-560.718
 30
0.0
 10
-685.0998
 20
-560.5857
 30
0.0
 10
-684.9175
 20
-560.4596
 30
0.0
 10
-684.7375
 20
-560.338
 30
0.0
 10
-684.4047
 20
-560.1131
 30
0.0
 10
-683.9429
 20
-559.8243
 30
0.0
 10
-683.5052
 20
-559.755
 30
0.0
 10
-682.8887
 20
-559.6574
 30
0.0
 10
-682.4239
 20
-559.8662
 30
0.0
 10
-682.1883
 20
-560.2296
 30
0.0
 10
-681.9524
 20
-560.5933
 30
0.0
 10
-681.9635
 20
-561.3162
 30
0.0
 10
-682.3629
 20
-561.5501
 30
0.0
 10
-682.481
 20
-561.4909
 30
0.0
 10
-682.7534
 20
-560.8744
 30
0.0
 10
-684.0577
 20
-561.0465
 30
0.0
 10
-685.4424
 20
-561.2291
 30
0.0
 10
-684.9335
 20
-561.5393
 30
0.0
 10
-685.7825
 20
-561.1421
 30
0.0
  0
HATCH
  5
87
330
1F
100
AcDbEntity
  8
Layer 1
 62
   250
420
  3617845
100
AcDbHatch
 10
0.0
 20
0.0
 30
0.0
210
0.0
220
0.0
230
1.0
  2
SOLID
 70
     1
 71
     1
 91
        1
 92
        1
 93
        1
 72
     4
 94
        3
 73
     0
 74
     1
 95
       26
 96
       22
 40
0.0
 40
0.0
 40
0.0
 40
0.0
 40
0.1428571428571428
 40
0.1428571428571428
 40
0.1428571428571428
 40
0.2857142857142857
 40
0.2857142857142857
 40
0.2857142857142857
 40
0.4285714285714285
 40
0.4285714285714285
 40
0.4285714285714285
 40
0.5714285714285714
 40
0.5714285714285714
 40
0.5714285714285714
 40
0.7142857142857142
 40
0.7142857142857142
 40
0.7142857142857142
 40
0.8571428571428571
 40
0.8571428571428571
 40
0.8571428571428571
 40
1.0
 40
1.0
 40
1.0
 40
1.0
 10
-685.7825
 20
-561.1421
 10
-685.7422
 20
-561.0297
 10
-685.3738
 20
-560.7949
 10
-685.273
 20
-560.718
 10
-685.0998
 20
-560.5857
 10
-684.9175
 20
-560.4596
 10
-684.7375
 20
-560.338
 10
-684.4047
 20
-560.1131
 10
-683.9429
 20
-559.8243
 10
-683.5052
 20
-559.755
 10
-682.8887
 20
-559.6574
 10
-682.4239
 20
-559.8662
 10
-682.1883
 20
-560.2296
 10
-681.9524
 20
-560.5933
 10
-681.9635
 20
-561.3162
 10
-682.3629
 20
-561.5501
 10
-682.481
 20
-561.4909
 10
-682.7534
 20
-560.8744
 10
-684.0577
 20
-561.0465
 10
-685.4424
 20
-561.2291
 10
-684.9335
 20
-561.5393
 10
-685.7825
 20
-561.1421
 97
        1
330
86
 75
     0
 76
     1
 98
        1
 10
0.0
 20
0.0
  0
SPLINE
  5
88
102
{ACAD_REACTORS
330
89
102
}
330
1F
100
AcDbEntity
  8
Layer 1
 62
   250
100
AcDbSpline
210
0.0
220
0.0
230
1.0
 70
    11
 71
     3
 72
    35
 73
    31
 74
     0
 42
0.0000000001
 43
0.0000000001
 40
0.0
 40
0.0
 40
0.0
 40
0.0
 40
0.1
 40
0.1
 40
0.1
 40
0.2
 40
0.2
 40
0.2
 40
0.3
 40
0.3
 40
0.3
 40
0.4
 40
0.4
 40
0.4
 40
0.5
 40
0.5
 40
0.5
 40
0.6000000000000001
 40
0.6000000000000001
 40
0.6000000000000001
 40
0.7000000000000001
 40
0.7000000000000001
 40
0.7000000000000001
 40
0.8
 40
0.8
 40
0.8
 40
0.9
 40
0.9
 40
0.9
 40
1.0
 40
1.0
 40
1.0
 40
1.0
 10
-691.3789
 20
-561.549
 30
0.0
 10
-691.5498
 20
-561.4959
 30
0.0
 10
-691.6898
 20
-561.1507
 30
0.0
 10
-691.7217
 20
-560.9794
 30
0.0
 10
-691.8612
 20
-560.2303
 30
0.0
 10
-691.1702
 20
-559.5967
 30
0.0
 10
-690.254
 20
-559.7552
 30
0.0
 10
-689.8164
 20
-559.8309
 30
0.0
 10
-689.3411
 20
-560.1147
 30
0.0
 10
-689.009
 20
-560.3403
 30
0.0
 10
-688.8392
 20
-560.4557
 30
0.0
 10
-688.034
 20
-561.0071
 30
0.0
 10
-687.9841
 20
-561.1339
 30
0.0
 10
-688.0116
 20
-561.1566
 30
0.0
 10
-687.9846
 20
-561.1383
 30
0.0
 10
-688.0296
 20
-561.1647
 30
0.0
 10
-688.0651
 20
-561.1856
 30
0.0
 10
-688.0394
 20
-561.171
 30
0.0
 10
-688.0766
 20
-561.1887
 30
0.0
 10
-688.5399
 20
-561.4089
 30
0.0
 10
-688.4475
 20
-561.355
 30
0.0
 10
-688.7939
 20
-561.2532
 30
0.0
 10
-689.1134
 20
-561.1592
 30
0.0
 10
-689.368
 20
-561.0902
 30
0.0
 10
-689.707
 20
-561.0536
 30
0.0
 10
-690.0534
 20
-561.0162
 30
0.0
 10
-690.4048
 20
-561.0106
 30
0.0
 10
-690.7282
 20
-561.0988
 30
0.0
 10
-691.0676
 20
-561.1914
 30
0.0
 10
-691.1793
 20
-561.315
 30
0.0
 10
-691.3789
 20
-561.549
 30
0.0
  0
HATCH
  5
89
330
1F
100
AcDbEntity
  8
Layer 1
 62
   250
420
  3617845
100
AcDbHatch
 10
0.0
 20
0.0
 30
0.0
210
0.0
220
0.0
230
1.0
  2
SOLID
 70
     1
 71
     1
 91
        1
 92
        1
 93
        1
 72
     4
 94
        3
 73
     0
 74
     1
 95
       35
 96
       31
 40
0.0
 40
0.0
 40
0.0
 40
0.0
 40
0.1
 40
0.1
 40
0.1
 40
0.2
 40
0.2
 40
0.2
 40
0.3
 40
0.3
 40
0.3
 40
0.4
 40
0.4
 40
0.4
 40
0.5
 40
0.5
 40
0.5
 40
0.6000000000000001
 40
0.6000000000000001
 40
0.6000000000000001
 40
0.7000000000000001
 40
0.7000000000000001
 40
0.7000000000000001
 40
0.8
 40
0.8
 40
0.8
 40
0.9
 40
0.9
 40
0.9
 40
1.0
 40
1.0
 40
1.0
 40
1.0
 10
-691.3789
 20
-561.549
 10
-691.5498
 20
-561.4959
 10
-691.6898
 20
-561.1507
 10
-691.7217
 20
-560.9794
 10
-691.8612
 20
-560.2303
 10
-691.1702
 20
-559.5967
 10
-690.254
 20
-559.7552
 10
-689.8164
 20
-559.8309
 10
-689.3411
 20
-560.1147
 10
-689.009
 20
-560.3403
 10
-688.8392
 20
-560.4557
 10
-688.034
 20
-561.0071
 10
-687.9841
 20
-561.1339
 10
-688.0116
 20
-561.1566
 10
-687.9846
 20
-561.1383
 10
-688.0296
 20
-561.1647
 10
-688.0651
 20
-561.1856
 10
-688.0394
 20
-561.171
 10
-688.0766
 20
-561.1887
 10
-688.5399
 20
-561.4089
 10
-688.4475
 20
-561.355
 10
-688.7939
 20
-561.2532
 10
-689.1134
 20
-561.1592
 10
-689.368
 20
-561.0902
 10
-689.707
 20
-561.0536
 10
-690.0534
 20
-561.0162
 10
-690.4048
 20
-561.0106
 10
-690.7282
 20
-561.0988
 10
-691.0676
 20
-561.1914
 10
-691.1793
 20
-561.315
 10
-691.3789
 20
-561.549
 97
        1
330
88
 75
     0
 76
     1
 98
        1
 10
0.0
 20
0.0
  0
SPLINE
  5
8A
102
{ACAD_REACTORS
330
8B
102
}
330
1F
100
AcDbEntity
  8
Layer 1
 62
   250
100
AcDbSpline
210
0.0
220
0.0
230
1.0
 70
    11
 71
     3
 72
    95
 73
    91
 74
     0
 42
0.0000000001
 43
0.0000000001
 40
0.0
 40
0.0
 40
0.0
 40
0.0
 40
0.0333333333333333
 40
0.0333333333333333
 40
0.0333333333333333
 40
0.0666666666666667
 40
0.0666666666666667
 40
0.0666666666666667
 40
0.1
 40
0.1
 40
0.1
 40
0.1333333333333333
 40
0.1333333333333333
 40
0.1333333333333333
 40
0.1666666666666667
 40
0.1666666666666667
 40
0.1666666666666667
 40
0.2
 40
0.2
 40
0.2
 40
0.2333333333333333
 40
0.2333333333333333
 40
0.2333333333333333
 40
0.2666666666666667
 40
0.2666666666666667
 40
0.2666666666666667
 40
0.3
 40
0.3
 40
0.3
 40
0.3333333333333333
 40
0.3333333333333333
 40
0.3333333333333333
 40
0.3666666666666666
 40
0.3666666666666666
 40
0.3666666666666666
 40
0.4
 40
0.4
 40
0.4
 40
0.4333333333333333
 40
0.4333333333333333
 40
0.4333333333333333
 40
0.4666666666666667
 40
0.4666666666666667
 40
0.4666666666666667
 40
0.5
 40
0.5
 40
0.5
 40
0.5333333333333333
 40
0.5333333333333333
 40
0.5333333333333333
 40
0.5666666666666667
 40
0.5666666666666667
 40
0.5666666666666667
 40
0.6
 40
0.6
 40
0.6
 40
0.6333333333333333
 40
0.6333333333333333
 40
0.6333333333333333
 40
0.6666666666666666
 40
0.6666666666666666
 40
0.6666666666666666
 40
0.7
 40
0.7
 40
0.7
 40
0.7333333333333333
 40
0.7333333333333333
 40
0.7333333333333333
 40
0.7666666666666666
 40
0.7666666666666666
 40
0.7666666666666666
 40
0.8
 40
0.8
 40
0.8
 40
0.8333333333333334
 40
0.8333333333333334
 40
0.8333333333333334
 40
0.8666666666666667
 40
0.8666666666666667
 40
0.8666666666666667
 40
0.9
 40
0.9
 40
0.9
 40
0.9333333333333333
 40
0.9333333333333333
 40
0.9333333333333333
 40
0.9666666666666667
 40
0.9666666666666667
 40
0.9666666666666667
 40
1.0
 40
1.0
 40
1.0
 40
1.0
 10
-682.2377
 20
-561.7802
 30
0.0
 10
-682.2152
 20
-561.708
 30
0.0
 10
-681.8724
 20
-561.4785
 30
0.0
 10
-681.8094
 20
-560.9902
 30
0.0
 10
-681.7566
 20
-560.5818
 30
0.0
 10
-681.8835
 20
-560.2554
 30
0.0
 10
-682.0647
 20
-560.0121
 30
0.0
 10
-682.415
 20
-559.5417
 30
0.0
 10
-683.1941
 20
-559.3583
 30
0.0
 10
-683.908
 20
-559.6349
 30
0.0
 10
-684.5318
 20
-559.8766
 30
0.0
 10
-684.9969
 20
-560.2179
 30
0.0
 10
-685.4493
 20
-560.5658
 30
0.0
 10
-685.58
 20
-560.6663
 30
0.0
 10
-686.7457
 20
-561.6101
 30
0.0
 10
-686.9018
 20
-561.5842
 30
0.0
 10
-687.1888
 20
-561.5367
 30
0.0
 10
-688.694
 20
-560.0579
 30
0.0
 10
-689.8915
 20
-559.6242
 30
0.0
 10
-691.0434
 20
-559.207
 30
0.0
 10
-692.1058
 20
-559.925
 30
0.0
 10
-691.9438
 20
-561.0177
 30
0.0
 10
-691.8745
 20
-561.485
 30
0.0
 10
-691.5235
 20
-561.7242
 30
0.0
 10
-691.5053
 20
-561.7811
 30
0.0
 10
-691.8611
 20
-561.7882
 30
0.0
 10
-694.4847
 20
-561.7441
 30
0.0
 10
-694.7903
 20
-561.8068
 30
0.0
 10
-694.7903
 20
-561.8068
 30
0.0
 10
-694.7872
 20
-563.8436
 30
0.0
 10
-694.7872
 20
-563.8436
 30
0.0
 10
-694.7162
 20
-563.7817
 30
0.0
 10
-694.6494
 20
-563.6005
 30
0.0
 10
-694.5643
 20
-563.4805
 30
0.0
 10
-694.4308
 20
-563.292
 30
0.0
 10
-694.3846
 20
-563.3594
 30
0.0
 10
-694.3872
 20
-563.0644
 30
0.0
 10
-694.3893
 20
-562.8319
 30
0.0
 10
-694.4168
 20
-562.0656
 30
0.0
 10
-694.3767
 20
-561.9032
 30
0.0
 10
-694.2346
 20
-561.8435
 30
0.0
 10
-691.8673
 20
-561.883
 30
0.0
 10
-691.4927
 20
-561.8853
 30
0.0
 10
-691.4457
 20
-562.3278
 30
0.0
 10
-691.3007
 20
-562.6223
 30
0.0
 10
-690.9395
 20
-562.7898
 30
0.0
 10
-690.2602
 20
-563.1047
 30
0.0
 10
-689.1835
 20
-562.9245
 30
0.0
 10
-688.4828
 20
-562.6879
 30
0.0
 10
-688.3062
 20
-562.6283
 30
0.0
 10
-688.1205
 20
-562.5641
 30
0.0
 10
-687.9556
 20
-562.4836
 30
0.0
 10
-687.8085
 20
-562.4117
 30
0.0
 10
-687.6391
 20
-562.3128
 30
0.0
 10
-687.4712
 20
-562.2695
 30
0.0
 10
-687.2102
 20
-562.4479
 30
0.0
 10
-686.971
 20
-562.8669
 30
0.0
 10
-686.8827
 20
-562.9502
 30
0.0
 10
-686.8086
 20
-562.9047
 30
0.0
 10
-686.7154
 20
-562.7157
 30
0.0
 10
-686.6052
 20
-562.5884
 30
0.0
 10
-686.5298
 20
-562.5013
 30
0.0
 10
-686.3572
 20
-562.33
 30
0.0
 10
-686.2706
 20
-562.2754
 30
0.0
 10
-686.2305
 20
-562.2681
 30
0.0
 10
-684.0529
 20
-563.4264
 30
0.0
 10
-682.7992
 20
-562.7701
 30
0.0
 10
-682.3662
 20
-562.5435
 30
0.0
 10
-682.2928
 20
-562.2854
 30
0.0
 10
-682.2711
 20
-561.8845
 30
0.0
 10
-682.2711
 20
-561.8845
 30
0.0
 10
-679.3731
 20
-561.89
 30
0.0
 10
-679.3731
 20
-561.89
 30
0.0
 10
-679.3731
 20
-561.89
 30
0.0
 10
-679.3732
 20
-573.3054
 30
0.0
 10
-679.3732
 20
-573.3054
 30
0.0
 10
-679.2785
 20
-573.2743
 30
0.0
 10
-679.0202
 20
-573.0126
 30
0.0
 10
-678.9875
 20
-572.9361
 30
0.0
 10
-678.9346
 20
-572.8126
 30
0.0
 10
-678.9697
 20
-572.3697
 30
0.0
 10
-678.9697
 20
-572.198
 30
0.0
 10
-678.9697
 20
-572.198
 30
0.0
 10
-678.9697
 20
-564.7591
 30
0.0
 10
-678.9697
 20
-564.7591
 30
0.0
 10
-678.9697
 20
-563.78
 30
0.0
 10
-678.944
 20
-562.7659
 30
0.0
 10
-678.9716
 20
-561.784
 30
0.0
 10
-678.9716
 20
-561.784
 30
0.0
 10
-682.2377
 20
-561.7802
 30
0.0
 10
-682.2377
 20
-561.7802
 30
0.0
  0
HATCH
  5
8B
330
1F
100
AcDbEntity
  8
Layer 1
 62
   250
420
  3617845
100
AcDbHatch
 10
0.0
 20
0.0
 30
0.0
210
0.0
220
0.0
230
1.0
  2
SOLID
 70
     1
 71
     1
 91
        1
 92
        1
 93
        1
 72
     4
 94
        3
 73
     0
 74
     1
 95
       95
 96
       91
 40
0.0
 40
0.0
 40
0.0
 40
0.0
 40
0.0333333333333333
 40
0.0333333333333333
 40
0.0333333333333333
 40
0.0666666666666667
 40
0.0666666666666667
 40
0.0666666666666667
 40
0.1
 40
0.1
 40
0.1
 40
0.1333333333333333
 40
0.1333333333333333
 40
0.1333333333333333
 40
0.1666666666666667
 40
0.1666666666666667
 40
0.1666666666666667
 40
0.2
 40
0.2
 40
0.2
 40
0.2333333333333333
 40
0.2333333333333333
 40
0.2333333333333333
 40
0.2666666666666667
 40
0.2666666666666667
 40
0.2666666666666667
 40
0.3
 40
0.3
 40
0.3
 40
0.3333333333333333
 40
0.3333333333333333
 40
0.3333333333333333
 40
0.3666666666666666
 40
0.3666666666666666
 40
0.3666666666666666
 40
0.4
 40
0.4
 40
0.4
 40
0.4333333333333333
 40
0.4333333333333333
 40
0.4333333333333333
 40
0.4666666666666667
 40
0.4666666666666667
 40
0.4666666666666667
 40
0.5
 40
0.5
 40
0.5
 40
0.5333333333333333
 40
0.5333333333333333
 40
0.5333333333333333
 40
0.5666666666666667
 40
0.5666666666666667
 40
0.5666666666666667
 40
0.6
 40
0.6
 40
0.6
 40
0.6333333333333333
 40
0.6333333333333333
 40
0.6333333333333333
 40
0.6666666666666666
 40
0.6666666666666666
 40
0.6666666666666666
 40
0.7
 40
0.7
 40
0.7
 40
0.7333333333333333
 40
0.7333333333333333
 40
0.7333333333333333
 40
0.7666666666666666
 40
0.7666666666666666
 40
0.7666666666666666
 40
0.8
 40
0.8
 40
0.8
 40
0.8333333333333334
 40
0.8333333333333334
 40
0.8333333333333334
 40
0.8666666666666667
 40
0.8666666666666667
 40
0.8666666666666667
 40
0.9
 40
0.9
 40
0.9
 40
0.9333333333333333
 40
0.9333333333333333
 40
0.9333333333333333
 40
0.9666666666666667
 40
0.9666666666666667
 40
0.9666666666666667
 40
1.0
 40
1.0
 40
1.0
 40
1.0
 10
-682.2377
 20
-561.7802
 10
-682.2152
 20
-561.708
 10
-681.8724
 20
-561.4785
 10
-681.8094
 20
-560.9902
 10
-681.7566
 20
-560.5818
 10
-681.8835
 20
-560.2554
 10
-682.0647
 20
-560.0121
 10
-682.415
 20
-559.5417
 10
-683.1941
 20
-559.3583
 10
-683.908
 20
-559.6349
 10
-684.5318
 20
-559.8766
 10
-684.9969
 20
-560.2179
 10
-685.4493
 20
-560.5658
 10
-685.58
 20
-560.6663
 10
-686.7457
 20
-561.6101
 10
-686.9018
 20
-561.5842
 10
-687.1888
 20
-561.5367
 10
-688.694
 20
-560.0579
 10
-689.8915
 20
-559.6242
 10
-691.0434
 20
-559.207
 10
-692.1058
 20
-559.925
 10
-691.9438
 20
-561.0177
 10
-691.8745
 20
-561.485
 10
-691.5235
 20
-561.7242
 10
-691.5053
 20
-561.7811
 10
-691.8611
 20
-561.7882
 10
-694.4847
 20
-561.7441
 10
-694.7903
 20
-561.8068
 10
-694.7903
 20
-561.8068
 10
-694.7872
 20
-563.8436
 10
-694.7872
 20
-563.8436
 10
-694.7162
 20
-563.7817
 10
-694.6494
 20
-563.6005
 10
-694.5643
 20
-563.4805
 10
-694.4308
 20
-563.292
 10
-694.3846
 20
-563.3594
 10
-694.3872
 20
-563.0644
 10
-694.3893
 20
-562.8319
 10
-694.4168
 20
-562.0656
 10
-694.3767
 20
-561.9032
 10
-694.2346
 20
-561.8435
 10
-691.8673
 20
-561.883
 10
-691.4927
 20
-561.8853
 10
-691.4457
 20
-562.3278
 10
-691.3007
 20
-562.6223
 10
-690.9395
 20
-562.7898
 10
-690.2602
 20
-563.1047
 10
-689.1835
 20
-562.9245
 10
-688.4828
 20
-562.6879
 10
-688.3062
 20
-562.6283
 10
-688.1205
 20
-562.5641
 10
-687.9556
 20
-562.4836
 10
-687.8085
 20
-562.4117
 10
-687.6391
 20
-562.3128
 10
-687.4712
 20
-562.2695
 10
-687.2102
 20
-562.4479
 10
-686.971
 20
-562.8669
 10
-686.8827
 20
-562.9502
 10
-686.8086
 20
-562.9047
 10
-686.7154
 20
-562.7157
 10
-686.6052
 20
-562.5884
 10
-686.5298
 20
-562.5013
 10
-686.3572
 20
-562.33
 10
-686.2706
 20
-562.2754
 10
-686.2305
 20
-562.2681
 10
-684.0529
 20
-563.4264
 10
-682.7992
 20
-562.7701
 10
-682.3662
 20
-562.5435
 10
-682.2928
 20
-562.2854
 10
-682.2711
 20
-561.8845
 10
-682.2711
 20
-561.8845
 10
-679.3731
 20
-561.89
 10
-679.3731
 20
-561.89
 10
-679.3731
 20
-561.89
 10
-679.3732
 20
-573.3054
 10
-679.3732
 20
-573.3054
 10
-679.2785
 20
-573.2743
 10
-679.0202
 20
-573.0126
 10
-678.9875
 20
-572.9361
 10
-678.9346
 20
-572.8126
 10
-678.9697
 20
-572.3697
 10
-678.9697
 20
-572.198
 10
-678.9697
 20
-572.198
 10
-678.9697
 20
-564.7591
 10
-678.9697
 20
-564.7591
 10
-678.9697
 20
-563.78
 10
-678.944
 20
-562.7659
 10
-678.9716
 20
-561.784
 10
-678.9716
 20
-561.784
 10
-682.2377
 20
-561.7802
 10
-682.2377
 20
-561.7802
 97
        1
330
8A
 75
     0
 76
     1
 98
        1
 10
0.0
 20
0.0
  0
SPLINE
  5
8C
102
{ACAD_REACTORS
330
8D
102
}
330
1F
100
AcDbEntity
  8
Layer 1
 62
   250
100
AcDbSpline
210
0.0
220
0.0
230
1.0
 70
    11
 71
     3
 72
   104
 73
   100
 74
     0
 42
0.0000000001
 43
0.0000000001
 40
0.0
 40
0.0
 40
0.0
 40
0.0
 40
0.0303030303030303
 40
0.0303030303030303
 40
0.0303030303030303
 40
0.0606060606060606
 40
0.0606060606060606
 40
0.0606060606060606
 40
0.0909090909090909
 40
0.0909090909090909
 40
0.0909090909090909
 40
0.1212121212121212
 40
0.1212121212121212
 40
0.1212121212121212
 40
0.1515151515151515
 40
0.1515151515151515
 40
0.1515151515151515
 40
0.1818181818181818
 40
0.1818181818181818
 40
0.1818181818181818
 40
0.2121212121212121
 40
0.2121212121212121
 40
0.2121212121212121
 40
0.2424242424242424
 40
0.2424242424242424
 40
0.2424242424242424
 40
0.2727272727272727
 40
0.2727272727272727
 40
0.2727272727272727
 40
0.303030303030303
 40
0.303030303030303
 40
0.303030303030303
 40
0.3333333333333334
 40
0.3333333333333334
 40
0.3333333333333334
 40
0.3636363636363636
 40
0.3636363636363636
 40
0.3636363636363636
 40
0.3939393939393939
 40
0.3939393939393939
 40
0.3939393939393939
 40
0.4242424242424243
 40
0.4242424242424243
 40
0.4242424242424243
 40
0.4545454545454546
 40
0.4545454545454546
 40
0.4545454545454546
 40
0.4848484848484849
 40
0.4848484848484849
 40
0.4848484848484849
 40
0.5151515151515151
 40
0.5151515151515151
 40
0.5151515151515151
 40
0.5454545454545454
 40
0.5454545454545454
 40
0.5454545454545454
 40
0.5757575757575758
 40
0.5757575757575758
 40
0.5757575757575758
 40
0.6060606060606061
 40
0.6060606060606061
 40
0.6060606060606061
 40
0.6363636363636364
 40
0.6363636363636364
 40
0.6363636363636364
 40
0.6666666666666667
 40
0.6666666666666667
 40
0.6666666666666667
 40
0.696969696969697
 40
0.696969696969697
 40
0.696969696969697
 40
0.7272727272727273
 40
0.7272727272727273
 40
0.7272727272727273
 40
0.7575757575757576
 40
0.7575757575757576
 40
0.7575757575757576
 40
0.7878787878787878
 40
0.7878787878787878
 40
0.7878787878787878
 40
0.8181818181818182
 40
0.8181818181818182
 40
0.8181818181818182
 40
0.8484848484848485
 40
0.8484848484848485
 40
0.8484848484848485
 40
0.8787878787878788
 40
0.8787878787878788
 40
0.8787878787878788
 40
0.9090909090909092
 40
0.9090909090909092
 40
0.9090909090909092
 40
0.9393939393939394
 40
0.9393939393939394
 40
0.9393939393939394
 40
0.9696969696969697
 40
0.9696969696969697
 40
0.9696969696969697
 40
1.0
 40
1.0
 40
1.0
 40
1.0
 10
-693.7864
 20
-565.651
 30
0.0
 10
-694.2652
 20
-565.5702
 30
0.0
 10
-694.4986
 20
-565.1417
 30
0.0
 10
-694.5644
 20
-564.6515
 30
0.0
 10
-694.7081
 20
-563.581
 30
0.0
 10
-693.721
 20
-562.9764
 30
0.0
 10
-692.6726
 20
-563.0336
 30
0.0
 10
-691.2424
 20
-563.1115
 30
0.0
 10
-690.3533
 20
-564.8338
 30
0.0
 10
-690.7376
 20
-566.2251
 30
0.0
 10
-691.1021
 20
-567.5447
 30
0.0
 10
-692.4035
 20
-568.2381
 30
0.0
 10
-693.4762
 20
-568.8048
 30
0.0
 10
-694.7176
 20
-569.4605
 30
0.0
 10
-695.7161
 20
-569.9412
 30
0.0
 10
-696.2663
 20
-571.3138
 30
0.0
 10
-696.647
 20
-572.2638
 30
0.0
 10
-696.5783
 20
-573.4009
 30
0.0
 10
-696.1758
 20
-574.2652
 30
0.0
 10
-695.8912
 20
-574.8759
 30
0.0
 10
-695.5192
 20
-575.3495
 30
0.0
 10
-694.9726
 20
-575.7205
 30
0.0
 10
-694.8507
 20
-575.8032
 30
0.0
 10
-694.5453
 20
-575.991
 30
0.0
 10
-694.3888
 20
-576.0197
 30
0.0
 10
-694.3888
 20
-576.0197
 30
0.0
 10
-694.6663
 20
-575.2271
 30
0.0
 10
-694.6663
 20
-575.2271
 30
0.0
 10
-694.7755
 20
-574.8964
 30
0.0
 10
-694.7443
 20
-574.7582
 30
0.0
 10
-694.8831
 20
-574.6661
 30
0.0
 10
-695.3692
 20
-574.3435
 30
0.0
 10
-695.7102
 20
-574.0216
 30
0.0
 10
-695.9532
 20
-573.4068
 30
0.0
 10
-696.342
 20
-572.4232
 30
0.0
 10
-696.1572
 20
-571.4177
 30
0.0
 10
-695.552
 20
-570.5908
 30
0.0
 10
-695.552
 20
-570.5908
 30
0.0
 10
-695.3129
 20
-570.3121
 30
0.0
 10
-695.3129
 20
-570.3121
 30
0.0
 10
-693.9193
 20
-568.8153
 30
0.0
 10
-690.7904
 20
-568.9563
 30
0.0
 10
-690.664
 20
-570.9258
 30
0.0
 10
-690.6141
 20
-571.7026
 30
0.0
 10
-691.5687
 20
-572.5883
 30
0.0
 10
-692.3033
 20
-572.0642
 30
0.0
 10
-692.4647
 20
-571.9491
 30
0.0
 10
-692.6023
 20
-571.7396
 30
0.0
 10
-692.5546
 20
-571.4467
 30
0.0
 10
-692.5207
 20
-571.2388
 30
0.0
 10
-692.3207
 20
-571.0501
 30
0.0
 10
-692.1041
 20
-571.0292
 30
0.0
 10
-691.7961
 20
-570.9994
 30
0.0
 10
-691.7721
 20
-571.2719
 30
0.0
 10
-691.7864
 20
-571.5483
 30
0.0
 10
-691.4001
 20
-571.4561
 30
0.0
 10
-691.4687
 20
-570.9525
 30
0.0
 10
-691.7638
 20
-570.7724
 30
0.0
 10
-692.1061
 20
-570.5636
 30
0.0
 10
-692.489
 20
-570.7213
 30
0.0
 10
-692.6435
 20
-571.0038
 30
0.0
 10
-693.0063
 20
-571.667
 30
0.0
 10
-692.3654
 20
-572.3444
 30
0.0
 10
-691.791
 20
-572.2989
 30
0.0
 10
-690.8841
 20
-572.227
 30
0.0
 10
-690.3861
 20
-571.3107
 30
0.0
 10
-690.6492
 20
-570.5035
 30
0.0
 10
-690.9096
 20
-569.7055
 30
0.0
 10
-691.5864
 20
-569.3365
 30
0.0
 10
-692.3894
 20
-569.2312
 30
0.0
 10
-693.2008
 20
-569.1249
 30
0.0
 10
-693.286
 20
-569.252
 30
0.0
 10
-693.7702
 20
-569.2492
 30
0.0
 10
-693.6879
 20
-569.2136
 30
0.0
 10
-693.6138
 20
-569.1704
 30
0.0
 10
-693.5281
 20
-569.1308
 30
0.0
 10
-692.2246
 20
-568.5286
 30
0.0
 10
-691.1025
 20
-567.9076
 30
0.0
 10
-690.6263
 20
-566.41
 30
0.0
 10
-690.3566
 20
-565.5617
 30
0.0
 10
-690.5144
 20
-564.5654
 30
0.0
 10
-690.956
 20
-563.9609
 30
0.0
 10
-692.174
 20
-562.2937
 30
0.0
 10
-694.2964
 20
-562.7581
 30
0.0
 10
-694.6226
 20
-564.178
 30
0.0
 10
-694.8279
 20
-565.0714
 30
0.0
 10
-694.2938
 20
-565.9327
 30
0.0
 10
-693.4033
 20
-565.9054
 30
0.0
 10
-692.3924
 20
-565.8745
 30
0.0
 10
-692.1183
 20
-564.645
 30
0.0
 10
-692.8589
 20
-564.283
 30
0.0
 10
-693.2961
 20
-564.0692
 30
0.0
 10
-693.7188
 20
-564.2565
 30
0.0
 10
-693.9163
 20
-564.552
 30
0.0
 10
-694.0196
 20
-564.7065
 30
0.0
 10
-694.0796
 20
-564.9466
 30
0.0
 10
-694.0308
 20
-565.1698
 30
0.0
 10
-693.9749
 20
-565.4258
 30
0.0
 10
-693.8447
 20
-565.4857
 30
0.0
 10
-693.7864
 20
-565.651
 30
0.0
  0
HATCH
  5
8D
330
1F
100
AcDbEntity
  8
Layer 1
 62
   250
420
  3617845
100
AcDbHatch
 10
0.0
 20
0.0
 30
0.0
210
0.0
220
0.0
230
1.0
  2
SOLID
 70
     1
 71
     1
 91
        1
 92
        1
 93
        1
 72
     4
 94
        3
 73
     0
 74
     1
 95
      104
 96
      100
 40
0.0
 40
0.0
 40
0.0
 40
0.0
 40
0.0303030303030303
 40
0.0303030303030303
 40
0.0303030303030303
 40
0.0606060606060606
 40
0.0606060606060606
 40
0.0606060606060606
 40
0.0909090909090909
 40
0.0909090909090909
 40
0.0909090909090909
 40
0.1212121212121212
 40
0.1212121212121212
 40
0.1212121212121212
 40
0.1515151515151515
 40
0.1515151515151515
 40
0.1515151515151515
 40
0.1818181818181818
 40
0.1818181818181818
 40
0.1818181818181818
 40
0.2121212121212121
 40
0.2121212121212121
 40
0.2121212121212121
 40
0.2424242424242424
 40
0.2424242424242424
 40
0.2424242424242424
 40
0.2727272727272727
 40
0.2727272727272727
 40
0.2727272727272727
 40
0.303030303030303
 40
0.303030303030303
 40
0.303030303030303
 40
0.3333333333333334
 40
0.3333333333333334
 40
0.3333333333333334
 40
0.3636363636363636
 40
0.3636363636363636
 40
0.3636363636363636
 40
0.3939393939393939
 40
0.3939393939393939
 40
0.3939393939393939
 40
0.4242424242424243
 40
0.4242424242424243
 40
0.4242424242424243
 40
0.4545454545454546
 40
0.4545454545454546
 40
0.4545454545454546
 40
0.4848484848484849
 40
0.4848484848484849
 40
0.4848484848484849
 40
0.5151515151515151
 40
0.5151515151515151
 40
0.5151515151515151
 40
0.5454545454545454
 40
0.5454545454545454
 40
0.5454545454545454
 40
0.5757575757575758
 40
0.5757575757575758
 40
0.5757575757575758
 40
0.6060606060606061
 40
0.6060606060606061
 40
0.6060606060606061
 40
0.6363636363636364
 40
0.6363636363636364
 40
0.6363636363636364
 40
0.6666666666666667
 40
0.6666666666666667
 40
0.6666666666666667
 40
0.696969696969697
 40
0.696969696969697
 40
0.696969696969697
 40
0.7272727272727273
 40
0.7272727272727273
 40
0.7272727272727273
 40
0.7575757575757576
 40
0.7575757575757576
 40
0.7575757575757576
 40
0.7878787878787878
 40
0.7878787878787878
 40
0.7878787878787878
 40
0.8181818181818182
 40
0.8181818181818182
 40
0.8181818181818182
 40
0.8484848484848485
 40
0.8484848484848485
 40
0.8484848484848485
 40
0.8787878787878788
 40
0.8787878787878788
 40
0.8787878787878788
 40
0.9090909090909092
 40
0.9090909090909092
 40
0.9090909090909092
 40
0.9393939393939394
 40
0.9393939393939394
 40
0.9393939393939394
 40
0.9696969696969697
 40
0.9696969696969697
 40
0.9696969696969697
 40
1.0
 40
1.0
 40
1.0
 40
1.0
 10
-693.7864
 20
-565.651
 10
-694.2652
 20
-565.5702
 10
-694.4986
 20
-565.1417
 10
-694.5644
 20
-564.6515
 10
-694.7081
 20
-563.581
 10
-693.721
 20
-562.9764
 10
-692.6726
 20
-563.0336
 10
-691.2424
 20
-563.1115
 10
-690.3533
 20
-564.8338
 10
-690.7376
 20
-566.2251
 10
-691.1021
 20
-567.5447
 10
-692.4035
 20
-568.2381
 10
-693.4762
 20
-568.8048
 10
-694.7176
 20
-569.4605
 10
-695.7161
 20
-569.9412
 10
-696.2663
 20
-571.3138
 10
-696.647
 20
-572.2638
 10
-696.5783
 20
-573.4009
 10
-696.1758
 20
-574.2652
 10
-695.8912
 20
-574.8759
 10
-695.5192
 20
-575.3495
 10
-694.9726
 20
-575.7205
 10
-694.8507
 20
-575.8032
 10
-694.5453
 20
-575.991
 10
-694.3888
 20
-576.0197
 10
-694.3888
 20
-576.0197
 10
-694.6663
 20
-575.2271
 10
-694.6663
 20
-575.2271
 10
-694.7755
 20
-574.8964
 10
-694.7443
 20
-574.7582
 10
-694.8831
 20
-574.6661
 10
-695.3692
 20
-574.3435
 10
-695.7102
 20
-574.0216
 10
-695.9532
 20
-573.4068
 10
-696.342
 20
-572.4232
 10
-696.1572
 20
-571.4177
 10
-695.552
 20
-570.5908
 10
-695.552
 20
-570.5908
 10
-695.3129
 20
-570.3121
 10
-695.3129
 20
-570.3121
 10
-693.9193
 20
-568.8153
 10
-690.7904
 20
-568.9563
 10
-690.664
 20
-570.9258
 10
-690.6141
 20
-571.7026
 10
-691.5687
 20
-572.5883
 10
-692.3033
 20
-572.0642
 10
-692.4647
 20
-571.9491
 10
-692.6023
 20
-571.7396
 10
-692.5546
 20
-571.4467
 10
-692.5207
 20
-571.2388
 10
-692.3207
 20
-571.0501
 10
-692.1041
 20
-571.0292
 10
-691.7961
 20
-570.9994
 10
-691.7721
 20
-571.2719
 10
-691.7864
 20
-571.5483
 10
-691.4001
 20
-571.4561
 10
-691.4687
 20
-570.9525
 10
-691.7638
 20
-570.7724
 10
-692.1061
 20
-570.5636
 10
-692.489
 20
-570.7213
 10
-692.6435
 20
-571.0038
 10
-693.0063
 20
-571.667
 10
-692.3654
 20
-572.3444
 10
-691.791
 20
-572.2989
 10
-690.8841
 20
-572.227
 10
-690.3861
 20
-571.3107
 10
-690.6492
 20
-570.5035
 10
-690.9096
 20
-569.7055
 10
-691.5864
 20
-569.3365
 10
-692.3894
 20
-569.2312
 10
-693.2008
 20
-569.1249
 10
-693.286
 20
-569.252
 10
-693.7702
 20
-569.2492
 10
-693.6879
 20
-569.2136
 10
-693.6138
 20
-569.1704
 10
-693.5281
 20
-569.1308
 10
-692.2246
 20
-568.5286
 10
-691.1025
 20
-567.9076
 10
-690.6263
 20
-566.41
 10
-690.3566
 20
-565.5617
 10
-690.5144
 20
-564.5654
 10
-690.956
 20
-563.9609
 10
-692.174
 20
-562.2937
 10
-694.2964
 20
-562.7581
 10
-694.6226
 20
-564.178
 10
-694.8279
 20
-565.0714
 10
-694.2938
 20
-565.9327
 10
-693.4033
 20
-565.9054
 10
-692.3924
 20
-565.8745
 10
-692.1183
 20
-564.645
 10
-692.8589
 20
-564.283
 10
-693.2961
 20
-564.0692
 10
-693.7188
 20
-564.2565
 10
-693.9163
 20
-564.552
 10
-694.0196
 20
-564.7065
 10
-694.0796
 20
-564.9466
 10
-694.0308
 20
-565.1698
 10
-693.9749
 20
-565.4258
 10
-693.8447
 20
-565.4857
 10
-693.7864
 20
-565.651
 97
        1
330
8C
 75
     0
 76
     1
 98
        1
 10
0.0
 20
0.0
  0
SPLINE
  5
8E
102
{ACAD_REACTORS
330
8F
102
}
330
1F
100
AcDbEntity
  8
Layer 1
 62
   250
100
AcDbSpline
210
0.0
220
0.0
230
1.0
 70
    11
 71
     3
 72
    35
 73
    31
 74
     0
 42
0.0000000001
 43
0.0000000001
 40
0.0
 40
0.0
 40
0.0
 40
0.0
 40
0.1
 40
0.1
 40
0.1
 40
0.2
 40
0.2
 40
0.2
 40
0.3
 40
0.3
 40
0.3
 40
0.4
 40
0.4
 40
0.4
 40
0.5
 40
0.5
 40
0.5
 40
0.6000000000000001
 40
0.6000000000000001
 40
0.6000000000000001
 40
0.7000000000000001
 40
0.7000000000000001
 40
0.7000000000000001
 40
0.8
 40
0.8
 40
0.8
 40
0.9
 40
0.9
 40
0.9
 40
1.0
 40
1.0
 40
1.0
 40
1.0
 10
-685.8428
 20
-565.2109
 30
0.0
 10
-685.9829
 20
-565.2113
 30
0.0
 10
-685.9926
 20
-565.2887
 30
0.0
 10
-686.148
 20
-565.5171
 30
0.0
 10
-686.5795
 20
-566.1512
 30
0.0
 10
-686.6617
 20
-566.0932
 30
0.0
 10
-686.6407
 20
-566.8072
 30
0.0
 10
-686.6185
 20
-567.5643
 30
0.0
 10
-686.6032
 20
-568.3587
 30
0.0
 10
-686.5604
 20
-569.1286
 30
0.0
 10
-686.5182
 20
-569.8896
 30
0.0
 10
-686.5215
 20
-570.677
 30
0.0
 10
-686.4775
 20
-571.4335
 30
0.0
 10
-686.4035
 20
-572.7035
 30
0.0
 10
-686.3086
 20
-574.698
 30
0.0
 10
-686.5848
 20
-575.9542
 30
0.0
 10
-686.6197
 20
-576.1129
 30
0.0
 10
-686.7178
 20
-576.4461
 30
0.0
 10
-686.7277
 20
-576.5645
 30
0.0
 10
-686.3973
 20
-576.4373
 30
0.0
 10
-686.0192
 20
-575.5877
 30
0.0
 10
-685.9004
 20
-575.1805
 30
0.0
 10
-685.4416
 20
-573.6081
 30
0.0
 10
-685.716
 20
-571.5896
 30
0.0
 10
-685.7444
 20
-569.9381
 30
0.0
 10
-685.7633
 20
-568.8363
 30
0.0
 10
-685.8037
 20
-567.7439
 30
0.0
 10
-685.8048
 20
-566.6424
 30
0.0
 10
-685.8053
 20
-566.2849
 30
0.0
 10
-685.7784
 20
-565.3977
 30
0.0
 10
-685.8428
 20
-565.2109
 30
0.0
  0
HATCH
  5
8F
330
1F
100
AcDbEntity
  8
Layer 1
 62
   250
420
  3617845
100
AcDbHatch
 10
0.0
 20
0.0
 30
0.0
210
0.0
220
0.0
230
1.0
  2
SOLID
 70
     1
 71
     1
 91
        1
 92
        1
 93
        1
 72
     4
 94
        3
 73
     0
 74
     1
 95
       35
 96
       31
 40
0.0
 40
0.0
 40
0.0
 40
0.0
 40
0.1
 40
0.1
 40
0.1
 40
0.2
 40
0.2
 40
0.2
 40
0.3
 40
0.3
 40
0.3
 40
0.4
 40
0.4
 40
0.4
 40
0.5
 40
0.5
 40
0.5
 40
0.6000000000000001
 40
0.6000000000000001
 40
0.6000000000000001
 40
0.7000000000000001
 40
0.7000000000000001
 40
0.7000000000000001
 40
0.8
 40
0.8
 40
0.8
 40
0.9
 40
0.9
 40
0.9
 40
1.0
 40
1.0
 40
1.0
 40
1.0
 10
-685.8428
 20
-565.2109
 10
-685.9829
 20
-565.2113
 10
-685.9926
 20
-565.2887
 10
-686.148
 20
-565.5171
 10
-686.5795
 20
-566.1512
 10
-686.6617
 20
-566.0932
 10
-686.6407
 20
-566.8072
 10
-686.6185
 20
-567.5643
 10
-686.6032
 20
-568.3587
 10
-686.5604
 20
-569.1286
 10
-686.5182
 20
-569.8896
 10
-686.5215
 20
-570.677
 10
-686.4775
 20
-571.4335
 10
-686.4035
 20
-572.7035
 10
-686.3086
 20
-574.698
 10
-686.5848
 20
-575.9542
 10
-686.6197
 20
-576.1129
 10
-686.7178
 20
-576.4461
 10
-686.7277
 20
-576.5645
 10
-686.3973
 20
-576.4373
 10
-686.0192
 20
-575.5877
 10
-685.9004
 20
-575.1805
 10
-685.4416
 20
-573.6081
 10
-685.716
 20
-571.5896
 10
-685.7444
 20
-569.9381
 10
-685.7633
 20
-568.8363
 10
-685.8037
 20
-567.7439
 10
-685.8048
 20
-566.6424
 10
-685.8053
 20
-566.2849
 10
-685.7784
 20
-565.3977
 10
-685.8428
 20
-565.2109
 97
        1
330
8E
 75
     0
 76
     1
 98
        1
 10
0.0
 20
0.0
  0
SPLINE
  5
90
102
{ACAD_REACTORS
330
91
102
}
330
1F
100
AcDbEntity
  8
Layer 1
 62
   250
100
AcDbSpline
210
0.0
220
0.0
230
1.0
 70
    11
 71
     3
 72
    26
 73
    22
 74
     0
 42
0.0000000001
 43
0.0000000001
 40
0.0
 40
0.0
 40
0.0
 40
0.0
 40
0.1428571428571428
 40
0.1428571428571428
 40
0.1428571428571428
 40
0.2857142857142857
 40
0.2857142857142857
 40
0.2857142857142857
 40
0.4285714285714285
 40
0.4285714285714285
 40
0.4285714285714285
 40
0.5714285714285714
 40
0.5714285714285714
 40
0.5714285714285714
 40
0.7142857142857142
 40
0.7142857142857142
 40
0.7142857142857142
 40
0.8571428571428571
 40
0.8571428571428571
 40
0.8571428571428571
 40
1.0
 40
1.0
 40
1.0
 40
1.0
 10
-683.8206
 20
-571.0488
 30
0.0
 10
-683.7686
 20
-571.1153
 30
0.0
 10
-683.7408
 20
-571.213
 30
0.0
 10
-683.6894
 20
-571.2885
 30
0.0
 10
-683.2618
 20
-571.9155
 30
0.0
 10
-682.238
 20
-571.6536
 30
0.0
 10
-682.2142
 20
-570.8566
 30
0.0
 10
-682.1848
 20
-569.8679
 30
0.0
 10
-683.5888
 20
-569.7477
 30
0.0
 10
-683.7949
 20
-570.6088
 30
0.0
 10
-683.8649
 20
-570.5374
 30
0.0
 10
-683.8792
 20
-570.4596
 30
0.0
 10
-683.9436
 20
-570.3652
 30
0.0
 10
-683.991
 20
-570.2958
 30
0.0
 10
-684.0647
 20
-570.2292
 30
0.0
 10
-684.1324
 20
-570.1777
 30
0.0
 10
-684.6124
 20
-569.8129
 30
0.0
 10
-685.4063
 20
-570.1364
 30
0.0
 10
-685.4079
 20
-570.8322
 30
0.0
 10
-685.41
 20
-571.7847
 30
0.0
 10
-684.0576
 20
-571.9378
 30
0.0
 10
-683.8206
 20
-571.0488
 30
0.0
  0
HATCH
  5
91
330
1F
100
AcDbEntity
  8
Layer 1
 62
   250
420
  3617845
100
AcDbHatch
 10
0.0
 20
0.0
 30
0.0
210
0.0
220
0.0
230
1.0
  2
SOLID
 70
     1
 71
     1
 91
        1
 92
        1
 93
        1
 72
     4
 94
        3
 73
     0
 74
     1
 95
       26
 96
       22
 40
0.0
 40
0.0
 40
0.0
 40
0.0
 40
0.1428571428571428
 40
0.1428571428571428
 40
0.1428571428571428
 40
0.2857142857142857
 40
0.2857142857142857
 40
0.2857142857142857
 40
0.4285714285714285
 40
0.4285714285714285
 40
0.4285714285714285
 40
0.5714285714285714
 40
0.5714285714285714
 40
0.5714285714285714
 40
0.7142857142857142
 40
0.7142857142857142
 40
0.7142857142857142
 40
0.8571428571428571
 40
0.8571428571428571
 40
0.8571428571428571
 40
1.0
 40
1.0
 40
1.0
 40
1.0
 10
-683.8206
 20
-571.0488
 10
-683.7686
 20
-571.1153
 10
-683.7408
 20
-571.213
 10
-683.6894
 20
-571.2885
 10
-683.2618
 20
-571.9155
 10
-682.238
 20
-571.6536
 10
-682.2142
 20
-570.8566
 10
-682.1848
 20
-569.8679
 10
-683.5888
 20
-569.7477
 10
-683.7949
 20
-570.6088
 10
-683.8649
 20
-570.5374
 10
-683.8792
 20
-570.4596
 10
-683.9436
 20
-570.3652
 10
-683.991
 20
-570.2958
 10
-684.0647
 20
-570.2292
 10
-684.1324
 20
-570.1777
 10
-684.6124
 20
-569.8129
 10
-685.4063
 20
-570.1364
 10
-685.4079
 20
-570.8322
 10
-685.41
 20
-571.7847
 10
-684.0576
 20
-571.9378
 10
-683.8206
 20
-571.0488
 97
        1
330
90
 75
     0
 76
     1
 98
        1
 10
0.0
 20
0.0
  0
SPLINE
  5
92
102
{ACAD_REACTORS
330
93
102
}
330
1F
100
AcDbEntity
  8
Layer 1
 62
   250
100
AcDbSpline
210
0.0
220
0.0
230
1.0
 70
    11
 71
     3
 72
    86
 73
    82
 74
     0
 42
0.0000000001
 43
0.0000000001
 40
0.0
 40
0.0
 40
0.0
 40
0.0
 40
0.037037037037037
 40
0.037037037037037
 40
0.037037037037037
 40
0.0740740740740741
 40
0.0740740740740741
 40
0.0740740740740741
 40
0.1111111111111111
 40
0.1111111111111111
 40
0.1111111111111111
 40
0.1481481481481481
 40
0.1481481481481481
 40
0.1481481481481481
 40
0.1851851851851852
 40
0.1851851851851852
 40
0.1851851851851852
 40
0.2222222222222222
 40
0.2222222222222222
 40
0.2222222222222222
 40
0.2592592592592592
 40
0.2592592592592592
 40
0.2592592592592592
 40
0.2962962962962963
 40
0.2962962962962963
 40
0.2962962962962963
 40
0.3333333333333333
 40
0.3333333333333333
 40
0.3333333333333333
 40
0.3703703703703703
 40
0.3703703703703703
 40
0.3703703703703703
 40
0.4074074074074074
 40
0.4074074074074074
 40
0.4074074074074074
 40
0.4444444444444444
 40
0.4444444444444444
 40
0.4444444444444444
 40
0.4814814814814815
 40
0.4814814814814815
 40
0.4814814814814815
 40
0.5185185185185185
 40
0.5185185185185185
 40
0.5185185185185185
 40
0.5555555555555556
 40
0.5555555555555556
 40
0.5555555555555556
 40
0.5925925925925926
 40
0.5925925925925926
 40
0.5925925925925926
 40
0.6296296296296295
 40
0.6296296296296295
 40
0.6296296296296295
 40
0.6666666666666666
 40
0.6666666666666666
 40
0.6666666666666666
 40
0.7037037037037037
 40
0.7037037037037037
 40
0.7037037037037037
 40
0.7407407407407407
 40
0.7407407407407407
 40
0.7407407407407407
 40
0.7777777777777777
 40
0.7777777777777777
 40
0.7777777777777777
 40
0.8148148148148148
 40
0.8148148148148148
 40
0.8148148148148148
 40
0.8518518518518519
 40
0.8518518518518519
 40
0.8518518518518519
 40
0.8888888888888888
 40
0.8888888888888888
 40
0.8888888888888888
 40
0.9259259259259258
 40
0.9259259259259258
 40
0.9259259259259258
 40
0.9629629629629629
 40
0.9629629629629629
 40
0.9629629629629629
 40
1.0
 40
1.0
 40
1.0
 40
1.0
 10
-697.9468
 20
-585.4091
 30
0.0
 10
-697.8431
 20
-585.3421
 30
0.0
 10
-697.529
 20
-584.5967
 30
0.0
 10
-697.4554
 20
-584.4358
 30
0.0
 10
-697.3743
 20
-584.2587
 30
0.0
 10
-697.0711
 20
-583.548
 30
0.0
 10
-696.9816
 20
-583.4437
 30
0.0
 10
-696.9152
 20
-583.5354
 30
0.0
 10
-696.7808
 20
-584.7581
 30
0.0
 10
-696.7629
 20
-584.909
 30
0.0
 10
-696.7
 20
-585.4389
 30
0.0
 10
-696.7677
 20
-585.2078
 30
0.0
 10
-696.7833
 20
-585.3715
 30
0.0
 10
-696.6631
 20
-585.4096
 30
0.0
 10
-696.4241
 20
-585.4054
 30
0.0
 10
-696.2754
 20
-585.408
 30
0.0
 10
-696.0761
 20
-585.4116
 30
0.0
 10
-695.845
 20
-585.4536
 30
0.0
 10
-695.8125
 20
-585.3568
 30
0.0
 10
-695.9466
 20
-585.2938
 30
0.0
 10
-696.0764
 20
-585.3746
 30
0.0
 10
-696.1871
 20
-585.2462
 30
0.0
 10
-696.2595
 20
-585.1623
 30
0.0
 10
-696.2806
 20
-584.9911
 30
0.0
 10
-696.298
 20
-584.8674
 30
0.0
 10
-696.354
 20
-584.4692
 30
0.0
 10
-696.6125
 20
-582.4584
 30
0.0
 10
-696.6756
 20
-582.3555
 30
0.0
 10
-696.7857
 20
-582.3508
 30
0.0
 10
-696.7809
 20
-582.394
 30
0.0
 10
-696.8712
 20
-582.5967
 30
0.0
 10
-697.0283
 20
-582.9496
 30
0.0
 10
-697.7556
 20
-584.5649
 30
0.0
 10
-697.8291
 20
-584.6507
 30
0.0
 10
-697.8915
 20
-584.5885
 30
0.0
 10
-697.9424
 20
-584.4487
 30
0.0
 10
-697.9853
 20
-584.3587
 30
0.0
 10
-697.9853
 20
-584.3587
 30
0.0
 10
-698.3949
 20
-583.4763
 30
0.0
 10
-698.3949
 20
-583.4763
 30
0.0
 10
-698.495
 20
-583.2642
 30
0.0
 10
-698.5872
 20
-583.0851
 30
0.0
 10
-698.6736
 20
-582.8826
 30
0.0
 10
-698.7178
 20
-582.7791
 30
0.0
 10
-698.763
 20
-582.6917
 30
0.0
 10
-698.8172
 20
-582.5787
 30
0.0
 10
-698.8637
 20
-582.4817
 30
0.0
 10
-698.8847
 20
-582.3545
 30
0.0
 10
-699.0061
 20
-582.3531
 30
0.0
 10
-699.126
 20
-582.5552
 30
0.0
 10
-699.3637
 20
-584.9044
 30
0.0
 10
-699.4592
 20
-585.1889
 30
0.0
 10
-699.4808
 20
-585.2532
 30
0.0
 10
-699.5037
 20
-585.2948
 30
0.0
 10
-699.5616
 20
-585.3187
 30
0.0
 10
-699.6131
 20
-585.3399
 30
0.0
 10
-699.6134
 20
-585.3276
 30
0.0
 10
-699.6609
 20
-585.3402
 30
0.0
 10
-699.6609
 20
-585.3402
 30
0.0
 10
-699.7301
 20
-585.3697
 30
0.0
 10
-699.7301
 20
-585.3697
 30
0.0
 10
-699.7327
 20
-585.365
 30
0.0
 10
-699.7401
 20
-585.3763
 30
0.0
 10
-699.7445
 20
-585.3803
 30
0.0
 10
-699.7169
 20
-585.4017
 30
0.0
 10
-699.7373
 20
-585.3938
 30
0.0
 10
-699.6866
 20
-585.4078
 30
0.0
 10
-699.6811
 20
-585.4094
 30
0.0
 10
-698.9194
 20
-585.4427
 30
0.0
 10
-698.8269
 20
-585.3803
 30
0.0
 10
-698.9582
 20
-585.2222
 30
0.0
 10
-699.1787
 20
-585.4408
 30
0.0
 10
-699.1439
 20
-585.0777
 30
0.0
 10
-699.1439
 20
-585.0777
 30
0.0
 10
-698.9403
 20
-583.5367
 30
0.0
 10
-698.9403
 20
-583.5367
 30
0.0
 10
-698.9117
 20
-583.4768
 30
0.0
 10
-698.949
 20
-583.5308
 30
0.0
 10
-698.8992
 20
-583.4833
 30
0.0
 10
-698.8423
 20
-583.6421
 30
0.0
 10
-698.1088
 20
-585.3272
 30
0.0
 10
-697.9468
 20
-585.4091
 30
0.0
  0
HATCH
  5
93
330
1F
100
AcDbEntity
  8
Layer 1
 62
   250
420
  3617845
100
AcDbHatch
 10
0.0
 20
0.0
 30
0.0
210
0.0
220
0.0
230
1.0
  2
SOLID
 70
     1
 71
     1
 91
        1
 92
        1
 93
        1
 72
     4
 94
        3
 73
     0
 74
     1
 95
       86
 96
       82
 40
0.0
 40
0.0
 40
0.0
 40
0.0
 40
0.037037037037037
 40
0.037037037037037
 40
0.037037037037037
 40
0.0740740740740741
 40
0.0740740740740741
 40
0.0740740740740741
 40
0.1111111111111111
 40
0.1111111111111111
 40
0.1111111111111111
 40
0.1481481481481481
 40
0.1481481481481481
 40
0.1481481481481481
 40
0.1851851851851852
 40
0.1851851851851852
 40
0.1851851851851852
 40
0.2222222222222222
 40
0.2222222222222222
 40
0.2222222222222222
 40
0.2592592592592592
 40
0.2592592592592592
 40
0.2592592592592592
 40
0.2962962962962963
 40
0.2962962962962963
 40
0.2962962962962963
 40
0.3333333333333333
 40
0.3333333333333333
 40
0.3333333333333333
 40
0.3703703703703703
 40
0.3703703703703703
 40
0.3703703703703703
 40
0.4074074074074074
 40
0.4074074074074074
 40
0.4074074074074074
 40
0.4444444444444444
 40
0.4444444444444444
 40
0.4444444444444444
 40
0.4814814814814815
 40
0.4814814814814815
 40
0.4814814814814815
 40
0.5185185185185185
 40
0.5185185185185185
 40
0.5185185185185185
 40
0.5555555555555556
 40
0.5555555555555556
 40
0.5555555555555556
 40
0.5925925925925926
 40
0.5925925925925926
 40
0.5925925925925926
 40
0.6296296296296295
 40
0.6296296296296295
 40
0.6296296296296295
 40
0.6666666666666666
 40
0.6666666666666666
 40
0.6666666666666666
 40
0.7037037037037037
 40
0.7037037037037037
 40
0.7037037037037037
 40
0.7407407407407407
 40
0.7407407407407407
 40
0.7407407407407407
 40
0.7777777777777777
 40
0.7777777777777777
 40
0.7777777777777777
 40
0.8148148148148148
 40
0.8148148148148148
 40
0.8148148148148148
 40
0.8518518518518519
 40
0.8518518518518519
 40
0.8518518518518519
 40
0.8888888888888888
 40
0.8888888888888888
 40
0.8888888888888888
 40
0.9259259259259258
 40
0.9259259259259258
 40
0.9259259259259258
 40
0.9629629629629629
 40
0.9629629629629629
 40
0.9629629629629629
 40
1.0
 40
1.0
 40
1.0
 40
1.0
 10
-697.9468
 20
-585.4091
 10
-697.8431
 20
-585.3421
 10
-697.529
 20
-584.5967
 10
-697.4554
 20
-584.4358
 10
-697.3743
 20
-584.2587
 10
-697.0711
 20
-583.548
 10
-696.9816
 20
-583.4437
 10
-696.9152
 20
-583.5354
 10
-696.7808
 20
-584.7581
 10
-696.7629
 20
-584.909
 10
-696.7
 20
-585.4389
 10
-696.7677
 20
-585.2078
 10
-696.7833
 20
-585.3715
 10
-696.6631
 20
-585.4096
 10
-696.4241
 20
-585.4054
 10
-696.2754
 20
-585.408
 10
-696.0761
 20
-585.4116
 10
-695.845
 20
-585.4536
 10
-695.8125
 20
-585.3568
 10
-695.9466
 20
-585.2938
 10
-696.0764
 20
-585.3746
 10
-696.1871
 20
-585.2462
 10
-696.2595
 20
-585.1623
 10
-696.2806
 20
-584.9911
 10
-696.298
 20
-584.8674
 10
-696.354
 20
-584.4692
 10
-696.6125
 20
-582.4584
 10
-696.6756
 20
-582.3555
 10
-696.7857
 20
-582.3508
 10
-696.7809
 20
-582.394
 10
-696.8712
 20
-582.5967
 10
-697.0283
 20
-582.9496
 10
-697.7556
 20
-584.5649
 10
-697.8291
 20
-584.6507
 10
-697.8915
 20
-584.5885
 10
-697.9424
 20
-584.4487
 10
-697.9853
 20
-584.3587
 10
-697.9853
 20
-584.3587
 10
-698.3949
 20
-583.4763
 10
-698.3949
 20
-583.4763
 10
-698.495
 20
-583.2642
 10
-698.5872
 20
-583.0851
 10
-698.6736
 20
-582.8826
 10
-698.7178
 20
-582.7791
 10
-698.763
 20
-582.6917
 10
-698.8172
 20
-582.5787
 10
-698.8637
 20
-582.4817
 10
-698.8847
 20
-582.3545
 10
-699.0061
 20
-582.3531
 10
-699.126
 20
-582.5552
 10
-699.3637
 20
-584.9044
 10
-699.4592
 20
-585.1889
 10
-699.4808
 20
-585.2532
 10
-699.5037
 20
-585.2948
 10
-699.5616
 20
-585.3187
 10
-699.6131
 20
-585.3399
 10
-699.6134
 20
-585.3276
 10
-699.6609
 20
-585.3402
 10
-699.6609
 20
-585.3402
 10
-699.7301
 20
-585.3697
 10
-699.7301
 20
-585.3697
 10
-699.7327
 20
-585.365
 10
-699.7401
 20
-585.3763
 10
-699.7445
 20
-585.3803
 10
-699.7169
 20
-585.4017
 10
-699.7373
 20
-585.3938
 10
-699.6866
 20
-585.4078
 10
-699.6811
 20
-585.4094
 10
-698.9194
 20
-585.4427
 10
-698.8269
 20
-585.3803
 10
-698.9582
 20
-585.2222
 10
-699.1787
 20
-585.4408
 10
-699.1439
 20
-585.0777
 10
-699.1439
 20
-585.0777
 10
-698.9403
 20
-583.5367
 10
-698.9403
 20
-583.5367
 10
-698.9117
 20
-583.4768
 10
-698.949
 20
-583.5308
 10
-698.8992
 20
-583.4833
 10
-698.8423
 20
-583.6421
 10
-698.1088
 20
-585.3272
 10
-697.9468
 20
-585.4091
 97
        1
330
92
 75
     0
 76
     1
 98
        1
 10
0.0
 20
0.0
  0
SPLINE
  5
94
102
{ACAD_REACTORS
330
95
102
}
330
1F
100
AcDbEntity
  8
Layer 1
 62
   250
100
AcDbSpline
210
0.0
220
0.0
230
1.0
 70
    11
 71
     3
 72
    92
 73
    88
 74
     0
 42
0.0000000001
 43
0.0000000001
 40
0.0
 40
0.0
 40
0.0
 40
0.0
 40
0.0344827586206897
 40
0.0344827586206897
 40
0.0344827586206897
 40
0.0689655172413793
 40
0.0689655172413793
 40
0.0689655172413793
 40
0.103448275862069
 40
0.103448275862069
 40
0.103448275862069
 40
0.1379310344827586
 40
0.1379310344827586
 40
0.1379310344827586
 40
0.1724137931034483
 40
0.1724137931034483
 40
0.1724137931034483
 40
0.2068965517241379
 40
0.2068965517241379
 40
0.2068965517241379
 40
0.2413793103448276
 40
0.2413793103448276
 40
0.2413793103448276
 40
0.2758620689655172
 40
0.2758620689655172
 40
0.2758620689655172
 40
0.3103448275862069
 40
0.3103448275862069
 40
0.3103448275862069
 40
0.3448275862068966
 40
0.3448275862068966
 40
0.3448275862068966
 40
0.3793103448275862
 40
0.3793103448275862
 40
0.3793103448275862
 40
0.4137931034482759
 40
0.4137931034482759
 40
0.4137931034482759
 40
0.4482758620689655
 40
0.4482758620689655
 40
0.4482758620689655
 40
0.4827586206896551
 40
0.4827586206896551
 40
0.4827586206896551
 40
0.5172413793103449
 40
0.5172413793103449
 40
0.5172413793103449
 40
0.5517241379310345
 40
0.5517241379310345
 40
0.5517241379310345
 40
0.5862068965517241
 40
0.5862068965517241
 40
0.5862068965517241
 40
0.6206896551724138
 40
0.6206896551724138
 40
0.6206896551724138
 40
0.6551724137931034
 40
0.6551724137931034
 40
0.6551724137931034
 40
0.6896551724137931
 40
0.6896551724137931
 40
0.6896551724137931
 40
0.7241379310344828
 40
0.7241379310344828
 40
0.7241379310344828
 40
0.7586206896551724
 40
0.7586206896551724
 40
0.7586206896551724
 40
0.7931034482758621
 40
0.7931034482758621
 40
0.7931034482758621
 40
0.8275862068965517
 40
0.8275862068965517
 40
0.8275862068965517
 40
0.8620689655172413
 40
0.8620689655172413
 40
0.8620689655172413
 40
0.896551724137931
 40
0.896551724137931
 40
0.896551724137931
 40
0.9310344827586207
 40
0.9310344827586207
 40
0.9310344827586207
 40
0.9655172413793103
 40
0.9655172413793103
 40
0.9655172413793103
 40
1.0
 40
1.0
 40
1.0
 40
1.0
 10
-684.2386
 20
-582.3676
 30
0.0
 10
-684.1576
 20
-582.5108
 30
0.0
 10
-683.8941
 20
-582.3439
 30
0.0
 10
-683.8519
 20
-582.6066
 30
0.0
 10
-683.8183
 20
-582.8152
 30
0.0
 10
-683.8427
 20
-583.3509
 30
0.0
 10
-683.8549
 20
-583.6029
 30
0.0
 10
-683.8822
 20
-583.6166
 30
0.0
 10
-683.862
 20
-583.6119
 30
0.0
 10
-683.9173
 20
-583.6228
 30
0.0
 10
-683.9173
 20
-583.6228
 30
0.0
 10
-685.2828
 20
-583.6268
 30
0.0
 10
-685.2828
 20
-583.6268
 30
0.0
 10
-685.3775
 20
-583.6086
 30
0.0
 10
-685.3217
 20
-583.6262
 30
0.0
 10
-685.3789
 20
-583.5915
 30
0.0
 10
-685.3838
 20
-583.3907
 30
0.0
 10
-685.4059
 20
-582.6812
 30
0.0
 10
-685.3626
 20
-582.547
 30
0.0
 10
-685.3009
 20
-582.3561
 30
0.0
 10
-685.1149
 20
-582.4907
 30
0.0
 10
-685.0533
 20
-582.3907
 30
0.0
 10
-685.0912
 20
-582.3063
 30
0.0
 10
-685.284
 20
-582.3485
 30
0.0
 10
-685.3761
 20
-582.3504
 30
0.0
 10
-685.3761
 20
-582.3504
 30
0.0
 10
-686.1294
 20
-582.3445
 30
0.0
 10
-686.1294
 20
-582.3445
 30
0.0
 10
-686.2944
 20
-582.3422
 30
0.0
 10
-686.2738
 20
-582.3316
 30
0.0
 10
-686.2781
 20
-582.4142
 30
0.0
 10
-685.9886
 20
-582.5021
 30
0.0
 10
-685.8896
 20
-582.3176
 30
0.0
 10
-685.8877
 20
-582.7909
 30
0.0
 10
-685.8877
 20
-582.7909
 30
0.0
 10
-685.8875
 20
-584.7683
 30
0.0
 10
-685.8875
 20
-584.7683
 30
0.0
 10
-685.8874
 20
-585.4817
 30
0.0
 10
-685.9947
 20
-585.2757
 30
0.0
 10
-686.2174
 20
-585.3607
 30
0.0
 10
-686.1914
 20
-585.4249
 30
0.0
 10
-686.1945
 20
-585.4149
 30
0.0
 10
-686.1078
 20
-585.4179
 30
0.0
 10
-686.1078
 20
-585.4179
 30
0.0
 10
-685.211
 20
-585.4153
 30
0.0
 10
-685.211
 20
-585.4153
 30
0.0
 10
-684.9711
 20
-585.4179
 30
0.0
 10
-684.981
 20
-585.4363
 30
0.0
 10
-684.9606
 20
-585.3568
 30
0.0
 10
-685.1945
 20
-585.2436
 30
0.0
 10
-685.3251
 20
-585.4811
 30
0.0
 10
-685.3707
 20
-585.0612
 30
0.0
 10
-685.4069
 20
-584.7275
 30
0.0
 10
-685.3951
 20
-584.2162
 30
0.0
 10
-685.3696
 20
-583.8596
 30
0.0
 10
-685.3696
 20
-583.8596
 30
0.0
 10
-683.8524
 20
-583.8612
 30
0.0
 10
-683.8524
 20
-583.8612
 30
0.0
 10
-683.8285
 20
-584.0699
 30
0.0
 10
-683.8441
 20
-584.637
 30
0.0
 10
-683.8467
 20
-584.8631
 30
0.0
 10
-683.8546
 20
-585.5605
 30
0.0
 10
-684.0864
 20
-585.2288
 30
0.0
 10
-684.173
 20
-585.3803
 30
0.0
 10
-684.1267
 20
-585.4221
 30
0.0
 10
-684.1469
 20
-585.4171
 30
0.0
 10
-683.9642
 20
-585.4135
 30
0.0
 10
-683.7981
 20
-585.4102
 30
0.0
 10
-683.0038
 20
-585.4462
 30
0.0
 10
-682.9211
 20
-585.3803
 30
0.0
 10
-682.9518
 20
-585.3552
 30
0.0
 10
-682.9304
 20
-585.368
 30
0.0
 10
-682.9748
 20
-585.351
 30
0.0
 10
-683.0865
 20
-585.3081
 30
0.0
 10
-683.2424
 20
-585.3647
 30
0.0
 10
-683.3001
 20
-585.2376
 30
0.0
 10
-683.377
 20
-585.0687
 30
0.0
 10
-683.3451
 20
-583.3008
 30
0.0
 10
-683.3445
 20
-583.0263
 30
0.0
 10
-683.3424
 20
-582.0605
 30
0.0
 10
-683.0882
 20
-582.6108
 30
0.0
 10
-683.0114
 20
-582.3671
 30
0.0
 10
-683.0609
 20
-582.3367
 30
0.0
 10
-683.0527
 20
-582.3445
 30
0.0
 10
-683.1162
 20
-582.3445
 30
0.0
 10
-683.3298
 20
-582.3485
 30
0.0
 10
-684.0655
 20
-582.3335
 30
0.0
 10
-684.2386
 20
-582.3676
 30
0.0
  0
HATCH
  5
95
330
1F
100
AcDbEntity
  8
Layer 1
 62
   250
420
  3617845
100
AcDbHatch
 10
0.0
 20
0.0
 30
0.0
210
0.0
220
0.0
230
1.0
  2
SOLID
 70
     1
 71
     1
 91
        1
 92
        1
 93
        1
 72
     4
 94
        3
 73
     0
 74
     1
 95
       92
 96
       88
 40
0.0
 40
0.0
 40
0.0
 40
0.0
 40
0.0344827586206897
 40
0.0344827586206897
 40
0.0344827586206897
 40
0.0689655172413793
 40
0.0689655172413793
 40
0.0689655172413793
 40
0.103448275862069
 40
0.103448275862069
 40
0.103448275862069
 40
0.1379310344827586
 40
0.1379310344827586
 40
0.1379310344827586
 40
0.1724137931034483
 40
0.1724137931034483
 40
0.1724137931034483
 40
0.2068965517241379
 40
0.2068965517241379
 40
0.2068965517241379
 40
0.2413793103448276
 40
0.2413793103448276
 40
0.2413793103448276
 40
0.2758620689655172
 40
0.2758620689655172
 40
0.2758620689655172
 40
0.3103448275862069
 40
0.3103448275862069
 40
0.3103448275862069
 40
0.3448275862068966
 40
0.3448275862068966
 40
0.3448275862068966
 40
0.3793103448275862
 40
0.3793103448275862
 40
0.3793103448275862
 40
0.4137931034482759
 40
0.4137931034482759
 40
0.4137931034482759
 40
0.4482758620689655
 40
0.4482758620689655
 40
0.4482758620689655
 40
0.4827586206896551
 40
0.4827586206896551
 40
0.4827586206896551
 40
0.5172413793103449
 40
0.5172413793103449
 40
0.5172413793103449
 40
0.5517241379310345
 40
0.5517241379310345
 40
0.5517241379310345
 40
0.5862068965517241
 40
0.5862068965517241
 40
0.5862068965517241
 40
0.6206896551724138
 40
0.6206896551724138
 40
0.6206896551724138
 40
0.6551724137931034
 40
0.6551724137931034
 40
0.6551724137931034
 40
0.6896551724137931
 40
0.6896551724137931
 40
0.6896551724137931
 40
0.7241379310344828
 40
0.7241379310344828
 40
0.7241379310344828
 40
0.7586206896551724
 40
0.7586206896551724
 40
0.7586206896551724
 40
0.7931034482758621
 40
0.7931034482758621
 40
0.7931034482758621
 40
0.8275862068965517
 40
0.8275862068965517
 40
0.8275862068965517
 40
0.8620689655172413
 40
0.8620689655172413
 40
0.8620689655172413
 40
0.896551724137931
 40
0.896551724137931
 40
0.896551724137931
 40
0.9310344827586207
 40
0.9310344827586207
 40
0.9310344827586207
 40
0.9655172413793103
 40
0.9655172413793103
 40
0.9655172413793103
 40
1.0
 40
1.0
 40
1.0
 40
1.0
 10
-684.2386
 20
-582.3676
 10
-684.1576
 20
-582.5108
 10
-683.8941
 20
-582.3439
 10
-683.8519
 20
-582.6066
 10
-683.8183
 20
-582.8152
 10
-683.8427
 20
-583.3509
 10
-683.8549
 20
-583.6029
 10
-683.8822
 20
-583.6166
 10
-683.862
 20
-583.6119
 10
-683.9173
 20
-583.6228
 10
-683.9173
 20
-583.6228
 10
-685.2828
 20
-583.6268
 10
-685.2828
 20
-583.6268
 10
-685.3775
 20
-583.6086
 10
-685.3217
 20
-583.6262
 10
-685.3789
 20
-583.5915
 10
-685.3838
 20
-583.3907
 10
-685.4059
 20
-582.6812
 10
-685.3626
 20
-582.547
 10
-685.3009
 20
-582.3561
 10
-685.1149
 20
-582.4907
 10
-685.0533
 20
-582.3907
 10
-685.0912
 20
-582.3063
 10
-685.284
 20
-582.3485
 10
-685.3761
 20
-582.3504
 10
-685.3761
 20
-582.3504
 10
-686.1294
 20
-582.3445
 10
-686.1294
 20
-582.3445
 10
-686.2944
 20
-582.3422
 10
-686.2738
 20
-582.3316
 10
-686.2781
 20
-582.4142
 10
-685.9886
 20
-582.5021
 10
-685.8896
 20
-582.3176
 10
-685.8877
 20
-582.7909
 10
-685.8877
 20
-582.7909
 10
-685.8875
 20
-584.7683
 10
-685.8875
 20
-584.7683
 10
-685.8874
 20
-585.4817
 10
-685.9947
 20
-585.2757
 10
-686.2174
 20
-585.3607
 10
-686.1914
 20
-585.4249
 10
-686.1945
 20
-585.4149
 10
-686.1078
 20
-585.4179
 10
-686.1078
 20
-585.4179
 10
-685.211
 20
-585.4153
 10
-685.211
 20
-585.4153
 10
-684.9711
 20
-585.4179
 10
-684.981
 20
-585.4363
 10
-684.9606
 20
-585.3568
 10
-685.1945
 20
-585.2436
 10
-685.3251
 20
-585.4811
 10
-685.3707
 20
-585.0612
 10
-685.4069
 20
-584.7275
 10
-685.3951
 20
-584.2162
 10
-685.3696
 20
-583.8596
 10
-685.3696
 20
-583.8596
 10
-683.8524
 20
-583.8612
 10
-683.8524
 20
-583.8612
 10
-683.8285
 20
-584.0699
 10
-683.8441
 20
-584.637
 10
-683.8467
 20
-584.8631
 10
-683.8546
 20
-585.5605
 10
-684.0864
 20
-585.2288
 10
-684.173
 20
-585.3803
 10
-684.1267
 20
-585.4221
 10
-684.1469
 20
-585.4171
 10
-683.9642
 20
-585.4135
 10
-683.7981
 20
-585.4102
 10
-683.0038
 20
-585.4462
 10
-682.9211
 20
-585.3803
 10
-682.9518
 20
-585.3552
 10
-682.9304
 20
-585.368
 10
-682.9748
 20
-585.351
 10
-683.0865
 20
-585.3081
 10
-683.2424
 20
-585.3647
 10
-683.3001
 20
-585.2376
 10
-683.377
 20
-585.0687
 10
-683.3451
 20
-583.3008
 10
-683.3445
 20
-583.0263
 10
-683.3424
 20
-582.0605
 10
-683.0882
 20
-582.6108
 10
-683.0114
 20
-582.3671
 10
-683.0609
 20
-582.3367
 10
-683.0527
 20
-582.3445
 10
-683.1162
 20
-582.3445
 10
-683.3298
 20
-582.3485
 10
-684.0655
 20
-582.3335
 10
-684.2386
 20
-582.3676
 97
        1
330
94
 75
     0
 76
     1
 98
        1
 10
0.0
 20
0.0
  0
SPLINE
  5
96
102
{ACAD_REACTORS
330
97
102
}
330
1F
100
AcDbEntity
  8
Layer 1
 62
   250
100
AcDbSpline
210
0.0
220
0.0
230
1.0
 70
    11
 71
     3
 72
    80
 73
    76
 74
     0
 42
0.0000000001
 43
0.0000000001
 40
0.0
 40
0.0
 40
0.0
 40
0.0
 40
0.04
 40
0.04
 40
0.04
 40
0.08
 40
0.08
 40
0.08
 40
0.12
 40
0.12
 40
0.12
 40
0.16
 40
0.16
 40
0.16
 40
0.2
 40
0.2
 40
0.2
 40
0.24
 40
0.24
 40
0.24
 40
0.28
 40
0.28
 40
0.28
 40
0.32
 40
0.32
 40
0.32
 40
0.36
 40
0.36
 40
0.36
 40
0.4
 40
0.4
 40
0.4
 40
0.44
 40
0.44
 40
0.44
 40
0.48
 40
0.48
 40
0.48
 40
0.52
 40
0.52
 40
0.52
 40
0.56
 40
0.56
 40
0.56
 40
0.6
 40
0.6
 40
0.6
 40
0.64
 40
0.64
 40
0.64
 40
0.68
 40
0.68
 40
0.68
 40
0.72
 40
0.72
 40
0.72
 40
0.76
 40
0.76
 40
0.76
 40
0.8
 40
0.8
 40
0.8
 40
0.84
 40
0.84
 40
0.84
 40
0.88
 40
0.88
 40
0.88
 40
0.92
 40
0.92
 40
0.92
 40
0.96
 40
0.96
 40
0.96
 40
1.0
 40
1.0
 40
1.0
 40
1.0
 10
-675.0562
 20
-582.3671
 30
0.0
 10
-675.0381
 20
-582.3853
 30
0.0
 10
-675.0978
 20
-582.408
 30
0.0
 10
-674.9705
 20
-582.4248
 30
0.0
 10
-674.8615
 20
-582.4391
 30
0.0
 10
-674.7116
 20
-582.3993
 30
0.0
 10
-674.6701
 20
-582.6283
 30
0.0
 10
-674.6406
 20
-582.7911
 30
0.0
 10
-674.6486
 20
-583.0908
 30
0.0
 10
-674.6456
 20
-583.2607
 30
0.0
 10
-674.6377
 20
-583.7025
 30
0.0
 10
-674.6213
 20
-584.1529
 30
0.0
 10
-674.627
 20
-584.5941
 30
0.0
 10
-674.7409
 20
-584.5337
 30
0.0
 10
-674.8597
 20
-584.3826
 30
0.0
 10
-674.9279
 20
-584.3016
 30
0.0
 10
-674.9279
 20
-584.3016
 30
0.0
 10
-675.7586
 20
-583.4373
 30
0.0
 10
-675.7586
 20
-583.4373
 30
0.0
 10
-676.0242
 20
-583.1743
 30
0.0
 10
-676.3203
 20
-582.8053
 30
0.0
 10
-676.5705
 20
-582.5548
 30
0.0
 10
-676.6905
 20
-582.4346
 30
0.0
 10
-676.69
 20
-582.3334
 30
0.0
 10
-676.9081
 20
-582.3374
 30
0.0
 10
-676.9473
 20
-582.8706
 30
0.0
 10
-676.934
 20
-583.4745
 30
0.0
 10
-676.9418
 20
-584.0141
 30
0.0
 10
-676.946
 20
-584.3047
 30
0.0
 10
-676.9494
 20
-584.5956
 30
0.0
 10
-676.9519
 20
-584.8862
 30
0.0
 10
-676.9575
 20
-585.5609
 30
0.0
 10
-677.1785
 20
-585.2025
 30
0.0
 10
-677.3048
 20
-585.3803
 30
0.0
 10
-677.3048
 20
-585.3803
 30
0.0
 10
-676.7367
 20
-585.4066
 30
0.0
 10
-676.7367
 20
-585.4066
 30
0.0
 10
-676.5526
 20
-585.4103
 30
0.0
 10
-676.26
 20
-585.4534
 30
0.0
 10
-676.2265
 20
-585.3568
 30
0.0
 10
-676.3964
 20
-585.2615
 30
0.0
 10
-676.5522
 20
-585.4339
 30
0.0
 10
-676.6118
 20
-585.091
 30
0.0
 10
-676.6509
 20
-584.8664
 30
0.0
 10
-676.6759
 20
-583.2896
 30
0.0
 10
-676.6568
 20
-583.1745
 30
0.0
 10
-676.6159
 20
-583.2255
 30
0.0
 10
-676.5638
 20
-583.2651
 30
0.0
 10
-676.5147
 20
-583.3228
 30
0.0
 10
-676.5147
 20
-583.3228
 30
0.0
 10
-676.1164
 20
-583.7714
 30
0.0
 10
-676.1164
 20
-583.7714
 30
0.0
 10
-675.7744
 20
-584.1608
 30
0.0
 10
-675.3448
 20
-584.571
 30
0.0
 10
-674.9989
 20
-584.9374
 30
0.0
 10
-674.8963
 20
-585.0461
 30
0.0
 10
-674.828
 20
-585.1099
 30
0.0
 10
-674.7211
 20
-585.224
 30
0.0
 10
-674.6555
 20
-585.2941
 30
0.0
 10
-674.538
 20
-585.4782
 30
0.0
 10
-674.3951
 20
-585.4404
 30
0.0
 10
-674.3578
 20
-585.2457
 30
0.0
 10
-674.3731
 20
-584.8228
 30
0.0
 10
-674.3695
 20
-584.6035
 30
0.0
 10
-674.3695
 20
-584.6035
 30
0.0
 10
-674.3413
 20
-582.9083
 30
0.0
 10
-674.3413
 20
-582.9083
 30
0.0
 10
-674.3334
 20
-582.1953
 30
0.0
 10
-674.1109
 20
-582.5382
 30
0.0
 10
-674.0117
 20
-582.3907
 30
0.0
 10
-674.0587
 20
-582.2962
 30
0.0
 10
-674.4111
 20
-582.3516
 30
0.0
 10
-674.5238
 20
-582.3507
 30
0.0
 10
-674.6471
 20
-582.3498
 30
0.0
 10
-674.9672
 20
-582.3159
 30
0.0
 10
-675.0562
 20
-582.3671
 30
0.0
  0
HATCH
  5
97
330
1F
100
AcDbEntity
  8
Layer 1
 62
   250
420
  3617845
100
AcDbHatch
 10
0.0
 20
0.0
 30
0.0
210
0.0
220
0.0
230
1.0
  2
SOLID
 70
     1
 71
     1
 91
        1
 92
        1
 93
        1
 72
     4
 94
        3
 73
     0
 74
     1
 95
       80
 96
       76
 40
0.0
 40
0.0
 40
0.0
 40
0.0
 40
0.04
 40
0.04
 40
0.04
 40
0.08
 40
0.08
 40
0.08
 40
0.12
 40
0.12
 40
0.12
 40
0.16
 40
0.16
 40
0.16
 40
0.2
 40
0.2
 40
0.2
 40
0.24
 40
0.24
 40
0.24
 40
0.28
 40
0.28
 40
0.28
 40
0.32
 40
0.32
 40
0.32
 40
0.36
 40
0.36
 40
0.36
 40
0.4
 40
0.4
 40
0.4
 40
0.44
 40
0.44
 40
0.44
 40
0.48
 40
0.48
 40
0.48
 40
0.52
 40
0.52
 40
0.52
 40
0.56
 40
0.56
 40
0.56
 40
0.6
 40
0.6
 40
0.6
 40
0.64
 40
0.64
 40
0.64
 40
0.68
 40
0.68
 40
0.68
 40
0.72
 40
0.72
 40
0.72
 40
0.76
 40
0.76
 40
0.76
 40
0.8
 40
0.8
 40
0.8
 40
0.84
 40
0.84
 40
0.84
 40
0.88
 40
0.88
 40
0.88
 40
0.92
 40
0.92
 40
0.92
 40
0.96
 40
0.96
 40
0.96
 40
1.0
 40
1.0
 40
1.0
 40
1.0
 10
-675.0562
 20
-582.3671
 10
-675.0381
 20
-582.3853
 10
-675.0978
 20
-582.408
 10
-674.9705
 20
-582.4248
 10
-674.8615
 20
-582.4391
 10
-674.7116
 20
-582.3993
 10
-674.6701
 20
-582.6283
 10
-674.6406
 20
-582.7911
 10
-674.6486
 20
-583.0908
 10
-674.6456
 20
-583.2607
 10
-674.6377
 20
-583.7025
 10
-674.6213
 20
-584.1529
 10
-674.627
 20
-584.5941
 10
-674.7409
 20
-584.5337
 10
-674.8597
 20
-584.3826
 10
-674.9279
 20
-584.3016
 10
-674.9279
 20
-584.3016
 10
-675.7586
 20
-583.4373
 10
-675.7586
 20
-583.4373
 10
-676.0242
 20
-583.1743
 10
-676.3203
 20
-582.8053
 10
-676.5705
 20
-582.5548
 10
-676.6905
 20
-582.4346
 10
-676.69
 20
-582.3334
 10
-676.9081
 20
-582.3374
 10
-676.9473
 20
-582.8706
 10
-676.934
 20
-583.4745
 10
-676.9418
 20
-584.0141
 10
-676.946
 20
-584.3047
 10
-676.9494
 20
-584.5956
 10
-676.9519
 20
-584.8862
 10
-676.9575
 20
-585.5609
 10
-677.1785
 20
-585.2025
 10
-677.3048
 20
-585.3803
 10
-677.3048
 20
-585.3803
 10
-676.7367
 20
-585.4066
 10
-676.7367
 20
-585.4066
 10
-676.5526
 20
-585.4103
 10
-676.26
 20
-585.4534
 10
-676.2265
 20
-585.3568
 10
-676.3964
 20
-585.2615
 10
-676.5522
 20
-585.4339
 10
-676.6118
 20
-585.091
 10
-676.6509
 20
-584.8664
 10
-676.6759
 20
-583.2896
 10
-676.6568
 20
-583.1745
 10
-676.6159
 20
-583.2255
 10
-676.5638
 20
-583.2651
 10
-676.5147
 20
-583.3228
 10
-676.5147
 20
-583.3228
 10
-676.1164
 20
-583.7714
 10
-676.1164
 20
-583.7714
 10
-675.7744
 20
-584.1608
 10
-675.3448
 20
-584.571
 10
-674.9989
 20
-584.9374
 10
-674.8963
 20
-585.0461
 10
-674.828
 20
-585.1099
 10
-674.7211
 20
-585.224
 10
-674.6555
 20
-585.2941
 10
-674.538
 20
-585.4782
 10
-674.3951
 20
-585.4404
 10
-674.3578
 20
-585.2457
 10
-674.3731
 20
-584.8228
 10
-674.3695
 20
-584.6035
 10
-674.3695
 20
-584.6035
 10
-674.3413
 20
-582.9083
 10
-674.3413
 20
-582.9083
 10
-674.3334
 20
-582.1953
 10
-674.1109
 20
-582.5382
 10
-674.0117
 20
-582.3907
 10
-674.0587
 20
-582.2962
 10
-674.4111
 20
-582.3516
 10
-674.5238
 20
-582.3507
 10
-674.6471
 20
-582.3498
 10
-674.9672
 20
-582.3159
 10
-675.0562
 20
-582.3671
 97
        1
330
96
 75
     0
 76
     1
 98
        1
 10
0.0
 20
0.0
  0
SPLINE
  5
98
102
{ACAD_REACTORS
330
99
102
}
330
1F
100
AcDbEntity
  8
Layer 1
 62
   250
100
AcDbSpline
210
0.0
220
0.0
230
1.0
 70
    11
 71
     3
 72
    14
 73
    10
 74
     0
 42
0.0000000001
 43
0.0000000001
 40
0.0
 40
0.0
 40
0.0
 40
0.0
 40
0.3333333333333333
 40
0.3333333333333333
 40
0.3333333333333333
 40
0.6666666666666666
 40
0.6666666666666666
 40
0.6666666666666666
 40
1.0
 40
1.0
 40
1.0
 40
1.0
 10
-691.8873
 20
-584.015
 30
0.0
 10
-691.8873
 20
-584.7161
 30
0.0
 10
-692.2352
 20
-585.383
 30
0.0
 10
-693.0196
 20
-585.1866
 30
0.0
 10
-694.3421
 20
-584.8556
 30
0.0
 10
-694.2042
 20
-582.2495
 30
0.0
 10
-692.8103
 20
-582.5518
 30
0.0
 10
-692.1641
 20
-582.692
 30
0.0
 10
-691.8873
 20
-583.2572
 30
0.0
 10
-691.8873
 20
-584.015
 30
0.0
  0
HATCH
  5
99
330
1F
100
AcDbEntity
  8
Layer 1
 62
   250
420
  3617845
100
AcDbHatch
 10
0.0
 20
0.0
 30
0.0
210
0.0
220
0.0
230
1.0
  2
SOLID
 70
     1
 71
     1
 91
        1
 92
        1
 93
        1
 72
     4
 94
        3
 73
     0
 74
     1
 95
       14
 96
       10
 40
0.0
 40
0.0
 40
0.0
 40
0.0
 40
0.3333333333333333
 40
0.3333333333333333
 40
0.3333333333333333
 40
0.6666666666666666
 40
0.6666666666666666
 40
0.6666666666666666
 40
1.0
 40
1.0
 40
1.0
 40
1.0
 10
-691.8873
 20
-584.015
 10
-691.8873
 20
-584.7161
 10
-692.2352
 20
-585.383
 10
-693.0196
 20
-585.1866
 10
-694.3421
 20
-584.8556
 10
-694.2042
 20
-582.2495
 10
-692.8103
 20
-582.5518
 10
-692.1641
 20
-582.692
 10
-691.8873
 20
-583.2572
 10
-691.8873
 20
-584.015
 97
        1
330
98
 75
     0
 76
     1
 98
        1
 10
0.0
 20
0.0
  0
SPLINE
  5
9A
102
{ACAD_REACTORS
330
9B
102
}
330
1F
100
AcDbEntity
  8
Layer 1
 62
   250
100
AcDbSpline
210
0.0
220
0.0
230
1.0
 70
    11
 71
     3
 72
    14
 73
    10
 74
     0
 42
0.0000000001
 43
0.0000000001
 40
0.0
 40
0.0
 40
0.0
 40
0.0
 40
0.3333333333333333
 40
0.3333333333333333
 40
0.3333333333333333
 40
0.6666666666666666
 40
0.6666666666666666
 40
0.6666666666666666
 40
1.0
 40
1.0
 40
1.0
 40
1.0
 10
-694.452
 20
-584.062
 30
0.0
 10
-694.2157
 20
-586.0421
 30
0.0
 10
-691.2454
 20
-585.8274
 30
0.0
 10
-691.3479
 20
-583.7084
 30
0.0
 10
-691.3915
 20
-582.8079
 30
0.0
 10
-692.0988
 20
-582.2349
 30
0.0
 10
-693.0891
 20
-582.3497
 30
0.0
 10
-694.0285
 20
-582.4587
 30
0.0
 10
-694.5518
 20
-583.2262
 30
0.0
 10
-694.452
 20
-584.062
 30
0.0
  0
HATCH
  5
9B
330
1F
100
AcDbEntity
  8
Layer 1
 62
   250
420
  3617845
100
AcDbHatch
 10
0.0
 20
0.0
 30
0.0
210
0.0
220
0.0
230
1.0
  2
SOLID
 70
     1
 71
     1
 91
        1
 92
        1
 93
        1
 72
     4
 94
        3
 73
     0
 74
     1
 95
       14
 96
       10
 40
0.0
 40
0.0
 40
0.0
 40
0.0
 40
0.3333333333333333
 40
0.3333333333333333
 40
0.3333333333333333
 40
0.6666666666666666
 40
0.6666666666666666
 40
0.6666666666666666
 40
1.0
 40
1.0
 40
1.0
 40
1.0
 10
-694.452
 20
-584.062
 10
-694.2157
 20
-586.0421
 10
-691.2454
 20
-585.8274
 10
-691.3479
 20
-583.7084
 10
-691.3915
 20
-582.8079
 10
-692.0988
 20
-582.2349
 10
-693.0891
 20
-582.3497
 10
-694.0285
 20
-582.4587
 10
-694.5518
 20
-583.2262
 10
-694.452
 20
-584.062
 97
        1
330
9A
 75
     0
 76
     1
 98
        1
 10
0.0
 20
0.0
  0
SPLINE
  5
9C
102
{ACAD_REACTORS
330
9D
102
}
330
1F
100
AcDbEntity
  8
Layer 1
 62
   250
100
AcDbSpline
210
0.0
220
0.0
230
1.0
 70
    11
 71
     3
 72
    50
 73
    46
 74
     0
 42
0.0000000001
 43
0.0000000001
 40
0.0
 40
0.0
 40
0.0
 40
0.0
 40
0.0666666666666667
 40
0.0666666666666667
 40
0.0666666666666667
 40
0.1333333333333333
 40
0.1333333333333333
 40
0.1333333333333333
 40
0.2
 40
0.2
 40
0.2
 40
0.2666666666666667
 40
0.2666666666666667
 40
0.2666666666666667
 40
0.3333333333333333
 40
0.3333333333333333
 40
0.3333333333333333
 40
0.4
 40
0.4
 40
0.4
 40
0.4666666666666667
 40
0.4666666666666667
 40
0.4666666666666667
 40
0.5333333333333333
 40
0.5333333333333333
 40
0.5333333333333333
 40
0.6
 40
0.6
 40
0.6
 40
0.6666666666666666
 40
0.6666666666666666
 40
0.6666666666666666
 40
0.7333333333333333
 40
0.7333333333333333
 40
0.7333333333333333
 40
0.8
 40
0.8
 40
0.8
 40
0.8666666666666667
 40
0.8666666666666667
 40
0.8666666666666667
 40
0.9333333333333333
 40
0.9333333333333333
 40
0.9333333333333333
 40
1.0
 40
1.0
 40
1.0
 40
1.0
 10
-689.3311
 20
-585.1692
 30
0.0
 10
-689.3086
 20
-585.0735
 30
0.0
 10
-688.2046
 20
-583.3489
 30
0.0
 10
-688.0512
 20
-583.1043
 30
0.0
 10
-687.9822
 20
-582.9943
 30
0.0
 10
-687.6583
 20
-582.5151
 30
0.0
 10
-687.6676
 20
-582.4005
 30
0.0
 10
-687.9103
 20
-582.365
 30
0.0
 10
-688.904
 20
-582.3919
 30
0.0
 10
-689.2838
 20
-582.3889
 30
0.0
 10
-689.4288
 20
-582.3878
 30
0.0
 10
-689.7024
 20
-582.3546
 30
0.0
 10
-689.8045
 20
-582.3654
 30
0.0
 10
-689.8446
 20
-582.4723
 30
0.0
 10
-689.9432
 20
-582.9684
 30
0.0
 10
-689.8723
 20
-583.0709
 30
0.0
 10
-689.7946
 20
-583.037
 30
0.0
 10
-689.8114
 20
-582.957
 30
0.0
 10
-689.7717
 20
-582.87
 30
0.0
 10
-689.7415
 20
-582.8037
 30
0.0
 10
-689.7055
 20
-582.7552
 30
0.0
 10
-689.646
 20
-582.7127
 30
0.0
 10
-689.4367
 20
-582.5633
 30
0.0
 10
-688.6616
 20
-582.6113
 30
0.0
 10
-688.3265
 20
-582.609
 30
0.0
 10
-688.3349
 20
-582.7206
 30
0.0
 10
-688.6568
 20
-583.1869
 30
0.0
 10
-688.7544
 20
-583.3436
 30
0.0
 10
-688.7544
 20
-583.3436
 30
0.0
 10
-689.6604
 20
-584.792
 30
0.0
 10
-689.6604
 20
-584.792
 30
0.0
 10
-690.0352
 20
-585.3926
 30
0.0
 10
-690.1262
 20
-585.3986
 30
0.0
 10
-689.7546
 20
-585.3969
 30
0.0
 10
-689.7546
 20
-585.3969
 30
0.0
 10
-687.7772
 20
-585.4031
 30
0.0
 10
-687.7772
 20
-585.4031
 30
0.0
 10
-687.695
 20
-585.3083
 30
0.0
 10
-687.5751
 20
-584.8331
 30
0.0
 10
-687.6831
 20
-584.6989
 30
0.0
 10
-687.8386
 20
-584.7909
 30
0.0
 10
-687.6355
 20
-585.1155
 30
0.0
 10
-688.2741
 20
-585.1657
 30
0.0
 10
-688.583
 20
-585.1901
 30
0.0
 10
-689.0147
 20
-585.1769
 30
0.0
 10
-689.3311
 20
-585.1692
 30
0.0
  0
HATCH
  5
9D
330
1F
100
AcDbEntity
  8
Layer 1
 62
   250
420
  3617845
100
AcDbHatch
 10
0.0
 20
0.0
 30
0.0
210
0.0
220
0.0
230
1.0
  2
SOLID
 70
     1
 71
     1
 91
        1
 92
        1
 93
        1
 72
     4
 94
        3
 73
     0
 74
     1
 95
       50
 96
       46
 40
0.0
 40
0.0
 40
0.0
 40
0.0
 40
0.0666666666666667
 40
0.0666666666666667
 40
0.0666666666666667
 40
0.1333333333333333
 40
0.1333333333333333
 40
0.1333333333333333
 40
0.2
 40
0.2
 40
0.2
 40
0.2666666666666667
 40
0.2666666666666667
 40
0.2666666666666667
 40
0.3333333333333333
 40
0.3333333333333333
 40
0.3333333333333333
 40
0.4
 40
0.4
 40
0.4
 40
0.4666666666666667
 40
0.4666666666666667
 40
0.4666666666666667
 40
0.5333333333333333
 40
0.5333333333333333
 40
0.5333333333333333
 40
0.6
 40
0.6
 40
0.6
 40
0.6666666666666666
 40
0.6666666666666666
 40
0.6666666666666666
 40
0.7333333333333333
 40
0.7333333333333333
 40
0.7333333333333333
 40
0.8
 40
0.8
 40
0.8
 40
0.8666666666666667
 40
0.8666666666666667
 40
0.8666666666666667
 40
0.9333333333333333
 40
0.9333333333333333
 40
0.9333333333333333
 40
1.0
 40
1.0
 40
1.0
 40
1.0
 10
-689.3311
 20
-585.1692
 10
-689.3086
 20
-585.0735
 10
-688.2046
 20
-583.3489
 10
-688.0512
 20
-583.1043
 10
-687.9822
 20
-582.9943
 10
-687.6583
 20
-582.5151
 10
-687.6676
 20
-582.4005
 10
-687.9103
 20
-582.365
 10
-688.904
 20
-582.3919
 10
-689.2838
 20
-582.3889
 10
-689.4288
 20
-582.3878
 10
-689.7024
 20
-582.3546
 10
-689.8045
 20
-582.3654
 10
-689.8446
 20
-582.4723
 10
-689.9432
 20
-582.9684
 10
-689.8723
 20
-583.0709
 10
-689.7946
 20
-583.037
 10
-689.8114
 20
-582.957
 10
-689.7717
 20
-582.87
 10
-689.7415
 20
-582.8037
 10
-689.7055
 20
-582.7552
 10
-689.646
 20
-582.7127
 10
-689.4367
 20
-582.5633
 10
-688.6616
 20
-582.6113
 10
-688.3265
 20
-582.609
 10
-688.3349
 20
-582.7206
 10
-688.6568
 20
-583.1869
 10
-688.7544
 20
-583.3436
 10
-688.7544
 20
-583.3436
 10
-689.6604
 20
-584.792
 10
-689.6604
 20
-584.792
 10
-690.0352
 20
-585.3926
 10
-690.1262
 20
-585.3986
 10
-689.7546
 20
-585.3969
 10
-689.7546
 20
-585.3969
 10
-687.7772
 20
-585.4031
 10
-687.7772
 20
-585.4031
 10
-687.695
 20
-585.3083
 10
-687.5751
 20
-584.8331
 10
-687.6831
 20
-584.6989
 10
-687.8386
 20
-584.7909
 10
-687.6355
 20
-585.1155
 10
-688.2741
 20
-585.1657
 10
-688.583
 20
-585.1901
 10
-689.0147
 20
-585.1769
 10
-689.3311
 20
-585.1692
 97
        1
330
9C
 75
     0
 76
     1
 98
        1
 10
0.0
 20
0.0
  0
SPLINE
  5
9E
102
{ACAD_REACTORS
330
9F
102
}
330
1F
100
AcDbEntity
  8
Layer 1
 62
   250
100
AcDbSpline
210
0.0
220
0.0
230
1.0
 70
    11
 71
     3
 72
    14
 73
    10
 74
     0
 42
0.0000000001
 43
0.0000000001
 40
0.0
 40
0.0
 40
0.0
 40
0.0
 40
0.3333333333333333
 40
0.3333333333333333
 40
0.3333333333333333
 40
0.6666666666666666
 40
0.6666666666666666
 40
0.6666666666666666
 40
1.0
 40
1.0
 40
1.0
 40
1.0
 10
-680.5653
 20
-584.1912
 30
0.0
 10
-680.5461
 20
-584.0465
 30
0.0
 10
-680.2696
 20
-583.2616
 30
0.0
 10
-680.2037
 20
-583.1812
 30
0.0
 10
-680.2037
 20
-583.1812
 30
0.0
 10
-679.8591
 20
-584.1909
 30
0.0
 10
-679.8591
 20
-584.1909
 30
0.0
 10
-679.8591
 20
-584.1909
 30
0.0
 10
-680.5653
 20
-584.1912
 30
0.0
 10
-680.5653
 20
-584.1912
 30
0.0
  0
HATCH
  5
9F
330
1F
100
AcDbEntity
  8
Layer 1
 62
   250
420
  3617845
100
AcDbHatch
 10
0.0
 20
0.0
 30
0.0
210
0.0
220
0.0
230
1.0
  2
SOLID
 70
     1
 71
     1
 91
        1
 92
        1
 93
        1
 72
     4
 94
        3
 73
     0
 74
     1
 95
       14
 96
       10
 40
0.0
 40
0.0
 40
0.0
 40
0.0
 40
0.3333333333333333
 40
0.3333333333333333
 40
0.3333333333333333
 40
0.6666666666666666
 40
0.6666666666666666
 40
0.6666666666666666
 40
1.0
 40
1.0
 40
1.0
 40
1.0
 10
-680.5653
 20
-584.1912
 10
-680.5461
 20
-584.0465
 10
-680.2696
 20
-583.2616
 10
-680.2037
 20
-583.1812
 10
-680.2037
 20
-583.1812
 10
-679.8591
 20
-584.1909
 10
-679.8591
 20
-584.1909
 10
-679.8591
 20
-584.1909
 10
-680.5653
 20
-584.1912
 10
-680.5653
 20
-584.1912
 97
        1
330
9E
 75
     0
 76
     1
 98
        1
 10
0.0
 20
0.0
  0
SPLINE
  5
A0
102
{ACAD_REACTORS
330
A1
102
}
330
1F
100
AcDbEntity
  8
Layer 1
 62
   250
100
AcDbSpline
210
0.0
220
0.0
230
1.0
 70
    11
 71
     3
 72
    53
 73
    49
 74
     0
 42
0.0000000001
 43
0.0000000001
 40
0.0
 40
0.0
 40
0.0
 40
0.0
 40
0.0625
 40
0.0625
 40
0.0625
 40
0.125
 40
0.125
 40
0.125
 40
0.1875
 40
0.1875
 40
0.1875
 40
0.25
 40
0.25
 40
0.25
 40
0.3125
 40
0.3125
 40
0.3125
 40
0.375
 40
0.375
 40
0.375
 40
0.4375
 40
0.4375
 40
0.4375
 40
0.5
 40
0.5
 40
0.5
 40
0.5625
 40
0.5625
 40
0.5625
 40
0.625
 40
0.625
 40
0.625
 40
0.6875
 40
0.6875
 40
0.6875
 40
0.75
 40
0.75
 40
0.75
 40
0.8125
 40
0.8125
 40
0.8125
 40
0.875
 40
0.875
 40
0.875
 40
0.9375
 40
0.9375
 40
0.9375
 40
1.0
 40
1.0
 40
1.0
 40
1.0
 10
-680.8883
 20
-585.317
 30
0.0
 10
-680.9739
 20
-585.1312
 30
0.0
 10
-680.7302
 20
-584.5406
 30
0.0
 10
-680.6492
 20
-584.3886
 30
0.0
 10
-680.6492
 20
-584.3886
 30
0.0
 10
-679.7757
 20
-584.3948
 30
0.0
 10
-679.7757
 20
-584.3948
 30
0.0
 10
-679.7757
 20
-584.3948
 30
0.0
 10
-679.4948
 20
-585.1521
 30
0.0
 10
-679.4948
 20
-585.1521
 30
0.0
 10
-679.427
 20
-585.3472
 30
0.0
 10
-679.5109
 20
-585.3064
 30
0.0
 10
-679.5406
 20
-585.3815
 30
0.0
 10
-679.3649
 20
-585.409
 30
0.0
 10
-678.7023
 20
-585.4516
 30
0.0
 10
-678.5725
 20
-585.3803
 30
0.0
 10
-678.6221
 20
-585.2686
 30
0.0
 10
-678.6621
 20
-585.3689
 30
0.0
 10
-678.805
 20
-585.3039
 30
0.0
 10
-678.8499
 20
-585.2835
 30
0.0
 10
-678.9143
 20
-585.2169
 30
0.0
 10
-678.949
 20
-585.1671
 30
0.0
 10
-679.0771
 20
-584.9834
 30
0.0
 10
-679.646
 20
-583.4664
 30
0.0
 10
-679.7626
 20
-583.1548
 30
0.0
 10
-679.8189
 20
-583.0046
 30
0.0
 10
-679.9945
 20
-582.4228
 30
0.0
 10
-680.1265
 20
-582.3798
 30
0.0
 10
-680.2246
 20
-582.4357
 30
0.0
 10
-680.2352
 20
-582.5621
 30
0.0
 10
-680.3162
 20
-582.7653
 30
0.0
 10
-680.5746
 20
-583.413
 30
0.0
 10
-680.8404
 20
-584.179
 30
0.0
 10
-681.0983
 20
-584.8056
 30
0.0
 10
-681.1791
 20
-585.0021
 30
0.0
 10
-681.2369
 20
-585.2616
 30
0.0
 10
-681.4386
 20
-585.3131
 30
0.0
 10
-681.6499
 20
-585.3671
 30
0.0
 10
-681.5933
 20
-585.2913
 30
0.0
 10
-681.6314
 20
-585.3803
 30
0.0
 10
-681.5638
 20
-585.4148
 30
0.0
 10
-680.7332
 20
-585.4149
 30
0.0
 10
-680.671
 20
-585.3803
 30
0.0
 10
-680.701
 20
-585.3126
 30
0.0
 10
-680.6484
 20
-585.3511
 30
0.0
 10
-680.7609
 20
-585.3315
 30
0.0
 10
-680.8014
 20
-585.3244
 30
0.0
 10
-680.8331
 20
-585.3292
 30
0.0
 10
-680.8883
 20
-585.317
 30
0.0
  0
HATCH
  5
A1
330
1F
100
AcDbEntity
  8
Layer 1
 62
   250
420
  3617845
100
AcDbHatch
 10
0.0
 20
0.0
 30
0.0
210
0.0
220
0.0
230
1.0
  2
SOLID
 70
     1
 71
     1
 91
        1
 92
        1
 93
        1
 72
     4
 94
        3
 73
     0
 74
     1
 95
       53
 96
       49
 40
0.0
 40
0.0
 40
0.0
 40
0.0
 40
0.0625
 40
0.0625
 40
0.0625
 40
0.125
 40
0.125
 40
0.125
 40
0.1875
 40
0.1875
 40
0.1875
 40
0.25
 40
0.25
 40
0.25
 40
0.3125
 40
0.3125
 40
0.3125
 40
0.375
 40
0.375
 40
0.375
 40
0.4375
 40
0.4375
 40
0.4375
 40
0.5
 40
0.5
 40
0.5
 40
0.5625
 40
0.5625
 40
0.5625
 40
0.625
 40
0.625
 40
0.625
 40
0.6875
 40
0.6875
 40
0.6875
 40
0.75
 40
0.75
 40
0.75
 40
0.8125
 40
0.8125
 40
0.8125
 40
0.875
 40
0.875
 40
0.875
 40
0.9375
 40
0.9375
 40
0.9375
 40
1.0
 40
1.0
 40
1.0
 40
1.0
 10
-680.8883
 20
-585.317
 10
-680.9739
 20
-585.1312
 10
-680.7302
 20
-584.5406
 10
-680.6492
 20
-584.3886
 10
-680.6492
 20
-584.3886
 10
-679.7757
 20
-584.3948
 10
-679.7757
 20
-584.3948
 10
-679.7757
 20
-584.3948
 10
-679.4948
 20
-585.1521
 10
-679.4948
 20
-585.1521
 10
-679.427
 20
-585.3472
 10
-679.5109
 20
-585.3064
 10
-679.5406
 20
-585.3815
 10
-679.3649
 20
-585.409
 10
-678.7023
 20
-585.4516
 10
-678.5725
 20
-585.3803
 10
-678.6221
 20
-585.2686
 10
-678.6621
 20
-585.3689
 10
-678.805
 20
-585.3039
 10
-678.8499
 20
-585.2835
 10
-678.9143
 20
-585.2169
 10
-678.949
 20
-585.1671
 10
-679.0771
 20
-584.9834
 10
-679.646
 20
-583.4664
 10
-679.7626
 20
-583.1548
 10
-679.8189
 20
-583.0046
 10
-679.9945
 20
-582.4228
 10
-680.1265
 20
-582.3798
 10
-680.2246
 20
-582.4357
 10
-680.2352
 20
-582.5621
 10
-680.3162
 20
-582.7653
 10
-680.5746
 20
-583.413
 10
-680.8404
 20
-584.179
 10
-681.0983
 20
-584.8056
 10
-681.1791
 20
-585.0021
 10
-681.2369
 20
-585.2616
 10
-681.4386
 20
-585.3131
 10
-681.6499
 20
-585.3671
 10
-681.5933
 20
-585.2913
 10
-681.6314
 20
-585.3803
 10
-681.5638
 20
-585.4148
 10
-680.7332
 20
-585.4149
 10
-680.671
 20
-585.3803
 10
-680.701
 20
-585.3126
 10
-680.6484
 20
-585.3511
 10
-680.7609
 20
-585.3315
 10
-680.8014
 20
-585.3244
 10
-680.8331
 20
-585.3292
 10
-680.8883
 20
-585.317
 97
        1
330
A0
 75
     0
 76
     1
 98
        1
 10
0.0
 20
0.0
  0
SPLINE
  5
A2
102
{ACAD_REACTORS
330
A3
102
}
330
1F
100
AcDbEntity
  8
Layer 1
 62
   250
100
AcDbSpline
210
0.0
220
0.0
230
1.0
 70
    11
 71
     3
 72
    17
 73
    13
 74
     0
 42
0.0000000001
 43
0.0000000001
 40
0.0
 40
0.0
 40
0.0
 40
0.0
 40
0.25
 40
0.25
 40
0.25
 40
0.5
 40
0.5
 40
0.5
 40
0.75
 40
0.75
 40
0.75
 40
1.0
 40
1.0
 40
1.0
 40
1.0
 10
-682.9934
 20
-569.3025
 30
0.0
 10
-682.8918
 20
-568.8309
 30
0.0
 10
-683.1896
 20
-568.428
 30
0.0
 10
-683.5762
 20
-568.3328
 30
0.0
 10
-684.0831
 20
-568.2079
 30
0.0
 10
-684.465
 20
-568.5528
 30
0.0
 10
-684.5611
 20
-568.916
 30
0.0
 10
-684.6853
 20
-569.3856
 30
0.0
 10
-684.3585
 20
-569.8141
 30
0.0
 10
-683.9769
 20
-569.9016
 30
0.0
 10
-683.4685
 20
-570.0181
 30
0.0
 10
-683.0775
 20
-569.6924
 30
0.0
 10
-682.9934
 20
-569.3025
 30
0.0
  0
HATCH
  5
A3
330
1F
100
AcDbEntity
  8
Layer 1
 62
   250
420
  3617845
100
AcDbHatch
 10
0.0
 20
0.0
 30
0.0
210
0.0
220
0.0
230
1.0
  2
SOLID
 70
     1
 71
     1
 91
        1
 92
        1
 93
        1
 72
     4
 94
        3
 73
     0
 74
     1
 95
       17
 96
       13
 40
0.0
 40
0.0
 40
0.0
 40
0.0
 40
0.25
 40
0.25
 40
0.25
 40
0.5
 40
0.5
 40
0.5
 40
0.75
 40
0.75
 40
0.75
 40
1.0
 40
1.0
 40
1.0
 40
1.0
 10
-682.9934
 20
-569.3025
 10
-682.8918
 20
-568.8309
 10
-683.1896
 20
-568.428
 10
-683.5762
 20
-568.3328
 10
-684.0831
 20
-568.2079
 10
-684.465
 20
-568.5528
 10
-684.5611
 20
-568.916
 10
-684.6853
 20
-569.3856
 10
-684.3585
 20
-569.8141
 10
-683.9769
 20
-569.9016
 10
-683.4685
 20
-570.0181
 10
-683.0775
 20
-569.6924
 10
-682.9934
 20
-569.3025
 97
        1
330
A2
 75
     0
 76
     1
 98
        1
 10
0.0
 20
0.0
  0
SPLINE
  5
A4
102
{ACAD_REACTORS
330
A5
102
}
330
1F
100
AcDbEntity
  8
Layer 1
 62
   250
100
AcDbSpline
210
0.0
220
0.0
230
1.0
 70
    11
 71
     3
 72
    17
 73
    13
 74
     0
 42
0.0000000001
 43
0.0000000001
 40
0.0
 40
0.0
 40
0.0
 40
0.0
 40
0.25
 40
0.25
 40
0.25
 40
0.5
 40
0.5
 40
0.5
 40
0.75
 40
0.75
 40
0.75
 40
1.0
 40
1.0
 40
1.0
 40
1.0
 10
-686.9862
 20
-557.8948
 30
0.0
 10
-686.9862
 20
-557.8948
 30
0.0
 10
-688.1863
 20
-557.8995
 30
0.0
 10
-688.1863
 20
-557.8995
 30
0.0
 10
-688.1792
 20
-558.0894
 30
0.0
 10
-687.5456
 20
-559.8431
 30
0.0
 10
-687.4344
 20
-560.2249
 30
0.0
 10
-687.3955
 20
-560.1809
 30
0.0
 10
-687.3919
 20
-560.1735
 30
0.0
 10
-687.3751
 20
-560.0719
 30
0.0
 10
-687.3095
 20
-559.6747
 30
0.0
 10
-686.9765
 20
-557.971
 30
0.0
 10
-686.9862
 20
-557.8948
 30
0.0
  0
HATCH
  5
A5
330
1F
100
AcDbEntity
  8
Layer 1
 62
   250
420
  3617845
100
AcDbHatch
 10
0.0
 20
0.0
 30
0.0
210
0.0
220
0.0
230
1.0
  2
SOLID
 70
     1
 71
     1
 91
        1
 92
        1
 93
        1
 72
     4
 94
        3
 73
     0
 74
     1
 95
       17
 96
       13
 40
0.0
 40
0.0
 40
0.0
 40
0.0
 40
0.25
 40
0.25
 40
0.25
 40
0.5
 40
0.5
 40
0.5
 40
0.75
 40
0.75
 40
0.75
 40
1.0
 40
1.0
 40
1.0
 40
1.0
 10
-686.9862
 20
-557.8948
 10
-686.9862
 20
-557.8948
 10
-688.1863
 20
-557.8995
 10
-688.1863
 20
-557.8995
 10
-688.1792
 20
-558.0894
 10
-687.5456
 20
-559.8431
 10
-687.4344
 20
-560.2249
 10
-687.3955
 20
-560.1809
 10
-687.3919
 20
-560.1735
 10
-687.3751
 20
-560.0719
 10
-687.3095
 20
-559.6747
 10
-686.9765
 20
-557.971
 10
-686.9862
 20
-557.8948
 97
        1
330
A4
 75
     0
 76
     1
 98
        1
 10
0.0
 20
0.0
  0
SPLINE
  5
A6
102
{ACAD_REACTORS
330
A7
102
}
330
1F
100
AcDbEntity
  8
Layer 1
 62
   250
100
AcDbSpline
210
0.0
220
0.0
230
1.0
 70
    11
 71
     3
 72
    17
 73
    13
 74
     0
 42
0.0000000001
 43
0.0000000001
 40
0.0
 40
0.0
 40
0.0
 40
0.0
 40
0.25
 40
0.25
 40
0.25
 40
0.5
 40
0.5
 40
0.5
 40
0.75
 40
0.75
 40
0.75
 40
1.0
 40
1.0
 40
1.0
 40
1.0
 10
-686.2306
 20
-559.9488
 30
0.0
 10
-686.0895
 20
-559.5471
 30
0.0
 10
-685.5866
 20
-558.1025
 30
0.0
 10
-685.5706
 20
-557.8968
 30
0.0
 10
-685.5706
 20
-557.8968
 30
0.0
 10
-686.7766
 20
-557.8979
 30
0.0
 10
-686.7766
 20
-557.8979
 30
0.0
 10
-686.7766
 20
-557.8979
 30
0.0
 10
-686.3412
 20
-560.2302
 30
0.0
 10
-686.3412
 20
-560.2302
 30
0.0
 10
-686.2748
 20
-560.2012
 30
0.0
 10
-686.2547
 20
-560.0173
 30
0.0
 10
-686.2306
 20
-559.9488
 30
0.0
  0
HATCH
  5
A7
330
1F
100
AcDbEntity
  8
Layer 1
 62
   250
420
  3617845
100
AcDbHatch
 10
0.0
 20
0.0
 30
0.0
210
0.0
220
0.0
230
1.0
  2
SOLID
 70
     1
 71
     1
 91
        1
 92
        1
 93
        1
 72
     4
 94
        3
 73
     0
 74
     1
 95
       17
 96
       13
 40
0.0
 40
0.0
 40
0.0
 40
0.0
 40
0.25
 40
0.25
 40
0.25
 40
0.5
 40
0.5
 40
0.5
 40
0.75
 40
0.75
 40
0.75
 40
1.0
 40
1.0
 40
1.0
 40
1.0
 10
-686.2306
 20
-559.9488
 10
-686.0895
 20
-559.5471
 10
-685.5866
 20
-558.1025
 10
-685.5706
 20
-557.8968
 10
-685.5706
 20
-557.8968
 10
-686.7766
 20
-557.8979
 10
-686.7766
 20
-557.8979
 10
-686.7766
 20
-557.8979
 10
-686.3412
 20
-560.2302
 10
-686.3412
 20
-560.2302
 10
-686.2748
 20
-560.2012
 10
-686.2547
 20
-560.0173
 10
-686.2306
 20
-559.9488
 97
        1
330
A6
 75
     0
 76
     1
 98
        1
 10
0.0
 20
0.0
  0
SPLINE
  5
A8
102
{ACAD_REACTORS
330
A9
102
}
330
1F
100
AcDbEntity
  8
Layer 1
 62
   250
100
AcDbSpline
210
0.0
220
0.0
230
1.0
 70
    11
 71
     3
 72
    20
 73
    16
 74
     0
 42
0.0000000001
 43
0.0000000001
 40
0.0
 40
0.0
 40
0.0
 40
0.0
 40
0.2
 40
0.2
 40
0.2
 40
0.4
 40
0.4
 40
0.4
 40
0.6000000000000001
 40
0.6000000000000001
 40
0.6000000000000001
 40
0.8
 40
0.8
 40
0.8
 40
1.0
 40
1.0
 40
1.0
 40
1.0
 10
-694.7912
 20
-569.2349
 30
0.0
 10
-694.701
 20
-569.2246
 30
0.0
 10
-694.4751
 20
-569.0796
 30
0.0
 10
-694.3965
 20
-569.02
 30
0.0
 10
-694.3725
 20
-568.8326
 30
0.0
 10
-694.3805
 20
-566.2841
 30
0.0
 10
-694.3863
 20
-565.9108
 30
0.0
 10
-694.3895
 20
-565.7039
 30
0.0
 10
-694.4211
 20
-565.7794
 30
0.0
 10
-694.5831
 20
-565.5856
 30
0.0
 10
-694.6489
 20
-565.507
 30
0.0
 10
-694.7258
 20
-565.3221
 30
0.0
 10
-694.7908
 20
-565.2717
 30
0.0
 10
-694.7908
 20
-565.2717
 30
0.0
 10
-694.7912
 20
-569.2349
 30
0.0
 10
-694.7912
 20
-569.2349
 30
0.0
  0
HATCH
  5
A9
330
1F
100
AcDbEntity
  8
Layer 1
 62
   250
420
  3617845
100
AcDbHatch
 10
0.0
 20
0.0
 30
0.0
210
0.0
220
0.0
230
1.0
  2
SOLID
 70
     1
 71
     1
 91
        1
 92
        1
 93
        1
 72
     4
 94
        3
 73
     0
 74
     1
 95
       20
 96
       16
 40
0.0
 40
0.0
 40
0.0
 40
0.0
 40
0.2
 40
0.2
 40
0.2
 40
0.4
 40
0.4
 40
0.4
 40
0.6000000000000001
 40
0.6000000000000001
 40
0.6000000000000001
 40
0.8
 40
0.8
 40
0.8
 40
1.0
 40
1.0
 40
1.0
 40
1.0
 10
-694.7912
 20
-569.2349
 10
-694.701
 20
-569.2246
 10
-694.4751
 20
-569.0796
 10
-694.3965
 20
-569.02
 10
-694.3725
 20
-568.8326
 10
-694.3805
 20
-566.2841
 10
-694.3863
 20
-565.9108
 10
-694.3895
 20
-565.7039
 10
-694.4211
 20
-565.7794
 10
-694.5831
 20
-565.5856
 10
-694.6489
 20
-565.507
 10
-694.7258
 20
-565.3221
 10
-694.7908
 20
-565.2717
 10
-694.7908
 20
-565.2717
 10
-694.7912
 20
-569.2349
 10
-694.7912
 20
-569.2349
 97
        1
330
A8
 75
     0
 76
     1
 98
        1
 10
0.0
 20
0.0
  0
SPLINE
  5
AA
102
{ACAD_REACTORS
330
AB
102
}
330
1F
100
AcDbEntity
  8
Layer 1
 62
   250
100
AcDbSpline
210
0.0
220
0.0
230
1.0
 70
    11
 71
     3
 72
    26
 73
    22
 74
     0
 42
0.0000000001
 43
0.0000000001
 40
0.0
 40
0.0
 40
0.0
 40
0.0
 40
0.1428571428571428
 40
0.1428571428571428
 40
0.1428571428571428
 40
0.2857142857142857
 40
0.2857142857142857
 40
0.2857142857142857
 40
0.4285714285714285
 40
0.4285714285714285
 40
0.4285714285714285
 40
0.5714285714285714
 40
0.5714285714285714
 40
0.5714285714285714
 40
0.7142857142857142
 40
0.7142857142857142
 40
0.7142857142857142
 40
0.8571428571428571
 40
0.8571428571428571
 40
0.8571428571428571
 40
1.0
 40
1.0
 40
1.0
 40
1.0
 10
-687.2053
 20
-559.9638
 30
0.0
 10
-687.2943
 20
-560.4322
 30
0.0
 10
-687.3602
 20
-560.4873
 30
0.0
 10
-687.214
 20
-560.7824
 30
0.0
 10
-687.214
 20
-560.7824
 30
0.0
 10
-686.8827
 20
-561.4352
 30
0.0
 10
-686.8827
 20
-561.4352
 30
0.0
 10
-686.8827
 20
-561.4352
 30
0.0
 10
-686.8233
 20
-561.3559
 30
0.0
 10
-686.8233
 20
-561.3559
 30
0.0
 10
-686.4367
 20
-560.5584
 30
0.0
 10
-686.3927
 20
-560.7167
 30
0.0
 10
-686.545
 20
-559.95
 30
0.0
 10
-686.545
 20
-559.95
 30
0.0
 10
-686.7917
 20
-558.6959
 30
0.0
 10
-686.7917
 20
-558.6959
 30
0.0
 10
-686.8159
 20
-558.5725
 30
0.0
 10
-686.8279
 20
-558.3489
 30
0.0
 10
-686.8827
 20
-558.2856
 30
0.0
 10
-686.8827
 20
-558.2856
 30
0.0
 10
-687.2053
 20
-559.9638
 30
0.0
 10
-687.2053
 20
-559.9638
 30
0.0
  0
HATCH
  5
AB
330
1F
100
AcDbEntity
  8
Layer 1
 62
   250
420
  3617845
100
AcDbHatch
 10
0.0
 20
0.0
 30
0.0
210
0.0
220
0.0
230
1.0
  2
SOLID
 70
     1
 71
     1
 91
        1
 92
        1
 93
        1
 72
     4
 94
        3
 73
     0
 74
     1
 95
       26
 96
       22
 40
0.0
 40
0.0
 40
0.0
 40
0.0
 40
0.1428571428571428
 40
0.1428571428571428
 40
0.1428571428571428
 40
0.2857142857142857
 40
0.2857142857142857
 40
0.2857142857142857
 40
0.4285714285714285
 40
0.4285714285714285
 40
0.4285714285714285
 40
0.5714285714285714
 40
0.5714285714285714
 40
0.5714285714285714
 40
0.7142857142857142
 40
0.7142857142857142
 40
0.7142857142857142
 40
0.8571428571428571
 40
0.8571428571428571
 40
0.8571428571428571
 40
1.0
 40
1.0
 40
1.0
 40
1.0
 10
-687.2053
 20
-559.9638
 10
-687.2943
 20
-560.4322
 10
-687.3602
 20
-560.4873
 10
-687.214
 20
-560.7824
 10
-687.214
 20
-560.7824
 10
-686.8827
 20
-561.4352
 10
-686.8827
 20
-561.4352
 10
-686.8827
 20
-561.4352
 10
-686.8233
 20
-561.3559
 10
-686.8233
 20
-561.3559
 10
-686.4367
 20
-560.5584
 10
-686.3927
 20
-560.7167
 10
-686.545
 20
-559.95
 10
-686.545
 20
-559.95
 10
-686.7917
 20
-558.6959
 10
-686.7917
 20
-558.6959
 10
-686.8159
 20
-558.5725
 10
-686.8279
 20
-558.3489
 10
-686.8827
 20
-558.2856
 10
-686.8827
 20
-558.2856
 10
-687.2053
 20
-559.9638
 10
-687.2053
 20
-559.9638
 97
        1
330
AA
 75
     0
 76
     1
 98
        1
 10
0.0
 20
0.0
  0
SPLINE
  5
AC
102
{ACAD_REACTORS
330
AD
102
}
330
1F
100
AcDbEntity
  8
Layer 1
 62
   250
100
AcDbSpline
210
0.0
220
0.0
230
1.0
 70
    11
 71
     3
 72
    17
 73
    13
 74
     0
 42
0.0000000001
 43
0.0000000001
 40
0.0
 40
0.0
 40
0.0
 40
0.0
 40
0.25
 40
0.25
 40
0.25
 40
0.5
 40
0.5
 40
0.5
 40
0.75
 40
0.75
 40
0.75
 40
1.0
 40
1.0
 40
1.0
 40
1.0
 10
-687.7568
 20
-556.9436
 30
0.0
 10
-687.7023
 20
-557.0281
 30
0.0
 10
-687.0221
 20
-557.5987
 30
0.0
 10
-686.8827
 20
-557.6983
 30
0.0
 10
-686.7972
 20
-557.6637
 30
0.0
 10
-686.0388
 20
-557.008
 30
0.0
 10
-685.9903
 20
-556.9436
 30
0.0
 10
-686.0354
 20
-556.8712
 30
0.0
 10
-686.7496
 20
-556.3914
 30
0.0
 10
-686.8623
 20
-556.3808
 30
0.0
 10
-686.9675
 20
-556.3708
 30
0.0
 10
-687.7015
 20
-556.8663
 30
0.0
 10
-687.7568
 20
-556.9436
 30
0.0
  0
HATCH
  5
AD
330
1F
100
AcDbEntity
  8
Layer 1
 62
   250
420
  3617845
100
AcDbHatch
 10
0.0
 20
0.0
 30
0.0
210
0.0
220
0.0
230
1.0
  2
SOLID
 70
     1
 71
     1
 91
        1
 92
        1
 93
        1
 72
     4
 94
        3
 73
     0
 74
     1
 95
       17
 96
       13
 40
0.0
 40
0.0
 40
0.0
 40
0.0
 40
0.25
 40
0.25
 40
0.25
 40
0.5
 40
0.5
 40
0.5
 40
0.75
 40
0.75
 40
0.75
 40
1.0
 40
1.0
 40
1.0
 40
1.0
 10
-687.7568
 20
-556.9436
 10
-687.7023
 20
-557.0281
 10
-687.0221
 20
-557.5987
 10
-686.8827
 20
-557.6983
 10
-686.7972
 20
-557.6637
 10
-686.0388
 20
-557.008
 10
-685.9903
 20
-556.9436
 10
-686.0354
 20
-556.8712
 10
-686.7496
 20
-556.3914
 10
-686.8623
 20
-556.3808
 10
-686.9675
 20
-556.3708
 10
-687.7015
 20
-556.8663
 10
-687.7568
 20
-556.9436
 97
        1
330
AC
 75
     0
 76
     1
 98
        1
 10
0.0
 20
0.0
  0
SPLINE
  5
AE
102
{ACAD_REACTORS
330
AF
102
}
330
1F
100
AcDbEntity
  8
Layer 1
 62
   250
100
AcDbSpline
210
0.0
220
0.0
230
1.0
 70
    11
 71
     3
 72
    20
 73
    16
 74
     0
 42
0.0000000001
 43
0.0000000001
 40
0.0
 40
0.0
 40
0.0
 40
0.0
 40
0.2
 40
0.2
 40
0.2
 40
0.4
 40
0.4
 40
0.4
 40
0.6000000000000001
 40
0.6000000000000001
 40
0.6000000000000001
 40
0.8
 40
0.8
 40
0.8
 40
1.0
 40
1.0
 40
1.0
 40
1.0
 10
-688.3766
 20
-557.8951
 30
0.0
 10
-688.3766
 20
-557.8951
 30
0.0
 10
-689.299
 20
-557.8973
 30
0.0
 10
-689.299
 20
-557.8973
 30
0.0
 10
-689.2939
 20
-557.97
 30
0.0
 10
-688.9673
 20
-558.3858
 30
0.0
 10
-688.9018
 20
-558.4684
 30
0.0
 10
-688.9018
 20
-558.4684
 30
0.0
 10
-687.648
 20
-560.1077
 30
0.0
 10
-687.648
 20
-560.1077
 30
0.0
 10
-687.6689
 20
-559.8874
 30
0.0
 10
-687.9159
 20
-559.2454
 30
0.0
 10
-687.9982
 20
-559.0004
 30
0.0
 10
-687.9982
 20
-559.0004
 30
0.0
 10
-688.3766
 20
-557.8951
 30
0.0
 10
-688.3766
 20
-557.8951
 30
0.0
  0
HATCH
  5
AF
330
1F
100
AcDbEntity
  8
Layer 1
 62
   250
420
  3617845
100
AcDbHatch
 10
0.0
 20
0.0
 30
0.0
210
0.0
220
0.0
230
1.0
  2
SOLID
 70
     1
 71
     1
 91
        1
 92
        1
 93
        1
 72
     4
 94
        3
 73
     0
 74
     1
 95
       20
 96
       16
 40
0.0
 40
0.0
 40
0.0
 40
0.0
 40
0.2
 40
0.2
 40
0.2
 40
0.4
 40
0.4
 40
0.4
 40
0.6000000000000001
 40
0.6000000000000001
 40
0.6000000000000001
 40
0.8
 40
0.8
 40
0.8
 40
1.0
 40
1.0
 40
1.0
 40
1.0
 10
-688.3766
 20
-557.8951
 10
-688.3766
 20
-557.8951
 10
-689.299
 20
-557.8973
 10
-689.299
 20
-557.8973
 10
-689.2939
 20
-557.97
 10
-688.9673
 20
-558.3858
 10
-688.9018
 20
-558.4684
 10
-688.9018
 20
-558.4684
 10
-687.648
 20
-560.1077
 10
-687.648
 20
-560.1077
 10
-687.6689
 20
-559.8874
 10
-687.9159
 20
-559.2454
 10
-687.9982
 20
-559.0004
 10
-687.9982
 20
-559.0004
 10
-688.3766
 20
-557.8951
 10
-688.3766
 20
-557.8951
 97
        1
330
AE
 75
     0
 76
     1
 98
        1
 10
0.0
 20
0.0
  0
SPLINE
  5
B0
102
{ACAD_REACTORS
330
B1
102
}
330
1F
100
AcDbEntity
  8
Layer 1
 62
   250
100
AcDbSpline
210
0.0
220
0.0
230
1.0
 70
    11
 71
     3
 72
    20
 73
    16
 74
     0
 42
0.0000000001
 43
0.0000000001
 40
0.0
 40
0.0
 40
0.0
 40
0.0
 40
0.2
 40
0.2
 40
0.2
 40
0.4
 40
0.4
 40
0.4
 40
0.6000000000000001
 40
0.6000000000000001
 40
0.6000000000000001
 40
0.8
 40
0.8
 40
0.8
 40
1.0
 40
1.0
 40
1.0
 40
1.0
 10
-686.107
 20
-560.0713
 30
0.0
 10
-686.0037
 20
-560.0348
 30
0.0
 10
-685.3794
 20
-559.1687
 30
0.0
 10
-685.2602
 20
-559.0131
 30
0.0
 10
-685.1247
 20
-558.8362
 30
0.0
 10
-684.9959
 20
-558.6547
 30
0.0
 10
-684.856
 20
-558.4752
 30
0.0
 10
-684.742
 20
-558.329
 30
0.0
 10
-684.4831
 20
-558.0245
 30
0.0
 10
-684.4452
 20
-557.9004
 30
0.0
 10
-684.4452
 20
-557.9004
 30
0.0
 10
-685.3761
 20
-557.8979
 30
0.0
 10
-685.3761
 20
-557.8979
 30
0.0
 10
-685.3761
 20
-557.8979
 30
0.0
 10
-686.107
 20
-560.0713
 30
0.0
 10
-686.107
 20
-560.0713
 30
0.0
  0
HATCH
  5
B1
330
1F
100
AcDbEntity
  8
Layer 1
 62
   250
420
  3617845
100
AcDbHatch
 10
0.0
 20
0.0
 30
0.0
210
0.0
220
0.0
230
1.0
  2
SOLID
 70
     1
 71
     1
 91
        1
 92
        1
 93
        1
 72
     4
 94
        3
 73
     0
 74
     1
 95
       20
 96
       16
 40
0.0
 40
0.0
 40
0.0
 40
0.0
 40
0.2
 40
0.2
 40
0.2
 40
0.4
 40
0.4
 40
0.4
 40
0.6000000000000001
 40
0.6000000000000001
 40
0.6000000000000001
 40
0.8
 40
0.8
 40
0.8
 40
1.0
 40
1.0
 40
1.0
 40
1.0
 10
-686.107
 20
-560.0713
 10
-686.0037
 20
-560.0348
 10
-685.3794
 20
-559.1687
 10
-685.2602
 20
-559.0131
 10
-685.1247
 20
-558.8362
 10
-684.9959
 20
-558.6547
 10
-684.856
 20
-558.4752
 10
-684.742
 20
-558.329
 10
-684.4831
 20
-558.0245
 10
-684.4452
 20
-557.9004
 10
-684.4452
 20
-557.9004
 10
-685.3761
 20
-557.8979
 10
-685.3761
 20
-557.8979
 10
-685.3761
 20
-557.8979
 10
-686.107
 20
-560.0713
 10
-686.107
 20
-560.0713
 97
        1
330
B0
 75
     0
 76
     1
 98
        1
 10
0.0
 20
0.0
  0
SPLINE
  5
B2
102
{ACAD_REACTORS
330
B3
102
}
330
1F
100
AcDbEntity
  8
Layer 1
 62
   250
100
AcDbSpline
210
0.0
220
0.0
230
1.0
 70
    11
 71
     3
 72
    17
 73
    13
 74
     0
 42
0.0000000001
 43
0.0000000001
 40
0.0
 40
0.0
 40
0.0
 40
0.0
 40
0.25
 40
0.25
 40
0.25
 40
0.5
 40
0.5
 40
0.5
 40
0.75
 40
0.75
 40
0.75
 40
1.0
 40
1.0
 40
1.0
 40
1.0
 10
-685.6712
 20
-556.9201
 30
0.0
 10
-685.5251
 20
-557.0143
 30
0.0
 10
-684.4273
 20
-557.6605
 30
0.0
 10
-684.2932
 20
-557.6752
 30
0.0
 10
-684.2932
 20
-557.6752
 30
0.0
 10
-684.0351
 20
-557.0177
 30
0.0
 10
-684.0351
 20
-557.0177
 30
0.0
 10
-684.0351
 20
-557.0177
 30
0.0
 10
-685.023
 20
-556.3731
 30
0.0
 10
-685.023
 20
-556.3731
 30
0.0
 10
-685.1058
 20
-556.4127
 30
0.0
 10
-685.636
 20
-556.8433
 30
0.0
 10
-685.6712
 20
-556.9201
 30
0.0
  0
HATCH
  5
B3
330
1F
100
AcDbEntity
  8
Layer 1
 62
   250
420
  3617845
100
AcDbHatch
 10
0.0
 20
0.0
 30
0.0
210
0.0
220
0.0
230
1.0
  2
SOLID
 70
     1
 71
     1
 91
        1
 92
        1
 93
        1
 72
     4
 94
        3
 73
     0
 74
     1
 95
       17
 96
       13
 40
0.0
 40
0.0
 40
0.0
 40
0.0
 40
0.25
 40
0.25
 40
0.25
 40
0.5
 40
0.5
 40
0.5
 40
0.75
 40
0.75
 40
0.75
 40
1.0
 40
1.0
 40
1.0
 40
1.0
 10
-685.6712
 20
-556.9201
 10
-685.5251
 20
-557.0143
 10
-684.4273
 20
-557.6605
 10
-684.2932
 20
-557.6752
 10
-684.2932
 20
-557.6752
 10
-684.0351
 20
-557.0177
 10
-684.0351
 20
-557.0177
 10
-684.0351
 20
-557.0177
 10
-685.023
 20
-556.3731
 10
-685.023
 20
-556.3731
 10
-685.1058
 20
-556.4127
 10
-685.636
 20
-556.8433
 10
-685.6712
 20
-556.9201
 97
        1
330
B2
 75
     0
 76
     1
 98
        1
 10
0.0
 20
0.0
  0
SPLINE
  5
B4
102
{ACAD_REACTORS
330
B5
102
}
330
1F
100
AcDbEntity
  8
Layer 1
 62
   250
100
AcDbSpline
210
0.0
220
0.0
230
1.0
 70
    11
 71
     3
 72
    23
 73
    19
 74
     0
 42
0.0000000001
 43
0.0000000001
 40
0.0
 40
0.0
 40
0.0
 40
0.0
 40
0.1666666666666667
 40
0.1666666666666667
 40
0.1666666666666667
 40
0.3333333333333333
 40
0.3333333333333333
 40
0.3333333333333333
 40
0.5
 40
0.5
 40
0.5
 40
0.6666666666666666
 40
0.6666666666666666
 40
0.6666666666666666
 40
0.8333333333333333
 40
0.8333333333333333
 40
0.8333333333333333
 40
1.0
 40
1.0
 40
1.0
 40
1.0
 10
-690.0483
 20
-557.8991
 30
0.0
 10
-690.0038
 20
-558.0124
 30
0.0
 10
-689.7818
 20
-558.2296
 30
0.0
 10
-689.6979
 20
-558.3229
 30
0.0
 10
-689.6979
 20
-558.3229
 30
0.0
 10
-688.6681
 20
-559.4829
 30
0.0
 10
-688.6681
 20
-559.4829
 30
0.0
 10
-688.4784
 20
-559.6909
 30
0.0
 10
-687.3822
 20
-560.9652
 30
0.0
 10
-687.2755
 20
-561.0215
 30
0.0
 10
-687.3489
 20
-560.7065
 30
0.0
 10
-687.6928
 20
-560.3243
 30
0.0
 10
-687.8551
 20
-560.1052
 30
0.0
 10
-687.8551
 20
-560.1052
 30
0.0
 10
-689.1118
 20
-558.4438
 30
0.0
 10
-689.1118
 20
-558.4438
 30
0.0
 10
-689.5801
 20
-557.8061
 30
0.0
 10
-689.4382
 20
-557.8897
 30
0.0
 10
-690.0483
 20
-557.8991
 30
0.0
  0
HATCH
  5
B5
330
1F
100
AcDbEntity
  8
Layer 1
 62
   250
420
  3617845
100
AcDbHatch
 10
0.0
 20
0.0
 30
0.0
210
0.0
220
0.0
230
1.0
  2
SOLID
 70
     1
 71
     1
 91
        1
 92
        1
 93
        1
 72
     4
 94
        3
 73
     0
 74
     1
 95
       23
 96
       19
 40
0.0
 40
0.0
 40
0.0
 40
0.0
 40
0.1666666666666667
 40
0.1666666666666667
 40
0.1666666666666667
 40
0.3333333333333333
 40
0.3333333333333333
 40
0.3333333333333333
 40
0.5
 40
0.5
 40
0.5
 40
0.6666666666666666
 40
0.6666666666666666
 40
0.6666666666666666
 40
0.8333333333333333
 40
0.8333333333333333
 40
0.8333333333333333
 40
1.0
 40
1.0
 40
1.0
 40
1.0
 10
-690.0483
 20
-557.8991
 10
-690.0038
 20
-558.0124
 10
-689.7818
 20
-558.2296
 10
-689.6979
 20
-558.3229
 10
-689.6979
 20
-558.3229
 10
-688.6681
 20
-559.4829
 10
-688.6681
 20
-559.4829
 10
-688.4784
 20
-559.6909
 10
-687.3822
 20
-560.9652
 10
-687.2755
 20
-561.0215
 10
-687.3489
 20
-560.7065
 10
-687.6928
 20
-560.3243
 10
-687.8551
 20
-560.1052
 10
-687.8551
 20
-560.1052
 10
-689.1118
 20
-558.4438
 10
-689.1118
 20
-558.4438
 10
-689.5801
 20
-557.8061
 10
-689.4382
 20
-557.8897
 10
-690.0483
 20
-557.8991
 97
        1
330
B4
 75
     0
 76
     1
 98
        1
 10
0.0
 20
0.0
  0
SPLINE
  5
B6
102
{ACAD_REACTORS
330
B7
102
}
330
1F
100
AcDbEntity
  8
Layer 1
 62
   250
100
AcDbSpline
210
0.0
220
0.0
230
1.0
 70
    11
 71
     3
 72
    23
 73
    19
 74
     0
 42
0.0000000001
 43
0.0000000001
 40
0.0
 40
0.0
 40
0.0
 40
0.0
 40
0.1666666666666667
 40
0.1666666666666667
 40
0.1666666666666667
 40
0.3333333333333333
 40
0.3333333333333333
 40
0.3333333333333333
 40
0.5
 40
0.5
 40
0.5
 40
0.6666666666666666
 40
0.6666666666666666
 40
0.6666666666666666
 40
0.8333333333333333
 40
0.8333333333333333
 40
0.8333333333333333
 40
1.0
 40
1.0
 40
1.0
 40
1.0
 10
-686.4969
 20
-561.054
 30
0.0
 10
-686.4411
 20
-561.032
 30
0.0
 10
-684.6096
 20
-558.9484
 30
0.0
 10
-684.4011
 20
-558.7192
 30
0.0
 10
-684.2841
 20
-558.5904
 30
0.0
 10
-683.7549
 20
-558.0189
 30
0.0
 10
-683.7011
 20
-557.9027
 30
0.0
 10
-684.0593
 20
-557.8813
 30
0.0
 10
-684.1895
 20
-557.8557
 30
0.0
 10
-684.3188
 20
-558.0233
 30
0.0
 10
-684.4273
 20
-558.1639
 30
0.0
 10
-684.5408
 20
-558.325
 30
0.0
 10
-684.6418
 20
-558.4541
 30
0.0
 10
-684.6418
 20
-558.4541
 30
0.0
 10
-685.9229
 20
-560.14
 30
0.0
 10
-685.9229
 20
-560.14
 30
0.0
 10
-686.1195
 20
-560.391
 30
0.0
 10
-686.3862
 20
-560.7129
 30
0.0
 10
-686.4969
 20
-561.054
 30
0.0
  0
HATCH
  5
B7
330
1F
100
AcDbEntity
  8
Layer 1
 62
   250
420
  3617845
100
AcDbHatch
 10
0.0
 20
0.0
 30
0.0
210
0.0
220
0.0
230
1.0
  2
SOLID
 70
     1
 71
     1
 91
        1
 92
        1
 93
        1
 72
     4
 94
        3
 73
     0
 74
     1
 95
       23
 96
       19
 40
0.0
 40
0.0
 40
0.0
 40
0.0
 40
0.1666666666666667
 40
0.1666666666666667
 40
0.1666666666666667
 40
0.3333333333333333
 40
0.3333333333333333
 40
0.3333333333333333
 40
0.5
 40
0.5
 40
0.5
 40
0.6666666666666666
 40
0.6666666666666666
 40
0.6666666666666666
 40
0.8333333333333333
 40
0.8333333333333333
 40
0.8333333333333333
 40
1.0
 40
1.0
 40
1.0
 40
1.0
 10
-686.4969
 20
-561.054
 10
-686.4411
 20
-561.032
 10
-684.6096
 20
-558.9484
 10
-684.4011
 20
-558.7192
 10
-684.2841
 20
-558.5904
 10
-683.7549
 20
-558.0189
 10
-683.7011
 20
-557.9027
 10
-684.0593
 20
-557.8813
 10
-684.1895
 20
-557.8557
 10
-684.3188
 20
-558.0233
 10
-684.4273
 20
-558.1639
 10
-684.5408
 20
-558.325
 10
-684.6418
 20
-558.4541
 10
-684.6418
 20
-558.4541
 10
-685.9229
 20
-560.14
 10
-685.9229
 20
-560.14
 10
-686.1195
 20
-560.391
 10
-686.3862
 20
-560.7129
 10
-686.4969
 20
-561.054
 97
        1
330
B6
 75
     0
 76
     1
 98
        1
 10
0.0
 20
0.0
  0
SPLINE
  5
B8
102
{ACAD_REACTORS
330
B9
102
}
330
1F
100
AcDbEntity
  8
Layer 1
 62
   250
100
AcDbSpline
210
0.0
220
0.0
230
1.0
 70
    11
 71
     3
 72
    20
 73
    16
 74
     0
 42
0.0000000001
 43
0.0000000001
 40
0.0
 40
0.0
 40
0.0
 40
0.0
 40
0.2
 40
0.2
 40
0.2
 40
0.4
 40
0.4
 40
0.4
 40
0.6000000000000001
 40
0.6000000000000001
 40
0.6000000000000001
 40
0.8
 40
0.8
 40
0.8
 40
1.0
 40
1.0
 40
1.0
 40
1.0
 10
-689.7084
 20
-557.0103
 30
0.0
 10
-689.7084
 20
-557.0103
 30
0.0
 10
-689.4796
 20
-557.6358
 30
0.0
 10
-689.4796
 20
-557.6358
 30
0.0
 10
-689.4632
 20
-557.6663
 30
0.0
 10
-689.4629
 20
-557.6654
 30
0.0
 10
-689.4486
 20
-557.6826
 30
0.0
 10
-689.4486
 20
-557.6826
 30
0.0
 10
-688.0862
 20
-556.9201
 30
0.0
 10
-688.0862
 20
-556.9201
 30
0.0
 10
-688.1185
 20
-556.8411
 30
0.0
 10
-688.6297
 20
-556.4262
 30
0.0
 10
-688.7188
 20
-556.3736
 30
0.0
 10
-688.8752
 20
-556.4288
 30
0.0
 10
-689.4552
 20
-556.8783
 30
0.0
 10
-689.7084
 20
-557.0103
 30
0.0
  0
HATCH
  5
B9
330
1F
100
AcDbEntity
  8
Layer 1
 62
   250
420
  3617845
100
AcDbHatch
 10
0.0
 20
0.0
 30
0.0
210
0.0
220
0.0
230
1.0
  2
SOLID
 70
     1
 71
     1
 91
        1
 92
        1
 93
        1
 72
     4
 94
        3
 73
     0
 74
     1
 95
       20
 96
       16
 40
0.0
 40
0.0
 40
0.0
 40
0.0
 40
0.2
 40
0.2
 40
0.2
 40
0.4
 40
0.4
 40
0.4
 40
0.6000000000000001
 40
0.6000000000000001
 40
0.6000000000000001
 40
0.8
 40
0.8
 40
0.8
 40
1.0
 40
1.0
 40
1.0
 40
1.0
 10
-689.7084
 20
-557.0103
 10
-689.7084
 20
-557.0103
 10
-689.4796
 20
-557.6358
 10
-689.4796
 20
-557.6358
 10
-689.4632
 20
-557.6663
 10
-689.4629
 20
-557.6654
 10
-689.4486
 20
-557.6826
 10
-689.4486
 20
-557.6826
 10
-688.0862
 20
-556.9201
 10
-688.0862
 20
-556.9201
 10
-688.1185
 20
-556.8411
 10
-688.6297
 20
-556.4262
 10
-688.7188
 20
-556.3736
 10
-688.8752
 20
-556.4288
 10
-689.4552
 20
-556.8783
 10
-689.7084
 20
-557.0103
 97
        1
330
B8
 75
     0
 76
     1
 98
        1
 10
0.0
 20
0.0
  0
SPLINE
  5
BA
102
{ACAD_REACTORS
330
BB
102
}
330
1F
100
AcDbEntity
  8
Layer 1
 62
   250
100
AcDbSpline
210
0.0
220
0.0
230
1.0
 70
    11
 71
     3
 72
    44
 73
    40
 74
     0
 42
0.0000000001
 43
0.0000000001
 40
0.0
 40
0.0
 40
0.0
 40
0.0
 40
0.0769230769230769
 40
0.0769230769230769
 40
0.0769230769230769
 40
0.1538461538461539
 40
0.1538461538461539
 40
0.1538461538461539
 40
0.2307692307692308
 40
0.2307692307692308
 40
0.2307692307692308
 40
0.3076923076923077
 40
0.3076923076923077
 40
0.3076923076923077
 40
0.3846153846153846
 40
0.3846153846153846
 40
0.3846153846153846
 40
0.4615384615384616
 40
0.4615384615384616
 40
0.4615384615384616
 40
0.5384615384615385
 40
0.5384615384615385
 40
0.5384615384615385
 40
0.6153846153846154
 40
0.6153846153846154
 40
0.6153846153846154
 40
0.6923076923076923
 40
0.6923076923076923
 40
0.6923076923076923
 40
0.7692307692307693
 40
0.7692307692307693
 40
0.7692307692307693
 40
0.8461538461538463
 40
0.8461538461538463
 40
0.8461538461538463
 40
0.9230769230769231
 40
0.9230769230769231
 40
0.9230769230769231
 40
1.0
 40
1.0
 40
1.0
 40
1.0
 10
-688.1922
 20
-588.1604
 30
0.0
 10
-688.1922
 20
-588.1604
 30
0.0
 10
-688.0287
 20
-588.1604
 30
0.0
 10
-688.0287
 20
-588.1604
 30
0.0
 10
-688.0287
 20
-588.1604
 30
0.0
 10
-687.585
 20
-586.6834
 30
0.0
 10
-687.585
 20
-586.6834
 30
0.0
 10
-687.829
 20
-586.6664
 30
0.0
 10
-687.7471
 20
-586.6798
 30
0.0
 10
-687.9124
 20
-587.224
 30
0.0
 10
-687.9702
 20
-587.4143
 30
0.0
 10
-688.017
 20
-587.7054
 30
0.0
 10
-688.1107
 20
-587.8542
 30
0.0
 10
-688.264
 20
-587.6009
 30
0.0
 10
-688.2815
 20
-586.8689
 30
0.0
 10
-688.4529
 20
-586.6709
 30
0.0
 10
-688.4529
 20
-586.6709
 30
0.0
 10
-688.5894
 20
-586.6771
 30
0.0
 10
-688.5894
 20
-586.6771
 30
0.0
 10
-688.6325
 20
-586.7411
 30
0.0
 10
-688.9116
 20
-587.7905
 30
0.0
 10
-688.9203
 20
-587.8955
 30
0.0
 10
-688.9964
 20
-587.6725
 30
0.0
 10
-689.0515
 20
-587.4487
 30
0.0
 10
-689.1163
 20
-587.2408
 30
0.0
 10
-689.2877
 20
-586.6909
 30
0.0
 10
-689.1872
 20
-586.6864
 30
0.0
 10
-689.4466
 20
-586.6736
 30
0.0
 10
-689.4079
 20
-586.9234
 30
0.0
 10
-689.2852
 20
-587.2455
 30
0.0
 10
-689.2128
 20
-587.4854
 30
0.0
 10
-689.0158
 20
-588.1382
 30
0.0
 10
-689.0809
 20
-588.1395
 30
0.0
 10
-688.8274
 20
-588.1448
 30
0.0
 10
-688.8274
 20
-588.1448
 30
0.0
 10
-688.5165
 20
-586.9481
 30
0.0
 10
-688.5165
 20
-586.9481
 30
0.0
 10
-688.5165
 20
-586.9481
 30
0.0
 10
-688.1922
 20
-588.1604
 30
0.0
 10
-688.1922
 20
-588.1604
 30
0.0
  0
HATCH
  5
BB
330
1F
100
AcDbEntity
  8
Layer 1
 62
   250
420
  3617845
100
AcDbHatch
 10
0.0
 20
0.0
 30
0.0
210
0.0
220
0.0
230
1.0
  2
SOLID
 70
     1
 71
     1
 91
        1
 92
        1
 93
        1
 72
     4
 94
        3
 73
     0
 74
     1
 95
       44
 96
       40
 40
0.0
 40
0.0
 40
0.0
 40
0.0
 40
0.0769230769230769
 40
0.0769230769230769
 40
0.0769230769230769
 40
0.1538461538461539
 40
0.1538461538461539
 40
0.1538461538461539
 40
0.2307692307692308
 40
0.2307692307692308
 40
0.2307692307692308
 40
0.3076923076923077
 40
0.3076923076923077
 40
0.3076923076923077
 40
0.3846153846153846
 40
0.3846153846153846
 40
0.3846153846153846
 40
0.4615384615384616
 40
0.4615384615384616
 40
0.4615384615384616
 40
0.5384615384615385
 40
0.5384615384615385
 40
0.5384615384615385
 40
0.6153846153846154
 40
0.6153846153846154
 40
0.6153846153846154
 40
0.6923076923076923
 40
0.6923076923076923
 40
0.6923076923076923
 40
0.7692307692307693
 40
0.7692307692307693
 40
0.7692307692307693
 40
0.8461538461538463
 40
0.8461538461538463
 40
0.8461538461538463
 40
0.9230769230769231
 40
0.9230769230769231
 40
0.9230769230769231
 40
1.0
 40
1.0
 40
1.0
 40
1.0
 10
-688.1922
 20
-588.1604
 10
-688.1922
 20
-588.1604
 10
-688.0287
 20
-588.1604
 10
-688.0287
 20
-588.1604
 10
-688.0287
 20
-588.1604
 10
-687.585
 20
-586.6834
 10
-687.585
 20
-586.6834
 10
-687.829
 20
-586.6664
 10
-687.7471
 20
-586.6798
 10
-687.9124
 20
-587.224
 10
-687.9702
 20
-587.4143
 10
-688.017
 20
-587.7054
 10
-688.1107
 20
-587.8542
 10
-688.264
 20
-587.6009
 10
-688.2815
 20
-586.8689
 10
-688.4529
 20
-586.6709
 10
-688.4529
 20
-586.6709
 10
-688.5894
 20
-586.6771
 10
-688.5894
 20
-586.6771
 10
-688.6325
 20
-586.7411
 10
-688.9116
 20
-587.7905
 10
-688.9203
 20
-587.8955
 10
-688.9964
 20
-587.6725
 10
-689.0515
 20
-587.4487
 10
-689.1163
 20
-587.2408
 10
-689.2877
 20
-586.6909
 10
-689.1872
 20
-586.6864
 10
-689.4466
 20
-586.6736
 10
-689.4079
 20
-586.9234
 10
-689.2852
 20
-587.2455
 10
-689.2128
 20
-587.4854
 10
-689.0158
 20
-588.1382
 10
-689.0809
 20
-588.1395
 10
-688.8274
 20
-588.1448
 10
-688.8274
 20
-588.1448
 10
-688.5165
 20
-586.9481
 10
-688.5165
 20
-586.9481
 10
-688.5165
 20
-586.9481
 10
-688.1922
 20
-588.1604
 10
-688.1922
 20
-588.1604
 97
        1
330
BA
 75
     0
 76
     1
 98
        1
 10
0.0
 20
0.0
  0
SPLINE
  5
BC
102
{ACAD_REACTORS
330
BD
102
}
330
1F
100
AcDbEntity
  8
Layer 1
 62
   250
100
AcDbSpline
210
0.0
220
0.0
230
1.0
 70
    11
 71
     3
 72
    14
 73
    10
 74
     0
 42
0.0000000001
 43
0.0000000001
 40
0.0
 40
0.0
 40
0.0
 40
0.0
 40
0.3333333333333333
 40
0.3333333333333333
 40
0.3333333333333333
 40
0.6666666666666666
 40
0.6666666666666666
 40
0.6666666666666666
 40
1.0
 40
1.0
 40
1.0
 40
1.0
 10
-683.7908
 20
-586.8442
 30
0.0
 10
-683.5489
 20
-586.8229
 30
0.0
 10
-683.3389
 20
-586.8085
 30
0.0
 10
-683.2038
 20
-586.9675
 30
0.0
 10
-683.1024
 20
-587.38
 30
0.0
 10
-683.4388
 20
-587.3878
 30
0.0
 10
-683.7969
 20
-587.3687
 30
0.0
 10
-683.7969
 20
-587.3687
 30
0.0
 10
-683.7908
 20
-586.8442
 30
0.0
 10
-683.7908
 20
-586.8442
 30
0.0
  0
HATCH
  5
BD
330
1F
100
AcDbEntity
  8
Layer 1
 62
   250
420
  3617845
100
AcDbHatch
 10
0.0
 20
0.0
 30
0.0
210
0.0
220
0.0
230
1.0
  2
SOLID
 70
     1
 71
     1
 91
        1
 92
        1
 93
        1
 72
     4
 94
        3
 73
     0
 74
     1
 95
       14
 96
       10
 40
0.0
 40
0.0
 40
0.0
 40
0.0
 40
0.3333333333333333
 40
0.3333333333333333
 40
0.3333333333333333
 40
0.6666666666666666
 40
0.6666666666666666
 40
0.6666666666666666
 40
1.0
 40
1.0
 40
1.0
 40
1.0
 10
-683.7908
 20
-586.8442
 10
-683.5489
 20
-586.8229
 10
-683.3389
 20
-586.8085
 10
-683.2038
 20
-586.9675
 10
-683.1024
 20
-587.38
 10
-683.4388
 20
-587.3878
 10
-683.7969
 20
-587.3687
 10
-683.7969
 20
-587.3687
 10
-683.7908
 20
-586.8442
 10
-683.7908
 20
-586.8442
 97
        1
330
BC
 75
     0
 76
     1
 98
        1
 10
0.0
 20
0.0
  0
SPLINE
  5
BE
102
{ACAD_REACTORS
330
BF
102
}
330
1F
100
AcDbEntity
  8
Layer 1
 62
   250
100
AcDbSpline
210
0.0
220
0.0
230
1.0
 70
    11
 71
     3
 72
    35
 73
    31
 74
     0
 42
0.0000000001
 43
0.0000000001
 40
0.0
 40
0.0
 40
0.0
 40
0.0
 40
0.1
 40
0.1
 40
0.1
 40
0.2
 40
0.2
 40
0.2
 40
0.3
 40
0.3
 40
0.3
 40
0.4
 40
0.4
 40
0.4
 40
0.5
 40
0.5
 40
0.5
 40
0.6000000000000001
 40
0.6000000000000001
 40
0.6000000000000001
 40
0.7000000000000001
 40
0.7000000000000001
 40
0.7000000000000001
 40
0.8
 40
0.8
 40
0.8
 40
0.9
 40
0.9
 40
0.9
 40
1.0
 40
1.0
 40
1.0
 40
1.0
 10
-683.9655
 20
-588.1604
 30
0.0
 10
-683.9655
 20
-588.1604
 30
0.0
 10
-683.8112
 20
-588.1604
 30
0.0
 10
-683.8112
 20
-588.1604
 30
0.0
 10
-683.8112
 20
-588.1604
 30
0.0
 10
-683.7971
 20
-587.5421
 30
0.0
 10
-683.7971
 20
-587.5421
 30
0.0
 10
-683.7971
 20
-587.5421
 30
0.0
 10
-683.5683
 20
-587.5378
 30
0.0
 10
-683.5683
 20
-587.5378
 30
0.0
 10
-683.498
 20
-587.6634
 30
0.0
 10
-683.4083
 20
-587.7645
 30
0.0
 10
-683.3284
 20
-587.8739
 30
0.0
 10
-683.1352
 20
-588.1384
 30
0.0
 10
-683.2048
 20
-588.1374
 30
0.0
 10
-682.9837
 20
-588.1448
 30
0.0
 10
-683.051
 20
-587.9096
 30
0.0
 10
-683.307
 20
-587.7115
 30
0.0
 10
-683.3609
 20
-587.5181
 30
0.0
 10
-683.2173
 20
-587.4314
 30
0.0
 10
-683.1277
 20
-587.4539
 30
0.0
 10
-683.0398
 20
-587.2987
 30
0.0
 10
-682.9634
 20
-587.1637
 30
0.0
 10
-682.9768
 20
-586.9738
 30
0.0
 10
-683.0699
 20
-586.8494
 30
0.0
 10
-683.2332
 20
-586.631
 30
0.0
 10
-683.6551
 20
-586.6492
 30
0.0
 10
-683.9768
 20
-586.6787
 30
0.0
 10
-683.9768
 20
-586.6787
 30
0.0
 10
-683.9655
 20
-588.1604
 30
0.0
 10
-683.9655
 20
-588.1604
 30
0.0
  0
HATCH
  5
BF
330
1F
100
AcDbEntity
  8
Layer 1
 62
   250
420
  3617845
100
AcDbHatch
 10
0.0
 20
0.0
 30
0.0
210
0.0
220
0.0
230
1.0
  2
SOLID
 70
     1
 71
     1
 91
        1
 92
        1
 93
        1
 72
     4
 94
        3
 73
     0
 74
     1
 95
       35
 96
       31
 40
0.0
 40
0.0
 40
0.0
 40
0.0
 40
0.1
 40
0.1
 40
0.1
 40
0.2
 40
0.2
 40
0.2
 40
0.3
 40
0.3
 40
0.3
 40
0.4
 40
0.4
 40
0.4
 40
0.5
 40
0.5
 40
0.5
 40
0.6000000000000001
 40
0.6000000000000001
 40
0.6000000000000001
 40
0.7000000000000001
 40
0.7000000000000001
 40
0.7000000000000001
 40
0.8
 40
0.8
 40
0.8
 40
0.9
 40
0.9
 40
0.9
 40
1.0
 40
1.0
 40
1.0
 40
1.0
 10
-683.9655
 20
-588.1604
 10
-683.9655
 20
-588.1604
 10
-683.8112
 20
-588.1604
 10
-683.8112
 20
-588.1604
 10
-683.8112
 20
-588.1604
 10
-683.7971
 20
-587.5421
 10
-683.7971
 20
-587.5421
 10
-683.7971
 20
-587.5421
 10
-683.5683
 20
-587.5378
 10
-683.5683
 20
-587.5378
 10
-683.498
 20
-587.6634
 10
-683.4083
 20
-587.7645
 10
-683.3284
 20
-587.8739
 10
-683.1352
 20
-588.1384
 10
-683.2048
 20
-588.1374
 10
-682.9837
 20
-588.1448
 10
-683.051
 20
-587.9096
 10
-683.307
 20
-587.7115
 10
-683.3609
 20
-587.5181
 10
-683.2173
 20
-587.4314
 10
-683.1277
 20
-587.4539
 10
-683.0398
 20
-587.2987
 10
-682.9634
 20
-587.1637
 10
-682.9768
 20
-586.9738
 10
-683.0699
 20
-586.8494
 10
-683.2332
 20
-586.631
 10
-683.6551
 20
-586.6492
 10
-683.9768
 20
-586.6787
 10
-683.9768
 20
-586.6787
 10
-683.9655
 20
-588.1604
 10
-683.9655
 20
-588.1604
 97
        1
330
BE
 75
     0
 76
     1
 98
        1
 10
0.0
 20
0.0
  0
SPLINE
  5
C0
102
{ACAD_REACTORS
330
C1
102
}
330
1F
100
AcDbEntity
  8
Layer 1
 62
   250
100
AcDbSpline
210
0.0
220
0.0
230
1.0
 70
    11
 71
     3
 72
    20
 73
    16
 74
     0
 42
0.0000000001
 43
0.0000000001
 40
0.0
 40
0.0
 40
0.0
 40
0.0
 40
0.2
 40
0.2
 40
0.2
 40
0.4
 40
0.4
 40
0.4
 40
0.6000000000000001
 40
0.6000000000000001
 40
0.6000000000000001
 40
0.8
 40
0.8
 40
0.8
 40
1.0
 40
1.0
 40
1.0
 40
1.0
 10
-687.1374
 20
-557.7392
 30
0.0
 10
-687.1655
 20
-557.6105
 30
0.0
 10
-687.5097
 20
-557.3776
 30
0.0
 10
-687.6838
 20
-557.227
 30
0.0
 10
-687.7465
 20
-557.1728
 30
0.0
 10
-687.7983
 20
-557.0989
 30
0.0
 10
-687.8949
 20
-557.0793
 30
0.0
 10
-687.9631
 20
-557.1729
 30
0.0
 10
-688.0539
 20
-557.4204
 30
0.0
 10
-688.1319
 20
-557.5788
 30
0.0
 10
-688.1753
 20
-557.6671
 30
0.0
 10
-688.213
 20
-557.7108
 30
0.0
 10
-688.1288
 20
-557.7368
 30
0.0
 10
-688.077
 20
-557.7528
 30
0.0
 10
-687.2571
 20
-557.7414
 30
0.0
 10
-687.1374
 20
-557.7392
 30
0.0
  0
HATCH
  5
C1
330
1F
100
AcDbEntity
  8
Layer 1
 62
   250
420
  3617845
100
AcDbHatch
 10
0.0
 20
0.0
 30
0.0
210
0.0
220
0.0
230
1.0
  2
SOLID
 70
     1
 71
     1
 91
        1
 92
        1
 93
        1
 72
     4
 94
        3
 73
     0
 74
     1
 95
       20
 96
       16
 40
0.0
 40
0.0
 40
0.0
 40
0.0
 40
0.2
 40
0.2
 40
0.2
 40
0.4
 40
0.4
 40
0.4
 40
0.6000000000000001
 40
0.6000000000000001
 40
0.6000000000000001
 40
0.8
 40
0.8
 40
0.8
 40
1.0
 40
1.0
 40
1.0
 40
1.0
 10
-687.1374
 20
-557.7392
 10
-687.1655
 20
-557.6105
 10
-687.5097
 20
-557.3776
 10
-687.6838
 20
-557.227
 10
-687.7465
 20
-557.1728
 10
-687.7983
 20
-557.0989
 10
-687.8949
 20
-557.0793
 10
-687.9631
 20
-557.1729
 10
-688.0539
 20
-557.4204
 10
-688.1319
 20
-557.5788
 10
-688.1753
 20
-557.6671
 10
-688.213
 20
-557.7108
 10
-688.1288
 20
-557.7368
 10
-688.077
 20
-557.7528
 10
-687.2571
 20
-557.7414
 10
-687.1374
 20
-557.7392
 97
        1
330
C0
 75
     0
 76
     1
 98
        1
 10
0.0
 20
0.0
  0
SPLINE
  5
C2
102
{ACAD_REACTORS
330
C3
102
}
330
1F
100
AcDbEntity
  8
Layer 1
 62
   250
100
AcDbSpline
210
0.0
220
0.0
230
1.0
 70
    11
 71
     3
 72
    14
 73
    10
 74
     0
 42
0.0000000001
 43
0.0000000001
 40
0.0
 40
0.0
 40
0.0
 40
0.0
 40
0.3333333333333333
 40
0.3333333333333333
 40
0.3333333333333333
 40
0.6666666666666666
 40
0.6666666666666666
 40
0.6666666666666666
 40
1.0
 40
1.0
 40
1.0
 40
1.0
 10
-686.6218
 20
-557.7406
 30
0.0
 10
-686.6218
 20
-557.7406
 30
0.0
 10
-685.575
 20
-557.7407
 30
0.0
 10
-685.575
 20
-557.7407
 30
0.0
 10
-685.5697
 20
-557.6178
 30
0.0
 10
-685.7925
 20
-557.2266
 30
0.0
 10
-685.8383
 20
-557.073
 30
0.0
 10
-685.9016
 20
-557.0887
 30
0.0
 10
-686.6073
 20
-557.6428
 30
0.0
 10
-686.6218
 20
-557.7406
 30
0.0
  0
HATCH
  5
C3
330
1F
100
AcDbEntity
  8
Layer 1
 62
   250
420
  3617845
100
AcDbHatch
 10
0.0
 20
0.0
 30
0.0
210
0.0
220
0.0
230
1.0
  2
SOLID
 70
     1
 71
     1
 91
        1
 92
        1
 93
        1
 72
     4
 94
        3
 73
     0
 74
     1
 95
       14
 96
       10
 40
0.0
 40
0.0
 40
0.0
 40
0.0
 40
0.3333333333333333
 40
0.3333333333333333
 40
0.3333333333333333
 40
0.6666666666666666
 40
0.6666666666666666
 40
0.6666666666666666
 40
1.0
 40
1.0
 40
1.0
 40
1.0
 10
-686.6218
 20
-557.7406
 10
-686.6218
 20
-557.7406
 10
-685.575
 20
-557.7407
 10
-685.575
 20
-557.7407
 10
-685.5697
 20
-557.6178
 10
-685.7925
 20
-557.2266
 10
-685.8383
 20
-557.073
 10
-685.9016
 20
-557.0887
 10
-686.6073
 20
-557.6428
 10
-686.6218
 20
-557.7406
 97
        1
330
C2
 75
     0
 76
     1
 98
        1
 10
0.0
 20
0.0
  0
SPLINE
  5
C4
102
{ACAD_REACTORS
330
C5
102
}
330
1F
100
AcDbEntity
  8
Layer 1
 62
   250
100
AcDbSpline
210
0.0
220
0.0
230
1.0
 70
    11
 71
     3
 72
    41
 73
    37
 74
     0
 42
0.0000000001
 43
0.0000000001
 40
0.0
 40
0.0
 40
0.0
 40
0.0
 40
0.0833333333333333
 40
0.0833333333333333
 40
0.0833333333333333
 40
0.1666666666666667
 40
0.1666666666666667
 40
0.1666666666666667
 40
0.25
 40
0.25
 40
0.25
 40
0.3333333333333333
 40
0.3333333333333333
 40
0.3333333333333333
 40
0.4166666666666666
 40
0.4166666666666666
 40
0.4166666666666666
 40
0.5
 40
0.5
 40
0.5
 40
0.5833333333333333
 40
0.5833333333333333
 40
0.5833333333333333
 40
0.6666666666666666
 40
0.6666666666666666
 40
0.6666666666666666
 40
0.75
 40
0.75
 40
0.75
 40
0.8333333333333333
 40
0.8333333333333333
 40
0.8333333333333333
 40
0.9166666666666666
 40
0.9166666666666666
 40
0.9166666666666666
 40
1.0
 40
1.0
 40
1.0
 40
1.0
 10
-686.9561
 20
-588.1604
 30
0.0
 10
-686.9561
 20
-588.1604
 30
0.0
 10
-686.0421
 20
-588.1604
 30
0.0
 10
-686.0421
 20
-588.1604
 30
0.0
 10
-686.0421
 20
-588.1604
 30
0.0
 10
-686.0387
 20
-587.9845
 30
0.0
 10
-686.0387
 20
-587.9845
 30
0.0
 10
-686.0387
 20
-587.9845
 30
0.0
 10
-686.78
 20
-587.9784
 30
0.0
 10
-686.78
 20
-587.9784
 30
0.0
 10
-686.78
 20
-587.9784
 30
0.0
 10
-686.7781
 20
-587.4776
 30
0.0
 10
-686.7781
 20
-587.4776
 30
0.0
 10
-686.7781
 20
-587.4776
 30
0.0
 10
-686.143
 20
-587.463
 30
0.0
 10
-686.143
 20
-587.463
 30
0.0
 10
-686.143
 20
-587.463
 30
0.0
 10
-686.144
 20
-587.3141
 30
0.0
 10
-686.144
 20
-587.3141
 30
0.0
 10
-686.144
 20
-587.3141
 30
0.0
 10
-686.7851
 20
-587.2967
 30
0.0
 10
-686.7851
 20
-587.2967
 30
0.0
 10
-686.7851
 20
-587.2967
 30
0.0
 10
-686.7823
 20
-586.8416
 30
0.0
 10
-686.7823
 20
-586.8416
 30
0.0
 10
-686.7823
 20
-586.8416
 30
0.0
 10
-686.0733
 20
-586.8301
 30
0.0
 10
-686.0733
 20
-586.8301
 30
0.0
 10
-686.0733
 20
-586.8301
 30
0.0
 10
-686.0757
 20
-586.6715
 30
0.0
 10
-686.0757
 20
-586.6715
 30
0.0
 10
-686.0757
 20
-586.6715
 30
0.0
 10
-686.9658
 20
-586.6811
 30
0.0
 10
-686.9658
 20
-586.6811
 30
0.0
 10
-686.9658
 20
-586.6811
 30
0.0
 10
-686.9561
 20
-588.1604
 30
0.0
 10
-686.9561
 20
-588.1604
 30
0.0
  0
HATCH
  5
C5
330
1F
100
AcDbEntity
  8
Layer 1
 62
   250
420
  3617845
100
AcDbHatch
 10
0.0
 20
0.0
 30
0.0
210
0.0
220
0.0
230
1.0
  2
SOLID
 70
     1
 71
     1
 91
        1
 92
        1
 93
        1
 72
     4
 94
        3
 73
     0
 74
     1
 95
       41
 96
       37
 40
0.0
 40
0.0
 40
0.0
 40
0.0
 40
0.0833333333333333
 40
0.0833333333333333
 40
0.0833333333333333
 40
0.1666666666666667
 40
0.1666666666666667
 40
0.1666666666666667
 40
0.25
 40
0.25
 40
0.25
 40
0.3333333333333333
 40
0.3333333333333333
 40
0.3333333333333333
 40
0.4166666666666666
 40
0.4166666666666666
 40
0.4166666666666666
 40
0.5
 40
0.5
 40
0.5
 40
0.5833333333333333
 40
0.5833333333333333
 40
0.5833333333333333
 40
0.6666666666666666
 40
0.6666666666666666
 40
0.6666666666666666
 40
0.75
 40
0.75
 40
0.75
 40
0.8333333333333333
 40
0.8333333333333333
 40
0.8333333333333333
 40
0.9166666666666666
 40
0.9166666666666666
 40
0.9166666666666666
 40
1.0
 40
1.0
 40
1.0
 40
1.0
 10
-686.9561
 20
-588.1604
 10
-686.9561
 20
-588.1604
 10
-686.0421
 20
-588.1604
 10
-686.0421
 20
-588.1604
 10
-686.0421
 20
-588.1604
 10
-686.0387
 20
-587.9845
 10
-686.0387
 20
-587.9845
 10
-686.0387
 20
-587.9845
 10
-686.78
 20
-587.9784
 10
-686.78
 20
-587.9784
 10
-686.78
 20
-587.9784
 10
-686.7781
 20
-587.4776
 10
-686.7781
 20
-587.4776
 10
-686.7781
 20
-587.4776
 10
-686.143
 20
-587.463
 10
-686.143
 20
-587.463
 10
-686.143
 20
-587.463
 10
-686.144
 20
-587.3141
 10
-686.144
 20
-587.3141
 10
-686.144
 20
-587.3141
 10
-686.7851
 20
-587.2967
 10
-686.7851
 20
-587.2967
 10
-686.7851
 20
-587.2967
 10
-686.7823
 20
-586.8416
 10
-686.7823
 20
-586.8416
 10
-686.7823
 20
-586.8416
 10
-686.0733
 20
-586.8301
 10
-686.0733
 20
-586.8301
 10
-686.0733
 20
-586.8301
 10
-686.0757
 20
-586.6715
 10
-686.0757
 20
-586.6715
 10
-686.0757
 20
-586.6715
 10
-686.9658
 20
-586.6811
 10
-686.9658
 20
-586.6811
 10
-686.9658
 20
-586.6811
 10
-686.9561
 20
-588.1604
 10
-686.9561
 20
-588.1604
 97
        1
330
C4
 75
     0
 76
     1
 98
        1
 10
0.0
 20
0.0
  0
SPLINE
  5
C6
102
{ACAD_REACTORS
330
C7
102
}
330
1F
100
AcDbEntity
  8
Layer 1
 62
   250
100
AcDbSpline
210
0.0
220
0.0
230
1.0
 70
    11
 71
     3
 72
    41
 73
    37
 74
     0
 42
0.0000000001
 43
0.0000000001
 40
0.0
 40
0.0
 40
0.0
 40
0.0
 40
0.0833333333333333
 40
0.0833333333333333
 40
0.0833333333333333
 40
0.1666666666666667
 40
0.1666666666666667
 40
0.1666666666666667
 40
0.25
 40
0.25
 40
0.25
 40
0.3333333333333333
 40
0.3333333333333333
 40
0.3333333333333333
 40
0.4166666666666666
 40
0.4166666666666666
 40
0.4166666666666666
 40
0.5
 40
0.5
 40
0.5
 40
0.5833333333333333
 40
0.5833333333333333
 40
0.5833333333333333
 40
0.6666666666666666
 40
0.6666666666666666
 40
0.6666666666666666
 40
0.75
 40
0.75
 40
0.75
 40
0.8333333333333333
 40
0.8333333333333333
 40
0.8333333333333333
 40
0.9166666666666666
 40
0.9166666666666666
 40
0.9166666666666666
 40
1.0
 40
1.0
 40
1.0
 40
1.0
 10
-690.8805
 20
-588.1604
 30
0.0
 10
-690.8805
 20
-588.1604
 30
0.0
 10
-689.9634
 20
-588.1604
 30
0.0
 10
-689.9634
 20
-588.1604
 30
0.0
 10
-689.9634
 20
-588.1604
 30
0.0
 10
-689.9653
 20
-587.9863
 30
0.0
 10
-689.9653
 20
-587.9863
 30
0.0
 10
-689.9653
 20
-587.9863
 30
0.0
 10
-690.7113
 20
-587.9831
 30
0.0
 10
-690.7113
 20
-587.9831
 30
0.0
 10
-690.7113
 20
-587.9831
 30
0.0
 10
-690.709
 20
-587.4768
 30
0.0
 10
-690.709
 20
-587.4768
 30
0.0
 10
-690.709
 20
-587.4768
 30
0.0
 10
-690.0818
 20
-587.4688
 30
0.0
 10
-690.0818
 20
-587.4688
 30
0.0
 10
-690.0818
 20
-587.4688
 30
0.0
 10
-690.0819
 20
-587.311
 30
0.0
 10
-690.0819
 20
-587.311
 30
0.0
 10
-690.0819
 20
-587.311
 30
0.0
 10
-690.7105
 20
-587.3073
 30
0.0
 10
-690.7105
 20
-587.3073
 30
0.0
 10
-690.7105
 20
-587.3073
 30
0.0
 10
-690.7073
 20
-586.8382
 30
0.0
 10
-690.7073
 20
-586.8382
 30
0.0
 10
-690.7073
 20
-586.8382
 30
0.0
 10
-689.9961
 20
-586.8231
 30
0.0
 10
-689.9961
 20
-586.8231
 30
0.0
 10
-689.9961
 20
-586.8231
 30
0.0
 10
-689.9959
 20
-586.6734
 30
0.0
 10
-689.9959
 20
-586.6734
 30
0.0
 10
-689.9959
 20
-586.6734
 30
0.0
 10
-690.8908
 20
-586.6792
 30
0.0
 10
-690.8908
 20
-586.6792
 30
0.0
 10
-690.8908
 20
-586.6792
 30
0.0
 10
-690.8805
 20
-588.1604
 30
0.0
 10
-690.8805
 20
-588.1604
 30
0.0
  0
HATCH
  5
C7
330
1F
100
AcDbEntity
  8
Layer 1
 62
   250
420
  3617845
100
AcDbHatch
 10
0.0
 20
0.0
 30
0.0
210
0.0
220
0.0
230
1.0
  2
SOLID
 70
     1
 71
     1
 91
        1
 92
        1
 93
        1
 72
     4
 94
        3
 73
     0
 74
     1
 95
       41
 96
       37
 40
0.0
 40
0.0
 40
0.0
 40
0.0
 40
0.0833333333333333
 40
0.0833333333333333
 40
0.0833333333333333
 40
0.1666666666666667
 40
0.1666666666666667
 40
0.1666666666666667
 40
0.25
 40
0.25
 40
0.25
 40
0.3333333333333333
 40
0.3333333333333333
 40
0.3333333333333333
 40
0.4166666666666666
 40
0.4166666666666666
 40
0.4166666666666666
 40
0.5
 40
0.5
 40
0.5
 40
0.5833333333333333
 40
0.5833333333333333
 40
0.5833333333333333
 40
0.6666666666666666
 40
0.6666666666666666
 40
0.6666666666666666
 40
0.75
 40
0.75
 40
0.75
 40
0.8333333333333333
 40
0.8333333333333333
 40
0.8333333333333333
 40
0.9166666666666666
 40
0.9166666666666666
 40
0.9166666666666666
 40
1.0
 40
1.0
 40
1.0
 40
1.0
 10
-690.8805
 20
-588.1604
 10
-690.8805
 20
-588.1604
 10
-689.9634
 20
-588.1604
 10
-689.9634
 20
-588.1604
 10
-689.9634
 20
-588.1604
 10
-689.9653
 20
-587.9863
 10
-689.9653
 20
-587.9863
 10
-689.9653
 20
-587.9863
 10
-690.7113
 20
-587.9831
 10
-690.7113
 20
-587.9831
 10
-690.7113
 20
-587.9831
 10
-690.709
 20
-587.4768
 10
-690.709
 20
-587.4768
 10
-690.709
 20
-587.4768
 10
-690.0818
 20
-587.4688
 10
-690.0818
 20
-587.4688
 10
-690.0818
 20
-587.4688
 10
-690.0819
 20
-587.311
 10
-690.0819
 20
-587.311
 10
-690.0819
 20
-587.311
 10
-690.7105
 20
-587.3073
 10
-690.7105
 20
-587.3073
 10
-690.7105
 20
-587.3073
 10
-690.7073
 20
-586.8382
 10
-690.7073
 20
-586.8382
 10
-690.7073
 20
-586.8382
 10
-689.9961
 20
-586.8231
 10
-689.9961
 20
-586.8231
 10
-689.9961
 20
-586.8231
 10
-689.9959
 20
-586.6734
 10
-689.9959
 20
-586.6734
 10
-689.9959
 20
-586.6734
 10
-690.8908
 20
-586.6792
 10
-690.8908
 20
-586.6792
 10
-690.8908
 20
-586.6792
 10
-690.8805
 20
-588.1604
 10
-690.8805
 20
-588.1604
 97
        1
330
C6
 75
     0
 76
     1
 98
        1
 10
0.0
 20
0.0
  0
SPLINE
  5
C8
102
{ACAD_REACTORS
330
C9
102
}
330
1F
100
AcDbEntity
  8
Layer 1
 62
   250
100
AcDbSpline
210
0.0
220
0.0
230
1.0
 70
    11
 71
     3
 72
    14
 73
    10
 74
     0
 42
0.0000000001
 43
0.0000000001
 40
0.0
 40
0.0
 40
0.0
 40
0.0
 40
0.3333333333333333
 40
0.3333333333333333
 40
0.3333333333333333
 40
0.6666666666666666
 40
0.6666666666666666
 40
0.6666666666666666
 40
1.0
 40
1.0
 40
1.0
 40
1.0
 10
-687.1973
 20
-556.3551
 30
0.0
 10
-687.1973
 20
-556.3551
 30
0.0
 10
-688.4616
 20
-556.3551
 30
0.0
 10
-688.4616
 20
-556.3551
 30
0.0
 10
-688.3924
 20
-556.4472
 30
0.0
 10
-688.0486
 20
-556.7158
 30
0.0
 10
-687.9185
 20
-556.8143
 30
0.0
 10
-687.8301
 20
-556.7905
 30
0.0
 10
-687.2576
 20
-556.4246
 30
0.0
 10
-687.1973
 20
-556.3551
 30
0.0
  0
HATCH
  5
C9
330
1F
100
AcDbEntity
  8
Layer 1
 62
   250
420
  3617845
100
AcDbHatch
 10
0.0
 20
0.0
 30
0.0
210
0.0
220
0.0
230
1.0
  2
SOLID
 70
     1
 71
     1
 91
        1
 92
        1
 93
        1
 72
     4
 94
        3
 73
     0
 74
     1
 95
       14
 96
       10
 40
0.0
 40
0.0
 40
0.0
 40
0.0
 40
0.3333333333333333
 40
0.3333333333333333
 40
0.3333333333333333
 40
0.6666666666666666
 40
0.6666666666666666
 40
0.6666666666666666
 40
1.0
 40
1.0
 40
1.0
 40
1.0
 10
-687.1973
 20
-556.3551
 10
-687.1973
 20
-556.3551
 10
-688.4616
 20
-556.3551
 10
-688.4616
 20
-556.3551
 10
-688.3924
 20
-556.4472
 10
-688.0486
 20
-556.7158
 10
-687.9185
 20
-556.8143
 10
-687.8301
 20
-556.7905
 10
-687.2576
 20
-556.4246
 10
-687.1973
 20
-556.3551
 97
        1
330
C8
 75
     0
 76
     1
 98
        1
 10
0.0
 20
0.0
  0
SPLINE
  5
CA
102
{ACAD_REACTORS
330
CB
102
}
330
1F
100
AcDbEntity
  8
Layer 1
 62
   250
100
AcDbSpline
210
0.0
220
0.0
230
1.0
 70
    11
 71
     3
 72
    14
 73
    10
 74
     0
 42
0.0000000001
 43
0.0000000001
 40
0.0
 40
0.0
 40
0.0
 40
0.0
 40
0.3333333333333333
 40
0.3333333333333333
 40
0.3333333333333333
 40
0.6666666666666666
 40
0.6666666666666666
 40
0.6666666666666666
 40
1.0
 40
1.0
 40
1.0
 40
1.0
 10
-685.2954
 20
-556.3551
 30
0.0
 10
-685.2954
 20
-556.3551
 30
0.0
 10
-686.5505
 20
-556.3551
 30
0.0
 10
-686.5505
 20
-556.3551
 30
0.0
 10
-686.5083
 20
-556.415
 30
0.0
 10
-685.8732
 20
-556.8179
 30
0.0
 10
-685.8233
 20
-556.8085
 30
0.0
 10
-685.7912
 20
-556.8025
 30
0.0
 10
-685.3427
 20
-556.4367
 30
0.0
 10
-685.2954
 20
-556.3551
 30
0.0
  0
HATCH
  5
CB
330
1F
100
AcDbEntity
  8
Layer 1
 62
   250
420
  3617845
100
AcDbHatch
 10
0.0
 20
0.0
 30
0.0
210
0.0
220
0.0
230
1.0
  2
SOLID
 70
     1
 71
     1
 91
        1
 92
        1
 93
        1
 72
     4
 94
        3
 73
     0
 74
     1
 95
       14
 96
       10
 40
0.0
 40
0.0
 40
0.0
 40
0.0
 40
0.3333333333333333
 40
0.3333333333333333
 40
0.3333333333333333
 40
0.6666666666666666
 40
0.6666666666666666
 40
0.6666666666666666
 40
1.0
 40
1.0
 40
1.0
 40
1.0
 10
-685.2954
 20
-556.3551
 10
-685.2954
 20
-556.3551
 10
-686.5505
 20
-556.3551
 10
-686.5505
 20
-556.3551
 10
-686.5083
 20
-556.415
 10
-685.8732
 20
-556.8179
 10
-685.8233
 20
-556.8085
 10
-685.7912
 20
-556.8025
 10
-685.3427
 20
-556.4367
 10
-685.2954
 20
-556.3551
 97
        1
330
CA
 75
     0
 76
     1
 98
        1
 10
0.0
 20
0.0
  0
SPLINE
  5
CC
102
{ACAD_REACTORS
330
CD
102
}
330
1F
100
AcDbEntity
  8
Layer 1
 62
   250
100
AcDbSpline
210
0.0
220
0.0
230
1.0
 70
    11
 71
     3
 72
    17
 73
    13
 74
     0
 42
0.0000000001
 43
0.0000000001
 40
0.0
 40
0.0
 40
0.0
 40
0.0
 40
0.25
 40
0.25
 40
0.25
 40
0.5
 40
0.5
 40
0.5
 40
0.75
 40
0.75
 40
0.75
 40
1.0
 40
1.0
 40
1.0
 40
1.0
 10
-685.3852
 20
-557.739
 30
0.0
 10
-685.3852
 20
-557.739
 30
0.0
 10
-684.6007
 20
-557.7403
 30
0.0
 10
-684.6007
 20
-557.7403
 30
0.0
 10
-684.6366
 20
-557.6513
 30
0.0
 10
-684.9551
 20
-557.5076
 30
0.0
 10
-685.1016
 20
-557.423
 30
0.0
 10
-685.2646
 20
-557.3289
 30
0.0
 10
-685.4649
 20
-557.1919
 30
0.0
 10
-685.6324
 20
-557.1363
 30
0.0
 10
-685.6324
 20
-557.1363
 30
0.0
 10
-685.3852
 20
-557.739
 30
0.0
 10
-685.3852
 20
-557.739
 30
0.0
  0
HATCH
  5
CD
330
1F
100
AcDbEntity
  8
Layer 1
 62
   250
420
  3617845
100
AcDbHatch
 10
0.0
 20
0.0
 30
0.0
210
0.0
220
0.0
230
1.0
  2
SOLID
 70
     1
 71
     1
 91
        1
 92
        1
 93
        1
 72
     4
 94
        3
 73
     0
 74
     1
 95
       17
 96
       13
 40
0.0
 40
0.0
 40
0.0
 40
0.0
 40
0.25
 40
0.25
 40
0.25
 40
0.5
 40
0.5
 40
0.5
 40
0.75
 40
0.75
 40
0.75
 40
1.0
 40
1.0
 40
1.0
 40
1.0
 10
-685.3852
 20
-557.739
 10
-685.3852
 20
-557.739
 10
-684.6007
 20
-557.7403
 10
-684.6007
 20
-557.7403
 10
-684.6366
 20
-557.6513
 10
-684.9551
 20
-557.5076
 10
-685.1016
 20
-557.423
 10
-685.2646
 20
-557.3289
 10
-685.4649
 20
-557.1919
 10
-685.6324
 20
-557.1363
 10
-685.6324
 20
-557.1363
 10
-685.3852
 20
-557.739
 10
-685.3852
 20
-557.739
 97
        1
330
CC
 75
     0
 76
     1
 98
        1
 10
0.0
 20
0.0
  0
SPLINE
  5
CE
102
{ACAD_REACTORS
330
CF
102
}
330
1F
100
AcDbEntity
  8
Layer 1
 62
   250
100
AcDbSpline
210
0.0
220
0.0
230
1.0
 70
    11
 71
     3
 72
    17
 73
    13
 74
     0
 42
0.0000000001
 43
0.0000000001
 40
0.0
 40
0.0
 40
0.0
 40
0.0
 40
0.25
 40
0.25
 40
0.25
 40
0.5
 40
0.5
 40
0.5
 40
0.75
 40
0.75
 40
0.75
 40
1.0
 40
1.0
 40
1.0
 40
1.0
 10
-689.1482
 20
-557.7404
 30
0.0
 10
-689.1482
 20
-557.7404
 30
0.0
 10
-688.3669
 20
-557.7402
 30
0.0
 10
-688.3669
 20
-557.7402
 30
0.0
 10
-688.3132
 20
-557.643
 30
0.0
 10
-688.1531
 20
-557.2684
 30
0.0
 10
-688.1239
 20
-557.1476
 30
0.0
 10
-688.269
 20
-557.1975
 30
0.0
 10
-688.706
 20
-557.4601
 30
0.0
 10
-688.913
 20
-557.5719
 30
0.0
 10
-689.0298
 20
-557.6349
 30
0.0
 10
-689.1178
 20
-557.6623
 30
0.0
 10
-689.1482
 20
-557.7404
 30
0.0
  0
HATCH
  5
CF
330
1F
100
AcDbEntity
  8
Layer 1
 62
   250
420
  3617845
100
AcDbHatch
 10
0.0
 20
0.0
 30
0.0
210
0.0
220
0.0
230
1.0
  2
SOLID
 70
     1
 71
     1
 91
        1
 92
        1
 93
        1
 72
     4
 94
        3
 73
     0
 74
     1
 95
       17
 96
       13
 40
0.0
 40
0.0
 40
0.0
 40
0.0
 40
0.25
 40
0.25
 40
0.25
 40
0.5
 40
0.5
 40
0.5
 40
0.75
 40
0.75
 40
0.75
 40
1.0
 40
1.0
 40
1.0
 40
1.0
 10
-689.1482
 20
-557.7404
 10
-689.1482
 20
-557.7404
 10
-688.3669
 20
-557.7402
 10
-688.3669
 20
-557.7402
 10
-688.3132
 20
-557.643
 10
-688.1531
 20
-557.2684
 10
-688.1239
 20
-557.1476
 10
-688.269
 20
-557.1975
 10
-688.706
 20
-557.4601
 10
-688.913
 20
-557.5719
 10
-689.0298
 20
-557.6349
 10
-689.1178
 20
-557.6623
 10
-689.1482
 20
-557.7404
 97
        1
330
CE
 75
     0
 76
     1
 98
        1
 10
0.0
 20
0.0
  0
SPLINE
  5
D0
102
{ACAD_REACTORS
330
D1
102
}
330
1F
100
AcDbEntity
  8
Layer 1
 62
   250
100
AcDbSpline
210
0.0
220
0.0
230
1.0
 70
    11
 71
     3
 72
    29
 73
    25
 74
     0
 42
0.0000000001
 43
0.0000000001
 40
0.0
 40
0.0
 40
0.0
 40
0.0
 40
0.125
 40
0.125
 40
0.125
 40
0.25
 40
0.25
 40
0.25
 40
0.375
 40
0.375
 40
0.375
 40
0.5
 40
0.5
 40
0.5
 40
0.625
 40
0.625
 40
0.625
 40
0.75
 40
0.75
 40
0.75
 40
0.875
 40
0.875
 40
0.875
 40
1.0
 40
1.0
 40
1.0
 40
1.0
 10
-682.0387
 20
-588.1604
 30
0.0
 10
-682.0387
 20
-588.1604
 30
0.0
 10
-681.8811
 20
-588.1604
 30
0.0
 10
-681.8811
 20
-588.1604
 30
0.0
 10
-681.8585
 20
-587.9787
 30
0.0
 10
-681.8819
 20
-587.8138
 30
0.0
 10
-681.8688
 20
-587.6394
 30
0.0
 10
-681.8505
 20
-587.3961
 30
0.0
 10
-681.3788
 20
-586.867
 30
0.0
 10
-681.3613
 20
-586.6726
 30
0.0
 10
-681.3613
 20
-586.6726
 30
0.0
 10
-681.5214
 20
-586.6766
 30
0.0
 10
-681.5214
 20
-586.6766
 30
0.0
 10
-681.6649
 20
-586.8736
 30
0.0
 10
-681.8023
 20
-587.2164
 30
0.0
 10
-681.9628
 20
-587.3615
 30
0.0
 10
-682.2835
 20
-586.9888
 30
0.0
 10
-682.2128
 20
-586.6677
 30
0.0
 10
-682.5568
 20
-586.68
 30
0.0
 10
-682.4613
 20
-587.0046
 30
0.0
 10
-682.058
 20
-587.3648
 30
0.0
 10
-682.0483
 20
-587.6686
 30
0.0
 10
-682.043
 20
-587.8365
 30
0.0
 10
-682.0568
 20
-587.9899
 30
0.0
 10
-682.0387
 20
-588.1604
 30
0.0
  0
HATCH
  5
D1
330
1F
100
AcDbEntity
  8
Layer 1
 62
   250
420
  3617845
100
AcDbHatch
 10
0.0
 20
0.0
 30
0.0
210
0.0
220
0.0
230
1.0
  2
SOLID
 70
     1
 71
     1
 91
        1
 92
        1
 93
        1
 72
     4
 94
        3
 73
     0
 74
     1
 95
       29
 96
       25
 40
0.0
 40
0.0
 40
0.0
 40
0.0
 40
0.125
 40
0.125
 40
0.125
 40
0.25
 40
0.25
 40
0.25
 40
0.375
 40
0.375
 40
0.375
 40
0.5
 40
0.5
 40
0.5
 40
0.625
 40
0.625
 40
0.625
 40
0.75
 40
0.75
 40
0.75
 40
0.875
 40
0.875
 40
0.875
 40
1.0
 40
1.0
 40
1.0
 40
1.0
 10
-682.0387
 20
-588.1604
 10
-682.0387
 20
-588.1604
 10
-681.8811
 20
-588.1604
 10
-681.8811
 20
-588.1604
 10
-681.8585
 20
-587.9787
 10
-681.8819
 20
-587.8138
 10
-681.8688
 20
-587.6394
 10
-681.8505
 20
-587.3961
 10
-681.3788
 20
-586.867
 10
-681.3613
 20
-586.6726
 10
-681.3613
 20
-586.6726
 10
-681.5214
 20
-586.6766
 10
-681.5214
 20
-586.6766
 10
-681.6649
 20
-586.8736
 10
-681.8023
 20
-587.2164
 10
-681.9628
 20
-587.3615
 10
-682.2835
 20
-586.9888
 10
-682.2128
 20
-586.6677
 10
-682.5568
 20
-586.68
 10
-682.4613
 20
-587.0046
 10
-682.058
 20
-587.3648
 10
-682.0483
 20
-587.6686
 10
-682.043
 20
-587.8365
 10
-682.0568
 20
-587.9899
 10
-682.0387
 20
-588.1604
 97
        1
330
D0
 75
     0
 76
     1
 98
        1
 10
0.0
 20
0.0
  0
SPLINE
  5
D2
102
{ACAD_REACTORS
330
D3
102
}
330
1F
100
AcDbEntity
  8
Layer 1
 62
   250
100
AcDbSpline
210
0.0
220
0.0
230
1.0
 70
    11
 71
     3
 72
    23
 73
    19
 74
     0
 42
0.0000000001
 43
0.0000000001
 40
0.0
 40
0.0
 40
0.0
 40
0.0
 40
0.1666666666666667
 40
0.1666666666666667
 40
0.1666666666666667
 40
0.3333333333333333
 40
0.3333333333333333
 40
0.3333333333333333
 40
0.5
 40
0.5
 40
0.5
 40
0.6666666666666666
 40
0.6666666666666666
 40
0.6666666666666666
 40
0.8333333333333333
 40
0.8333333333333333
 40
0.8333333333333333
 40
1.0
 40
1.0
 40
1.0
 40
1.0
 10
-680.77
 20
-587.5726
 30
0.0
 10
-680.4619
 20
-587.6391
 30
0.0
 10
-680.6025
 20
-587.741
 30
0.0
 10
-680.1885
 20
-587.6668
 30
0.0
 10
-680.0539
 20
-587.6427
 30
0.0
 10
-679.697
 20
-587.5985
 30
0.0
 10
-679.5961
 20
-587.5175
 30
0.0
 10
-679.7928
 20
-587.4916
 30
0.0
 10
-680.0389
 20
-587.4437
 30
0.0
 10
-680.2248
 20
-587.4029
 30
0.0
 10
-680.5869
 20
-587.3233
 30
0.0
 10
-680.4963
 20
-587.4495
 30
0.0
 10
-680.7818
 20
-587.505
 30
0.0
 10
-680.8981
 20
-587.1486
 30
0.0
 10
-681.2727
 20
-587.2781
 30
0.0
 10
-681.257
 20
-587.5455
 30
0.0
 10
-681.2477
 20
-587.7042
 30
0.0
 10
-681.0006
 20
-587.9411
 30
0.0
 10
-680.77
 20
-587.5726
 30
0.0
  0
HATCH
  5
D3
330
1F
100
AcDbEntity
  8
Layer 1
 62
   250
420
  3617845
100
AcDbHatch
 10
0.0
 20
0.0
 30
0.0
210
0.0
220
0.0
230
1.0
  2
SOLID
 70
     1
 71
     1
 91
        1
 92
        1
 93
        1
 72
     4
 94
        3
 73
     0
 74
     1
 95
       23
 96
       19
 40
0.0
 40
0.0
 40
0.0
 40
0.0
 40
0.1666666666666667
 40
0.1666666666666667
 40
0.1666666666666667
 40
0.3333333333333333
 40
0.3333333333333333
 40
0.3333333333333333
 40
0.5
 40
0.5
 40
0.5
 40
0.6666666666666666
 40
0.6666666666666666
 40
0.6666666666666666
 40
0.8333333333333333
 40
0.8333333333333333
 40
0.8333333333333333
 40
1.0
 40
1.0
 40
1.0
 40
1.0
 10
-680.77
 20
-587.5726
 10
-680.4619
 20
-587.6391
 10
-680.6025
 20
-587.741
 10
-680.1885
 20
-587.6668
 10
-680.0539
 20
-587.6427
 10
-679.697
 20
-587.5985
 10
-679.5961
 20
-587.5175
 10
-679.7928
 20
-587.4916
 10
-680.0389
 20
-587.4437
 10
-680.2248
 20
-587.4029
 10
-680.5869
 20
-587.3233
 10
-680.4963
 20
-587.4495
 10
-680.7818
 20
-587.505
 10
-680.8981
 20
-587.1486
 10
-681.2727
 20
-587.2781
 10
-681.257
 20
-587.5455
 10
-681.2477
 20
-587.7042
 10
-681.0006
 20
-587.9411
 10
-680.77
 20
-587.5726
 97
        1
330
D2
 75
     0
 76
     1
 98
        1
 10
0.0
 20
0.0
  0
SPLINE
  5
D4
102
{ACAD_REACTORS
330
D5
102
}
330
1F
100
AcDbEntity
  8
Layer 1
 62
   250
100
AcDbSpline
210
0.0
220
0.0
230
1.0
 70
    11
 71
     3
 72
    26
 73
    22
 74
     0
 42
0.0000000001
 43
0.0000000001
 40
0.0
 40
0.0
 40
0.0
 40
0.0
 40
0.1428571428571428
 40
0.1428571428571428
 40
0.1428571428571428
 40
0.2857142857142857
 40
0.2857142857142857
 40
0.2857142857142857
 40
0.4285714285714285
 40
0.4285714285714285
 40
0.4285714285714285
 40
0.5714285714285714
 40
0.5714285714285714
 40
0.5714285714285714
 40
0.7142857142857142
 40
0.7142857142857142
 40
0.7142857142857142
 40
0.8571428571428571
 40
0.8571428571428571
 40
0.8571428571428571
 40
1.0
 40
1.0
 40
1.0
 40
1.0
 10
-685.0569
 20
-559.7057
 30
0.0
 10
-684.9252
 20
-559.5986
 30
0.0
 10
-684.7498
 20
-559.4252
 30
0.0
 10
-684.611
 20
-559.2861
 30
0.0
 10
-684.611
 20
-559.2861
 30
0.0
 10
-683.247
 20
-557.9024
 30
0.0
 10
-683.247
 20
-557.9024
 30
0.0
 10
-683.247
 20
-557.9024
 30
0.0
 10
-683.4833
 20
-557.8977
 30
0.0
 10
-683.4833
 20
-557.8977
 30
0.0
 10
-683.5303
 20
-557.9988
 30
0.0
 10
-683.7902
 20
-558.2684
 30
0.0
 10
-683.869
 20
-558.3562
 30
0.0
 10
-684.0263
 20
-558.5313
 30
0.0
 10
-684.133
 20
-558.666
 30
0.0
 10
-684.2674
 20
-558.8058
 30
0.0
 10
-684.4093
 20
-558.9533
 30
0.0
 10
-684.5205
 20
-559.0898
 30
0.0
 10
-684.6696
 20
-559.2507
 30
0.0
 10
-684.7839
 20
-559.374
 30
0.0
 10
-684.9558
 20
-559.5729
 30
0.0
 10
-685.0569
 20
-559.7057
 30
0.0
  0
HATCH
  5
D5
330
1F
100
AcDbEntity
  8
Layer 1
 62
   250
420
  3617845
100
AcDbHatch
 10
0.0
 20
0.0
 30
0.0
210
0.0
220
0.0
230
1.0
  2
SOLID
 70
     1
 71
     1
 91
        1
 92
        1
 93
        1
 72
     4
 94
        3
 73
     0
 74
     1
 95
       26
 96
       22
 40
0.0
 40
0.0
 40
0.0
 40
0.0
 40
0.1428571428571428
 40
0.1428571428571428
 40
0.1428571428571428
 40
0.2857142857142857
 40
0.2857142857142857
 40
0.2857142857142857
 40
0.4285714285714285
 40
0.4285714285714285
 40
0.4285714285714285
 40
0.5714285714285714
 40
0.5714285714285714
 40
0.5714285714285714
 40
0.7142857142857142
 40
0.7142857142857142
 40
0.7142857142857142
 40
0.8571428571428571
 40
0.8571428571428571
 40
0.8571428571428571
 40
1.0
 40
1.0
 40
1.0
 40
1.0
 10
-685.0569
 20
-559.7057
 10
-684.9252
 20
-559.5986
 10
-684.7498
 20
-559.4252
 10
-684.611
 20
-559.2861
 10
-684.611
 20
-559.2861
 10
-683.247
 20
-557.9024
 10
-683.247
 20
-557.9024
 10
-683.247
 20
-557.9024
 10
-683.4833
 20
-557.8977
 10
-683.4833
 20
-557.8977
 10
-683.5303
 20
-557.9988
 10
-683.7902
 20
-558.2684
 10
-683.869
 20
-558.3562
 10
-684.0263
 20
-558.5313
 10
-684.133
 20
-558.666
 10
-684.2674
 20
-558.8058
 10
-684.4093
 20
-558.9533
 10
-684.5205
 20
-559.0898
 10
-684.6696
 20
-559.2507
 10
-684.7839
 20
-559.374
 10
-684.9558
 20
-559.5729
 10
-685.0569
 20
-559.7057
 97
        1
330
D4
 75
     0
 76
     1
 98
        1
 10
0.0
 20
0.0
  0
SPLINE
  5
D6
102
{ACAD_REACTORS
330
D7
102
}
330
1F
100
AcDbEntity
  8
Layer 1
 62
   250
100
AcDbSpline
210
0.0
220
0.0
230
1.0
 70
    11
 71
     3
 72
    32
 73
    28
 74
     0
 42
0.0000000001
 43
0.0000000001
 40
0.0
 40
0.0
 40
0.0
 40
0.0
 40
0.1111111111111111
 40
0.1111111111111111
 40
0.1111111111111111
 40
0.2222222222222222
 40
0.2222222222222222
 40
0.2222222222222222
 40
0.3333333333333333
 40
0.3333333333333333
 40
0.3333333333333333
 40
0.4444444444444444
 40
0.4444444444444444
 40
0.4444444444444444
 40
0.5555555555555556
 40
0.5555555555555556
 40
0.5555555555555556
 40
0.6666666666666666
 40
0.6666666666666666
 40
0.6666666666666666
 40
0.7777777777777777
 40
0.7777777777777777
 40
0.7777777777777777
 40
0.8888888888888888
 40
0.8888888888888888
 40
0.8888888888888888
 40
1.0
 40
1.0
 40
1.0
 40
1.0
 10
-694.139
 20
-587.4263
 30
0.0
 10
-694.1088
 20
-587.447
 30
0.0
 10
-694.1641
 20
-587.4255
 30
0.0
 10
-694.0744
 20
-587.4571
 30
0.0
 10
-694.0744
 20
-587.4571
 30
0.0
 10
-693.8497
 20
-587.5019
 30
0.0
 10
-693.8497
 20
-587.5019
 30
0.0
 10
-693.0864
 20
-587.6472
 30
0.0
 10
-693.4634
 20
-587.6005
 30
0.0
 10
-693.035
 20
-587.4781
 30
0.0
 10
-692.9613
 20
-587.5478
 30
0.0
 10
-692.892
 20
-587.6685
 30
0.0
 10
-692.7082
 20
-587.6058
 30
0.0
 10
-692.6245
 20
-587.5773
 30
0.0
 10
-692.5256
 20
-587.4625
 30
0.0
 10
-692.5621
 20
-587.3187
 30
0.0
 10
-692.5889
 20
-587.213
 30
0.0
 10
-692.7024
 20
-587.1256
 30
0.0
 10
-692.844
 20
-587.1588
 30
0.0
 10
-692.9758
 20
-587.1897
 30
0.0
 10
-692.9607
 20
-587.2798
 30
0.0
 10
-693.0656
 20
-587.3738
 30
0.0
 10
-693.3342
 20
-587.2609
 30
0.0
 10
-693.2798
 20
-587.2409
 30
0.0
 10
-693.612
 20
-587.3068
 30
0.0
 10
-693.7577
 20
-587.3356
 30
0.0
 10
-694.0049
 20
-587.3564
 30
0.0
 10
-694.139
 20
-587.4263
 30
0.0
  0
HATCH
  5
D7
330
1F
100
AcDbEntity
  8
Layer 1
 62
   250
420
  3617845
100
AcDbHatch
 10
0.0
 20
0.0
 30
0.0
210
0.0
220
0.0
230
1.0
  2
SOLID
 70
     1
 71
     1
 91
        1
 92
        1
 93
        1
 72
     4
 94
        3
 73
     0
 74
     1
 95
       32
 96
       28
 40
0.0
 40
0.0
 40
0.0
 40
0.0
 40
0.1111111111111111
 40
0.1111111111111111
 40
0.1111111111111111
 40
0.2222222222222222
 40
0.2222222222222222
 40
0.2222222222222222
 40
0.3333333333333333
 40
0.3333333333333333
 40
0.3333333333333333
 40
0.4444444444444444
 40
0.4444444444444444
 40
0.4444444444444444
 40
0.5555555555555556
 40
0.5555555555555556
 40
0.5555555555555556
 40
0.6666666666666666
 40
0.6666666666666666
 40
0.6666666666666666
 40
0.7777777777777777
 40
0.7777777777777777
 40
0.7777777777777777
 40
0.8888888888888888
 40
0.8888888888888888
 40
0.8888888888888888
 40
1.0
 40
1.0
 40
1.0
 40
1.0
 10
-694.139
 20
-587.4263
 10
-694.1088
 20
-587.447
 10
-694.1641
 20
-587.4255
 10
-694.0744
 20
-587.4571
 10
-694.0744
 20
-587.4571
 10
-693.8497
 20
-587.5019
 10
-693.8497
 20
-587.5019
 10
-693.0864
 20
-587.6472
 10
-693.4634
 20
-587.6005
 10
-693.035
 20
-587.4781
 10
-692.9613
 20
-587.5478
 10
-692.892
 20
-587.6685
 10
-692.7082
 20
-587.6058
 10
-692.6245
 20
-587.5773
 10
-692.5256
 20
-587.4625
 10
-692.5621
 20
-587.3187
 10
-692.5889
 20
-587.213
 10
-692.7024
 20
-587.1256
 10
-692.844
 20
-587.1588
 10
-692.9758
 20
-587.1897
 10
-692.9607
 20
-587.2798
 10
-693.0656
 20
-587.3738
 10
-693.3342
 20
-587.2609
 10
-693.2798
 20
-587.2409
 10
-693.612
 20
-587.3068
 10
-693.7577
 20
-587.3356
 10
-694.0049
 20
-587.3564
 10
-694.139
 20
-587.4263
 97
        1
330
D6
 75
     0
 76
     1
 98
        1
 10
0.0
 20
0.0
  0
SPLINE
  5
D8
102
{ACAD_REACTORS
330
D9
102
}
330
1F
100
AcDbEntity
  8
Layer 1
 62
   250
100
AcDbSpline
210
0.0
220
0.0
230
1.0
 70
    11
 71
     3
 72
    23
 73
    19
 74
     0
 42
0.0000000001
 43
0.0000000001
 40
0.0
 40
0.0
 40
0.0
 40
0.0
 40
0.1666666666666667
 40
0.1666666666666667
 40
0.1666666666666667
 40
0.3333333333333333
 40
0.3333333333333333
 40
0.3333333333333333
 40
0.5
 40
0.5
 40
0.5
 40
0.6666666666666666
 40
0.6666666666666666
 40
0.6666666666666666
 40
0.8333333333333333
 40
0.8333333333333333
 40
0.8333333333333333
 40
1.0
 40
1.0
 40
1.0
 40
1.0
 10
-685.4061
 20
-588.1604
 30
0.0
 10
-685.4061
 20
-588.1604
 30
0.0
 10
-684.5429
 20
-588.1604
 30
0.0
 10
-684.5429
 20
-588.1604
 30
0.0
 10
-684.5429
 20
-588.1604
 30
0.0
 10
-684.5225
 20
-587.9876
 30
0.0
 10
-684.5225
 20
-587.9876
 30
0.0
 10
-684.5225
 20
-587.9876
 30
0.0
 10
-685.2395
 20
-587.9768
 30
0.0
 10
-685.2395
 20
-587.9768
 30
0.0
 10
-685.2395
 20
-587.9768
 30
0.0
 10
-685.2521
 20
-586.6809
 30
0.0
 10
-685.2521
 20
-586.6809
 30
0.0
 10
-685.4642
 20
-586.6479
 30
0.0
 10
-685.4254
 20
-586.6969
 30
0.0
 10
-685.4221
 20
-586.9044
 30
0.0
 10
-685.4173
 20
-587.2187
 30
0.0
 10
-685.4399
 20
-587.9435
 30
0.0
 10
-685.4061
 20
-588.1604
 30
0.0
  0
HATCH
  5
D9
330
1F
100
AcDbEntity
  8
Layer 1
 62
   250
420
  3617845
100
AcDbHatch
 10
0.0
 20
0.0
 30
0.0
210
0.0
220
0.0
230
1.0
  2
SOLID
 70
     1
 71
     1
 91
        1
 92
        1
 93
        1
 72
     4
 94
        3
 73
     0
 74
     1
 95
       23
 96
       19
 40
0.0
 40
0.0
 40
0.0
 40
0.0
 40
0.1666666666666667
 40
0.1666666666666667
 40
0.1666666666666667
 40
0.3333333333333333
 40
0.3333333333333333
 40
0.3333333333333333
 40
0.5
 40
0.5
 40
0.5
 40
0.6666666666666666
 40
0.6666666666666666
 40
0.6666666666666666
 40
0.8333333333333333
 40
0.8333333333333333
 40
0.8333333333333333
 40
1.0
 40
1.0
 40
1.0
 40
1.0
 10
-685.4061
 20
-588.1604
 10
-685.4061
 20
-588.1604
 10
-684.5429
 20
-588.1604
 10
-684.5429
 20
-588.1604
 10
-684.5429
 20
-588.1604
 10
-684.5225
 20
-587.9876
 10
-684.5225
 20
-587.9876
 10
-684.5225
 20
-587.9876
 10
-685.2395
 20
-587.9768
 10
-685.2395
 20
-587.9768
 10
-685.2395
 20
-587.9768
 10
-685.2521
 20
-586.6809
 10
-685.2521
 20
-586.6809
 10
-685.4642
 20
-586.6479
 10
-685.4254
 20
-586.6969
 10
-685.4221
 20
-586.9044
 10
-685.4173
 20
-587.2187
 10
-685.4399
 20
-587.9435
 10
-685.4061
 20
-588.1604
 97
        1
330
D8
 75
     0
 76
     1
 98
        1
 10
0.0
 20
0.0
  0
SPLINE
  5
DA
102
{ACAD_REACTORS
330
DB
102
}
330
1F
100
AcDbEntity
  8
Layer 1
 62
   250
100
AcDbSpline
210
0.0
220
0.0
230
1.0
 70
    11
 71
     3
 72
    20
 73
    16
 74
     0
 42
0.0000000001
 43
0.0000000001
 40
0.0
 40
0.0
 40
0.0
 40
0.0
 40
0.2
 40
0.2
 40
0.2
 40
0.4
 40
0.4
 40
0.4
 40
0.6000000000000001
 40
0.6000000000000001
 40
0.6000000000000001
 40
0.8
 40
0.8
 40
0.8
 40
1.0
 40
1.0
 40
1.0
 40
1.0
 10
-688.7258
 20
-559.6704
 30
0.0
 10
-688.7258
 20
-559.6704
 30
0.0
 10
-689.4849
 20
-558.7927
 30
0.0
 10
-689.4849
 20
-558.7927
 30
0.0
 10
-689.6531
 20
-558.5929
 30
0.0
 10
-690.1945
 20
-558.0355
 30
0.0
 10
-690.2595
 20
-557.9011
 30
0.0
 10
-690.2595
 20
-557.9011
 30
0.0
 10
-690.4968
 20
-557.898
 30
0.0
 10
-690.4968
 20
-557.898
 30
0.0
 10
-690.4614
 20
-557.9973
 30
0.0
 10
-690.4835
 20
-557.9504
 30
0.0
 10
-690.3907
 20
-558.0286
 30
0.0
 10
-690.1412
 20
-558.2389
 30
0.0
 10
-688.8485
 20
-559.6039
 30
0.0
 10
-688.7258
 20
-559.6704
 30
0.0
  0
HATCH
  5
DB
330
1F
100
AcDbEntity
  8
Layer 1
 62
   250
420
  3617845
100
AcDbHatch
 10
0.0
 20
0.0
 30
0.0
210
0.0
220
0.0
230
1.0
  2
SOLID
 70
     1
 71
     1
 91
        1
 92
        1
 93
        1
 72
     4
 94
        3
 73
     0
 74
     1
 95
       20
 96
       16
 40
0.0
 40
0.0
 40
0.0
 40
0.0
 40
0.2
 40
0.2
 40
0.2
 40
0.4
 40
0.4
 40
0.4
 40
0.6000000000000001
 40
0.6000000000000001
 40
0.6000000000000001
 40
0.8
 40
0.8
 40
0.8
 40
1.0
 40
1.0
 40
1.0
 40
1.0
 10
-688.7258
 20
-559.6704
 10
-688.7258
 20
-559.6704
 10
-689.4849
 20
-558.7927
 10
-689.4849
 20
-558.7927
 10
-689.6531
 20
-558.5929
 10
-690.1945
 20
-558.0355
 10
-690.2595
 20
-557.9011
 10
-690.2595
 20
-557.9011
 10
-690.4968
 20
-557.898
 10
-690.4968
 20
-557.898
 10
-690.4614
 20
-557.9973
 10
-690.4835
 20
-557.9504
 10
-690.3907
 20
-558.0286
 10
-690.1412
 20
-558.2389
 10
-688.8485
 20
-559.6039
 10
-688.7258
 20
-559.6704
 97
        1
330
DA
 75
     0
 76
     1
 98
        1
 10
0.0
 20
0.0
  0
SPLINE
  5
DC
102
{ACAD_REACTORS
330
DD
102
}
330
1F
100
AcDbEntity
  8
Layer 1
 62
   250
100
AcDbSpline
210
0.0
220
0.0
230
1.0
 70
    11
 71
     3
 72
    23
 73
    19
 74
     0
 42
0.0000000001
 43
0.0000000001
 40
0.0
 40
0.0
 40
0.0
 40
0.0
 40
0.1666666666666667
 40
0.1666666666666667
 40
0.1666666666666667
 40
0.3333333333333333
 40
0.3333333333333333
 40
0.3333333333333333
 40
0.5
 40
0.5
 40
0.5
 40
0.6666666666666666
 40
0.6666666666666666
 40
0.6666666666666666
 40
0.8333333333333333
 40
0.8333333333333333
 40
0.8333333333333333
 40
1.0
 40
1.0
 40
1.0
 40
1.0
 10
-692.2745
 20
-588.1604
 30
0.0
 10
-692.2745
 20
-588.1604
 30
0.0
 10
-691.9319
 20
-588.1604
 30
0.0
 10
-691.9319
 20
-588.1604
 30
0.0
 10
-691.8536
 20
-588.0815
 30
0.0
 10
-691.7683
 20
-588.0617
 30
0.0
 10
-691.7319
 20
-587.9353
 30
0.0
 10
-691.6946
 20
-587.8057
 30
0.0
 10
-691.6993
 20
-586.7975
 30
0.0
 10
-691.7315
 20
-586.6711
 30
0.0
 10
-691.7315
 20
-586.6711
 30
0.0
 10
-691.8872
 20
-586.6787
 30
0.0
 10
-691.8872
 20
-586.6787
 30
0.0
 10
-691.9908
 20
-587.8133
 30
0.0
 10
-691.6359
 20
-588.0207
 30
0.0
 10
-692.3164
 20
-587.9992
 30
0.0
 10
-692.3164
 20
-587.9992
 30
0.0
 10
-692.2745
 20
-588.1604
 30
0.0
 10
-692.2745
 20
-588.1604
 30
0.0
  0
HATCH
  5
DD
330
1F
100
AcDbEntity
  8
Layer 1
 62
   250
420
  3617845
100
AcDbHatch
 10
0.0
 20
0.0
 30
0.0
210
0.0
220
0.0
230
1.0
  2
SOLID
 70
     1
 71
     1
 91
        1
 92
        1
 93
        1
 72
     4
 94
        3
 73
     0
 74
     1
 95
       23
 96
       19
 40
0.0
 40
0.0
 40
0.0
 40
0.0
 40
0.1666666666666667
 40
0.1666666666666667
 40
0.1666666666666667
 40
0.3333333333333333
 40
0.3333333333333333
 40
0.3333333333333333
 40
0.5
 40
0.5
 40
0.5
 40
0.6666666666666666
 40
0.6666666666666666
 40
0.6666666666666666
 40
0.8333333333333333
 40
0.8333333333333333
 40
0.8333333333333333
 40
1.0
 40
1.0
 40
1.0
 40
1.0
 10
-692.2745
 20
-588.1604
 10
-692.2745
 20
-588.1604
 10
-691.9319
 20
-588.1604
 10
-691.9319
 20
-588.1604
 10
-691.8536
 20
-588.0815
 10
-691.7683
 20
-588.0617
 10
-691.7319
 20
-587.9353
 10
-691.6946
 20
-587.8057
 10
-691.6993
 20
-586.7975
 10
-691.7315
 20
-586.6711
 10
-691.7315
 20
-586.6711
 10
-691.8872
 20
-586.6787
 10
-691.8872
 20
-586.6787
 10
-691.9908
 20
-587.8133
 10
-691.6359
 20
-588.0207
 10
-692.3164
 20
-587.9992
 10
-692.3164
 20
-587.9992
 10
-692.2745
 20
-588.1604
 10
-692.2745
 20
-588.1604
 97
        1
330
DC
 75
     0
 76
     1
 98
        1
 10
0.0
 20
0.0
  0
SPLINE
  5
DE
102
{ACAD_REACTORS
330
DF
102
}
330
1F
100
AcDbEntity
  8
Layer 1
 62
   250
100
AcDbSpline
210
0.0
220
0.0
230
1.0
 70
    11
 71
     3
 72
    14
 73
    10
 74
     0
 42
0.0000000001
 43
0.0000000001
 40
0.0
 40
0.0
 40
0.0
 40
0.0
 40
0.3333333333333333
 40
0.3333333333333333
 40
0.3333333333333333
 40
0.6666666666666666
 40
0.6666666666666666
 40
0.6666666666666666
 40
1.0
 40
1.0
 40
1.0
 40
1.0
 10
-684.1187
 20
-557.7322
 30
0.0
 10
-684.1187
 20
-557.7322
 30
0.0
 10
-683.6387
 20
-557.7398
 30
0.0
 10
-683.6387
 20
-557.7398
 30
0.0
 10
-683.6812
 20
-557.577
 30
0.0
 10
-683.8487
 20
-557.2904
 30
0.0
 10
-683.9401
 20
-557.206
 30
0.0
 10
-683.9865
 20
-557.2772
 30
0.0
 10
-684.1289
 20
-557.6527
 30
0.0
 10
-684.1187
 20
-557.7322
 30
0.0
  0
HATCH
  5
DF
330
1F
100
AcDbEntity
  8
Layer 1
 62
   250
420
  3617845
100
AcDbHatch
 10
0.0
 20
0.0
 30
0.0
210
0.0
220
0.0
230
1.0
  2
SOLID
 70
     1
 71
     1
 91
        1
 92
        1
 93
        1
 72
     4
 94
        3
 73
     0
 74
     1
 95
       14
 96
       10
 40
0.0
 40
0.0
 40
0.0
 40
0.0
 40
0.3333333333333333
 40
0.3333333333333333
 40
0.3333333333333333
 40
0.6666666666666666
 40
0.6666666666666666
 40
0.6666666666666666
 40
1.0
 40
1.0
 40
1.0
 40
1.0
 10
-684.1187
 20
-557.7322
 10
-684.1187
 20
-557.7322
 10
-683.6387
 20
-557.7398
 10
-683.6387
 20
-557.7398
 10
-683.6812
 20
-557.577
 10
-683.8487
 20
-557.2904
 10
-683.9401
 20
-557.206
 10
-683.9865
 20
-557.2772
 10
-684.1289
 20
-557.6527
 10
-684.1187
 20
-557.7322
 97
        1
330
DE
 75
     0
 76
     1
 98
        1
 10
0.0
 20
0.0
  0
SPLINE
  5
E0
102
{ACAD_REACTORS
330
E1
102
}
330
1F
100
AcDbEntity
  8
Layer 1
 62
   250
100
AcDbSpline
210
0.0
220
0.0
230
1.0
 70
    11
 71
     3
 72
    14
 73
    10
 74
     0
 42
0.0000000001
 43
0.0000000001
 40
0.0
 40
0.0
 40
0.0
 40
0.0
 40
0.3333333333333333
 40
0.3333333333333333
 40
0.3333333333333333
 40
0.6666666666666666
 40
0.6666666666666666
 40
0.6666666666666666
 40
1.0
 40
1.0
 40
1.0
 40
1.0
 10
-690.1047
 20
-557.7369
 30
0.0
 10
-690.1047
 20
-557.7369
 30
0.0
 10
-689.638
 20
-557.7398
 30
0.0
 10
-689.638
 20
-557.7398
 30
0.0
 10
-689.6166
 20
-557.6146
 30
0.0
 10
-689.7649
 20
-557.3283
 30
0.0
 10
-689.8138
 20
-557.1895
 30
0.0
 10
-689.8851
 20
-557.3062
 30
0.0
 10
-690.077
 20
-557.5947
 30
0.0
 10
-690.1047
 20
-557.7369
 30
0.0
  0
HATCH
  5
E1
330
1F
100
AcDbEntity
  8
Layer 1
 62
   250
420
  3617845
100
AcDbHatch
 10
0.0
 20
0.0
 30
0.0
210
0.0
220
0.0
230
1.0
  2
SOLID
 70
     1
 71
     1
 91
        1
 92
        1
 93
        1
 72
     4
 94
        3
 73
     0
 74
     1
 95
       14
 96
       10
 40
0.0
 40
0.0
 40
0.0
 40
0.0
 40
0.3333333333333333
 40
0.3333333333333333
 40
0.3333333333333333
 40
0.6666666666666666
 40
0.6666666666666666
 40
0.6666666666666666
 40
1.0
 40
1.0
 40
1.0
 40
1.0
 10
-690.1047
 20
-557.7369
 10
-690.1047
 20
-557.7369
 10
-689.638
 20
-557.7398
 10
-689.638
 20
-557.7398
 10
-689.6166
 20
-557.6146
 10
-689.7649
 20
-557.3283
 10
-689.8138
 20
-557.1895
 10
-689.8851
 20
-557.3062
 10
-690.077
 20
-557.5947
 10
-690.1047
 20
-557.7369
 97
        1
330
E0
 75
     0
 76
     1
 98
        1
 10
0.0
 20
0.0
  0
SPLINE
  5
E2
102
{ACAD_REACTORS
330
E3
102
}
330
1F
100
AcDbEntity
  8
Layer 1
 62
   250
100
AcDbSpline
210
0.0
220
0.0
230
1.0
 70
    11
 71
     3
 72
    20
 73
    16
 74
     0
 42
0.0000000001
 43
0.0000000001
 40
0.0
 40
0.0
 40
0.0
 40
0.0
 40
0.2
 40
0.2
 40
0.2
 40
0.4
 40
0.4
 40
0.4
 40
0.6000000000000001
 40
0.6000000000000001
 40
0.6000000000000001
 40
0.8
 40
0.8
 40
0.8
 40
1.0
 40
1.0
 40
1.0
 40
1.0
 10
-698.5777
 20
-590.0722
 30
0.0
 10
-699.1427
 20
-590.0722
 30
0.0
 10
-699.3334
 20
-590.6662
 30
0.0
 10
-699.3334
 20
-591.1544
 30
0.0
 10
-699.3334
 20
-591.6354
 30
0.0
 10
-699.1522
 20
-592.2319
 30
0.0
 10
-698.5777
 20
-592.2319
 30
0.0
 10
-698.0048
 20
-592.2319
 30
0.0
 10
-697.8227
 20
-591.6378
 30
0.0
 10
-697.8227
 20
-591.152
 30
0.0
 10
-697.8227
 20
-590.6662
 30
0.0
 10
-698.0048
 20
-590.0722
 30
0.0
 10
-698.573
 20
-590.0722
 30
0.0
 10
-698.573
 20
-590.0722
 30
0.0
 10
-698.5777
 20
-590.0722
 30
0.0
 10
-698.5777
 20
-590.0722
 30
0.0
  0
HATCH
  5
E3
330
1F
100
AcDbEntity
  8
Layer 1
 62
   250
420
  3617845
100
AcDbHatch
 10
0.0
 20
0.0
 30
0.0
210
0.0
220
0.0
230
1.0
  2
SOLID
 70
     1
 71
     1
 91
        1
 92
        1
 93
        1
 72
     4
 94
        3
 73
     0
 74
     1
 95
       20
 96
       16
 40
0.0
 40
0.0
 40
0.0
 40
0.0
 40
0.2
 40
0.2
 40
0.2
 40
0.4
 40
0.4
 40
0.4
 40
0.6000000000000001
 40
0.6000000000000001
 40
0.6000000000000001
 40
0.8
 40
0.8
 40
0.8
 40
1.0
 40
1.0
 40
1.0
 40
1.0
 10
-698.5777
 20
-590.0722
 10
-699.1427
 20
-590.0722
 10
-699.3334
 20
-590.6662
 10
-699.3334
 20
-591.1544
 10
-699.3334
 20
-591.6354
 10
-699.1522
 20
-592.2319
 10
-698.5777
 20
-592.2319
 10
-698.0048
 20
-592.2319
 10
-697.8227
 20
-591.6378
 10
-697.8227
 20
-591.152
 10
-697.8227
 20
-590.6662
 10
-698.0048
 20
-590.0722
 10
-698.573
 20
-590.0722
 10
-698.573
 20
-590.0722
 10
-698.5777
 20
-590.0722
 10
-698.5777
 20
-590.0722
 97
        1
330
E2
 75
     0
 76
     1
 98
        1
 10
0.0
 20
0.0
  0
SPLINE
  5
E4
102
{ACAD_REACTORS
330
E5
102
}
330
1F
100
AcDbEntity
  8
Layer 1
 62
   250
100
AcDbSpline
210
0.0
220
0.0
230
1.0
 70
    11
 71
     3
 72
    20
 73
    16
 74
     0
 42
0.0000000001
 43
0.0000000001
 40
0.0
 40
0.0
 40
0.0
 40
0.0
 40
0.2
 40
0.2
 40
0.2
 40
0.4
 40
0.4
 40
0.4
 40
0.6000000000000001
 40
0.6000000000000001
 40
0.6000000000000001
 40
0.8
 40
0.8
 40
0.8
 40
1.0
 40
1.0
 40
1.0
 40
1.0
 10
-698.5801
 20
-590.2119
 30
0.0
 10
-698.3587
 20
-590.2119
 30
0.0
 10
-698.2873
 20
-590.6725
 30
0.0
 10
-698.2873
 20
-591.145
 30
0.0
 10
-698.2873
 20
-591.6017
 30
0.0
 10
-698.3423
 20
-592.0922
 30
0.0
 10
-698.573
 20
-592.0922
 30
0.0
 10
-698.7982
 20
-592.0922
 30
0.0
 10
-698.8673
 20
-591.5805
 30
0.0
 10
-698.8673
 20
-591.1403
 30
0.0
 10
-698.8673
 20
-590.6961
 30
0.0
 10
-698.8147
 20
-590.2119
 30
0.0
 10
-698.5848
 20
-590.2119
 30
0.0
 10
-698.5848
 20
-590.2119
 30
0.0
 10
-698.5801
 20
-590.2119
 30
0.0
 10
-698.5801
 20
-590.2119
 30
0.0
  0
HATCH
  5
E5
330
1F
100
AcDbEntity
  8
Layer 1
 62
   250
420
  3617845
100
AcDbHatch
 10
0.0
 20
0.0
 30
0.0
210
0.0
220
0.0
230
1.0
  2
SOLID
 70
     1
 71
     1
 91
        1
 92
        1
 93
        1
 72
     4
 94
        3
 73
     0
 74
     1
 95
       20
 96
       16
 40
0.0
 40
0.0
 40
0.0
 40
0.0
 40
0.2
 40
0.2
 40
0.2
 40
0.4
 40
0.4
 40
0.4
 40
0.6000000000000001
 40
0.6000000000000001
 40
0.6000000000000001
 40
0.8
 40
0.8
 40
0.8
 40
1.0
 40
1.0
 40
1.0
 40
1.0
 10
-698.5801
 20
-590.2119
 10
-698.3587
 20
-590.2119
 10
-698.2873
 20
-590.6725
 10
-698.2873
 20
-591.145
 10
-698.2873
 20
-591.6017
 10
-698.3423
 20
-592.0922
 10
-698.573
 20
-592.0922
 10
-698.7982
 20
-592.0922
 10
-698.8673
 20
-591.5805
 10
-698.8673
 20
-591.1403
 10
-698.8673
 20
-590.6961
 10
-698.8147
 20
-590.2119
 10
-698.5848
 20
-590.2119
 10
-698.5848
 20
-590.2119
 10
-698.5801
 20
-590.2119
 10
-698.5801
 20
-590.2119
 97
        1
330
E4
 75
     0
 76
     1
 98
        1
 10
0.0
 20
0.0
  0
SPLINE
  5
E6
102
{ACAD_REACTORS
330
E7
102
}
330
1F
100
AcDbEntity
  8
Layer 1
 62
   250
100
AcDbSpline
210
0.0
220
0.0
230
1.0
 70
    11
 71
     3
 72
    35
 73
    31
 74
     0
 42
0.0000000001
 43
0.0000000001
 40
0.0
 40
0.0
 40
0.0
 40
0.0
 40
0.1
 40
0.1
 40
0.1
 40
0.2
 40
0.2
 40
0.2
 40
0.3
 40
0.3
 40
0.3
 40
0.4
 40
0.4
 40
0.4
 40
0.5
 40
0.5
 40
0.5
 40
0.6000000000000001
 40
0.6000000000000001
 40
0.6000000000000001
 40
0.7000000000000001
 40
0.7000000000000001
 40
0.7000000000000001
 40
0.8
 40
0.8
 40
0.8
 40
0.9
 40
0.9
 40
0.9
 40
1.0
 40
1.0
 40
1.0
 40
1.0
 10
-696.2326
 20
-590.0714
 30
0.0
 10
-696.7545
 20
-590.0714
 30
0.0
 10
-697.0166
 20
-590.4952
 30
0.0
 10
-697.0166
 20
-590.7942
 30
0.0
 10
-697.0166
 20
-591.1465
 30
0.0
 10
-696.7615
 20
-591.4267
 30
0.0
 10
-696.3558
 20
-591.4267
 30
0.0
 10
-696.2977
 20
-591.4267
 30
0.0
 10
-696.2373
 20
-591.411
 30
0.0
 10
-696.1565
 20
-591.3671
 30
0.0
 10
-696.1565
 20
-591.3671
 30
0.0
 10
-695.983
 20
-591.2799
 30
0.0
 10
-695.983
 20
-591.2799
 30
0.0
 10
-696.0709
 20
-591.6763
 30
0.0
 10
-696.4319
 20
-592.0404
 30
0.0
 10
-696.9381
 20
-592.1228
 30
0.0
 10
-696.9381
 20
-592.1228
 30
0.0
 10
-696.9177
 20
-592.2468
 30
0.0
 10
-696.9177
 20
-592.2468
 30
0.0
 10
-696.771
 20
-592.2444
 30
0.0
 10
-696.4665
 20
-592.1872
 30
0.0
 10
-696.3346
 20
-592.1369
 30
0.0
 10
-695.8496
 20
-591.9509
 30
0.0
 10
-695.4823
 20
-591.5303
 30
0.0
 10
-695.4823
 20
-590.9189
 30
0.0
 10
-695.4823
 20
-590.4583
 30
0.0
 10
-695.7327
 20
-590.0714
 30
0.0
 10
-696.2302
 20
-590.0714
 30
0.0
 10
-696.2302
 20
-590.0714
 30
0.0
 10
-696.2326
 20
-590.0714
 30
0.0
 10
-696.2326
 20
-590.0714
 30
0.0
  0
HATCH
  5
E7
330
1F
100
AcDbEntity
  8
Layer 1
 62
   250
420
  3617845
100
AcDbHatch
 10
0.0
 20
0.0
 30
0.0
210
0.0
220
0.0
230
1.0
  2
SOLID
 70
     1
 71
     1
 91
        1
 92
        1
 93
        1
 72
     4
 94
        3
 73
     0
 74
     1
 95
       35
 96
       31
 40
0.0
 40
0.0
 40
0.0
 40
0.0
 40
0.1
 40
0.1
 40
0.1
 40
0.2
 40
0.2
 40
0.2
 40
0.3
 40
0.3
 40
0.3
 40
0.4
 40
0.4
 40
0.4
 40
0.5
 40
0.5
 40
0.5
 40
0.6000000000000001
 40
0.6000000000000001
 40
0.6000000000000001
 40
0.7000000000000001
 40
0.7000000000000001
 40
0.7000000000000001
 40
0.8
 40
0.8
 40
0.8
 40
0.9
 40
0.9
 40
0.9
 40
1.0
 40
1.0
 40
1.0
 40
1.0
 10
-696.2326
 20
-590.0714
 10
-696.7545
 20
-590.0714
 10
-697.0166
 20
-590.4952
 10
-697.0166
 20
-590.7942
 10
-697.0166
 20
-591.1465
 10
-696.7615
 20
-591.4267
 10
-696.3558
 20
-591.4267
 10
-696.2977
 20
-591.4267
 10
-696.2373
 20
-591.411
 10
-696.1565
 20
-591.3671
 10
-696.1565
 20
-591.3671
 10
-695.983
 20
-591.2799
 10
-695.983
 20
-591.2799
 10
-696.0709
 20
-591.6763
 10
-696.4319
 20
-592.0404
 10
-696.9381
 20
-592.1228
 10
-696.9381
 20
-592.1228
 10
-696.9177
 20
-592.2468
 10
-696.9177
 20
-592.2468
 10
-696.771
 20
-592.2444
 10
-696.4665
 20
-592.1872
 10
-696.3346
 20
-592.1369
 10
-695.8496
 20
-591.9509
 10
-695.4823
 20
-591.5303
 10
-695.4823
 20
-590.9189
 10
-695.4823
 20
-590.4583
 10
-695.7327
 20
-590.0714
 10
-696.2302
 20
-590.0714
 10
-696.2302
 20
-590.0714
 10
-696.2326
 20
-590.0714
 10
-696.2326
 20
-590.0714
 97
        1
330
E6
 75
     0
 76
     1
 98
        1
 10
0.0
 20
0.0
  0
SPLINE
  5
E8
102
{ACAD_REACTORS
330
E9
102
}
330
1F
100
AcDbEntity
  8
Layer 1
 62
   250
100
AcDbSpline
210
0.0
220
0.0
230
1.0
 70
    11
 71
     3
 72
    23
 73
    19
 74
     0
 42
0.0000000001
 43
0.0000000001
 40
0.0
 40
0.0
 40
0.0
 40
0.0
 40
0.1666666666666667
 40
0.1666666666666667
 40
0.1666666666666667
 40
0.3333333333333333
 40
0.3333333333333333
 40
0.3333333333333333
 40
0.5
 40
0.5
 40
0.5
 40
0.6666666666666666
 40
0.6666666666666666
 40
0.6666666666666666
 40
0.8333333333333333
 40
0.8333333333333333
 40
0.8333333333333333
 40
1.0
 40
1.0
 40
1.0
 40
1.0
 10
-696.2977
 20
-590.2032
 30
0.0
 10
-696.0317
 20
-590.2032
 30
0.0
 10
-695.9438
 20
-590.5736
 30
0.0
 10
-695.9438
 20
-590.9001
 30
0.0
 10
-695.9438
 20
-590.9786
 30
0.0
 10
-695.9462
 20
-591.0657
 30
0.0
 10
-695.9595
 20
-591.1536
 30
0.0
 10
-696.0105
 20
-591.1693
 30
0.0
 10
-696.0639
 20
-591.1928
 30
0.0
 10
-696.1518
 20
-591.1928
 30
0.0
 10
-696.4037
 20
-591.1928
 30
0.0
 10
-696.5661
 20
-590.9417
 30
0.0
 10
-696.5661
 20
-590.656
 30
0.0
 10
-696.5661
 20
-590.4379
 30
0.0
 10
-696.4853
 20
-590.2032
 30
0.0
 10
-696.3001
 20
-590.2032
 30
0.0
 10
-696.3001
 20
-590.2032
 30
0.0
 10
-696.2977
 20
-590.2032
 30
0.0
 10
-696.2977
 20
-590.2032
 30
0.0
  0
HATCH
  5
E9
330
1F
100
AcDbEntity
  8
Layer 1
 62
   250
420
  3617845
100
AcDbHatch
 10
0.0
 20
0.0
 30
0.0
210
0.0
220
0.0
230
1.0
  2
SOLID
 70
     1
 71
     1
 91
        1
 92
        1
 93
        1
 72
     4
 94
        3
 73
     0
 74
     1
 95
       23
 96
       19
 40
0.0
 40
0.0
 40
0.0
 40
0.0
 40
0.1666666666666667
 40
0.1666666666666667
 40
0.1666666666666667
 40
0.3333333333333333
 40
0.3333333333333333
 40
0.3333333333333333
 40
0.5
 40
0.5
 40
0.5
 40
0.6666666666666666
 40
0.6666666666666666
 40
0.6666666666666666
 40
0.8333333333333333
 40
0.8333333333333333
 40
0.8333333333333333
 40
1.0
 40
1.0
 40
1.0
 40
1.0
 10
-696.2977
 20
-590.2032
 10
-696.0317
 20
-590.2032
 10
-695.9438
 20
-590.5736
 10
-695.9438
 20
-590.9001
 10
-695.9438
 20
-590.9786
 10
-695.9462
 20
-591.0657
 10
-695.9595
 20
-591.1536
 10
-696.0105
 20
-591.1693
 10
-696.0639
 20
-591.1928
 10
-696.1518
 20
-591.1928
 10
-696.4037
 20
-591.1928
 10
-696.5661
 20
-590.9417
 10
-696.5661
 20
-590.656
 10
-696.5661
 20
-590.4379
 10
-696.4853
 20
-590.2032
 10
-696.3001
 20
-590.2032
 10
-696.3001
 20
-590.2032
 10
-696.2977
 20
-590.2032
 10
-696.2977
 20
-590.2032
 97
        1
330
E8
 75
     0
 76
     1
 98
        1
 10
0.0
 20
0.0
  0
SPLINE
  5
EA
102
{ACAD_REACTORS
330
EB
102
}
330
1F
100
AcDbEntity
  8
Layer 1
 62
   250
100
AcDbSpline
210
0.0
220
0.0
230
1.0
 70
    11
 71
     3
 72
    38
 73
    34
 74
     0
 42
0.0000000001
 43
0.0000000001
 40
0.0
 40
0.0
 40
0.0
 40
0.0
 40
0.0909090909090909
 40
0.0909090909090909
 40
0.0909090909090909
 40
0.1818181818181818
 40
0.1818181818181818
 40
0.1818181818181818
 40
0.2727272727272727
 40
0.2727272727272727
 40
0.2727272727272727
 40
0.3636363636363636
 40
0.3636363636363636
 40
0.3636363636363636
 40
0.4545454545454546
 40
0.4545454545454546
 40
0.4545454545454546
 40
0.5454545454545454
 40
0.5454545454545454
 40
0.5454545454545454
 40
0.6363636363636364
 40
0.6363636363636364
 40
0.6363636363636364
 40
0.7272727272727273
 40
0.7272727272727273
 40
0.7272727272727273
 40
0.8181818181818182
 40
0.8181818181818182
 40
0.8181818181818182
 40
0.9090909090909092
 40
0.9090909090909092
 40
0.9090909090909092
 40
1.0
 40
1.0
 40
1.0
 40
1.0
 10
-693.3554
 20
-592.195
 30
0.0
 10
-693.3554
 20
-592.195
 30
0.0
 10
-693.3554
 20
-592.0773
 30
0.0
 10
-693.3554
 20
-592.0773
 30
0.0
 10
-693.6332
 20
-592.0569
 30
0.0
 10
-693.656
 20
-591.9972
 30
0.0
 10
-693.656
 20
-591.7681
 30
0.0
 10
-693.656
 20
-591.7681
 30
0.0
 10
-693.656
 20
-590.0714
 30
0.0
 10
-693.656
 20
-590.0714
 30
0.0
 10
-693.9652
 20
-590.1522
 30
0.0
 10
-694.2155
 20
-590.2119
 30
0.0
 10
-694.4337
 20
-590.2464
 30
0.0
 10
-694.4337
 20
-590.2464
 30
0.0
 10
-694.4337
 20
-590.3468
 30
0.0
 10
-694.4337
 20
-590.3468
 30
0.0
 10
-694.4337
 20
-590.3468
 30
0.0
 10
-694.2501
 20
-590.3562
 30
0.0
 10
-694.2501
 20
-590.3562
 30
0.0
 10
-694.1167
 20
-590.3657
 30
0.0
 10
-694.1033
 20
-590.3861
 30
0.0
 10
-694.1033
 20
-590.5626
 30
0.0
 10
-694.1033
 20
-590.5626
 30
0.0
 10
-694.1033
 20
-591.7681
 30
0.0
 10
-694.1033
 20
-591.7681
 30
0.0
 10
-694.1033
 20
-592.0067
 30
0.0
 10
-694.1331
 20
-592.0569
 30
0.0
 10
-694.4086
 20
-592.0773
 30
0.0
 10
-694.4086
 20
-592.0773
 30
0.0
 10
-694.4086
 20
-592.195
 30
0.0
 10
-694.4086
 20
-592.195
 30
0.0
 10
-694.4086
 20
-592.195
 30
0.0
 10
-693.3554
 20
-592.195
 30
0.0
 10
-693.3554
 20
-592.195
 30
0.0
  0
HATCH
  5
EB
330
1F
100
AcDbEntity
  8
Layer 1
 62
   250
420
  3617845
100
AcDbHatch
 10
0.0
 20
0.0
 30
0.0
210
0.0
220
0.0
230
1.0
  2
SOLID
 70
     1
 71
     1
 91
        1
 92
        1
 93
        1
 72
     4
 94
        3
 73
     0
 74
     1
 95
       38
 96
       34
 40
0.0
 40
0.0
 40
0.0
 40
0.0
 40
0.0909090909090909
 40
0.0909090909090909
 40
0.0909090909090909
 40
0.1818181818181818
 40
0.1818181818181818
 40
0.1818181818181818
 40
0.2727272727272727
 40
0.2727272727272727
 40
0.2727272727272727
 40
0.3636363636363636
 40
0.3636363636363636
 40
0.3636363636363636
 40
0.4545454545454546
 40
0.4545454545454546
 40
0.4545454545454546
 40
0.5454545454545454
 40
0.5454545454545454
 40
0.5454545454545454
 40
0.6363636363636364
 40
0.6363636363636364
 40
0.6363636363636364
 40
0.7272727272727273
 40
0.7272727272727273
 40
0.7272727272727273
 40
0.8181818181818182
 40
0.8181818181818182
 40
0.8181818181818182
 40
0.9090909090909092
 40
0.9090909090909092
 40
0.9090909090909092
 40
1.0
 40
1.0
 40
1.0
 40
1.0
 10
-693.3554
 20
-592.195
 10
-693.3554
 20
-592.195
 10
-693.3554
 20
-592.0773
 10
-693.3554
 20
-592.0773
 10
-693.6332
 20
-592.0569
 10
-693.656
 20
-591.9972
 10
-693.656
 20
-591.7681
 10
-693.656
 20
-591.7681
 10
-693.656
 20
-590.0714
 10
-693.656
 20
-590.0714
 10
-693.9652
 20
-590.1522
 10
-694.2155
 20
-590.2119
 10
-694.4337
 20
-590.2464
 10
-694.4337
 20
-590.2464
 10
-694.4337
 20
-590.3468
 10
-694.4337
 20
-590.3468
 10
-694.4337
 20
-590.3468
 10
-694.2501
 20
-590.3562
 10
-694.2501
 20
-590.3562
 10
-694.1167
 20
-590.3657
 10
-694.1033
 20
-590.3861
 10
-694.1033
 20
-590.5626
 10
-694.1033
 20
-590.5626
 10
-694.1033
 20
-591.7681
 10
-694.1033
 20
-591.7681
 10
-694.1033
 20
-592.0067
 10
-694.1331
 20
-592.0569
 10
-694.4086
 20
-592.0773
 10
-694.4086
 20
-592.0773
 10
-694.4086
 20
-592.195
 10
-694.4086
 20
-592.195
 10
-694.4086
 20
-592.195
 10
-693.3554
 20
-592.195
 10
-693.3554
 20
-592.195
 97
        1
330
EA
 75
     0
 76
     1
 98
        1
 10
0.0
 20
0.0
  0
SPLINE
  5
EC
102
{ACAD_REACTORS
330
ED
102
}
330
1F
100
AcDbEntity
  8
Layer 1
 62
   250
100
AcDbSpline
210
0.0
220
0.0
230
1.0
 70
    11
 71
     3
 72
    35
 73
    31
 74
     0
 42
0.0000000001
 43
0.0000000001
 40
0.0
 40
0.0
 40
0.0
 40
0.0
 40
0.1
 40
0.1
 40
0.1
 40
0.2
 40
0.2
 40
0.2
 40
0.3
 40
0.3
 40
0.3
 40
0.4
 40
0.4
 40
0.4
 40
0.5
 40
0.5
 40
0.5
 40
0.6000000000000001
 40
0.6000000000000001
 40
0.6000000000000001
 40
0.7000000000000001
 40
0.7000000000000001
 40
0.7000000000000001
 40
0.8
 40
0.8
 40
0.8
 40
0.9
 40
0.9
 40
0.9
 40
1.0
 40
1.0
 40
1.0
 40
1.0
 10
-690.7765
 20
-590.1098
 30
0.0
 10
-690.7765
 20
-590.1098
 30
0.0
 10
-692.1851
 20
-590.1098
 30
0.0
 10
-692.1851
 20
-590.1098
 30
0.0
 10
-692.2103
 20
-590.2527
 30
0.0
 10
-692.233
 20
-590.4339
 30
0.0
 10
-692.277
 20
-590.6984
 30
0.0
 10
-692.277
 20
-590.6984
 30
0.0
 10
-692.1616
 20
-590.6984
 30
0.0
 10
-692.1616
 20
-590.6984
 30
0.0
 10
-692.0627
 20
-590.4983
 30
0.0
 10
-692.0305
 20
-590.4708
 30
0.0
 10
-691.799
 20
-590.4708
 30
0.0
 10
-691.799
 20
-590.4708
 30
0.0
 10
-691.0684
 20
-590.4708
 30
0.0
 10
-691.0684
 20
-590.4708
 30
0.0
 10
-691.3627
 20
-591.0155
 30
0.0
 10
-691.7049
 20
-591.6056
 30
0.0
 10
-692.109
 20
-592.1864
 30
0.0
 10
-692.109
 20
-592.1864
 30
0.0
 10
-692.0863
 20
-592.2327
 30
0.0
 10
-692.0863
 20
-592.2327
 30
0.0
 10
-692.0863
 20
-592.2327
 30
0.0
 10
-691.7347
 20
-592.1934
 30
0.0
 10
-691.7347
 20
-592.1934
 30
0.0
 10
-691.42
 20
-591.5044
 30
0.0
 10
-691.0755
 20
-590.8224
 30
0.0
 10
-690.7466
 20
-590.1491
 30
0.0
 10
-690.7466
 20
-590.1491
 30
0.0
 10
-690.7765
 20
-590.1098
 30
0.0
 10
-690.7765
 20
-590.1098
 30
0.0
  0
HATCH
  5
ED
330
1F
100
AcDbEntity
  8
Layer 1
 62
   250
420
  3617845
100
AcDbHatch
 10
0.0
 20
0.0
 30
0.0
210
0.0
220
0.0
230
1.0
  2
SOLID
 70
     1
 71
     1
 91
        1
 92
        1
 93
        1
 72
     4
 94
        3
 73
     0
 74
     1
 95
       35
 96
       31
 40
0.0
 40
0.0
 40
0.0
 40
0.0
 40
0.1
 40
0.1
 40
0.1
 40
0.2
 40
0.2
 40
0.2
 40
0.3
 40
0.3
 40
0.3
 40
0.4
 40
0.4
 40
0.4
 40
0.5
 40
0.5
 40
0.5
 40
0.6000000000000001
 40
0.6000000000000001
 40
0.6000000000000001
 40
0.7000000000000001
 40
0.7000000000000001
 40
0.7000000000000001
 40
0.8
 40
0.8
 40
0.8
 40
0.9
 40
0.9
 40
0.9
 40
1.0
 40
1.0
 40
1.0
 40
1.0
 10
-690.7765
 20
-590.1098
 10
-690.7765
 20
-590.1098
 10
-692.1851
 20
-590.1098
 10
-692.1851
 20
-590.1098
 10
-692.2103
 20
-590.2527
 10
-692.233
 20
-590.4339
 10
-692.277
 20
-590.6984
 10
-692.277
 20
-590.6984
 10
-692.1616
 20
-590.6984
 10
-692.1616
 20
-590.6984
 10
-692.0627
 20
-590.4983
 10
-692.0305
 20
-590.4708
 10
-691.799
 20
-590.4708
 10
-691.799
 20
-590.4708
 10
-691.0684
 20
-590.4708
 10
-691.0684
 20
-590.4708
 10
-691.3627
 20
-591.0155
 10
-691.7049
 20
-591.6056
 10
-692.109
 20
-592.1864
 10
-692.109
 20
-592.1864
 10
-692.0863
 20
-592.2327
 10
-692.0863
 20
-592.2327
 10
-692.0863
 20
-592.2327
 10
-691.7347
 20
-592.1934
 10
-691.7347
 20
-592.1934
 10
-691.42
 20
-591.5044
 10
-691.0755
 20
-590.8224
 10
-690.7466
 20
-590.1491
 10
-690.7466
 20
-590.1491
 10
-690.7765
 20
-590.1098
 10
-690.7765
 20
-590.1098
 97
        1
330
EC
 75
     0
 76
     1
 98
        1
 10
0.0
 20
0.0
  0
SPLINE
  5
EE
102
{ACAD_REACTORS
330
EF
102
}
330
1F
100
AcDbEntity
  8
Layer 1
 62
   250
100
AcDbSpline
210
0.0
220
0.0
230
1.0
 70
    11
 71
     3
 72
    35
 73
    31
 74
     0
 42
0.0000000001
 43
0.0000000001
 40
0.0
 40
0.0
 40
0.0
 40
0.0
 40
0.1
 40
0.1
 40
0.1
 40
0.2
 40
0.2
 40
0.2
 40
0.3
 40
0.3
 40
0.3
 40
0.4
 40
0.4
 40
0.4
 40
0.5
 40
0.5
 40
0.5
 40
0.6000000000000001
 40
0.6000000000000001
 40
0.6000000000000001
 40
0.7000000000000001
 40
0.7000000000000001
 40
0.7000000000000001
 40
0.8
 40
0.8
 40
0.8
 40
0.9
 40
0.9
 40
0.9
 40
1.0
 40
1.0
 40
1.0
 40
1.0
 10
-688.4369
 20
-590.1098
 30
0.0
 10
-688.4369
 20
-590.1098
 30
0.0
 10
-689.8455
 20
-590.1098
 30
0.0
 10
-689.8455
 20
-590.1098
 30
0.0
 10
-689.8707
 20
-590.2527
 30
0.0
 10
-689.8934
 20
-590.4339
 30
0.0
 10
-689.9374
 20
-590.6984
 30
0.0
 10
-689.9374
 20
-590.6984
 30
0.0
 10
-689.822
 20
-590.6984
 30
0.0
 10
-689.822
 20
-590.6984
 30
0.0
 10
-689.7231
 20
-590.4983
 30
0.0
 10
-689.6909
 20
-590.4708
 30
0.0
 10
-689.4594
 20
-590.4708
 30
0.0
 10
-689.4594
 20
-590.4708
 30
0.0
 10
-688.7288
 20
-590.4708
 30
0.0
 10
-688.7288
 20
-590.4708
 30
0.0
 10
-689.0231
 20
-591.0155
 30
0.0
 10
-689.3653
 20
-591.6056
 30
0.0
 10
-689.7694
 20
-592.1864
 30
0.0
 10
-689.7694
 20
-592.1864
 30
0.0
 10
-689.7467
 20
-592.2327
 30
0.0
 10
-689.7467
 20
-592.2327
 30
0.0
 10
-689.7467
 20
-592.2327
 30
0.0
 10
-689.3951
 20
-592.1934
 30
0.0
 10
-689.3951
 20
-592.1934
 30
0.0
 10
-689.0804
 20
-591.5044
 30
0.0
 10
-688.7359
 20
-590.8224
 30
0.0
 10
-688.407
 20
-590.1491
 30
0.0
 10
-688.407
 20
-590.1491
 30
0.0
 10
-688.4369
 20
-590.1098
 30
0.0
 10
-688.4369
 20
-590.1098
 30
0.0
  0
HATCH
  5
EF
330
1F
100
AcDbEntity
  8
Layer 1
 62
   250
420
  3617845
100
AcDbHatch
 10
0.0
 20
0.0
 30
0.0
210
0.0
220
0.0
230
1.0
  2
SOLID
 70
     1
 71
     1
 91
        1
 92
        1
 93
        1
 72
     4
 94
        3
 73
     0
 74
     1
 95
       35
 96
       31
 40
0.0
 40
0.0
 40
0.0
 40
0.0
 40
0.1
 40
0.1
 40
0.1
 40
0.2
 40
0.2
 40
0.2
 40
0.3
 40
0.3
 40
0.3
 40
0.4
 40
0.4
 40
0.4
 40
0.5
 40
0.5
 40
0.5
 40
0.6000000000000001
 40
0.6000000000000001
 40
0.6000000000000001
 40
0.7000000000000001
 40
0.7000000000000001
 40
0.7000000000000001
 40
0.8
 40
0.8
 40
0.8
 40
0.9
 40
0.9
 40
0.9
 40
1.0
 40
1.0
 40
1.0
 40
1.0
 10
-688.4369
 20
-590.1098
 10
-688.4369
 20
-590.1098
 10
-689.8455
 20
-590.1098
 10
-689.8455
 20
-590.1098
 10
-689.8707
 20
-590.2527
 10
-689.8934
 20
-590.4339
 10
-689.9374
 20
-590.6984
 10
-689.9374
 20
-590.6984
 10
-689.822
 20
-590.6984
 10
-689.822
 20
-590.6984
 10
-689.7231
 20
-590.4983
 10
-689.6909
 20
-590.4708
 10
-689.4594
 20
-590.4708
 10
-689.4594
 20
-590.4708
 10
-688.7288
 20
-590.4708
 10
-688.7288
 20
-590.4708
 10
-689.0231
 20
-591.0155
 10
-689.3653
 20
-591.6056
 10
-689.7694
 20
-592.1864
 10
-689.7694
 20
-592.1864
 10
-689.7467
 20
-592.2327
 10
-689.7467
 20
-592.2327
 10
-689.7467
 20
-592.2327
 10
-689.3951
 20
-592.1934
 10
-689.3951
 20
-592.1934
 10
-689.0804
 20
-591.5044
 10
-688.7359
 20
-590.8224
 10
-688.407
 20
-590.1491
 10
-688.407
 20
-590.1491
 10
-688.4369
 20
-590.1098
 10
-688.4369
 20
-590.1098
 97
        1
330
EE
 75
     0
 76
     1
 98
        1
 10
0.0
 20
0.0
  0
SPLINE
  5
F0
102
{ACAD_REACTORS
330
F1
102
}
330
1F
100
AcDbEntity
  8
Layer 1
 62
   250
100
AcDbSpline
210
0.0
220
0.0
230
1.0
 70
    11
 71
     3
 72
    35
 73
    31
 74
     0
 42
0.0000000001
 43
0.0000000001
 40
0.0
 40
0.0
 40
0.0
 40
0.0
 40
0.1
 40
0.1
 40
0.1
 40
0.2
 40
0.2
 40
0.2
 40
0.3
 40
0.3
 40
0.3
 40
0.4
 40
0.4
 40
0.4
 40
0.5
 40
0.5
 40
0.5
 40
0.6000000000000001
 40
0.6000000000000001
 40
0.6000000000000001
 40
0.7000000000000001
 40
0.7000000000000001
 40
0.7000000000000001
 40
0.8
 40
0.8
 40
0.8
 40
0.9
 40
0.9
 40
0.9
 40
1.0
 40
1.0
 40
1.0
 40
1.0
 10
-687.1261
 20
-590.9982
 30
0.0
 10
-687.0272
 20
-590.5728
 30
0.0
 10
-686.7251
 20
-590.3814
 30
0.0
 10
-686.5564
 20
-590.2966
 30
0.0
 10
-686.4394
 20
-590.2393
 30
0.0
 10
-686.2856
 20
-590.2001
 30
0.0
 10
-686.1899
 20
-590.1773
 30
0.0
 10
-686.1899
 20
-590.1773
 30
0.0
 10
-686.2126
 20
-590.0478
 30
0.0
 10
-686.2126
 20
-590.0478
 30
0.0
 10
-686.3366
 20
-590.0667
 30
0.0
 10
-686.5791
 20
-590.1106
 30
0.0
 10
-686.7314
 20
-590.1585
 30
0.0
 10
-687.1238
 20
-590.2872
 30
0.0
 10
-687.6394
 20
-590.6623
 30
0.0
 10
-687.6394
 20
-591.3788
 30
0.0
 10
-687.6394
 20
-591.9133
 30
0.0
 10
-687.2988
 20
-592.2319
 30
0.0
 10
-686.8679
 20
-592.2319
 30
0.0
 10
-686.419
 20
-592.2319
 30
0.0
 10
-686.091
 20
-591.8944
 30
0.0
 10
-686.091
 20
-591.4706
 30
0.0
 10
-686.091
 20
-591.09
 30
0.0
 10
-686.35
 20
-590.8491
 30
0.0
 10
-686.7478
 20
-590.8491
 30
0.0
 10
-686.8012
 20
-590.8491
 30
0.0
 10
-686.8608
 20
-590.8766
 30
0.0
 10
-686.9464
 20
-590.9134
 30
0.0
 10
-686.9464
 20
-590.9134
 30
0.0
 10
-687.1261
 20
-590.9982
 30
0.0
 10
-687.1261
 20
-590.9982
 30
0.0
  0
HATCH
  5
F1
330
1F
100
AcDbEntity
  8
Layer 1
 62
   250
420
  3617845
100
AcDbHatch
 10
0.0
 20
0.0
 30
0.0
210
0.0
220
0.0
230
1.0
  2
SOLID
 70
     1
 71
     1
 91
        1
 92
        1
 93
        1
 72
     4
 94
        3
 73
     0
 74
     1
 95
       35
 96
       31
 40
0.0
 40
0.0
 40
0.0
 40
0.0
 40
0.1
 40
0.1
 40
0.1
 40
0.2
 40
0.2
 40
0.2
 40
0.3
 40
0.3
 40
0.3
 40
0.4
 40
0.4
 40
0.4
 40
0.5
 40
0.5
 40
0.5
 40
0.6000000000000001
 40
0.6000000000000001
 40
0.6000000000000001
 40
0.7000000000000001
 40
0.7000000000000001
 40
0.7000000000000001
 40
0.8
 40
0.8
 40
0.8
 40
0.9
 40
0.9
 40
0.9
 40
1.0
 40
1.0
 40
1.0
 40
1.0
 10
-687.1261
 20
-590.9982
 10
-687.0272
 20
-590.5728
 10
-686.7251
 20
-590.3814
 10
-686.5564
 20
-590.2966
 10
-686.4394
 20
-590.2393
 10
-686.2856
 20
-590.2001
 10
-686.1899
 20
-590.1773
 10
-686.1899
 20
-590.1773
 10
-686.2126
 20
-590.0478
 10
-686.2126
 20
-590.0478
 10
-686.3366
 20
-590.0667
 10
-686.5791
 20
-590.1106
 10
-686.7314
 20
-590.1585
 10
-687.1238
 20
-590.2872
 10
-687.6394
 20
-590.6623
 10
-687.6394
 20
-591.3788
 10
-687.6394
 20
-591.9133
 10
-687.2988
 20
-592.2319
 10
-686.8679
 20
-592.2319
 10
-686.419
 20
-592.2319
 10
-686.091
 20
-591.8944
 10
-686.091
 20
-591.4706
 10
-686.091
 20
-591.09
 10
-686.35
 20
-590.8491
 10
-686.7478
 20
-590.8491
 10
-686.8012
 20
-590.8491
 10
-686.8608
 20
-590.8766
 10
-686.9464
 20
-590.9134
 10
-686.9464
 20
-590.9134
 10
-687.1261
 20
-590.9982
 10
-687.1261
 20
-590.9982
 97
        1
330
F0
 75
     0
 76
     1
 98
        1
 10
0.0
 20
0.0
  0
SPLINE
  5
F2
102
{ACAD_REACTORS
330
F3
102
}
330
1F
100
AcDbEntity
  8
Layer 1
 62
   250
100
AcDbSpline
210
0.0
220
0.0
230
1.0
 70
    11
 71
     3
 72
    23
 73
    19
 74
     0
 42
0.0000000001
 43
0.0000000001
 40
0.0
 40
0.0
 40
0.0
 40
0.0
 40
0.1666666666666667
 40
0.1666666666666667
 40
0.1666666666666667
 40
0.3333333333333333
 40
0.3333333333333333
 40
0.3333333333333333
 40
0.5
 40
0.5
 40
0.5
 40
0.6666666666666666
 40
0.6666666666666666
 40
0.6666666666666666
 40
0.8333333333333333
 40
0.8333333333333333
 40
0.8333333333333333
 40
1.0
 40
1.0
 40
1.0
 40
1.0
 10
-686.9299
 20
-591.0877
 30
0.0
 10
-686.6945
 20
-591.0877
 30
0.0
 10
-686.5336
 20
-591.3082
 30
0.0
 10
-686.5336
 20
-591.6245
 30
0.0
 10
-686.5336
 20
-591.8285
 30
0.0
 10
-686.5815
 20
-592.0922
 30
0.0
 10
-686.7989
 20
-592.0922
 30
0.0
 10
-686.9833
 20
-592.0922
 30
0.0
 10
-687.1701
 20
-591.8356
 30
0.0
 10
-687.1701
 20
-591.3906
 30
0.0
 10
-687.1701
 20
-591.3215
 30
0.0
 10
-687.163
 20
-591.1771
 30
0.0
 10
-687.1473
 20
-591.1246
 30
0.0
 10
-687.0798
 20
-591.1018
 30
0.0
 10
-687.0131
 20
-591.0877
 30
0.0
 10
-686.9323
 20
-591.0877
 30
0.0
 10
-686.9323
 20
-591.0877
 30
0.0
 10
-686.9299
 20
-591.0877
 30
0.0
 10
-686.9299
 20
-591.0877
 30
0.0
  0
HATCH
  5
F3
330
1F
100
AcDbEntity
  8
Layer 1
 62
   250
420
  3617845
100
AcDbHatch
 10
0.0
 20
0.0
 30
0.0
210
0.0
220
0.0
230
1.0
  2
SOLID
 70
     1
 71
     1
 91
        1
 92
        1
 93
        1
 72
     4
 94
        3
 73
     0
 74
     1
 95
       23
 96
       19
 40
0.0
 40
0.0
 40
0.0
 40
0.0
 40
0.1666666666666667
 40
0.1666666666666667
 40
0.1666666666666667
 40
0.3333333333333333
 40
0.3333333333333333
 40
0.3333333333333333
 40
0.5
 40
0.5
 40
0.5
 40
0.6666666666666666
 40
0.6666666666666666
 40
0.6666666666666666
 40
0.8333333333333333
 40
0.8333333333333333
 40
0.8333333333333333
 40
1.0
 40
1.0
 40
1.0
 40
1.0
 10
-686.9299
 20
-591.0877
 10
-686.6945
 20
-591.0877
 10
-686.5336
 20
-591.3082
 10
-686.5336
 20
-591.6245
 10
-686.5336
 20
-591.8285
 10
-686.5815
 20
-592.0922
 10
-686.7989
 20
-592.0922
 10
-686.9833
 20
-592.0922
 10
-687.1701
 20
-591.8356
 10
-687.1701
 20
-591.3906
 10
-687.1701
 20
-591.3215
 10
-687.163
 20
-591.1771
 10
-687.1473
 20
-591.1246
 10
-687.0798
 20
-591.1018
 10
-687.0131
 20
-591.0877
 10
-686.9323
 20
-591.0877
 10
-686.9323
 20
-591.0877
 10
-686.9299
 20
-591.0877
 10
-686.9299
 20
-591.0877
 97
        1
330
F2
 75
     0
 76
     1
 98
        1
 10
0.0
 20
0.0
  0
SPLINE
  5
F4
102
{ACAD_REACTORS
330
F5
102
}
330
1F
100
AcDbEntity
  8
Layer 1
 62
   250
100
AcDbSpline
210
0.0
220
0.0
230
1.0
 70
    11
 71
     3
 72
    35
 73
    31
 74
     0
 42
0.0000000001
 43
0.0000000001
 40
0.0
 40
0.0
 40
0.0
 40
0.0
 40
0.1
 40
0.1
 40
0.1
 40
0.2
 40
0.2
 40
0.2
 40
0.3
 40
0.3
 40
0.3
 40
0.4
 40
0.4
 40
0.4
 40
0.5
 40
0.5
 40
0.5
 40
0.6000000000000001
 40
0.6000000000000001
 40
0.6000000000000001
 40
0.7000000000000001
 40
0.7000000000000001
 40
0.7000000000000001
 40
0.8
 40
0.8
 40
0.8
 40
0.9
 40
0.9
 40
0.9
 40
1.0
 40
1.0
 40
1.0
 40
1.0
 10
-683.7576
 20
-590.1098
 30
0.0
 10
-683.7576
 20
-590.1098
 30
0.0
 10
-685.1663
 20
-590.1098
 30
0.0
 10
-685.1663
 20
-590.1098
 30
0.0
 10
-685.1915
 20
-590.2527
 30
0.0
 10
-685.2142
 20
-590.4339
 30
0.0
 10
-685.2582
 20
-590.6984
 30
0.0
 10
-685.2582
 20
-590.6984
 30
0.0
 10
-685.1428
 20
-590.6984
 30
0.0
 10
-685.1428
 20
-590.6984
 30
0.0
 10
-685.0439
 20
-590.4983
 30
0.0
 10
-685.0117
 20
-590.4708
 30
0.0
 10
-684.7802
 20
-590.4708
 30
0.0
 10
-684.7802
 20
-590.4708
 30
0.0
 10
-684.0496
 20
-590.4708
 30
0.0
 10
-684.0496
 20
-590.4708
 30
0.0
 10
-684.3439
 20
-591.0155
 30
0.0
 10
-684.6861
 20
-591.6056
 30
0.0
 10
-685.0902
 20
-592.1864
 30
0.0
 10
-685.0902
 20
-592.1864
 30
0.0
 10
-685.0675
 20
-592.2327
 30
0.0
 10
-685.0675
 20
-592.2327
 30
0.0
 10
-685.0675
 20
-592.2327
 30
0.0
 10
-684.7159
 20
-592.1934
 30
0.0
 10
-684.7159
 20
-592.1934
 30
0.0
 10
-684.4012
 20
-591.5044
 30
0.0
 10
-684.0567
 20
-590.8224
 30
0.0
 10
-683.7278
 20
-590.1491
 30
0.0
 10
-683.7278
 20
-590.1491
 30
0.0
 10
-683.7576
 20
-590.1098
 30
0.0
 10
-683.7576
 20
-590.1098
 30
0.0
  0
HATCH
  5
F5
330
1F
100
AcDbEntity
  8
Layer 1
 62
   250
420
  3617845
100
AcDbHatch
 10
0.0
 20
0.0
 30
0.0
210
0.0
220
0.0
230
1.0
  2
SOLID
 70
     1
 71
     1
 91
        1
 92
        1
 93
        1
 72
     4
 94
        3
 73
     0
 74
     1
 95
       35
 96
       31
 40
0.0
 40
0.0
 40
0.0
 40
0.0
 40
0.1
 40
0.1
 40
0.1
 40
0.2
 40
0.2
 40
0.2
 40
0.3
 40
0.3
 40
0.3
 40
0.4
 40
0.4
 40
0.4
 40
0.5
 40
0.5
 40
0.5
 40
0.6000000000000001
 40
0.6000000000000001
 40
0.6000000000000001
 40
0.7000000000000001
 40
0.7000000000000001
 40
0.7000000000000001
 40
0.8
 40
0.8
 40
0.8
 40
0.9
 40
0.9
 40
0.9
 40
1.0
 40
1.0
 40
1.0
 40
1.0
 10
-683.7576
 20
-590.1098
 10
-683.7576
 20
-590.1098
 10
-685.1663
 20
-590.1098
 10
-685.1663
 20
-590.1098
 10
-685.1915
 20
-590.2527
 10
-685.2142
 20
-590.4339
 10
-685.2582
 20
-590.6984
 10
-685.2582
 20
-590.6984
 10
-685.1428
 20
-590.6984
 10
-685.1428
 20
-590.6984
 10
-685.0439
 20
-590.4983
 10
-685.0117
 20
-590.4708
 10
-684.7802
 20
-590.4708
 10
-684.7802
 20
-590.4708
 10
-684.0496
 20
-590.4708
 10
-684.0496
 20
-590.4708
 10
-684.3439
 20
-591.0155
 10
-684.6861
 20
-591.6056
 10
-685.0902
 20
-592.1864
 10
-685.0902
 20
-592.1864
 10
-685.0675
 20
-592.2327
 10
-685.0675
 20
-592.2327
 10
-685.0675
 20
-592.2327
 10
-684.7159
 20
-592.1934
 10
-684.7159
 20
-592.1934
 10
-684.4012
 20
-591.5044
 10
-684.0567
 20
-590.8224
 10
-683.7278
 20
-590.1491
 10
-683.7278
 20
-590.1491
 10
-683.7576
 20
-590.1098
 10
-683.7576
 20
-590.1098
 97
        1
330
F4
 75
     0
 76
     1
 98
        1
 10
0.0
 20
0.0
  0
SPLINE
  5
F6
102
{ACAD_REACTORS
330
F7
102
}
330
1F
100
AcDbEntity
  8
Layer 1
 62
   250
100
AcDbSpline
210
0.0
220
0.0
230
1.0
 70
    11
 71
     3
 72
    59
 73
    55
 74
     0
 42
0.0000000001
 43
0.0000000001
 40
0.0
 40
0.0
 40
0.0
 40
0.0
 40
0.0555555555555556
 40
0.0555555555555556
 40
0.0555555555555556
 40
0.1111111111111111
 40
0.1111111111111111
 40
0.1111111111111111
 40
0.1666666666666667
 40
0.1666666666666667
 40
0.1666666666666667
 40
0.2222222222222222
 40
0.2222222222222222
 40
0.2222222222222222
 40
0.2777777777777778
 40
0.2777777777777778
 40
0.2777777777777778
 40
0.3333333333333333
 40
0.3333333333333333
 40
0.3333333333333333
 40
0.3888888888888888
 40
0.3888888888888888
 40
0.3888888888888888
 40
0.4444444444444444
 40
0.4444444444444444
 40
0.4444444444444444
 40
0.5
 40
0.5
 40
0.5
 40
0.5555555555555556
 40
0.5555555555555556
 40
0.5555555555555556
 40
0.611111111111111
 40
0.611111111111111
 40
0.611111111111111
 40
0.6666666666666666
 40
0.6666666666666666
 40
0.6666666666666666
 40
0.7222222222222222
 40
0.7222222222222222
 40
0.7222222222222222
 40
0.7777777777777777
 40
0.7777777777777777
 40
0.7777777777777777
 40
0.8333333333333333
 40
0.8333333333333333
 40
0.8333333333333333
 40
0.8888888888888888
 40
0.8888888888888888
 40
0.8888888888888888
 40
0.9444444444444444
 40
0.9444444444444444
 40
0.9444444444444444
 40
1.0
 40
1.0
 40
1.0
 40
1.0
 10
-682.5411
 20
-590.4708
 30
0.0
 10
-682.5411
 20
-590.4708
 30
0.0
 10
-681.6684
 20
-590.4708
 30
0.0
 10
-681.6684
 20
-590.4708
 30
0.0
 10
-681.6684
 20
-590.4708
 30
0.0
 10
-681.557
 20
-590.142
 30
0.0
 10
-681.557
 20
-590.142
 30
0.0
 10
-681.557
 20
-590.142
 30
0.0
 10
-681.575
 20
-590.1098
 30
0.0
 10
-681.575
 20
-590.1098
 30
0.0
 10
-681.575
 20
-590.1098
 30
0.0
 10
-682.6651
 20
-590.1098
 30
0.0
 10
-682.6651
 20
-590.1098
 30
0.0
 10
-682.6651
 20
-590.1098
 30
0.0
 10
-682.8197
 20
-591.1897
 30
0.0
 10
-682.8197
 20
-591.1897
 30
0.0
 10
-682.7506
 20
-591.1646
 30
0.0
 10
-682.6007
 20
-591.1206
 30
0.0
 10
-682.4422
 20
-591.1206
 30
0.0
 10
-682.1346
 20
-591.1206
 30
0.0
 10
-681.9391
 20
-591.316
 30
0.0
 10
-681.9391
 20
-591.6182
 30
0.0
 10
-681.9391
 20
-591.8568
 30
0.0
 10
-682.0404
 20
-592.0396
 30
0.0
 10
-682.2538
 20
-592.0396
 30
0.0
 10
-682.4446
 20
-592.0396
 30
0.0
 10
-682.6078
 20
-591.9093
 30
0.0
 10
-682.6933
 20
-591.8356
 30
0.0
 10
-682.7388
 20
-591.7924
 30
0.0
 10
-682.7757
 20
-591.7783
 30
0.0
 10
-682.8173
 20
-591.8065
 30
0.0
 10
-682.8793
 20
-591.8521
 30
0.0
 10
-682.9295
 20
-591.9321
 30
0.0
 10
-682.9295
 20
-591.987
 30
0.0
 10
-682.9295
 20
-592.0333
 30
0.0
 10
-682.9162
 20
-592.0694
 30
0.0
 10
-682.8424
 20
-592.1267
 30
0.0
 10
-682.7663
 20
-592.1864
 30
0.0
 10
-682.6219
 20
-592.2327
 30
0.0
 10
-682.4885
 20
-592.2327
 30
0.0
 10
-682.2837
 20
-592.2327
 30
0.0
 10
-682.0404
 20
-592.1409
 30
0.0
 10
-681.845
 20
-592.0059
 30
0.0
 10
-681.6095
 20
-591.8403
 30
0.0
 10
-681.5059
 20
-591.6457
 30
0.0
 10
-681.5059
 20
-591.4393
 30
0.0
 10
-681.5059
 20
-591.1552
 30
0.0
 10
-681.7508
 20
-590.8821
 30
0.0
 10
-682.1871
 20
-590.8821
 30
0.0
 10
-682.2742
 20
-590.8821
 30
0.0
 10
-682.461
 20
-590.9229
 30
0.0
 10
-682.6353
 20
-590.9919
 30
0.0
 10
-682.6353
 20
-590.9919
 30
0.0
 10
-682.5411
 20
-590.4708
 30
0.0
 10
-682.5411
 20
-590.4708
 30
0.0
  0
HATCH
  5
F7
330
1F
100
AcDbEntity
  8
Layer 1
 62
   250
420
  3617845
100
AcDbHatch
 10
0.0
 20
0.0
 30
0.0
210
0.0
220
0.0
230
1.0
  2
SOLID
 70
     1
 71
     1
 91
        1
 92
        1
 93
        1
 72
     4
 94
        3
 73
     0
 74
     1
 95
       59
 96
       55
 40
0.0
 40
0.0
 40
0.0
 40
0.0
 40
0.0555555555555556
 40
0.0555555555555556
 40
0.0555555555555556
 40
0.1111111111111111
 40
0.1111111111111111
 40
0.1111111111111111
 40
0.1666666666666667
 40
0.1666666666666667
 40
0.1666666666666667
 40
0.2222222222222222
 40
0.2222222222222222
 40
0.2222222222222222
 40
0.2777777777777778
 40
0.2777777777777778
 40
0.2777777777777778
 40
0.3333333333333333
 40
0.3333333333333333
 40
0.3333333333333333
 40
0.3888888888888888
 40
0.3888888888888888
 40
0.3888888888888888
 40
0.4444444444444444
 40
0.4444444444444444
 40
0.4444444444444444
 40
0.5
 40
0.5
 40
0.5
 40
0.5555555555555556
 40
0.5555555555555556
 40
0.5555555555555556
 40
0.611111111111111
 40
0.611111111111111
 40
0.611111111111111
 40
0.6666666666666666
 40
0.6666666666666666
 40
0.6666666666666666
 40
0.7222222222222222
 40
0.7222222222222222
 40
0.7222222222222222
 40
0.7777777777777777
 40
0.7777777777777777
 40
0.7777777777777777
 40
0.8333333333333333
 40
0.8333333333333333
 40
0.8333333333333333
 40
0.8888888888888888
 40
0.8888888888888888
 40
0.8888888888888888
 40
0.9444444444444444
 40
0.9444444444444444
 40
0.9444444444444444
 40
1.0
 40
1.0
 40
1.0
 40
1.0
 10
-682.5411
 20
-590.4708
 10
-682.5411
 20
-590.4708
 10
-681.6684
 20
-590.4708
 10
-681.6684
 20
-590.4708
 10
-681.6684
 20
-590.4708
 10
-681.557
 20
-590.142
 10
-681.557
 20
-590.142
 10
-681.557
 20
-590.142
 10
-681.575
 20
-590.1098
 10
-681.575
 20
-590.1098
 10
-681.575
 20
-590.1098
 10
-682.6651
 20
-590.1098
 10
-682.6651
 20
-590.1098
 10
-682.6651
 20
-590.1098
 10
-682.8197
 20
-591.1897
 10
-682.8197
 20
-591.1897
 10
-682.7506
 20
-591.1646
 10
-682.6007
 20
-591.1206
 10
-682.4422
 20
-591.1206
 10
-682.1346
 20
-591.1206
 10
-681.9391
 20
-591.316
 10
-681.9391
 20
-591.6182
 10
-681.9391
 20
-591.8568
 10
-682.0404
 20
-592.0396
 10
-682.2538
 20
-592.0396
 10
-682.4446
 20
-592.0396
 10
-682.6078
 20
-591.9093
 10
-682.6933
 20
-591.8356
 10
-682.7388
 20
-591.7924
 10
-682.7757
 20
-591.7783
 10
-682.8173
 20
-591.8065
 10
-682.8793
 20
-591.8521
 10
-682.9295
 20
-591.9321
 10
-682.9295
 20
-591.987
 10
-682.9295
 20
-592.0333
 10
-682.9162
 20
-592.0694
 10
-682.8424
 20
-592.1267
 10
-682.7663
 20
-592.1864
 10
-682.6219
 20
-592.2327
 10
-682.4885
 20
-592.2327
 10
-682.2837
 20
-592.2327
 10
-682.0404
 20
-592.1409
 10
-681.845
 20
-592.0059
 10
-681.6095
 20
-591.8403
 10
-681.5059
 20
-591.6457
 10
-681.5059
 20
-591.4393
 10
-681.5059
 20
-591.1552
 10
-681.7508
 20
-590.8821
 10
-682.1871
 20
-590.8821
 10
-682.2742
 20
-590.8821
 10
-682.461
 20
-590.9229
 10
-682.6353
 20
-590.9919
 10
-682.6353
 20
-590.9919
 10
-682.5411
 20
-590.4708
 10
-682.5411
 20
-590.4708
 97
        1
330
F6
 75
     0
 76
     1
 98
        1
 10
0.0
 20
0.0
  0
SPLINE
  5
F8
102
{ACAD_REACTORS
330
F9
102
}
330
1F
100
AcDbEntity
  8
Layer 1
 62
   250
100
AcDbSpline
210
0.0
220
0.0
230
1.0
 70
    11
 71
     3
 72
    53
 73
    49
 74
     0
 42
0.0000000001
 43
0.0000000001
 40
0.0
 40
0.0
 40
0.0
 40
0.0
 40
0.0625
 40
0.0625
 40
0.0625
 40
0.125
 40
0.125
 40
0.125
 40
0.1875
 40
0.1875
 40
0.1875
 40
0.25
 40
0.25
 40
0.25
 40
0.3125
 40
0.3125
 40
0.3125
 40
0.375
 40
0.375
 40
0.375
 40
0.4375
 40
0.4375
 40
0.4375
 40
0.5
 40
0.5
 40
0.5
 40
0.5625
 40
0.5625
 40
0.5625
 40
0.625
 40
0.625
 40
0.625
 40
0.6875
 40
0.6875
 40
0.6875
 40
0.75
 40
0.75
 40
0.75
 40
0.8125
 40
0.8125
 40
0.8125
 40
0.875
 40
0.875
 40
0.875
 40
0.9375
 40
0.9375
 40
0.9375
 40
1.0
 40
1.0
 40
1.0
 40
1.0
 10
-679.2119
 20
-591.6017
 30
0.0
 10
-679.3429
 20
-591.8191
 30
0.0
 10
-679.3657
 20
-591.8285
 30
0.0
 10
-679.5784
 20
-591.8285
 30
0.0
 10
-679.5784
 20
-591.8285
 30
0.0
 10
-680.1136
 20
-591.8285
 30
0.0
 10
-680.1136
 20
-591.8285
 30
0.0
 10
-680.1136
 20
-591.8285
 30
0.0
 10
-679.7157
 20
-591.455
 30
0.0
 10
-679.7157
 20
-591.455
 30
0.0
 10
-679.3704
 20
-591.1269
 30
0.0
 10
-679.2417
 20
-590.9221
 30
0.0
 10
-679.2417
 20
-590.6702
 30
0.0
 10
-679.2417
 20
-590.2966
 30
0.0
 10
-679.5234
 20
-590.0714
 30
0.0
 10
-679.8609
 20
-590.0714
 30
0.0
 10
-680.0751
 20
-590.0714
 30
0.0
 10
-680.2493
 20
-590.1546
 30
0.0
 10
-680.3757
 20
-590.2833
 30
0.0
 10
-680.3757
 20
-590.2833
 30
0.0
 10
-680.597
 20
-590.5987
 30
0.0
 10
-680.597
 20
-590.5987
 30
0.0
 10
-680.597
 20
-590.5987
 30
0.0
 10
-680.4958
 20
-590.6796
 30
0.0
 10
-680.4958
 20
-590.6796
 30
0.0
 10
-680.3851
 20
-590.5187
 30
0.0
 10
-680.2493
 20
-590.3774
 30
0.0
 10
-680.0335
 20
-590.3774
 30
0.0
 10
-679.7989
 20
-590.3774
 30
0.0
 10
-679.6796
 20
-590.5415
 30
0.0
 10
-679.6796
 20
-590.7753
 30
0.0
 10
-679.6796
 20
-591.0233
 30
0.0
 10
-679.8107
 20
-591.2846
 30
0.0
 10
-680.0516
 20
-591.5578
 30
0.0
 10
-680.2195
 20
-591.7524
 30
0.0
 10
-680.4196
 20
-591.9368
 30
0.0
 10
-680.6009
 20
-592.1118
 30
0.0
 10
-680.6009
 20
-592.1118
 30
0.0
 10
-680.6009
 20
-592.1942
 30
0.0
 10
-680.6009
 20
-592.1942
 30
0.0
 10
-680.6009
 20
-592.1942
 30
0.0
 10
-679.2354
 20
-592.1942
 30
0.0
 10
-679.2354
 20
-592.1942
 30
0.0
 10
-679.1985
 20
-592.0537
 30
0.0
 10
-679.1546
 20
-591.8426
 30
0.0
 10
-679.102
 20
-591.6378
 30
0.0
 10
-679.102
 20
-591.6378
 30
0.0
 10
-679.2119
 20
-591.6017
 30
0.0
 10
-679.2119
 20
-591.6017
 30
0.0
  0
HATCH
  5
F9
330
1F
100
AcDbEntity
  8
Layer 1
 62
   250
420
  3617845
100
AcDbHatch
 10
0.0
 20
0.0
 30
0.0
210
0.0
220
0.0
230
1.0
  2
SOLID
 70
     1
 71
     1
 91
        1
 92
        1
 93
        1
 72
     4
 94
        3
 73
     0
 74
     1
 95
       53
 96
       49
 40
0.0
 40
0.0
 40
0.0
 40
0.0
 40
0.0625
 40
0.0625
 40
0.0625
 40
0.125
 40
0.125
 40
0.125
 40
0.1875
 40
0.1875
 40
0.1875
 40
0.25
 40
0.25
 40
0.25
 40
0.3125
 40
0.3125
 40
0.3125
 40
0.375
 40
0.375
 40
0.375
 40
0.4375
 40
0.4375
 40
0.4375
 40
0.5
 40
0.5
 40
0.5
 40
0.5625
 40
0.5625
 40
0.5625
 40
0.625
 40
0.625
 40
0.625
 40
0.6875
 40
0.6875
 40
0.6875
 40
0.75
 40
0.75
 40
0.75
 40
0.8125
 40
0.8125
 40
0.8125
 40
0.875
 40
0.875
 40
0.875
 40
0.9375
 40
0.9375
 40
0.9375
 40
1.0
 40
1.0
 40
1.0
 40
1.0
 10
-679.2119
 20
-591.6017
 10
-679.3429
 20
-591.8191
 10
-679.3657
 20
-591.8285
 10
-679.5784
 20
-591.8285
 10
-679.5784
 20
-591.8285
 10
-680.1136
 20
-591.8285
 10
-680.1136
 20
-591.8285
 10
-680.1136
 20
-591.8285
 10
-679.7157
 20
-591.455
 10
-679.7157
 20
-591.455
 10
-679.3704
 20
-591.1269
 10
-679.2417
 20
-590.9221
 10
-679.2417
 20
-590.6702
 10
-679.2417
 20
-590.2966
 10
-679.5234
 20
-590.0714
 10
-679.8609
 20
-590.0714
 10
-680.0751
 20
-590.0714
 10
-680.2493
 20
-590.1546
 10
-680.3757
 20
-590.2833
 10
-680.3757
 20
-590.2833
 10
-680.597
 20
-590.5987
 10
-680.597
 20
-590.5987
 10
-680.597
 20
-590.5987
 10
-680.4958
 20
-590.6796
 10
-680.4958
 20
-590.6796
 10
-680.3851
 20
-590.5187
 10
-680.2493
 20
-590.3774
 10
-680.0335
 20
-590.3774
 10
-679.7989
 20
-590.3774
 10
-679.6796
 20
-590.5415
 10
-679.6796
 20
-590.7753
 10
-679.6796
 20
-591.0233
 10
-679.8107
 20
-591.2846
 10
-680.0516
 20
-591.5578
 10
-680.2195
 20
-591.7524
 10
-680.4196
 20
-591.9368
 10
-680.6009
 20
-592.1118
 10
-680.6009
 20
-592.1118
 10
-680.6009
 20
-592.1942
 10
-680.6009
 20
-592.1942
 10
-680.6009
 20
-592.1942
 10
-679.2354
 20
-592.1942
 10
-679.2354
 20
-592.1942
 10
-679.1985
 20
-592.0537
 10
-679.1546
 20
-591.8426
 10
-679.102
 20
-591.6378
 10
-679.102
 20
-591.6378
 10
-679.2119
 20
-591.6017
 10
-679.2119
 20
-591.6017
 97
        1
330
F8
 75
     0
 76
     1
 98
        1
 10
0.0
 20
0.0
  0
SPLINE
  5
FA
102
{ACAD_REACTORS
330
FB
102
}
330
1F
100
AcDbEntity
  8
Layer 1
 62
   250
100
AcDbSpline
210
0.0
220
0.0
230
1.0
 70
    11
 71
     3
 72
    38
 73
    34
 74
     0
 42
0.0000000001
 43
0.0000000001
 40
0.0
 40
0.0
 40
0.0
 40
0.0
 40
0.0909090909090909
 40
0.0909090909090909
 40
0.0909090909090909
 40
0.1818181818181818
 40
0.1818181818181818
 40
0.1818181818181818
 40
0.2727272727272727
 40
0.2727272727272727
 40
0.2727272727272727
 40
0.3636363636363636
 40
0.3636363636363636
 40
0.3636363636363636
 40
0.4545454545454546
 40
0.4545454545454546
 40
0.4545454545454546
 40
0.5454545454545454
 40
0.5454545454545454
 40
0.5454545454545454
 40
0.6363636363636364
 40
0.6363636363636364
 40
0.6363636363636364
 40
0.7272727272727273
 40
0.7272727272727273
 40
0.7272727272727273
 40
0.8181818181818182
 40
0.8181818181818182
 40
0.8181818181818182
 40
0.9090909090909092
 40
0.9090909090909092
 40
0.9090909090909092
 40
1.0
 40
1.0
 40
1.0
 40
1.0
 10
-676.9782
 20
-592.195
 30
0.0
 10
-676.9782
 20
-592.195
 30
0.0
 10
-676.9782
 20
-592.0773
 30
0.0
 10
-676.9782
 20
-592.0773
 30
0.0
 10
-677.256
 20
-592.0569
 30
0.0
 10
-677.2788
 20
-591.9972
 30
0.0
 10
-677.2788
 20
-591.7681
 30
0.0
 10
-677.2788
 20
-591.7681
 30
0.0
 10
-677.2788
 20
-590.0714
 30
0.0
 10
-677.2788
 20
-590.0714
 30
0.0
 10
-677.588
 20
-590.1522
 30
0.0
 10
-677.8383
 20
-590.2119
 30
0.0
 10
-678.0565
 20
-590.2464
 30
0.0
 10
-678.0565
 20
-590.2464
 30
0.0
 10
-678.0565
 20
-590.3468
 30
0.0
 10
-678.0565
 20
-590.3468
 30
0.0
 10
-678.0565
 20
-590.3468
 30
0.0
 10
-677.8729
 20
-590.3562
 30
0.0
 10
-677.8729
 20
-590.3562
 30
0.0
 10
-677.7394
 20
-590.3657
 30
0.0
 10
-677.7261
 20
-590.3861
 30
0.0
 10
-677.7261
 20
-590.5626
 30
0.0
 10
-677.7261
 20
-590.5626
 30
0.0
 10
-677.7261
 20
-591.7681
 30
0.0
 10
-677.7261
 20
-591.7681
 30
0.0
 10
-677.7261
 20
-592.0067
 30
0.0
 10
-677.7559
 20
-592.0569
 30
0.0
 10
-678.0314
 20
-592.0773
 30
0.0
 10
-678.0314
 20
-592.0773
 30
0.0
 10
-678.0314
 20
-592.195
 30
0.0
 10
-678.0314
 20
-592.195
 30
0.0
 10
-678.0314
 20
-592.195
 30
0.0
 10
-676.9782
 20
-592.195
 30
0.0
 10
-676.9782
 20
-592.195
 30
0.0
  0
HATCH
  5
FB
330
1F
100
AcDbEntity
  8
Layer 1
 62
   250
420
  3617845
100
AcDbHatch
 10
0.0
 20
0.0
 30
0.0
210
0.0
220
0.0
230
1.0
  2
SOLID
 70
     1
 71
     1
 91
        1
 92
        1
 93
        1
 72
     4
 94
        3
 73
     0
 74
     1
 95
       38
 96
       34
 40
0.0
 40
0.0
 40
0.0
 40
0.0
 40
0.0909090909090909
 40
0.0909090909090909
 40
0.0909090909090909
 40
0.1818181818181818
 40
0.1818181818181818
 40
0.1818181818181818
 40
0.2727272727272727
 40
0.2727272727272727
 40
0.2727272727272727
 40
0.3636363636363636
 40
0.3636363636363636
 40
0.3636363636363636
 40
0.4545454545454546
 40
0.4545454545454546
 40
0.4545454545454546
 40
0.5454545454545454
 40
0.5454545454545454
 40
0.5454545454545454
 40
0.6363636363636364
 40
0.6363636363636364
 40
0.6363636363636364
 40
0.7272727272727273
 40
0.7272727272727273
 40
0.7272727272727273
 40
0.8181818181818182
 40
0.8181818181818182
 40
0.8181818181818182
 40
0.9090909090909092
 40
0.9090909090909092
 40
0.9090909090909092
 40
1.0
 40
1.0
 40
1.0
 40
1.0
 10
-676.9782
 20
-592.195
 10
-676.9782
 20
-592.195
 10
-676.9782
 20
-592.0773
 10
-676.9782
 20
-592.0773
 10
-677.256
 20
-592.0569
 10
-677.2788
 20
-591.9972
 10
-677.2788
 20
-591.7681
 10
-677.2788
 20
-591.7681
 10
-677.2788
 20
-590.0714
 10
-677.2788
 20
-590.0714
 10
-677.588
 20
-590.1522
 10
-677.8383
 20
-590.2119
 10
-678.0565
 20
-590.2464
 10
-678.0565
 20
-590.2464
 10
-678.0565
 20
-590.3468
 10
-678.0565
 20
-590.3468
 10
-678.0565
 20
-590.3468
 10
-677.8729
 20
-590.3562
 10
-677.8729
 20
-590.3562
 10
-677.7394
 20
-590.3657
 10
-677.7261
 20
-590.3861
 10
-677.7261
 20
-590.5626
 10
-677.7261
 20
-590.5626
 10
-677.7261
 20
-591.7681
 10
-677.7261
 20
-591.7681
 10
-677.7261
 20
-592.0067
 10
-677.7559
 20
-592.0569
 10
-678.0314
 20
-592.0773
 10
-678.0314
 20
-592.0773
 10
-678.0314
 20
-592.195
 10
-678.0314
 20
-592.195
 10
-678.0314
 20
-592.195
 10
-676.9782
 20
-592.195
 10
-676.9782
 20
-592.195
 97
        1
330
FA
 75
     0
 76
     1
 98
        1
 10
0.0
 20
0.0
  0
SPLINE
  5
FC
102
{ACAD_REACTORS
330
FD
102
}
330
1F
100
AcDbEntity
  8
Layer 1
 62
   250
100
AcDbSpline
210
0.0
220
0.0
230
1.0
 70
    11
 71
     3
 72
    53
 73
    49
 74
     0
 42
0.0000000001
 43
0.0000000001
 40
0.0
 40
0.0
 40
0.0
 40
0.0
 40
0.0625
 40
0.0625
 40
0.0625
 40
0.125
 40
0.125
 40
0.125
 40
0.1875
 40
0.1875
 40
0.1875
 40
0.25
 40
0.25
 40
0.25
 40
0.3125
 40
0.3125
 40
0.3125
 40
0.375
 40
0.375
 40
0.375
 40
0.4375
 40
0.4375
 40
0.4375
 40
0.5
 40
0.5
 40
0.5
 40
0.5625
 40
0.5625
 40
0.5625
 40
0.625
 40
0.625
 40
0.625
 40
0.6875
 40
0.6875
 40
0.6875
 40
0.75
 40
0.75
 40
0.75
 40
0.8125
 40
0.8125
 40
0.8125
 40
0.875
 40
0.875
 40
0.875
 40
0.9375
 40
0.9375
 40
0.9375
 40
1.0
 40
1.0
 40
1.0
 40
1.0
 10
-674.5327
 20
-591.6017
 30
0.0
 10
-674.6637
 20
-591.8191
 30
0.0
 10
-674.6865
 20
-591.8285
 30
0.0
 10
-674.8991
 20
-591.8285
 30
0.0
 10
-674.8991
 20
-591.8285
 30
0.0
 10
-675.4344
 20
-591.8285
 30
0.0
 10
-675.4344
 20
-591.8285
 30
0.0
 10
-675.4344
 20
-591.8285
 30
0.0
 10
-675.0365
 20
-591.455
 30
0.0
 10
-675.0365
 20
-591.455
 30
0.0
 10
-674.6912
 20
-591.1269
 30
0.0
 10
-674.5625
 20
-590.9221
 30
0.0
 10
-674.5625
 20
-590.6702
 30
0.0
 10
-674.5625
 20
-590.2966
 30
0.0
 10
-674.8442
 20
-590.0714
 30
0.0
 10
-675.1817
 20
-590.0714
 30
0.0
 10
-675.3959
 20
-590.0714
 30
0.0
 10
-675.5701
 20
-590.1546
 30
0.0
 10
-675.6965
 20
-590.2833
 30
0.0
 10
-675.6965
 20
-590.2833
 30
0.0
 10
-675.9178
 20
-590.5987
 30
0.0
 10
-675.9178
 20
-590.5987
 30
0.0
 10
-675.9178
 20
-590.5987
 30
0.0
 10
-675.8166
 20
-590.6796
 30
0.0
 10
-675.8166
 20
-590.6796
 30
0.0
 10
-675.7059
 20
-590.5187
 30
0.0
 10
-675.5701
 20
-590.3774
 30
0.0
 10
-675.3543
 20
-590.3774
 30
0.0
 10
-675.1197
 20
-590.3774
 30
0.0
 10
-675.0004
 20
-590.5415
 30
0.0
 10
-675.0004
 20
-590.7753
 30
0.0
 10
-675.0004
 20
-591.0233
 30
0.0
 10
-675.1314
 20
-591.2846
 30
0.0
 10
-675.3724
 20
-591.5578
 30
0.0
 10
-675.5403
 20
-591.7524
 30
0.0
 10
-675.7404
 20
-591.9368
 30
0.0
 10
-675.9217
 20
-592.1118
 30
0.0
 10
-675.9217
 20
-592.1118
 30
0.0
 10
-675.9217
 20
-592.1942
 30
0.0
 10
-675.9217
 20
-592.1942
 30
0.0
 10
-675.9217
 20
-592.1942
 30
0.0
 10
-674.5562
 20
-592.1942
 30
0.0
 10
-674.5562
 20
-592.1942
 30
0.0
 10
-674.5193
 20
-592.0537
 30
0.0
 10
-674.4754
 20
-591.8426
 30
0.0
 10
-674.4228
 20
-591.6378
 30
0.0
 10
-674.4228
 20
-591.6378
 30
0.0
 10
-674.5327
 20
-591.6017
 30
0.0
 10
-674.5327
 20
-591.6017
 30
0.0
  0
HATCH
  5
FD
330
1F
100
AcDbEntity
  8
Layer 1
 62
   250
420
  3617845
100
AcDbHatch
 10
0.0
 20
0.0
 30
0.0
210
0.0
220
0.0
230
1.0
  2
SOLID
 70
     1
 71
     1
 91
        1
 92
        1
 93
        1
 72
     4
 94
        3
 73
     0
 74
     1
 95
       53
 96
       49
 40
0.0
 40
0.0
 40
0.0
 40
0.0
 40
0.0625
 40
0.0625
 40
0.0625
 40
0.125
 40
0.125
 40
0.125
 40
0.1875
 40
0.1875
 40
0.1875
 40
0.25
 40
0.25
 40
0.25
 40
0.3125
 40
0.3125
 40
0.3125
 40
0.375
 40
0.375
 40
0.375
 40
0.4375
 40
0.4375
 40
0.4375
 40
0.5
 40
0.5
 40
0.5
 40
0.5625
 40
0.5625
 40
0.5625
 40
0.625
 40
0.625
 40
0.625
 40
0.6875
 40
0.6875
 40
0.6875
 40
0.75
 40
0.75
 40
0.75
 40
0.8125
 40
0.8125
 40
0.8125
 40
0.875
 40
0.875
 40
0.875
 40
0.9375
 40
0.9375
 40
0.9375
 40
1.0
 40
1.0
 40
1.0
 40
1.0
 10
-674.5327
 20
-591.6017
 10
-674.6637
 20
-591.8191
 10
-674.6865
 20
-591.8285
 10
-674.8991
 20
-591.8285
 10
-674.8991
 20
-591.8285
 10
-675.4344
 20
-591.8285
 10
-675.4344
 20
-591.8285
 10
-675.4344
 20
-591.8285
 10
-675.0365
 20
-591.455
 10
-675.0365
 20
-591.455
 10
-674.6912
 20
-591.1269
 10
-674.5625
 20
-590.9221
 10
-674.5625
 20
-590.6702
 10
-674.5625
 20
-590.2966
 10
-674.8442
 20
-590.0714
 10
-675.1817
 20
-590.0714
 10
-675.3959
 20
-590.0714
 10
-675.5701
 20
-590.1546
 10
-675.6965
 20
-590.2833
 10
-675.6965
 20
-590.2833
 10
-675.9178
 20
-590.5987
 10
-675.9178
 20
-590.5987
 10
-675.9178
 20
-590.5987
 10
-675.8166
 20
-590.6796
 10
-675.8166
 20
-590.6796
 10
-675.7059
 20
-590.5187
 10
-675.5701
 20
-590.3774
 10
-675.3543
 20
-590.3774
 10
-675.1197
 20
-590.3774
 10
-675.0004
 20
-590.5415
 10
-675.0004
 20
-590.7753
 10
-675.0004
 20
-591.0233
 10
-675.1314
 20
-591.2846
 10
-675.3724
 20
-591.5578
 10
-675.5403
 20
-591.7524
 10
-675.7404
 20
-591.9368
 10
-675.9217
 20
-592.1118
 10
-675.9217
 20
-592.1118
 10
-675.9217
 20
-592.1942
 10
-675.9217
 20
-592.1942
 10
-675.9217
 20
-592.1942
 10
-674.5562
 20
-592.1942
 10
-674.5562
 20
-592.1942
 10
-674.5193
 20
-592.0537
 10
-674.4754
 20
-591.8426
 10
-674.4228
 20
-591.6378
 10
-674.4228
 20
-591.6378
 10
-674.5327
 20
-591.6017
 10
-674.5327
 20
-591.6017
 97
        1
330
FC
 75
     0
 76
     1
 98
        1
 10
0.0
 20
0.0
  0
ENDSEC
  0
SECTION
  2
OBJECTS
  0
DICTIONARY
  5
C
330
0
100
AcDbDictionary
281
     1
  3
ACAD_DETAILVIEWSTYLE
350
139
  3
ACAD_GROUP
350
D
  3
ACAD_LAYOUT
350
1A
  3
ACAD_MATERIAL
350
43
  3
ACAD_MLEADERSTYLE
350
6B
  3
ACAD_MLINESTYLE
350
17
  3
ACAD_PLOTSETTINGS
350
19
  3
ACAD_PLOTSTYLENAME
350
E
  3
ACAD_SCALELIST
350
47
  3
ACAD_SECTIONVIEWSTYLE
350
13A
  3
ACAD_TABLESTYLE
350
69
  3
ACAD_VISUALSTYLE
350
2A
  3
ACDB_RECOMPOSE_DATA
350
136
  3
AcDbVariableDictionary
350
FE
  0
SUN
  5
6D
330
29
100
AcDbSun
 90
        1
290
     0
 63
     7
421
 16777215
 40
1.0
291
     1
 91
  2455826
 92
 54000000
292
     0
 70
     2
 71
   256
280
     1
  0
DICTIONARY
  5
139
102
{ACAD_REACTORS
330
C
102
}
330
C
100
AcDbDictionary
281
     1
  0
DICTIONARY
  5
D
102
{ACAD_REACTORS
330
C
102
}
330
C
100
AcDbDictionary
281
     1
  0
DICTIONARY
  5
1A
102
{ACAD_REACTORS
330
C
102
}
330
C
100
AcDbDictionary
281
     1
  3
Layout1
350
1E
  3
Layout2
350
26
  3
Model
350
22
  0
DICTIONARY
  5
43
102
{ACAD_REACTORS
330
C
102
}
330
C
100
AcDbDictionary
281
     1
  3
ByBlock
350
45
  3
ByLayer
350
44
  3
Global
350
46
  0
DICTIONARY
  5
6B
102
{ACAD_REACTORS
330
C
102
}
330
C
100
AcDbDictionary
281
     1
  3
Standard
350
6C
  0
DICTIONARY
  5
17
102
{ACAD_REACTORS
330
C
102
}
330
C
100
AcDbDictionary
281
     1
  3
Standard
350
18
  0
DICTIONARY
  5
19
102
{ACAD_REACTORS
330
C
102
}
330
C
100
AcDbDictionary
281
     1
  0
ACDBDICTIONARYWDFLT
  5
E
102
{ACAD_REACTORS
330
C
102
}
330
C
100
AcDbDictionary
281
     1
  3
Normal
350
F
100
AcDbDictionaryWithDefault
340
F
  0
DICTIONARY
  5
47
102
{ACAD_REACTORS
330
C
102
}
330
C
100
AcDbDictionary
281
     1
  3
A0
350
48
  3
A1
350
49
  3
A2
350
4A
  3
A3
350
4B
  3
A4
350
4C
  3
A5
350
4D
  3
A6
350
4E
  3
A7
350
4F
  3
A8
350
50
  3
A9
350
51
  3
B0
350
52
  3
B1
350
53
  3
B2
350
54
  3
B3
350
55
  3
B4
350
56
  3
B5
350
57
  3
B6
350
58
  3
B7
350
59
  3
B8
350
5A
  3
B9
350
5B
  3
C0
350
5C
  3
C1
350
5D
  3
C2
350
5E
  3
C3
350
5F
  3
C4
350
60
  3
C5
350
61
  3
C6
350
62
  3
C7
350
63
  3
C8
350
64
  3
C9
350
65
  3
D0
350
66
  3
D1
350
67
  3
D2
350
68
  0
DICTIONARY
  5
13A
102
{ACAD_REACTORS
330
C
102
}
330
C
100
AcDbDictionary
281
     1
  0
DICTIONARY
  5
69
102
{ACAD_REACTORS
330
C
102
}
330
C
100
AcDbDictionary
281
     1
  3
Standard
350
6A
  0
DICTIONARY
  5
2A
102
{ACAD_REACTORS
330
C
102
}
330
C
100
AcDbDictionary
281
     1
  3
2dWireframe
350
2F
  3
Basic
350
32
  3
Brighten
350
36
  3
ColorChange
350
3A
  3
Conceptual
350
34
  3
Dim
350
35
  3
EdgeColorOff
350
3D
  3
Facepattern
350
39
  3
Flat
350
2B
  3
FlatWithEdges
350
2C
  3
Gouraud
350
2D
  3
GouraudWithEdges
350
2E
  3
Hidden
350
31
  3
JitterOff
350
3B
  3
Linepattern
350
38
  3
OverhangOff
350
3C
  3
Realistic
350
33
  3
Shaded
350
42
  3
Shaded with edges
350
41
  3
Shades of Gray
350
3E
  3
Sketchy
350
3F
  3
Thicken
350
37
  3
Wireframe
350
30
  3
X-Ray
350
40
  0
XRECORD
  5
136
102
{ACAD_REACTORS
330
C
102
}
330
C
100
AcDbXrecord
280
     1
 90
        1
330
6A
  0
DICTIONARY
  5
FE
102
{ACAD_REACTORS
330
C
102
}
330
C
100
AcDbDictionary
281
     1
  3
CANNOSCALE
350
FF
  3
CMLEADERSTYLE
350
138
  3
CTABLESTYLE
350
137
  3
XCLIPFRAME
350
100
  0
LAYOUT
  5
1E
102
{ACAD_REACTORS
330
1A
102
}
330
1A
100
AcDbPlotSettings
  1

  2
none_device
  4

  6

 40
0.0
 41
0.0
 42
0.0
 43
0.0
 44
0.0
 45
0.0
 46
0.0
 47
0.0
 48
0.0
 49
0.0
140
0.0
141
0.0
142
1.0
143
1.0
 70
   688
 72
     0
 73
     0
 74
     5
  7

 75
    16
 76
     0
 77
     2
 78
   300
147
1.0
148
0.0
149
0.0
100
AcDbLayout
  1
Layout1
 70
     1
 71
     1
 10
0.0
 20
0.0
 11
12.0
 21
9.0
 12
0.0
 22
0.0
 32
0.0
 14
1.000000000000000E+20
 24
1.000000000000000E+20
 34
1.000000000000000E+20
 15
-1.000000000000000E+20
 25
-1.000000000000000E+20
 35
-1.000000000000000E+20
146
0.0
 13
0.0
 23
0.0
 33
0.0
 16
1.0
 26
0.0
 36
0.0
 17
0.0
 27
1.0
 37
0.0
 76
     0
330
1B
  0
LAYOUT
  5
26
102
{ACAD_REACTORS
330
1A
102
}
330
1A
100
AcDbPlotSettings
  1

  2
none_device
  4

  6

 40
0.0
 41
0.0
 42
0.0
 43
0.0
 44
0.0
 45
0.0
 46
0.0
 47
0.0
 48
0.0
 49
0.0
140
0.0
141
0.0
142
1.0
143
1.0
 70
   688
 72
     0
 73
     0
 74
     5
  7

 75
    16
 76
     0
 77
     2
 78
   300
147
1.0
148
0.0
149
0.0
100
AcDbLayout
  1
Layout2
 70
     1
 71
     2
 10
0.0
 20
0.0
 11
0.0
 21
0.0
 12
0.0
 22
0.0
 32
0.0
 14
0.0
 24
0.0
 34
0.0
 15
0.0
 25
0.0
 35
0.0
146
0.0
 13
0.0
 23
0.0
 33
0.0
 16
1.0
 26
0.0
 36
0.0
 17
0.0
 27
1.0
 37
0.0
 76
     0
330
23
  0
LAYOUT
  5
22
102
{ACAD_REACTORS
330
1A
102
}
330
1A
100
AcDbPlotSettings
  1

  2
none_device
  4
Letter_(8.50_x_11.00_Inches)
  6

 40
6.35
 41
6.35
 42
6.35000508
 43
6.35000508
 44
215.9
 45
279.4
 46
0.0
 47
0.0
 48
0.0
 49
0.0
140
0.0
141
0.0
142
1.0
143
1.0
 70
  1712
 72
     0
 73
     0
 74
     0
  7

 75
     0
 76
     0
 77
     2
 78
   300
147
1.0
148
0.0
149
0.0
100
AcDbLayout
  1
Model
 70
     1
 71
     0
 10
0.0
 20
0.0
 11
12.0
 21
9.0
 12
0.0
 22
0.0
 32
0.0
 14
-706.8663
 24
-594.2891
 34
0.0
 15
-666.8899
 25
-554.3127
 35
0.0
146
0.0
 13
0.0
 23
0.0
 33
0.0
 16
1.0
 26
0.0
 36
0.0
 17
0.0
 27
1.0
 37
0.0
 76
     0
330
1F
331
29
  0
MATERIAL
  5
45
102
{ACAD_REACTORS
330
43
102
}
330
43
100
AcDbMaterial
  1
ByBlock
 72
     1
 94
      127
  0
MATERIAL
  5
44
102
{ACAD_REACTORS
330
43
102
}
330
43
100
AcDbMaterial
  1
ByLayer
 72
     1
 94
      127
  0
MATERIAL
  5
46
102
{ACAD_REACTORS
330
43
102
}
330
43
100
AcDbMaterial
  1
Global
 72
     1
 94
      127
  0
MLEADERSTYLE
  5
6C
102
{ACAD_REACTORS
330
6B
102
}
102
{ACAD_XDICTIONARY
360
134
102
}
330
6B
100
AcDbMLeaderStyle
170
     2
171
     1
172
     0
 90
        2
 40
0.0
 41
0.0
173
     1
 91
-1056964608
340
14
 92
       -2
290
     1
 42
0.09
291
     1
 43
0.36
  3
Standard
341
0
 44
0.18
300

342
11
174
     1
178
     6
175
     1
176
     0
 93
-1056964608
 45
0.18
292
     0
297
     0
 46
0.18
343
0
 94
-1056964608
 47
1.0
 49
1.0
140
1.0
293
     1
141
0.0
294
     1
177
     0
142
1.0
295
     0
296
     0
143
0.125
1001
ACAD_MLEADERVER
1070
     2
  0
MLINESTYLE
  5
18
102
{ACAD_REACTORS
330
17
102
}
330
17
100
AcDbMlineStyle
  2
Standard
 70
     0
  3

 62
   256
 51
90.0
 52
90.0
 71
     2
 49
0.5
 62
   256
  6
BYLAYER
 49
-0.5
 62
   256
  6
BYLAYER
  0
ACDBPLACEHOLDER
  5
F
102
{ACAD_REACTORS
330
E
102
}
330
E
  0
SCALE
  5
48
102
{ACAD_REACTORS
330
47
102
}
330
47
100
AcDbScale
 70
     0
300
1:1
140
1.0
141
1.0
290
     1
  0
SCALE
  5
49
102
{ACAD_REACTORS
330
47
102
}
330
47
100
AcDbScale
 70
     0
300
1:2
140
1.0
141
2.0
290
     0
  0
SCALE
  5
4A
102
{ACAD_REACTORS
330
47
102
}
330
47
100
AcDbScale
 70
     0
300
1:4
140
1.0
141
4.0
290
     0
  0
SCALE
  5
4B
102
{ACAD_REACTORS
330
47
102
}
330
47
100
AcDbScale
 70
     0
300
1:5
140
1.0
141
5.0
290
     0
  0
SCALE
  5
4C
102
{ACAD_REACTORS
330
47
102
}
330
47
100
AcDbScale
 70
     0
300
1:8
140
1.0
141
8.0
290
     0
  0
SCALE
  5
4D
102
{ACAD_REACTORS
330
47
102
}
330
47
100
AcDbScale
 70
     0
300
1:10
140
1.0
141
10.0
290
     0
  0
SCALE
  5
4E
102
{ACAD_REACTORS
330
47
102
}
330
47
100
AcDbScale
 70
     0
300
1:16
140
1.0
141
16.0
290
     0
  0
SCALE
  5
4F
102
{ACAD_REACTORS
330
47
102
}
330
47
100
AcDbScale
 70
     0
300
1:20
140
1.0
141
20.0
290
     0
  0
SCALE
  5
50
102
{ACAD_REACTORS
330
47
102
}
330
47
100
AcDbScale
 70
     0
300
1:30
140
1.0
141
30.0
290
     0
  0
SCALE
  5
51
102
{ACAD_REACTORS
330
47
102
}
330
47
100
AcDbScale
 70
     0
300
1:40
140
1.0
141
40.0
290
     0
  0
SCALE
  5
52
102
{ACAD_REACTORS
330
47
102
}
330
47
100
AcDbScale
 70
     0
300
1:50
140
1.0
141
50.0
290
     0
  0
SCALE
  5
53
102
{ACAD_REACTORS
330
47
102
}
330
47
100
AcDbScale
 70
     0
300
1:100
140
1.0
141
100.0
290
     0
  0
SCALE
  5
54
102
{ACAD_REACTORS
330
47
102
}
330
47
100
AcDbScale
 70
     0
300
2:1
140
2.0
141
1.0
290
     0
  0
SCALE
  5
55
102
{ACAD_REACTORS
330
47
102
}
330
47
100
AcDbScale
 70
     0
300
4:1
140
4.0
141
1.0
290
     0
  0
SCALE
  5
56
102
{ACAD_REACTORS
330
47
102
}
330
47
100
AcDbScale
 70
     0
300
8:1
140
8.0
141
1.0
290
     0
  0
SCALE
  5
57
102
{ACAD_REACTORS
330
47
102
}
330
47
100
AcDbScale
 70
     0
300
10:1
140
10.0
141
1.0
290
     0
  0
SCALE
  5
58
102
{ACAD_REACTORS
330
47
102
}
330
47
100
AcDbScale
 70
     0
300
100:1
140
100.0
141
1.0
290
     0
  0
SCALE
  5
59
102
{ACAD_REACTORS
330
47
102
}
330
47
100
AcDbScale
 70
     0
300
1/128" = 1'-0"
140
0.0078125
141
12.0
290
     0
  0
SCALE
  5
5A
102
{ACAD_REACTORS
330
47
102
}
330
47
100
AcDbScale
 70
     0
300
1/64" = 1'-0"
140
0.015625
141
12.0
290
     0
  0
SCALE
  5
5B
102
{ACAD_REACTORS
330
47
102
}
330
47
100
AcDbScale
 70
     0
300
1/32" = 1'-0"
140
0.03125
141
12.0
290
     0
  0
SCALE
  5
5C
102
{ACAD_REACTORS
330
47
102
}
330
47
100
AcDbScale
 70
     0
300
1/16" = 1'-0"
140
0.0625
141
12.0
290
     0
  0
SCALE
  5
5D
102
{ACAD_REACTORS
330
47
102
}
330
47
100
AcDbScale
 70
     0
300
3/32" = 1'-0"
140
0.09375
141
12.0
290
     0
  0
SCALE
  5
5E
102
{ACAD_REACTORS
330
47
102
}
330
47
100
AcDbScale
 70
     0
300
1/8" = 1'-0"
140
0.125
141
12.0
290
     0
  0
SCALE
  5
5F
102
{ACAD_REACTORS
330
47
102
}
330
47
100
AcDbScale
 70
     0
300
3/16" = 1'-0"
140
0.1875
141
12.0
290
     0
  0
SCALE
  5
60
102
{ACAD_REACTORS
330
47
102
}
330
47
100
AcDbScale
 70
     0
300
1/4" = 1'-0"
140
0.25
141
12.0
290
     0
  0
SCALE
  5
61
102
{ACAD_REACTORS
330
47
102
}
330
47
100
AcDbScale
 70
     0
300
3/8" = 1'-0"
140
0.375
141
12.0
290
     0
  0
SCALE
  5
62
102
{ACAD_REACTORS
330
47
102
}
330
47
100
AcDbScale
 70
     0
300
1/2" = 1'-0"
140
0.5
141
12.0
290
     0
  0
SCALE
  5
63
102
{ACAD_REACTORS
330
47
102
}
330
47
100
AcDbScale
 70
     0
300
3/4" = 1'-0"
140
0.75
141
12.0
290
     0
  0
SCALE
  5
64
102
{ACAD_REACTORS
330
47
102
}
330
47
100
AcDbScale
 70
     0
300
1" = 1'-0"
140
1.0
141
12.0
290
     0
  0
SCALE
  5
65
102
{ACAD_REACTORS
330
47
102
}
330
47
100
AcDbScale
 70
     0
300
1-1/2" = 1'-0"
140
1.5
141
12.0
290
     0
  0
SCALE
  5
66
102
{ACAD_REACTORS
330
47
102
}
330
47
100
AcDbScale
 70
     0
300
3" = 1'-0"
140
3.0
141
12.0
290
     0
  0
SCALE
  5
67
102
{ACAD_REACTORS
330
47
102
}
330
47
100
AcDbScale
 70
     0
300
6" = 1'-0"
140
6.0
141
12.0
290
     0
  0
SCALE
  5
68
102
{ACAD_REACTORS
330
47
102
}
330
47
100
AcDbScale
 70
     0
300
1'-0" = 1'-0"
140
12.0
141
12.0
290
     0
  0
TABLESTYLE
  5
6A
102
{ACAD_REACTORS
330
69
102
}
102
{ACAD_XDICTIONARY
360
131
102
}
330
69
100
AcDbTableStyle
  3
Standard
 70
     0
 71
     0
 40
0.06
 41
0.06
280
     0
281
     0
  7
Standard
140
0.18
170
     2
 62
     0
 63
   257
283
     0
 90
        4
 91
        0
  1

274
    -2
284
     1
 64
     0
275
    -2
285
     1
 65
     0
276
    -2
286
     1
 66
     0
277
    -2
287
     1
 67
     0
278
    -2
288
     1
 68
     0
279
    -2
289
     1
 69
     0
  7
Standard
140
0.25
170
     5
 62
     0
 63
   257
283
     0
 90
        4
 91
        0
  1

274
    -2
284
     1
 64
     0
275
    -2
285
     1
 65
     0
276
    -2
286
     1
 66
     0
277
    -2
287
     1
 67
     0
278
    -2
288
     1
 68
     0
279
    -2
289
     1
 69
     0
  7
Standard
140
0.18
170
     5
 62
     0
 63
   257
283
     0
 90
        4
 91
        0
  1

274
    -2
284
     1
 64
     0
275
    -2
285
     1
 65
     0
276
    -2
286
     1
 66
     0
277
    -2
287
     1
 67
     0
278
    -2
288
     1
 68
     0
279
    -2
289
     1
 69
     0
  0
VISUALSTYLE
  5
2F
102
{ACAD_REACTORS
330
2A
102
}
102
{ACAD_XDICTIONARY
360
109
102
}
330
2A
100
AcDbVisualStyle
  2
2dWireframe
 70
     4
 71
     0
 72
     2
 73
     0
 90
        0
 40
0.6
 41
30.0
 62
     5
 63
     7
421
 16777215
 74
     1
 91
        4
 64
     7
 65
   257
 75
     1
175
     1
 42
1.0
 92
        0
 66
   257
 43
1.0
 76
     1
 77
     6
 78
     2
 67
     7
 79
     5
170
     0
171
     0
290
     0
174
     0
 93
        1
 44
0.0
173
     0
291
     0
 45
0.0
  0
VISUALSTYLE
  5
32
102
{ACAD_REACTORS
330
2A
102
}
102
{ACAD_XDICTIONARY
360
10F
102
}
330
2A
100
AcDbVisualStyle
  2
Basic
 70
     7
 71
     1
 72
     0
 73
     1
 90
        0
 40
0.6
 41
30.0
 62
     5
 63
     7
421
 16777215
 74
     0
 91
        4
 64
     7
 65
   257
 75
     1
175
     1
 42
1.0
 92
        8
 66
     7
 43
1.0
 76
     1
 77
     6
 78
     2
 67
     7
 79
     5
170
     0
171
     0
290
     0
174
     0
 93
        1
 44
0.0
173
     0
291
     1
 45
0.0
  0
VISUALSTYLE
  5
36
102
{ACAD_REACTORS
330
2A
102
}
102
{ACAD_XDICTIONARY
360
117
102
}
330
2A
100
AcDbVisualStyle
  2
Brighten
 70
    12
 71
     2
 72
     2
 73
     0
 90
        0
 40
0.6
 41
30.0
 62
     5
 63
     7
421
 16777215
 74
     1
 91
        4
 64
     7
 65
   257
 75
     1
175
     1
 42
1.0
 92
        8
 66
     7
 43
1.0
 76
     1
 77
     6
 78
     2
 67
     7
 79
     5
170
     0
171
     0
290
     0
174
     0
 93
        1
 44
50.0
173
     0
291
     1
 45
0.0
  0
VISUALSTYLE
  5
3A
102
{ACAD_REACTORS
330
2A
102
}
102
{ACAD_XDICTIONARY
360
11F
102
}
330
2A
100
AcDbVisualStyle
  2
ColorChange
 70
    16
 71
     2
 72
     2
 73
     3
 90
        0
 40
0.6
 41
30.0
 62
     5
 63
     8
421
  8421504
 74
     1
 91
        4
 64
     7
 65
   257
 75
     1
175
     1
 42
1.0
 92
        8
 66
     8
424
  8421504
 43
1.0
 76
     1
 77
     6
 78
     2
 67
     7
 79
     5
170
     0
171
     0
290
     0
174
     0
 93
        1
 44
0.0
173
     0
291
     1
 45
0.0
  0
VISUALSTYLE
  5
34
102
{ACAD_REACTORS
330
2A
102
}
102
{ACAD_XDICTIONARY
360
113
102
}
330
2A
100
AcDbVisualStyle
  2
Conceptual
 70
     9
 71
     3
 72
     2
 73
     0
 90
        0
 40
0.6
 41
30.0
 62
     5
 63
     7
421
 16777215
 74
     2
 91
        2
 64
     7
 65
   257
 75
     1
175
     1
 42
179.0
 92
        8
 66
     7
 43
1.0
 76
     1
 77
     6
 78
     2
 67
     7
 79
     3
170
     0
171
     0
290
     0
174
     0
 93
        1
 44
0.0
173
     0
291
     0
 45
0.0
  0
VISUALSTYLE
  5
35
102
{ACAD_REACTORS
330
2A
102
}
102
{ACAD_XDICTIONARY
360
115
102
}
330
2A
100
AcDbVisualStyle
  2
Dim
 70
    11
 71
     2
 72
     2
 73
     0
 90
        0
 40
0.6
 41
30.0
 62
     5
 63
     7
421
 16777215
 74
     1
 91
        4
 64
     7
 65
   257
 75
     1
175
     1
 42
1.0
 92
        8
 66
     7
 43
1.0
 76
     1
 77
     6
 78
     2
 67
     7
 79
     5
170
     0
171
     0
290
     0
174
     0
 93
        1
 44
-50.0
173
     0
291
     1
 45
0.0
  0
VISUALSTYLE
  5
3D
102
{ACAD_REACTORS
330
2A
102
}
102
{ACAD_XDICTIONARY
360
125
102
}
330
2A
100
AcDbVisualStyle
  2
EdgeColorOff
 70
    22
 71
     2
 72
     2
 73
     0
 90
        0
 40
0.6
 41
30.0
 62
     5
 63
     7
421
 16777215
 74
     1
 91
        4
 64
     7
 65
   257
 75
     1
175
     1
 42
1.0
 92
        8
 66
     7
 43
1.0
 76
     1
 77
     6
 78
     2
 67
     7
 79
     5
170
     0
171
     0
290
     0
174
     0
 93
        1
 44
0.0
173
     0
291
     1
 45
0.0
  0
VISUALSTYLE
  5
39
102
{ACAD_REACTORS
330
2A
102
}
102
{ACAD_XDICTIONARY
360
11D
102
}
330
2A
100
AcDbVisualStyle
  2
Facepattern
 70
    15
 71
     2
 72
     2
 73
     0
 90
        0
 40
0.6
 41
30.0
 62
     5
 63
     7
421
 16777215
 74
     1
 91
        4
 64
     7
 65
   257
 75
     1
175
     1
 42
1.0
 92
        8
 66
     7
 43
1.0
 76
     1
 77
     6
 78
     2
 67
     7
 79
     5
170
     0
171
     0
290
     0
174
     0
 93
        1
 44
0.0
173
     0
291
     1
 45
0.0
  0
VISUALSTYLE
  5
2B
102
{ACAD_REACTORS
330
2A
102
}
102
{ACAD_XDICTIONARY
360
101
102
}
330
2A
100
AcDbVisualStyle
  2
Flat
 70
     0
 71
     2
 72
     1
 73
     1
 90
        2
 40
0.6
 41
30.0
 62
     5
 63
     7
421
 16777215
 74
     0
 91
        0
 64
     7
 65
   257
 75
     1
175
     1
 42
1.0
 92
        8
 66
     7
 43
1.0
 76
     1
 77
     6
 78
     2
 67
     7
 79
     5
170
     0
171
     0
290
     0
174
     0
 93
       13
 44
0.0
173
     0
291
     1
 45
0.0
  0
VISUALSTYLE
  5
2C
102
{ACAD_REACTORS
330
2A
102
}
102
{ACAD_XDICTIONARY
360
103
102
}
330
2A
100
AcDbVisualStyle
  2
FlatWithEdges
 70
     1
 71
     2
 72
     1
 73
     1
 90
        2
 40
0.6
 41
30.0
 62
     5
 63
     7
421
 16777215
 74
     1
 91
        0
 64
     7
 65
   257
 75
     1
175
     1
 42
1.0
 92
        0
 66
   257
 43
1.0
 76
     1
 77
     6
 78
     2
 67
     7
 79
     5
170
     0
171
     0
290
     0
174
     0
 93
       13
 44
0.0
173
     0
291
     1
 45
0.0
  0
VISUALSTYLE
  5
2D
102
{ACAD_REACTORS
330
2A
102
}
102
{ACAD_XDICTIONARY
360
105
102
}
330
2A
100
AcDbVisualStyle
  2
Gouraud
 70
     2
 71
     2
 72
     2
 73
     1
 90
        2
 40
0.6
 41
30.0
 62
     5
 63
     7
421
 16777215
 74
     0
 91
        0
 64
     7
 65
   257
 75
     1
175
     1
 42
1.0
 92
        0
 66
     7
 43
1.0
 76
     1
 77
     6
 78
     2
 67
     7
 79
     5
170
     0
171
     0
290
     0
174
     0
 93
       13
 44
0.0
173
     0
291
     1
 45
0.0
  0
VISUALSTYLE
  5
2E
102
{ACAD_REACTORS
330
2A
102
}
102
{ACAD_XDICTIONARY
360
107
102
}
330
2A
100
AcDbVisualStyle
  2
GouraudWithEdges
 70
     3
 71
     2
 72
     2
 73
     1
 90
        2
 40
0.6
 41
30.0
 62
     5
 63
     7
421
 16777215
 74
     1
 91
        0
 64
     7
 65
   257
 75
     1
175
     1
 42
1.0
 92
        0
 66
   257
 43
1.0
 76
     1
 77
     6
 78
     2
 67
     7
 79
     5
170
     0
171
     0
290
     0
174
     0
 93
       13
 44
0.0
173
     0
291
     1
 45
0.0
  0
VISUALSTYLE
  5
31
102
{ACAD_REACTORS
330
2A
102
}
102
{ACAD_XDICTIONARY
360
10D
102
}
330
2A
100
AcDbVisualStyle
  2
Hidden
 70
     6
 71
     1
 72
     2
 73
     2
 90
        0
 40
0.6
 41
30.0
 62
     5
 63
     7
421
 16777215
 74
     2
 91
        2
 64
     7
 65
   257
 75
     2
175
     1
 42
40.0
 92
        0
 66
   257
 43
1.0
 76
     1
 77
     6
 78
     2
 67
     7
 79
     3
170
     0
171
     0
290
     0
174
     0
 93
        1
 44
0.0
173
     0
291
     0
 45
0.0
  0
VISUALSTYLE
  5
3B
102
{ACAD_REACTORS
330
2A
102
}
102
{ACAD_XDICTIONARY
360
121
102
}
330
2A
100
AcDbVisualStyle
  2
JitterOff
 70
    20
 71
     2
 72
     2
 73
     0
 90
        0
 40
0.6
 41
30.0
 62
     5
 63
     7
421
 16777215
 74
     1
 91
        4
 64
     7
 65
   257
 75
     1
175
     1
 42
1.0
 92
       10
 66
     7
 43
1.0
 76
     1
 77
     6
 78
     2
 67
     7
 79
     5
170
     0
171
     0
290
     0
174
     0
 93
        1
 44
0.0
173
     0
291
     1
 45
0.0
  0
VISUALSTYLE
  5
38
102
{ACAD_REACTORS
330
2A
102
}
102
{ACAD_XDICTIONARY
360
11B
102
}
330
2A
100
AcDbVisualStyle
  2
Linepattern
 70
    14
 71
     2
 72
     2
 73
     0
 90
        0
 40
0.6
 41
30.0
 62
     5
 63
     7
421
 16777215
 74
     1
 91
        4
 64
     7
 65
   257
 75
     7
175
     7
 42
1.0
 92
        8
 66
     7
 43
1.0
 76
     1
 77
     6
 78
     2
 67
     7
 79
     5
170
     0
171
     0
290
     0
174
     0
 93
        1
 44
0.0
173
     0
291
     1
 45
0.0
  0
VISUALSTYLE
  5
3C
102
{ACAD_REACTORS
330
2A
102
}
102
{ACAD_XDICTIONARY
360
123
102
}
330
2A
100
AcDbVisualStyle
  2
OverhangOff
 70
    21
 71
     2
 72
     2
 73
     0
 90
        0
 40
0.6
 41
30.0
 62
     5
 63
     7
421
 16777215
 74
     1
 91
        4
 64
     7
 65
   257
 75
     1
175
     1
 42
1.0
 92
        9
 66
     7
 43
1.0
 76
     1
 77
     6
 78
     2
 67
     7
 79
     5
170
     0
171
     0
290
     0
174
     0
 93
        1
 44
0.0
173
     0
291
     1
 45
0.0
  0
VISUALSTYLE
  5
33
102
{ACAD_REACTORS
330
2A
102
}
102
{ACAD_XDICTIONARY
360
111
102
}
330
2A
100
AcDbVisualStyle
  2
Realistic
 70
     8
 71
     2
 72
     3
 73
     0
 90
        2
 40
0.6
 41
30.0
 62
     5
 63
     7
421
 16777215
 74
     0
 91
        0
 64
     7
 65
   257
 75
     1
175
     1
 42
1.0
 92
        8
 66
   257
 43
1.0
 76
     1
 77
     6
 78
     2
 67
     7
 79
     3
170
     0
171
     0
290
     0
174
     0
 93
       13
 44
0.0
173
     0
291
     0
 45
0.0
  0
VISUALSTYLE
  5
42
102
{ACAD_REACTORS
330
2A
102
}
102
{ACAD_XDICTIONARY
360
12F
102
}
330
2A
100
AcDbVisualStyle
  2
Shaded
 70
    27
 71
     2
 72
     2
 73
     1
 90
        2
 40
0.6
 41
30.0
 62
     5
 63
     7
421
 16777215
 74
     0
 91
        4
 64
     7
 65
   257
 75
     1
175
     1
 42
1.0
 92
        8
 66
   257
 43
1.0
 76
     1
 77
     6
 78
     2
 67
     8
425
  7895160
 79
     3
170
     0
171
     0
290
     0
174
     0
 93
        5
 44
0.0
173
     0
291
     0
 45
0.0
  0
VISUALSTYLE
  5
41
102
{ACAD_REACTORS
330
2A
102
}
102
{ACAD_XDICTIONARY
360
12D
102
}
330
2A
100
AcDbVisualStyle
  2
Shaded with edges
 70
    26
 71
     2
 72
     2
 73
     1
 90
        2
 40
0.6
 41
30.0
 62
     5
 63
     7
421
 16777215
 74
     1
 91
       10
 64
     7
 65
   257
 75
     2
175
     1
 42
1.0
 92
        8
 66
   257
 43
1.0
 76
     1
 77
     6
 78
     2
 67
     7
 79
     3
170
     0
171
     0
290
     0
174
     0
 93
        5
 44
0.0
173
     0
291
     0
 45
0.0
  0
VISUALSTYLE
  5
3E
102
{ACAD_REACTORS
330
2A
102
}
102
{ACAD_XDICTIONARY
360
127
102
}
330
2A
100
AcDbVisualStyle
  2
Shades of Gray
 70
    23
 71
     2
 72
     2
 73
     3
 90
        0
 40
0.6
 41
30.0
 62
     5
 63
     7
421
 16777215
 74
     2
 91
        2
 64
     7
 65
     7
 75
     1
175
     1
 42
40.0
 92
        8
 66
     7
 43
1.0
 76
     1
 77
     6
 78
     2
 67
     7
 79
     3
170
     0
171
     0
290
     0
174
     0
 93
        1
 44
0.0
173
     0
291
     0
 45
0.0
  0
VISUALSTYLE
  5
3F
102
{ACAD_REACTORS
330
2A
102
}
102
{ACAD_XDICTIONARY
360
129
102
}
330
2A
100
AcDbVisualStyle
  2
Sketchy
 70
    24
 71
     1
 72
     2
 73
     2
 90
        0
 40
0.6
 41
30.0
 62
     5
 63
     7
421
 16777215
 74
     2
 91
        2
 64
     7
 65
     7
 75
     1
175
     1
 42
40.0
 92
       11
 66
     7
 43
1.0
 76
     1
 77
     6
 78
     2
 67
     7
 79
     6
170
     0
171
     0
290
     0
174
     0
 93
        1
 44
0.0
173
     0
291
     0
 45
0.0
  0
VISUALSTYLE
  5
37
102
{ACAD_REACTORS
330
2A
102
}
102
{ACAD_XDICTIONARY
360
119
102
}
330
2A
100
AcDbVisualStyle
  2
Thicken
 70
    13
 71
     2
 72
     2
 73
     0
 90
        0
 40
0.6
 41
30.0
 62
     5
 63
     7
421
 16777215
 74
     1
 91
        4
 64
     7
 65
   257
 75
     1
175
     1
 42
1.0
 92
       12
 66
     7
 43
1.0
 76
     1
 77
     6
 78
     2
 67
     7
 79
     5
170
     0
171
     0
290
     0
174
     0
 93
        1
 44
0.0
173
     0
291
     1
 45
0.0
  0
VISUALSTYLE
  5
30
102
{ACAD_REACTORS
330
2A
102
}
102
{ACAD_XDICTIONARY
360
10B
102
}
330
2A
100
AcDbVisualStyle
  2
Wireframe
 70
     5
 71
     0
 72
     2
 73
     0
 90
        0
 40
0.6
 41
30.0
 62
     5
 63
     7
421
 16777215
 74
     1
 91
        4
 64
     7
 65
   257
 75
     1
175
     1
 42
1.0
 92
        0
 66
   257
 43
1.0
 76
     1
 77
     6
 78
     2
 67
     7
 79
     3
170
     0
171
     0
290
     0
174
     0
 93
        1
 44
0.0
173
     0
291
     0
 45
0.0
  0
VISUALSTYLE
  5
40
102
{ACAD_REACTORS
330
2A
102
}
102
{ACAD_XDICTIONARY
360
12B
102
}
330
2A
100
AcDbVisualStyle
  2
X-Ray
 70
    25
 71
     2
 72
     2
 73
     1
 90
        1
 40
0.5
 41
30.0
 62
     5
 63
     7
421
 16777215
 74
     1
 91
        0
 64
     7
 65
   257
 75
     1
175
     1
 42
1.0
 92
        8
 66
     7
 43
1.0
 76
     1
 77
     6
 78
     2
 67
     7
 79
     3
170
     0
171
     0
290
     0
174
     0
 93
       13
 44
0.0
173
     0
291
     0
 45
0.0
  0
DICTIONARYVAR
  5
FF
102
{ACAD_REACTORS
330
FE
102
}
330
FE
100
DictionaryVariables
280
     0
  1
1:1
  0
DICTIONARYVAR
  5
138
102
{ACAD_REACTORS
330
FE
102
}
330
FE
100
DictionaryVariables
280
     0
  1
Standard
  0
DICTIONARYVAR
  5
137
102
{ACAD_REACTORS
330
FE
102
}
330
FE
100
DictionaryVariables
280
     0
  1
Standard
  0
DICTIONARYVAR
  5
100
102
{ACAD_REACTORS
330
FE
102
}
330
FE
100
DictionaryVariables
280
     0
  1
2
  0
DICTIONARY
  5
134
330
6C
100
AcDbDictionary
280
     1
281
     1
  3
ACAD_XREC_ROUNDTRIP
360
135
  0
DICTIONARY
  5
131
330
6A
100
AcDbDictionary
280
     1
281
     1
  3
ACAD_ROUNDTRIP_2008_TABLESTYLE_CELLSTYLEMAP
360
132
  0
DICTIONARY
  5
109
330
2F
100
AcDbDictionary
280
     1
281
     1
  3
ACAD_XREC_ROUNDTRIP
360
10A
  0
DICTIONARY
  5
10F
330
32
100
AcDbDictionary
280
     1
281
     1
  3
ACAD_XREC_ROUNDTRIP
360
110
  0
DICTIONARY
  5
117
330
36
100
AcDbDictionary
280
     1
281
     1
  3
ACAD_XREC_ROUNDTRIP
360
118
  0
DICTIONARY
  5
11F
330
3A
100
AcDbDictionary
280
     1
281
     1
  3
ACAD_XREC_ROUNDTRIP
360
120
  0
DICTIONARY
  5
113
330
34
100
AcDbDictionary
280
     1
281
     1
  3
ACAD_XREC_ROUNDTRIP
360
114
  0
DICTIONARY
  5
115
330
35
100
AcDbDictionary
280
     1
281
     1
  3
ACAD_XREC_ROUNDTRIP
360
116
  0
DICTIONARY
  5
125
330
3D
100
AcDbDictionary
280
     1
281
     1
  3
ACAD_XREC_ROUNDTRIP
360
126
  0
DICTIONARY
  5
11D
330
39
100
AcDbDictionary
280
     1
281
     1
  3
ACAD_XREC_ROUNDTRIP
360
11E
  0
DICTIONARY
  5
101
330
2B
100
AcDbDictionary
280
     1
281
     1
  3
ACAD_XREC_ROUNDTRIP
360
102
  0
DICTIONARY
  5
103
330
2C
100
AcDbDictionary
280
     1
281
     1
  3
ACAD_XREC_ROUNDTRIP
360
104
  0
DICTIONARY
  5
105
330
2D
100
AcDbDictionary
280
     1
281
     1
  3
ACAD_XREC_ROUNDTRIP
360
106
  0
DICTIONARY
  5
107
330
2E
100
AcDbDictionary
280
     1
281
     1
  3
ACAD_XREC_ROUNDTRIP
360
108
  0
DICTIONARY
  5
10D
330
31
100
AcDbDictionary
280
     1
281
     1
  3
ACAD_XREC_ROUNDTRIP
360
10E
  0
DICTIONARY
  5
121
330
3B
100
AcDbDictionary
280
     1
281
     1
  3
ACAD_XREC_ROUNDTRIP
360
122
  0
DICTIONARY
  5
11B
330
38
100
AcDbDictionary
280
     1
281
     1
  3
ACAD_XREC_ROUNDTRIP
360
11C
  0
DICTIONARY
  5
123
330
3C
100
AcDbDictionary
280
     1
281
     1
  3
ACAD_XREC_ROUNDTRIP
360
124
  0
DICTIONARY
  5
111
330
33
100
AcDbDictionary
280
     1
281
     1
  3
ACAD_XREC_ROUNDTRIP
360
112
  0
DICTIONARY
  5
12F
330
42
100
AcDbDictionary
280
     1
281
     1
  3
ACAD_XREC_ROUNDTRIP
360
130
  0
DICTIONARY
  5
12D
330
41
100
AcDbDictionary
280
     1
281
     1
  3
ACAD_XREC_ROUNDTRIP
360
12E
  0
DICTIONARY
  5
127
330
3E
100
AcDbDictionary
280
     1
281
     1
  3
ACAD_XREC_ROUNDTRIP
360
128
  0
DICTIONARY
  5
129
330
3F
100
AcDbDictionary
280
     1
281
     1
  3
ACAD_XREC_ROUNDTRIP
360
12A
  0
DICTIONARY
  5
119
330
37
100
AcDbDictionary
280
     1
281
     1
  3
ACAD_XREC_ROUNDTRIP
360
11A
  0
DICTIONARY
  5
10B
330
30
100
AcDbDictionary
280
     1
281
     1
  3
ACAD_XREC_ROUNDTRIP
360
10C
  0
DICTIONARY
  5
12B
330
40
100
AcDbDictionary
280
     1
281
     1
  3
ACAD_XREC_ROUNDTRIP
360
12C
  0
XRECORD
  5
135
102
{ACAD_REACTORS
330
134
102
}
330
134
100
AcDbXrecord
280
     1
102
ACAD_ROUNDTRIP_2010_MLEADER_STYLE
  0
CELLSTYLEMAP
  5
132
102
{ACAD_REACTORS
330
131
102
}
330
131
100
AcDbCellStyleMap
 90
        3
300
CELLSTYLE
  1
TABLEFORMAT_BEGIN
 90
        5
170
     1
 91
        0
 92
    32768
 62
   257
 93
        1
300
CONTENTFORMAT
  1
CONTENTFORMAT_BEGIN
 90
        0
 91
        0
 92
        4
 93
        0
300

 40
0.0
140
1.0
 94
        5
 62
     0
340
11
144
0.25
309
CONTENTFORMAT_END
171
     1
301
MARGIN
  1
CELLMARGIN_BEGIN
 40
0.06
 40
0.06
 40
0.06
 40
0.06
 40
0.06
 40
0.06
309
CELLMARGIN_END
 94
        6
 95
        1
302
GRIDFORMAT
  1
GRIDFORMAT_BEGIN
 90
        0
 91
        1
 62
     0
 92
       -2
340
14
 93
        0
 40
0.045
309
GRIDFORMAT_END
 95
        2
302
GRIDFORMAT
  1
GRIDFORMAT_BEGIN
 90
        0
 91
        1
 62
     0
 92
       -2
340
14
 93
        0
 40
0.045
309
GRIDFORMAT_END
 95
        4
302
GRIDFORMAT
  1
GRIDFORMAT_BEGIN
 90
        0
 91
        1
 62
     0
 92
       -2
340
14
 93
        0
 40
0.045
309
GRIDFORMAT_END
 95
        8
302
GRIDFORMAT
  1
GRIDFORMAT_BEGIN
 90
        0
 91
        1
 62
     0
 92
       -2
340
14
 93
        0
 40
0.045
309
GRIDFORMAT_END
 95
       16
302
GRIDFORMAT
  1
GRIDFORMAT_BEGIN
 90
        0
 91
        1
 62
     0
 92
       -2
340
14
 93
        0
 40
0.045
309
GRIDFORMAT_END
 95
       32
302
GRIDFORMAT
  1
GRIDFORMAT_BEGIN
 90
        0
 91
        1
 62
     0
 92
       -2
340
14
 93
        0
 40
0.045
309
GRIDFORMAT_END
309
TABLEFORMAT_END
  1
CELLSTYLE_BEGIN
 90
        1
 91
        1
300
_TITLE
309
CELLSTYLE_END
300
CELLSTYLE
  1
TABLEFORMAT_BEGIN
 90
        5
170
     1
 91
        0
 92
        0
 62
   257
 93
        1
300
CONTENTFORMAT
  1
CONTENTFORMAT_BEGIN
 90
        0
 91
        0
 92
        4
 93
        0
300

 40
0.0
140
1.0
 94
        5
 62
     0
340
11
144
0.18
309
CONTENTFORMAT_END
171
     1
301
MARGIN
  1
CELLMARGIN_BEGIN
 40
0.06
 40
0.06
 40
0.06
 40
0.06
 40
0.06
 40
0.06
309
CELLMARGIN_END
 94
        6
 95
        1
302
GRIDFORMAT
  1
GRIDFORMAT_BEGIN
 90
        0
 91
        1
 62
     0
 92
       -2
340
14
 93
        0
 40
0.045
309
GRIDFORMAT_END
 95
        2
302
GRIDFORMAT
  1
GRIDFORMAT_BEGIN
 90
        0
 91
        1
 62
     0
 92
       -2
340
14
 93
        0
 40
0.045
309
GRIDFORMAT_END
 95
        4
302
GRIDFORMAT
  1
GRIDFORMAT_BEGIN
 90
        0
 91
        1
 62
     0
 92
       -2
340
14
 93
        0
 40
0.045
309
GRIDFORMAT_END
 95
        8
302
GRIDFORMAT
  1
GRIDFORMAT_BEGIN
 90
        0
 91
        1
 62
     0
 92
       -2
340
14
 93
        0
 40
0.045
309
GRIDFORMAT_END
 95
       16
302
GRIDFORMAT
  1
GRIDFORMAT_BEGIN
 90
        0
 91
        1
 62
     0
 92
       -2
340
14
 93
        0
 40
0.045
309
GRIDFORMAT_END
 95
       32
302
GRIDFORMAT
  1
GRIDFORMAT_BEGIN
 90
        0
 91
        1
 62
     0
 92
       -2
340
14
 93
        0
 40
0.045
309
GRIDFORMAT_END
309
TABLEFORMAT_END
  1
CELLSTYLE_BEGIN
 90
        2
 91
        1
300
_HEADER
309
CELLSTYLE_END
300
CELLSTYLE
  1
TABLEFORMAT_BEGIN
 90
        5
170
     1
 91
        0
 92
        0
 62
   257
 93
        1
300
CONTENTFORMAT
  1
CONTENTFORMAT_BEGIN
 90
        0
 91
        0
 92
        4
 93
        0
300

 40
0.0
140
1.0
 94
        2
 62
     0
340
11
144
0.18
309
CONTENTFORMAT_END
171
     1
301
MARGIN
  1
CELLMARGIN_BEGIN
 40
0.06
 40
0.06
 40
0.06
 40
0.06
 40
0.06
 40
0.06
309
CELLMARGIN_END
 94
        6
 95
        1
302
GRIDFORMAT
  1
GRIDFORMAT_BEGIN
 90
        0
 91
        1
 62
     0
 92
       -2
340
14
 93
        0
 40
0.045
309
GRIDFORMAT_END
 95
        2
302
GRIDFORMAT
  1
GRIDFORMAT_BEGIN
 90
        0
 91
        1
 62
     0
 92
       -2
340
14
 93
        0
 40
0.045
309
GRIDFORMAT_END
 95
        4
302
GRIDFORMAT
  1
GRIDFORMAT_BEGIN
 90
        0
 91
        1
 62
     0
 92
       -2
340
14
 93
        0
 40
0.045
309
GRIDFORMAT_END
 95
        8
302
GRIDFORMAT
  1
GRIDFORMAT_BEGIN
 90
        0
 91
        1
 62
     0
 92
       -2
340
14
 93
        0
 40
0.045
309
GRIDFORMAT_END
 95
       16
302
GRIDFORMAT
  1
GRIDFORMAT_BEGIN
 90
        0
 91
        1
 62
     0
 92
       -2
340
14
 93
        0
 40
0.045
309
GRIDFORMAT_END
 95
       32
302
GRIDFORMAT
  1
GRIDFORMAT_BEGIN
 90
        0
 91
        1
 62
     0
 92
       -2
340
14
 93
        0
 40
0.045
309
GRIDFORMAT_END
309
TABLEFORMAT_END
  1
CELLSTYLE_BEGIN
 90
        3
 91
        2
300
_DATA
309
CELLSTYLE_END
  0
XRECORD
  5
10A
102
{ACAD_REACTORS
330
109
102
}
330
109
100
AcDbXrecord
280
     1
102
RTVSPropertyOp0
 70
     1
102
RTVSPropertyOp1
 70
     1
102
RTVSPropertyOp2
 70
     1
102
RTVSPropertyOp3
 70
     1
102
RTVSPropertyOp4
 70
     1
102
RTVSPropertyOp5
 70
     1
102
RTVSPropertyOp6
 70
     1
102
RTVSPropertyOp7
 70
     1
102
RTVSPropertyOp8
 70
     1
102
RTVSPropertyOp9
 70
     1
102
RTVSPropertyOp10
 70
     1
102
RTVSPropertyOp11
 70
     1
102
RTVSPropertyOp12
 70
     1
102
RTVSPropertyOp13
 70
     1
102
RTVSPropertyOp14
 70
     1
102
RTVSPropertyOp15
 70
     1
102
RTVSPropertyOp16
 70
     1
102
RTVSPropertyOp17
 70
     1
102
RTVSPropertyOp18
 70
     1
102
RTVSPropertyOp19
 70
     1
102
RTVSPropertyOp20
 70
     1
102
RTVSPropertyOp21
 70
     1
102
RTVSPropertyOp22
 70
     1
102
RTVSPropertyOp23
 70
     1
102
RTVSPropertyOp24
 70
     1
102
RTVSPropertyOp25
 70
     1
102
RTVSPropertyOp26
 70
     1
102
RTVSPropertyOp27
 70
     1
102
RTVSPropertyOp28
 70
     1
102
RTVSPropertyOp29
 70
     1
102
RTVSPropertyOp30
 70
     1
102
RTVSPropertyOp31
 70
     1
102
RTVSPropertyOp32
 70
     1
102
RTVSPropertyOp33
 70
     1
102
RTVSPropertyOp34
 70
     1
102
RTVSPropertyOp35
 70
     1
102
RTVSPropertyOp36
 70
     1
102
RTVSPropertyOp37
 70
     1
102
RTVSPropertyOp38
 70
     1
102
RTVSPropertyOp39
 70
     1
102
RTVSPropertyOp40
 70
     1
102
RTVSPropertyOp41
 70
     1
102
RTVSPropertyOp42
 70
     1
102
RTVSPropertyOp43
 70
     1
102
RTVSPropertyOp44
 70
     1
102
RTVSPropertyOp45
 70
     1
102
RTVSPropertyOp46
 70
     1
102
RTVSPropertyOp47
 70
     1
102
RTVSPropertyOp48
 70
     1
102
RTVSPropertyOp49
 70
     1
102
RTVSPropertyOp50
 70
     1
102
RTVSPropertyOp51
 70
     0
102
RTVSPropertyOp52
 70
     0
102
RTVSPropertyOp53
 70
     1
102
RTVSPropertyOp54
 70
     1
102
RTVSPropertyOp55
 70
     1
102
RTVSPropertyOp56
 70
     1
102
RTVSPropertyOp57
 70
     1
102
RTVSPost2010Prop28
280
     1
102
RTVSPost2010PropOp28
 70
     1
102
RTVSPost2010Prop29
280
     1
102
RTVSPost2010PropOp29
 70
     1
102
RTVSPost2010Prop30
280
     0
102
RTVSPost2010PropOp30
 70
     1
102
RTVSPost2010Prop31
280
     0
102
RTVSPost2010PropOp31
 70
     1
102
RTVSPost2010Prop32
280
     0
102
RTVSPost2010PropOp32
 70
     1
102
RTVSPost2010Prop33
280
     0
102
RTVSPost2010PropOp33
 70
     1
102
RTVSPost2010Prop34
280
     0
102
RTVSPost2010PropOp34
 70
     1
102
RTVSPost2010Prop35
280
     0
102
RTVSPost2010PropOp35
 70
     1
102
RTVSPost2010Prop36
280
     0
102
RTVSPost2010PropOp36
 70
     1
102
RTVSPost2010Prop37
 90
       50
102
RTVSPost2010PropOp37
 70
     1
102
RTVSPost2010Prop38
140
0.0
102
RTVSPost2010PropOp38
 70
     1
102
RTVSPost2010Prop39
140
1.0
102
RTVSPost2010PropOp39
 70
     1
102
RTVSPost2010Prop40
 90
        0
102
RTVSPost2010PropOp40
 70
     1
102
RTVSPost2010Prop41ColorIndex
 90
       18
102
RTVSPost2010Prop41ColorRGB
 90
        0
102
RTVSPost2010PropOp41
 70
     1
102
RTVSPost2010Prop42
 90
       50
102
RTVSPost2010PropOp42
 70
     1
102
RTVSPost2010Prop43
 90
        3
102
RTVSPost2010PropOp43
 70
     1
102
RTVSPost2010Prop44ColorIndex
 90
        5
102
RTVSPost2010Prop44ColorRGB
 90
      255
102
RTVSPost2010PropOp44
 70
     1
102
RTVSPost2010Prop45
280
     0
102
RTVSPost2010PropOp45
 70
     1
102
RTVSPost2010Prop46
 90
       50
102
RTVSPost2010PropOp46
 70
     1
102
RTVSPost2010Prop47
 90
       50
102
RTVSPost2010PropOp47
 70
     1
102
RTVSPost2010Prop48
 90
       50
102
RTVSPost2010PropOp48
 70
     1
102
RTVSPost2010Prop49
280
     0
102
RTVSPost2010PropOp49
 70
     1
102
RTVSPost2010Prop50
 90
       50
102
RTVSPost2010PropOp50
 70
     1
102
RTVSPost2010Prop51ColorIndex
 90
      256
102
RTVSPost2010Prop51ColorRGB
 90
-16777216
102
RTVSPost2010PropOp51
 70
     0
102
RTVSPost2010Prop52
140
1.0
102
RTVSPost2010PropOp52
 70
     0
102
RTVSPost2010Prop53
 90
        2
102
RTVSPost2010PropOp53
 70
     1
102
RTVSPost2010Prop54
  1
strokes_ogs.tif
102
RTVSPost2010PropOp54
 70
     1
102
RTVSPost2010Prop55
280
     0
102
RTVSPost2010PropOp55
 70
     1
102
RTVSPost2010Prop56
140
1.0
102
RTVSPost2010PropOp56
 70
     1
102
RTVSPost2010Prop57
140
1.0
102
RTVSPost2010PropOp57
 70
     1
  0
XRECORD
  5
110
102
{ACAD_REACTORS
330
10F
102
}
330
10F
100
AcDbXrecord
280
     1
102
RTVSPropertyOp0
 70
     1
102
RTVSPropertyOp1
 70
     1
102
RTVSPropertyOp2
 70
     1
102
RTVSPropertyOp3
 70
     1
102
RTVSPropertyOp4
 70
     1
102
RTVSPropertyOp5
 70
     1
102
RTVSPropertyOp6
 70
     1
102
RTVSPropertyOp7
 70
     1
102
RTVSPropertyOp8
 70
     1
102
RTVSPropertyOp9
 70
     1
102
RTVSPropertyOp10
 70
     1
102
RTVSPropertyOp11
 70
     1
102
RTVSPropertyOp12
 70
     1
102
RTVSPropertyOp13
 70
     1
102
RTVSPropertyOp14
 70
     1
102
RTVSPropertyOp15
 70
     1
102
RTVSPropertyOp16
 70
     1
102
RTVSPropertyOp17
 70
     1
102
RTVSPropertyOp18
 70
     1
102
RTVSPropertyOp19
 70
     1
102
RTVSPropertyOp20
 70
     1
102
RTVSPropertyOp21
 70
     1
102
RTVSPropertyOp22
 70
     1
102
RTVSPropertyOp23
 70
     1
102
RTVSPropertyOp24
 70
     1
102
RTVSPropertyOp25
 70
     1
102
RTVSPropertyOp26
 70
     1
102
RTVSPropertyOp27
 70
     1
102
RTVSPropertyOp28
 70
     1
102
RTVSPropertyOp29
 70
     1
102
RTVSPropertyOp30
 70
     1
102
RTVSPropertyOp31
 70
     1
102
RTVSPropertyOp32
 70
     1
102
RTVSPropertyOp33
 70
     1
102
RTVSPropertyOp34
 70
     1
102
RTVSPropertyOp35
 70
     1
102
RTVSPropertyOp36
 70
     1
102
RTVSPropertyOp37
 70
     1
102
RTVSPropertyOp38
 70
     1
102
RTVSPropertyOp39
 70
     1
102
RTVSPropertyOp40
 70
     1
102
RTVSPropertyOp41
 70
     1
102
RTVSPropertyOp42
 70
     1
102
RTVSPropertyOp43
 70
     1
102
RTVSPropertyOp44
 70
     1
102
RTVSPropertyOp45
 70
     1
102
RTVSPropertyOp46
 70
     1
102
RTVSPropertyOp47
 70
     1
102
RTVSPropertyOp48
 70
     1
102
RTVSPropertyOp49
 70
     1
102
RTVSPropertyOp50
 70
     1
102
RTVSPropertyOp51
 70
     0
102
RTVSPropertyOp52
 70
     0
102
RTVSPropertyOp53
 70
     1
102
RTVSPropertyOp54
 70
     1
102
RTVSPropertyOp55
 70
     1
102
RTVSPropertyOp56
 70
     1
102
RTVSPropertyOp57
 70
     1
102
RTVSPost2010Prop28
280
     0
102
RTVSPost2010PropOp28
 70
     1
102
RTVSPost2010Prop29
280
     1
102
RTVSPost2010PropOp29
 70
     1
102
RTVSPost2010Prop30
280
     1
102
RTVSPost2010PropOp30
 70
     1
102
RTVSPost2010Prop31
280
     0
102
RTVSPost2010PropOp31
 70
     1
102
RTVSPost2010Prop32
280
     0
102
RTVSPost2010PropOp32
 70
     1
102
RTVSPost2010Prop33
280
     0
102
RTVSPost2010PropOp33
 70
     1
102
RTVSPost2010Prop34
280
     0
102
RTVSPost2010PropOp34
 70
     1
102
RTVSPost2010Prop35
280
     0
102
RTVSPost2010PropOp35
 70
     1
102
RTVSPost2010Prop36
280
     0
102
RTVSPost2010PropOp36
 70
     1
102
RTVSPost2010Prop37
 90
       50
102
RTVSPost2010PropOp37
 70
     1
102
RTVSPost2010Prop38
140
0.0
102
RTVSPost2010PropOp38
 70
     1
102
RTVSPost2010Prop39
140
1.0
102
RTVSPost2010PropOp39
 70
     1
102
RTVSPost2010Prop40
 90
        0
102
RTVSPost2010PropOp40
 70
     1
102
RTVSPost2010Prop41ColorIndex
 90
       18
102
RTVSPost2010Prop41ColorRGB
 90
        0
102
RTVSPost2010PropOp41
 70
     1
102
RTVSPost2010Prop42
 90
       50
102
RTVSPost2010PropOp42
 70
     1
102
RTVSPost2010Prop43
 90
        3
102
RTVSPost2010PropOp43
 70
     1
102
RTVSPost2010Prop44ColorIndex
 90
        5
102
RTVSPost2010Prop44ColorRGB
 90
      255
102
RTVSPost2010PropOp44
 70
     1
102
RTVSPost2010Prop45
280
     0
102
RTVSPost2010PropOp45
 70
     1
102
RTVSPost2010Prop46
 90
       50
102
RTVSPost2010PropOp46
 70
     1
102
RTVSPost2010Prop47
 90
       50
102
RTVSPost2010PropOp47
 70
     1
102
RTVSPost2010Prop48
 90
       50
102
RTVSPost2010PropOp48
 70
     1
102
RTVSPost2010Prop49
280
     0
102
RTVSPost2010PropOp49
 70
     1
102
RTVSPost2010Prop50
 90
       50
102
RTVSPost2010PropOp50
 70
     1
102
RTVSPost2010Prop51ColorIndex
 90
      256
102
RTVSPost2010Prop51ColorRGB
 90
-16777216
102
RTVSPost2010PropOp51
 70
     0
102
RTVSPost2010Prop52
140
1.0
102
RTVSPost2010PropOp52
 70
     0
102
RTVSPost2010Prop53
 90
        2
102
RTVSPost2010PropOp53
 70
     1
102
RTVSPost2010Prop54
  1
strokes_ogs.tif
102
RTVSPost2010PropOp54
 70
     1
102
RTVSPost2010Prop55
280
     0
102
RTVSPost2010PropOp55
 70
     1
102
RTVSPost2010Prop56
140
1.0
102
RTVSPost2010PropOp56
 70
     1
102
RTVSPost2010Prop57
140
1.0
102
RTVSPost2010PropOp57
 70
     1
  0
XRECORD
  5
118
102
{ACAD_REACTORS
330
117
102
}
330
117
100
AcDbXrecord
280
     1
102
RTVSPropertyOp0
 70
     1
102
RTVSPropertyOp1
 70
     1
102
RTVSPropertyOp2
 70
     1
102
RTVSPropertyOp3
 70
     1
102
RTVSPropertyOp4
 70
     1
102
RTVSPropertyOp5
 70
     1
102
RTVSPropertyOp6
 70
     1
102
RTVSPropertyOp7
 70
     1
102
RTVSPropertyOp8
 70
     1
102
RTVSPropertyOp9
 70
     1
102
RTVSPropertyOp10
 70
     1
102
RTVSPropertyOp11
 70
     1
102
RTVSPropertyOp12
 70
     1
102
RTVSPropertyOp13
 70
     1
102
RTVSPropertyOp14
 70
     1
102
RTVSPropertyOp15
 70
     1
102
RTVSPropertyOp16
 70
     1
102
RTVSPropertyOp17
 70
     1
102
RTVSPropertyOp18
 70
     1
102
RTVSPropertyOp19
 70
     1
102
RTVSPropertyOp20
 70
     1
102
RTVSPropertyOp21
 70
     1
102
RTVSPropertyOp22
 70
     1
102
RTVSPropertyOp23
 70
     1
102
RTVSPropertyOp24
 70
     1
102
RTVSPropertyOp25
 70
     1
102
RTVSPropertyOp26
 70
     1
102
RTVSPropertyOp27
 70
     1
102
RTVSPropertyOp28
 70
     1
102
RTVSPropertyOp29
 70
     1
102
RTVSPropertyOp30
 70
     1
102
RTVSPropertyOp31
 70
     1
102
RTVSPropertyOp32
 70
     1
102
RTVSPropertyOp33
 70
     1
102
RTVSPropertyOp34
 70
     1
102
RTVSPropertyOp35
 70
     1
102
RTVSPropertyOp36
 70
     1
102
RTVSPropertyOp37
 70
     1
102
RTVSPropertyOp38
 70
     1
102
RTVSPropertyOp39
 70
     1
102
RTVSPropertyOp40
 70
     1
102
RTVSPropertyOp41
 70
     1
102
RTVSPropertyOp42
 70
     1
102
RTVSPropertyOp43
 70
     1
102
RTVSPropertyOp44
 70
     1
102
RTVSPropertyOp45
 70
     1
102
RTVSPropertyOp46
 70
     1
102
RTVSPropertyOp47
 70
     1
102
RTVSPropertyOp48
 70
     1
102
RTVSPropertyOp49
 70
     1
102
RTVSPropertyOp50
 70
     1
102
RTVSPropertyOp51
 70
     0
102
RTVSPropertyOp52
 70
     0
102
RTVSPropertyOp53
 70
     1
102
RTVSPropertyOp54
 70
     1
102
RTVSPropertyOp55
 70
     1
102
RTVSPropertyOp56
 70
     1
102
RTVSPropertyOp57
 70
     1
102
RTVSPost2010Prop28
280
     0
102
RTVSPost2010PropOp28
 70
     1
102
RTVSPost2010Prop29
280
     1
102
RTVSPost2010PropOp29
 70
     1
102
RTVSPost2010Prop30
280
     1
102
RTVSPost2010PropOp30
 70
     1
102
RTVSPost2010Prop31
280
     0
102
RTVSPost2010PropOp31
 70
     1
102
RTVSPost2010Prop32
280
     0
102
RTVSPost2010PropOp32
 70
     1
102
RTVSPost2010Prop33
280
     0
102
RTVSPost2010PropOp33
 70
     1
102
RTVSPost2010Prop34
280
     0
102
RTVSPost2010PropOp34
 70
     1
102
RTVSPost2010Prop35
280
     0
102
RTVSPost2010PropOp35
 70
     1
102
RTVSPost2010Prop36
280
     0
102
RTVSPost2010PropOp36
 70
     1
102
RTVSPost2010Prop37
 90
       50
102
RTVSPost2010PropOp37
 70
     1
102
RTVSPost2010Prop38
140
0.0
102
RTVSPost2010PropOp38
 70
     1
102
RTVSPost2010Prop39
140
1.0
102
RTVSPost2010PropOp39
 70
     1
102
RTVSPost2010Prop40
 90
        0
102
RTVSPost2010PropOp40
 70
     1
102
RTVSPost2010Prop41ColorIndex
 90
       18
102
RTVSPost2010Prop41ColorRGB
 90
        0
102
RTVSPost2010PropOp41
 70
     1
102
RTVSPost2010Prop42
 90
       50
102
RTVSPost2010PropOp42
 70
     1
102
RTVSPost2010Prop43
 90
        3
102
RTVSPost2010PropOp43
 70
     1
102
RTVSPost2010Prop44ColorIndex
 90
        5
102
RTVSPost2010Prop44ColorRGB
 90
      255
102
RTVSPost2010PropOp44
 70
     1
102
RTVSPost2010Prop45
280
     0
102
RTVSPost2010PropOp45
 70
     1
102
RTVSPost2010Prop46
 90
       50
102
RTVSPost2010PropOp46
 70
     1
102
RTVSPost2010Prop47
 90
       50
102
RTVSPost2010PropOp47
 70
     1
102
RTVSPost2010Prop48
 90
       50
102
RTVSPost2010PropOp48
 70
     1
102
RTVSPost2010Prop49
280
     0
102
RTVSPost2010PropOp49
 70
     1
102
RTVSPost2010Prop50
 90
       50
102
RTVSPost2010PropOp50
 70
     1
102
RTVSPost2010Prop51ColorIndex
 90
      256
102
RTVSPost2010Prop51ColorRGB
 90
-16777216
102
RTVSPost2010PropOp51
 70
     0
102
RTVSPost2010Prop52
140
1.0
102
RTVSPost2010PropOp52
 70
     0
102
RTVSPost2010Prop53
 90
        2
102
RTVSPost2010PropOp53
 70
     1
102
RTVSPost2010Prop54
  1
strokes_ogs.tif
102
RTVSPost2010PropOp54
 70
     1
102
RTVSPost2010Prop55
280
     0
102
RTVSPost2010PropOp55
 70
     1
102
RTVSPost2010Prop56
140
1.0
102
RTVSPost2010PropOp56
 70
     1
102
RTVSPost2010Prop57
140
1.0
102
RTVSPost2010PropOp57
 70
     1
  0
XRECORD
  5
120
102
{ACAD_REACTORS
330
11F
102
}
330
11F
100
AcDbXrecord
280
     1
102
RTVSPropertyOp0
 70
     1
102
RTVSPropertyOp1
 70
     1
102
RTVSPropertyOp2
 70
     1
102
RTVSPropertyOp3
 70
     1
102
RTVSPropertyOp4
 70
     1
102
RTVSPropertyOp5
 70
     1
102
RTVSPropertyOp6
 70
     1
102
RTVSPropertyOp7
 70
     1
102
RTVSPropertyOp8
 70
     1
102
RTVSPropertyOp9
 70
     1
102
RTVSPropertyOp10
 70
     1
102
RTVSPropertyOp11
 70
     1
102
RTVSPropertyOp12
 70
     1
102
RTVSPropertyOp13
 70
     1
102
RTVSPropertyOp14
 70
     1
102
RTVSPropertyOp15
 70
     1
102
RTVSPropertyOp16
 70
     1
102
RTVSPropertyOp17
 70
     1
102
RTVSPropertyOp18
 70
     1
102
RTVSPropertyOp19
 70
     1
102
RTVSPropertyOp20
 70
     1
102
RTVSPropertyOp21
 70
     1
102
RTVSPropertyOp22
 70
     1
102
RTVSPropertyOp23
 70
     1
102
RTVSPropertyOp24
 70
     1
102
RTVSPropertyOp25
 70
     1
102
RTVSPropertyOp26
 70
     1
102
RTVSPropertyOp27
 70
     1
102
RTVSPropertyOp28
 70
     1
102
RTVSPropertyOp29
 70
     1
102
RTVSPropertyOp30
 70
     1
102
RTVSPropertyOp31
 70
     1
102
RTVSPropertyOp32
 70
     1
102
RTVSPropertyOp33
 70
     1
102
RTVSPropertyOp34
 70
     1
102
RTVSPropertyOp35
 70
     1
102
RTVSPropertyOp36
 70
     1
102
RTVSPropertyOp37
 70
     1
102
RTVSPropertyOp38
 70
     1
102
RTVSPropertyOp39
 70
     1
102
RTVSPropertyOp40
 70
     1
102
RTVSPropertyOp41
 70
     1
102
RTVSPropertyOp42
 70
     1
102
RTVSPropertyOp43
 70
     1
102
RTVSPropertyOp44
 70
     1
102
RTVSPropertyOp45
 70
     1
102
RTVSPropertyOp46
 70
     1
102
RTVSPropertyOp47
 70
     1
102
RTVSPropertyOp48
 70
     1
102
RTVSPropertyOp49
 70
     1
102
RTVSPropertyOp50
 70
     1
102
RTVSPropertyOp51
 70
     0
102
RTVSPropertyOp52
 70
     0
102
RTVSPropertyOp53
 70
     1
102
RTVSPropertyOp54
 70
     1
102
RTVSPropertyOp55
 70
     1
102
RTVSPropertyOp56
 70
     1
102
RTVSPropertyOp57
 70
     1
102
RTVSPost2010Prop28
280
     0
102
RTVSPost2010PropOp28
 70
     1
102
RTVSPost2010Prop29
280
     1
102
RTVSPost2010PropOp29
 70
     1
102
RTVSPost2010Prop30
280
     1
102
RTVSPost2010PropOp30
 70
     1
102
RTVSPost2010Prop31
280
     0
102
RTVSPost2010PropOp31
 70
     1
102
RTVSPost2010Prop32
280
     0
102
RTVSPost2010PropOp32
 70
     1
102
RTVSPost2010Prop33
280
     0
102
RTVSPost2010PropOp33
 70
     1
102
RTVSPost2010Prop34
280
     0
102
RTVSPost2010PropOp34
 70
     1
102
RTVSPost2010Prop35
280
     0
102
RTVSPost2010PropOp35
 70
     1
102
RTVSPost2010Prop36
280
     0
102
RTVSPost2010PropOp36
 70
     1
102
RTVSPost2010Prop37
 90
       50
102
RTVSPost2010PropOp37
 70
     1
102
RTVSPost2010Prop38
140
0.0
102
RTVSPost2010PropOp38
 70
     1
102
RTVSPost2010Prop39
140
1.0
102
RTVSPost2010PropOp39
 70
     1
102
RTVSPost2010Prop40
 90
        0
102
RTVSPost2010PropOp40
 70
     1
102
RTVSPost2010Prop41ColorIndex
 90
       18
102
RTVSPost2010Prop41ColorRGB
 90
        0
102
RTVSPost2010PropOp41
 70
     1
102
RTVSPost2010Prop42
 90
       50
102
RTVSPost2010PropOp42
 70
     1
102
RTVSPost2010Prop43
 90
        3
102
RTVSPost2010PropOp43
 70
     1
102
RTVSPost2010Prop44ColorIndex
 90
        5
102
RTVSPost2010Prop44ColorRGB
 90
      255
102
RTVSPost2010PropOp44
 70
     1
102
RTVSPost2010Prop45
280
     0
102
RTVSPost2010PropOp45
 70
     1
102
RTVSPost2010Prop46
 90
       50
102
RTVSPost2010PropOp46
 70
     1
102
RTVSPost2010Prop47
 90
       50
102
RTVSPost2010PropOp47
 70
     1
102
RTVSPost2010Prop48
 90
       50
102
RTVSPost2010PropOp48
 70
     1
102
RTVSPost2010Prop49
280
     0
102
RTVSPost2010PropOp49
 70
     1
102
RTVSPost2010Prop50
 90
       50
102
RTVSPost2010PropOp50
 70
     1
102
RTVSPost2010Prop51ColorIndex
 90
      256
102
RTVSPost2010Prop51ColorRGB
 90
-16777216
102
RTVSPost2010PropOp51
 70
     0
102
RTVSPost2010Prop52
140
1.0
102
RTVSPost2010PropOp52
 70
     0
102
RTVSPost2010Prop53
 90
        2
102
RTVSPost2010PropOp53
 70
     1
102
RTVSPost2010Prop54
  1
strokes_ogs.tif
102
RTVSPost2010PropOp54
 70
     1
102
RTVSPost2010Prop55
280
     0
102
RTVSPost2010PropOp55
 70
     1
102
RTVSPost2010Prop56
140
1.0
102
RTVSPost2010PropOp56
 70
     1
102
RTVSPost2010Prop57
140
1.0
102
RTVSPost2010PropOp57
 70
     1
  0
XRECORD
  5
114
102
{ACAD_REACTORS
330
113
102
}
330
113
100
AcDbXrecord
280
     1
102
RTVSPropertyOp0
 70
     1
102
RTVSPropertyOp1
 70
     1
102
RTVSPropertyOp2
 70
     1
102
RTVSPropertyOp3
 70
     1
102
RTVSPropertyOp4
 70
     1
102
RTVSPropertyOp5
 70
     1
102
RTVSPropertyOp6
 70
     1
102
RTVSPropertyOp7
 70
     1
102
RTVSPropertyOp8
 70
     1
102
RTVSPropertyOp9
 70
     1
102
RTVSPropertyOp10
 70
     1
102
RTVSPropertyOp11
 70
     1
102
RTVSPropertyOp12
 70
     1
102
RTVSPropertyOp13
 70
     1
102
RTVSPropertyOp14
 70
     1
102
RTVSPropertyOp15
 70
     1
102
RTVSPropertyOp16
 70
     1
102
RTVSPropertyOp17
 70
     1
102
RTVSPropertyOp18
 70
     1
102
RTVSPropertyOp19
 70
     1
102
RTVSPropertyOp20
 70
     1
102
RTVSPropertyOp21
 70
     1
102
RTVSPropertyOp22
 70
     1
102
RTVSPropertyOp23
 70
     1
102
RTVSPropertyOp24
 70
     1
102
RTVSPropertyOp25
 70
     1
102
RTVSPropertyOp26
 70
     1
102
RTVSPropertyOp27
 70
     1
102
RTVSPropertyOp28
 70
     1
102
RTVSPropertyOp29
 70
     1
102
RTVSPropertyOp30
 70
     1
102
RTVSPropertyOp31
 70
     1
102
RTVSPropertyOp32
 70
     1
102
RTVSPropertyOp33
 70
     1
102
RTVSPropertyOp34
 70
     1
102
RTVSPropertyOp35
 70
     1
102
RTVSPropertyOp36
 70
     1
102
RTVSPropertyOp37
 70
     1
102
RTVSPropertyOp38
 70
     1
102
RTVSPropertyOp39
 70
     1
102
RTVSPropertyOp40
 70
     1
102
RTVSPropertyOp41
 70
     1
102
RTVSPropertyOp42
 70
     1
102
RTVSPropertyOp43
 70
     1
102
RTVSPropertyOp44
 70
     1
102
RTVSPropertyOp45
 70
     1
102
RTVSPropertyOp46
 70
     1
102
RTVSPropertyOp47
 70
     1
102
RTVSPropertyOp48
 70
     1
102
RTVSPropertyOp49
 70
     1
102
RTVSPropertyOp50
 70
     1
102
RTVSPropertyOp51
 70
     0
102
RTVSPropertyOp52
 70
     0
102
RTVSPropertyOp53
 70
     1
102
RTVSPropertyOp54
 70
     1
102
RTVSPropertyOp55
 70
     1
102
RTVSPropertyOp56
 70
     1
102
RTVSPropertyOp57
 70
     1
102
RTVSPost2010Prop28
280
     0
102
RTVSPost2010PropOp28
 70
     1
102
RTVSPost2010Prop29
280
     1
102
RTVSPost2010PropOp29
 70
     1
102
RTVSPost2010Prop30
280
     1
102
RTVSPost2010PropOp30
 70
     1
102
RTVSPost2010Prop31
280
     0
102
RTVSPost2010PropOp31
 70
     1
102
RTVSPost2010Prop32
280
     0
102
RTVSPost2010PropOp32
 70
     1
102
RTVSPost2010Prop33
280
     0
102
RTVSPost2010PropOp33
 70
     1
102
RTVSPost2010Prop34
280
     0
102
RTVSPost2010PropOp34
 70
     1
102
RTVSPost2010Prop35
280
     0
102
RTVSPost2010PropOp35
 70
     1
102
RTVSPost2010Prop36
280
     0
102
RTVSPost2010PropOp36
 70
     1
102
RTVSPost2010Prop37
 90
       50
102
RTVSPost2010PropOp37
 70
     1
102
RTVSPost2010Prop38
140
0.0
102
RTVSPost2010PropOp38
 70
     1
102
RTVSPost2010Prop39
140
1.0
102
RTVSPost2010PropOp39
 70
     1
102
RTVSPost2010Prop40
 90
        0
102
RTVSPost2010PropOp40
 70
     1
102
RTVSPost2010Prop41ColorIndex
 90
       18
102
RTVSPost2010Prop41ColorRGB
 90
        0
102
RTVSPost2010PropOp41
 70
     1
102
RTVSPost2010Prop42
 90
       50
102
RTVSPost2010PropOp42
 70
     1
102
RTVSPost2010Prop43
 90
        3
102
RTVSPost2010PropOp43
 70
     1
102
RTVSPost2010Prop44ColorIndex
 90
        5
102
RTVSPost2010Prop44ColorRGB
 90
      255
102
RTVSPost2010PropOp44
 70
     1
102
RTVSPost2010Prop45
280
     0
102
RTVSPost2010PropOp45
 70
     1
102
RTVSPost2010Prop46
 90
       50
102
RTVSPost2010PropOp46
 70
     1
102
RTVSPost2010Prop47
 90
       50
102
RTVSPost2010PropOp47
 70
     1
102
RTVSPost2010Prop48
 90
       50
102
RTVSPost2010PropOp48
 70
     1
102
RTVSPost2010Prop49
280
     0
102
RTVSPost2010PropOp49
 70
     1
102
RTVSPost2010Prop50
 90
       50
102
RTVSPost2010PropOp50
 70
     1
102
RTVSPost2010Prop51ColorIndex
 90
      256
102
RTVSPost2010Prop51ColorRGB
 90
-16777216
102
RTVSPost2010PropOp51
 70
     0
102
RTVSPost2010Prop52
140
1.0
102
RTVSPost2010PropOp52
 70
     0
102
RTVSPost2010Prop53
 90
        2
102
RTVSPost2010PropOp53
 70
     1
102
RTVSPost2010Prop54
  1
strokes_ogs.tif
102
RTVSPost2010PropOp54
 70
     1
102
RTVSPost2010Prop55
280
     0
102
RTVSPost2010PropOp55
 70
     1
102
RTVSPost2010Prop56
140
1.0
102
RTVSPost2010PropOp56
 70
     1
102
RTVSPost2010Prop57
140
1.0
102
RTVSPost2010PropOp57
 70
     1
  0
XRECORD
  5
116
102
{ACAD_REACTORS
330
115
102
}
330
115
100
AcDbXrecord
280
     1
102
RTVSPropertyOp0
 70
     1
102
RTVSPropertyOp1
 70
     1
102
RTVSPropertyOp2
 70
     1
102
RTVSPropertyOp3
 70
     1
102
RTVSPropertyOp4
 70
     1
102
RTVSPropertyOp5
 70
     1
102
RTVSPropertyOp6
 70
     1
102
RTVSPropertyOp7
 70
     1
102
RTVSPropertyOp8
 70
     1
102
RTVSPropertyOp9
 70
     1
102
RTVSPropertyOp10
 70
     1
102
RTVSPropertyOp11
 70
     1
102
RTVSPropertyOp12
 70
     1
102
RTVSPropertyOp13
 70
     1
102
RTVSPropertyOp14
 70
     1
102
RTVSPropertyOp15
 70
     1
102
RTVSPropertyOp16
 70
     1
102
RTVSPropertyOp17
 70
     1
102
RTVSPropertyOp18
 70
     1
102
RTVSPropertyOp19
 70
     1
102
RTVSPropertyOp20
 70
     1
102
RTVSPropertyOp21
 70
     1
102
RTVSPropertyOp22
 70
     1
102
RTVSPropertyOp23
 70
     1
102
RTVSPropertyOp24
 70
     1
102
RTVSPropertyOp25
 70
     1
102
RTVSPropertyOp26
 70
     1
102
RTVSPropertyOp27
 70
     1
102
RTVSPropertyOp28
 70
     1
102
RTVSPropertyOp29
 70
     1
102
RTVSPropertyOp30
 70
     1
102
RTVSPropertyOp31
 70
     1
102
RTVSPropertyOp32
 70
     1
102
RTVSPropertyOp33
 70
     1
102
RTVSPropertyOp34
 70
     1
102
RTVSPropertyOp35
 70
     1
102
RTVSPropertyOp36
 70
     1
102
RTVSPropertyOp37
 70
     1
102
RTVSPropertyOp38
 70
     1
102
RTVSPropertyOp39
 70
     1
102
RTVSPropertyOp40
 70
     1
102
RTVSPropertyOp41
 70
     1
102
RTVSPropertyOp42
 70
     1
102
RTVSPropertyOp43
 70
     1
102
RTVSPropertyOp44
 70
     1
102
RTVSPropertyOp45
 70
     1
102
RTVSPropertyOp46
 70
     1
102
RTVSPropertyOp47
 70
     1
102
RTVSPropertyOp48
 70
     1
102
RTVSPropertyOp49
 70
     1
102
RTVSPropertyOp50
 70
     1
102
RTVSPropertyOp51
 70
     0
102
RTVSPropertyOp52
 70
     0
102
RTVSPropertyOp53
 70
     1
102
RTVSPropertyOp54
 70
     1
102
RTVSPropertyOp55
 70
     1
102
RTVSPropertyOp56
 70
     1
102
RTVSPropertyOp57
 70
     1
102
RTVSPost2010Prop28
280
     0
102
RTVSPost2010PropOp28
 70
     1
102
RTVSPost2010Prop29
280
     1
102
RTVSPost2010PropOp29
 70
     1
102
RTVSPost2010Prop30
280
     1
102
RTVSPost2010PropOp30
 70
     1
102
RTVSPost2010Prop31
280
     0
102
RTVSPost2010PropOp31
 70
     1
102
RTVSPost2010Prop32
280
     0
102
RTVSPost2010PropOp32
 70
     1
102
RTVSPost2010Prop33
280
     0
102
RTVSPost2010PropOp33
 70
     1
102
RTVSPost2010Prop34
280
     0
102
RTVSPost2010PropOp34
 70
     1
102
RTVSPost2010Prop35
280
     0
102
RTVSPost2010PropOp35
 70
     1
102
RTVSPost2010Prop36
280
     0
102
RTVSPost2010PropOp36
 70
     1
102
RTVSPost2010Prop37
 90
       50
102
RTVSPost2010PropOp37
 70
     1
102
RTVSPost2010Prop38
140
0.0
102
RTVSPost2010PropOp38
 70
     1
102
RTVSPost2010Prop39
140
1.0
102
RTVSPost2010PropOp39
 70
     1
102
RTVSPost2010Prop40
 90
        0
102
RTVSPost2010PropOp40
 70
     1
102
RTVSPost2010Prop41ColorIndex
 90
       18
102
RTVSPost2010Prop41ColorRGB
 90
        0
102
RTVSPost2010PropOp41
 70
     1
102
RTVSPost2010Prop42
 90
       50
102
RTVSPost2010PropOp42
 70
     1
102
RTVSPost2010Prop43
 90
        3
102
RTVSPost2010PropOp43
 70
     1
102
RTVSPost2010Prop44ColorIndex
 90
        5
102
RTVSPost2010Prop44ColorRGB
 90
      255
102
RTVSPost2010PropOp44
 70
     1
102
RTVSPost2010Prop45
280
     0
102
RTVSPost2010PropOp45
 70
     1
102
RTVSPost2010Prop46
 90
       50
102
RTVSPost2010PropOp46
 70
     1
102
RTVSPost2010Prop47
 90
       50
102
RTVSPost2010PropOp47
 70
     1
102
RTVSPost2010Prop48
 90
       50
102
RTVSPost2010PropOp48
 70
     1
102
RTVSPost2010Prop49
280
     0
102
RTVSPost2010PropOp49
 70
     1
102
RTVSPost2010Prop50
 90
       50
102
RTVSPost2010PropOp50
 70
     1
102
RTVSPost2010Prop51ColorIndex
 90
      256
102
RTVSPost2010Prop51ColorRGB
 90
-16777216
102
RTVSPost2010PropOp51
 70
     0
102
RTVSPost2010Prop52
140
1.0
102
RTVSPost2010PropOp52
 70
     0
102
RTVSPost2010Prop53
 90
        2
102
RTVSPost2010PropOp53
 70
     1
102
RTVSPost2010Prop54
  1
strokes_ogs.tif
102
RTVSPost2010PropOp54
 70
     1
102
RTVSPost2010Prop55
280
     0
102
RTVSPost2010PropOp55
 70
     1
102
RTVSPost2010Prop56
140
1.0
102
RTVSPost2010PropOp56
 70
     1
102
RTVSPost2010Prop57
140
1.0
102
RTVSPost2010PropOp57
 70
     1
  0
XRECORD
  5
126
102
{ACAD_REACTORS
330
125
102
}
330
125
100
AcDbXrecord
280
     1
102
RTVSPropertyOp0
 70
     0
102
RTVSPropertyOp1
 70
     0
102
RTVSPropertyOp2
 70
     0
102
RTVSPropertyOp3
 70
     0
102
RTVSPropertyOp4
 70
     0
102
RTVSPropertyOp5
 70
     0
102
RTVSPropertyOp6
 70
     0
102
RTVSPropertyOp7
 70
     0
102
RTVSPropertyOp8
 70
     0
102
RTVSPropertyOp9
 70
     0
102
RTVSPropertyOp10
 70
     0
102
RTVSPropertyOp11
 70
     0
102
RTVSPropertyOp12
 70
     0
102
RTVSPropertyOp13
 70
     0
102
RTVSPropertyOp14
 70
     2
102
RTVSPropertyOp15
 70
     0
102
RTVSPropertyOp16
 70
     0
102
RTVSPropertyOp17
 70
     0
102
RTVSPropertyOp18
 70
     0
102
RTVSPropertyOp19
 70
     0
102
RTVSPropertyOp20
 70
     0
102
RTVSPropertyOp21
 70
     0
102
RTVSPropertyOp22
 70
     0
102
RTVSPropertyOp23
 70
     0
102
RTVSPropertyOp24
 70
     0
102
RTVSPropertyOp25
 70
     0
102
RTVSPropertyOp26
 70
     0
102
RTVSPropertyOp27
 70
     0
102
RTVSPropertyOp28
 70
     0
102
RTVSPropertyOp29
 70
     0
102
RTVSPropertyOp30
 70
     0
102
RTVSPropertyOp31
 70
     0
102
RTVSPropertyOp32
 70
     0
102
RTVSPropertyOp33
 70
     0
102
RTVSPropertyOp34
 70
     0
102
RTVSPropertyOp35
 70
     0
102
RTVSPropertyOp36
 70
     0
102
RTVSPropertyOp37
 70
     0
102
RTVSPropertyOp38
 70
     0
102
RTVSPropertyOp39
 70
     0
102
RTVSPropertyOp40
 70
     0
102
RTVSPropertyOp41
 70
     0
102
RTVSPropertyOp42
 70
     0
102
RTVSPropertyOp43
 70
     0
102
RTVSPropertyOp44
 70
     0
102
RTVSPropertyOp45
 70
     0
102
RTVSPropertyOp46
 70
     0
102
RTVSPropertyOp47
 70
     0
102
RTVSPropertyOp48
 70
     0
102
RTVSPropertyOp49
 70
     0
102
RTVSPropertyOp50
 70
     0
102
RTVSPropertyOp51
 70
     0
102
RTVSPropertyOp52
 70
     0
102
RTVSPropertyOp53
 70
     0
102
RTVSPropertyOp54
 70
     0
102
RTVSPropertyOp55
 70
     0
102
RTVSPropertyOp56
 70
     0
102
RTVSPropertyOp57
 70
     0
102
RTVSPost2010Prop28
280
     0
102
RTVSPost2010PropOp28
 70
     0
102
RTVSPost2010Prop29
280
     1
102
RTVSPost2010PropOp29
 70
     0
102
RTVSPost2010Prop30
280
     1
102
RTVSPost2010PropOp30
 70
     0
102
RTVSPost2010Prop31
280
     0
102
RTVSPost2010PropOp31
 70
     0
102
RTVSPost2010Prop32
280
     0
102
RTVSPost2010PropOp32
 70
     0
102
RTVSPost2010Prop33
280
     0
102
RTVSPost2010PropOp33
 70
     0
102
RTVSPost2010Prop34
280
     0
102
RTVSPost2010PropOp34
 70
     0
102
RTVSPost2010Prop35
280
     0
102
RTVSPost2010PropOp35
 70
     0
102
RTVSPost2010Prop36
280
     0
102
RTVSPost2010PropOp36
 70
     0
102
RTVSPost2010Prop37
 90
       50
102
RTVSPost2010PropOp37
 70
     0
102
RTVSPost2010Prop38
140
0.0
102
RTVSPost2010PropOp38
 70
     0
102
RTVSPost2010Prop39
140
1.0
102
RTVSPost2010PropOp39
 70
     0
102
RTVSPost2010Prop40
 90
        0
102
RTVSPost2010PropOp40
 70
     0
102
RTVSPost2010Prop41ColorIndex
 90
       18
102
RTVSPost2010Prop41ColorRGB
 90
        0
102
RTVSPost2010PropOp41
 70
     0
102
RTVSPost2010Prop42
 90
       50
102
RTVSPost2010PropOp42
 70
     0
102
RTVSPost2010Prop43
 90
        3
102
RTVSPost2010PropOp43
 70
     0
102
RTVSPost2010Prop44ColorIndex
 90
        5
102
RTVSPost2010Prop44ColorRGB
 90
      255
102
RTVSPost2010PropOp44
 70
     0
102
RTVSPost2010Prop45
280
     0
102
RTVSPost2010PropOp45
 70
     0
102
RTVSPost2010Prop46
 90
       50
102
RTVSPost2010PropOp46
 70
     0
102
RTVSPost2010Prop47
 90
       50
102
RTVSPost2010PropOp47
 70
     0
102
RTVSPost2010Prop48
 90
       50
102
RTVSPost2010PropOp48
 70
     0
102
RTVSPost2010Prop49
280
     0
102
RTVSPost2010PropOp49
 70
     0
102
RTVSPost2010Prop50
 90
       50
102
RTVSPost2010PropOp50
 70
     0
102
RTVSPost2010Prop51ColorIndex
 90
      256
102
RTVSPost2010Prop51ColorRGB
 90
-16777216
102
RTVSPost2010PropOp51
 70
     0
102
RTVSPost2010Prop52
140
1.0
102
RTVSPost2010PropOp52
 70
     0
102
RTVSPost2010Prop53
 90
        2
102
RTVSPost2010PropOp53
 70
     0
102
RTVSPost2010Prop54
  1
strokes_ogs.tif
102
RTVSPost2010PropOp54
 70
     0
102
RTVSPost2010Prop55
280
     0
102
RTVSPost2010PropOp55
 70
     0
102
RTVSPost2010Prop56
140
1.0
102
RTVSPost2010PropOp56
 70
     0
102
RTVSPost2010Prop57
140
1.0
102
RTVSPost2010PropOp57
 70
     0
  0
XRECORD
  5
11E
102
{ACAD_REACTORS
330
11D
102
}
330
11D
100
AcDbXrecord
280
     1
102
RTVSPropertyOp0
 70
     1
102
RTVSPropertyOp1
 70
     1
102
RTVSPropertyOp2
 70
     1
102
RTVSPropertyOp3
 70
     1
102
RTVSPropertyOp4
 70
     1
102
RTVSPropertyOp5
 70
     1
102
RTVSPropertyOp6
 70
     1
102
RTVSPropertyOp7
 70
     1
102
RTVSPropertyOp8
 70
     1
102
RTVSPropertyOp9
 70
     1
102
RTVSPropertyOp10
 70
     1
102
RTVSPropertyOp11
 70
     1
102
RTVSPropertyOp12
 70
     1
102
RTVSPropertyOp13
 70
     1
102
RTVSPropertyOp14
 70
     1
102
RTVSPropertyOp15
 70
     1
102
RTVSPropertyOp16
 70
     1
102
RTVSPropertyOp17
 70
     1
102
RTVSPropertyOp18
 70
     1
102
RTVSPropertyOp19
 70
     1
102
RTVSPropertyOp20
 70
     1
102
RTVSPropertyOp21
 70
     1
102
RTVSPropertyOp22
 70
     1
102
RTVSPropertyOp23
 70
     1
102
RTVSPropertyOp24
 70
     1
102
RTVSPropertyOp25
 70
     1
102
RTVSPropertyOp26
 70
     1
102
RTVSPropertyOp27
 70
     1
102
RTVSPropertyOp28
 70
     1
102
RTVSPropertyOp29
 70
     1
102
RTVSPropertyOp30
 70
     1
102
RTVSPropertyOp31
 70
     1
102
RTVSPropertyOp32
 70
     1
102
RTVSPropertyOp33
 70
     1
102
RTVSPropertyOp34
 70
     1
102
RTVSPropertyOp35
 70
     1
102
RTVSPropertyOp36
 70
     1
102
RTVSPropertyOp37
 70
     1
102
RTVSPropertyOp38
 70
     1
102
RTVSPropertyOp39
 70
     1
102
RTVSPropertyOp40
 70
     1
102
RTVSPropertyOp41
 70
     1
102
RTVSPropertyOp42
 70
     1
102
RTVSPropertyOp43
 70
     1
102
RTVSPropertyOp44
 70
     1
102
RTVSPropertyOp45
 70
     1
102
RTVSPropertyOp46
 70
     1
102
RTVSPropertyOp47
 70
     1
102
RTVSPropertyOp48
 70
     1
102
RTVSPropertyOp49
 70
     1
102
RTVSPropertyOp50
 70
     1
102
RTVSPropertyOp51
 70
     0
102
RTVSPropertyOp52
 70
     0
102
RTVSPropertyOp53
 70
     1
102
RTVSPropertyOp54
 70
     1
102
RTVSPropertyOp55
 70
     1
102
RTVSPropertyOp56
 70
     1
102
RTVSPropertyOp57
 70
     1
102
RTVSPost2010Prop28
280
     0
102
RTVSPost2010PropOp28
 70
     1
102
RTVSPost2010Prop29
280
     1
102
RTVSPost2010PropOp29
 70
     1
102
RTVSPost2010Prop30
280
     1
102
RTVSPost2010PropOp30
 70
     1
102
RTVSPost2010Prop31
280
     0
102
RTVSPost2010PropOp31
 70
     1
102
RTVSPost2010Prop32
280
     0
102
RTVSPost2010PropOp32
 70
     1
102
RTVSPost2010Prop33
280
     0
102
RTVSPost2010PropOp33
 70
     1
102
RTVSPost2010Prop34
280
     0
102
RTVSPost2010PropOp34
 70
     1
102
RTVSPost2010Prop35
280
     0
102
RTVSPost2010PropOp35
 70
     1
102
RTVSPost2010Prop36
280
     0
102
RTVSPost2010PropOp36
 70
     1
102
RTVSPost2010Prop37
 90
       50
102
RTVSPost2010PropOp37
 70
     1
102
RTVSPost2010Prop38
140
0.0
102
RTVSPost2010PropOp38
 70
     1
102
RTVSPost2010Prop39
140
1.0
102
RTVSPost2010PropOp39
 70
     1
102
RTVSPost2010Prop40
 90
        0
102
RTVSPost2010PropOp40
 70
     1
102
RTVSPost2010Prop41ColorIndex
 90
       18
102
RTVSPost2010Prop41ColorRGB
 90
        0
102
RTVSPost2010PropOp41
 70
     1
102
RTVSPost2010Prop42
 90
       50
102
RTVSPost2010PropOp42
 70
     1
102
RTVSPost2010Prop43
 90
        3
102
RTVSPost2010PropOp43
 70
     1
102
RTVSPost2010Prop44ColorIndex
 90
        5
102
RTVSPost2010Prop44ColorRGB
 90
      255
102
RTVSPost2010PropOp44
 70
     1
102
RTVSPost2010Prop45
280
     0
102
RTVSPost2010PropOp45
 70
     1
102
RTVSPost2010Prop46
 90
       50
102
RTVSPost2010PropOp46
 70
     1
102
RTVSPost2010Prop47
 90
       50
102
RTVSPost2010PropOp47
 70
     1
102
RTVSPost2010Prop48
 90
       50
102
RTVSPost2010PropOp48
 70
     1
102
RTVSPost2010Prop49
280
     0
102
RTVSPost2010PropOp49
 70
     1
102
RTVSPost2010Prop50
 90
       50
102
RTVSPost2010PropOp50
 70
     1
102
RTVSPost2010Prop51ColorIndex
 90
      256
102
RTVSPost2010Prop51ColorRGB
 90
-16777216
102
RTVSPost2010PropOp51
 70
     0
102
RTVSPost2010Prop52
140
1.0
102
RTVSPost2010PropOp52
 70
     0
102
RTVSPost2010Prop53
 90
        2
102
RTVSPost2010PropOp53
 70
     1
102
RTVSPost2010Prop54
  1
strokes_ogs.tif
102
RTVSPost2010PropOp54
 70
     1
102
RTVSPost2010Prop55
280
     0
102
RTVSPost2010PropOp55
 70
     1
102
RTVSPost2010Prop56
140
1.0
102
RTVSPost2010PropOp56
 70
     1
102
RTVSPost2010Prop57
140
1.0
102
RTVSPost2010PropOp57
 70
     1
  0
XRECORD
  5
102
102
{ACAD_REACTORS
330
101
102
}
330
101
100
AcDbXrecord
280
     1
102
RTVSPropertyOp0
 70
     1
102
RTVSPropertyOp1
 70
     1
102
RTVSPropertyOp2
 70
     1
102
RTVSPropertyOp3
 70
     1
102
RTVSPropertyOp4
 70
     1
102
RTVSPropertyOp5
 70
     1
102
RTVSPropertyOp6
 70
     1
102
RTVSPropertyOp7
 70
     1
102
RTVSPropertyOp8
 70
     1
102
RTVSPropertyOp9
 70
     1
102
RTVSPropertyOp10
 70
     1
102
RTVSPropertyOp11
 70
     1
102
RTVSPropertyOp12
 70
     1
102
RTVSPropertyOp13
 70
     1
102
RTVSPropertyOp14
 70
     1
102
RTVSPropertyOp15
 70
     1
102
RTVSPropertyOp16
 70
     1
102
RTVSPropertyOp17
 70
     1
102
RTVSPropertyOp18
 70
     1
102
RTVSPropertyOp19
 70
     1
102
RTVSPropertyOp20
 70
     1
102
RTVSPropertyOp21
 70
     1
102
RTVSPropertyOp22
 70
     1
102
RTVSPropertyOp23
 70
     1
102
RTVSPropertyOp24
 70
     1
102
RTVSPropertyOp25
 70
     1
102
RTVSPropertyOp26
 70
     1
102
RTVSPropertyOp27
 70
     1
102
RTVSPropertyOp28
 70
     1
102
RTVSPropertyOp29
 70
     1
102
RTVSPropertyOp30
 70
     1
102
RTVSPropertyOp31
 70
     1
102
RTVSPropertyOp32
 70
     1
102
RTVSPropertyOp33
 70
     1
102
RTVSPropertyOp34
 70
     1
102
RTVSPropertyOp35
 70
     1
102
RTVSPropertyOp36
 70
     1
102
RTVSPropertyOp37
 70
     1
102
RTVSPropertyOp38
 70
     1
102
RTVSPropertyOp39
 70
     1
102
RTVSPropertyOp40
 70
     1
102
RTVSPropertyOp41
 70
     1
102
RTVSPropertyOp42
 70
     1
102
RTVSPropertyOp43
 70
     1
102
RTVSPropertyOp44
 70
     1
102
RTVSPropertyOp45
 70
     1
102
RTVSPropertyOp46
 70
     1
102
RTVSPropertyOp47
 70
     1
102
RTVSPropertyOp48
 70
     1
102
RTVSPropertyOp49
 70
     1
102
RTVSPropertyOp50
 70
     1
102
RTVSPropertyOp51
 70
     0
102
RTVSPropertyOp52
 70
     0
102
RTVSPropertyOp53
 70
     1
102
RTVSPropertyOp54
 70
     1
102
RTVSPropertyOp55
 70
     1
102
RTVSPropertyOp56
 70
     1
102
RTVSPropertyOp57
 70
     1
102
RTVSPost2010Prop28
280
     0
102
RTVSPost2010PropOp28
 70
     1
102
RTVSPost2010Prop29
280
     1
102
RTVSPost2010PropOp29
 70
     1
102
RTVSPost2010Prop30
280
     1
102
RTVSPost2010PropOp30
 70
     1
102
RTVSPost2010Prop31
280
     0
102
RTVSPost2010PropOp31
 70
     1
102
RTVSPost2010Prop32
280
     0
102
RTVSPost2010PropOp32
 70
     1
102
RTVSPost2010Prop33
280
     0
102
RTVSPost2010PropOp33
 70
     1
102
RTVSPost2010Prop34
280
     0
102
RTVSPost2010PropOp34
 70
     1
102
RTVSPost2010Prop35
280
     0
102
RTVSPost2010PropOp35
 70
     1
102
RTVSPost2010Prop36
280
     0
102
RTVSPost2010PropOp36
 70
     1
102
RTVSPost2010Prop37
 90
       50
102
RTVSPost2010PropOp37
 70
     1
102
RTVSPost2010Prop38
140
0.0
102
RTVSPost2010PropOp38
 70
     1
102
RTVSPost2010Prop39
140
1.0
102
RTVSPost2010PropOp39
 70
     1
102
RTVSPost2010Prop40
 90
        0
102
RTVSPost2010PropOp40
 70
     1
102
RTVSPost2010Prop41ColorIndex
 90
       18
102
RTVSPost2010Prop41ColorRGB
 90
        0
102
RTVSPost2010PropOp41
 70
     1
102
RTVSPost2010Prop42
 90
       50
102
RTVSPost2010PropOp42
 70
     1
102
RTVSPost2010Prop43
 90
        3
102
RTVSPost2010PropOp43
 70
     1
102
RTVSPost2010Prop44ColorIndex
 90
        5
102
RTVSPost2010Prop44ColorRGB
 90
      255
102
RTVSPost2010PropOp44
 70
     1
102
RTVSPost2010Prop45
280
     0
102
RTVSPost2010PropOp45
 70
     1
102
RTVSPost2010Prop46
 90
       50
102
RTVSPost2010PropOp46
 70
     1
102
RTVSPost2010Prop47
 90
       50
102
RTVSPost2010PropOp47
 70
     1
102
RTVSPost2010Prop48
 90
       50
102
RTVSPost2010PropOp48
 70
     1
102
RTVSPost2010Prop49
280
     0
102
RTVSPost2010PropOp49
 70
     1
102
RTVSPost2010Prop50
 90
       50
102
RTVSPost2010PropOp50
 70
     1
102
RTVSPost2010Prop51ColorIndex
 90
      256
102
RTVSPost2010Prop51ColorRGB
 90
-16777216
102
RTVSPost2010PropOp51
 70
     0
102
RTVSPost2010Prop52
140
1.0
102
RTVSPost2010PropOp52
 70
     0
102
RTVSPost2010Prop53
 90
        2
102
RTVSPost2010PropOp53
 70
     1
102
RTVSPost2010Prop54
  1
strokes_ogs.tif
102
RTVSPost2010PropOp54
 70
     1
102
RTVSPost2010Prop55
280
     0
102
RTVSPost2010PropOp55
 70
     1
102
RTVSPost2010Prop56
140
1.0
102
RTVSPost2010PropOp56
 70
     1
102
RTVSPost2010Prop57
140
1.0
102
RTVSPost2010PropOp57
 70
     1
  0
XRECORD
  5
104
102
{ACAD_REACTORS
330
103
102
}
330
103
100
AcDbXrecord
280
     1
102
RTVSPropertyOp0
 70
     1
102
RTVSPropertyOp1
 70
     1
102
RTVSPropertyOp2
 70
     1
102
RTVSPropertyOp3
 70
     1
102
RTVSPropertyOp4
 70
     1
102
RTVSPropertyOp5
 70
     1
102
RTVSPropertyOp6
 70
     1
102
RTVSPropertyOp7
 70
     1
102
RTVSPropertyOp8
 70
     1
102
RTVSPropertyOp9
 70
     1
102
RTVSPropertyOp10
 70
     1
102
RTVSPropertyOp11
 70
     1
102
RTVSPropertyOp12
 70
     1
102
RTVSPropertyOp13
 70
     1
102
RTVSPropertyOp14
 70
     1
102
RTVSPropertyOp15
 70
     1
102
RTVSPropertyOp16
 70
     1
102
RTVSPropertyOp17
 70
     1
102
RTVSPropertyOp18
 70
     1
102
RTVSPropertyOp19
 70
     1
102
RTVSPropertyOp20
 70
     1
102
RTVSPropertyOp21
 70
     1
102
RTVSPropertyOp22
 70
     1
102
RTVSPropertyOp23
 70
     1
102
RTVSPropertyOp24
 70
     1
102
RTVSPropertyOp25
 70
     1
102
RTVSPropertyOp26
 70
     1
102
RTVSPropertyOp27
 70
     1
102
RTVSPropertyOp28
 70
     1
102
RTVSPropertyOp29
 70
     1
102
RTVSPropertyOp30
 70
     1
102
RTVSPropertyOp31
 70
     1
102
RTVSPropertyOp32
 70
     1
102
RTVSPropertyOp33
 70
     1
102
RTVSPropertyOp34
 70
     1
102
RTVSPropertyOp35
 70
     1
102
RTVSPropertyOp36
 70
     1
102
RTVSPropertyOp37
 70
     1
102
RTVSPropertyOp38
 70
     1
102
RTVSPropertyOp39
 70
     1
102
RTVSPropertyOp40
 70
     1
102
RTVSPropertyOp41
 70
     1
102
RTVSPropertyOp42
 70
     1
102
RTVSPropertyOp43
 70
     1
102
RTVSPropertyOp44
 70
     1
102
RTVSPropertyOp45
 70
     1
102
RTVSPropertyOp46
 70
     1
102
RTVSPropertyOp47
 70
     1
102
RTVSPropertyOp48
 70
     1
102
RTVSPropertyOp49
 70
     1
102
RTVSPropertyOp50
 70
     1
102
RTVSPropertyOp51
 70
     0
102
RTVSPropertyOp52
 70
     0
102
RTVSPropertyOp53
 70
     1
102
RTVSPropertyOp54
 70
     1
102
RTVSPropertyOp55
 70
     1
102
RTVSPropertyOp56
 70
     1
102
RTVSPropertyOp57
 70
     1
102
RTVSPost2010Prop28
280
     0
102
RTVSPost2010PropOp28
 70
     1
102
RTVSPost2010Prop29
280
     1
102
RTVSPost2010PropOp29
 70
     1
102
RTVSPost2010Prop30
280
     1
102
RTVSPost2010PropOp30
 70
     1
102
RTVSPost2010Prop31
280
     0
102
RTVSPost2010PropOp31
 70
     1
102
RTVSPost2010Prop32
280
     0
102
RTVSPost2010PropOp32
 70
     1
102
RTVSPost2010Prop33
280
     0
102
RTVSPost2010PropOp33
 70
     1
102
RTVSPost2010Prop34
280
     0
102
RTVSPost2010PropOp34
 70
     1
102
RTVSPost2010Prop35
280
     0
102
RTVSPost2010PropOp35
 70
     1
102
RTVSPost2010Prop36
280
     0
102
RTVSPost2010PropOp36
 70
     1
102
RTVSPost2010Prop37
 90
       50
102
RTVSPost2010PropOp37
 70
     1
102
RTVSPost2010Prop38
140
0.0
102
RTVSPost2010PropOp38
 70
     1
102
RTVSPost2010Prop39
140
1.0
102
RTVSPost2010PropOp39
 70
     1
102
RTVSPost2010Prop40
 90
        0
102
RTVSPost2010PropOp40
 70
     1
102
RTVSPost2010Prop41ColorIndex
 90
       18
102
RTVSPost2010Prop41ColorRGB
 90
        0
102
RTVSPost2010PropOp41
 70
     1
102
RTVSPost2010Prop42
 90
       50
102
RTVSPost2010PropOp42
 70
     1
102
RTVSPost2010Prop43
 90
        3
102
RTVSPost2010PropOp43
 70
     1
102
RTVSPost2010Prop44ColorIndex
 90
        5
102
RTVSPost2010Prop44ColorRGB
 90
      255
102
RTVSPost2010PropOp44
 70
     1
102
RTVSPost2010Prop45
280
     0
102
RTVSPost2010PropOp45
 70
     1
102
RTVSPost2010Prop46
 90
       50
102
RTVSPost2010PropOp46
 70
     1
102
RTVSPost2010Prop47
 90
       50
102
RTVSPost2010PropOp47
 70
     1
102
RTVSPost2010Prop48
 90
       50
102
RTVSPost2010PropOp48
 70
     1
102
RTVSPost2010Prop49
280
     0
102
RTVSPost2010PropOp49
 70
     1
102
RTVSPost2010Prop50
 90
       50
102
RTVSPost2010PropOp50
 70
     1
102
RTVSPost2010Prop51ColorIndex
 90
      256
102
RTVSPost2010Prop51ColorRGB
 90
-16777216
102
RTVSPost2010PropOp51
 70
     0
102
RTVSPost2010Prop52
140
1.0
102
RTVSPost2010PropOp52
 70
     0
102
RTVSPost2010Prop53
 90
        2
102
RTVSPost2010PropOp53
 70
     1
102
RTVSPost2010Prop54
  1
strokes_ogs.tif
102
RTVSPost2010PropOp54
 70
     1
102
RTVSPost2010Prop55
280
     0
102
RTVSPost2010PropOp55
 70
     1
102
RTVSPost2010Prop56
140
1.0
102
RTVSPost2010PropOp56
 70
     1
102
RTVSPost2010Prop57
140
1.0
102
RTVSPost2010PropOp57
 70
     1
  0
XRECORD
  5
106
102
{ACAD_REACTORS
330
105
102
}
330
105
100
AcDbXrecord
280
     1
102
RTVSPropertyOp0
 70
     1
102
RTVSPropertyOp1
 70
     1
102
RTVSPropertyOp2
 70
     1
102
RTVSPropertyOp3
 70
     1
102
RTVSPropertyOp4
 70
     1
102
RTVSPropertyOp5
 70
     1
102
RTVSPropertyOp6
 70
     1
102
RTVSPropertyOp7
 70
     1
102
RTVSPropertyOp8
 70
     1
102
RTVSPropertyOp9
 70
     1
102
RTVSPropertyOp10
 70
     1
102
RTVSPropertyOp11
 70
     1
102
RTVSPropertyOp12
 70
     1
102
RTVSPropertyOp13
 70
     1
102
RTVSPropertyOp14
 70
     1
102
RTVSPropertyOp15
 70
     1
102
RTVSPropertyOp16
 70
     1
102
RTVSPropertyOp17
 70
     1
102
RTVSPropertyOp18
 70
     1
102
RTVSPropertyOp19
 70
     1
102
RTVSPropertyOp20
 70
     1
102
RTVSPropertyOp21
 70
     1
102
RTVSPropertyOp22
 70
     1
102
RTVSPropertyOp23
 70
     1
102
RTVSPropertyOp24
 70
     1
102
RTVSPropertyOp25
 70
     1
102
RTVSPropertyOp26
 70
     1
102
RTVSPropertyOp27
 70
     1
102
RTVSPropertyOp28
 70
     1
102
RTVSPropertyOp29
 70
     1
102
RTVSPropertyOp30
 70
     1
102
RTVSPropertyOp31
 70
     1
102
RTVSPropertyOp32
 70
     1
102
RTVSPropertyOp33
 70
     1
102
RTVSPropertyOp34
 70
     1
102
RTVSPropertyOp35
 70
     1
102
RTVSPropertyOp36
 70
     1
102
RTVSPropertyOp37
 70
     1
102
RTVSPropertyOp38
 70
     1
102
RTVSPropertyOp39
 70
     1
102
RTVSPropertyOp40
 70
     1
102
RTVSPropertyOp41
 70
     1
102
RTVSPropertyOp42
 70
     1
102
RTVSPropertyOp43
 70
     1
102
RTVSPropertyOp44
 70
     1
102
RTVSPropertyOp45
 70
     1
102
RTVSPropertyOp46
 70
     1
102
RTVSPropertyOp47
 70
     1
102
RTVSPropertyOp48
 70
     1
102
RTVSPropertyOp49
 70
     1
102
RTVSPropertyOp50
 70
     1
102
RTVSPropertyOp51
 70
     0
102
RTVSPropertyOp52
 70
     0
102
RTVSPropertyOp53
 70
     1
102
RTVSPropertyOp54
 70
     1
102
RTVSPropertyOp55
 70
     1
102
RTVSPropertyOp56
 70
     1
102
RTVSPropertyOp57
 70
     1
102
RTVSPost2010Prop28
280
     0
102
RTVSPost2010PropOp28
 70
     1
102
RTVSPost2010Prop29
280
     1
102
RTVSPost2010PropOp29
 70
     1
102
RTVSPost2010Prop30
280
     1
102
RTVSPost2010PropOp30
 70
     1
102
RTVSPost2010Prop31
280
     0
102
RTVSPost2010PropOp31
 70
     1
102
RTVSPost2010Prop32
280
     0
102
RTVSPost2010PropOp32
 70
     1
102
RTVSPost2010Prop33
280
     0
102
RTVSPost2010PropOp33
 70
     1
102
RTVSPost2010Prop34
280
     0
102
RTVSPost2010PropOp34
 70
     1
102
RTVSPost2010Prop35
280
     0
102
RTVSPost2010PropOp35
 70
     1
102
RTVSPost2010Prop36
280
     0
102
RTVSPost2010PropOp36
 70
     1
102
RTVSPost2010Prop37
 90
       50
102
RTVSPost2010PropOp37
 70
     1
102
RTVSPost2010Prop38
140
0.0
102
RTVSPost2010PropOp38
 70
     1
102
RTVSPost2010Prop39
140
1.0
102
RTVSPost2010PropOp39
 70
     1
102
RTVSPost2010Prop40
 90
        0
102
RTVSPost2010PropOp40
 70
     1
102
RTVSPost2010Prop41ColorIndex
 90
       18
102
RTVSPost2010Prop41ColorRGB
 90
        0
102
RTVSPost2010PropOp41
 70
     1
102
RTVSPost2010Prop42
 90
       50
102
RTVSPost2010PropOp42
 70
     1
102
RTVSPost2010Prop43
 90
        3
102
RTVSPost2010PropOp43
 70
     1
102
RTVSPost2010Prop44ColorIndex
 90
        5
102
RTVSPost2010Prop44ColorRGB
 90
      255
102
RTVSPost2010PropOp44
 70
     1
102
RTVSPost2010Prop45
280
     0
102
RTVSPost2010PropOp45
 70
     1
102
RTVSPost2010Prop46
 90
       50
102
RTVSPost2010PropOp46
 70
     1
102
RTVSPost2010Prop47
 90
       50
102
RTVSPost2010PropOp47
 70
     1
102
RTVSPost2010Prop48
 90
       50
102
RTVSPost2010PropOp48
 70
     1
102
RTVSPost2010Prop49
280
     0
102
RTVSPost2010PropOp49
 70
     1
102
RTVSPost2010Prop50
 90
       50
102
RTVSPost2010PropOp50
 70
     1
102
RTVSPost2010Prop51ColorIndex
 90
      256
102
RTVSPost2010Prop51ColorRGB
 90
-16777216
102
RTVSPost2010PropOp51
 70
     0
102
RTVSPost2010Prop52
140
1.0
102
RTVSPost2010PropOp52
 70
     0
102
RTVSPost2010Prop53
 90
        2
102
RTVSPost2010PropOp53
 70
     1
102
RTVSPost2010Prop54
  1
strokes_ogs.tif
102
RTVSPost2010PropOp54
 70
     1
102
RTVSPost2010Prop55
280
     0
102
RTVSPost2010PropOp55
 70
     1
102
RTVSPost2010Prop56
140
1.0
102
RTVSPost2010PropOp56
 70
     1
102
RTVSPost2010Prop57
140
1.0
102
RTVSPost2010PropOp57
 70
     1
  0
XRECORD
  5
108
102
{ACAD_REACTORS
330
107
102
}
330
107
100
AcDbXrecord
280
     1
102
RTVSPropertyOp0
 70
     1
102
RTVSPropertyOp1
 70
     1
102
RTVSPropertyOp2
 70
     1
102
RTVSPropertyOp3
 70
     1
102
RTVSPropertyOp4
 70
     1
102
RTVSPropertyOp5
 70
     1
102
RTVSPropertyOp6
 70
     1
102
RTVSPropertyOp7
 70
     1
102
RTVSPropertyOp8
 70
     1
102
RTVSPropertyOp9
 70
     1
102
RTVSPropertyOp10
 70
     1
102
RTVSPropertyOp11
 70
     1
102
RTVSPropertyOp12
 70
     1
102
RTVSPropertyOp13
 70
     1
102
RTVSPropertyOp14
 70
     1
102
RTVSPropertyOp15
 70
     1
102
RTVSPropertyOp16
 70
     1
102
RTVSPropertyOp17
 70
     1
102
RTVSPropertyOp18
 70
     1
102
RTVSPropertyOp19
 70
     1
102
RTVSPropertyOp20
 70
     1
102
RTVSPropertyOp21
 70
     1
102
RTVSPropertyOp22
 70
     1
102
RTVSPropertyOp23
 70
     1
102
RTVSPropertyOp24
 70
     1
102
RTVSPropertyOp25
 70
     1
102
RTVSPropertyOp26
 70
     1
102
RTVSPropertyOp27
 70
     1
102
RTVSPropertyOp28
 70
     1
102
RTVSPropertyOp29
 70
     1
102
RTVSPropertyOp30
 70
     1
102
RTVSPropertyOp31
 70
     1
102
RTVSPropertyOp32
 70
     1
102
RTVSPropertyOp33
 70
     1
102
RTVSPropertyOp34
 70
     1
102
RTVSPropertyOp35
 70
     1
102
RTVSPropertyOp36
 70
     1
102
RTVSPropertyOp37
 70
     1
102
RTVSPropertyOp38
 70
     1
102
RTVSPropertyOp39
 70
     1
102
RTVSPropertyOp40
 70
     1
102
RTVSPropertyOp41
 70
     1
102
RTVSPropertyOp42
 70
     1
102
RTVSPropertyOp43
 70
     1
102
RTVSPropertyOp44
 70
     1
102
RTVSPropertyOp45
 70
     1
102
RTVSPropertyOp46
 70
     1
102
RTVSPropertyOp47
 70
     1
102
RTVSPropertyOp48
 70
     1
102
RTVSPropertyOp49
 70
     1
102
RTVSPropertyOp50
 70
     1
102
RTVSPropertyOp51
 70
     0
102
RTVSPropertyOp52
 70
     0
102
RTVSPropertyOp53
 70
     1
102
RTVSPropertyOp54
 70
     1
102
RTVSPropertyOp55
 70
     1
102
RTVSPropertyOp56
 70
     1
102
RTVSPropertyOp57
 70
     1
102
RTVSPost2010Prop28
280
     0
102
RTVSPost2010PropOp28
 70
     1
102
RTVSPost2010Prop29
280
     1
102
RTVSPost2010PropOp29
 70
     1
102
RTVSPost2010Prop30
280
     1
102
RTVSPost2010PropOp30
 70
     1
102
RTVSPost2010Prop31
280
     0
102
RTVSPost2010PropOp31
 70
     1
102
RTVSPost2010Prop32
280
     0
102
RTVSPost2010PropOp32
 70
     1
102
RTVSPost2010Prop33
280
     0
102
RTVSPost2010PropOp33
 70
     1
102
RTVSPost2010Prop34
280
     0
102
RTVSPost2010PropOp34
 70
     1
102
RTVSPost2010Prop35
280
     0
102
RTVSPost2010PropOp35
 70
     1
102
RTVSPost2010Prop36
280
     0
102
RTVSPost2010PropOp36
 70
     1
102
RTVSPost2010Prop37
 90
       50
102
RTVSPost2010PropOp37
 70
     1
102
RTVSPost2010Prop38
140
0.0
102
RTVSPost2010PropOp38
 70
     1
102
RTVSPost2010Prop39
140
1.0
102
RTVSPost2010PropOp39
 70
     1
102
RTVSPost2010Prop40
 90
        0
102
RTVSPost2010PropOp40
 70
     1
102
RTVSPost2010Prop41ColorIndex
 90
       18
102
RTVSPost2010Prop41ColorRGB
 90
        0
102
RTVSPost2010PropOp41
 70
     1
102
RTVSPost2010Prop42
 90
       50
102
RTVSPost2010PropOp42
 70
     1
102
RTVSPost2010Prop43
 90
        3
102
RTVSPost2010PropOp43
 70
     1
102
RTVSPost2010Prop44ColorIndex
 90
        5
102
RTVSPost2010Prop44ColorRGB
 90
      255
102
RTVSPost2010PropOp44
 70
     1
102
RTVSPost2010Prop45
280
     0
102
RTVSPost2010PropOp45
 70
     1
102
RTVSPost2010Prop46
 90
       50
102
RTVSPost2010PropOp46
 70
     1
102
RTVSPost2010Prop47
 90
       50
102
RTVSPost2010PropOp47
 70
     1
102
RTVSPost2010Prop48
 90
       50
102
RTVSPost2010PropOp48
 70
     1
102
RTVSPost2010Prop49
280
     0
102
RTVSPost2010PropOp49
 70
     1
102
RTVSPost2010Prop50
 90
       50
102
RTVSPost2010PropOp50
 70
     1
102
RTVSPost2010Prop51ColorIndex
 90
      256
102
RTVSPost2010Prop51ColorRGB
 90
-16777216
102
RTVSPost2010PropOp51
 70
     0
102
RTVSPost2010Prop52
140
1.0
102
RTVSPost2010PropOp52
 70
     0
102
RTVSPost2010Prop53
 90
        2
102
RTVSPost2010PropOp53
 70
     1
102
RTVSPost2010Prop54
  1
strokes_ogs.tif
102
RTVSPost2010PropOp54
 70
     1
102
RTVSPost2010Prop55
280
     0
102
RTVSPost2010PropOp55
 70
     1
102
RTVSPost2010Prop56
140
1.0
102
RTVSPost2010PropOp56
 70
     1
102
RTVSPost2010Prop57
140
1.0
102
RTVSPost2010PropOp57
 70
     1
  0
XRECORD
  5
10E
102
{ACAD_REACTORS
330
10D
102
}
330
10D
100
AcDbXrecord
280
     1
102
RTVSPropertyOp0
 70
     1
102
RTVSPropertyOp1
 70
     1
102
RTVSPropertyOp2
 70
     1
102
RTVSPropertyOp3
 70
     1
102
RTVSPropertyOp4
 70
     1
102
RTVSPropertyOp5
 70
     1
102
RTVSPropertyOp6
 70
     1
102
RTVSPropertyOp7
 70
     1
102
RTVSPropertyOp8
 70
     1
102
RTVSPropertyOp9
 70
     1
102
RTVSPropertyOp10
 70
     1
102
RTVSPropertyOp11
 70
     1
102
RTVSPropertyOp12
 70
     1
102
RTVSPropertyOp13
 70
     1
102
RTVSPropertyOp14
 70
     1
102
RTVSPropertyOp15
 70
     1
102
RTVSPropertyOp16
 70
     1
102
RTVSPropertyOp17
 70
     1
102
RTVSPropertyOp18
 70
     1
102
RTVSPropertyOp19
 70
     1
102
RTVSPropertyOp20
 70
     1
102
RTVSPropertyOp21
 70
     1
102
RTVSPropertyOp22
 70
     1
102
RTVSPropertyOp23
 70
     1
102
RTVSPropertyOp24
 70
     1
102
RTVSPropertyOp25
 70
     1
102
RTVSPropertyOp26
 70
     1
102
RTVSPropertyOp27
 70
     1
102
RTVSPropertyOp28
 70
     1
102
RTVSPropertyOp29
 70
     1
102
RTVSPropertyOp30
 70
     1
102
RTVSPropertyOp31
 70
     1
102
RTVSPropertyOp32
 70
     1
102
RTVSPropertyOp33
 70
     1
102
RTVSPropertyOp34
 70
     1
102
RTVSPropertyOp35
 70
     1
102
RTVSPropertyOp36
 70
     1
102
RTVSPropertyOp37
 70
     1
102
RTVSPropertyOp38
 70
     1
102
RTVSPropertyOp39
 70
     1
102
RTVSPropertyOp40
 70
     1
102
RTVSPropertyOp41
 70
     1
102
RTVSPropertyOp42
 70
     1
102
RTVSPropertyOp43
 70
     1
102
RTVSPropertyOp44
 70
     1
102
RTVSPropertyOp45
 70
     1
102
RTVSPropertyOp46
 70
     1
102
RTVSPropertyOp47
 70
     1
102
RTVSPropertyOp48
 70
     1
102
RTVSPropertyOp49
 70
     1
102
RTVSPropertyOp50
 70
     1
102
RTVSPropertyOp51
 70
     0
102
RTVSPropertyOp52
 70
     0
102
RTVSPropertyOp53
 70
     1
102
RTVSPropertyOp54
 70
     1
102
RTVSPropertyOp55
 70
     1
102
RTVSPropertyOp56
 70
     1
102
RTVSPropertyOp57
 70
     1
102
RTVSPost2010Prop28
280
     0
102
RTVSPost2010PropOp28
 70
     1
102
RTVSPost2010Prop29
280
     1
102
RTVSPost2010PropOp29
 70
     1
102
RTVSPost2010Prop30
280
     1
102
RTVSPost2010PropOp30
 70
     1
102
RTVSPost2010Prop31
280
     0
102
RTVSPost2010PropOp31
 70
     1
102
RTVSPost2010Prop32
280
     0
102
RTVSPost2010PropOp32
 70
     1
102
RTVSPost2010Prop33
280
     0
102
RTVSPost2010PropOp33
 70
     1
102
RTVSPost2010Prop34
280
     0
102
RTVSPost2010PropOp34
 70
     1
102
RTVSPost2010Prop35
280
     0
102
RTVSPost2010PropOp35
 70
     1
102
RTVSPost2010Prop36
280
     0
102
RTVSPost2010PropOp36
 70
     1
102
RTVSPost2010Prop37
 90
       50
102
RTVSPost2010PropOp37
 70
     1
102
RTVSPost2010Prop38
140
0.0
102
RTVSPost2010PropOp38
 70
     1
102
RTVSPost2010Prop39
140
1.0
102
RTVSPost2010PropOp39
 70
     1
102
RTVSPost2010Prop40
 90
        0
102
RTVSPost2010PropOp40
 70
     1
102
RTVSPost2010Prop41ColorIndex
 90
       18
102
RTVSPost2010Prop41ColorRGB
 90
        0
102
RTVSPost2010PropOp41
 70
     1
102
RTVSPost2010Prop42
 90
       50
102
RTVSPost2010PropOp42
 70
     1
102
RTVSPost2010Prop43
 90
        3
102
RTVSPost2010PropOp43
 70
     1
102
RTVSPost2010Prop44ColorIndex
 90
        5
102
RTVSPost2010Prop44ColorRGB
 90
      255
102
RTVSPost2010PropOp44
 70
     1
102
RTVSPost2010Prop45
280
     0
102
RTVSPost2010PropOp45
 70
     1
102
RTVSPost2010Prop46
 90
       50
102
RTVSPost2010PropOp46
 70
     1
102
RTVSPost2010Prop47
 90
       50
102
RTVSPost2010PropOp47
 70
     1
102
RTVSPost2010Prop48
 90
       50
102
RTVSPost2010PropOp48
 70
     1
102
RTVSPost2010Prop49
280
     0
102
RTVSPost2010PropOp49
 70
     1
102
RTVSPost2010Prop50
 90
       50
102
RTVSPost2010PropOp50
 70
     1
102
RTVSPost2010Prop51ColorIndex
 90
      256
102
RTVSPost2010Prop51ColorRGB
 90
-16777216
102
RTVSPost2010PropOp51
 70
     0
102
RTVSPost2010Prop52
140
1.0
102
RTVSPost2010PropOp52
 70
     0
102
RTVSPost2010Prop53
 90
        2
102
RTVSPost2010PropOp53
 70
     1
102
RTVSPost2010Prop54
  1
strokes_ogs.tif
102
RTVSPost2010PropOp54
 70
     1
102
RTVSPost2010Prop55
280
     0
102
RTVSPost2010PropOp55
 70
     1
102
RTVSPost2010Prop56
140
1.0
102
RTVSPost2010PropOp56
 70
     1
102
RTVSPost2010Prop57
140
1.0
102
RTVSPost2010PropOp57
 70
     1
  0
XRECORD
  5
122
102
{ACAD_REACTORS
330
121
102
}
330
121
100
AcDbXrecord
280
     1
102
RTVSPropertyOp0
 70
     0
102
RTVSPropertyOp1
 70
     0
102
RTVSPropertyOp2
 70
     0
102
RTVSPropertyOp3
 70
     0
102
RTVSPropertyOp4
 70
     0
102
RTVSPropertyOp5
 70
     0
102
RTVSPropertyOp6
 70
     0
102
RTVSPropertyOp7
 70
     0
102
RTVSPropertyOp8
 70
     0
102
RTVSPropertyOp9
 70
     0
102
RTVSPropertyOp10
 70
     0
102
RTVSPropertyOp11
 70
     0
102
RTVSPropertyOp12
 70
     0
102
RTVSPropertyOp13
 70
     0
102
RTVSPropertyOp14
 70
     2
102
RTVSPropertyOp15
 70
     0
102
RTVSPropertyOp16
 70
     0
102
RTVSPropertyOp17
 70
     0
102
RTVSPropertyOp18
 70
     0
102
RTVSPropertyOp19
 70
     0
102
RTVSPropertyOp20
 70
     0
102
RTVSPropertyOp21
 70
     0
102
RTVSPropertyOp22
 70
     0
102
RTVSPropertyOp23
 70
     0
102
RTVSPropertyOp24
 70
     0
102
RTVSPropertyOp25
 70
     0
102
RTVSPropertyOp26
 70
     0
102
RTVSPropertyOp27
 70
     0
102
RTVSPropertyOp28
 70
     0
102
RTVSPropertyOp29
 70
     0
102
RTVSPropertyOp30
 70
     0
102
RTVSPropertyOp31
 70
     0
102
RTVSPropertyOp32
 70
     0
102
RTVSPropertyOp33
 70
     0
102
RTVSPropertyOp34
 70
     0
102
RTVSPropertyOp35
 70
     0
102
RTVSPropertyOp36
 70
     0
102
RTVSPropertyOp37
 70
     0
102
RTVSPropertyOp38
 70
     0
102
RTVSPropertyOp39
 70
     0
102
RTVSPropertyOp40
 70
     0
102
RTVSPropertyOp41
 70
     0
102
RTVSPropertyOp42
 70
     0
102
RTVSPropertyOp43
 70
     0
102
RTVSPropertyOp44
 70
     0
102
RTVSPropertyOp45
 70
     0
102
RTVSPropertyOp46
 70
     0
102
RTVSPropertyOp47
 70
     0
102
RTVSPropertyOp48
 70
     0
102
RTVSPropertyOp49
 70
     0
102
RTVSPropertyOp50
 70
     0
102
RTVSPropertyOp51
 70
     0
102
RTVSPropertyOp52
 70
     0
102
RTVSPropertyOp53
 70
     0
102
RTVSPropertyOp54
 70
     0
102
RTVSPropertyOp55
 70
     0
102
RTVSPropertyOp56
 70
     0
102
RTVSPropertyOp57
 70
     0
102
RTVSPost2010Prop28
280
     0
102
RTVSPost2010PropOp28
 70
     0
102
RTVSPost2010Prop29
280
     1
102
RTVSPost2010PropOp29
 70
     0
102
RTVSPost2010Prop30
280
     1
102
RTVSPost2010PropOp30
 70
     0
102
RTVSPost2010Prop31
280
     0
102
RTVSPost2010PropOp31
 70
     0
102
RTVSPost2010Prop32
280
     0
102
RTVSPost2010PropOp32
 70
     0
102
RTVSPost2010Prop33
280
     0
102
RTVSPost2010PropOp33
 70
     0
102
RTVSPost2010Prop34
280
     0
102
RTVSPost2010PropOp34
 70
     0
102
RTVSPost2010Prop35
280
     0
102
RTVSPost2010PropOp35
 70
     0
102
RTVSPost2010Prop36
280
     0
102
RTVSPost2010PropOp36
 70
     0
102
RTVSPost2010Prop37
 90
       50
102
RTVSPost2010PropOp37
 70
     0
102
RTVSPost2010Prop38
140
0.0
102
RTVSPost2010PropOp38
 70
     0
102
RTVSPost2010Prop39
140
1.0
102
RTVSPost2010PropOp39
 70
     0
102
RTVSPost2010Prop40
 90
        0
102
RTVSPost2010PropOp40
 70
     0
102
RTVSPost2010Prop41ColorIndex
 90
       18
102
RTVSPost2010Prop41ColorRGB
 90
        0
102
RTVSPost2010PropOp41
 70
     0
102
RTVSPost2010Prop42
 90
       50
102
RTVSPost2010PropOp42
 70
     0
102
RTVSPost2010Prop43
 90
        3
102
RTVSPost2010PropOp43
 70
     0
102
RTVSPost2010Prop44ColorIndex
 90
        5
102
RTVSPost2010Prop44ColorRGB
 90
      255
102
RTVSPost2010PropOp44
 70
     0
102
RTVSPost2010Prop45
280
     0
102
RTVSPost2010PropOp45
 70
     0
102
RTVSPost2010Prop46
 90
       50
102
RTVSPost2010PropOp46
 70
     0
102
RTVSPost2010Prop47
 90
       50
102
RTVSPost2010PropOp47
 70
     0
102
RTVSPost2010Prop48
 90
       50
102
RTVSPost2010PropOp48
 70
     0
102
RTVSPost2010Prop49
280
     0
102
RTVSPost2010PropOp49
 70
     0
102
RTVSPost2010Prop50
 90
       50
102
RTVSPost2010PropOp50
 70
     0
102
RTVSPost2010Prop51ColorIndex
 90
      256
102
RTVSPost2010Prop51ColorRGB
 90
-16777216
102
RTVSPost2010PropOp51
 70
     0
102
RTVSPost2010Prop52
140
1.0
102
RTVSPost2010PropOp52
 70
     0
102
RTVSPost2010Prop53
 90
        2
102
RTVSPost2010PropOp53
 70
     0
102
RTVSPost2010Prop54
  1
strokes_ogs.tif
102
RTVSPost2010PropOp54
 70
     0
102
RTVSPost2010Prop55
280
     0
102
RTVSPost2010PropOp55
 70
     0
102
RTVSPost2010Prop56
140
1.0
102
RTVSPost2010PropOp56
 70
     0
102
RTVSPost2010Prop57
140
1.0
102
RTVSPost2010PropOp57
 70
     0
  0
XRECORD
  5
11C
102
{ACAD_REACTORS
330
11B
102
}
330
11B
100
AcDbXrecord
280
     1
102
RTVSPropertyOp0
 70
     1
102
RTVSPropertyOp1
 70
     1
102
RTVSPropertyOp2
 70
     1
102
RTVSPropertyOp3
 70
     1
102
RTVSPropertyOp4
 70
     1
102
RTVSPropertyOp5
 70
     1
102
RTVSPropertyOp6
 70
     1
102
RTVSPropertyOp7
 70
     1
102
RTVSPropertyOp8
 70
     1
102
RTVSPropertyOp9
 70
     1
102
RTVSPropertyOp10
 70
     1
102
RTVSPropertyOp11
 70
     1
102
RTVSPropertyOp12
 70
     1
102
RTVSPropertyOp13
 70
     1
102
RTVSPropertyOp14
 70
     1
102
RTVSPropertyOp15
 70
     1
102
RTVSPropertyOp16
 70
     1
102
RTVSPropertyOp17
 70
     1
102
RTVSPropertyOp18
 70
     1
102
RTVSPropertyOp19
 70
     1
102
RTVSPropertyOp20
 70
     1
102
RTVSPropertyOp21
 70
     1
102
RTVSPropertyOp22
 70
     1
102
RTVSPropertyOp23
 70
     1
102
RTVSPropertyOp24
 70
     1
102
RTVSPropertyOp25
 70
     1
102
RTVSPropertyOp26
 70
     1
102
RTVSPropertyOp27
 70
     1
102
RTVSPropertyOp28
 70
     1
102
RTVSPropertyOp29
 70
     1
102
RTVSPropertyOp30
 70
     1
102
RTVSPropertyOp31
 70
     1
102
RTVSPropertyOp32
 70
     1
102
RTVSPropertyOp33
 70
     1
102
RTVSPropertyOp34
 70
     1
102
RTVSPropertyOp35
 70
     1
102
RTVSPropertyOp36
 70
     1
102
RTVSPropertyOp37
 70
     1
102
RTVSPropertyOp38
 70
     1
102
RTVSPropertyOp39
 70
     1
102
RTVSPropertyOp40
 70
     1
102
RTVSPropertyOp41
 70
     1
102
RTVSPropertyOp42
 70
     1
102
RTVSPropertyOp43
 70
     1
102
RTVSPropertyOp44
 70
     1
102
RTVSPropertyOp45
 70
     1
102
RTVSPropertyOp46
 70
     1
102
RTVSPropertyOp47
 70
     1
102
RTVSPropertyOp48
 70
     1
102
RTVSPropertyOp49
 70
     1
102
RTVSPropertyOp50
 70
     1
102
RTVSPropertyOp51
 70
     0
102
RTVSPropertyOp52
 70
     0
102
RTVSPropertyOp53
 70
     1
102
RTVSPropertyOp54
 70
     1
102
RTVSPropertyOp55
 70
     1
102
RTVSPropertyOp56
 70
     1
102
RTVSPropertyOp57
 70
     1
102
RTVSPost2010Prop28
280
     0
102
RTVSPost2010PropOp28
 70
     1
102
RTVSPost2010Prop29
280
     1
102
RTVSPost2010PropOp29
 70
     1
102
RTVSPost2010Prop30
280
     1
102
RTVSPost2010PropOp30
 70
     1
102
RTVSPost2010Prop31
280
     0
102
RTVSPost2010PropOp31
 70
     1
102
RTVSPost2010Prop32
280
     0
102
RTVSPost2010PropOp32
 70
     1
102
RTVSPost2010Prop33
280
     0
102
RTVSPost2010PropOp33
 70
     1
102
RTVSPost2010Prop34
280
     0
102
RTVSPost2010PropOp34
 70
     1
102
RTVSPost2010Prop35
280
     0
102
RTVSPost2010PropOp35
 70
     1
102
RTVSPost2010Prop36
280
     0
102
RTVSPost2010PropOp36
 70
     1
102
RTVSPost2010Prop37
 90
       50
102
RTVSPost2010PropOp37
 70
     1
102
RTVSPost2010Prop38
140
0.0
102
RTVSPost2010PropOp38
 70
     1
102
RTVSPost2010Prop39
140
1.0
102
RTVSPost2010PropOp39
 70
     1
102
RTVSPost2010Prop40
 90
        0
102
RTVSPost2010PropOp40
 70
     1
102
RTVSPost2010Prop41ColorIndex
 90
       18
102
RTVSPost2010Prop41ColorRGB
 90
        0
102
RTVSPost2010PropOp41
 70
     1
102
RTVSPost2010Prop42
 90
       50
102
RTVSPost2010PropOp42
 70
     1
102
RTVSPost2010Prop43
 90
        3
102
RTVSPost2010PropOp43
 70
     1
102
RTVSPost2010Prop44ColorIndex
 90
        5
102
RTVSPost2010Prop44ColorRGB
 90
      255
102
RTVSPost2010PropOp44
 70
     1
102
RTVSPost2010Prop45
280
     0
102
RTVSPost2010PropOp45
 70
     1
102
RTVSPost2010Prop46
 90
       50
102
RTVSPost2010PropOp46
 70
     1
102
RTVSPost2010Prop47
 90
       50
102
RTVSPost2010PropOp47
 70
     1
102
RTVSPost2010Prop48
 90
       50
102
RTVSPost2010PropOp48
 70
     1
102
RTVSPost2010Prop49
280
     0
102
RTVSPost2010PropOp49
 70
     1
102
RTVSPost2010Prop50
 90
       50
102
RTVSPost2010PropOp50
 70
     1
102
RTVSPost2010Prop51ColorIndex
 90
      256
102
RTVSPost2010Prop51ColorRGB
 90
-16777216
102
RTVSPost2010PropOp51
 70
     0
102
RTVSPost2010Prop52
140
1.0
102
RTVSPost2010PropOp52
 70
     0
102
RTVSPost2010Prop53
 90
        2
102
RTVSPost2010PropOp53
 70
     1
102
RTVSPost2010Prop54
  1
strokes_ogs.tif
102
RTVSPost2010PropOp54
 70
     1
102
RTVSPost2010Prop55
280
     0
102
RTVSPost2010PropOp55
 70
     1
102
RTVSPost2010Prop56
140
1.0
102
RTVSPost2010PropOp56
 70
     1
102
RTVSPost2010Prop57
140
1.0
102
RTVSPost2010PropOp57
 70
     1
  0
XRECORD
  5
124
102
{ACAD_REACTORS
330
123
102
}
330
123
100
AcDbXrecord
280
     1
102
RTVSPropertyOp0
 70
     0
102
RTVSPropertyOp1
 70
     0
102
RTVSPropertyOp2
 70
     0
102
RTVSPropertyOp3
 70
     0
102
RTVSPropertyOp4
 70
     0
102
RTVSPropertyOp5
 70
     0
102
RTVSPropertyOp6
 70
     0
102
RTVSPropertyOp7
 70
     0
102
RTVSPropertyOp8
 70
     0
102
RTVSPropertyOp9
 70
     0
102
RTVSPropertyOp10
 70
     0
102
RTVSPropertyOp11
 70
     0
102
RTVSPropertyOp12
 70
     0
102
RTVSPropertyOp13
 70
     0
102
RTVSPropertyOp14
 70
     2
102
RTVSPropertyOp15
 70
     0
102
RTVSPropertyOp16
 70
     0
102
RTVSPropertyOp17
 70
     0
102
RTVSPropertyOp18
 70
     0
102
RTVSPropertyOp19
 70
     0
102
RTVSPropertyOp20
 70
     0
102
RTVSPropertyOp21
 70
     0
102
RTVSPropertyOp22
 70
     0
102
RTVSPropertyOp23
 70
     0
102
RTVSPropertyOp24
 70
     0
102
RTVSPropertyOp25
 70
     0
102
RTVSPropertyOp26
 70
     0
102
RTVSPropertyOp27
 70
     0
102
RTVSPropertyOp28
 70
     0
102
RTVSPropertyOp29
 70
     0
102
RTVSPropertyOp30
 70
     0
102
RTVSPropertyOp31
 70
     0
102
RTVSPropertyOp32
 70
     0
102
RTVSPropertyOp33
 70
     0
102
RTVSPropertyOp34
 70
     0
102
RTVSPropertyOp35
 70
     0
102
RTVSPropertyOp36
 70
     0
102
RTVSPropertyOp37
 70
     0
102
RTVSPropertyOp38
 70
     0
102
RTVSPropertyOp39
 70
     0
102
RTVSPropertyOp40
 70
     0
102
RTVSPropertyOp41
 70
     0
102
RTVSPropertyOp42
 70
     0
102
RTVSPropertyOp43
 70
     0
102
RTVSPropertyOp44
 70
     0
102
RTVSPropertyOp45
 70
     0
102
RTVSPropertyOp46
 70
     0
102
RTVSPropertyOp47
 70
     0
102
RTVSPropertyOp48
 70
     0
102
RTVSPropertyOp49
 70
     0
102
RTVSPropertyOp50
 70
     0
102
RTVSPropertyOp51
 70
     0
102
RTVSPropertyOp52
 70
     0
102
RTVSPropertyOp53
 70
     0
102
RTVSPropertyOp54
 70
     0
102
RTVSPropertyOp55
 70
     0
102
RTVSPropertyOp56
 70
     0
102
RTVSPropertyOp57
 70
     0
102
RTVSPost2010Prop28
280
     0
102
RTVSPost2010PropOp28
 70
     0
102
RTVSPost2010Prop29
280
     1
102
RTVSPost2010PropOp29
 70
     0
102
RTVSPost2010Prop30
280
     1
102
RTVSPost2010PropOp30
 70
     0
102
RTVSPost2010Prop31
280
     0
102
RTVSPost2010PropOp31
 70
     0
102
RTVSPost2010Prop32
280
     0
102
RTVSPost2010PropOp32
 70
     0
102
RTVSPost2010Prop33
280
     0
102
RTVSPost2010PropOp33
 70
     0
102
RTVSPost2010Prop34
280
     0
102
RTVSPost2010PropOp34
 70
     0
102
RTVSPost2010Prop35
280
     0
102
RTVSPost2010PropOp35
 70
     0
102
RTVSPost2010Prop36
280
     0
102
RTVSPost2010PropOp36
 70
     0
102
RTVSPost2010Prop37
 90
       50
102
RTVSPost2010PropOp37
 70
     0
102
RTVSPost2010Prop38
140
0.0
102
RTVSPost2010PropOp38
 70
     0
102
RTVSPost2010Prop39
140
1.0
102
RTVSPost2010PropOp39
 70
     0
102
RTVSPost2010Prop40
 90
        0
102
RTVSPost2010PropOp40
 70
     0
102
RTVSPost2010Prop41ColorIndex
 90
       18
102
RTVSPost2010Prop41ColorRGB
 90
        0
102
RTVSPost2010PropOp41
 70
     0
102
RTVSPost2010Prop42
 90
       50
102
RTVSPost2010PropOp42
 70
     0
102
RTVSPost2010Prop43
 90
        3
102
RTVSPost2010PropOp43
 70
     0
102
RTVSPost2010Prop44ColorIndex
 90
        5
102
RTVSPost2010Prop44ColorRGB
 90
      255
102
RTVSPost2010PropOp44
 70
     0
102
RTVSPost2010Prop45
280
     0
102
RTVSPost2010PropOp45
 70
     0
102
RTVSPost2010Prop46
 90
       50
102
RTVSPost2010PropOp46
 70
     0
102
RTVSPost2010Prop47
 90
       50
102
RTVSPost2010PropOp47
 70
     0
102
RTVSPost2010Prop48
 90
       50
102
RTVSPost2010PropOp48
 70
     0
102
RTVSPost2010Prop49
280
     0
102
RTVSPost2010PropOp49
 70
     0
102
RTVSPost2010Prop50
 90
       50
102
RTVSPost2010PropOp50
 70
     0
102
RTVSPost2010Prop51ColorIndex
 90
      256
102
RTVSPost2010Prop51ColorRGB
 90
-16777216
102
RTVSPost2010PropOp51
 70
     0
102
RTVSPost2010Prop52
140
1.0
102
RTVSPost2010PropOp52
 70
     0
102
RTVSPost2010Prop53
 90
        2
102
RTVSPost2010PropOp53
 70
     0
102
RTVSPost2010Prop54
  1
strokes_ogs.tif
102
RTVSPost2010PropOp54
 70
     0
102
RTVSPost2010Prop55
280
     0
102
RTVSPost2010PropOp55
 70
     0
102
RTVSPost2010Prop56
140
1.0
102
RTVSPost2010PropOp56
 70
     0
102
RTVSPost2010Prop57
140
1.0
102
RTVSPost2010PropOp57
 70
     0
  0
XRECORD
  5
112
102
{ACAD_REACTORS
330
111
102
}
330
111
100
AcDbXrecord
280
     1
102
RTVSPropertyOp0
 70
     1
102
RTVSPropertyOp1
 70
     1
102
RTVSPropertyOp2
 70
     1
102
RTVSPropertyOp3
 70
     1
102
RTVSPropertyOp4
 70
     1
102
RTVSPropertyOp5
 70
     1
102
RTVSPropertyOp6
 70
     1
102
RTVSPropertyOp7
 70
     1
102
RTVSPropertyOp8
 70
     1
102
RTVSPropertyOp9
 70
     1
102
RTVSPropertyOp10
 70
     1
102
RTVSPropertyOp11
 70
     1
102
RTVSPropertyOp12
 70
     1
102
RTVSPropertyOp13
 70
     1
102
RTVSPropertyOp14
 70
     1
102
RTVSPropertyOp15
 70
     1
102
RTVSPropertyOp16
 70
     1
102
RTVSPropertyOp17
 70
     1
102
RTVSPropertyOp18
 70
     1
102
RTVSPropertyOp19
 70
     1
102
RTVSPropertyOp20
 70
     1
102
RTVSPropertyOp21
 70
     1
102
RTVSPropertyOp22
 70
     1
102
RTVSPropertyOp23
 70
     1
102
RTVSPropertyOp24
 70
     1
102
RTVSPropertyOp25
 70
     1
102
RTVSPropertyOp26
 70
     1
102
RTVSPropertyOp27
 70
     1
102
RTVSPropertyOp28
 70
     1
102
RTVSPropertyOp29
 70
     1
102
RTVSPropertyOp30
 70
     1
102
RTVSPropertyOp31
 70
     1
102
RTVSPropertyOp32
 70
     1
102
RTVSPropertyOp33
 70
     1
102
RTVSPropertyOp34
 70
     1
102
RTVSPropertyOp35
 70
     1
102
RTVSPropertyOp36
 70
     1
102
RTVSPropertyOp37
 70
     1
102
RTVSPropertyOp38
 70
     1
102
RTVSPropertyOp39
 70
     1
102
RTVSPropertyOp40
 70
     1
102
RTVSPropertyOp41
 70
     1
102
RTVSPropertyOp42
 70
     1
102
RTVSPropertyOp43
 70
     1
102
RTVSPropertyOp44
 70
     1
102
RTVSPropertyOp45
 70
     1
102
RTVSPropertyOp46
 70
     1
102
RTVSPropertyOp47
 70
     1
102
RTVSPropertyOp48
 70
     1
102
RTVSPropertyOp49
 70
     1
102
RTVSPropertyOp50
 70
     1
102
RTVSPropertyOp51
 70
     0
102
RTVSPropertyOp52
 70
     0
102
RTVSPropertyOp53
 70
     1
102
RTVSPropertyOp54
 70
     1
102
RTVSPropertyOp55
 70
     1
102
RTVSPropertyOp56
 70
     1
102
RTVSPropertyOp57
 70
     1
102
RTVSPost2010Prop28
280
     0
102
RTVSPost2010PropOp28
 70
     1
102
RTVSPost2010Prop29
280
     1
102
RTVSPost2010PropOp29
 70
     1
102
RTVSPost2010Prop30
280
     1
102
RTVSPost2010PropOp30
 70
     1
102
RTVSPost2010Prop31
280
     0
102
RTVSPost2010PropOp31
 70
     1
102
RTVSPost2010Prop32
280
     0
102
RTVSPost2010PropOp32
 70
     1
102
RTVSPost2010Prop33
280
     0
102
RTVSPost2010PropOp33
 70
     1
102
RTVSPost2010Prop34
280
     0
102
RTVSPost2010PropOp34
 70
     1
102
RTVSPost2010Prop35
280
     0
102
RTVSPost2010PropOp35
 70
     1
102
RTVSPost2010Prop36
280
     0
102
RTVSPost2010PropOp36
 70
     1
102
RTVSPost2010Prop37
 90
       50
102
RTVSPost2010PropOp37
 70
     1
102
RTVSPost2010Prop38
140
0.0
102
RTVSPost2010PropOp38
 70
     1
102
RTVSPost2010Prop39
140
1.0
102
RTVSPost2010PropOp39
 70
     1
102
RTVSPost2010Prop40
 90
        0
102
RTVSPost2010PropOp40
 70
     1
102
RTVSPost2010Prop41ColorIndex
 90
       18
102
RTVSPost2010Prop41ColorRGB
 90
        0
102
RTVSPost2010PropOp41
 70
     1
102
RTVSPost2010Prop42
 90
       50
102
RTVSPost2010PropOp42
 70
     1
102
RTVSPost2010Prop43
 90
        3
102
RTVSPost2010PropOp43
 70
     1
102
RTVSPost2010Prop44ColorIndex
 90
        5
102
RTVSPost2010Prop44ColorRGB
 90
      255
102
RTVSPost2010PropOp44
 70
     1
102
RTVSPost2010Prop45
280
     0
102
RTVSPost2010PropOp45
 70
     1
102
RTVSPost2010Prop46
 90
       50
102
RTVSPost2010PropOp46
 70
     1
102
RTVSPost2010Prop47
 90
       50
102
RTVSPost2010PropOp47
 70
     1
102
RTVSPost2010Prop48
 90
       50
102
RTVSPost2010PropOp48
 70
     1
102
RTVSPost2010Prop49
280
     0
102
RTVSPost2010PropOp49
 70
     1
102
RTVSPost2010Prop50
 90
       50
102
RTVSPost2010PropOp50
 70
     1
102
RTVSPost2010Prop51ColorIndex
 90
      256
102
RTVSPost2010Prop51ColorRGB
 90
-16777216
102
RTVSPost2010PropOp51
 70
     0
102
RTVSPost2010Prop52
140
1.0
102
RTVSPost2010PropOp52
 70
     0
102
RTVSPost2010Prop53
 90
        2
102
RTVSPost2010PropOp53
 70
     1
102
RTVSPost2010Prop54
  1
strokes_ogs.tif
102
RTVSPost2010PropOp54
 70
     1
102
RTVSPost2010Prop55
280
     0
102
RTVSPost2010PropOp55
 70
     1
102
RTVSPost2010Prop56
140
1.0
102
RTVSPost2010PropOp56
 70
     1
102
RTVSPost2010Prop57
140
1.0
102
RTVSPost2010PropOp57
 70
     1
  0
XRECORD
  5
130
102
{ACAD_REACTORS
330
12F
102
}
330
12F
100
AcDbXrecord
280
     1
102
RTVSPropertyOp0
 70
     1
102
RTVSPropertyOp1
 70
     1
102
RTVSPropertyOp2
 70
     1
102
RTVSPropertyOp3
 70
     1
102
RTVSPropertyOp4
 70
     1
102
RTVSPropertyOp5
 70
     1
102
RTVSPropertyOp6
 70
     1
102
RTVSPropertyOp7
 70
     1
102
RTVSPropertyOp8
 70
     1
102
RTVSPropertyOp9
 70
     1
102
RTVSPropertyOp10
 70
     1
102
RTVSPropertyOp11
 70
     1
102
RTVSPropertyOp12
 70
     1
102
RTVSPropertyOp13
 70
     1
102
RTVSPropertyOp14
 70
     1
102
RTVSPropertyOp15
 70
     1
102
RTVSPropertyOp16
 70
     1
102
RTVSPropertyOp17
 70
     1
102
RTVSPropertyOp18
 70
     1
102
RTVSPropertyOp19
 70
     1
102
RTVSPropertyOp20
 70
     1
102
RTVSPropertyOp21
 70
     1
102
RTVSPropertyOp22
 70
     1
102
RTVSPropertyOp23
 70
     1
102
RTVSPropertyOp24
 70
     1
102
RTVSPropertyOp25
 70
     1
102
RTVSPropertyOp26
 70
     1
102
RTVSPropertyOp27
 70
     1
102
RTVSPropertyOp28
 70
     1
102
RTVSPropertyOp29
 70
     1
102
RTVSPropertyOp30
 70
     1
102
RTVSPropertyOp31
 70
     1
102
RTVSPropertyOp32
 70
     1
102
RTVSPropertyOp33
 70
     1
102
RTVSPropertyOp34
 70
     1
102
RTVSPropertyOp35
 70
     1
102
RTVSPropertyOp36
 70
     1
102
RTVSPropertyOp37
 70
     1
102
RTVSPropertyOp38
 70
     1
102
RTVSPropertyOp39
 70
     1
102
RTVSPropertyOp40
 70
     1
102
RTVSPropertyOp41
 70
     1
102
RTVSPropertyOp42
 70
     1
102
RTVSPropertyOp43
 70
     1
102
RTVSPropertyOp44
 70
     1
102
RTVSPropertyOp45
 70
     1
102
RTVSPropertyOp46
 70
     1
102
RTVSPropertyOp47
 70
     1
102
RTVSPropertyOp48
 70
     1
102
RTVSPropertyOp49
 70
     1
102
RTVSPropertyOp50
 70
     1
102
RTVSPropertyOp51
 70
     0
102
RTVSPropertyOp52
 70
     0
102
RTVSPropertyOp53
 70
     1
102
RTVSPropertyOp54
 70
     1
102
RTVSPropertyOp55
 70
     1
102
RTVSPropertyOp56
 70
     1
102
RTVSPropertyOp57
 70
     1
102
RTVSPost2010Prop28
280
     0
102
RTVSPost2010PropOp28
 70
     1
102
RTVSPost2010Prop29
280
     1
102
RTVSPost2010PropOp29
 70
     1
102
RTVSPost2010Prop30
280
     1
102
RTVSPost2010PropOp30
 70
     1
102
RTVSPost2010Prop31
280
     0
102
RTVSPost2010PropOp31
 70
     1
102
RTVSPost2010Prop32
280
     0
102
RTVSPost2010PropOp32
 70
     1
102
RTVSPost2010Prop33
280
     0
102
RTVSPost2010PropOp33
 70
     1
102
RTVSPost2010Prop34
280
     0
102
RTVSPost2010PropOp34
 70
     1
102
RTVSPost2010Prop35
280
     0
102
RTVSPost2010PropOp35
 70
     1
102
RTVSPost2010Prop36
280
     0
102
RTVSPost2010PropOp36
 70
     1
102
RTVSPost2010Prop37
 90
       50
102
RTVSPost2010PropOp37
 70
     1
102
RTVSPost2010Prop38
140
0.0
102
RTVSPost2010PropOp38
 70
     1
102
RTVSPost2010Prop39
140
1.0
102
RTVSPost2010PropOp39
 70
     1
102
RTVSPost2010Prop40
 90
        0
102
RTVSPost2010PropOp40
 70
     1
102
RTVSPost2010Prop41ColorIndex
 90
       18
102
RTVSPost2010Prop41ColorRGB
 90
        0
102
RTVSPost2010PropOp41
 70
     1
102
RTVSPost2010Prop42
 90
       50
102
RTVSPost2010PropOp42
 70
     1
102
RTVSPost2010Prop43
 90
        3
102
RTVSPost2010PropOp43
 70
     1
102
RTVSPost2010Prop44ColorIndex
 90
        5
102
RTVSPost2010Prop44ColorRGB
 90
      255
102
RTVSPost2010PropOp44
 70
     1
102
RTVSPost2010Prop45
280
     0
102
RTVSPost2010PropOp45
 70
     1
102
RTVSPost2010Prop46
 90
       50
102
RTVSPost2010PropOp46
 70
     1
102
RTVSPost2010Prop47
 90
       50
102
RTVSPost2010PropOp47
 70
     1
102
RTVSPost2010Prop48
 90
       50
102
RTVSPost2010PropOp48
 70
     1
102
RTVSPost2010Prop49
280
     0
102
RTVSPost2010PropOp49
 70
     1
102
RTVSPost2010Prop50
 90
       50
102
RTVSPost2010PropOp50
 70
     1
102
RTVSPost2010Prop51ColorIndex
 90
      256
102
RTVSPost2010Prop51ColorRGB
 90
-16777216
102
RTVSPost2010PropOp51
 70
     0
102
RTVSPost2010Prop52
140
1.0
102
RTVSPost2010PropOp52
 70
     0
102
RTVSPost2010Prop53
 90
        2
102
RTVSPost2010PropOp53
 70
     1
102
RTVSPost2010Prop54
  1
strokes_ogs.tif
102
RTVSPost2010PropOp54
 70
     1
102
RTVSPost2010Prop55
280
     0
102
RTVSPost2010PropOp55
 70
     1
102
RTVSPost2010Prop56
140
1.0
102
RTVSPost2010PropOp56
 70
     1
102
RTVSPost2010Prop57
140
1.0
102
RTVSPost2010PropOp57
 70
     1
  0
XRECORD
  5
12E
102
{ACAD_REACTORS
330
12D
102
}
330
12D
100
AcDbXrecord
280
     1
102
RTVSPropertyOp0
 70
     1
102
RTVSPropertyOp1
 70
     1
102
RTVSPropertyOp2
 70
     1
102
RTVSPropertyOp3
 70
     1
102
RTVSPropertyOp4
 70
     1
102
RTVSPropertyOp5
 70
     1
102
RTVSPropertyOp6
 70
     1
102
RTVSPropertyOp7
 70
     1
102
RTVSPropertyOp8
 70
     1
102
RTVSPropertyOp9
 70
     1
102
RTVSPropertyOp10
 70
     1
102
RTVSPropertyOp11
 70
     1
102
RTVSPropertyOp12
 70
     1
102
RTVSPropertyOp13
 70
     1
102
RTVSPropertyOp14
 70
     1
102
RTVSPropertyOp15
 70
     1
102
RTVSPropertyOp16
 70
     1
102
RTVSPropertyOp17
 70
     1
102
RTVSPropertyOp18
 70
     1
102
RTVSPropertyOp19
 70
     1
102
RTVSPropertyOp20
 70
     1
102
RTVSPropertyOp21
 70
     1
102
RTVSPropertyOp22
 70
     1
102
RTVSPropertyOp23
 70
     1
102
RTVSPropertyOp24
 70
     1
102
RTVSPropertyOp25
 70
     1
102
RTVSPropertyOp26
 70
     1
102
RTVSPropertyOp27
 70
     1
102
RTVSPropertyOp28
 70
     1
102
RTVSPropertyOp29
 70
     1
102
RTVSPropertyOp30
 70
     1
102
RTVSPropertyOp31
 70
     1
102
RTVSPropertyOp32
 70
     1
102
RTVSPropertyOp33
 70
     1
102
RTVSPropertyOp34
 70
     1
102
RTVSPropertyOp35
 70
     1
102
RTVSPropertyOp36
 70
     1
102
RTVSPropertyOp37
 70
     1
102
RTVSPropertyOp38
 70
     1
102
RTVSPropertyOp39
 70
     1
102
RTVSPropertyOp40
 70
     1
102
RTVSPropertyOp41
 70
     1
102
RTVSPropertyOp42
 70
     1
102
RTVSPropertyOp43
 70
     1
102
RTVSPropertyOp44
 70
     1
102
RTVSPropertyOp45
 70
     1
102
RTVSPropertyOp46
 70
     1
102
RTVSPropertyOp47
 70
     1
102
RTVSPropertyOp48
 70
     1
102
RTVSPropertyOp49
 70
     1
102
RTVSPropertyOp50
 70
     1
102
RTVSPropertyOp51
 70
     0
102
RTVSPropertyOp52
 70
     0
102
RTVSPropertyOp53
 70
     1
102
RTVSPropertyOp54
 70
     1
102
RTVSPropertyOp55
 70
     1
102
RTVSPropertyOp56
 70
     1
102
RTVSPropertyOp57
 70
     1
102
RTVSPost2010Prop28
280
     0
102
RTVSPost2010PropOp28
 70
     1
102
RTVSPost2010Prop29
280
     1
102
RTVSPost2010PropOp29
 70
     1
102
RTVSPost2010Prop30
280
     1
102
RTVSPost2010PropOp30
 70
     1
102
RTVSPost2010Prop31
280
     0
102
RTVSPost2010PropOp31
 70
     1
102
RTVSPost2010Prop32
280
     0
102
RTVSPost2010PropOp32
 70
     1
102
RTVSPost2010Prop33
280
     0
102
RTVSPost2010PropOp33
 70
     1
102
RTVSPost2010Prop34
280
     0
102
RTVSPost2010PropOp34
 70
     1
102
RTVSPost2010Prop35
280
     0
102
RTVSPost2010PropOp35
 70
     1
102
RTVSPost2010Prop36
280
     0
102
RTVSPost2010PropOp36
 70
     1
102
RTVSPost2010Prop37
 90
       50
102
RTVSPost2010PropOp37
 70
     1
102
RTVSPost2010Prop38
140
0.0
102
RTVSPost2010PropOp38
 70
     1
102
RTVSPost2010Prop39
140
1.0
102
RTVSPost2010PropOp39
 70
     1
102
RTVSPost2010Prop40
 90
        0
102
RTVSPost2010PropOp40
 70
     1
102
RTVSPost2010Prop41ColorIndex
 90
       18
102
RTVSPost2010Prop41ColorRGB
 90
        0
102
RTVSPost2010PropOp41
 70
     1
102
RTVSPost2010Prop42
 90
       50
102
RTVSPost2010PropOp42
 70
     1
102
RTVSPost2010Prop43
 90
        3
102
RTVSPost2010PropOp43
 70
     1
102
RTVSPost2010Prop44ColorIndex
 90
        5
102
RTVSPost2010Prop44ColorRGB
 90
      255
102
RTVSPost2010PropOp44
 70
     1
102
RTVSPost2010Prop45
280
     0
102
RTVSPost2010PropOp45
 70
     1
102
RTVSPost2010Prop46
 90
       50
102
RTVSPost2010PropOp46
 70
     1
102
RTVSPost2010Prop47
 90
       50
102
RTVSPost2010PropOp47
 70
     1
102
RTVSPost2010Prop48
 90
       50
102
RTVSPost2010PropOp48
 70
     1
102
RTVSPost2010Prop49
280
     0
102
RTVSPost2010PropOp49
 70
     1
102
RTVSPost2010Prop50
 90
       50
102
RTVSPost2010PropOp50
 70
     1
102
RTVSPost2010Prop51ColorIndex
 90
      256
102
RTVSPost2010Prop51ColorRGB
 90
-16777216
102
RTVSPost2010PropOp51
 70
     0
102
RTVSPost2010Prop52
140
1.0
102
RTVSPost2010PropOp52
 70
     0
102
RTVSPost2010Prop53
 90
        2
102
RTVSPost2010PropOp53
 70
     1
102
RTVSPost2010Prop54
  1
strokes_ogs.tif
102
RTVSPost2010PropOp54
 70
     1
102
RTVSPost2010Prop55
280
     0
102
RTVSPost2010PropOp55
 70
     1
102
RTVSPost2010Prop56
140
1.0
102
RTVSPost2010PropOp56
 70
     1
102
RTVSPost2010Prop57
140
1.0
102
RTVSPost2010PropOp57
 70
     1
  0
XRECORD
  5
128
102
{ACAD_REACTORS
330
127
102
}
330
127
100
AcDbXrecord
280
     1
102
RTVSPropertyOp0
 70
     1
102
RTVSPropertyOp1
 70
     1
102
RTVSPropertyOp2
 70
     1
102
RTVSPropertyOp3
 70
     1
102
RTVSPropertyOp4
 70
     1
102
RTVSPropertyOp5
 70
     1
102
RTVSPropertyOp6
 70
     1
102
RTVSPropertyOp7
 70
     1
102
RTVSPropertyOp8
 70
     1
102
RTVSPropertyOp9
 70
     1
102
RTVSPropertyOp10
 70
     1
102
RTVSPropertyOp11
 70
     1
102
RTVSPropertyOp12
 70
     1
102
RTVSPropertyOp13
 70
     1
102
RTVSPropertyOp14
 70
     1
102
RTVSPropertyOp15
 70
     1
102
RTVSPropertyOp16
 70
     1
102
RTVSPropertyOp17
 70
     1
102
RTVSPropertyOp18
 70
     1
102
RTVSPropertyOp19
 70
     1
102
RTVSPropertyOp20
 70
     1
102
RTVSPropertyOp21
 70
     1
102
RTVSPropertyOp22
 70
     1
102
RTVSPropertyOp23
 70
     1
102
RTVSPropertyOp24
 70
     1
102
RTVSPropertyOp25
 70
     1
102
RTVSPropertyOp26
 70
     1
102
RTVSPropertyOp27
 70
     1
102
RTVSPropertyOp28
 70
     1
102
RTVSPropertyOp29
 70
     1
102
RTVSPropertyOp30
 70
     1
102
RTVSPropertyOp31
 70
     1
102
RTVSPropertyOp32
 70
     1
102
RTVSPropertyOp33
 70
     1
102
RTVSPropertyOp34
 70
     1
102
RTVSPropertyOp35
 70
     1
102
RTVSPropertyOp36
 70
     1
102
RTVSPropertyOp37
 70
     1
102
RTVSPropertyOp38
 70
     1
102
RTVSPropertyOp39
 70
     1
102
RTVSPropertyOp40
 70
     1
102
RTVSPropertyOp41
 70
     1
102
RTVSPropertyOp42
 70
     1
102
RTVSPropertyOp43
 70
     1
102
RTVSPropertyOp44
 70
     1
102
RTVSPropertyOp45
 70
     1
102
RTVSPropertyOp46
 70
     1
102
RTVSPropertyOp47
 70
     1
102
RTVSPropertyOp48
 70
     1
102
RTVSPropertyOp49
 70
     1
102
RTVSPropertyOp50
 70
     1
102
RTVSPropertyOp51
 70
     0
102
RTVSPropertyOp52
 70
     0
102
RTVSPropertyOp53
 70
     1
102
RTVSPropertyOp54
 70
     1
102
RTVSPropertyOp55
 70
     1
102
RTVSPropertyOp56
 70
     1
102
RTVSPropertyOp57
 70
     1
102
RTVSPost2010Prop28
280
     0
102
RTVSPost2010PropOp28
 70
     1
102
RTVSPost2010Prop29
280
     1
102
RTVSPost2010PropOp29
 70
     1
102
RTVSPost2010Prop30
280
     1
102
RTVSPost2010PropOp30
 70
     1
102
RTVSPost2010Prop31
280
     0
102
RTVSPost2010PropOp31
 70
     1
102
RTVSPost2010Prop32
280
     0
102
RTVSPost2010PropOp32
 70
     1
102
RTVSPost2010Prop33
280
     0
102
RTVSPost2010PropOp33
 70
     1
102
RTVSPost2010Prop34
280
     0
102
RTVSPost2010PropOp34
 70
     1
102
RTVSPost2010Prop35
280
     0
102
RTVSPost2010PropOp35
 70
     1
102
RTVSPost2010Prop36
280
     0
102
RTVSPost2010PropOp36
 70
     1
102
RTVSPost2010Prop37
 90
       50
102
RTVSPost2010PropOp37
 70
     1
102
RTVSPost2010Prop38
140
0.0
102
RTVSPost2010PropOp38
 70
     1
102
RTVSPost2010Prop39
140
1.0
102
RTVSPost2010PropOp39
 70
     1
102
RTVSPost2010Prop40
 90
        0
102
RTVSPost2010PropOp40
 70
     1
102
RTVSPost2010Prop41ColorIndex
 90
       18
102
RTVSPost2010Prop41ColorRGB
 90
        0
102
RTVSPost2010PropOp41
 70
     1
102
RTVSPost2010Prop42
 90
       50
102
RTVSPost2010PropOp42
 70
     1
102
RTVSPost2010Prop43
 90
        3
102
RTVSPost2010PropOp43
 70
     1
102
RTVSPost2010Prop44ColorIndex
 90
        5
102
RTVSPost2010Prop44ColorRGB
 90
      255
102
RTVSPost2010PropOp44
 70
     1
102
RTVSPost2010Prop45
280
     0
102
RTVSPost2010PropOp45
 70
     1
102
RTVSPost2010Prop46
 90
       50
102
RTVSPost2010PropOp46
 70
     1
102
RTVSPost2010Prop47
 90
       50
102
RTVSPost2010PropOp47
 70
     1
102
RTVSPost2010Prop48
 90
       50
102
RTVSPost2010PropOp48
 70
     1
102
RTVSPost2010Prop49
280
     0
102
RTVSPost2010PropOp49
 70
     1
102
RTVSPost2010Prop50
 90
       50
102
RTVSPost2010PropOp50
 70
     1
102
RTVSPost2010Prop51ColorIndex
 90
      256
102
RTVSPost2010Prop51ColorRGB
 90
-16777216
102
RTVSPost2010PropOp51
 70
     0
102
RTVSPost2010Prop52
140
1.0
102
RTVSPost2010PropOp52
 70
     0
102
RTVSPost2010Prop53
 90
        2
102
RTVSPost2010PropOp53
 70
     1
102
RTVSPost2010Prop54
  1
strokes_ogs.tif
102
RTVSPost2010PropOp54
 70
     1
102
RTVSPost2010Prop55
280
     0
102
RTVSPost2010PropOp55
 70
     1
102
RTVSPost2010Prop56
140
1.0
102
RTVSPost2010PropOp56
 70
     1
102
RTVSPost2010Prop57
140
1.0
102
RTVSPost2010PropOp57
 70
     1
  0
XRECORD
  5
12A
102
{ACAD_REACTORS
330
129
102
}
330
129
100
AcDbXrecord
280
     1
102
RTVSPropertyOp0
 70
     1
102
RTVSPropertyOp1
 70
     1
102
RTVSPropertyOp2
 70
     1
102
RTVSPropertyOp3
 70
     1
102
RTVSPropertyOp4
 70
     1
102
RTVSPropertyOp5
 70
     1
102
RTVSPropertyOp6
 70
     1
102
RTVSPropertyOp7
 70
     1
102
RTVSPropertyOp8
 70
     1
102
RTVSPropertyOp9
 70
     1
102
RTVSPropertyOp10
 70
     1
102
RTVSPropertyOp11
 70
     1
102
RTVSPropertyOp12
 70
     1
102
RTVSPropertyOp13
 70
     1
102
RTVSPropertyOp14
 70
     1
102
RTVSPropertyOp15
 70
     1
102
RTVSPropertyOp16
 70
     1
102
RTVSPropertyOp17
 70
     1
102
RTVSPropertyOp18
 70
     1
102
RTVSPropertyOp19
 70
     1
102
RTVSPropertyOp20
 70
     1
102
RTVSPropertyOp21
 70
     1
102
RTVSPropertyOp22
 70
     1
102
RTVSPropertyOp23
 70
     1
102
RTVSPropertyOp24
 70
     1
102
RTVSPropertyOp25
 70
     1
102
RTVSPropertyOp26
 70
     1
102
RTVSPropertyOp27
 70
     1
102
RTVSPropertyOp28
 70
     1
102
RTVSPropertyOp29
 70
     1
102
RTVSPropertyOp30
 70
     1
102
RTVSPropertyOp31
 70
     1
102
RTVSPropertyOp32
 70
     1
102
RTVSPropertyOp33
 70
     1
102
RTVSPropertyOp34
 70
     1
102
RTVSPropertyOp35
 70
     1
102
RTVSPropertyOp36
 70
     1
102
RTVSPropertyOp37
 70
     1
102
RTVSPropertyOp38
 70
     1
102
RTVSPropertyOp39
 70
     1
102
RTVSPropertyOp40
 70
     1
102
RTVSPropertyOp41
 70
     1
102
RTVSPropertyOp42
 70
     1
102
RTVSPropertyOp43
 70
     1
102
RTVSPropertyOp44
 70
     1
102
RTVSPropertyOp45
 70
     1
102
RTVSPropertyOp46
 70
     1
102
RTVSPropertyOp47
 70
     1
102
RTVSPropertyOp48
 70
     1
102
RTVSPropertyOp49
 70
     1
102
RTVSPropertyOp50
 70
     1
102
RTVSPropertyOp51
 70
     0
102
RTVSPropertyOp52
 70
     0
102
RTVSPropertyOp53
 70
     1
102
RTVSPropertyOp54
 70
     1
102
RTVSPropertyOp55
 70
     1
102
RTVSPropertyOp56
 70
     1
102
RTVSPropertyOp57
 70
     1
102
RTVSPost2010Prop28
280
     0
102
RTVSPost2010PropOp28
 70
     1
102
RTVSPost2010Prop29
280
     1
102
RTVSPost2010PropOp29
 70
     1
102
RTVSPost2010Prop30
280
     1
102
RTVSPost2010PropOp30
 70
     1
102
RTVSPost2010Prop31
280
     0
102
RTVSPost2010PropOp31
 70
     1
102
RTVSPost2010Prop32
280
     0
102
RTVSPost2010PropOp32
 70
     1
102
RTVSPost2010Prop33
280
     0
102
RTVSPost2010PropOp33
 70
     1
102
RTVSPost2010Prop34
280
     0
102
RTVSPost2010PropOp34
 70
     1
102
RTVSPost2010Prop35
280
     0
102
RTVSPost2010PropOp35
 70
     1
102
RTVSPost2010Prop36
280
     0
102
RTVSPost2010PropOp36
 70
     1
102
RTVSPost2010Prop37
 90
       50
102
RTVSPost2010PropOp37
 70
     1
102
RTVSPost2010Prop38
140
0.0
102
RTVSPost2010PropOp38
 70
     1
102
RTVSPost2010Prop39
140
1.0
102
RTVSPost2010PropOp39
 70
     1
102
RTVSPost2010Prop40
 90
        0
102
RTVSPost2010PropOp40
 70
     1
102
RTVSPost2010Prop41ColorIndex
 90
       18
102
RTVSPost2010Prop41ColorRGB
 90
        0
102
RTVSPost2010PropOp41
 70
     1
102
RTVSPost2010Prop42
 90
       50
102
RTVSPost2010PropOp42
 70
     1
102
RTVSPost2010Prop43
 90
        3
102
RTVSPost2010PropOp43
 70
     1
102
RTVSPost2010Prop44ColorIndex
 90
        5
102
RTVSPost2010Prop44ColorRGB
 90
      255
102
RTVSPost2010PropOp44
 70
     1
102
RTVSPost2010Prop45
280
     0
102
RTVSPost2010PropOp45
 70
     1
102
RTVSPost2010Prop46
 90
       50
102
RTVSPost2010PropOp46
 70
     1
102
RTVSPost2010Prop47
 90
       50
102
RTVSPost2010PropOp47
 70
     1
102
RTVSPost2010Prop48
 90
       50
102
RTVSPost2010PropOp48
 70
     1
102
RTVSPost2010Prop49
280
     0
102
RTVSPost2010PropOp49
 70
     1
102
RTVSPost2010Prop50
 90
       50
102
RTVSPost2010PropOp50
 70
     1
102
RTVSPost2010Prop51ColorIndex
 90
      256
102
RTVSPost2010Prop51ColorRGB
 90
-16777216
102
RTVSPost2010PropOp51
 70
     0
102
RTVSPost2010Prop52
140
1.0
102
RTVSPost2010PropOp52
 70
     0
102
RTVSPost2010Prop53
 90
        2
102
RTVSPost2010PropOp53
 70
     1
102
RTVSPost2010Prop54
  1
strokes_ogs.tif
102
RTVSPost2010PropOp54
 70
     1
102
RTVSPost2010Prop55
280
     0
102
RTVSPost2010PropOp55
 70
     1
102
RTVSPost2010Prop56
140
1.0
102
RTVSPost2010PropOp56
 70
     1
102
RTVSPost2010Prop57
140
1.0
102
RTVSPost2010PropOp57
 70
     1
  0
XRECORD
  5
11A
102
{ACAD_REACTORS
330
119
102
}
330
119
100
AcDbXrecord
280
     1
102
RTVSPropertyOp0
 70
     1
102
RTVSPropertyOp1
 70
     1
102
RTVSPropertyOp2
 70
     1
102
RTVSPropertyOp3
 70
     1
102
RTVSPropertyOp4
 70
     1
102
RTVSPropertyOp5
 70
     1
102
RTVSPropertyOp6
 70
     1
102
RTVSPropertyOp7
 70
     1
102
RTVSPropertyOp8
 70
     1
102
RTVSPropertyOp9
 70
     1
102
RTVSPropertyOp10
 70
     1
102
RTVSPropertyOp11
 70
     1
102
RTVSPropertyOp12
 70
     1
102
RTVSPropertyOp13
 70
     1
102
RTVSPropertyOp14
 70
     1
102
RTVSPropertyOp15
 70
     1
102
RTVSPropertyOp16
 70
     1
102
RTVSPropertyOp17
 70
     1
102
RTVSPropertyOp18
 70
     1
102
RTVSPropertyOp19
 70
     1
102
RTVSPropertyOp20
 70
     1
102
RTVSPropertyOp21
 70
     1
102
RTVSPropertyOp22
 70
     1
102
RTVSPropertyOp23
 70
     1
102
RTVSPropertyOp24
 70
     1
102
RTVSPropertyOp25
 70
     1
102
RTVSPropertyOp26
 70
     1
102
RTVSPropertyOp27
 70
     1
102
RTVSPropertyOp28
 70
     1
102
RTVSPropertyOp29
 70
     1
102
RTVSPropertyOp30
 70
     1
102
RTVSPropertyOp31
 70
     1
102
RTVSPropertyOp32
 70
     1
102
RTVSPropertyOp33
 70
     1
102
RTVSPropertyOp34
 70
     1
102
RTVSPropertyOp35
 70
     1
102
RTVSPropertyOp36
 70
     1
102
RTVSPropertyOp37
 70
     1
102
RTVSPropertyOp38
 70
     1
102
RTVSPropertyOp39
 70
     1
102
RTVSPropertyOp40
 70
     1
102
RTVSPropertyOp41
 70
     1
102
RTVSPropertyOp42
 70
     1
102
RTVSPropertyOp43
 70
     1
102
RTVSPropertyOp44
 70
     1
102
RTVSPropertyOp45
 70
     1
102
RTVSPropertyOp46
 70
     1
102
RTVSPropertyOp47
 70
     1
102
RTVSPropertyOp48
 70
     1
102
RTVSPropertyOp49
 70
     1
102
RTVSPropertyOp50
 70
     1
102
RTVSPropertyOp51
 70
     0
102
RTVSPropertyOp52
 70
     0
102
RTVSPropertyOp53
 70
     1
102
RTVSPropertyOp54
 70
     1
102
RTVSPropertyOp55
 70
     1
102
RTVSPropertyOp56
 70
     1
102
RTVSPropertyOp57
 70
     1
102
RTVSPost2010Prop28
280
     0
102
RTVSPost2010PropOp28
 70
     1
102
RTVSPost2010Prop29
280
     1
102
RTVSPost2010PropOp29
 70
     1
102
RTVSPost2010Prop30
280
     1
102
RTVSPost2010PropOp30
 70
     1
102
RTVSPost2010Prop31
280
     0
102
RTVSPost2010PropOp31
 70
     1
102
RTVSPost2010Prop32
280
     0
102
RTVSPost2010PropOp32
 70
     1
102
RTVSPost2010Prop33
280
     0
102
RTVSPost2010PropOp33
 70
     1
102
RTVSPost2010Prop34
280
     0
102
RTVSPost2010PropOp34
 70
     1
102
RTVSPost2010Prop35
280
     0
102
RTVSPost2010PropOp35
 70
     1
102
RTVSPost2010Prop36
280
     0
102
RTVSPost2010PropOp36
 70
     1
102
RTVSPost2010Prop37
 90
       50
102
RTVSPost2010PropOp37
 70
     1
102
RTVSPost2010Prop38
140
0.0
102
RTVSPost2010PropOp38
 70
     1
102
RTVSPost2010Prop39
140
1.0
102
RTVSPost2010PropOp39
 70
     1
102
RTVSPost2010Prop40
 90
        0
102
RTVSPost2010PropOp40
 70
     1
102
RTVSPost2010Prop41ColorIndex
 90
       18
102
RTVSPost2010Prop41ColorRGB
 90
        0
102
RTVSPost2010PropOp41
 70
     1
102
RTVSPost2010Prop42
 90
       50
102
RTVSPost2010PropOp42
 70
     1
102
RTVSPost2010Prop43
 90
        3
102
RTVSPost2010PropOp43
 70
     1
102
RTVSPost2010Prop44ColorIndex
 90
        5
102
RTVSPost2010Prop44ColorRGB
 90
      255
102
RTVSPost2010PropOp44
 70
     1
102
RTVSPost2010Prop45
280
     0
102
RTVSPost2010PropOp45
 70
     1
102
RTVSPost2010Prop46
 90
       50
102
RTVSPost2010PropOp46
 70
     1
102
RTVSPost2010Prop47
 90
       50
102
RTVSPost2010PropOp47
 70
     1
102
RTVSPost2010Prop48
 90
       50
102
RTVSPost2010PropOp48
 70
     1
102
RTVSPost2010Prop49
280
     0
102
RTVSPost2010PropOp49
 70
     1
102
RTVSPost2010Prop50
 90
       50
102
RTVSPost2010PropOp50
 70
     1
102
RTVSPost2010Prop51ColorIndex
 90
      256
102
RTVSPost2010Prop51ColorRGB
 90
-16777216
102
RTVSPost2010PropOp51
 70
     0
102
RTVSPost2010Prop52
140
1.0
102
RTVSPost2010PropOp52
 70
     0
102
RTVSPost2010Prop53
 90
        2
102
RTVSPost2010PropOp53
 70
     1
102
RTVSPost2010Prop54
  1
strokes_ogs.tif
102
RTVSPost2010PropOp54
 70
     1
102
RTVSPost2010Prop55
280
     0
102
RTVSPost2010PropOp55
 70
     1
102
RTVSPost2010Prop56
140
1.0
102
RTVSPost2010PropOp56
 70
     1
102
RTVSPost2010Prop57
140
1.0
102
RTVSPost2010PropOp57
 70
     1
  0
XRECORD
  5
10C
102
{ACAD_REACTORS
330
10B
102
}
330
10B
100
AcDbXrecord
280
     1
102
RTVSPropertyOp0
 70
     1
102
RTVSPropertyOp1
 70
     1
102
RTVSPropertyOp2
 70
     1
102
RTVSPropertyOp3
 70
     1
102
RTVSPropertyOp4
 70
     1
102
RTVSPropertyOp5
 70
     1
102
RTVSPropertyOp6
 70
     1
102
RTVSPropertyOp7
 70
     1
102
RTVSPropertyOp8
 70
     1
102
RTVSPropertyOp9
 70
     1
102
RTVSPropertyOp10
 70
     1
102
RTVSPropertyOp11
 70
     1
102
RTVSPropertyOp12
 70
     1
102
RTVSPropertyOp13
 70
     1
102
RTVSPropertyOp14
 70
     1
102
RTVSPropertyOp15
 70
     1
102
RTVSPropertyOp16
 70
     1
102
RTVSPropertyOp17
 70
     1
102
RTVSPropertyOp18
 70
     1
102
RTVSPropertyOp19
 70
     1
102
RTVSPropertyOp20
 70
     1
102
RTVSPropertyOp21
 70
     1
102
RTVSPropertyOp22
 70
     1
102
RTVSPropertyOp23
 70
     1
102
RTVSPropertyOp24
 70
     1
102
RTVSPropertyOp25
 70
     1
102
RTVSPropertyOp26
 70
     1
102
RTVSPropertyOp27
 70
     1
102
RTVSPropertyOp28
 70
     1
102
RTVSPropertyOp29
 70
     1
102
RTVSPropertyOp30
 70
     1
102
RTVSPropertyOp31
 70
     1
102
RTVSPropertyOp32
 70
     1
102
RTVSPropertyOp33
 70
     1
102
RTVSPropertyOp34
 70
     1
102
RTVSPropertyOp35
 70
     1
102
RTVSPropertyOp36
 70
     1
102
RTVSPropertyOp37
 70
     1
102
RTVSPropertyOp38
 70
     1
102
RTVSPropertyOp39
 70
     1
102
RTVSPropertyOp40
 70
     1
102
RTVSPropertyOp41
 70
     1
102
RTVSPropertyOp42
 70
     1
102
RTVSPropertyOp43
 70
     1
102
RTVSPropertyOp44
 70
     1
102
RTVSPropertyOp45
 70
     1
102
RTVSPropertyOp46
 70
     1
102
RTVSPropertyOp47
 70
     1
102
RTVSPropertyOp48
 70
     1
102
RTVSPropertyOp49
 70
     1
102
RTVSPropertyOp50
 70
     1
102
RTVSPropertyOp51
 70
     0
102
RTVSPropertyOp52
 70
     0
102
RTVSPropertyOp53
 70
     1
102
RTVSPropertyOp54
 70
     1
102
RTVSPropertyOp55
 70
     1
102
RTVSPropertyOp56
 70
     1
102
RTVSPropertyOp57
 70
     1
102
RTVSPost2010Prop28
280
     0
102
RTVSPost2010PropOp28
 70
     1
102
RTVSPost2010Prop29
280
     1
102
RTVSPost2010PropOp29
 70
     1
102
RTVSPost2010Prop30
280
     1
102
RTVSPost2010PropOp30
 70
     1
102
RTVSPost2010Prop31
280
     0
102
RTVSPost2010PropOp31
 70
     1
102
RTVSPost2010Prop32
280
     0
102
RTVSPost2010PropOp32
 70
     1
102
RTVSPost2010Prop33
280
     0
102
RTVSPost2010PropOp33
 70
     1
102
RTVSPost2010Prop34
280
     0
102
RTVSPost2010PropOp34
 70
     1
102
RTVSPost2010Prop35
280
     0
102
RTVSPost2010PropOp35
 70
     1
102
RTVSPost2010Prop36
280
     0
102
RTVSPost2010PropOp36
 70
     1
102
RTVSPost2010Prop37
 90
       50
102
RTVSPost2010PropOp37
 70
     1
102
RTVSPost2010Prop38
140
0.0
102
RTVSPost2010PropOp38
 70
     1
102
RTVSPost2010Prop39
140
1.0
102
RTVSPost2010PropOp39
 70
     1
102
RTVSPost2010Prop40
 90
        0
102
RTVSPost2010PropOp40
 70
     1
102
RTVSPost2010Prop41ColorIndex
 90
       18
102
RTVSPost2010Prop41ColorRGB
 90
        0
102
RTVSPost2010PropOp41
 70
     1
102
RTVSPost2010Prop42
 90
       50
102
RTVSPost2010PropOp42
 70
     1
102
RTVSPost2010Prop43
 90
        3
102
RTVSPost2010PropOp43
 70
     1
102
RTVSPost2010Prop44ColorIndex
 90
        5
102
RTVSPost2010Prop44ColorRGB
 90
      255
102
RTVSPost2010PropOp44
 70
     1
102
RTVSPost2010Prop45
280
     0
102
RTVSPost2010PropOp45
 70
     1
102
RTVSPost2010Prop46
 90
       50
102
RTVSPost2010PropOp46
 70
     1
102
RTVSPost2010Prop47
 90
       50
102
RTVSPost2010PropOp47
 70
     1
102
RTVSPost2010Prop48
 90
       50
102
RTVSPost2010PropOp48
 70
     1
102
RTVSPost2010Prop49
280
     0
102
RTVSPost2010PropOp49
 70
     1
102
RTVSPost2010Prop50
 90
       50
102
RTVSPost2010PropOp50
 70
     1
102
RTVSPost2010Prop51ColorIndex
 90
      256
102
RTVSPost2010Prop51ColorRGB
 90
-16777216
102
RTVSPost2010PropOp51
 70
     0
102
RTVSPost2010Prop52
140
1.0
102
RTVSPost2010PropOp52
 70
     0
102
RTVSPost2010Prop53
 90
        2
102
RTVSPost2010PropOp53
 70
     1
102
RTVSPost2010Prop54
  1
strokes_ogs.tif
102
RTVSPost2010PropOp54
 70
     1
102
RTVSPost2010Prop55
280
     0
102
RTVSPost2010PropOp55
 70
     1
102
RTVSPost2010Prop56
140
1.0
102
RTVSPost2010PropOp56
 70
     1
102
RTVSPost2010Prop57
140
1.0
102
RTVSPost2010PropOp57
 70
     1
  0
XRECORD
  5
12C
102
{ACAD_REACTORS
330
12B
102
}
330
12B
100
AcDbXrecord
280
     1
102
RTVSPropertyOp0
 70
     1
102
RTVSPropertyOp1
 70
     1
102
RTVSPropertyOp2
 70
     1
102
RTVSPropertyOp3
 70
     1
102
RTVSPropertyOp4
 70
     1
102
RTVSPropertyOp5
 70
     1
102
RTVSPropertyOp6
 70
     1
102
RTVSPropertyOp7
 70
     1
102
RTVSPropertyOp8
 70
     1
102
RTVSPropertyOp9
 70
     1
102
RTVSPropertyOp10
 70
     1
102
RTVSPropertyOp11
 70
     1
102
RTVSPropertyOp12
 70
     1
102
RTVSPropertyOp13
 70
     1
102
RTVSPropertyOp14
 70
     1
102
RTVSPropertyOp15
 70
     1
102
RTVSPropertyOp16
 70
     1
102
RTVSPropertyOp17
 70
     1
102
RTVSPropertyOp18
 70
     1
102
RTVSPropertyOp19
 70
     1
102
RTVSPropertyOp20
 70
     1
102
RTVSPropertyOp21
 70
     1
102
RTVSPropertyOp22
 70
     1
102
RTVSPropertyOp23
 70
     1
102
RTVSPropertyOp24
 70
     1
102
RTVSPropertyOp25
 70
     1
102
RTVSPropertyOp26
 70
     1
102
RTVSPropertyOp27
 70
     1
102
RTVSPropertyOp28
 70
     1
102
RTVSPropertyOp29
 70
     1
102
RTVSPropertyOp30
 70
     1
102
RTVSPropertyOp31
 70
     1
102
RTVSPropertyOp32
 70
     1
102
RTVSPropertyOp33
 70
     1
102
RTVSPropertyOp34
 70
     1
102
RTVSPropertyOp35
 70
     1
102
RTVSPropertyOp36
 70
     1
102
RTVSPropertyOp37
 70
     1
102
RTVSPropertyOp38
 70
     1
102
RTVSPropertyOp39
 70
     1
102
RTVSPropertyOp40
 70
     1
102
RTVSPropertyOp41
 70
     1
102
RTVSPropertyOp42
 70
     1
102
RTVSPropertyOp43
 70
     1
102
RTVSPropertyOp44
 70
     1
102
RTVSPropertyOp45
 70
     1
102
RTVSPropertyOp46
 70
     1
102
RTVSPropertyOp47
 70
     1
102
RTVSPropertyOp48
 70
     1
102
RTVSPropertyOp49
 70
     1
102
RTVSPropertyOp50
 70
     1
102
RTVSPropertyOp51
 70
     0
102
RTVSPropertyOp52
 70
     0
102
RTVSPropertyOp53
 70
     1
102
RTVSPropertyOp54
 70
     1
102
RTVSPropertyOp55
 70
     1
102
RTVSPropertyOp56
 70
     1
102
RTVSPropertyOp57
 70
     1
102
RTVSPost2010Prop28
280
     0
102
RTVSPost2010PropOp28
 70
     1
102
RTVSPost2010Prop29
280
     1
102
RTVSPost2010PropOp29
 70
     1
102
RTVSPost2010Prop30
280
     1
102
RTVSPost2010PropOp30
 70
     1
102
RTVSPost2010Prop31
280
     0
102
RTVSPost2010PropOp31
 70
     1
102
RTVSPost2010Prop32
280
     0
102
RTVSPost2010PropOp32
 70
     1
102
RTVSPost2010Prop33
280
     0
102
RTVSPost2010PropOp33
 70
     1
102
RTVSPost2010Prop34
280
     0
102
RTVSPost2010PropOp34
 70
     1
102
RTVSPost2010Prop35
280
     0
102
RTVSPost2010PropOp35
 70
     1
102
RTVSPost2010Prop36
280
     0
102
RTVSPost2010PropOp36
 70
     1
102
RTVSPost2010Prop37
 90
       50
102
RTVSPost2010PropOp37
 70
     1
102
RTVSPost2010Prop38
140
0.0
102
RTVSPost2010PropOp38
 70
     1
102
RTVSPost2010Prop39
140
1.0
102
RTVSPost2010PropOp39
 70
     1
102
RTVSPost2010Prop40
 90
        0
102
RTVSPost2010PropOp40
 70
     1
102
RTVSPost2010Prop41ColorIndex
 90
       18
102
RTVSPost2010Prop41ColorRGB
 90
        0
102
RTVSPost2010PropOp41
 70
     1
102
RTVSPost2010Prop42
 90
       50
102
RTVSPost2010PropOp42
 70
     1
102
RTVSPost2010Prop43
 90
        3
102
RTVSPost2010PropOp43
 70
     1
102
RTVSPost2010Prop44ColorIndex
 90
        5
102
RTVSPost2010Prop44ColorRGB
 90
      255
102
RTVSPost2010PropOp44
 70
     1
102
RTVSPost2010Prop45
280
     0
102
RTVSPost2010PropOp45
 70
     1
102
RTVSPost2010Prop46
 90
       50
102
RTVSPost2010PropOp46
 70
     1
102
RTVSPost2010Prop47
 90
       50
102
RTVSPost2010PropOp47
 70
     1
102
RTVSPost2010Prop48
 90
       50
102
RTVSPost2010PropOp48
 70
     1
102
RTVSPost2010Prop49
280
     0
102
RTVSPost2010PropOp49
 70
     1
102
RTVSPost2010Prop50
 90
       50
102
RTVSPost2010PropOp50
 70
     1
102
RTVSPost2010Prop51ColorIndex
 90
      256
102
RTVSPost2010Prop51ColorRGB
 90
-16777216
102
RTVSPost2010PropOp51
 70
     0
102
RTVSPost2010Prop52
140
1.0
102
RTVSPost2010PropOp52
 70
     0
102
RTVSPost2010Prop53
 90
        2
102
RTVSPost2010PropOp53
 70
     1
102
RTVSPost2010Prop54
  1
strokes_ogs.tif
102
RTVSPost2010PropOp54
 70
     1
102
RTVSPost2010Prop55
280
     0
102
RTVSPost2010PropOp55
 70
     1
102
RTVSPost2010Prop56
140
1.0
102
RTVSPost2010PropOp56
 70
     1
102
RTVSPost2010Prop57
140
1.0
102
RTVSPost2010PropOp57
 70
     1
  0
ENDSEC
  0
EOF
