  0
SECTION
  2
HEADER
  9
$ACADVER
  1
AC1032
  9
$ACADMAINTVER
 90
       55
  9
$DWGCODEPAGE
  3
ANSI_1252
  9
$LASTSAVEDBY
  1
Abolfazl
  9
$REQUIREDVERSIONS
160
                 0
  9
$INSBASE
 10
0.0
 20
0.0
 30
0.0
  9
$EXTMIN
 10
-79.1679
 20
-25.5777
 30
0.0
  9
$EXTMAX
 10
25.6314
 20
24.3987
 30
0.0
  9
$LIMMIN
 10
0.0
 20
0.0
  9
$LIMMAX
 10
12.0
 20
9.0
  9
$ORTHOMODE
 70
     0
  9
$REGENMODE
 70
     1
  9
$FILLMODE
 70
     1
  9
$QTEXTMODE
 70
     0
  9
$MIRRTEXT
 70
     1
  9
$LTSCALE
 40
1.0
  9
$ATTMODE
 70
     1
  9
$TEXTSIZE
 40
0.2
  9
$TRACEWID
 40
0.05
  9
$TEXTSTYLE
  7
Standard
  9
$CLAYER
  8
0
  9
$CELTYPE
  6
ByLayer
  9
$CECOLOR
 62
   256
  9
$CELTSCALE
 40
1.0
  9
$DISPSILH
 70
     0
  9
$DIMSCALE
 40
1.0
  9
$DIMASZ
 40
0.18
  9
$DIMEXO
 40
0.0625
  9
$DIMDLI
 40
0.38
  9
$DIMRND
 40
0.0
  9
$DIMDLE
 40
0.0
  9
$DIMEXE
 40
0.18
  9
$DIMTP
 40
0.0
  9
$DIMTM
 40
0.0
  9
$DIMTXT
 40
0.18
  9
$DIMCEN
 40
0.09
  9
$DIMTSZ
 40
0.0
  9
$DIMTOL
 70
     0
  9
$DIMLIM
 70
     0
  9
$DIMTIH
 70
     1
  9
$DIMTOH
 70
     1
  9
$DIMSE1
 70
     0
  9
$DIMSE2
 70
     0
  9
$DIMTAD
 70
     0
  9
$DIMZIN
 70
     0
  9
$DIMBLK
  1

  9
$DIMASO
 70
     1
  9
$DIMSHO
 70
     1
  9
$DIMPOST
  1

  9
$DIMAPOST
  1

  9
$DIMALT
 70
     0
  9
$DIMALTD
 70
     2
  9
$DIMALTF
 40
25.4
  9
$DIMLFAC
 40
1.0
  9
$DIMTOFL
 70
     0
  9
$DIMTVP
 40
0.0
  9
$DIMTIX
 70
     0
  9
$DIMSOXD
 70
     0
  9
$DIMSAH
 70
     0
  9
$DIMBLK1
  1

  9
$DIMBLK2
  1

  9
$DIMSTYLE
  2
Standard
  9
$DIMCLRD
 70
     0
  9
$DIMCLRE
 70
     0
  9
$DIMCLRT
 70
     0
  9
$DIMTFAC
 40
1.0
  9
$DIMGAP
 40
0.09
  9
$DIMJUST
 70
     0
  9
$DIMSD1
 70
     0
  9
$DIMSD2
 70
     0
  9
$DIMTOLJ
 70
     1
  9
$DIMTZIN
 70
     0
  9
$DIMALTZ
 70
     0
  9
$DIMALTTZ
 70
     0
  9
$DIMUPT
 70
     0
  9
$DIMDEC
 70
     4
  9
$DIMTDEC
 70
     4
  9
$DIMALTU
 70
     2
  9
$DIMALTTD
 70
     2
  9
$DIMTXSTY
  7
Standard
  9
$DIMAUNIT
 70
     0
  9
$DIMADEC
 70
     0
  9
$DIMALTRND
 40
0.0
  9
$DIMAZIN
 70
     0
  9
$DIMDSEP
 70
    46
  9
$DIMATFIT
 70
     3
  9
$DIMFRAC
 70
     0
  9
$DIMLDRBLK
  1

  9
$DIMLUNIT
 70
     2
  9
$DIMLWD
 70
    -2
  9
$DIMLWE
 70
    -2
  9
$DIMTMOVE
 70
     0
  9
$DIMFXL
 40
1.0
  9
$DIMFXLON
 70
     0
  9
$DIMJOGANG
 40
0.7853981633974483
  9
$DIMTFILL
 70
     0
  9
$DIMTFILLCLR
 70
     0
  9
$DIMARCSYM
 70
     0
  9
$DIMLTYPE
  6

  9
$DIMLTEX1
  6

  9
$DIMLTEX2
  6

  9
$DIMTXTDIRECTION
 70
     0
  9
$LUNITS
 70
     2
  9
$LUPREC
 70
     4
  9
$SKETCHINC
 40
0.1
  9
$FILLETRAD
 40
0.0
  9
$AUNITS
 70
     0
  9
$AUPREC
 70
     0
  9
$MENU
  1
.
  9
$ELEVATION
 40
0.0
  9
$PELEVATION
 40
0.0
  9
$THICKNESS
 40
0.0
  9
$LIMCHECK
 70
     0
  9
$CHAMFERA
 40
0.0
  9
$CHAMFERB
 40
0.0
  9
$CHAMFERC
 40
0.0
  9
$CHAMFERD
 40
0.0
  9
$SKPOLY
 70
     0
  9
$TDCREATE
 40
2460452.811467419
  9
$TDUCREATE
 40
2460452.665634086
  9
$TDUPDATE
 40
2460452.811467512
  9
$TDUUPDATE
 40
2460452.665634178
  9
$TDINDWG
 40
0.0000000116
  9
$TDUSRTIMER
 40
0.0000000116
  9
$USRTIMER
 70
     1
  9
$ANGBASE
 50
0.0
  9
$ANGDIR
 70
     0
  9
$PDMODE
 70
     0
  9
$PDSIZE
 40
0.0
  9
$PLINEWID
 40
0.0
  9
$SPLFRAME
 70
     0
  9
$SPLINETYPE
 70
     6
  9
$SPLINESEGS
 70
     8
  9
$HANDSEED
  5
10B
  9
$SURFTAB1
 70
     6
  9
$SURFTAB2
 70
     6
  9
$SURFTYPE
 70
     6
  9
$SURFU
 70
     6
  9
$SURFV
 70
     6
  9
$UCSBASE
  2

  9
$UCSNAME
  2

  9
$UCSORG
 10
0.0
 20
0.0
 30
0.0
  9
$UCSXDIR
 10
1.0
 20
0.0
 30
0.0
  9
$UCSYDIR
 10
0.0
 20
1.0
 30
0.0
  9
$UCSORTHOREF
  2

  9
$UCSORTHOVIEW
 70
     0
  9
$UCSORGTOP
 10
0.0
 20
0.0
 30
0.0
  9
$UCSORGBOTTOM
 10
0.0
 20
0.0
 30
0.0
  9
$UCSORGLEFT
 10
0.0
 20
0.0
 30
0.0
  9
$UCSORGRIGHT
 10
0.0
 20
0.0
 30
0.0
  9
$UCSORGFRONT
 10
0.0
 20
0.0
 30
0.0
  9
$UCSORGBACK
 10
0.0
 20
0.0
 30
0.0
  9
$PUCSBASE
  2

  9
$PUCSNAME
  2

  9
$PUCSORG
 10
0.0
 20
0.0
 30
0.0
  9
$PUCSXDIR
 10
1.0
 20
0.0
 30
0.0
  9
$PUCSYDIR
 10
0.0
 20
1.0
 30
0.0
  9
$PUCSORTHOREF
  2

  9
$PUCSORTHOVIEW
 70
     0
  9
$PUCSORGTOP
 10
0.0
 20
0.0
 30
0.0
  9
$PUCSORGBOTTOM
 10
0.0
 20
0.0
 30
0.0
  9
$PUCSORGLEFT
 10
0.0
 20
0.0
 30
0.0
  9
$PUCSORGRIGHT
 10
0.0
 20
0.0
 30
0.0
  9
$PUCSORGFRONT
 10
0.0
 20
0.0
 30
0.0
  9
$PUCSORGBACK
 10
0.0
 20
0.0
 30
0.0
  9
$USERI1
 70
     0
  9
$USERI2
 70
     0
  9
$USERI3
 70
     0
  9
$USERI4
 70
     0
  9
$USERI5
 70
     0
  9
$USERR1
 40
0.0
  9
$USERR2
 40
0.0
  9
$USERR3
 40
0.0
  9
$USERR4
 40
0.0
  9
$USERR5
 40
0.0
  9
$WORLDVIEW
 70
     1
  9
$SHADEDGE
 70
     3
  9
$SHADEDIF
 70
    70
  9
$TILEMODE
 70
     1
  9
$MAXACTVP
 70
    64
  9
$PINSBASE
 10
0.0
 20
0.0
 30
0.0
  9
$PLIMCHECK
 70
     0
  9
$PEXTMIN
 10
1.000000000000000E+20
 20
1.000000000000000E+20
 30
1.000000000000000E+20
  9
$PEXTMAX
 10
-1.000000000000000E+20
 20
-1.000000000000000E+20
 30
-1.000000000000000E+20
  9
$PLIMMIN
 10
0.0
 20
0.0
  9
$PLIMMAX
 10
12.0
 20
9.0
  9
$UNITMODE
 70
     0
  9
$VISRETAIN
 70
     1
  9
$PLINEGEN
 70
     0
  9
$PSLTSCALE
 70
     1
  9
$TREEDEPTH
 70
  3020
  9
$CMLSTYLE
  2
Standard
  9
$CMLJUST
 70
     0
  9
$CMLSCALE
 40
1.0
  9
$PROXYGRAPHICS
 70
     1
  9
$MEASUREMENT
 70
     0
  9
$CELWEIGHT
370
    -1
  9
$ENDCAPS
280
     0
  9
$JOINSTYLE
280
     0
  9
$LWDISPLAY
290
     0
  9
$INSUNITS
 70
     4
  9
$HYPERLINKBASE
  1

  9
$STYLESHEET
  1

  9
$XEDIT
290
     1
  9
$CEPSNTYPE
380
     0
  9
$PSTYLEMODE
290
     1
  9
$FINGERPRINTGUID
  2
{5cb70a1d-630e-4088-9ba0-0fd94c4d61e3}
  9
$VERSIONGUID
  2
{FAEB1C32-E019-11D5-929B-00C0DF256EC4}
  9
$EXTNAMES
290
     1
  9
$PSVPSCALE
 40
0.0
  9
$OLESTARTUP
290
     0
  9
$SORTENTS
280
   127
  9
$INDEXCTL
280
     0
  9
$HIDETEXT
280
     1
  9
$XCLIPFRAME
280
     2
  9
$HALOGAP
280
     0
  9
$OBSCOLOR
 70
   257
  9
$OBSLTYPE
280
     0
  9
$INTERSECTIONDISPLAY
280
     0
  9
$INTERSECTIONCOLOR
 70
   257
  9
$DIMASSOC
280
     2
  9
$PROJECTNAME
  1

  9
$CAMERADISPLAY
290
     0
  9
$LENSLENGTH
 40
50.0
  9
$CAMERAHEIGHT
 40
0.0
  9
$STEPSPERSEC
 40
2.0
  9
$STEPSIZE
 40
6.0
  9
$3DDWFPREC
 40
2.0
  9
$PSOLWIDTH
 40
0.25
  9
$PSOLHEIGHT
 40
4.0
  9
$LOFTANG1
 40
1.570796326794897
  9
$LOFTANG2
 40
1.570796326794897
  9
$LOFTMAG1
 40
0.0
  9
$LOFTMAG2
 40
0.0
  9
$LOFTPARAM
 70
     7
  9
$LOFTNORMALS
280
     1
  9
$LATITUDE
 40
37.795
  9
$LONGITUDE
 40
-122.394
  9
$NORTHDIRECTION
 40
0.0
  9
$TIMEZONE
 70
 -8000
  9
$LIGHTGLYPHDISPLAY
280
     1
  9
$TILEMODELIGHTSYNCH
280
     1
  9
$CMATERIAL
347
44
  9
$SOLIDHIST
280
     0
  9
$SHOWHIST
280
     1
  9
$DWFFRAME
280
     2
  9
$DGNFRAME
280
     2
  9
$REALWORLDSCALE
290
     1
  9
$INTERFERECOLOR
 62
   256
  9
$CSHADOW
280
     0
  9
$SHADOWPLANELOCATION
 40
0.0
  0
ENDSEC
  0
SECTION
  2
CLASSES
  0
CLASS
  1
ACDBDICTIONARYWDFLT
  2
AcDbDictionaryWithDefault
  3
ObjectDBX Classes
 90
        0
 91
        3
280
     0
281
     0
  0
CLASS
  1
VISUALSTYLE
  2
AcDbVisualStyle
  3
ObjectDBX Classes
 90
     4095
 91
        3
280
     0
281
     0
  0
CLASS
  1
MATERIAL
  2
AcDbMaterial
  3
ObjectDBX Classes
 90
     1153
 91
        3
280
     0
281
     0
  0
CLASS
  1
SCALE
  2
AcDbScale
  3
ObjectDBX Classes
 90
     1153
 91
        3
280
     0
281
     0
  0
CLASS
  1
TABLESTYLE
  2
AcDbTableStyle
  3
ObjectDBX Classes
 90
     4095
 91
        3
280
     0
281
     0
  0
CLASS
  1
MLEADERSTYLE
  2
AcDbMLeaderStyle
  3
ACDB_MLEADERSTYLE_CLASS
 90
     4095
 91
        3
280
     0
281
     0
  0
CLASS
  1
SUN
  2
AcDbSun
  3
SCENEOE
 90
     1153
 91
        3
280
     0
281
     0
  0
CLASS
  1
DICTIONARYVAR
  2
AcDbDictionaryVar
  3
ObjectDBX Classes
 90
        0
 91
        3
280
     0
281
     0
  0
CLASS
  1
CELLSTYLEMAP
  2
AcDbCellStyleMap
  3
ObjectDBX Classes
 90
     1152
 91
        3
280
     0
281
     0
  0
ENDSEC
  0
SECTION
  2
TABLES
  0
TABLE
  2
VPORT
  5
8
330
0
100
AcDbSymbolTable
 70
     1
  0
VPORT
  5
29
330
8
100
AcDbSymbolTableRecord
100
AcDbViewportTableRecord
  2
*Active
 70
     0
 10
0.0
 20
0.0
 11
1.0
 21
1.0
 12
10.42990654205607
 22
4.5
 13
0.0
 23
0.0
 14
0.5
 24
0.5
 15
0.5
 25
0.5
 16
0.0
 26
0.0
 36
1.0
 17
0.0
 27
0.0
 37
0.0
 40
9.0
 41
1.972972972850329
 42
50.0
 43
0.0
 44
0.0
 50
0.0
 51
0.0
 71
     0
 72
   100
 73
     1
 74
     3
 75
     0
 76
     0
 77
     0
 78
     0
281
     0
 65
     1
110
0.0
120
0.0
130
0.0
111
1.0
121
0.0
131
0.0
112
0.0
122
1.0
132
0.0
 79
     0
146
0.0
348
2F
 60
     3
 61
     5
292
     1
282
     1
141
0.0
142
0.0
 63
   250
361
5D
  0
ENDTAB
  0
TABLE
  2
LTYPE
  5
5
330
0
100
AcDbSymbolTable
 70
     1
  0
LTYPE
  5
14
330
5
100
AcDbSymbolTableRecord
100
AcDbLinetypeTableRecord
  2
ByBlock
 70
     0
  3

 72
    65
 73
     0
 40
0.0
  0
LTYPE
  5
15
330
5
100
AcDbSymbolTableRecord
100
AcDbLinetypeTableRecord
  2
ByLayer
 70
     0
  3

 72
    65
 73
     0
 40
0.0
  0
LTYPE
  5
16
330
5
100
AcDbSymbolTableRecord
100
AcDbLinetypeTableRecord
  2
Continuous
 70
     0
  3
Solid line
 72
    65
 73
     0
 40
0.0
  0
ENDTAB
  0
TABLE
  2
LAYER
  5
2
330
0
100
AcDbSymbolTable
 70
     2
  0
LAYER
  5
10
330
2
100
AcDbSymbolTableRecord
100
AcDbLayerTableRecord
  2
0
 70
     0
 62
     7
  6
Continuous
370
    -3
390
F
347
46
348
0
  0
LAYER
  5
5F
330
2
100
AcDbSymbolTableRecord
100
AcDbLayerTableRecord
  2
Layer 1
 70
     0
 62
     7
  6
Continuous
370
    -3
390
F
347
46
348
0
  0
ENDTAB
  0
TABLE
  2
STYLE
  5
3
330
0
100
AcDbSymbolTable
 70
     1
  0
STYLE
  5
11
330
3
100
AcDbSymbolTableRecord
100
AcDbTextStyleTableRecord
  2
Standard
 70
     0
 40
0.0
 41
1.0
 50
0.0
 71
     0
 42
0.2
  3
txt
  4

  0
ENDTAB
  0
TABLE
  2
VIEW
  5
6
330
0
100
AcDbSymbolTable
 70
     0
  0
ENDTAB
  0
TABLE
  2
UCS
  5
7
330
0
100
AcDbSymbolTable
 70
     0
  0
ENDTAB
  0
TABLE
  2
APPID
  5
9
330
0
100
AcDbSymbolTable
 70
     2
  0
APPID
  5
12
330
9
100
AcDbSymbolTableRecord
100
AcDbRegAppTableRecord
  2
ACAD
 70
     0
  0
APPID
  5
5E
330
9
100
AcDbSymbolTableRecord
100
AcDbRegAppTableRecord
  2
ODA
 70
     0
  0
ENDTAB
  0
TABLE
  2
DIMSTYLE
  5
A
330
0
100
AcDbSymbolTable
 70
     1
100
AcDbDimStyleTable
  0
DIMSTYLE
105
27
330
A
100
AcDbSymbolTableRecord
100
AcDbDimStyleTableRecord
  2
Standard
 70
     0
178
     0
340
11
  0
ENDTAB
  0
TABLE
  2
BLOCK_RECORD
  5
1
330
0
100
AcDbSymbolTable
 70
     1
  0
BLOCK_RECORD
  5
1F
330
1
100
AcDbSymbolTableRecord
100
AcDbBlockTableRecord
  2
*Model_Space
340
22
 70
     0
280
     1
281
     0
  0
BLOCK_RECORD
  5
1B
330
1
100
AcDbSymbolTableRecord
100
AcDbBlockTableRecord
  2
*Paper_Space
340
1E
 70
     0
280
     1
281
     0
  0
BLOCK_RECORD
  5
23
330
1
100
AcDbSymbolTableRecord
100
AcDbBlockTableRecord
  2
*Paper_Space0
340
26
 70
     0
280
     1
281
     0
  0
ENDTAB
  0
ENDSEC
  0
SECTION
  2
BLOCKS
  0
BLOCK
  5
20
330
1F
100
AcDbEntity
  8
0
100
AcDbBlockBegin
  2
*Model_Space
 70
     0
 10
0.0
 20
0.0
 30
0.0
  3
*Model_Space
  1

  0
ENDBLK
  5
21
330
1F
100
AcDbEntity
  8
0
100
AcDbBlockEnd
  0
BLOCK
  5
1C
330
1B
100
AcDbEntity
 67
     1
  8
0
100
AcDbBlockBegin
  2
*Paper_Space
 70
     0
 10
0.0
 20
0.0
 30
0.0
  3
*Paper_Space
  1

  0
ENDBLK
  5
1D
330
1B
100
AcDbEntity
 67
     1
  8
0
100
AcDbBlockEnd
  0
BLOCK
  5
24
330
23
100
AcDbEntity
  8
0
100
AcDbBlockBegin
  2
*Paper_Space0
 70
     0
 10
0.0
 20
0.0
 30
0.0
  3
*Paper_Space0
  1

  0
ENDBLK
  5
25
330
23
100
AcDbEntity
  8
0
100
AcDbBlockEnd
  0
ENDSEC
  0
SECTION
  2
ENTITIES
  0
SPLINE
  5
60
330
1F
100
AcDbEntity
  8
Layer 1
 62
     7
100
AcDbSpline
210
0.0
220
0.0
230
1.0
 70
    11
 71
     3
 72
    23
 73
    19
 74
     0
 42
0.0000000001
 43
0.0000000001
 40
0.0
 40
0.0
 40
0.0
 40
0.0
 40
0.1666666666666667
 40
0.1666666666666667
 40
0.1666666666666667
 40
0.3333333333333333
 40
0.3333333333333333
 40
0.3333333333333333
 40
0.5
 40
0.5
 40
0.5
 40
0.6666666666666666
 40
0.6666666666666666
 40
0.6666666666666666
 40
0.8333333333333333
 40
0.8333333333333333
 40
0.8333333333333333
 40
1.0
 40
1.0
 40
1.0
 40
1.0
 10
1.6938
 20
20.9291
 30
0.0
 10
1.6938
 20
20.9291
 30
0.0
 10
10.0166
 20
16.0821
 30
0.0
 10
10.0166
 20
16.0821
 30
0.0
 10
10.0166
 20
16.0821
 30
0.0
 10
10.0166
 20
6.6314
 30
0.0
 10
10.0166
 20
6.6314
 30
0.0
 10
10.0166
 20
6.6314
 30
0.0
 10
1.6938
 20
1.8489
 30
0.0
 10
1.6938
 20
1.8489
 30
0.0
 10
1.6938
 20
1.8489
 30
0.0
 10
-6.6646
 20
6.5744
 30
0.0
 10
-6.6646
 20
6.5744
 30
0.0
 10
-6.6646
 20
6.5744
 30
0.0
 10
-6.6646
 20
16.196
 30
0.0
 10
-6.6646
 20
16.196
 30
0.0
 10
-6.6646
 20
16.196
 30
0.0
 10
1.6938
 20
20.9291
 30
0.0
 10
1.6938
 20
20.9291
 30
0.0
  0
SPLINE
  5
61
330
1F
100
AcDbEntity
  8
Layer 1
 62
   240
100
AcDbSpline
210
0.0
220
0.0
230
1.0
 70
    11
 71
     3
 72
    26
 73
    22
 74
     0
 42
0.0000000001
 43
0.0000000001
 40
0.0
 40
0.0
 40
0.0
 40
0.0
 40
0.1428571428571428
 40
0.1428571428571428
 40
0.1428571428571428
 40
0.2857142857142857
 40
0.2857142857142857
 40
0.2857142857142857
 40
0.4285714285714285
 40
0.4285714285714285
 40
0.4285714285714285
 40
0.5714285714285714
 40
0.5714285714285714
 40
0.5714285714285714
 40
0.7142857142857142
 40
0.7142857142857142
 40
0.7142857142857142
 40
0.8571428571428571
 40
0.8571428571428571
 40
0.8571428571428571
 40
1.0
 40
1.0
 40
1.0
 40
1.0
 10
1.8583
 20
21.2132
 30
0.0
 10
1.8583
 20
21.2132
 30
0.0
 10
10.3456
 20
16.2703
 30
0.0
 10
10.3456
 20
16.2703
 30
0.0
 10
10.3456
 20
16.2703
 30
0.0
 10
10.3456
 20
6.4425
 30
0.0
 10
10.3456
 20
6.4425
 30
0.0
 10
7.4617
 20
4.7865
 30
0.0
 10
4.5783
 20
3.1294
 30
0.0
 10
1.6953
 20
1.4718
 30
0.0
 10
-1.2004
 20
3.1103
 30
0.0
 10
-4.097
 20
4.7474
 30
0.0
 10
-6.9936
 20
6.3842
 30
0.0
 10
-6.9936
 20
6.3842
 30
0.0
 10
-6.9936
 20
16.3866
 30
0.0
 10
-6.9936
 20
16.3866
 30
0.0
 10
-6.9936
 20
16.3866
 30
0.0
 10
1.6963
 20
21.3075
 30
0.0
 10
1.6963
 20
21.3075
 30
0.0
 10
1.6963
 20
21.3075
 30
0.0
 10
1.8583
 20
21.2132
 30
0.0
 10
1.8583
 20
21.2132
 30
0.0
  0
SPLINE
  5
62
330
1F
100
AcDbEntity
  8
Layer 1
 62
   240
100
AcDbSpline
210
0.0
220
0.0
230
1.0
 70
    11
 71
     3
 72
    23
 73
    19
 74
     0
 42
0.0000000001
 43
0.0000000001
 40
0.0
 40
0.0
 40
0.0
 40
0.0
 40
0.1666666666666667
 40
0.1666666666666667
 40
0.1666666666666667
 40
0.3333333333333333
 40
0.3333333333333333
 40
0.3333333333333333
 40
0.5
 40
0.5
 40
0.5
 40
0.6666666666666666
 40
0.6666666666666666
 40
0.6666666666666666
 40
0.8333333333333333
 40
0.8333333333333333
 40
0.8333333333333333
 40
1.0
 40
1.0
 40
1.0
 40
1.0
 10
9.6875
 20
15.8938
 30
0.0
 10
9.6875
 20
15.8938
 30
0.0
 10
1.6913
 20
20.5507
 30
0.0
 10
1.6913
 20
20.5507
 30
0.0
 10
1.6913
 20
20.5507
 30
0.0
 10
-6.3355
 20
16.0054
 30
0.0
 10
-6.3355
 20
16.0054
 30
0.0
 10
-6.3355
 20
16.0054
 30
0.0
 10
-6.3355
 20
6.7646
 30
0.0
 10
-6.3355
 20
6.7646
 30
0.0
 10
-6.3355
 20
6.7646
 30
0.0
 10
1.6923
 20
2.2259
 30
0.0
 10
1.6923
 20
2.2259
 30
0.0
 10
1.6923
 20
2.2259
 30
0.0
 10
9.6875
 20
6.8202
 30
0.0
 10
9.6875
 20
6.8202
 30
0.0
 10
9.6875
 20
6.8202
 30
0.0
 10
9.6875
 20
15.8938
 30
0.0
 10
9.6875
 20
15.8938
 30
0.0
  0
SPLINE
  5
63
330
1F
100
AcDbEntity
  8
Layer 1
 62
     7
100
AcDbSpline
210
0.0
220
0.0
230
1.0
 70
    11
 71
     3
 72
    23
 73
    19
 74
     0
 42
0.0000000001
 43
0.0000000001
 40
0.0
 40
0.0
 40
0.0
 40
0.0
 40
0.1666666666666667
 40
0.1666666666666667
 40
0.1666666666666667
 40
0.3333333333333333
 40
0.3333333333333333
 40
0.3333333333333333
 40
0.5
 40
0.5
 40
0.5
 40
0.6666666666666666
 40
0.6666666666666666
 40
0.6666666666666666
 40
0.8333333333333333
 40
0.8333333333333333
 40
0.8333333333333333
 40
1.0
 40
1.0
 40
1.0
 40
1.0
 10
1.6925
 20
20.1624
 30
0.0
 10
1.6925
 20
20.1624
 30
0.0
 10
9.3247
 20
15.7175
 30
0.0
 10
9.3247
 20
15.7175
 30
0.0
 10
9.3247
 20
15.7175
 30
0.0
 10
9.3247
 20
7.0505
 30
0.0
 10
9.3247
 20
7.0505
 30
0.0
 10
9.3247
 20
7.0505
 30
0.0
 10
1.6925
 20
2.6649
 30
0.0
 10
1.6925
 20
2.6649
 30
0.0
 10
1.6925
 20
2.6649
 30
0.0
 10
-5.9726
 20
6.9985
 30
0.0
 10
-5.9726
 20
6.9985
 30
0.0
 10
-5.9726
 20
6.9985
 30
0.0
 10
-5.9726
 20
15.8218
 30
0.0
 10
-5.9726
 20
15.8218
 30
0.0
 10
-5.9726
 20
15.8218
 30
0.0
 10
1.6925
 20
20.1624
 30
0.0
 10
1.6925
 20
20.1624
 30
0.0
  0
SPLINE
  5
64
330
1F
100
AcDbEntity
  8
Layer 1
 62
   240
100
AcDbSpline
210
0.0
220
0.0
230
1.0
 70
    11
 71
     3
 72
    26
 73
    22
 74
     0
 42
0.0000000001
 43
0.0000000001
 40
0.0
 40
0.0
 40
0.0
 40
0.0
 40
0.1428571428571428
 40
0.1428571428571428
 40
0.1428571428571428
 40
0.2857142857142857
 40
0.2857142857142857
 40
0.2857142857142857
 40
0.4285714285714285
 40
0.4285714285714285
 40
0.4285714285714285
 40
0.5714285714285714
 40
0.5714285714285714
 40
0.5714285714285714
 40
0.7142857142857142
 40
0.7142857142857142
 40
0.7142857142857142
 40
0.8571428571428571
 40
0.8571428571428571
 40
0.8571428571428571
 40
1.0
 40
1.0
 40
1.0
 40
1.0
 10
1.7542
 20
20.2689
 30
0.0
 10
1.7542
 20
20.2689
 30
0.0
 10
9.4481
 20
15.7881
 30
0.0
 10
9.4481
 20
15.7881
 30
0.0
 10
9.4481
 20
15.7881
 30
0.0
 10
9.4481
 20
6.9798
 30
0.0
 10
9.4481
 20
6.9798
 30
0.0
 10
9.4481
 20
6.9798
 30
0.0
 10
1.6929
 20
2.5235
 30
0.0
 10
1.6929
 20
2.5235
 30
0.0
 10
-0.9016
 20
3.9941
 30
0.0
 10
-3.4986
 20
5.4615
 30
0.0
 10
-6.096
 20
6.9272
 30
0.0
 10
-6.096
 20
6.9272
 30
0.0
 10
-6.096
 20
15.8932
 30
0.0
 10
-6.096
 20
15.8932
 30
0.0
 10
-3.5003
 20
17.3649
 30
0.0
 10
-0.9036
 20
18.8349
 30
0.0
 10
1.6934
 20
20.3043
 30
0.0
 10
1.6934
 20
20.3043
 30
0.0
 10
1.7542
 20
20.2689
 30
0.0
 10
1.7542
 20
20.2689
 30
0.0
  0
SPLINE
  5
65
330
1F
100
AcDbEntity
  8
Layer 1
 62
   240
100
AcDbSpline
210
0.0
220
0.0
230
1.0
 70
    11
 71
     3
 72
    23
 73
    19
 74
     0
 42
0.0000000001
 43
0.0000000001
 40
0.0
 40
0.0
 40
0.0
 40
0.0
 40
0.1666666666666667
 40
0.1666666666666667
 40
0.1666666666666667
 40
0.3333333333333333
 40
0.3333333333333333
 40
0.3333333333333333
 40
0.5
 40
0.5
 40
0.5
 40
0.6666666666666666
 40
0.6666666666666666
 40
0.6666666666666666
 40
0.8333333333333333
 40
0.8333333333333333
 40
0.8333333333333333
 40
1.0
 40
1.0
 40
1.0
 40
1.0
 10
9.2013
 20
15.6469
 30
0.0
 10
9.2013
 20
15.6469
 30
0.0
 10
1.6915
 20
20.0205
 30
0.0
 10
1.6915
 20
20.0205
 30
0.0
 10
1.6915
 20
20.0205
 30
0.0
 10
-5.8492
 20
15.7504
 30
0.0
 10
-5.8492
 20
15.7504
 30
0.0
 10
-5.8492
 20
15.7504
 30
0.0
 10
-5.8492
 20
7.0698
 30
0.0
 10
-5.8492
 20
7.0698
 30
0.0
 10
-5.8492
 20
7.0698
 30
0.0
 10
1.6919
 20
2.8063
 30
0.0
 10
1.6919
 20
2.8063
 30
0.0
 10
1.6919
 20
2.8063
 30
0.0
 10
9.2013
 20
7.1213
 30
0.0
 10
9.2013
 20
7.1213
 30
0.0
 10
9.2013
 20
7.1213
 30
0.0
 10
9.2013
 20
15.6469
 30
0.0
 10
9.2013
 20
15.6469
 30
0.0
  0
SPLINE
  5
66
330
1F
100
AcDbEntity
  8
Layer 1
 62
   240
100
AcDbSpline
210
0.0
220
0.0
230
1.0
 70
    11
 71
     3
 72
    17
 73
    13
 74
     0
 42
0.0000000001
 43
0.0000000001
 40
0.0
 40
0.0
 40
0.0
 40
0.0
 40
0.25
 40
0.25
 40
0.25
 40
0.5
 40
0.5
 40
0.5
 40
0.75
 40
0.75
 40
0.75
 40
1.0
 40
1.0
 40
1.0
 40
1.0
 10
1.6938
 20
7.9407
 30
0.0
 10
1.6938
 20
7.9407
 30
0.0
 10
1.3059
 20
11.6982
 30
0.0
 10
4.6841
 20
12.5333
 30
0.0
 10
4.6841
 20
12.5333
 30
0.0
 10
4.4563
 20
10.5216
 30
0.0
 10
4.4563
 20
10.5216
 30
0.0
 10
4.4563
 20
10.5216
 30
0.0
 10
2.8621
 20
11.053
 30
0.0
 10
2.1031
 20
7.9407
 30
0.0
 10
2.1031
 20
7.9407
 30
0.0
 10
1.9679
 20
7.7509
 30
0.0
 10
1.6938
 20
7.9407
 30
0.0
  0
SPLINE
  5
67
330
1F
100
AcDbEntity
  8
Layer 1
 62
   240
100
AcDbSpline
210
0.0
220
0.0
230
1.0
 70
    11
 71
     3
 72
    17
 73
    13
 74
     0
 42
0.0000000001
 43
0.0000000001
 40
0.0
 40
0.0
 40
0.0
 40
0.0
 40
0.25
 40
0.25
 40
0.25
 40
0.5
 40
0.5
 40
0.5
 40
0.75
 40
0.75
 40
0.75
 40
1.0
 40
1.0
 40
1.0
 40
1.0
 10
1.2577
 20
7.9525
 30
0.0
 10
1.2577
 20
7.9525
 30
0.0
 10
1.6338
 20
11.7106
 30
0.0
 10
-1.6963
 20
12.5401
 30
0.0
 10
-1.6963
 20
12.5401
 30
0.0
 10
-1.4686
 20
10.5288
 30
0.0
 10
-1.4686
 20
10.5288
 30
0.0
 10
-1.4686
 20
10.5288
 30
0.0
 10
0.1012
 20
11.0628
 30
0.0
 10
0.8544
 20
7.9518
 30
0.0
 10
0.8544
 20
7.9518
 30
0.0
 10
0.9879
 20
7.7623
 30
0.0
 10
1.2577
 20
7.9525
 30
0.0
  0
SPLINE
  5
68
330
1F
100
AcDbEntity
  8
Layer 1
 62
   240
100
AcDbSpline
210
0.0
220
0.0
230
1.0
 70
    11
 71
     3
 72
    20
 73
    16
 74
     0
 42
0.0000000001
 43
0.0000000001
 40
0.0
 40
0.0
 40
0.0
 40
0.0
 40
0.2
 40
0.2
 40
0.2
 40
0.4
 40
0.4
 40
0.4
 40
0.6000000000000001
 40
0.6000000000000001
 40
0.6000000000000001
 40
0.8
 40
0.8
 40
0.8
 40
1.0
 40
1.0
 40
1.0
 40
1.0
 10
1.42
 20
10.5217
 30
0.0
 10
1.42
 20
10.5217
 30
0.0
 10
2.0653
 20
12.002
 30
0.0
 10
3.3557
 20
12.1919
 30
0.0
 10
3.3557
 20
12.1919
 30
0.0
 10
3.1268
 20
13.9575
 30
0.0
 10
1.7583
 20
14.8182
 30
0.0
 10
1.5559
 20
14.9452
 30
0.0
 10
1.293
 20
14.9136
 30
0.0
 10
1.1157
 20
14.7537
 30
0.0
 10
0.7005
 20
14.3802
 30
0.0
 10
-0.0333
 20
13.581
 30
0.0
 10
-0.4022
 20
12.3435
 30
0.0
 10
-0.4022
 20
12.3435
 30
0.0
 10
1.1924
 20
11.8122
 30
0.0
 10
1.42
 20
10.5217
 30
0.0
  0
SPLINE
  5
69
330
1F
100
AcDbEntity
  8
Layer 1
 62
   240
100
AcDbSpline
210
0.0
220
0.0
230
1.0
 70
    11
 71
     3
 72
    17
 73
    13
 74
     0
 42
0.0000000001
 43
0.0000000001
 40
0.0
 40
0.0
 40
0.0
 40
0.0
 40
0.25
 40
0.25
 40
0.25
 40
0.5
 40
0.5
 40
0.5
 40
0.75
 40
0.75
 40
0.75
 40
1.0
 40
1.0
 40
1.0
 40
1.0
 10
3.6407
 20
13.1052
 30
0.0
 10
3.6407
 20
13.1052
 30
0.0
 10
6.2216
 20
14.0541
 30
0.0
 10
6.2216
 20
14.0541
 30
0.0
 10
6.2216
 20
14.0541
 30
0.0
 10
6.3346
 20
13.7456
 30
0.0
 10
6.3346
 20
13.7456
 30
0.0
 10
6.3346
 20
13.7456
 30
0.0
 10
3.7537
 20
12.7966
 30
0.0
 10
3.7537
 20
12.7966
 30
0.0
 10
3.7537
 20
12.7966
 30
0.0
 10
3.6407
 20
13.1052
 30
0.0
 10
3.6407
 20
13.1052
 30
0.0
  0
SPLINE
  5
6A
330
1F
100
AcDbEntity
  8
Layer 1
 62
   240
100
AcDbSpline
210
0.0
220
0.0
230
1.0
 70
    11
 71
     3
 72
    17
 73
    13
 74
     0
 42
0.0000000001
 43
0.0000000001
 40
0.0
 40
0.0
 40
0.0
 40
0.0
 40
0.25
 40
0.25
 40
0.25
 40
0.5
 40
0.5
 40
0.5
 40
0.75
 40
0.75
 40
0.75
 40
1.0
 40
1.0
 40
1.0
 40
1.0
 10
3.2836
 20
13.9337
 30
0.0
 10
3.2836
 20
13.9337
 30
0.0
 10
4.688
 20
14.6171
 30
0.0
 10
4.688
 20
14.6171
 30
0.0
 10
4.688
 20
14.6171
 30
0.0
 10
4.832
 20
14.3214
 30
0.0
 10
4.832
 20
14.3214
 30
0.0
 10
4.832
 20
14.3214
 30
0.0
 10
3.4276
 20
13.638
 30
0.0
 10
3.4276
 20
13.638
 30
0.0
 10
3.4276
 20
13.638
 30
0.0
 10
3.2836
 20
13.9337
 30
0.0
 10
3.2836
 20
13.9337
 30
0.0
  0
SPLINE
  5
6B
330
1F
100
AcDbEntity
  8
Layer 1
 62
   240
100
AcDbSpline
210
0.0
220
0.0
230
1.0
 70
    11
 71
     3
 72
    17
 73
    13
 74
     0
 42
0.0000000001
 43
0.0000000001
 40
0.0
 40
0.0
 40
0.0
 40
0.0
 40
0.25
 40
0.25
 40
0.25
 40
0.5
 40
0.5
 40
0.5
 40
0.75
 40
0.75
 40
0.75
 40
1.0
 40
1.0
 40
1.0
 40
1.0
 10
2.8062
 20
14.7171
 30
0.0
 10
2.8062
 20
14.7171
 30
0.0
 10
5.0837
 20
16.3113
 30
0.0
 10
5.0837
 20
16.3113
 30
0.0
 10
5.0837
 20
16.3113
 30
0.0
 10
5.2714
 20
16.0427
 30
0.0
 10
5.2714
 20
16.0427
 30
0.0
 10
5.2714
 20
16.0427
 30
0.0
 10
2.9938
 20
14.4485
 30
0.0
 10
2.9938
 20
14.4485
 30
0.0
 10
2.9938
 20
14.4485
 30
0.0
 10
2.8062
 20
14.7171
 30
0.0
 10
2.8062
 20
14.7171
 30
0.0
  0
SPLINE
  5
6C
330
1F
100
AcDbEntity
  8
Layer 1
 62
   240
100
AcDbSpline
210
0.0
220
0.0
230
1.0
 70
    11
 71
     3
 72
    17
 73
    13
 74
     0
 42
0.0000000001
 43
0.0000000001
 40
0.0
 40
0.0
 40
0.0
 40
0.0
 40
0.25
 40
0.25
 40
0.25
 40
0.5
 40
0.5
 40
0.5
 40
0.75
 40
0.75
 40
0.75
 40
1.0
 40
1.0
 40
1.0
 40
1.0
 10
2.0671
 20
15.4997
 30
0.0
 10
2.0671
 20
15.4997
 30
0.0
 10
3.2437
 20
16.6002
 30
0.0
 10
3.2437
 20
16.6002
 30
0.0
 10
3.2437
 20
16.6002
 30
0.0
 10
3.4674
 20
16.3611
 30
0.0
 10
3.4674
 20
16.3611
 30
0.0
 10
3.4674
 20
16.3611
 30
0.0
 10
2.2908
 20
15.2605
 30
0.0
 10
2.2908
 20
15.2605
 30
0.0
 10
2.2908
 20
15.2605
 30
0.0
 10
2.0671
 20
15.4997
 30
0.0
 10
2.0671
 20
15.4997
 30
0.0
  0
SPLINE
  5
6D
330
1F
100
AcDbEntity
  8
Layer 1
 62
   240
100
AcDbSpline
210
0.0
220
0.0
230
1.0
 70
    11
 71
     3
 72
    17
 73
    13
 74
     0
 42
0.0000000001
 43
0.0000000001
 40
0.0
 40
0.0
 40
0.0
 40
0.0
 40
0.25
 40
0.25
 40
0.25
 40
0.5
 40
0.5
 40
0.5
 40
0.75
 40
0.75
 40
0.75
 40
1.0
 40
1.0
 40
1.0
 40
1.0
 10
1.5292
 20
15.6835
 30
0.0
 10
1.5292
 20
15.6835
 30
0.0
 10
1.5292
 20
18.834
 30
0.0
 10
1.5292
 20
18.834
 30
0.0
 10
1.5292
 20
18.834
 30
0.0
 10
1.8583
 20
18.834
 30
0.0
 10
1.8583
 20
18.834
 30
0.0
 10
1.8583
 20
18.834
 30
0.0
 10
1.8583
 20
15.6835
 30
0.0
 10
1.8583
 20
15.6835
 30
0.0
 10
1.8583
 20
15.6835
 30
0.0
 10
1.5292
 20
15.6835
 30
0.0
 10
1.5292
 20
15.6835
 30
0.0
  0
SPLINE
  5
6E
330
1F
100
AcDbEntity
  8
Layer 1
 62
   240
100
AcDbSpline
210
0.0
220
0.0
230
1.0
 70
    11
 71
     3
 72
    17
 73
    13
 74
     0
 42
0.0000000001
 43
0.0000000001
 40
0.0
 40
0.0
 40
0.0
 40
0.0
 40
0.25
 40
0.25
 40
0.25
 40
0.5
 40
0.5
 40
0.5
 40
0.75
 40
0.75
 40
0.75
 40
1.0
 40
1.0
 40
1.0
 40
1.0
 10
0.7014
 20
15.2599
 30
0.0
 10
0.7014
 20
15.2599
 30
0.0
 10
-0.3242
 20
16.2088
 30
0.0
 10
-0.3242
 20
16.2088
 30
0.0
 10
-0.3242
 20
16.2088
 30
0.0
 10
-0.1018
 20
16.4492
 30
0.0
 10
-0.1018
 20
16.4492
 30
0.0
 10
-0.1018
 20
16.4492
 30
0.0
 10
0.9238
 20
15.5003
 30
0.0
 10
0.9238
 20
15.5003
 30
0.0
 10
0.9238
 20
15.5003
 30
0.0
 10
0.7014
 20
15.2599
 30
0.0
 10
0.7014
 20
15.2599
 30
0.0
  0
SPLINE
  5
6F
330
1F
100
AcDbEntity
  8
Layer 1
 62
   240
100
AcDbSpline
210
0.0
220
0.0
230
1.0
 70
    11
 71
     3
 72
    17
 73
    13
 74
     0
 42
0.0000000001
 43
0.0000000001
 40
0.0
 40
0.0
 40
0.0
 40
0.0
 40
0.25
 40
0.25
 40
0.25
 40
0.5
 40
0.5
 40
0.5
 40
0.75
 40
0.75
 40
0.75
 40
1.0
 40
1.0
 40
1.0
 40
1.0
 10
-0.0025
 20
14.486
 30
0.0
 10
-0.0025
 20
14.486
 30
0.0
 10
-2.2419
 20
16.042
 30
0.0
 10
-2.2419
 20
16.042
 30
0.0
 10
-2.2419
 20
16.042
 30
0.0
 10
-2.0542
 20
16.3119
 30
0.0
 10
-2.0542
 20
16.3119
 30
0.0
 10
-2.0542
 20
16.3119
 30
0.0
 10
0.1852
 20
14.7559
 30
0.0
 10
0.1852
 20
14.7559
 30
0.0
 10
0.1852
 20
14.7559
 30
0.0
 10
-0.0025
 20
14.486
 30
0.0
 10
-0.0025
 20
14.486
 30
0.0
  0
SPLINE
  5
70
330
1F
100
AcDbEntity
  8
Layer 1
 62
   240
100
AcDbSpline
210
0.0
220
0.0
230
1.0
 70
    11
 71
     3
 72
    17
 73
    13
 74
     0
 42
0.0000000001
 43
0.0000000001
 40
0.0
 40
0.0
 40
0.0
 40
0.0
 40
0.25
 40
0.25
 40
0.25
 40
0.5
 40
0.5
 40
0.5
 40
0.75
 40
0.75
 40
0.75
 40
1.0
 40
1.0
 40
1.0
 40
1.0
 10
-0.4798
 20
13.6791
 30
0.0
 10
-0.4798
 20
13.6791
 30
0.0
 10
-1.9601
 20
14.4764
 30
0.0
 10
-1.9601
 20
14.4764
 30
0.0
 10
-1.9601
 20
14.4764
 30
0.0
 10
-1.8045
 20
14.7655
 30
0.0
 10
-1.8045
 20
14.7655
 30
0.0
 10
-1.8045
 20
14.7655
 30
0.0
 10
-0.3242
 20
13.9683
 30
0.0
 10
-0.3242
 20
13.9683
 30
0.0
 10
-0.3242
 20
13.9683
 30
0.0
 10
-0.4798
 20
13.6791
 30
0.0
 10
-0.4798
 20
13.6791
 30
0.0
  0
SPLINE
  5
71
330
1F
100
AcDbEntity
  8
Layer 1
 62
   240
100
AcDbSpline
210
0.0
220
0.0
230
1.0
 70
    11
 71
     3
 72
    17
 73
    13
 74
     0
 42
0.0000000001
 43
0.0000000001
 40
0.0
 40
0.0
 40
0.0
 40
0.0
 40
0.25
 40
0.25
 40
0.25
 40
0.5
 40
0.5
 40
0.5
 40
0.75
 40
0.75
 40
0.75
 40
1.0
 40
1.0
 40
1.0
 40
1.0
 10
-0.7603
 20
12.8339
 30
0.0
 10
-0.7603
 20
12.8339
 30
0.0
 10
-3.4551
 20
13.7828
 30
0.0
 10
-3.4551
 20
13.7828
 30
0.0
 10
-3.4551
 20
13.7828
 30
0.0
 10
-3.3458
 20
14.0926
 30
0.0
 10
-3.3458
 20
14.0926
 30
0.0
 10
-3.3458
 20
14.0926
 30
0.0
 10
-0.651
 20
13.1437
 30
0.0
 10
-0.651
 20
13.1437
 30
0.0
 10
-0.651
 20
13.1437
 30
0.0
 10
-0.7603
 20
12.8339
 30
0.0
 10
-0.7603
 20
12.8339
 30
0.0
  0
SPLINE
  5
72
330
1F
100
AcDbEntity
  8
Layer 1
 62
   240
100
AcDbSpline
210
0.0
220
0.0
230
1.0
 70
    11
 71
     3
 72
    41
 73
    37
 74
     0
 42
0.0000000001
 43
0.0000000001
 40
0.0
 40
0.0
 40
0.0
 40
0.0
 40
0.0833333333333333
 40
0.0833333333333333
 40
0.0833333333333333
 40
0.1666666666666667
 40
0.1666666666666667
 40
0.1666666666666667
 40
0.25
 40
0.25
 40
0.25
 40
0.3333333333333333
 40
0.3333333333333333
 40
0.3333333333333333
 40
0.4166666666666666
 40
0.4166666666666666
 40
0.4166666666666666
 40
0.5
 40
0.5
 40
0.5
 40
0.5833333333333333
 40
0.5833333333333333
 40
0.5833333333333333
 40
0.6666666666666666
 40
0.6666666666666666
 40
0.6666666666666666
 40
0.75
 40
0.75
 40
0.75
 40
0.8333333333333333
 40
0.8333333333333333
 40
0.8333333333333333
 40
0.9166666666666666
 40
0.9166666666666666
 40
0.9166666666666666
 40
1.0
 40
1.0
 40
1.0
 40
1.0
 10
0.3081
 20
5.0473
 30
0.0
 10
0.3081
 20
5.0473
 30
0.0
 10
-1.1058
 20
5.0473
 30
0.0
 10
-1.1058
 20
5.0473
 30
0.0
 10
-1.1058
 20
5.0473
 30
0.0
 10
-1.1058
 20
7.2226
 30
0.0
 10
-1.1058
 20
7.2226
 30
0.0
 10
-1.1058
 20
7.2226
 30
0.0
 10
0.2942
 20
7.2226
 30
0.0
 10
0.2942
 20
7.2226
 30
0.0
 10
0.2942
 20
7.2226
 30
0.0
 10
0.2942
 20
6.8997
 30
0.0
 10
0.2942
 20
6.8997
 30
0.0
 10
0.2942
 20
6.8997
 30
0.0
 10
-0.7134
 20
6.8997
 30
0.0
 10
-0.7134
 20
6.8997
 30
0.0
 10
-0.7134
 20
6.8997
 30
0.0
 10
-0.7134
 20
6.3093
 30
0.0
 10
-0.7134
 20
6.3093
 30
0.0
 10
-0.7134
 20
6.3093
 30
0.0
 10
0.0962
 20
6.3093
 30
0.0
 10
0.0962
 20
6.3093
 30
0.0
 10
0.0962
 20
6.3093
 30
0.0
 10
0.0962
 20
5.9938
 30
0.0
 10
0.0962
 20
5.9938
 30
0.0
 10
0.0962
 20
5.9938
 30
0.0
 10
-0.7134
 20
5.9938
 30
0.0
 10
-0.7134
 20
5.9938
 30
0.0
 10
-0.7134
 20
5.9938
 30
0.0
 10
-0.7134
 20
5.3851
 30
0.0
 10
-0.7134
 20
5.3851
 30
0.0
 10
-0.7134
 20
5.3851
 30
0.0
 10
0.3081
 20
5.3851
 30
0.0
 10
0.3081
 20
5.3851
 30
0.0
 10
0.3081
 20
5.3851
 30
0.0
 10
0.3081
 20
5.0473
 30
0.0
 10
0.3081
 20
5.0473
 30
0.0
  0
SPLINE
  5
73
330
1F
100
AcDbEntity
  8
Layer 1
 62
   240
100
AcDbSpline
210
0.0
220
0.0
230
1.0
 70
    11
 71
     3
 72
    83
 73
    79
 74
     0
 42
0.0000000001
 43
0.0000000001
 40
0.0
 40
0.0
 40
0.0
 40
0.0
 40
0.0384615384615385
 40
0.0384615384615385
 40
0.0384615384615385
 40
0.0769230769230769
 40
0.0769230769230769
 40
0.0769230769230769
 40
0.1153846153846154
 40
0.1153846153846154
 40
0.1153846153846154
 40
0.1538461538461539
 40
0.1538461538461539
 40
0.1538461538461539
 40
0.1923076923076923
 40
0.1923076923076923
 40
0.1923076923076923
 40
0.2307692307692308
 40
0.2307692307692308
 40
0.2307692307692308
 40
0.2692307692307693
 40
0.2692307692307693
 40
0.2692307692307693
 40
0.3076923076923077
 40
0.3076923076923077
 40
0.3076923076923077
 40
0.3461538461538461
 40
0.3461538461538461
 40
0.3461538461538461
 40
0.3846153846153846
 40
0.3846153846153846
 40
0.3846153846153846
 40
0.4230769230769231
 40
0.4230769230769231
 40
0.4230769230769231
 40
0.4615384615384616
 40
0.4615384615384616
 40
0.4615384615384616
 40
0.5
 40
0.5
 40
0.5
 40
0.5384615384615385
 40
0.5384615384615385
 40
0.5384615384615385
 40
0.576923076923077
 40
0.576923076923077
 40
0.576923076923077
 40
0.6153846153846154
 40
0.6153846153846154
 40
0.6153846153846154
 40
0.6538461538461539
 40
0.6538461538461539
 40
0.6538461538461539
 40
0.6923076923076923
 40
0.6923076923076923
 40
0.6923076923076923
 40
0.7307692307692308
 40
0.7307692307692308
 40
0.7307692307692308
 40
0.7692307692307693
 40
0.7692307692307693
 40
0.7692307692307693
 40
0.8076923076923077
 40
0.8076923076923077
 40
0.8076923076923077
 40
0.8461538461538463
 40
0.8461538461538463
 40
0.8461538461538463
 40
0.8846153846153847
 40
0.8846153846153847
 40
0.8846153846153847
 40
0.9230769230769231
 40
0.9230769230769231
 40
0.9230769230769231
 40
0.9615384615384616
 40
0.9615384615384616
 40
0.9615384615384616
 40
1.0
 40
1.0
 40
1.0
 40
1.0
 10
0.4182
 20
5.5719
 30
0.0
 10
0.4182
 20
5.5719
 30
0.0
 10
0.7994
 20
5.6534
 30
0.0
 10
0.7994
 20
5.6534
 30
0.0
 10
0.8448
 20
5.4377
 30
0.0
 10
1.0206
 20
5.3295
 30
0.0
 10
1.325
 20
5.3295
 30
0.0
 10
1.4647
 20
5.3295
 30
0.0
 10
1.5711
 20
5.3573
 30
0.0
 10
1.646
 20
5.4118
 30
0.0
 10
1.721
 20
5.4673
 30
0.0
 10
1.759
 20
5.5359
 30
0.0
 10
1.759
 20
5.6182
 30
0.0
 10
1.759
 20
5.6774
 30
0.0
 10
1.7413
 20
5.732
 30
0.0
 10
1.7071
 20
5.7828
 30
0.0
 10
1.6729
 20
5.8338
 30
0.0
 10
1.6007
 20
5.8727
 30
0.0
 10
1.4897
 20
5.9013
 30
0.0
 10
1.4897
 20
5.9013
 30
0.0
 10
1.0733
 20
6.0096
 30
0.0
 10
1.0733
 20
6.0096
 30
0.0
 10
0.9308
 20
6.0475
 30
0.0
 10
0.8254
 20
6.0891
 30
0.0
 10
0.7578
 20
6.1363
 30
0.0
 10
0.6902
 20
6.1835
 30
0.0
 10
0.6356
 20
6.2501
 30
0.0
 10
0.594
 20
6.3362
 30
0.0
 10
0.5533
 20
6.4223
 30
0.0
 10
0.533
 20
6.5148
 30
0.0
 10
0.533
 20
6.6128
 30
0.0
 10
0.533
 20
6.8071
 30
0.0
 10
0.6051
 20
6.9626
 30
0.0
 10
0.7494
 20
7.0801
 30
0.0
 10
0.8947
 20
7.1976
 30
0.0
 10
1.0798
 20
7.2559
 30
0.0
 10
1.3047
 20
7.2559
 30
0.0
 10
1.4916
 20
7.2559
 30
0.0
 10
1.6581
 20
7.2152
 30
0.0
 10
1.8052
 20
7.1329
 30
0.0
 10
1.9523
 20
7.0515
 30
0.0
 10
2.0467
 20
6.9357
 30
0.0
 10
2.0874
 20
6.7859
 30
0.0
 10
2.0874
 20
6.7859
 30
0.0
 10
1.7136
 20
6.6933
 30
0.0
 10
1.7136
 20
6.6933
 30
0.0
 10
1.6562
 20
6.858
 30
0.0
 10
1.5221
 20
6.9404
 30
0.0
 10
1.312
 20
6.9404
 30
0.0
 10
1.1898
 20
6.9404
 30
0.0
 10
1.0964
 20
6.9145
 30
0.0
 10
1.0326
 20
6.8636
 30
0.0
 10
0.9687
 20
6.8127
 30
0.0
 10
0.9363
 20
6.7488
 30
0.0
 10
0.9363
 20
6.6702
 30
0.0
 10
0.9363
 20
6.5453
 30
0.0
 10
1.0373
 20
6.4583
 30
0.0
 10
1.2389
 20
6.4084
 30
0.0
 10
1.2389
 20
6.4084
 30
0.0
 10
1.609
 20
6.3159
 30
0.0
 10
1.609
 20
6.3159
 30
0.0
 10
1.8329
 20
6.2593
 30
0.0
 10
1.9828
 20
6.1762
 30
0.0
 10
2.0597
 20
6.066
 30
0.0
 10
2.1364
 20
5.9559
 30
0.0
 10
2.1744
 20
5.8347
 30
0.0
 10
2.1744
 20
5.7024
 30
0.0
 10
2.1744
 20
5.4887
 30
0.0
 10
2.0939
 20
5.3212
 30
0.0
 10
1.9329
 20
5.1981
 30
0.0
 10
1.7719
 20
5.075
 30
0.0
 10
1.5637
 20
5.0139
 30
0.0
 10
1.3074
 20
5.0139
 30
0.0
 10
1.0918
 20
5.0139
 30
0.0
 10
0.903
 20
5.0593
 30
0.0
 10
0.7411
 20
5.1491
 30
0.0
 10
0.5792
 20
5.2397
 30
0.0
 10
0.4709
 20
5.3804
 30
0.0
 10
0.4182
 20
5.5719
 30
0.0
  0
SPLINE
  5
74
330
1F
100
AcDbEntity
  8
Layer 1
 62
   240
100
AcDbSpline
210
0.0
220
0.0
230
1.0
 70
    11
 71
     3
 72
    65
 73
    61
 74
     0
 42
0.0000000001
 43
0.0000000001
 40
0.0
 40
0.0
 40
0.0
 40
0.0
 40
0.05
 40
0.05
 40
0.05
 40
0.1
 40
0.1
 40
0.1
 40
0.15
 40
0.15
 40
0.15
 40
0.2
 40
0.2
 40
0.2
 40
0.25
 40
0.25
 40
0.25
 40
0.3
 40
0.3
 40
0.3
 40
0.35
 40
0.35
 40
0.35
 40
0.4
 40
0.4
 40
0.4
 40
0.45
 40
0.45
 40
0.45
 40
0.5
 40
0.5
 40
0.5
 40
0.55
 40
0.55
 40
0.55
 40
0.6000000000000001
 40
0.6000000000000001
 40
0.6000000000000001
 40
0.65
 40
0.65
 40
0.65
 40
0.7000000000000001
 40
0.7000000000000001
 40
0.7000000000000001
 40
0.75
 40
0.75
 40
0.75
 40
0.8
 40
0.8
 40
0.8
 40
0.8500000000000001
 40
0.8500000000000001
 40
0.8500000000000001
 40
0.9
 40
0.9
 40
0.9
 40
0.9500000000000001
 40
0.9500000000000001
 40
0.9500000000000001
 40
1.0
 40
1.0
 40
1.0
 40
1.0
 10
4.1618
 20
6.1595
 30
0.0
 10
4.1618
 20
6.1595
 30
0.0
 10
4.1618
 20
5.0473
 30
0.0
 10
4.1618
 20
5.0473
 30
0.0
 10
4.1618
 20
5.0473
 30
0.0
 10
3.9879
 20
5.0473
 30
0.0
 10
3.9879
 20
5.0473
 30
0.0
 10
3.9879
 20
5.0473
 30
0.0
 10
3.8686
 20
5.3406
 30
0.0
 10
3.8686
 20
5.3406
 30
0.0
 10
3.7418
 20
5.1232
 30
0.0
 10
3.5456
 20
5.0139
 30
0.0
 10
3.2801
 20
5.0139
 30
0.0
 10
2.9841
 20
5.0139
 30
0.0
 10
2.7628
 20
5.1269
 30
0.0
 10
2.6167
 20
5.3517
 30
0.0
 10
2.4705
 20
5.5765
 30
0.0
 10
2.3974
 20
5.8375
 30
0.0
 10
2.3974
 20
6.1345
 30
0.0
 10
2.3974
 20
6.4481
 30
0.0
 10
2.4788
 20
6.7128
 30
0.0
 10
2.6417
 20
6.9302
 30
0.0
 10
2.8054
 20
7.1476
 30
0.0
 10
3.033
 20
7.2559
 30
0.0
 10
3.3263
 20
7.2559
 30
0.0
 10
3.5456
 20
7.2559
 30
0.0
 10
3.7252
 20
7.192
 30
0.0
 10
3.8667
 20
7.0653
 30
0.0
 10
4.0083
 20
6.9385
 30
0.0
 10
4.0971
 20
6.7813
 30
0.0
 10
4.1351
 20
6.5916
 30
0.0
 10
4.1351
 20
6.5916
 30
0.0
 10
3.7936
 20
6.5314
 30
0.0
 10
3.7936
 20
6.5314
 30
0.0
 10
3.7298
 20
6.7969
 30
0.0
 10
3.5781
 20
6.9293
 30
0.0
 10
3.3365
 20
6.9293
 30
0.0
 10
3.1821
 20
6.9293
 30
0.0
 10
3.0561
 20
6.8663
 30
0.0
 10
2.9591
 20
6.7415
 30
0.0
 10
2.8619
 20
6.6166
 30
0.0
 10
2.8137
 20
6.4231
 30
0.0
 10
2.8137
 20
6.1632
 30
0.0
 10
2.8137
 20
5.6136
 30
0.0
 10
2.9858
 20
5.3387
 30
0.0
 10
3.3301
 20
5.3387
 30
0.0
 10
3.4642
 20
5.3387
 30
0.0
 10
3.5743
 20
5.3851
 30
0.0
 10
3.6622
 20
5.4776
 30
0.0
 10
3.7502
 20
5.5701
 30
0.0
 10
3.7936
 20
5.6922
 30
0.0
 10
3.7936
 20
5.8439
 30
0.0
 10
3.7936
 20
5.8439
 30
0.0
 10
3.344
 20
5.8439
 30
0.0
 10
3.344
 20
5.8439
 30
0.0
 10
3.344
 20
5.8439
 30
0.0
 10
3.344
 20
6.1595
 30
0.0
 10
3.344
 20
6.1595
 30
0.0
 10
3.344
 20
6.1595
 30
0.0
 10
4.1618
 20
6.1595
 30
0.0
 10
4.1618
 20
6.1595
 30
0.0
  0
SPLINE
  5
75
330
1F
100
AcDbEntity
  8
Layer 1
 62
   240
100
AcDbSpline
210
0.0
220
0.0
230
1.0
 70
    11
 71
     3
 72
   269
 73
   265
 74
     0
 42
0.0000000001
 43
0.0000000001
 40
0.0
 40
0.0
 40
0.0
 40
0.0
 40
0.0113636363636364
 40
0.0113636363636364
 40
0.0113636363636364
 40
0.0227272727272727
 40
0.0227272727272727
 40
0.0227272727272727
 40
0.0340909090909091
 40
0.0340909090909091
 40
0.0340909090909091
 40
0.0454545454545455
 40
0.0454545454545455
 40
0.0454545454545455
 40
0.0568181818181818
 40
0.0568181818181818
 40
0.0568181818181818
 40
0.0681818181818182
 40
0.0681818181818182
 40
0.0681818181818182
 40
0.0795454545454545
 40
0.0795454545454545
 40
0.0795454545454545
 40
0.0909090909090909
 40
0.0909090909090909
 40
0.0909090909090909
 40
0.1022727272727273
 40
0.1022727272727273
 40
0.1022727272727273
 40
0.1136363636363636
 40
0.1136363636363636
 40
0.1136363636363636
 40
0.125
 40
0.125
 40
0.125
 40
0.1363636363636364
 40
0.1363636363636364
 40
0.1363636363636364
 40
0.1477272727272727
 40
0.1477272727272727
 40
0.1477272727272727
 40
0.1590909090909091
 40
0.1590909090909091
 40
0.1590909090909091
 40
0.1704545454545455
 40
0.1704545454545455
 40
0.1704545454545455
 40
0.1818181818181818
 40
0.1818181818181818
 40
0.1818181818181818
 40
0.1931818181818182
 40
0.1931818181818182
 40
0.1931818181818182
 40
0.2045454545454546
 40
0.2045454545454546
 40
0.2045454545454546
 40
0.2159090909090909
 40
0.2159090909090909
 40
0.2159090909090909
 40
0.2272727272727273
 40
0.2272727272727273
 40
0.2272727272727273
 40
0.2386363636363636
 40
0.2386363636363636
 40
0.2386363636363636
 40
0.25
 40
0.25
 40
0.25
 40
0.2613636363636364
 40
0.2613636363636364
 40
0.2613636363636364
 40
0.2727272727272727
 40
0.2727272727272727
 40
0.2727272727272727
 40
0.2840909090909091
 40
0.2840909090909091
 40
0.2840909090909091
 40
0.2954545454545455
 40
0.2954545454545455
 40
0.2954545454545455
 40
0.3068181818181818
 40
0.3068181818181818
 40
0.3068181818181818
 40
0.3181818181818182
 40
0.3181818181818182
 40
0.3181818181818182
 40
0.3295454545454545
 40
0.3295454545454545
 40
0.3295454545454545
 40
0.3409090909090909
 40
0.3409090909090909
 40
0.3409090909090909
 40
0.3522727272727273
 40
0.3522727272727273
 40
0.3522727272727273
 40
0.3636363636363636
 40
0.3636363636363636
 40
0.3636363636363636
 40
0.375
 40
0.375
 40
0.375
 40
0.3863636363636364
 40
0.3863636363636364
 40
0.3863636363636364
 40
0.3977272727272728
 40
0.3977272727272728
 40
0.3977272727272728
 40
0.4090909090909091
 40
0.4090909090909091
 40
0.4090909090909091
 40
0.4204545454545455
 40
0.4204545454545455
 40
0.4204545454545455
 40
0.4318181818181818
 40
0.4318181818181818
 40
0.4318181818181818
 40
0.4431818181818182
 40
0.4431818181818182
 40
0.4431818181818182
 40
0.4545454545454546
 40
0.4545454545454546
 40
0.4545454545454546
 40
0.4659090909090909
 40
0.4659090909090909
 40
0.4659090909090909
 40
0.4772727272727273
 40
0.4772727272727273
 40
0.4772727272727273
 40
0.4886363636363636
 40
0.4886363636363636
 40
0.4886363636363636
 40
0.5
 40
0.5
 40
0.5
 40
0.5113636363636364
 40
0.5113636363636364
 40
0.5113636363636364
 40
0.5227272727272727
 40
0.5227272727272727
 40
0.5227272727272727
 40
0.5340909090909091
 40
0.5340909090909091
 40
0.5340909090909091
 40
0.5454545454545454
 40
0.5454545454545454
 40
0.5454545454545454
 40
0.5568181818181819
 40
0.5568181818181819
 40
0.5568181818181819
 40
0.5681818181818182
 40
0.5681818181818182
 40
0.5681818181818182
 40
0.5795454545454546
 40
0.5795454545454546
 40
0.5795454545454546
 40
0.5909090909090909
 40
0.5909090909090909
 40
0.5909090909090909
 40
0.6022727272727273
 40
0.6022727272727273
 40
0.6022727272727273
 40
0.6136363636363636
 40
0.6136363636363636
 40
0.6136363636363636
 40
0.625
 40
0.625
 40
0.625
 40
0.6363636363636364
 40
0.6363636363636364
 40
0.6363636363636364
 40
0.6477272727272727
 40
0.6477272727272727
 40
0.6477272727272727
 40
0.6590909090909091
 40
0.6590909090909091
 40
0.6590909090909091
 40
0.6704545454545455
 40
0.6704545454545455
 40
0.6704545454545455
 40
0.6818181818181819
 40
0.6818181818181819
 40
0.6818181818181819
 40
0.6931818181818182
 40
0.6931818181818182
 40
0.6931818181818182
 40
0.7045454545454546
 40
0.7045454545454546
 40
0.7045454545454546
 40
0.7159090909090909
 40
0.7159090909090909
 40
0.7159090909090909
 40
0.7272727272727273
 40
0.7272727272727273
 40
0.7272727272727273
 40
0.7386363636363636
 40
0.7386363636363636
 40
0.7386363636363636
 40
0.75
 40
0.75
 40
0.75
 40
0.7613636363636364
 40
0.7613636363636364
 40
0.7613636363636364
 40
0.7727272727272727
 40
0.7727272727272727
 40
0.7727272727272727
 40
0.7840909090909091
 40
0.7840909090909091
 40
0.7840909090909091
 40
0.7954545454545455
 40
0.7954545454545455
 40
0.7954545454545455
 40
0.8068181818181819
 40
0.8068181818181819
 40
0.8068181818181819
 40
0.8181818181818182
 40
0.8181818181818182
 40
0.8181818181818182
 40
0.8295454545454546
 40
0.8295454545454546
 40
0.8295454545454546
 40
0.8409090909090909
 40
0.8409090909090909
 40
0.8409090909090909
 40
0.8522727272727273
 40
0.8522727272727273
 40
0.8522727272727273
 40
0.8636363636363636
 40
0.8636363636363636
 40
0.8636363636363636
 40
0.875
 40
0.875
 40
0.875
 40
0.8863636363636364
 40
0.8863636363636364
 40
0.8863636363636364
 40
0.8977272727272727
 40
0.8977272727272727
 40
0.8977272727272727
 40
0.9090909090909092
 40
0.9090909090909092
 40
0.9090909090909092
 40
0.9204545454545455
 40
0.9204545454545455
 40
0.9204545454545455
 40
0.9318181818181819
 40
0.9318181818181819
 40
0.9318181818181819
 40
0.9431818181818182
 40
0.9431818181818182
 40
0.9431818181818182
 40
0.9545454545454546
 40
0.9545454545454546
 40
0.9545454545454546
 40
0.9659090909090909
 40
0.9659090909090909
 40
0.9659090909090909
 40
0.9772727272727273
 40
0.9772727272727273
 40
0.9772727272727273
 40
0.9886363636363636
 40
0.9886363636363636
 40
0.9886363636363636
 40
1.0
 40
1.0
 40
1.0
 40
1.0
 10
3.6663
 20
-2.0371
 30
0.0
 10
3.6663
 20
-2.0371
 30
0.0
 10
3.8483
 20
-1.7728
 30
0.0
 10
3.8483
 20
-1.7728
 30
0.0
 10
3.8483
 20
-1.7728
 30
0.0
 10
3.8551
 20
-1.7714
 30
0.0
 10
3.8551
 20
-1.7714
 30
0.0
 10
3.9643
 20
-1.6275
 30
0.0
 10
4.0814
 20
-1.4934
 30
0.0
 10
4.2066
 20
-1.3709
 30
0.0
 10
4.3313
 20
-1.2475
 30
0.0
 10
4.4725
 20
-1.1389
 30
0.0
 10
4.6288
 20
-1.0454
 30
0.0
 10
5.1414
 20
-0.7635
 30
0.0
 10
5.5014
 20
-0.5387
 30
0.0
 10
5.7087
 20
-0.3703
 30
0.0
 10
5.8298
 20
-0.2805
 30
0.0
 10
5.8907
 20
-0.2081
 30
0.0
 10
5.8907
 20
-0.1531
 30
0.0
 10
5.8907
 20
-0.1024
 30
0.0
 10
5.8416
 20
-0.0613
 30
0.0
 10
5.7439
 20
-0.03
 30
0.0
 10
5.658
 20
-0.0028
 30
0.0
 10
5.5659
 20
0.0111
 30
0.0
 10
5.4684
 20
0.0111
 30
0.0
 10
5.2922
 20
0.0111
 30
0.0
 10
5.1003
 20
-0.1004
 30
0.0
 10
4.893
 20
-0.3235
 30
0.0
 10
4.7249
 20
-0.523
 30
0.0
 10
4.5604
 20
-0.7226
 30
0.0
 10
4.3998
 20
-0.922
 30
0.0
 10
4.3452
 20
-0.9885
 30
0.0
 10
4.2922
 20
-1.0396
 30
0.0
 10
4.2415
 20
-1.0747
 30
0.0
 10
4.2066
 20
-1.1021
 30
0.0
 10
4.1747
 20
-1.1001
 30
0.0
 10
4.1478
 20
-1.0685
 30
0.0
 10
4.1086
 20
-1.0297
 30
0.0
 10
4.1534
 20
-0.93
 30
0.0
 10
4.2826
 20
-0.7694
 30
0.0
 10
4.3843
 20
-0.6167
 30
0.0
 10
4.4429
 20
-0.519
 30
0.0
 10
4.4587
 20
-0.4762
 30
0.0
 10
4.5176
 20
-0.3666
 30
0.0
 10
4.5604
 20
-0.2196
 30
0.0
 10
4.5877
 20
-0.0356
 30
0.0
 10
4.6153
 20
0.1128
 30
0.0
 10
4.6347
 20
0.2614
 30
0.0
 10
4.6463
 20
0.4102
 30
0.0
 10
4.6584
 20
0.5273
 30
0.0
 10
4.664
 20
0.6547
 30
0.0
 10
4.664
 20
0.7916
 30
0.0
 10
4.664
 20
1.1203
 30
0.0
 10
4.7439
 20
1.4763
 30
0.0
 10
4.9048
 20
1.8599
 30
0.0
 10
4.9203
 20
1.9027
 30
0.0
 10
5.0197
 20
2.1274
 30
0.0
 10
5.2039
 20
2.5348
 30
0.0
 10
5.2431
 20
2.613
 30
0.0
 10
5.2704
 20
2.6522
 30
0.0
 10
5.2862
 20
2.6522
 30
0.0
 10
5.3053
 20
2.644
 30
0.0
 10
5.3155
 20
2.6167
 30
0.0
 10
5.3155
 20
2.5699
 30
0.0
 10
5.3155
 20
2.5699
 30
0.0
 10
5.3155
 20
2.5173
 30
0.0
 10
5.3155
 20
2.5173
 30
0.0
 10
5.3155
 20
2.4857
 30
0.0
 10
5.3099
 20
2.4564
 30
0.0
 10
5.2978
 20
2.4291
 30
0.0
 10
5.2978
 20
2.4291
 30
0.0
 10
5.2392
 20
2.1297
 30
0.0
 10
5.2392
 20
2.1297
 30
0.0
 10
5.1062
 20
1.1748
 30
0.0
 10
5.0338
 20
0.6701
 30
0.0
 10
5.022
 20
0.6155
 30
0.0
 10
4.9595
 20
0.318
 30
0.0
 10
4.9252
 20
0.1568
 30
0.0
 10
4.9196
 20
0.1315
 30
0.0
 10
4.9134
 20
0.1059
 30
0.0
 10
4.9048
 20
0.0815
 30
0.0
 10
4.893
 20
0.0578
 30
0.0
 10
5.0651
 20
0.2377
 30
0.0
 10
5.2217
 20
0.3986
 30
0.0
 10
5.3626
 20
0.5392
 30
0.0
 10
5.5267
 20
0.6682
 30
0.0
 10
5.6949
 20
0.733
 30
0.0
 10
5.867
 20
0.733
 30
0.0
 10
6.0077
 20
0.733
 30
0.0
 10
6.1233
 20
0.6958
 30
0.0
 10
6.2134
 20
0.6215
 30
0.0
 10
6.3072
 20
0.5431
 30
0.0
 10
6.3546
 20
0.4355
 30
0.0
 10
6.3546
 20
0.2986
 30
0.0
 10
6.3546
 20
0.1227
 30
0.0
 10
6.2502
 20
-0.1219
 30
0.0
 10
6.0433
 20
-0.4351
 30
0.0
 10
5.8475
 20
-0.7519
 30
0.0
 10
5.6399
 20
-0.9905
 30
0.0
 10
5.4211
 20
-1.1507
 30
0.0
 10
5.3507
 20
-1.202
 30
0.0
 10
5.1981
 20
-1.2705
 30
0.0
 10
4.9631
 20
-1.356
 30
0.0
 10
4.7755
 20
-1.4347
 30
0.0
 10
4.5077
 20
-1.5735
 30
0.0
 10
4.1592
 20
-1.7729
 30
0.0
 10
4.1593
 20
-1.8591
 30
0.0
 10
4.2321
 20
-1.9822
 30
0.0
 10
4.3764
 20
-2.1427
 30
0.0
 10
4.4508
 20
-2.2328
 30
0.0
 10
4.4879
 20
-2.3009
 30
0.0
 10
4.4879
 20
-2.3479
 30
0.0
 10
4.4879
 20
-2.442
 30
0.0
 10
4.4254
 20
-2.5516
 30
0.0
 10
4.3003
 20
-2.6767
 30
0.0
 10
4.1747
 20
-2.8021
 30
0.0
 10
4.0845
 20
-2.8646
 30
0.0
 10
4.0302
 20
-2.8646
 30
0.0
 10
3.9947
 20
-2.8646
 30
0.0
 10
3.9342
 20
-2.8448
 30
0.0
 10
3.8483
 20
-2.8064
 30
0.0
 10
3.7463
 20
-2.7625
 30
0.0
 10
3.6525
 20
-2.7418
 30
0.0
 10
3.5663
 20
-2.7418
 30
0.0
 10
3.4571
 20
-2.7418
 30
0.0
 10
3.3689
 20
-2.7866
 30
0.0
 10
3.3025
 20
-2.8764
 30
0.0
 10
3.2906
 20
-2.8922
 30
0.0
 10
3.2261
 20
-2.9938
 30
0.0
 10
3.1089
 20
-3.1818
 30
0.0
 10
2.9911
 20
-3.3693
 30
0.0
 10
2.9037
 20
-3.493
 30
0.0
 10
2.8448
 20
-3.5513
 30
0.0
 10
2.7118
 20
-3.6838
 30
0.0
 10
2.5592
 20
-3.7506
 30
0.0
 10
2.3869
 20
-3.7506
 30
0.0
 10
2.3869
 20
-3.7506
 30
0.0
 10
2.3869
 20
-3.7507
 30
0.0
 10
2.3869
 20
-3.7507
 30
0.0
 10
2.293
 20
-3.7546
 30
0.0
 10
2.197
 20
-3.7333
 30
0.0
 10
2.0992
 20
-3.6862
 30
0.0
 10
2.068
 20
-3.6743
 30
0.0
 10
1.9301
 20
-3.7803
 30
0.0
 10
1.6853
 20
-4.0027
 30
0.0
 10
1.4408
 20
-4.2261
 30
0.0
 10
1.2289
 20
-4.3176
 30
0.0
 10
1.049
 20
-4.2788
 30
0.0
 10
1.049
 20
-4.2788
 30
0.0
 10
1.049
 20
-4.2789
 30
0.0
 10
1.049
 20
-4.2789
 30
0.0
 10
1.049
 20
-4.2789
 30
0.0
 10
1.049
 20
-4.2788
 30
0.0
 10
1.049
 20
-4.2788
 30
0.0
 10
0.9316
 20
-4.2594
 30
0.0
 10
0.8434
 20
-4.2595
 30
0.0
 10
0.7848
 20
-4.2789
 30
0.0
 10
0.5812
 20
-4.3457
 30
0.0
 10
0.3719
 20
-4.5664
 30
0.0
 10
0.1567
 20
-4.9422
 30
0.0
 10
-0.0743
 20
-5.3176
 30
0.0
 10
-0.3326
 20
-5.5055
 30
0.0
 10
-0.6179
 20
-5.5055
 30
0.0
 10
-0.9074
 20
-5.4818
 30
0.0
 10
-1.1266
 20
-5.3508
 30
0.0
 10
-1.2752
 20
-5.1123
 30
0.0
 10
-1.4236
 20
-4.8737
 30
0.0
 10
-1.5003
 20
-4.5802
 30
0.0
 10
-1.5042
 20
-4.2322
 30
0.0
 10
-1.5042
 20
-4.2322
 30
0.0
 10
-1.5041
 20
-4.2318
 30
0.0
 10
-1.5041
 20
-4.2318
 30
0.0
 10
-1.5041
 20
-4.2318
 30
0.0
 10
-1.5042
 20
-4.2318
 30
0.0
 10
-1.5042
 20
-4.2318
 30
0.0
 10
-1.5003
 20
-3.9268
 30
0.0
 10
-1.468
 20
-3.5014
 30
0.0
 10
-1.4071
 20
-2.9559
 30
0.0
 10
-1.3466
 20
-2.4097
 30
0.0
 10
-1.2558
 20
-1.8062
 30
0.0
 10
-1.1344
 20
-1.1451
 30
0.0
 10
-1.0719
 20
-0.9534
 30
0.0
 10
-0.9449
 20
-0.6148
 30
0.0
 10
-0.753
 20
-0.1298
 30
0.0
 10
-0.7333
 20
-0.0827
 30
0.0
 10
-0.7129
 20
-0.0633
 30
0.0
 10
-0.6916
 20
-0.0709
 30
0.0
 10
-0.6701
 20
-0.0788
 30
0.0
 10
-0.6589
 20
-0.0985
 30
0.0
 10
-0.6589
 20
-0.1298
 30
0.0
 10
-0.6708
 20
-0.3683
 30
0.0
 10
-0.7198
 20
-0.8244
 30
0.0
 10
-0.8057
 20
-1.4972
 30
0.0
 10
-0.8919
 20
-2.1701
 30
0.0
 10
-0.9449
 20
-2.6318
 30
0.0
 10
-0.9643
 20
-2.8821
 30
0.0
 10
-0.9841
 20
-3.1329
 30
0.0
 10
-0.9936
 20
-3.2694
 30
0.0
 10
-0.9936
 20
-3.2927
 30
0.0
 10
-0.9936
 20
-3.2927
 30
0.0
 10
-0.9939
 20
-3.2992
 30
0.0
 10
-0.9939
 20
-3.2992
 30
0.0
 10
-0.9939
 20
-3.2992
 30
0.0
 10
-0.9936
 20
-3.299
 30
0.0
 10
-0.9936
 20
-3.299
 30
0.0
 10
-0.9936
 20
-3.6903
 30
0.0
 10
-0.8979
 20
-3.9739
 30
0.0
 10
-0.706
 20
-4.1499
 30
0.0
 10
-0.5613
 20
-4.2789
 30
0.0
 10
-0.3931
 20
-4.3433
 30
0.0
 10
-0.2013
 20
-4.3433
 30
0.0
 10
0.0646
 20
-4.3433
 30
0.0
 10
0.2837
 20
-4.2262
 30
0.0
 10
0.4561
 20
-3.9913
 30
0.0
 10
0.5851
 20
-3.8193
 30
0.0
 10
0.6956
 20
-3.6961
 30
0.0
 10
0.7874
 20
-3.6218
 30
0.0
 10
0.8795
 20
-3.5471
 30
0.0
 10
0.9667
 20
-3.5099
 30
0.0
 10
1.049
 20
-3.5099
 30
0.0
 10
1.049
 20
-3.5099
 30
0.0
 10
1.049
 20
-3.5098
 30
0.0
 10
1.049
 20
-3.5098
 30
0.0
 10
1.1151
 20
-3.5098
 30
0.0
 10
1.1898
 20
-3.5285
 30
0.0
 10
1.2721
 20
-3.5657
 30
0.0
 10
1.354
 20
-3.6032
 30
0.0
 10
1.4399
 20
-3.6247
 30
0.0
 10
1.53
 20
-3.6306
 30
0.0
 10
1.6198
 20
-3.6362
 30
0.0
 10
1.6982
 20
-3.6059
 30
0.0
 10
1.7649
 20
-3.5394
 30
0.0
 10
1.7923
 20
-3.52
 30
0.0
 10
1.8136
 20
-3.4908
 30
0.0
 10
1.8295
 20
-3.4516
 30
0.0
 10
1.6965
 20
-3.068
 30
0.0
 10
1.7274
 20
-2.6711
 30
0.0
 10
1.9232
 20
-2.2602
 30
0.0
 10
1.9897
 20
-2.1467
 30
0.0
 10
2.0443
 20
-2.0898
 30
0.0
 10
2.0877
 20
-2.0898
 30
0.0
 10
2.1226
 20
-2.0898
 30
0.0
 10
2.15
 20
-2.1525
 30
0.0
 10
2.1696
 20
-2.2776
 30
0.0
 10
2.193
 20
-2.5085
 30
0.0
 10
2.2657
 20
-2.6473
 30
0.0
 10
2.3868
 20
-2.6945
 30
0.0
 10
2.3868
 20
-2.6945
 30
0.0
 10
2.3868
 20
-2.6944
 30
0.0
 10
2.3868
 20
-2.6944
 30
0.0
 10
2.4884
 20
-2.7175
 30
0.0
 10
2.5894
 20
-2.7316
 30
0.0
 10
2.6891
 20
-2.7353
 30
0.0
 10
2.7888
 20
-2.7396
 30
0.0
 10
2.8866
 20
-2.727
 30
0.0
 10
2.9827
 20
-2.6974
 30
0.0
 10
3.0787
 20
-2.6678
 30
0.0
 10
3.1696
 20
-2.6046
 30
0.0
 10
3.2557
 20
-2.5069
 30
0.0
 10
3.2633
 20
-2.4984
 30
0.0
 10
3.3436
 20
-2.4072
 30
0.0
 10
3.4963
 20
-2.2309
 30
0.0
 10
3.4963
 20
-2.2309
 30
0.0
 10
3.6663
 20
-2.0371
 30
0.0
 10
3.6663
 20
-2.0371
 30
0.0
  0
SPLINE
  5
76
330
1F
100
AcDbEntity
  8
Layer 1
 62
   240
100
AcDbSpline
210
0.0
220
0.0
230
1.0
 70
    11
 71
     3
 72
    68
 73
    64
 74
     0
 42
0.0000000001
 43
0.0000000001
 40
0.0
 40
0.0
 40
0.0
 40
0.0
 40
0.0476190476190476
 40
0.0476190476190476
 40
0.0476190476190476
 40
0.0952380952380952
 40
0.0952380952380952
 40
0.0952380952380952
 40
0.1428571428571428
 40
0.1428571428571428
 40
0.1428571428571428
 40
0.1904761904761905
 40
0.1904761904761905
 40
0.1904761904761905
 40
0.2380952380952381
 40
0.2380952380952381
 40
0.2380952380952381
 40
0.2857142857142857
 40
0.2857142857142857
 40
0.2857142857142857
 40
0.3333333333333333
 40
0.3333333333333333
 40
0.3333333333333333
 40
0.3809523809523809
 40
0.3809523809523809
 40
0.3809523809523809
 40
0.4285714285714285
 40
0.4285714285714285
 40
0.4285714285714285
 40
0.4761904761904762
 40
0.4761904761904762
 40
0.4761904761904762
 40
0.5238095238095237
 40
0.5238095238095237
 40
0.5238095238095237
 40
0.5714285714285714
 40
0.5714285714285714
 40
0.5714285714285714
 40
0.6190476190476191
 40
0.6190476190476191
 40
0.6190476190476191
 40
0.6666666666666666
 40
0.6666666666666666
 40
0.6666666666666666
 40
0.7142857142857142
 40
0.7142857142857142
 40
0.7142857142857142
 40
0.7619047619047619
 40
0.7619047619047619
 40
0.7619047619047619
 40
0.8095238095238095
 40
0.8095238095238095
 40
0.8095238095238095
 40
0.8571428571428571
 40
0.8571428571428571
 40
0.8571428571428571
 40
0.9047619047619047
 40
0.9047619047619047
 40
0.9047619047619047
 40
0.9523809523809523
 40
0.9523809523809523
 40
0.9523809523809523
 40
1.0
 40
1.0
 40
1.0
 40
1.0
 10
7.6394
 20
-2.2016
 30
0.0
 10
7.6319
 20
-2.4829
 30
0.0
 10
7.6256
 20
-2.7372
 30
0.0
 10
7.6217
 20
-2.9643
 30
0.0
 10
7.6181
 20
-3.1913
 30
0.0
 10
7.6059
 20
-3.3831
 30
0.0
 10
7.5868
 20
-3.5394
 30
0.0
 10
7.5549
 20
-3.8763
 30
0.0
 10
7.4908
 20
-4.1741
 30
0.0
 10
7.393
 20
-4.4344
 30
0.0
 10
7.295
 20
-4.6943
 30
0.0
 10
7.2176
 20
-4.8681
 30
0.0
 10
7.1611
 20
-4.9539
 30
0.0
 10
7.1041
 20
-5.0398
 30
0.0
 10
7.0584
 20
-5.1023
 30
0.0
 10
7.0232
 20
-5.1414
 30
0.0
 10
6.98
 20
-5.181
 30
0.0
 10
6.9468
 20
-5.1935
 30
0.0
 10
6.9231
 20
-5.1799
 30
0.0
 10
6.9001
 20
-5.1661
 30
0.0
 10
6.8923
 20
-5.1434
 30
0.0
 10
6.9001
 20
-5.1125
 30
0.0
 10
6.9001
 20
-5.1046
 30
0.0
 10
6.9231
 20
-4.9861
 30
0.0
 10
6.9705
 20
-4.7572
 30
0.0
 10
7.0173
 20
-4.5282
 30
0.0
 10
7.0465
 20
-4.306
 30
0.0
 10
7.0584
 20
-4.0912
 30
0.0
 10
7.0702
 20
-3.8763
 30
0.0
 10
7.0719
 20
-3.572
 30
0.0
 10
7.0644
 20
-3.1788
 30
0.0
 10
7.0567
 20
-2.7853
 30
0.0
 10
7.0663
 20
-2.4849
 30
0.0
 10
7.0936
 20
-2.2776
 30
0.0
 10
7.1094
 20
-2.1565
 30
0.0
 10
7.1357
 20
-2.0308
 30
0.0
 10
7.1725
 20
-1.9021
 30
0.0
 10
7.2098
 20
-1.7728
 30
0.0
 10
7.2522
 20
-1.6458
 30
0.0
 10
7.2989
 20
-1.5208
 30
0.0
 10
7.3459
 20
-1.3955
 30
0.0
 10
7.396
 20
-1.277
 30
0.0
 10
7.4486
 20
-1.1658
 30
0.0
 10
7.5016
 20
-1.0542
 30
0.0
 10
7.5496
 20
-0.9552
 30
0.0
 10
7.5921
 20
-0.8694
 30
0.0
 10
7.628
 20
-0.8144
 30
0.0
 10
7.6592
 20
-0.793
 30
0.0
 10
7.6865
 20
-0.8045
 30
0.0
 10
7.7135
 20
-0.8164
 30
0.0
 10
7.7256
 20
-0.8381
 30
0.0
 10
7.7217
 20
-0.8694
 30
0.0
 10
7.7135
 20
-0.9006
 30
0.0
 10
7.7046
 20
-0.9739
 30
0.0
 10
7.6954
 20
-1.0891
 30
0.0
 10
7.6855
 20
-1.2046
 30
0.0
 10
7.6767
 20
-1.3335
 30
0.0
 10
7.6691
 20
-1.4767
 30
0.0
 10
7.6605
 20
-1.6191
 30
0.0
 10
7.6543
 20
-1.7593
 30
0.0
 10
7.648
 20
-1.8962
 30
0.0
 10
7.6421
 20
-2.0331
 30
0.0
 10
7.6394
 20
-2.1347
 30
0.0
 10
7.6394
 20
-2.2016
 30
0.0
  0
SPLINE
  5
77
330
1F
100
AcDbEntity
  8
Layer 1
 62
   240
100
AcDbSpline
210
0.0
220
0.0
230
1.0
 70
    11
 71
     3
 72
    53
 73
    49
 74
     0
 42
0.0000000001
 43
0.0000000001
 40
0.0
 40
0.0
 40
0.0
 40
0.0
 40
0.0625
 40
0.0625
 40
0.0625
 40
0.125
 40
0.125
 40
0.125
 40
0.1875
 40
0.1875
 40
0.1875
 40
0.25
 40
0.25
 40
0.25
 40
0.3125
 40
0.3125
 40
0.3125
 40
0.375
 40
0.375
 40
0.375
 40
0.4375
 40
0.4375
 40
0.4375
 40
0.5
 40
0.5
 40
0.5
 40
0.5625
 40
0.5625
 40
0.5625
 40
0.625
 40
0.625
 40
0.625
 40
0.6875
 40
0.6875
 40
0.6875
 40
0.75
 40
0.75
 40
0.75
 40
0.8125
 40
0.8125
 40
0.8125
 40
0.875
 40
0.875
 40
0.875
 40
0.9375
 40
0.9375
 40
0.9375
 40
1.0
 40
1.0
 40
1.0
 40
1.0
 10
0.8785
 20
-8.4338
 30
0.0
 10
1.0391
 20
-8.1327
 30
0.0
 10
1.1369
 20
-7.982
 30
0.0
 10
1.172
 20
-7.982
 30
0.0
 10
1.2385
 20
-7.9544
 30
0.0
 10
1.3353
 20
-8.0027
 30
0.0
 10
1.4626
 20
-8.1258
 30
0.0
 10
1.5896
 20
-8.2492
 30
0.0
 10
1.6863
 20
-8.3578
 30
0.0
 10
1.7531
 20
-8.4515
 30
0.0
 10
1.8314
 20
-8.3223
 30
0.0
 10
1.9183
 20
-8.1778
 30
0.0
 10
2.0141
 20
-8.0172
 30
0.0
 10
2.1098
 20
-7.8567
 30
0.0
 10
2.1736
 20
-7.7767
 30
0.0
 10
2.2049
 20
-7.7767
 30
0.0
 10
2.3026
 20
-7.7767
 30
0.0
 10
2.4194
 20
-7.8481
 30
0.0
 10
2.5543
 20
-7.9909
 30
0.0
 10
2.6892
 20
-8.1337
 30
0.0
 10
2.7606
 20
-8.2676
 30
0.0
 10
2.7681
 20
-8.3927
 30
0.0
 10
2.7681
 20
-8.5413
 30
0.0
 10
2.6961
 20
-8.7181
 30
0.0
 10
2.5514
 20
-8.9214
 30
0.0
 10
2.4105
 20
-9.1204
 30
0.0
 10
2.3065
 20
-9.2202
 30
0.0
 10
2.24
 20
-9.2202
 30
0.0
 10
2.197
 20
-9.2202
 30
0.0
 10
2.119
 20
-9.1635
 30
0.0
 10
2.0055
 20
-9.05
 30
0.0
 10
1.892
 20
-8.9369
 30
0.0
 10
1.7923
 20
-8.8484
 30
0.0
 10
1.7061
 20
-8.7862
 30
0.0
 10
1.4948
 20
-9.2122
 30
0.0
 10
1.3267
 20
-9.4258
 30
0.0
 10
1.2017
 20
-9.4258
 30
0.0
 10
1.1701
 20
-9.4258
 30
0.0
 10
1.125
 20
-9.4002
 30
0.0
 10
1.0665
 20
-9.3494
 30
0.0
 10
1.0118
 20
-9.3024
 30
0.0
 10
0.9265
 20
-9.232
 30
0.0
 10
0.8111
 20
-9.1385
 30
0.0
 10
0.6959
 20
-9.0442
 30
0.0
 10
0.6381
 20
-8.9856
 30
0.0
 10
0.6381
 20
-8.9625
 30
0.0
 10
0.6381
 20
-8.9112
 30
0.0
 10
0.718
 20
-8.7352
 30
0.0
 10
0.8785
 20
-8.4338
 30
0.0
  0
SPLINE
  5
78
330
1F
100
AcDbEntity
  8
Layer 1
 62
   240
100
AcDbSpline
210
0.0
220
0.0
230
1.0
 70
    11
 71
     3
 72
    32
 73
    28
 74
     0
 42
0.0000000001
 43
0.0000000001
 40
0.0
 40
0.0
 40
0.0
 40
0.0
 40
0.1111111111111111
 40
0.1111111111111111
 40
0.1111111111111111
 40
0.2222222222222222
 40
0.2222222222222222
 40
0.2222222222222222
 40
0.3333333333333333
 40
0.3333333333333333
 40
0.3333333333333333
 40
0.4444444444444444
 40
0.4444444444444444
 40
0.4444444444444444
 40
0.5555555555555556
 40
0.5555555555555556
 40
0.5555555555555556
 40
0.6666666666666666
 40
0.6666666666666666
 40
0.6666666666666666
 40
0.7777777777777777
 40
0.7777777777777777
 40
0.7777777777777777
 40
0.8888888888888888
 40
0.8888888888888888
 40
0.8888888888888888
 40
1.0
 40
1.0
 40
1.0
 40
1.0
 10
-0.2305
 20
-0.8869
 30
0.0
 10
-0.2305
 20
-0.8007
 30
0.0
 10
-0.1572
 20
-0.6138
 30
0.0
 10
-0.0108
 20
-0.3262
 30
0.0
 10
0.1359
 20
-0.0386
 30
0.0
 10
0.231
 20
0.1051
 30
0.0
 10
0.2741
 20
0.1051
 30
0.0
 10
0.36
 20
0.1404
 30
0.0
 10
0.4854
 20
0.0745
 30
0.0
 10
0.6495
 20
-0.0916
 30
0.0
 10
0.8141
 20
-0.2578
 30
0.0
 10
0.9019
 20
-0.3877
 30
0.0
 10
0.9138
 20
-0.4818
 30
0.0
 10
0.9138
 20
-0.6072
 30
0.0
 10
0.8453
 20
-0.7869
 30
0.0
 10
0.7085
 20
-1.0218
 30
0.0
 10
0.5713
 20
-1.2567
 30
0.0
 10
0.4716
 20
-1.3738
 30
0.0
 10
0.4091
 20
-1.3738
 30
0.0
 10
0.3857
 20
-1.3624
 30
0.0
 10
0.3044
 20
-1.3107
 30
0.0
 10
0.1656
 20
-1.2182
 30
0.0
 10
0.0267
 20
-1.1264
 30
0.0
 10
-0.0763
 20
-1.057
 30
0.0
 10
-0.1424
 20
-1.0099
 30
0.0
 10
-0.2013
 20
-0.9708
 30
0.0
 10
-0.2305
 20
-0.93
 30
0.0
 10
-0.2305
 20
-0.8869
 30
0.0
  0
SPLINE
  5
79
330
1F
100
AcDbEntity
  8
Layer 1
 62
   240
100
AcDbSpline
210
0.0
220
0.0
230
1.0
 70
    11
 71
     3
 72
    47
 73
    43
 74
     0
 42
0.0000000001
 43
0.0000000001
 40
0.0
 40
0.0
 40
0.0
 40
0.0
 40
0.0714285714285714
 40
0.0714285714285714
 40
0.0714285714285714
 40
0.1428571428571428
 40
0.1428571428571428
 40
0.1428571428571428
 40
0.2142857142857143
 40
0.2142857142857143
 40
0.2142857142857143
 40
0.2857142857142857
 40
0.2857142857142857
 40
0.2857142857142857
 40
0.3571428571428571
 40
0.3571428571428571
 40
0.3571428571428571
 40
0.4285714285714285
 40
0.4285714285714285
 40
0.4285714285714285
 40
0.5
 40
0.5
 40
0.5
 40
0.5714285714285714
 40
0.5714285714285714
 40
0.5714285714285714
 40
0.6428571428571428
 40
0.6428571428571428
 40
0.6428571428571428
 40
0.7142857142857142
 40
0.7142857142857142
 40
0.7142857142857142
 40
0.7857142857142857
 40
0.7857142857142857
 40
0.7857142857142857
 40
0.8571428571428571
 40
0.8571428571428571
 40
0.8571428571428571
 40
0.9285714285714285
 40
0.9285714285714285
 40
0.9285714285714285
 40
1.0
 40
1.0
 40
1.0
 40
1.0
 10
-3.8517
 20
-3.6629
 30
0.0
 10
-3.8359
 20
-3.7409
 30
0.0
 10
-3.8422
 20
-3.8271
 30
0.0
 10
-3.8691
 20
-3.9209
 30
0.0
 10
-3.8967
 20
-4.015
 30
0.0
 10
-3.9408
 20
-4.1196
 30
0.0
 10
-4.0014
 20
-4.2348
 30
0.0
 10
-4.0619
 20
-4.3506
 30
0.0
 10
-4.1432
 20
-4.4568
 30
0.0
 10
-4.2449
 20
-4.5546
 30
0.0
 10
-4.3113
 20
-4.6171
 30
0.0
 10
-4.3643
 20
-4.6484
 30
0.0
 10
-4.4035
 20
-4.6484
 30
0.0
 10
-4.4269
 20
-4.6484
 30
0.0
 10
-4.4808
 20
-4.6145
 30
0.0
 10
-4.5647
 20
-4.546
 30
0.0
 10
-4.6489
 20
-4.4779
 30
0.0
 10
-4.7252
 20
-4.4148
 30
0.0
 10
-4.7934
 20
-4.3582
 30
0.0
 10
-4.8622
 20
-4.3013
 30
0.0
 10
-4.9207
 20
-4.2496
 30
0.0
 10
-4.9697
 20
-4.2029
 30
0.0
 10
-5.0185
 20
-4.1558
 30
0.0
 10
-5.0431
 20
-4.1167
 30
0.0
 10
-5.0431
 20
-4.0851
 30
0.0
 10
-4.9921
 20
-3.9795
 30
0.0
 10
-4.955
 20
-3.8995
 30
0.0
 10
-4.9315
 20
-3.8445
 30
0.0
 10
-4.8533
 20
-3.6685
 30
0.0
 10
-4.7858
 20
-3.5297
 30
0.0
 10
-4.7292
 20
-3.4277
 30
0.0
 10
-4.6723
 20
-3.3263
 30
0.0
 10
-4.5835
 20
-3.1756
 30
0.0
 10
-4.462
 20
-2.9759
 30
0.0
 10
-4.3916
 20
-3.0348
 30
0.0
 10
-4.3044
 20
-3.1043
 30
0.0
 10
-4.2012
 20
-3.1842
 30
0.0
 10
-4.0974
 20
-3.2648
 30
0.0
 10
-4.0169
 20
-3.3401
 30
0.0
 10
-3.9602
 20
-3.4103
 30
0.0
 10
-3.9034
 20
-3.4806
 30
0.0
 10
-3.8672
 20
-3.5649
 30
0.0
 10
-3.8517
 20
-3.6629
 30
0.0
  0
SPLINE
  5
7A
330
1F
100
AcDbEntity
  8
Layer 1
 62
   240
100
AcDbSpline
210
0.0
220
0.0
230
1.0
 70
    11
 71
     3
 72
    68
 73
    64
 74
     0
 42
0.0000000001
 43
0.0000000001
 40
0.0
 40
0.0
 40
0.0
 40
0.0
 40
0.0476190476190476
 40
0.0476190476190476
 40
0.0476190476190476
 40
0.0952380952380952
 40
0.0952380952380952
 40
0.0952380952380952
 40
0.1428571428571428
 40
0.1428571428571428
 40
0.1428571428571428
 40
0.1904761904761905
 40
0.1904761904761905
 40
0.1904761904761905
 40
0.2380952380952381
 40
0.2380952380952381
 40
0.2380952380952381
 40
0.2857142857142857
 40
0.2857142857142857
 40
0.2857142857142857
 40
0.3333333333333333
 40
0.3333333333333333
 40
0.3333333333333333
 40
0.3809523809523809
 40
0.3809523809523809
 40
0.3809523809523809
 40
0.4285714285714285
 40
0.4285714285714285
 40
0.4285714285714285
 40
0.4761904761904762
 40
0.4761904761904762
 40
0.4761904761904762
 40
0.5238095238095237
 40
0.5238095238095237
 40
0.5238095238095237
 40
0.5714285714285714
 40
0.5714285714285714
 40
0.5714285714285714
 40
0.6190476190476191
 40
0.6190476190476191
 40
0.6190476190476191
 40
0.6666666666666666
 40
0.6666666666666666
 40
0.6666666666666666
 40
0.7142857142857142
 40
0.7142857142857142
 40
0.7142857142857142
 40
0.7619047619047619
 40
0.7619047619047619
 40
0.7619047619047619
 40
0.8095238095238095
 40
0.8095238095238095
 40
0.8095238095238095
 40
0.8571428571428571
 40
0.8571428571428571
 40
0.8571428571428571
 40
0.9047619047619047
 40
0.9047619047619047
 40
0.9047619047619047
 40
0.9523809523809523
 40
0.9523809523809523
 40
0.9523809523809523
 40
1.0
 40
1.0
 40
1.0
 40
1.0
 10
-2.0792
 20
-3.0877
 30
0.0
 10
-2.1499
 20
-4.3161
 30
0.0
 10
-2.5059
 20
-5.3725
 30
0.0
 10
-3.1476
 20
-6.2566
 30
0.0
 10
-3.7813
 20
-7.1131
 30
0.0
 10
-4.5423
 20
-7.5462
 30
0.0
 10
-5.4303
 20
-7.5537
 30
0.0
 10
-5.892
 20
-7.534
 30
0.0
 10
-6.2579
 20
-7.3826
 30
0.0
 10
-6.5276
 20
-7.0989
 30
0.0
 10
-6.7978
 20
-6.815
 30
0.0
 10
-6.9406
 20
-6.4212
 30
0.0
 10
-6.9564
 20
-5.9165
 30
0.0
 10
-6.96
 20
-5.1182
 30
0.0
 10
-6.6978
 20
-4.2515
 30
0.0
 10
-6.1697
 20
-3.3164
 30
0.0
 10
-6.068
 20
-3.1289
 30
0.0
 10
-6.0075
 20
-3.069
 30
0.0
 10
-5.9877
 20
-3.1375
 30
0.0
 10
-5.9683
 20
-3.2059
 30
0.0
 10
-5.9703
 20
-3.2753
 30
0.0
 10
-5.9937
 20
-3.3457
 30
0.0
 10
-6.3421
 20
-4.0347
 30
0.0
 10
-6.5201
 20
-4.6293
 30
0.0
 10
-6.5276
 20
-5.1298
 30
0.0
 10
-6.5123
 20
-5.5055
 30
0.0
 10
-6.3783
 20
-5.7911
 30
0.0
 10
-6.1259
 20
-5.9869
 30
0.0
 10
-5.8736
 20
-6.1823
 30
0.0
 10
-5.5399
 20
-6.2883
 30
0.0
 10
-5.1254
 20
-6.3034
 30
0.0
 10
-4.6167
 20
-6.3034
 30
0.0
 10
-4.1274
 20
-6.1685
 30
0.0
 10
-3.6582
 20
-5.8987
 30
0.0
 10
-3.1926
 20
-5.5894
 30
0.0
 10
-2.8679
 20
-5.1771
 30
0.0
 10
-2.684
 20
-4.6603
 30
0.0
 10
-2.6135
 20
-4.4805
 30
0.0
 10
-2.578
 20
-4.242
 30
0.0
 10
-2.578
 20
-3.9442
 30
0.0
 10
-2.578
 20
-3.8311
 30
0.0
 10
-2.579
 20
-3.6869
 30
0.0
 10
-2.581
 20
-3.5132
 30
0.0
 10
-2.5832
 20
-3.3392
 30
0.0
 10
-2.584
 20
-3.2151
 30
0.0
 10
-2.584
 20
-3.1404
 30
0.0
 10
-2.5685
 20
-2.9253
 30
0.0
 10
-2.5175
 20
-2.6873
 30
0.0
 10
-2.4316
 20
-2.4274
 30
0.0
 10
-2.3454
 20
-2.1672
 30
0.0
 10
-2.274
 20
-1.9783
 30
0.0
 10
-2.2174
 20
-1.8608
 30
0.0
 10
-2.1604
 20
-1.7437
 30
0.0
 10
-2.1124
 20
-1.6848
 30
0.0
 10
-2.0736
 20
-1.6848
 30
0.0
 10
-2.046
 20
-1.6848
 30
0.0
 10
-2.0344
 20
-1.7154
 30
0.0
 10
-2.0381
 20
-1.7763
 30
0.0
 10
-2.042
 20
-1.8365
 30
0.0
 10
-2.0482
 20
-1.9533
 30
0.0
 10
-2.0558
 20
-2.125
 30
0.0
 10
-2.0637
 20
-2.2975
 30
0.0
 10
-2.0717
 20
-2.6182
 30
0.0
 10
-2.0792
 20
-3.0877
 30
0.0
  0
SPLINE
  5
7B
330
1F
100
AcDbEntity
  8
Layer 1
 62
   240
100
AcDbSpline
210
0.0
220
0.0
230
1.0
 70
    11
 71
     3
 72
    26
 73
    22
 74
     0
 42
0.0000000001
 43
0.0000000001
 40
0.0
 40
0.0
 40
0.0
 40
0.0
 40
0.1428571428571428
 40
0.1428571428571428
 40
0.1428571428571428
 40
0.2857142857142857
 40
0.2857142857142857
 40
0.2857142857142857
 40
0.4285714285714285
 40
0.4285714285714285
 40
0.4285714285714285
 40
0.5714285714285714
 40
0.5714285714285714
 40
0.5714285714285714
 40
0.7142857142857142
 40
0.7142857142857142
 40
0.7142857142857142
 40
0.8571428571428571
 40
0.8571428571428571
 40
0.8571428571428571
 40
1.0
 40
1.0
 40
1.0
 40
1.0
 10
8.7274
 20
-6.4674
 30
0.0
 10
8.7274
 20
-6.4447
 30
0.0
 10
8.7067
 20
-6.4197
 30
0.0
 10
8.664
 20
-6.3934
 30
0.0
 10
8.6179
 20
-6.3667
 30
0.0
 10
8.5719
 20
-6.3535
 30
0.0
 10
8.5261
 20
-6.3535
 30
0.0
 10
8.4412
 20
-6.3503
 30
0.0
 10
8.3386
 20
-6.4164
 30
0.0
 10
8.2185
 20
-6.5526
 30
0.0
 10
8.1829
 20
-6.5894
 30
0.0
 10
8.1148
 20
-6.6701
 30
0.0
 10
8.0138
 20
-6.7938
 30
0.0
 10
8.1625
 20
-6.7872
 30
0.0
 10
8.285
 20
-6.7664
 30
0.0
 10
8.3813
 20
-6.7329
 30
0.0
 10
8.4777
 20
-6.6994
 30
0.0
 10
8.5583
 20
-6.6549
 30
0.0
 10
8.6245
 20
-6.6003
 30
0.0
 10
8.6933
 20
-6.5454
 30
0.0
 10
8.7274
 20
-6.5013
 30
0.0
 10
8.7274
 20
-6.4674
 30
0.0
  0
SPLINE
  5
7C
330
1F
100
AcDbEntity
  8
Layer 1
 62
   240
100
AcDbSpline
210
0.0
220
0.0
230
1.0
 70
    11
 71
     3
 72
   203
 73
   199
 74
     0
 42
0.0000000001
 43
0.0000000001
 40
0.0
 40
0.0
 40
0.0
 40
0.0
 40
0.0151515151515152
 40
0.0151515151515152
 40
0.0151515151515152
 40
0.0303030303030303
 40
0.0303030303030303
 40
0.0303030303030303
 40
0.0454545454545455
 40
0.0454545454545455
 40
0.0454545454545455
 40
0.0606060606060606
 40
0.0606060606060606
 40
0.0606060606060606
 40
0.0757575757575758
 40
0.0757575757575758
 40
0.0757575757575758
 40
0.0909090909090909
 40
0.0909090909090909
 40
0.0909090909090909
 40
0.1060606060606061
 40
0.1060606060606061
 40
0.1060606060606061
 40
0.1212121212121212
 40
0.1212121212121212
 40
0.1212121212121212
 40
0.1363636363636364
 40
0.1363636363636364
 40
0.1363636363636364
 40
0.1515151515151515
 40
0.1515151515151515
 40
0.1515151515151515
 40
0.1666666666666667
 40
0.1666666666666667
 40
0.1666666666666667
 40
0.1818181818181818
 40
0.1818181818181818
 40
0.1818181818181818
 40
0.196969696969697
 40
0.196969696969697
 40
0.196969696969697
 40
0.2121212121212121
 40
0.2121212121212121
 40
0.2121212121212121
 40
0.2272727272727273
 40
0.2272727272727273
 40
0.2272727272727273
 40
0.2424242424242424
 40
0.2424242424242424
 40
0.2424242424242424
 40
0.2575757575757576
 40
0.2575757575757576
 40
0.2575757575757576
 40
0.2727272727272727
 40
0.2727272727272727
 40
0.2727272727272727
 40
0.2878787878787879
 40
0.2878787878787879
 40
0.2878787878787879
 40
0.303030303030303
 40
0.303030303030303
 40
0.303030303030303
 40
0.3181818181818182
 40
0.3181818181818182
 40
0.3181818181818182
 40
0.3333333333333334
 40
0.3333333333333334
 40
0.3333333333333334
 40
0.3484848484848485
 40
0.3484848484848485
 40
0.3484848484848485
 40
0.3636363636363636
 40
0.3636363636363636
 40
0.3636363636363636
 40
0.3787878787878788
 40
0.3787878787878788
 40
0.3787878787878788
 40
0.3939393939393939
 40
0.3939393939393939
 40
0.3939393939393939
 40
0.4090909090909091
 40
0.4090909090909091
 40
0.4090909090909091
 40
0.4242424242424243
 40
0.4242424242424243
 40
0.4242424242424243
 40
0.4393939393939394
 40
0.4393939393939394
 40
0.4393939393939394
 40
0.4545454545454546
 40
0.4545454545454546
 40
0.4545454545454546
 40
0.4696969696969697
 40
0.4696969696969697
 40
0.4696969696969697
 40
0.4848484848484849
 40
0.4848484848484849
 40
0.4848484848484849
 40
0.5
 40
0.5
 40
0.5
 40
0.5151515151515151
 40
0.5151515151515151
 40
0.5151515151515151
 40
0.5303030303030303
 40
0.5303030303030303
 40
0.5303030303030303
 40
0.5454545454545454
 40
0.5454545454545454
 40
0.5454545454545454
 40
0.5606060606060607
 40
0.5606060606060607
 40
0.5606060606060607
 40
0.5757575757575758
 40
0.5757575757575758
 40
0.5757575757575758
 40
0.5909090909090909
 40
0.5909090909090909
 40
0.5909090909090909
 40
0.6060606060606061
 40
0.6060606060606061
 40
0.6060606060606061
 40
0.6212121212121212
 40
0.6212121212121212
 40
0.6212121212121212
 40
0.6363636363636364
 40
0.6363636363636364
 40
0.6363636363636364
 40
0.6515151515151515
 40
0.6515151515151515
 40
0.6515151515151515
 40
0.6666666666666667
 40
0.6666666666666667
 40
0.6666666666666667
 40
0.6818181818181819
 40
0.6818181818181819
 40
0.6818181818181819
 40
0.696969696969697
 40
0.696969696969697
 40
0.696969696969697
 40
0.7121212121212122
 40
0.7121212121212122
 40
0.7121212121212122
 40
0.7272727272727273
 40
0.7272727272727273
 40
0.7272727272727273
 40
0.7424242424242424
 40
0.7424242424242424
 40
0.7424242424242424
 40
0.7575757575757576
 40
0.7575757575757576
 40
0.7575757575757576
 40
0.7727272727272727
 40
0.7727272727272727
 40
0.7727272727272727
 40
0.7878787878787878
 40
0.7878787878787878
 40
0.7878787878787878
 40
0.8030303030303031
 40
0.8030303030303031
 40
0.8030303030303031
 40
0.8181818181818182
 40
0.8181818181818182
 40
0.8181818181818182
 40
0.8333333333333334
 40
0.8333333333333334
 40
0.8333333333333334
 40
0.8484848484848485
 40
0.8484848484848485
 40
0.8484848484848485
 40
0.8636363636363636
 40
0.8636363636363636
 40
0.8636363636363636
 40
0.8787878787878788
 40
0.8787878787878788
 40
0.8787878787878788
 40
0.8939393939393939
 40
0.8939393939393939
 40
0.8939393939393939
 40
0.9090909090909092
 40
0.9090909090909092
 40
0.9090909090909092
 40
0.9242424242424243
 40
0.9242424242424243
 40
0.9242424242424243
 40
0.9393939393939394
 40
0.9393939393939394
 40
0.9393939393939394
 40
0.9545454545454546
 40
0.9545454545454546
 40
0.9545454545454546
 40
0.9696969696969697
 40
0.9696969696969697
 40
0.9696969696969697
 40
0.9848484848484849
 40
0.9848484848484849
 40
0.9848484848484849
 40
1.0
 40
1.0
 40
1.0
 40
1.0
 10
7.5235
 20
-6.4527
 30
0.0
 10
7.5273
 20
-6.495
 30
0.0
 10
7.5351
 20
-6.5363
 30
0.0
 10
7.5469
 20
-6.5763
 30
0.0
 10
7.57
 20
-6.649
 30
0.0
 10
7.6133
 20
-6.7007
 30
0.0
 10
7.6772
 20
-6.7316
 30
0.0
 10
7.741
 20
-6.7622
 30
0.0
 10
7.8125
 20
-6.7806
 30
0.0
 10
7.892
 20
-6.7858
 30
0.0
 10
7.892
 20
-6.7858
 30
0.0
 10
8.0509
 20
-6.5526
 30
0.0
 10
8.0509
 20
-6.5526
 30
0.0
 10
8.0773
 20
-6.5082
 30
0.0
 10
8.101
 20
-6.4332
 30
0.0
 10
8.1201
 20
-6.3269
 30
0.0
 10
8.1289
 20
-6.2687
 30
0.0
 10
8.1339
 20
-6.141
 30
0.0
 10
8.1362
 20
-5.9435
 30
0.0
 10
8.1375
 20
-5.7468
 30
0.0
 10
8.1467
 20
-5.6
 30
0.0
 10
8.1625
 20
-5.5046
 30
0.0
 10
8.1803
 20
-5.4165
 30
0.0
 10
8.2145
 20
-5.3017
 30
0.0
 10
8.2661
 20
-5.1611
 30
0.0
 10
8.3171
 20
-5.0206
 30
0.0
 10
8.349
 20
-4.939
 30
0.0
 10
8.3602
 20
-4.917
 30
0.0
 10
8.3718
 20
-4.8953
 30
0.0
 10
8.381
 20
-4.8768
 30
0.0
 10
8.3882
 20
-4.8627
 30
0.0
 10
8.3968
 20
-4.8482
 30
0.0
 10
8.4054
 20
-4.8456
 30
0.0
 10
8.4119
 20
-4.8535
 30
0.0
 10
8.4192
 20
-4.8613
 30
0.0
 10
8.4209
 20
-4.8752
 30
0.0
 10
8.4175
 20
-4.8946
 30
0.0
 10
8.3978
 20
-5.0127
 30
0.0
 10
8.3846
 20
-5.1098
 30
0.0
 10
8.3777
 20
-5.1852
 30
0.0
 10
8.3701
 20
-5.2602
 30
0.0
 10
8.3675
 20
-5.3319
 30
0.0
 10
8.3682
 20
-5.3997
 30
0.0
 10
8.3692
 20
-5.4678
 30
0.0
 10
8.3679
 20
-5.556
 30
0.0
 10
8.3642
 20
-5.6642
 30
0.0
 10
8.3609
 20
-5.7718
 30
0.0
 10
8.3501
 20
-5.8712
 30
0.0
 10
8.3323
 20
-5.9623
 30
0.0
 10
8.3149
 20
-6.0531
 30
0.0
 10
8.2928
 20
-6.142
 30
0.0
 10
8.2661
 20
-6.2275
 30
0.0
 10
8.2395
 20
-6.3131
 30
0.0
 10
8.2221
 20
-6.3677
 30
0.0
 10
8.2129
 20
-6.3908
 30
0.0
 10
8.2553
 20
-6.3374
 30
0.0
 10
8.3079
 20
-6.2769
 30
0.0
 10
8.3695
 20
-6.2075
 30
0.0
 10
8.4879
 20
-6.0801
 30
0.0
 10
8.5952
 20
-6.0166
 30
0.0
 10
8.6906
 20
-6.0166
 30
0.0
 10
8.7485
 20
-6.0166
 30
0.0
 10
8.8019
 20
-6.0354
 30
0.0
 10
8.8495
 20
-6.0722
 30
0.0
 10
8.8989
 20
-6.1078
 30
0.0
 10
8.9242
 20
-6.1581
 30
0.0
 10
8.9242
 20
-6.2239
 30
0.0
 10
8.9242
 20
-6.3934
 30
0.0
 10
8.8239
 20
-6.6082
 30
0.0
 10
8.6245
 20
-6.8681
 30
0.0
 10
8.38
 20
-7.183
 30
0.0
 10
8.1132
 20
-7.3403
 30
0.0
 10
7.8233
 20
-7.3403
 30
0.0
 10
7.6483
 20
-7.3403
 30
0.0
 10
7.5156
 20
-7.2871
 30
0.0
 10
7.4252
 20
-7.1802
 30
0.0
 10
7.4189
 20
-7.2008
 30
0.0
 10
7.4127
 20
-7.2196
 30
0.0
 10
7.4067
 20
-7.2365
 30
0.0
 10
7.3903
 20
-7.2895
 30
0.0
 10
7.3682
 20
-7.3524
 30
0.0
 10
7.3389
 20
-7.4237
 30
0.0
 10
7.3097
 20
-7.4952
 30
0.0
 10
7.2689
 20
-7.5708
 30
0.0
 10
7.2168
 20
-7.6504
 30
0.0
 10
7.1645
 20
-7.7301
 30
0.0
 10
7.1123
 20
-7.7949
 30
0.0
 10
7.0593
 20
-7.8443
 30
0.0
 10
6.976
 20
-7.915
 30
0.0
 10
6.8885
 20
-7.9496
 30
0.0
 10
6.7964
 20
-7.9472
 30
0.0
 10
6.7486
 20
-7.9459
 30
0.0
 10
6.7053
 20
-7.9337
 30
0.0
 10
6.6664
 20
-7.9107
 30
0.0
 10
6.6295
 20
-7.8857
 30
0.0
 10
6.595
 20
-7.8557
 30
0.0
 10
6.5631
 20
-7.8206
 30
0.0
 10
6.5348
 20
-7.7975
 30
0.0
 10
6.5171
 20
-7.7827
 30
0.0
 10
6.5102
 20
-7.7755
 30
0.0
 10
6.4852
 20
-7.7521
 30
0.0
 10
6.4727
 20
-7.7281
 30
0.0
 10
6.4727
 20
-7.7038
 30
0.0
 10
6.4727
 20
-7.6864
 30
0.0
 10
6.4815
 20
-7.6656
 30
0.0
 10
6.4992
 20
-7.6425
 30
0.0
 10
6.5171
 20
-7.6195
 30
0.0
 10
6.5375
 20
-7.5938
 30
0.0
 10
6.5601
 20
-7.5656
 30
0.0
 10
6.571
 20
-7.5514
 30
0.0
 10
6.5851
 20
-7.5303
 30
0.0
 10
6.603
 20
-7.5021
 30
0.0
 10
6.6204
 20
-7.4738
 30
0.0
 10
6.6362
 20
-7.4362
 30
0.0
 10
6.6493
 20
-7.3892
 30
0.0
 10
6.6628
 20
-7.3425
 30
0.0
 10
6.6737
 20
-7.2809
 30
0.0
 10
6.6825
 20
-7.2053
 30
0.0
 10
6.6898
 20
-7.1289
 30
0.0
 10
6.6937
 20
-7.0634
 30
0.0
 10
6.6954
 20
-7.0088
 30
0.0
 10
6.6954
 20
-7.0088
 30
0.0
 10
6.7013
 20
-6.8443
 30
0.0
 10
6.7013
 20
-6.8443
 30
0.0
 10
6.7026
 20
-6.7877
 30
0.0
 10
6.7026
 20
-6.7282
 30
0.0
 10
6.7013
 20
-6.6663
 30
0.0
 10
6.7046
 20
-6.5038
 30
0.0
 10
6.7325
 20
-6.3271
 30
0.0
 10
6.7862
 20
-6.1359
 30
0.0
 10
6.8231
 20
-6.007
 30
0.0
 10
6.8823
 20
-5.8325
 30
0.0
 10
6.9639
 20
-5.6135
 30
0.0
 10
6.9688
 20
-5.5993
 30
0.0
 10
6.9744
 20
-5.5894
 30
0.0
 10
6.9793
 20
-5.5842
 30
0.0
 10
6.9846
 20
-5.5789
 30
0.0
 10
6.9896
 20
-5.5759
 30
0.0
 10
6.9928
 20
-5.5759
 30
0.0
 10
7.0053
 20
-5.5779
 30
0.0
 10
7.0103
 20
-5.6118
 30
0.0
 10
7.0086
 20
-5.6769
 30
0.0
 10
7.0066
 20
-5.7092
 30
0.0
 10
7.0034
 20
-5.7602
 30
0.0
 10
6.998
 20
-5.8309
 30
0.0
 10
6.9928
 20
-5.9033
 30
0.0
 10
6.9896
 20
-5.9493
 30
0.0
 10
6.9876
 20
-5.9688
 30
0.0
 10
6.9876
 20
-5.9688
 30
0.0
 10
6.9293
 20
-6.6584
 30
0.0
 10
6.9293
 20
-6.6584
 30
0.0
 10
6.9257
 20
-6.7414
 30
0.0
 10
6.9158
 20
-6.8364
 30
0.0
 10
6.9
 20
-6.9423
 30
0.0
 10
6.8823
 20
-7.0447
 30
0.0
 10
6.8563
 20
-7.145
 30
0.0
 10
6.8231
 20
-7.2421
 30
0.0
 10
6.777
 20
-7.3853
 30
0.0
 10
6.7178
 20
-7.5087
 30
0.0
 10
6.6454
 20
-7.611
 30
0.0
 10
6.6489
 20
-7.6182
 30
0.0
 10
6.6631
 20
-7.6215
 30
0.0
 10
6.6878
 20
-7.6215
 30
0.0
 10
6.6878
 20
-7.6215
 30
0.0
 10
6.7542
 20
-7.6238
 30
0.0
 10
6.7542
 20
-7.6238
 30
0.0
 10
6.8513
 20
-7.6278
 30
0.0
 10
6.9487
 20
-7.5908
 30
0.0
 10
7.0461
 20
-7.5139
 30
0.0
 10
7.1435
 20
-7.4372
 30
0.0
 10
7.205
 20
-7.356
 30
0.0
 10
7.2314
 20
-7.2701
 30
0.0
 10
7.258
 20
-7.1839
 30
0.0
 10
7.2722
 20
-7.0976
 30
0.0
 10
7.2738
 20
-7.0112
 30
0.0
 10
7.2863
 20
-6.8114
 30
0.0
 10
7.2958
 20
-6.6377
 30
0.0
 10
7.3031
 20
-6.49
 30
0.0
 10
7.31
 20
-6.3425
 30
0.0
 10
7.3215
 20
-6.2224
 30
0.0
 10
7.3363
 20
-6.1306
 30
0.0
 10
7.3512
 20
-6.0385
 30
0.0
 10
7.3762
 20
-5.9389
 30
0.0
 10
7.4091
 20
-5.8309
 30
0.0
 10
7.4429
 20
-5.723
 30
0.0
 10
7.4962
 20
-5.5831
 30
0.0
 10
7.5683
 20
-5.4113
 30
0.0
 10
7.5791
 20
-5.3943
 30
0.0
 10
7.5887
 20
-5.387
 30
0.0
 10
7.5976
 20
-5.3906
 30
0.0
 10
7.6064
 20
-5.3943
 30
0.0
 10
7.6025
 20
-5.4634
 30
0.0
 10
7.5854
 20
-5.5986
 30
0.0
 10
7.5687
 20
-5.7339
 30
0.0
 10
7.5515
 20
-5.9339
 30
0.0
 10
7.5341
 20
-6.1995
 30
0.0
 10
7.5321
 20
-6.2688
 30
0.0
 10
7.5285
 20
-6.3529
 30
0.0
 10
7.5235
 20
-6.4527
 30
0.0
  0
SPLINE
  5
7D
330
1F
100
AcDbEntity
  8
Layer 1
 62
   240
100
AcDbSpline
210
0.0
220
0.0
230
1.0
 70
    11
 71
     3
 72
   170
 73
   166
 74
     0
 42
0.0000000001
 43
0.0000000001
 40
0.0
 40
0.0
 40
0.0
 40
0.0
 40
0.0181818181818182
 40
0.0181818181818182
 40
0.0181818181818182
 40
0.0363636363636364
 40
0.0363636363636364
 40
0.0363636363636364
 40
0.0545454545454545
 40
0.0545454545454545
 40
0.0545454545454545
 40
0.0727272727272727
 40
0.0727272727272727
 40
0.0727272727272727
 40
0.0909090909090909
 40
0.0909090909090909
 40
0.0909090909090909
 40
0.1090909090909091
 40
0.1090909090909091
 40
0.1090909090909091
 40
0.1272727272727273
 40
0.1272727272727273
 40
0.1272727272727273
 40
0.1454545454545454
 40
0.1454545454545454
 40
0.1454545454545454
 40
0.1636363636363636
 40
0.1636363636363636
 40
0.1636363636363636
 40
0.1818181818181818
 40
0.1818181818181818
 40
0.1818181818181818
 40
0.2
 40
0.2
 40
0.2
 40
0.2181818181818182
 40
0.2181818181818182
 40
0.2181818181818182
 40
0.2363636363636364
 40
0.2363636363636364
 40
0.2363636363636364
 40
0.2545454545454545
 40
0.2545454545454545
 40
0.2545454545454545
 40
0.2727272727272727
 40
0.2727272727272727
 40
0.2727272727272727
 40
0.2909090909090909
 40
0.2909090909090909
 40
0.2909090909090909
 40
0.3090909090909091
 40
0.3090909090909091
 40
0.3090909090909091
 40
0.3272727272727273
 40
0.3272727272727273
 40
0.3272727272727273
 40
0.3454545454545455
 40
0.3454545454545455
 40
0.3454545454545455
 40
0.3636363636363636
 40
0.3636363636363636
 40
0.3636363636363636
 40
0.3818181818181818
 40
0.3818181818181818
 40
0.3818181818181818
 40
0.4
 40
0.4
 40
0.4
 40
0.4181818181818182
 40
0.4181818181818182
 40
0.4181818181818182
 40
0.4363636363636363
 40
0.4363636363636363
 40
0.4363636363636363
 40
0.4545454545454545
 40
0.4545454545454545
 40
0.4545454545454545
 40
0.4727272727272727
 40
0.4727272727272727
 40
0.4727272727272727
 40
0.4909090909090909
 40
0.4909090909090909
 40
0.4909090909090909
 40
0.509090909090909
 40
0.509090909090909
 40
0.509090909090909
 40
0.5272727272727272
 40
0.5272727272727272
 40
0.5272727272727272
 40
0.5454545454545454
 40
0.5454545454545454
 40
0.5454545454545454
 40
0.5636363636363636
 40
0.5636363636363636
 40
0.5636363636363636
 40
0.5818181818181818
 40
0.5818181818181818
 40
0.5818181818181818
 40
0.6
 40
0.6
 40
0.6
 40
0.6181818181818182
 40
0.6181818181818182
 40
0.6181818181818182
 40
0.6363636363636364
 40
0.6363636363636364
 40
0.6363636363636364
 40
0.6545454545454545
 40
0.6545454545454545
 40
0.6545454545454545
 40
0.6727272727272727
 40
0.6727272727272727
 40
0.6727272727272727
 40
0.6909090909090909
 40
0.6909090909090909
 40
0.6909090909090909
 40
0.7090909090909091
 40
0.7090909090909091
 40
0.7090909090909091
 40
0.7272727272727273
 40
0.7272727272727273
 40
0.7272727272727273
 40
0.7454545454545454
 40
0.7454545454545454
 40
0.7454545454545454
 40
0.7636363636363636
 40
0.7636363636363636
 40
0.7636363636363636
 40
0.7818181818181817
 40
0.7818181818181817
 40
0.7818181818181817
 40
0.7999999999999999
 40
0.7999999999999999
 40
0.7999999999999999
 40
0.8181818181818181
 40
0.8181818181818181
 40
0.8181818181818181
 40
0.8363636363636363
 40
0.8363636363636363
 40
0.8363636363636363
 40
0.8545454545454545
 40
0.8545454545454545
 40
0.8545454545454545
 40
0.8727272727272727
 40
0.8727272727272727
 40
0.8727272727272727
 40
0.8909090909090909
 40
0.8909090909090909
 40
0.8909090909090909
 40
0.9090909090909091
 40
0.9090909090909091
 40
0.9090909090909091
 40
0.9272727272727272
 40
0.9272727272727272
 40
0.9272727272727272
 40
0.9454545454545454
 40
0.9454545454545454
 40
0.9454545454545454
 40
0.9636363636363636
 40
0.9636363636363636
 40
0.9636363636363636
 40
0.9818181818181818
 40
0.9818181818181818
 40
0.9818181818181818
 40
1.0
 40
1.0
 40
1.0
 40
1.0
 10
6.3166
 20
-5.7965
 30
0.0
 10
6.3097
 20
-5.8409
 30
0.0
 10
6.2982
 20
-5.8837
 30
0.0
 10
6.283
 20
-5.9252
 30
0.0
 10
6.2686
 20
-5.9666
 30
0.0
 10
6.2432
 20
-6.0245
 30
0.0
 10
6.209
 20
-6.0985
 30
0.0
 10
6.1745
 20
-6.1733
 30
0.0
 10
6.1537
 20
-6.2153
 30
0.0
 10
6.1465
 20
-6.2262
 30
0.0
 10
6.1181
 20
-6.2703
 30
0.0
 10
6.0935
 20
-6.2924
 30
0.0
 10
6.0724
 20
-6.2924
 30
0.0
 10
6.0563
 20
-6.2818
 30
0.0
 10
6.0425
 20
-6.2713
 30
0.0
 10
6.0296
 20
-6.262
 30
0.0
 10
6.0175
 20
-6.2522
 30
0.0
 10
6.0059
 20
-6.2472
 30
0.0
 10
5.9951
 20
-6.2472
 30
0.0
 10
5.951
 20
-6.2472
 30
0.0
 10
5.8928
 20
-6.2657
 30
0.0
 10
5.8201
 20
-6.3016
 30
0.0
 10
5.7477
 20
-6.3381
 30
0.0
 10
5.668
 20
-6.3956
 30
0.0
 10
5.5819
 20
-6.4753
 30
0.0
 10
5.495
 20
-6.5552
 30
0.0
 10
5.4272
 20
-6.6292
 30
0.0
 10
5.3785
 20
-6.6984
 30
0.0
 10
5.3301
 20
-6.7671
 30
0.0
 10
5.3055
 20
-6.8151
 30
0.0
 10
5.3055
 20
-6.8415
 30
0.0
 10
5.3055
 20
-6.8803
 30
0.0
 10
5.3183
 20
-6.9105
 30
0.0
 10
5.3426
 20
-6.9316
 30
0.0
 10
5.3637
 20
-6.9475
 30
0.0
 10
5.4022
 20
-6.9662
 30
0.0
 10
5.4572
 20
-6.9872
 30
0.0
 10
5.5118
 20
-7.0089
 30
0.0
 10
5.548
 20
-7.0261
 30
0.0
 10
5.5657
 20
-7.0402
 30
0.0
 10
5.624
 20
-7.081
 30
0.0
 10
5.6529
 20
-7.1607
 30
0.0
 10
5.6529
 20
-7.2794
 30
0.0
 10
5.6529
 20
-7.4436
 30
0.0
 10
5.6223
 20
-7.6315
 30
0.0
 10
5.5601
 20
-7.843
 30
0.0
 10
5.4987
 20
-8.0543
 30
0.0
 10
5.417
 20
-8.2379
 30
0.0
 10
5.3163
 20
-8.3935
 30
0.0
 10
5.2653
 20
-8.4656
 30
0.0
 10
5.2051
 20
-8.5383
 30
0.0
 10
5.1357
 20
-8.611
 30
0.0
 10
5.0669
 20
-8.6831
 30
0.0
 10
4.9929
 20
-8.7452
 30
0.0
 10
4.9129
 20
-8.7962
 30
0.0
 10
4.7606
 20
-8.8973
 30
0.0
 10
4.5859
 20
-8.9479
 30
0.0
 10
4.3878
 20
-8.9479
 30
0.0
 10
4.1631
 20
-8.9444
 30
0.0
 10
3.9927
 20
-8.8683
 30
0.0
 10
3.8759
 20
-8.7196
 30
0.0
 10
3.8229
 20
-8.6436
 30
0.0
 10
3.7863
 20
-8.563
 30
0.0
 10
3.7659
 20
-8.4781
 30
0.0
 10
3.7456
 20
-8.3935
 30
0.0
 10
3.735
 20
-8.3129
 30
0.0
 10
3.735
 20
-8.2365
 30
0.0
 10
3.735
 20
-8.1398
 30
0.0
 10
3.7422
 20
-8.0444
 30
0.0
 10
3.7564
 20
-7.952
 30
0.0
 10
3.7709
 20
-7.8592
 30
0.0
 10
3.7926
 20
-7.7654
 30
0.0
 10
3.8229
 20
-7.6716
 30
0.0
 10
3.869
 20
-7.5196
 30
0.0
 10
3.9246
 20
-7.3732
 30
0.0
 10
3.99
 20
-7.2314
 30
0.0
 10
4.0555
 20
-7.0899
 30
0.0
 10
4.1085
 20
-6.976
 30
0.0
 10
4.1493
 20
-6.8892
 30
0.0
 10
4.1493
 20
-6.8892
 30
0.0
 10
4.274
 20
-6.624
 30
0.0
 10
4.274
 20
-6.624
 30
0.0
 10
4.2881
 20
-6.5941
 30
0.0
 10
4.3032
 20
-6.5648
 30
0.0
 10
4.3191
 20
-6.5364
 30
0.0
 10
4.3349
 20
-6.5082
 30
0.0
 10
4.349
 20
-6.494
 30
0.0
 10
4.3615
 20
-6.494
 30
0.0
 10
4.379
 20
-6.494
 30
0.0
 10
4.3881
 20
-6.5082
 30
0.0
 10
4.3891
 20
-6.5364
 30
0.0
 10
4.3902
 20
-6.5648
 30
0.0
 10
4.3872
 20
-6.5859
 30
0.0
 10
4.3799
 20
-6.6
 30
0.0
 10
4.3605
 20
-6.6513
 30
0.0
 10
4.3434
 20
-6.6944
 30
0.0
 10
4.3295
 20
-6.7287
 30
0.0
 10
4.3155
 20
-6.7632
 30
0.0
 10
4.294
 20
-6.8135
 30
0.0
 10
4.2661
 20
-6.8786
 30
0.0
 10
4.2375
 20
-6.9438
 30
0.0
 10
4.2072
 20
-7.0149
 30
0.0
 10
4.174
 20
-7.0909
 30
0.0
 10
4.1414
 20
-7.1669
 30
0.0
 10
4.1147
 20
-7.2294
 30
0.0
 10
4.0933
 20
-7.2794
 30
0.0
 10
3.989
 20
-7.5551
 30
0.0
 10
3.9371
 20
-7.7621
 30
0.0
 10
3.9371
 20
-7.9003
 30
0.0
 10
3.9371
 20
-8.0448
 30
0.0
 10
3.9887
 20
-8.1599
 30
0.0
 10
4.0917
 20
-8.2448
 30
0.0
 10
4.1957
 20
-8.3297
 30
0.0
 10
4.3411
 20
-8.3718
 30
0.0
 10
4.528
 20
-8.3718
 30
0.0
 10
4.684
 20
-8.3718
 30
0.0
 10
4.8343
 20
-8.336
 30
0.0
 10
4.9797
 20
-8.2636
 30
0.0
 10
5.0873
 20
-8.2087
 30
0.0
 10
5.1772
 20
-8.1422
 30
0.0
 10
5.2502
 20
-8.0648
 30
0.0
 10
5.3226
 20
-7.9865
 30
0.0
 10
5.3775
 20
-7.9141
 30
0.0
 10
5.416
 20
-7.8457
 30
0.0
 10
5.4539
 20
-7.7776
 30
0.0
 10
5.4729
 20
-7.716
 30
0.0
 10
5.4729
 20
-7.6611
 30
0.0
 10
5.4729
 20
-7.6275
 30
0.0
 10
5.4473
 20
-7.6029
 30
0.0
 10
5.3973
 20
-7.5871
 30
0.0
 10
5.3466
 20
-7.571
 30
0.0
 10
5.3104
 20
-7.5601
 30
0.0
 10
5.2883
 20
-7.5551
 30
0.0
 10
5.2663
 20
-7.5499
 30
0.0
 10
5.241
 20
-7.54
 30
0.0
 10
5.213
 20
-7.5258
 30
0.0
 10
5.158
 20
-7.4995
 30
0.0
 10
5.1166
 20
-7.466
 30
0.0
 10
5.0883
 20
-7.4265
 30
0.0
 10
5.06
 20
-7.3867
 30
0.0
 10
5.0458
 20
-7.3324
 30
0.0
 10
5.0458
 20
-7.2633
 30
0.0
 10
5.0458
 20
-7.1593
 30
0.0
 10
5.0794
 20
-7.0261
 30
0.0
 10
5.1475
 20
-6.8652
 30
0.0
 10
5.216
 20
-6.7046
 30
0.0
 10
5.3117
 20
-6.546
 30
0.0
 10
5.4354
 20
-6.3908
 30
0.0
 10
5.5364
 20
-6.2631
 30
0.0
 10
5.6283
 20
-6.1597
 30
0.0
 10
5.7112
 20
-6.0801
 30
0.0
 10
5.7556
 20
-6.0396
 30
0.0
 10
5.8122
 20
-5.9932
 30
0.0
 10
5.8816
 20
-5.9406
 30
0.0
 10
5.9504
 20
-5.8886
 30
0.0
 10
6.0175
 20
-5.8445
 30
0.0
 10
6.0826
 20
-5.807
 30
0.0
 10
6.1626
 20
-5.7609
 30
0.0
 10
6.2254
 20
-5.7346
 30
0.0
 10
6.2708
 20
-5.7271
 30
0.0
 10
6.2909
 20
-5.7271
 30
0.0
 10
6.3041
 20
-5.7353
 30
0.0
 10
6.311
 20
-5.7511
 30
0.0
 10
6.3182
 20
-5.7672
 30
0.0
 10
6.3199
 20
-5.782
 30
0.0
 10
6.3166
 20
-5.7965
 30
0.0
  0
SPLINE
  5
7E
330
1F
100
AcDbEntity
  8
Layer 1
 62
   240
100
AcDbSpline
210
0.0
220
0.0
230
1.0
 70
    11
 71
     3
 72
    47
 73
    43
 74
     0
 42
0.0000000001
 43
0.0000000001
 40
0.0
 40
0.0
 40
0.0
 40
0.0
 40
0.0714285714285714
 40
0.0714285714285714
 40
0.0714285714285714
 40
0.1428571428571428
 40
0.1428571428571428
 40
0.1428571428571428
 40
0.2142857142857143
 40
0.2142857142857143
 40
0.2142857142857143
 40
0.2857142857142857
 40
0.2857142857142857
 40
0.2857142857142857
 40
0.3571428571428571
 40
0.3571428571428571
 40
0.3571428571428571
 40
0.4285714285714285
 40
0.4285714285714285
 40
0.4285714285714285
 40
0.5
 40
0.5
 40
0.5
 40
0.5714285714285714
 40
0.5714285714285714
 40
0.5714285714285714
 40
0.6428571428571428
 40
0.6428571428571428
 40
0.6428571428571428
 40
0.7142857142857142
 40
0.7142857142857142
 40
0.7142857142857142
 40
0.7857142857142857
 40
0.7857142857142857
 40
0.7857142857142857
 40
0.8571428571428571
 40
0.8571428571428571
 40
0.8571428571428571
 40
0.9285714285714285
 40
0.9285714285714285
 40
0.9285714285714285
 40
1.0
 40
1.0
 40
1.0
 40
1.0
 10
-14.2893
 20
-13.3462
 30
0.0
 10
-14.2893
 20
-13.3462
 30
0.0
 10
-14.2523
 20
-13.3119
 30
0.0
 10
-14.2523
 20
-13.3119
 30
0.0
 10
-14.0951
 20
-13.1663
 30
0.0
 10
-14.0816
 20
-12.9293
 30
0.0
 10
-14.2217
 20
-12.7681
 30
0.0
 10
-14.2217
 20
-12.7681
 30
0.0
 10
-14.5955
 20
-12.338
 30
0.0
 10
-14.5955
 20
-12.338
 30
0.0
 10
-14.7456
 20
-12.1646
 30
0.0
 10
-15.0153
 20
-12.1436
 30
0.0
 10
-15.193
 20
-12.2906
 30
0.0
 10
-15.193
 20
-12.2906
 30
0.0
 10
-15.5191
 20
-12.5608
 30
0.0
 10
-15.5191
 20
-12.5608
 30
0.0
 10
-15.6317
 20
-12.6539
 30
0.0
 10
-15.6833
 20
-12.7957
 30
0.0
 10
-15.657
 20
-12.9359
 30
0.0
 10
-15.5165
 20
-13.6887
 30
0.0
 10
-14.8795
 20
-16.0229
 30
0.0
 10
-12.3891
 20
-16.0429
 30
0.0
 10
-12.3328
 20
-16.0436
 30
0.0
 10
-12.1712
 20
-15.9206
 30
0.0
 10
-12.0189
 20
-15.7929
 30
0.0
 10
-11.8402
 20
-15.6428
 30
0.0
 10
-11.8258
 20
-15.3819
 30
0.0
 10
-11.9883
 20
-15.2164
 30
0.0
 10
-11.9883
 20
-15.2164
 30
0.0
 10
-12.4539
 20
-14.741
 30
0.0
 10
-12.4539
 20
-14.741
 30
0.0
 10
-12.6155
 20
-14.5768
 30
0.0
 10
-12.8866
 20
-14.5715
 30
0.0
 10
-13.0544
 20
-14.7292
 30
0.0
 10
-13.2041
 20
-14.8703
 30
0.0
 10
-13.4386
 20
-14.8847
 30
0.0
 10
-13.6051
 20
-14.7617
 30
0.0
 10
-13.8056
 20
-14.6136
 30
0.0
 10
-14.0767
 20
-14.3383
 30
0.0
 10
-14.3649
 20
-13.8289
 30
0.0
 10
-14.4547
 20
-13.67
 30
0.0
 10
-14.4248
 20
-13.4719
 30
0.0
 10
-14.2893
 20
-13.3462
 30
0.0
  0
SPLINE
  5
7F
330
1F
100
AcDbEntity
  8
Layer 1
 62
   240
100
AcDbSpline
210
0.0
220
0.0
230
1.0
 70
    11
 71
     3
 72
    29
 73
    25
 74
     0
 42
0.0000000001
 43
0.0000000001
 40
0.0
 40
0.0
 40
0.0
 40
0.0
 40
0.125
 40
0.125
 40
0.125
 40
0.25
 40
0.25
 40
0.25
 40
0.375
 40
0.375
 40
0.375
 40
0.5
 40
0.5
 40
0.5
 40
0.625
 40
0.625
 40
0.625
 40
0.75
 40
0.75
 40
0.75
 40
0.875
 40
0.875
 40
0.875
 40
1.0
 40
1.0
 40
1.0
 40
1.0
 10
-9.0605
 20
-15.1999
 30
0.0
 10
-8.9246
 20
-15.1999
 30
0.0
 10
-8.8148
 20
-15.1581
 30
0.0
 10
-8.7312
 20
-15.0745
 30
0.0
 10
-8.6476
 20
-14.991
 30
0.0
 10
-8.5907
 20
-14.8738
 30
0.0
 10
-8.5604
 20
-14.7235
 30
0.0
 10
-8.5305
 20
-14.5731
 30
0.0
 10
-8.5154
 20
-14.3655
 30
0.0
 10
-8.5154
 20
-14.0996
 30
0.0
 10
-8.5154
 20
-13.8801
 30
0.0
 10
-8.5525
 20
-13.6716
 30
0.0
 10
-8.6263
 20
-13.4744
 30
0.0
 10
-8.7
 20
-13.2767
 30
0.0
 10
-8.8417
 20
-13.1783
 30
0.0
 10
-9.0506
 20
-13.1783
 30
0.0
 10
-9.4143
 20
-13.1783
 30
0.0
 10
-9.5959
 20
-13.5142
 30
0.0
 10
-9.5959
 20
-14.1861
 30
0.0
 10
-9.5959
 20
-14.4909
 30
0.0
 10
-9.5574
 20
-14.736
 30
0.0
 10
-9.4801
 20
-14.9216
 30
0.0
 10
-9.4031
 20
-15.1074
 30
0.0
 10
-9.2632
 20
-15.1999
 30
0.0
 10
-9.0605
 20
-15.1999
 30
0.0
  0
SPLINE
  5
80
330
1F
100
AcDbEntity
  8
Layer 1
 62
   240
100
AcDbSpline
210
0.0
220
0.0
230
1.0
 70
    11
 71
     3
 72
    35
 73
    31
 74
     0
 42
0.0000000001
 43
0.0000000001
 40
0.0
 40
0.0
 40
0.0
 40
0.0
 40
0.1
 40
0.1
 40
0.1
 40
0.2
 40
0.2
 40
0.2
 40
0.3
 40
0.3
 40
0.3
 40
0.4
 40
0.4
 40
0.4
 40
0.5
 40
0.5
 40
0.5
 40
0.6000000000000001
 40
0.6000000000000001
 40
0.6000000000000001
 40
0.7000000000000001
 40
0.7000000000000001
 40
0.7000000000000001
 40
0.8
 40
0.8
 40
0.8
 40
0.9
 40
0.9
 40
0.9
 40
1.0
 40
1.0
 40
1.0
 40
1.0
 10
-9.0586
 20
-15.5783
 30
0.0
 10
-9.3866
 20
-15.5783
 30
0.0
 10
-9.6396
 20
-15.4512
 30
0.0
 10
-9.8173
 20
-15.1969
 30
0.0
 10
-9.9954
 20
-14.9429
 30
0.0
 10
-10.0842
 20
-14.6195
 30
0.0
 10
-10.0842
 20
-14.2273
 30
0.0
 10
-10.0842
 20
-13.8041
 30
0.0
 10
-9.9911
 20
-13.4636
 30
0.0
 10
-9.8045
 20
-13.2056
 30
0.0
 10
-9.6183
 20
-12.9484
 30
0.0
 10
-9.3685
 20
-12.8194
 30
0.0
 10
-9.0547
 20
-12.8194
 30
0.0
 10
-8.8286
 20
-12.8194
 30
0.0
 10
-8.6375
 20
-12.8799
 30
0.0
 10
-8.4812
 20
-13.0006
 30
0.0
 10
-8.3252
 20
-13.122
 30
0.0
 10
-8.2087
 20
-13.2898
 30
0.0
 10
-8.132
 20
-13.5051
 30
0.0
 10
-8.0557
 20
-13.7199
 30
0.0
 10
-8.0175
 20
-13.9216
 30
0.0
 10
-8.0175
 20
-14.1098
 30
0.0
 10
-8.0175
 20
-14.425
 30
0.0
 10
-8.0534
 20
-14.6836
 30
0.0
 10
-8.1251
 20
-14.885
 30
0.0
 10
-8.1972
 20
-15.087
 30
0.0
 10
-8.3114
 20
-15.2532
 30
0.0
 10
-8.4683
 20
-15.3835
 30
0.0
 10
-8.6253
 20
-15.5134
 30
0.0
 10
-8.822
 20
-15.5783
 30
0.0
 10
-9.0586
 20
-15.5783
 30
0.0
  0
SPLINE
  5
81
330
1F
100
AcDbEntity
  8
Layer 1
 62
   240
100
AcDbSpline
210
0.0
220
0.0
230
1.0
 70
    11
 71
     3
 72
    29
 73
    25
 74
     0
 42
0.0000000001
 43
0.0000000001
 40
0.0
 40
0.0
 40
0.0
 40
0.0
 40
0.125
 40
0.125
 40
0.125
 40
0.25
 40
0.25
 40
0.25
 40
0.375
 40
0.375
 40
0.375
 40
0.5
 40
0.5
 40
0.5
 40
0.625
 40
0.625
 40
0.625
 40
0.75
 40
0.75
 40
0.75
 40
0.875
 40
0.875
 40
0.875
 40
1.0
 40
1.0
 40
1.0
 40
1.0
 10
-7.7606
 20
-12.8603
 30
0.0
 10
-7.7606
 20
-12.8603
 30
0.0
 10
-5.8604
 20
-12.8603
 30
0.0
 10
-5.8604
 20
-12.8603
 30
0.0
 10
-5.8604
 20
-12.8603
 30
0.0
 10
-5.8604
 20
-13.2016
 30
0.0
 10
-5.8604
 20
-13.2016
 30
0.0
 10
-6.1901
 20
-13.6293
 30
0.0
 10
-6.4085
 20
-14.0001
 30
0.0
 10
-6.5165
 20
-14.3136
 30
0.0
 10
-6.6241
 20
-14.6276
 30
0.0
 10
-6.6892
 20
-15.0349
 30
0.0
 10
-6.7116
 20
-15.5373
 30
0.0
 10
-6.7116
 20
-15.5373
 30
0.0
 10
-7.2624
 20
-15.5373
 30
0.0
 10
-7.2624
 20
-15.5373
 30
0.0
 10
-7.217
 20
-14.6704
 30
0.0
 10
-6.886
 20
-13.9165
 30
0.0
 10
-6.2703
 20
-13.2746
 30
0.0
 10
-6.2703
 20
-13.2746
 30
0.0
 10
-7.8017
 20
-13.2746
 30
0.0
 10
-7.8017
 20
-13.2746
 30
0.0
 10
-7.8017
 20
-13.2746
 30
0.0
 10
-7.7606
 20
-12.8603
 30
0.0
 10
-7.7606
 20
-12.8603
 30
0.0
  0
SPLINE
  5
82
330
1F
100
AcDbEntity
  8
Layer 1
 62
   240
100
AcDbSpline
210
0.0
220
0.0
230
1.0
 70
    11
 71
     3
 72
    44
 73
    40
 74
     0
 42
0.0000000001
 43
0.0000000001
 40
0.0
 40
0.0
 40
0.0
 40
0.0
 40
0.0769230769230769
 40
0.0769230769230769
 40
0.0769230769230769
 40
0.1538461538461539
 40
0.1538461538461539
 40
0.1538461538461539
 40
0.2307692307692308
 40
0.2307692307692308
 40
0.2307692307692308
 40
0.3076923076923077
 40
0.3076923076923077
 40
0.3076923076923077
 40
0.3846153846153846
 40
0.3846153846153846
 40
0.3846153846153846
 40
0.4615384615384616
 40
0.4615384615384616
 40
0.4615384615384616
 40
0.5384615384615385
 40
0.5384615384615385
 40
0.5384615384615385
 40
0.6153846153846154
 40
0.6153846153846154
 40
0.6153846153846154
 40
0.6923076923076923
 40
0.6923076923076923
 40
0.6923076923076923
 40
0.7692307692307693
 40
0.7692307692307693
 40
0.7692307692307693
 40
0.8461538461538463
 40
0.8461538461538463
 40
0.8461538461538463
 40
0.9230769230769231
 40
0.9230769230769231
 40
0.9230769230769231
 40
1.0
 40
1.0
 40
1.0
 40
1.0
 10
-3.5446
 20
-15.5373
 30
0.0
 10
-3.5446
 20
-15.5373
 30
0.0
 10
-5.5938
 20
-15.5373
 30
0.0
 10
-5.5938
 20
-15.5373
 30
0.0
 10
-5.5938
 20
-15.5373
 30
0.0
 10
-5.5938
 20
-15.1431
 30
0.0
 10
-5.5938
 20
-15.1431
 30
0.0
 10
-5.5938
 20
-15.1431
 30
0.0
 10
-4.7875
 20
-15.1431
 30
0.0
 10
-4.7875
 20
-15.1431
 30
0.0
 10
-4.7875
 20
-15.1431
 30
0.0
 10
-4.7875
 20
-13.4529
 30
0.0
 10
-4.7875
 20
-13.4529
 30
0.0
 10
-5.0558
 20
-13.6868
 30
0.0
 10
-5.2996
 20
-13.8474
 30
0.0
 10
-5.519
 20
-13.9355
 30
0.0
 10
-5.519
 20
-13.9355
 30
0.0
 10
-5.519
 20
-13.4529
 30
0.0
 10
-5.519
 20
-13.4529
 30
0.0
 10
-5.2956
 20
-13.3676
 30
0.0
 10
-5.1558
 20
-13.3075
 30
0.0
 10
-5.0995
 20
-13.2716
 30
0.0
 10
-5.0433
 20
-13.2354
 30
0.0
 10
-4.961
 20
-13.1692
 30
0.0
 10
-4.8524
 20
-13.0715
 30
0.0
 10
-4.7442
 20
-12.9741
 30
0.0
 10
-4.6675
 20
-12.8853
 30
0.0
 10
-4.6231
 20
-12.8057
 30
0.0
 10
-4.6231
 20
-12.8057
 30
0.0
 10
-4.3012
 20
-12.8057
 30
0.0
 10
-4.3012
 20
-12.8057
 30
0.0
 10
-4.3012
 20
-12.8057
 30
0.0
 10
-4.3012
 20
-15.1431
 30
0.0
 10
-4.3012
 20
-15.1431
 30
0.0
 10
-4.3012
 20
-15.1431
 30
0.0
 10
-3.5446
 20
-15.1431
 30
0.0
 10
-3.5446
 20
-15.1431
 30
0.0
 10
-3.5446
 20
-15.1431
 30
0.0
 10
-3.5446
 20
-15.5373
 30
0.0
 10
-3.5446
 20
-15.5373
 30
0.0
  0
SPLINE
  5
83
330
1F
100
AcDbEntity
  8
Layer 1
 62
   240
100
AcDbSpline
210
0.0
220
0.0
230
1.0
 70
    11
 71
     3
 72
    17
 73
    13
 74
     0
 42
0.0000000001
 43
0.0000000001
 40
0.0
 40
0.0
 40
0.0
 40
0.0
 40
0.25
 40
0.25
 40
0.25
 40
0.5
 40
0.5
 40
0.5
 40
0.75
 40
0.75
 40
0.75
 40
1.0
 40
1.0
 40
1.0
 40
1.0
 10
-3.5133
 20
-15.7471
 30
0.0
 10
-3.5133
 20
-15.7471
 30
0.0
 10
-1.5052
 20
-15.7471
 30
0.0
 10
-1.5052
 20
-15.7471
 30
0.0
 10
-1.5052
 20
-15.7471
 30
0.0
 10
-1.5052
 20
-16.1548
 30
0.0
 10
-1.5052
 20
-16.1548
 30
0.0
 10
-1.5052
 20
-16.1548
 30
0.0
 10
-3.5133
 20
-16.1548
 30
0.0
 10
-3.5133
 20
-16.1548
 30
0.0
 10
-3.5133
 20
-16.1548
 30
0.0
 10
-3.5133
 20
-15.7471
 30
0.0
 10
-3.5133
 20
-15.7471
 30
0.0
  0
SPLINE
  5
84
330
1F
100
AcDbEntity
  8
Layer 1
 62
   240
100
AcDbSpline
210
0.0
220
0.0
230
1.0
 70
    11
 71
     3
 72
    65
 73
    61
 74
     0
 42
0.0000000001
 43
0.0000000001
 40
0.0
 40
0.0
 40
0.0
 40
0.0
 40
0.05
 40
0.05
 40
0.05
 40
0.1
 40
0.1
 40
0.1
 40
0.15
 40
0.15
 40
0.15
 40
0.2
 40
0.2
 40
0.2
 40
0.25
 40
0.25
 40
0.25
 40
0.3
 40
0.3
 40
0.3
 40
0.35
 40
0.35
 40
0.35
 40
0.4
 40
0.4
 40
0.4
 40
0.45
 40
0.45
 40
0.45
 40
0.5
 40
0.5
 40
0.5
 40
0.55
 40
0.55
 40
0.55
 40
0.6000000000000001
 40
0.6000000000000001
 40
0.6000000000000001
 40
0.65
 40
0.65
 40
0.65
 40
0.7000000000000001
 40
0.7000000000000001
 40
0.7000000000000001
 40
0.75
 40
0.75
 40
0.75
 40
0.8
 40
0.8
 40
0.8
 40
0.8500000000000001
 40
0.8500000000000001
 40
0.8500000000000001
 40
0.9
 40
0.9
 40
0.9
 40
0.9500000000000001
 40
0.9500000000000001
 40
0.9500000000000001
 40
1.0
 40
1.0
 40
1.0
 40
1.0
 10
-1.0797
 20
-12.8603
 30
0.0
 10
-1.0797
 20
-12.8603
 30
0.0
 10
0.5852
 20
-12.8603
 30
0.0
 10
0.5852
 20
-12.8603
 30
0.0
 10
0.5852
 20
-12.8603
 30
0.0
 10
0.5418
 20
-13.2746
 30
0.0
 10
0.5418
 20
-13.2746
 30
0.0
 10
0.5418
 20
-13.2746
 30
0.0
 10
-0.7266
 20
-13.2746
 30
0.0
 10
-0.7266
 20
-13.2746
 30
0.0
 10
-0.7266
 20
-13.2746
 30
0.0
 10
-0.8013
 20
-14.0508
 30
0.0
 10
-0.8013
 20
-14.0508
 30
0.0
 10
-0.6405
 20
-13.8458
 30
0.0
 10
-0.4305
 20
-13.7431
 30
0.0
 10
-0.1716
 20
-13.7431
 30
0.0
 10
0.0857
 20
-13.7431
 30
0.0
 10
0.3029
 20
-13.832
 30
0.0
 10
0.4803
 20
-14.0097
 30
0.0
 10
0.6573
 20
-14.1876
 30
0.0
 10
0.7458
 20
-14.3989
 30
0.0
 10
0.7458
 20
-14.6431
 30
0.0
 10
0.7458
 20
-14.8981
 30
0.0
 10
0.6534
 20
-15.1175
 30
0.0
 10
0.4674
 20
-15.3017
 30
0.0
 10
0.2819
 20
-15.486
 30
0.0
 10
0.0269
 20
-15.5785
 30
0.0
 10
-0.2972
 20
-15.5785
 30
0.0
 10
-0.5548
 20
-15.5785
 30
0.0
 10
-0.7799
 20
-15.519
 30
0.0
 10
-0.9728
 20
-15.3998
 30
0.0
 10
-1.1656
 20
-15.281
 30
0.0
 10
-1.2909
 20
-15.0961
 30
0.0
 10
-1.3482
 20
-14.8451
 30
0.0
 10
-1.3482
 20
-14.8451
 30
0.0
 10
-0.8856
 20
-14.7766
 30
0.0
 10
-0.8856
 20
-14.7766
 30
0.0
 10
-0.7954
 20
-15.0494
 30
0.0
 10
-0.6078
 20
-15.1863
 30
0.0
 10
-0.3229
 20
-15.1863
 30
0.0
 10
-0.1475
 20
-15.1863
 30
0.0
 10
-0.0127
 20
-15.133
 30
0.0
 10
0.0821
 20
-15.0273
 30
0.0
 10
0.1769
 20
-14.9218
 30
0.0
 10
0.2242
 20
-14.7934
 30
0.0
 10
0.2242
 20
-14.6431
 30
0.0
 10
0.2242
 20
-14.494
 30
0.0
 10
0.1772
 20
-14.3683
 30
0.0
 10
0.0831
 20
-14.2656
 30
0.0
 10
-0.011
 20
-14.163
 30
0.0
 10
-0.1334
 20
-14.112
 30
0.0
 10
-0.2838
 20
-14.112
 30
0.0
 10
-0.5108
 20
-14.112
 30
0.0
 10
-0.6835
 20
-14.2156
 30
0.0
 10
-0.8013
 20
-14.4232
 30
0.0
 10
-0.8013
 20
-14.4232
 30
0.0
 10
-1.2327
 20
-14.339
 30
0.0
 10
-1.2327
 20
-14.339
 30
0.0
 10
-1.2327
 20
-14.339
 30
0.0
 10
-1.0797
 20
-12.8603
 30
0.0
 10
-1.0797
 20
-12.8603
 30
0.0
  0
SPLINE
  5
85
330
1F
100
AcDbEntity
  8
Layer 1
 62
   240
100
AcDbSpline
210
0.0
220
0.0
230
1.0
 70
    11
 71
     3
 72
    56
 73
    52
 74
     0
 42
0.0000000001
 43
0.0000000001
 40
0.0
 40
0.0
 40
0.0
 40
0.0
 40
0.0588235294117647
 40
0.0588235294117647
 40
0.0588235294117647
 40
0.1176470588235294
 40
0.1176470588235294
 40
0.1176470588235294
 40
0.1764705882352941
 40
0.1764705882352941
 40
0.1764705882352941
 40
0.2352941176470588
 40
0.2352941176470588
 40
0.2352941176470588
 40
0.2941176470588235
 40
0.2941176470588235
 40
0.2941176470588235
 40
0.3529411764705882
 40
0.3529411764705882
 40
0.3529411764705882
 40
0.4117647058823529
 40
0.4117647058823529
 40
0.4117647058823529
 40
0.4705882352941176
 40
0.4705882352941176
 40
0.4705882352941176
 40
0.5294117647058824
 40
0.5294117647058824
 40
0.5294117647058824
 40
0.5882352941176471
 40
0.5882352941176471
 40
0.5882352941176471
 40
0.6470588235294118
 40
0.6470588235294118
 40
0.6470588235294118
 40
0.7058823529411764
 40
0.7058823529411764
 40
0.7058823529411764
 40
0.7647058823529411
 40
0.7647058823529411
 40
0.7647058823529411
 40
0.8235294117647058
 40
0.8235294117647058
 40
0.8235294117647058
 40
0.8823529411764706
 40
0.8823529411764706
 40
0.8823529411764706
 40
0.9411764705882353
 40
0.9411764705882353
 40
0.9411764705882353
 40
1.0
 40
1.0
 40
1.0
 40
1.0
 10
2.991
 20
-15.1196
 30
0.0
 10
2.991
 20
-15.1196
 30
0.0
 10
2.991
 20
-15.5374
 30
0.0
 10
2.991
 20
-15.5374
 30
0.0
 10
2.991
 20
-15.5374
 30
0.0
 10
1.0184
 20
-15.5374
 30
0.0
 10
1.0184
 20
-15.5374
 30
0.0
 10
1.0184
 20
-15.5374
 30
0.0
 10
1.0184
 20
-15.0686
 30
0.0
 10
1.0184
 20
-15.0686
 30
0.0
 10
1.0184
 20
-15.0686
 30
0.0
 10
1.8381
 20
-14.5233
 30
0.0
 10
1.8381
 20
-14.5233
 30
0.0
 10
2.0931
 20
-14.3536
 30
0.0
 10
2.2641
 20
-14.2028
 30
0.0
 10
2.352
 20
-14.0712
 30
0.0
 10
2.4392
 20
-13.9403
 30
0.0
 10
2.4833
 20
-13.8195
 30
0.0
 10
2.4833
 20
-13.71
 30
0.0
 10
2.4833
 20
-13.5774
 30
0.0
 10
2.4392
 20
-13.4669
 30
0.0
 10
2.352
 20
-13.3763
 30
0.0
 10
2.2641
 20
-13.2862
 30
0.0
 10
2.1503
 20
-13.2411
 30
0.0
 10
2.0108
 20
-13.2411
 30
0.0
 10
1.7048
 20
-13.2411
 30
0.0
 10
1.5288
 20
-13.427
 30
0.0
 10
1.483
 20
-13.8001
 30
0.0
 10
1.483
 20
-13.8001
 30
0.0
 10
1.0184
 20
-13.6843
 30
0.0
 10
1.0184
 20
-13.6843
 30
0.0
 10
1.0536
 20
-13.4461
 30
0.0
 10
1.1595
 20
-13.2427
 30
0.0
 10
1.335
 20
-13.0733
 30
0.0
 10
1.511
 20
-12.9042
 30
0.0
 10
1.7413
 20
-12.8193
 30
0.0
 10
2.0263
 20
-12.8193
 30
0.0
 10
2.3218
 20
-12.8193
 30
0.0
 10
2.5579
 20
-12.9035
 30
0.0
 10
2.7343
 20
-13.0713
 30
0.0
 10
2.9106
 20
-13.2391
 30
0.0
 10
2.9985
 20
-13.453
 30
0.0
 10
2.9985
 20
-13.7116
 30
0.0
 10
2.9985
 20
-13.9407
 30
0.0
 10
2.9203
 20
-14.1446
 30
0.0
 10
2.7639
 20
-14.3243
 30
0.0
 10
2.6067
 20
-14.5043
 30
0.0
 10
2.2178
 20
-14.7694
 30
0.0
 10
1.5969
 20
-15.1196
 30
0.0
 10
1.5969
 20
-15.1196
 30
0.0
 10
2.991
 20
-15.1196
 30
0.0
 10
2.991
 20
-15.1196
 30
0.0
  0
SPLINE
  5
86
330
1F
100
AcDbEntity
  8
Layer 1
 62
   240
100
AcDbSpline
210
0.0
220
0.0
230
1.0
 70
    11
 71
     3
 72
    20
 73
    16
 74
     0
 42
0.0000000001
 43
0.0000000001
 40
0.0
 40
0.0
 40
0.0
 40
0.0
 40
0.2
 40
0.2
 40
0.2
 40
0.4
 40
0.4
 40
0.4
 40
0.6000000000000001
 40
0.6000000000000001
 40
0.6000000000000001
 40
0.8
 40
0.8
 40
0.8
 40
1.0
 40
1.0
 40
1.0
 40
1.0
 10
4.4517
 20
-13.3096
 30
0.0
 10
4.4517
 20
-13.3096
 30
0.0
 10
3.693
 20
-14.5178
 30
0.0
 10
3.693
 20
-14.5178
 30
0.0
 10
3.693
 20
-14.5178
 30
0.0
 10
4.4168
 20
-14.5178
 30
0.0
 10
4.4168
 20
-14.5178
 30
0.0
 10
4.4168
 20
-14.5178
 30
0.0
 10
4.4168
 20
-13.7785
 30
0.0
 10
4.4168
 20
-13.7785
 30
0.0
 10
4.4168
 20
-13.7001
 30
0.0
 10
4.4204
 20
-13.6294
 30
0.0
 10
4.4283
 20
-13.5662
 30
0.0
 10
4.4283
 20
-13.5662
 30
0.0
 10
4.4517
 20
-13.3096
 30
0.0
 10
4.4517
 20
-13.3096
 30
0.0
  0
SPLINE
  5
87
330
1F
100
AcDbEntity
  8
Layer 1
 62
   240
100
AcDbSpline
210
0.0
220
0.0
230
1.0
 70
    11
 71
     3
 72
    38
 73
    34
 74
     0
 42
0.0000000001
 43
0.0000000001
 40
0.0
 40
0.0
 40
0.0
 40
0.0
 40
0.0909090909090909
 40
0.0909090909090909
 40
0.0909090909090909
 40
0.1818181818181818
 40
0.1818181818181818
 40
0.1818181818181818
 40
0.2727272727272727
 40
0.2727272727272727
 40
0.2727272727272727
 40
0.3636363636363636
 40
0.3636363636363636
 40
0.3636363636363636
 40
0.4545454545454546
 40
0.4545454545454546
 40
0.4545454545454546
 40
0.5454545454545454
 40
0.5454545454545454
 40
0.5454545454545454
 40
0.6363636363636364
 40
0.6363636363636364
 40
0.6363636363636364
 40
0.7272727272727273
 40
0.7272727272727273
 40
0.7272727272727273
 40
0.8181818181818182
 40
0.8181818181818182
 40
0.8181818181818182
 40
0.9090909090909092
 40
0.9090909090909092
 40
0.9090909090909092
 40
1.0
 40
1.0
 40
1.0
 40
1.0
 10
4.9127
 20
-15.5374
 30
0.0
 10
4.9127
 20
-15.5374
 30
0.0
 10
4.4168
 20
-15.5374
 30
0.0
 10
4.4168
 20
-15.5374
 30
0.0
 10
4.4168
 20
-15.5374
 30
0.0
 10
4.4168
 20
-14.9294
 30
0.0
 10
4.4168
 20
-14.9294
 30
0.0
 10
4.4168
 20
-14.9294
 30
0.0
 10
3.228
 20
-14.9294
 30
0.0
 10
3.228
 20
-14.9294
 30
0.0
 10
3.228
 20
-14.9294
 30
0.0
 10
3.228
 20
-14.5764
 30
0.0
 10
3.228
 20
-14.5764
 30
0.0
 10
3.228
 20
-14.5764
 30
0.0
 10
4.4168
 20
-12.8059
 30
0.0
 10
4.4168
 20
-12.8059
 30
0.0
 10
4.4168
 20
-12.8059
 30
0.0
 10
4.9127
 20
-12.8059
 30
0.0
 10
4.9127
 20
-12.8059
 30
0.0
 10
4.9127
 20
-12.8059
 30
0.0
 10
4.9127
 20
-14.5178
 30
0.0
 10
4.9127
 20
-14.5178
 30
0.0
 10
4.9127
 20
-14.5178
 30
0.0
 10
5.3147
 20
-14.5178
 30
0.0
 10
5.3147
 20
-14.5178
 30
0.0
 10
5.3147
 20
-14.5178
 30
0.0
 10
5.3147
 20
-14.9294
 30
0.0
 10
5.3147
 20
-14.9294
 30
0.0
 10
5.3147
 20
-14.9294
 30
0.0
 10
4.9127
 20
-14.9294
 30
0.0
 10
4.9127
 20
-14.9294
 30
0.0
 10
4.9127
 20
-14.9294
 30
0.0
 10
4.9127
 20
-15.5374
 30
0.0
 10
4.9127
 20
-15.5374
 30
0.0
  0
SPLINE
  5
88
330
1F
100
AcDbEntity
  8
Layer 1
 62
   240
100
AcDbSpline
210
0.0
220
0.0
230
1.0
 70
    11
 71
     3
 72
    20
 73
    16
 74
     0
 42
0.0000000001
 43
0.0000000001
 40
0.0
 40
0.0
 40
0.0
 40
0.0
 40
0.2
 40
0.2
 40
0.2
 40
0.4
 40
0.4
 40
0.4
 40
0.6000000000000001
 40
0.6000000000000001
 40
0.6000000000000001
 40
0.8
 40
0.8
 40
0.8
 40
1.0
 40
1.0
 40
1.0
 40
1.0
 10
6.8069
 20
-13.3096
 30
0.0
 10
6.8069
 20
-13.3096
 30
0.0
 10
6.0482
 20
-14.5178
 30
0.0
 10
6.0482
 20
-14.5178
 30
0.0
 10
6.0482
 20
-14.5178
 30
0.0
 10
6.7721
 20
-14.5178
 30
0.0
 10
6.7721
 20
-14.5178
 30
0.0
 10
6.7721
 20
-14.5178
 30
0.0
 10
6.7721
 20
-13.7785
 30
0.0
 10
6.7721
 20
-13.7785
 30
0.0
 10
6.7721
 20
-13.7001
 30
0.0
 10
6.7757
 20
-13.6294
 30
0.0
 10
6.7836
 20
-13.5662
 30
0.0
 10
6.7836
 20
-13.5662
 30
0.0
 10
6.8069
 20
-13.3096
 30
0.0
 10
6.8069
 20
-13.3096
 30
0.0
  0
SPLINE
  5
89
330
1F
100
AcDbEntity
  8
Layer 1
 62
   240
100
AcDbSpline
210
0.0
220
0.0
230
1.0
 70
    11
 71
     3
 72
    38
 73
    34
 74
     0
 42
0.0000000001
 43
0.0000000001
 40
0.0
 40
0.0
 40
0.0
 40
0.0
 40
0.0909090909090909
 40
0.0909090909090909
 40
0.0909090909090909
 40
0.1818181818181818
 40
0.1818181818181818
 40
0.1818181818181818
 40
0.2727272727272727
 40
0.2727272727272727
 40
0.2727272727272727
 40
0.3636363636363636
 40
0.3636363636363636
 40
0.3636363636363636
 40
0.4545454545454546
 40
0.4545454545454546
 40
0.4545454545454546
 40
0.5454545454545454
 40
0.5454545454545454
 40
0.5454545454545454
 40
0.6363636363636364
 40
0.6363636363636364
 40
0.6363636363636364
 40
0.7272727272727273
 40
0.7272727272727273
 40
0.7272727272727273
 40
0.8181818181818182
 40
0.8181818181818182
 40
0.8181818181818182
 40
0.9090909090909092
 40
0.9090909090909092
 40
0.9090909090909092
 40
1.0
 40
1.0
 40
1.0
 40
1.0
 10
7.268
 20
-15.5374
 30
0.0
 10
7.268
 20
-15.5374
 30
0.0
 10
6.7721
 20
-15.5374
 30
0.0
 10
6.7721
 20
-15.5374
 30
0.0
 10
6.7721
 20
-15.5374
 30
0.0
 10
6.7721
 20
-14.9294
 30
0.0
 10
6.7721
 20
-14.9294
 30
0.0
 10
6.7721
 20
-14.9294
 30
0.0
 10
5.5833
 20
-14.9294
 30
0.0
 10
5.5833
 20
-14.9294
 30
0.0
 10
5.5833
 20
-14.9294
 30
0.0
 10
5.5833
 20
-14.5764
 30
0.0
 10
5.5833
 20
-14.5764
 30
0.0
 10
5.5833
 20
-14.5764
 30
0.0
 10
6.7721
 20
-12.8059
 30
0.0
 10
6.7721
 20
-12.8059
 30
0.0
 10
6.7721
 20
-12.8059
 30
0.0
 10
7.268
 20
-12.8059
 30
0.0
 10
7.268
 20
-12.8059
 30
0.0
 10
7.268
 20
-12.8059
 30
0.0
 10
7.268
 20
-14.5178
 30
0.0
 10
7.268
 20
-14.5178
 30
0.0
 10
7.268
 20
-14.5178
 30
0.0
 10
7.6699
 20
-14.5178
 30
0.0
 10
7.6699
 20
-14.5178
 30
0.0
 10
7.6699
 20
-14.5178
 30
0.0
 10
7.6699
 20
-14.9294
 30
0.0
 10
7.6699
 20
-14.9294
 30
0.0
 10
7.6699
 20
-14.9294
 30
0.0
 10
7.268
 20
-14.9294
 30
0.0
 10
7.268
 20
-14.9294
 30
0.0
 10
7.268
 20
-14.9294
 30
0.0
 10
7.268
 20
-15.5374
 30
0.0
 10
7.268
 20
-15.5374
 30
0.0
  0
SPLINE
  5
8A
330
1F
100
AcDbEntity
  8
Layer 1
 62
   240
100
AcDbSpline
210
0.0
220
0.0
230
1.0
 70
    11
 71
     3
 72
    26
 73
    22
 74
     0
 42
0.0000000001
 43
0.0000000001
 40
0.0
 40
0.0
 40
0.0
 40
0.0
 40
0.1428571428571428
 40
0.1428571428571428
 40
0.1428571428571428
 40
0.2857142857142857
 40
0.2857142857142857
 40
0.2857142857142857
 40
0.4285714285714285
 40
0.4285714285714285
 40
0.4285714285714285
 40
0.5714285714285714
 40
0.5714285714285714
 40
0.5714285714285714
 40
0.7142857142857142
 40
0.7142857142857142
 40
0.7142857142857142
 40
0.8571428571428571
 40
0.8571428571428571
 40
0.8571428571428571
 40
1.0
 40
1.0
 40
1.0
 40
1.0
 10
9.1307
 20
-13.9547
 30
0.0
 10
9.3775
 20
-13.8528
 30
0.0
 10
9.5012
 20
-13.7113
 30
0.0
 10
9.5012
 20
-13.529
 30
0.0
 10
9.5012
 20
-13.4105
 30
0.0
 10
9.4512
 20
-13.3181
 30
0.0
 10
9.3502
 20
-13.253
 30
0.0
 10
9.2495
 20
-13.1878
 30
0.0
 10
9.133
 20
-13.1549
 30
0.0
 10
9.0011
 20
-13.1549
 30
0.0
 10
8.8639
 20
-13.1549
 30
0.0
 10
8.7458
 20
-13.1842
 30
0.0
 10
8.647
 20
-13.2431
 30
0.0
 10
8.5486
 20
-13.302
 30
0.0
 10
8.4993
 20
-13.3875
 30
0.0
 10
8.4993
 20
-13.5001
 30
0.0
 10
8.4993
 20
-13.6166
 30
0.0
 10
8.5529
 20
-13.7051
 30
0.0
 10
8.6599
 20
-13.7669
 30
0.0
 10
8.7674
 20
-13.8281
 30
0.0
 10
8.9241
 20
-13.8909
 30
0.0
 10
9.1307
 20
-13.9547
 30
0.0
  0
SPLINE
  5
8B
330
1F
100
AcDbEntity
  8
Layer 1
 62
   240
100
AcDbSpline
210
0.0
220
0.0
230
1.0
 70
    11
 71
     3
 72
    29
 73
    25
 74
     0
 42
0.0000000001
 43
0.0000000001
 40
0.0
 40
0.0
 40
0.0
 40
0.0
 40
0.125
 40
0.125
 40
0.125
 40
0.25
 40
0.25
 40
0.25
 40
0.375
 40
0.375
 40
0.375
 40
0.5
 40
0.5
 40
0.5
 40
0.625
 40
0.625
 40
0.625
 40
0.75
 40
0.75
 40
0.75
 40
0.875
 40
0.875
 40
0.875
 40
1.0
 40
1.0
 40
1.0
 40
1.0
 10
8.8152
 20
-14.3743
 30
0.0
 10
8.6845
 20
-14.4216
 30
0.0
 10
8.5789
 20
-14.4865
 30
0.0
 10
8.4993
 20
-14.5694
 30
0.0
 10
8.4194
 20
-14.6523
 30
0.0
 10
8.3799
 20
-14.7412
 30
0.0
 10
8.3799
 20
-14.8353
 30
0.0
 10
8.3799
 20
-14.9323
 30
0.0
 10
8.4295
 20
-15.0215
 30
0.0
 10
8.5299
 20
-15.1041
 30
0.0
 10
8.6296
 20
-15.1864
 30
0.0
 10
8.7833
 20
-15.2275
 30
0.0
 10
8.9916
 20
-15.2275
 30
0.0
 10
9.1643
 20
-15.2275
 30
0.0
 10
9.3005
 20
-15.1942
 30
0.0
 10
9.3999
 20
-15.1268
 30
0.0
 10
9.5002
 20
-15.059
 30
0.0
 10
9.5499
 20
-14.9734
 30
0.0
 10
9.5499
 20
-14.8685
 30
0.0
 10
9.5499
 20
-14.7783
 30
0.0
 10
9.5085
 20
-14.6994
 30
0.0
 10
9.4255
 20
-14.6316
 30
0.0
 10
9.3429
 20
-14.5635
 30
0.0
 10
9.1389
 20
-14.4779
 30
0.0
 10
8.8152
 20
-14.3743
 30
0.0
  0
SPLINE
  5
8C
330
1F
100
AcDbEntity
  8
Layer 1
 62
   240
100
AcDbSpline
210
0.0
220
0.0
230
1.0
 70
    11
 71
     3
 72
    41
 73
    37
 74
     0
 42
0.0000000001
 43
0.0000000001
 40
0.0
 40
0.0
 40
0.0
 40
0.0
 40
0.0833333333333333
 40
0.0833333333333333
 40
0.0833333333333333
 40
0.1666666666666667
 40
0.1666666666666667
 40
0.1666666666666667
 40
0.25
 40
0.25
 40
0.25
 40
0.3333333333333333
 40
0.3333333333333333
 40
0.3333333333333333
 40
0.4166666666666666
 40
0.4166666666666666
 40
0.4166666666666666
 40
0.5
 40
0.5
 40
0.5
 40
0.5833333333333333
 40
0.5833333333333333
 40
0.5833333333333333
 40
0.6666666666666666
 40
0.6666666666666666
 40
0.6666666666666666
 40
0.75
 40
0.75
 40
0.75
 40
0.8333333333333333
 40
0.8333333333333333
 40
0.8333333333333333
 40
0.9166666666666666
 40
0.9166666666666666
 40
0.9166666666666666
 40
1.0
 40
1.0
 40
1.0
 40
1.0
 10
8.4832
 20
-14.2157
 30
0.0
 10
8.17
 20
-14.0716
 30
0.0
 10
8.013
 20
-13.858
 30
0.0
 10
8.013
 20
-13.5744
 30
0.0
 10
8.013
 20
-13.3549
 30
0.0
 10
8.0995
 20
-13.174
 30
0.0
 10
8.2729
 20
-13.0321
 30
0.0
 10
8.4457
 20
-12.8904
 30
0.0
 10
8.6882
 20
-12.8193
 30
0.0
 10
8.9994
 20
-12.8193
 30
0.0
 10
9.2827
 20
-12.8193
 30
0.0
 10
9.5108
 20
-12.8828
 30
0.0
 10
9.6829
 20
-13.0098
 30
0.0
 10
9.8543
 20
-13.1365
 30
0.0
 10
9.9405
 20
-13.3046
 30
0.0
 10
9.9405
 20
-13.5136
 30
0.0
 10
9.9405
 20
-13.7686
 30
0.0
 10
9.7819
 20
-13.962
 30
0.0
 10
9.4641
 20
-14.0943
 30
0.0
 10
9.8522
 20
-14.2601
 30
0.0
 10
10.0461
 20
-14.4947
 30
0.0
 10
10.0461
 20
-14.7981
 30
0.0
 10
10.0461
 20
-15.0228
 30
0.0
 10
9.9493
 20
-15.2094
 30
0.0
 10
9.7552
 20
-15.3571
 30
0.0
 10
9.5611
 20
-15.5045
 30
0.0
 10
9.2995
 20
-15.5785
 30
0.0
 10
8.9698
 20
-15.5785
 30
0.0
 10
8.622
 20
-15.5785
 30
0.0
 10
8.3595
 20
-15.5105
 30
0.0
 10
8.1825
 20
-15.3735
 30
0.0
 10
8.0054
 20
-15.2367
 30
0.0
 10
7.9173
 20
-15.0653
 30
0.0
 10
7.9173
 20
-14.8586
 30
0.0
 10
7.9173
 20
-14.5648
 30
0.0
 10
8.1058
 20
-14.3503
 30
0.0
 10
8.4832
 20
-14.2157
 30
0.0
  0
SPLINE
  5
8D
330
1F
100
AcDbEntity
  8
Layer 1
 62
   240
100
AcDbSpline
210
0.0
220
0.0
230
1.0
 70
    11
 71
     3
 72
    29
 73
    25
 74
     0
 42
0.0000000001
 43
0.0000000001
 40
0.0
 40
0.0
 40
0.0
 40
0.0
 40
0.125
 40
0.125
 40
0.125
 40
0.25
 40
0.25
 40
0.25
 40
0.375
 40
0.375
 40
0.375
 40
0.5
 40
0.5
 40
0.5
 40
0.625
 40
0.625
 40
0.625
 40
0.75
 40
0.75
 40
0.75
 40
0.875
 40
0.875
 40
0.875
 40
1.0
 40
1.0
 40
1.0
 40
1.0
 10
10.3228
 20
-12.8603
 30
0.0
 10
10.3228
 20
-12.8603
 30
0.0
 10
12.2227
 20
-12.8603
 30
0.0
 10
12.2227
 20
-12.8603
 30
0.0
 10
12.2227
 20
-12.8603
 30
0.0
 10
12.2227
 20
-13.2016
 30
0.0
 10
12.2227
 20
-13.2016
 30
0.0
 10
11.8932
 20
-13.6293
 30
0.0
 10
11.6744
 20
-14.0001
 30
0.0
 10
11.5665
 20
-14.3136
 30
0.0
 10
11.4593
 20
-14.6276
 30
0.0
 10
11.3938
 20
-15.0349
 30
0.0
 10
11.3718
 20
-15.5373
 30
0.0
 10
11.3718
 20
-15.5373
 30
0.0
 10
10.8209
 20
-15.5373
 30
0.0
 10
10.8209
 20
-15.5373
 30
0.0
 10
10.8663
 20
-14.6704
 30
0.0
 10
11.1974
 20
-13.9165
 30
0.0
 10
11.8129
 20
-13.2746
 30
0.0
 10
11.8129
 20
-13.2746
 30
0.0
 10
10.2814
 20
-13.2746
 30
0.0
 10
10.2814
 20
-13.2746
 30
0.0
 10
10.2814
 20
-13.2746
 30
0.0
 10
10.3228
 20
-12.8603
 30
0.0
 10
10.3228
 20
-12.8603
 30
0.0
  0
SPLINE
  5
8E
330
1F
100
AcDbEntity
  8
Layer 1
 62
   240
100
AcDbSpline
210
0.0
220
0.0
230
1.0
 70
    11
 71
     3
 72
    86
 73
    82
 74
     0
 42
0.0000000001
 43
0.0000000001
 40
0.0
 40
0.0
 40
0.0
 40
0.0
 40
0.037037037037037
 40
0.037037037037037
 40
0.037037037037037
 40
0.0740740740740741
 40
0.0740740740740741
 40
0.0740740740740741
 40
0.1111111111111111
 40
0.1111111111111111
 40
0.1111111111111111
 40
0.1481481481481481
 40
0.1481481481481481
 40
0.1481481481481481
 40
0.1851851851851852
 40
0.1851851851851852
 40
0.1851851851851852
 40
0.2222222222222222
 40
0.2222222222222222
 40
0.2222222222222222
 40
0.2592592592592592
 40
0.2592592592592592
 40
0.2592592592592592
 40
0.2962962962962963
 40
0.2962962962962963
 40
0.2962962962962963
 40
0.3333333333333333
 40
0.3333333333333333
 40
0.3333333333333333
 40
0.3703703703703703
 40
0.3703703703703703
 40
0.3703703703703703
 40
0.4074074074074074
 40
0.4074074074074074
 40
0.4074074074074074
 40
0.4444444444444444
 40
0.4444444444444444
 40
0.4444444444444444
 40
0.4814814814814815
 40
0.4814814814814815
 40
0.4814814814814815
 40
0.5185185185185185
 40
0.5185185185185185
 40
0.5185185185185185
 40
0.5555555555555556
 40
0.5555555555555556
 40
0.5555555555555556
 40
0.5925925925925926
 40
0.5925925925925926
 40
0.5925925925925926
 40
0.6296296296296295
 40
0.6296296296296295
 40
0.6296296296296295
 40
0.6666666666666666
 40
0.6666666666666666
 40
0.6666666666666666
 40
0.7037037037037037
 40
0.7037037037037037
 40
0.7037037037037037
 40
0.7407407407407407
 40
0.7407407407407407
 40
0.7407407407407407
 40
0.7777777777777777
 40
0.7777777777777777
 40
0.7777777777777777
 40
0.8148148148148148
 40
0.8148148148148148
 40
0.8148148148148148
 40
0.8518518518518519
 40
0.8518518518518519
 40
0.8518518518518519
 40
0.8888888888888888
 40
0.8888888888888888
 40
0.8888888888888888
 40
0.9259259259259258
 40
0.9259259259259258
 40
0.9259259259259258
 40
0.9629629629629629
 40
0.9629629629629629
 40
0.9629629629629629
 40
1.0
 40
1.0
 40
1.0
 40
1.0
 10
13.278
 20
-14.3548
 30
0.0
 10
13.278
 20
-14.3548
 30
0.0
 10
13.278
 20
-13.9744
 30
0.0
 10
13.278
 20
-13.9744
 30
0.0
 10
13.278
 20
-13.9744
 30
0.0
 10
13.5231
 20
-13.9744
 30
0.0
 10
13.5231
 20
-13.9744
 30
0.0
 10
13.6692
 20
-13.9744
 30
0.0
 10
13.7919
 20
-13.9415
 30
0.0
 10
13.8896
 20
-13.8764
 30
0.0
 10
13.9877
 20
-13.8109
 30
0.0
 10
14.037
 20
-13.7138
 30
0.0
 10
14.037
 20
-13.5842
 30
0.0
 10
14.037
 20
-13.4572
 30
0.0
 10
13.9956
 20
-13.3618
 30
0.0
 10
13.9127
 20
-13.2979
 30
0.0
 10
13.8294
 20
-13.2342
 30
0.0
 10
13.7225
 20
-13.2016
 30
0.0
 10
13.5916
 20
-13.2016
 30
0.0
 10
13.3277
 20
-13.2016
 30
0.0
 10
13.1477
 20
-13.3315
 30
0.0
 10
13.0523
 20
-13.5902
 30
0.0
 10
13.0523
 20
-13.5902
 30
0.0
 10
12.6114
 20
-13.5135
 30
0.0
 10
12.6114
 20
-13.5135
 30
0.0
 10
12.661
 20
-13.3095
 30
0.0
 10
12.7759
 20
-13.143
 30
0.0
 10
12.9556
 20
-13.0137
 30
0.0
 10
13.1352
 20
-12.884
 30
0.0
 10
13.3517
 20
-12.8192
 30
0.0
 10
13.6054
 20
-12.8192
 30
0.0
 10
13.8577
 20
-12.8192
 30
0.0
 10
14.0729
 20
-12.8844
 30
0.0
 10
14.2516
 20
-13.0147
 30
0.0
 10
14.4302
 20
-13.1446
 30
0.0
 10
14.5191
 20
-13.3187
 30
0.0
 10
14.5191
 20
-13.5375
 30
0.0
 10
14.5191
 20
-13.6994
 30
0.0
 10
14.4711
 20
-13.8383
 30
0.0
 10
14.3753
 20
-13.9527
 30
0.0
 10
14.2789
 20
-14.0679
 30
0.0
 10
14.1608
 20
-14.1307
 30
0.0
 10
14.0193
 20
-14.1413
 30
0.0
 10
14.1944
 20
-14.1673
 30
0.0
 10
14.3352
 20
-14.24
 30
0.0
 10
14.4418
 20
-14.3588
 30
0.0
 10
14.5484
 20
-14.4779
 30
0.0
 10
14.6014
 20
-14.621
 30
0.0
 10
14.6014
 20
-14.7881
 30
0.0
 10
14.6014
 20
-15.0185
 30
0.0
 10
14.5092
 20
-15.2076
 30
0.0
 10
14.3243
 20
-15.356
 30
0.0
 10
14.139
 20
-15.5041
 30
0.0
 10
13.8933
 20
-15.5785
 30
0.0
 10
13.586
 20
-15.5785
 30
0.0
 10
13.302
 20
-15.5785
 30
0.0
 10
13.0678
 20
-15.5065
 30
0.0
 10
12.8832
 20
-15.362
 30
0.0
 10
12.6976
 20
-15.2172
 30
0.0
 10
12.5811
 20
-15.0517
 30
0.0
 10
12.5327
 20
-14.8648
 30
0.0
 10
12.5327
 20
-14.8648
 30
0.0
 10
12.9898
 20
-14.7529
 30
0.0
 10
12.9898
 20
-14.7529
 30
0.0
 10
13.0809
 20
-15.051
 30
0.0
 10
13.2786
 20
-15.1998
 30
0.0
 10
13.582
 20
-15.1998
 30
0.0
 10
13.7389
 20
-15.1998
 30
0.0
 10
13.8653
 20
-15.16
 30
0.0
 10
13.9614
 20
-15.0794
 30
0.0
 10
14.0574
 20
-14.9991
 30
0.0
 10
14.1055
 20
-14.902
 30
0.0
 10
14.1055
 20
-14.7881
 30
0.0
 10
14.1055
 20
-14.6733
 30
0.0
 10
14.0641
 20
-14.572
 30
0.0
 10
13.9811
 20
-14.4851
 30
0.0
 10
13.8982
 20
-14.3986
 30
0.0
 10
13.7729
 20
-14.3548
 30
0.0
 10
13.6054
 20
-14.3548
 30
0.0
 10
13.6054
 20
-14.3548
 30
0.0
 10
13.278
 20
-14.3548
 30
0.0
 10
13.278
 20
-14.3548
 30
0.0
  0
SPLINE
  5
8F
330
1F
100
AcDbEntity
  8
Layer 1
 62
   240
100
AcDbSpline
210
0.0
220
0.0
230
1.0
 70
    11
 71
     3
 72
    86
 73
    82
 74
     0
 42
0.0000000001
 43
0.0000000001
 40
0.0
 40
0.0
 40
0.0
 40
0.0
 40
0.037037037037037
 40
0.037037037037037
 40
0.037037037037037
 40
0.0740740740740741
 40
0.0740740740740741
 40
0.0740740740740741
 40
0.1111111111111111
 40
0.1111111111111111
 40
0.1111111111111111
 40
0.1481481481481481
 40
0.1481481481481481
 40
0.1481481481481481
 40
0.1851851851851852
 40
0.1851851851851852
 40
0.1851851851851852
 40
0.2222222222222222
 40
0.2222222222222222
 40
0.2222222222222222
 40
0.2592592592592592
 40
0.2592592592592592
 40
0.2592592592592592
 40
0.2962962962962963
 40
0.2962962962962963
 40
0.2962962962962963
 40
0.3333333333333333
 40
0.3333333333333333
 40
0.3333333333333333
 40
0.3703703703703703
 40
0.3703703703703703
 40
0.3703703703703703
 40
0.4074074074074074
 40
0.4074074074074074
 40
0.4074074074074074
 40
0.4444444444444444
 40
0.4444444444444444
 40
0.4444444444444444
 40
0.4814814814814815
 40
0.4814814814814815
 40
0.4814814814814815
 40
0.5185185185185185
 40
0.5185185185185185
 40
0.5185185185185185
 40
0.5555555555555556
 40
0.5555555555555556
 40
0.5555555555555556
 40
0.5925925925925926
 40
0.5925925925925926
 40
0.5925925925925926
 40
0.6296296296296295
 40
0.6296296296296295
 40
0.6296296296296295
 40
0.6666666666666666
 40
0.6666666666666666
 40
0.6666666666666666
 40
0.7037037037037037
 40
0.7037037037037037
 40
0.7037037037037037
 40
0.7407407407407407
 40
0.7407407407407407
 40
0.7407407407407407
 40
0.7777777777777777
 40
0.7777777777777777
 40
0.7777777777777777
 40
0.8148148148148148
 40
0.8148148148148148
 40
0.8148148148148148
 40
0.8518518518518519
 40
0.8518518518518519
 40
0.8518518518518519
 40
0.8888888888888888
 40
0.8888888888888888
 40
0.8888888888888888
 40
0.9259259259259258
 40
0.9259259259259258
 40
0.9259259259259258
 40
0.9629629629629629
 40
0.9629629629629629
 40
0.9629629629629629
 40
1.0
 40
1.0
 40
1.0
 40
1.0
 10
15.6329
 20
-14.3548
 30
0.0
 10
15.6329
 20
-14.3548
 30
0.0
 10
15.6329
 20
-13.9744
 30
0.0
 10
15.6329
 20
-13.9744
 30
0.0
 10
15.6329
 20
-13.9744
 30
0.0
 10
15.878
 20
-13.9744
 30
0.0
 10
15.878
 20
-13.9744
 30
0.0
 10
16.0241
 20
-13.9744
 30
0.0
 10
16.1466
 20
-13.9415
 30
0.0
 10
16.2446
 20
-13.8764
 30
0.0
 10
16.3426
 20
-13.8109
 30
0.0
 10
16.392
 20
-13.7138
 30
0.0
 10
16.392
 20
-13.5842
 30
0.0
 10
16.392
 20
-13.4572
 30
0.0
 10
16.3505
 20
-13.3618
 30
0.0
 10
16.2676
 20
-13.2979
 30
0.0
 10
16.184
 20
-13.2342
 30
0.0
 10
16.0774
 20
-13.2016
 30
0.0
 10
15.9465
 20
-13.2016
 30
0.0
 10
15.6826
 20
-13.2016
 30
0.0
 10
15.5026
 20
-13.3315
 30
0.0
 10
15.4072
 20
-13.5902
 30
0.0
 10
15.4072
 20
-13.5902
 30
0.0
 10
14.9663
 20
-13.5135
 30
0.0
 10
14.9663
 20
-13.5135
 30
0.0
 10
15.0157
 20
-13.3095
 30
0.0
 10
15.1309
 20
-13.143
 30
0.0
 10
15.3105
 20
-13.0137
 30
0.0
 10
15.4901
 20
-12.884
 30
0.0
 10
15.7066
 20
-12.8192
 30
0.0
 10
15.9603
 20
-12.8192
 30
0.0
 10
16.2127
 20
-12.8192
 30
0.0
 10
16.4278
 20
-12.8844
 30
0.0
 10
16.6066
 20
-13.0147
 30
0.0
 10
16.7849
 20
-13.1446
 30
0.0
 10
16.874
 20
-13.3187
 30
0.0
 10
16.874
 20
-13.5375
 30
0.0
 10
16.874
 20
-13.6994
 30
0.0
 10
16.826
 20
-13.8383
 30
0.0
 10
16.7302
 20
-13.9527
 30
0.0
 10
16.6338
 20
-14.0679
 30
0.0
 10
16.5157
 20
-14.1307
 30
0.0
 10
16.3742
 20
-14.1413
 30
0.0
 10
16.5493
 20
-14.1673
 30
0.0
 10
16.6901
 20
-14.24
 30
0.0
 10
16.7967
 20
-14.3588
 30
0.0
 10
16.9033
 20
-14.4779
 30
0.0
 10
16.9563
 20
-14.621
 30
0.0
 10
16.9563
 20
-14.7881
 30
0.0
 10
16.9563
 20
-15.0185
 30
0.0
 10
16.8638
 20
-15.2076
 30
0.0
 10
16.6792
 20
-15.356
 30
0.0
 10
16.494
 20
-15.5041
 30
0.0
 10
16.2482
 20
-15.5785
 30
0.0
 10
15.9409
 20
-15.5785
 30
0.0
 10
15.6569
 20
-15.5785
 30
0.0
 10
15.4227
 20
-15.5065
 30
0.0
 10
15.2381
 20
-15.362
 30
0.0
 10
15.0525
 20
-15.2172
 30
0.0
 10
14.936
 20
-15.0517
 30
0.0
 10
14.8877
 20
-14.8648
 30
0.0
 10
14.8877
 20
-14.8648
 30
0.0
 10
15.3447
 20
-14.7529
 30
0.0
 10
15.3447
 20
-14.7529
 30
0.0
 10
15.4358
 20
-15.051
 30
0.0
 10
15.6336
 20
-15.1998
 30
0.0
 10
15.937
 20
-15.1998
 30
0.0
 10
16.0936
 20
-15.1998
 30
0.0
 10
16.2202
 20
-15.16
 30
0.0
 10
16.3163
 20
-15.0794
 30
0.0
 10
16.4124
 20
-14.9991
 30
0.0
 10
16.4604
 20
-14.902
 30
0.0
 10
16.4604
 20
-14.7881
 30
0.0
 10
16.4604
 20
-14.6733
 30
0.0
 10
16.419
 20
-14.572
 30
0.0
 10
16.3361
 20
-14.4851
 30
0.0
 10
16.2532
 20
-14.3986
 30
0.0
 10
16.1274
 20
-14.3548
 30
0.0
 10
15.9603
 20
-14.3548
 30
0.0
 10
15.9603
 20
-14.3548
 30
0.0
 10
15.6329
 20
-14.3548
 30
0.0
 10
15.6329
 20
-14.3548
 30
0.0
  0
SPLINE
  5
90
330
1F
100
AcDbEntity
  8
Layer 1
 62
   240
100
AcDbSpline
210
0.0
220
0.0
230
1.0
 70
    11
 71
     3
 72
    29
 73
    25
 74
     0
 42
0.0000000001
 43
0.0000000001
 40
0.0
 40
0.0
 40
0.0
 40
0.0
 40
0.125
 40
0.125
 40
0.125
 40
0.25
 40
0.25
 40
0.25
 40
0.375
 40
0.375
 40
0.375
 40
0.5
 40
0.5
 40
0.5
 40
0.625
 40
0.625
 40
0.625
 40
0.75
 40
0.75
 40
0.75
 40
0.875
 40
0.875
 40
0.875
 40
1.0
 40
1.0
 40
1.0
 40
1.0
 10
-9.1296
 20
-21.9129
 30
0.0
 10
-9.1296
 20
-21.9129
 30
0.0
 10
-9.5936
 20
-21.9129
 30
0.0
 10
-9.5936
 20
-21.9129
 30
0.0
 10
-9.5936
 20
-21.9129
 30
0.0
 10
-9.5936
 20
-19.8857
 30
0.0
 10
-9.5936
 20
-19.8857
 30
0.0
 10
-9.5936
 20
-19.8857
 30
0.0
 10
-10.2312
 20
-19.8857
 30
0.0
 10
-10.2312
 20
-19.8857
 30
0.0
 10
-10.2312
 20
-19.8857
 30
0.0
 10
-10.2312
 20
-19.5149
 30
0.0
 10
-10.2312
 20
-19.5149
 30
0.0
 10
-10.2312
 20
-19.5149
 30
0.0
 10
-8.492
 20
-19.5149
 30
0.0
 10
-8.492
 20
-19.5149
 30
0.0
 10
-8.492
 20
-19.5149
 30
0.0
 10
-8.492
 20
-19.8857
 30
0.0
 10
-8.492
 20
-19.8857
 30
0.0
 10
-8.492
 20
-19.8857
 30
0.0
 10
-9.1296
 20
-19.8857
 30
0.0
 10
-9.1296
 20
-19.8857
 30
0.0
 10
-9.1296
 20
-19.8857
 30
0.0
 10
-9.1296
 20
-21.9129
 30
0.0
 10
-9.1296
 20
-21.9129
 30
0.0
  0
SPLINE
  5
91
330
1F
100
AcDbEntity
  8
Layer 1
 62
   240
100
AcDbSpline
210
0.0
220
0.0
230
1.0
 70
    11
 71
     3
 72
    14
 73
    10
 74
     0
 42
0.0000000001
 43
0.0000000001
 40
0.0
 40
0.0
 40
0.0
 40
0.0
 40
0.3333333333333333
 40
0.3333333333333333
 40
0.3333333333333333
 40
0.6666666666666666
 40
0.6666666666666666
 40
0.6666666666666666
 40
1.0
 40
1.0
 40
1.0
 40
1.0
 10
-7.3025
 20
-20.9959
 30
0.0
 10
-7.3025
 20
-20.9959
 30
0.0
 10
-7.6519
 20
-19.9258
 30
0.0
 10
-7.6519
 20
-19.9258
 30
0.0
 10
-7.6519
 20
-19.9258
 30
0.0
 10
-8.0017
 20
-20.9959
 30
0.0
 10
-8.0017
 20
-20.9959
 30
0.0
 10
-8.0017
 20
-20.9959
 30
0.0
 10
-7.3025
 20
-20.9959
 30
0.0
 10
-7.3025
 20
-20.9959
 30
0.0
  0
SPLINE
  5
92
330
1F
100
AcDbEntity
  8
Layer 1
 62
   240
100
AcDbSpline
210
0.0
220
0.0
230
1.0
 70
    11
 71
     3
 72
    29
 73
    25
 74
     0
 42
0.0000000001
 43
0.0000000001
 40
0.0
 40
0.0
 40
0.0
 40
0.0
 40
0.125
 40
0.125
 40
0.125
 40
0.25
 40
0.25
 40
0.25
 40
0.375
 40
0.375
 40
0.375
 40
0.5
 40
0.5
 40
0.5
 40
0.625
 40
0.625
 40
0.625
 40
0.75
 40
0.75
 40
0.75
 40
0.875
 40
0.875
 40
0.875
 40
1.0
 40
1.0
 40
1.0
 40
1.0
 10
-6.5329
 20
-21.9129
 30
0.0
 10
-6.5329
 20
-21.9129
 30
0.0
 10
-6.9948
 20
-21.9129
 30
0.0
 10
-6.9948
 20
-21.9129
 30
0.0
 10
-6.9948
 20
-21.9129
 30
0.0
 10
-7.1863
 20
-21.342
 30
0.0
 10
-7.1863
 20
-21.342
 30
0.0
 10
-7.1863
 20
-21.342
 30
0.0
 10
-8.1089
 20
-21.342
 30
0.0
 10
-8.1089
 20
-21.342
 30
0.0
 10
-8.1089
 20
-21.342
 30
0.0
 10
-8.2969
 20
-21.9129
 30
0.0
 10
-8.2969
 20
-21.9129
 30
0.0
 10
-8.2969
 20
-21.9129
 30
0.0
 10
-8.666
 20
-21.9129
 30
0.0
 10
-8.666
 20
-21.9129
 30
0.0
 10
-8.666
 20
-21.9129
 30
0.0
 10
-7.8701
 20
-19.5149
 30
0.0
 10
-7.8701
 20
-19.5149
 30
0.0
 10
-7.8701
 20
-19.5149
 30
0.0
 10
-7.3377
 20
-19.5149
 30
0.0
 10
-7.3377
 20
-19.5149
 30
0.0
 10
-7.3377
 20
-19.5149
 30
0.0
 10
-6.5329
 20
-21.9129
 30
0.0
 10
-6.5329
 20
-21.9129
 30
0.0
  0
SPLINE
  5
93
330
1F
100
AcDbEntity
  8
Layer 1
 62
   240
100
AcDbSpline
210
0.0
220
0.0
230
1.0
 70
    11
 71
     3
 72
    23
 73
    19
 74
     0
 42
0.0000000001
 43
0.0000000001
 40
0.0
 40
0.0
 40
0.0
 40
0.0
 40
0.1666666666666667
 40
0.1666666666666667
 40
0.1666666666666667
 40
0.3333333333333333
 40
0.3333333333333333
 40
0.3333333333333333
 40
0.5
 40
0.5
 40
0.5
 40
0.6666666666666666
 40
0.6666666666666666
 40
0.6666666666666666
 40
0.8333333333333333
 40
0.8333333333333333
 40
0.8333333333333333
 40
1.0
 40
1.0
 40
1.0
 40
1.0
 10
-4.7691
 20
-21.9129
 30
0.0
 10
-4.7691
 20
-21.9129
 30
0.0
 10
-6.2448
 20
-21.9129
 30
0.0
 10
-6.2448
 20
-21.9129
 30
0.0
 10
-6.2448
 20
-21.9129
 30
0.0
 10
-6.2448
 20
-19.5149
 30
0.0
 10
-6.2448
 20
-19.5149
 30
0.0
 10
-6.2448
 20
-19.5149
 30
0.0
 10
-5.7901
 20
-19.5149
 30
0.0
 10
-5.7901
 20
-19.5149
 30
0.0
 10
-5.7901
 20
-19.5149
 30
0.0
 10
-5.7901
 20
-21.5213
 30
0.0
 10
-5.7901
 20
-21.5213
 30
0.0
 10
-5.7901
 20
-21.5213
 30
0.0
 10
-4.7691
 20
-21.5213
 30
0.0
 10
-4.7691
 20
-21.5213
 30
0.0
 10
-4.7691
 20
-21.5213
 30
0.0
 10
-4.7691
 20
-21.9129
 30
0.0
 10
-4.7691
 20
-21.9129
 30
0.0
  0
SPLINE
  5
94
330
1F
100
AcDbEntity
  8
Layer 1
 62
   240
100
AcDbSpline
210
0.0
220
0.0
230
1.0
 70
    11
 71
     3
 72
    14
 73
    10
 74
     0
 42
0.0000000001
 43
0.0000000001
 40
0.0
 40
0.0
 40
0.0
 40
0.0
 40
0.3333333333333333
 40
0.3333333333333333
 40
0.3333333333333333
 40
0.6666666666666666
 40
0.6666666666666666
 40
0.6666666666666666
 40
1.0
 40
1.0
 40
1.0
 40
1.0
 10
-3.339
 20
-20.9959
 30
0.0
 10
-3.339
 20
-20.9959
 30
0.0
 10
-3.6885
 20
-19.9258
 30
0.0
 10
-3.6885
 20
-19.9258
 30
0.0
 10
-3.6885
 20
-19.9258
 30
0.0
 10
-4.0382
 20
-20.9959
 30
0.0
 10
-4.0382
 20
-20.9959
 30
0.0
 10
-4.0382
 20
-20.9959
 30
0.0
 10
-3.339
 20
-20.9959
 30
0.0
 10
-3.339
 20
-20.9959
 30
0.0
  0
SPLINE
  5
95
330
1F
100
AcDbEntity
  8
Layer 1
 62
   240
100
AcDbSpline
210
0.0
220
0.0
230
1.0
 70
    11
 71
     3
 72
    29
 73
    25
 74
     0
 42
0.0000000001
 43
0.0000000001
 40
0.0
 40
0.0
 40
0.0
 40
0.0
 40
0.125
 40
0.125
 40
0.125
 40
0.25
 40
0.25
 40
0.25
 40
0.375
 40
0.375
 40
0.375
 40
0.5
 40
0.5
 40
0.5
 40
0.625
 40
0.625
 40
0.625
 40
0.75
 40
0.75
 40
0.75
 40
0.875
 40
0.875
 40
0.875
 40
1.0
 40
1.0
 40
1.0
 40
1.0
 10
-2.5694
 20
-21.9129
 30
0.0
 10
-2.5694
 20
-21.9129
 30
0.0
 10
-3.0314
 20
-21.9129
 30
0.0
 10
-3.0314
 20
-21.9129
 30
0.0
 10
-3.0314
 20
-21.9129
 30
0.0
 10
-3.2229
 20
-21.342
 30
0.0
 10
-3.2229
 20
-21.342
 30
0.0
 10
-3.2229
 20
-21.342
 30
0.0
 10
-4.1455
 20
-21.342
 30
0.0
 10
-4.1455
 20
-21.342
 30
0.0
 10
-4.1455
 20
-21.342
 30
0.0
 10
-4.3333
 20
-21.9129
 30
0.0
 10
-4.3333
 20
-21.9129
 30
0.0
 10
-4.3333
 20
-21.9129
 30
0.0
 10
-4.7026
 20
-21.9129
 30
0.0
 10
-4.7026
 20
-21.9129
 30
0.0
 10
-4.7026
 20
-21.9129
 30
0.0
 10
-3.9066
 20
-19.5149
 30
0.0
 10
-3.9066
 20
-19.5149
 30
0.0
 10
-3.9066
 20
-19.5149
 30
0.0
 10
-3.3742
 20
-19.5149
 30
0.0
 10
-3.3742
 20
-19.5149
 30
0.0
 10
-3.3742
 20
-19.5149
 30
0.0
 10
-2.5694
 20
-21.9129
 30
0.0
 10
-2.5694
 20
-21.9129
 30
0.0
  0
SPLINE
  5
96
330
1F
100
AcDbEntity
  8
Layer 1
 62
   240
100
AcDbSpline
210
0.0
220
0.0
230
1.0
 70
    11
 71
     3
 72
    32
 73
    28
 74
     0
 42
0.0000000001
 43
0.0000000001
 40
0.0
 40
0.0
 40
0.0
 40
0.0
 40
0.1111111111111111
 40
0.1111111111111111
 40
0.1111111111111111
 40
0.2222222222222222
 40
0.2222222222222222
 40
0.2222222222222222
 40
0.3333333333333333
 40
0.3333333333333333
 40
0.3333333333333333
 40
0.4444444444444444
 40
0.4444444444444444
 40
0.4444444444444444
 40
0.5555555555555556
 40
0.5555555555555556
 40
0.5555555555555556
 40
0.6666666666666666
 40
0.6666666666666666
 40
0.6666666666666666
 40
0.7777777777777777
 40
0.7777777777777777
 40
0.7777777777777777
 40
0.8888888888888888
 40
0.8888888888888888
 40
0.8888888888888888
 40
1.0
 40
1.0
 40
1.0
 40
1.0
 10
-1.5294
 20
-21.9129
 30
0.0
 10
-1.5294
 20
-21.9129
 30
0.0
 10
-1.988
 20
-21.9129
 30
0.0
 10
-1.988
 20
-21.9129
 30
0.0
 10
-1.988
 20
-21.9129
 30
0.0
 10
-1.988
 20
-20.9011
 30
0.0
 10
-1.988
 20
-20.9011
 30
0.0
 10
-1.988
 20
-20.9011
 30
0.0
 10
-2.8047
 20
-19.5149
 30
0.0
 10
-2.8047
 20
-19.5149
 30
0.0
 10
-2.8047
 20
-19.5149
 30
0.0
 10
-2.2815
 20
-19.5149
 30
0.0
 10
-2.2815
 20
-19.5149
 30
0.0
 10
-2.2815
 20
-19.5149
 30
0.0
 10
-1.7123
 20
-20.504
 30
0.0
 10
-1.7123
 20
-20.504
 30
0.0
 10
-1.7123
 20
-20.504
 30
0.0
 10
-1.1674
 20
-19.5149
 30
0.0
 10
-1.1674
 20
-19.5149
 30
0.0
 10
-1.1674
 20
-19.5149
 30
0.0
 10
-0.7528
 20
-19.5149
 30
0.0
 10
-0.7528
 20
-19.5149
 30
0.0
 10
-0.7528
 20
-19.5149
 30
0.0
 10
-1.5294
 20
-20.9011
 30
0.0
 10
-1.5294
 20
-20.9011
 30
0.0
 10
-1.5294
 20
-20.9011
 30
0.0
 10
-1.5294
 20
-21.9129
 30
0.0
 10
-1.5294
 20
-21.9129
 30
0.0
  0
SPLINE
  5
97
330
1F
100
AcDbEntity
  8
Layer 1
 62
   240
100
AcDbSpline
210
0.0
220
0.0
230
1.0
 70
    11
 71
     3
 72
    41
 73
    37
 74
     0
 42
0.0000000001
 43
0.0000000001
 40
0.0
 40
0.0
 40
0.0
 40
0.0
 40
0.0833333333333333
 40
0.0833333333333333
 40
0.0833333333333333
 40
0.1666666666666667
 40
0.1666666666666667
 40
0.1666666666666667
 40
0.25
 40
0.25
 40
0.25
 40
0.3333333333333333
 40
0.3333333333333333
 40
0.3333333333333333
 40
0.4166666666666666
 40
0.4166666666666666
 40
0.4166666666666666
 40
0.5
 40
0.5
 40
0.5
 40
0.5833333333333333
 40
0.5833333333333333
 40
0.5833333333333333
 40
0.6666666666666666
 40
0.6666666666666666
 40
0.6666666666666666
 40
0.75
 40
0.75
 40
0.75
 40
0.8333333333333333
 40
0.8333333333333333
 40
0.8333333333333333
 40
0.9166666666666666
 40
0.9166666666666666
 40
0.9166666666666666
 40
1.0
 40
1.0
 40
1.0
 40
1.0
 10
1.0198
 20
-21.9129
 30
0.0
 10
1.0198
 20
-21.9129
 30
0.0
 10
-0.5384
 20
-21.9129
 30
0.0
 10
-0.5384
 20
-21.9129
 30
0.0
 10
-0.5384
 20
-21.9129
 30
0.0
 10
-0.5384
 20
-19.5149
 30
0.0
 10
-0.5384
 20
-19.5149
 30
0.0
 10
-0.5384
 20
-19.5149
 30
0.0
 10
1.0041
 20
-19.5149
 30
0.0
 10
1.0041
 20
-19.5149
 30
0.0
 10
1.0041
 20
-19.5149
 30
0.0
 10
1.0041
 20
-19.8716
 30
0.0
 10
1.0041
 20
-19.8716
 30
0.0
 10
1.0041
 20
-19.8716
 30
0.0
 10
-0.1064
 20
-19.8716
 30
0.0
 10
-0.1064
 20
-19.8716
 30
0.0
 10
-0.1064
 20
-19.8716
 30
0.0
 10
-0.1064
 20
-20.5214
 30
0.0
 10
-0.1064
 20
-20.5214
 30
0.0
 10
-0.1064
 20
-20.5214
 30
0.0
 10
0.7862
 20
-20.5214
 30
0.0
 10
0.7862
 20
-20.5214
 30
0.0
 10
0.7862
 20
-20.5214
 30
0.0
 10
0.7862
 20
-20.8695
 30
0.0
 10
0.7862
 20
-20.8695
 30
0.0
 10
0.7862
 20
-20.8695
 30
0.0
 10
-0.1064
 20
-20.8695
 30
0.0
 10
-0.1064
 20
-20.8695
 30
0.0
 10
-0.1064
 20
-20.8695
 30
0.0
 10
-0.1064
 20
-21.5404
 30
0.0
 10
-0.1064
 20
-21.5404
 30
0.0
 10
-0.1064
 20
-21.5404
 30
0.0
 10
1.0198
 20
-21.5404
 30
0.0
 10
1.0198
 20
-21.5404
 30
0.0
 10
1.0198
 20
-21.5404
 30
0.0
 10
1.0198
 20
-21.9129
 30
0.0
 10
1.0198
 20
-21.9129
 30
0.0
  0
SPLINE
  5
98
330
1F
100
AcDbEntity
  8
Layer 1
 62
   240
100
AcDbSpline
210
0.0
220
0.0
230
1.0
 70
    11
 71
     3
 72
    17
 73
    13
 74
     0
 42
0.0000000001
 43
0.0000000001
 40
0.0
 40
0.0
 40
0.0
 40
0.0
 40
0.25
 40
0.25
 40
0.25
 40
0.5
 40
0.5
 40
0.5
 40
0.75
 40
0.75
 40
0.75
 40
1.0
 40
1.0
 40
1.0
 40
1.0
 10
1.1287
 20
-22.101
 30
0.0
 10
1.1287
 20
-22.101
 30
0.0
 10
2.9278
 20
-22.101
 30
0.0
 10
2.9278
 20
-22.101
 30
0.0
 10
2.9278
 20
-22.101
 30
0.0
 10
2.9278
 20
-22.4665
 30
0.0
 10
2.9278
 20
-22.4665
 30
0.0
 10
2.9278
 20
-22.4665
 30
0.0
 10
1.1287
 20
-22.4665
 30
0.0
 10
1.1287
 20
-22.4665
 30
0.0
 10
1.1287
 20
-22.4665
 30
0.0
 10
1.1287
 20
-22.101
 30
0.0
 10
1.1287
 20
-22.101
 30
0.0
  0
SPLINE
  5
99
330
1F
100
AcDbEntity
  8
Layer 1
 62
   240
100
AcDbSpline
210
0.0
220
0.0
230
1.0
 70
    11
 71
     3
 72
    41
 73
    37
 74
     0
 42
0.0000000001
 43
0.0000000001
 40
0.0
 40
0.0
 40
0.0
 40
0.0
 40
0.0833333333333333
 40
0.0833333333333333
 40
0.0833333333333333
 40
0.1666666666666667
 40
0.1666666666666667
 40
0.1666666666666667
 40
0.25
 40
0.25
 40
0.25
 40
0.3333333333333333
 40
0.3333333333333333
 40
0.3333333333333333
 40
0.4166666666666666
 40
0.4166666666666666
 40
0.4166666666666666
 40
0.5
 40
0.5
 40
0.5
 40
0.5833333333333333
 40
0.5833333333333333
 40
0.5833333333333333
 40
0.6666666666666666
 40
0.6666666666666666
 40
0.6666666666666666
 40
0.75
 40
0.75
 40
0.75
 40
0.8333333333333333
 40
0.8333333333333333
 40
0.8333333333333333
 40
0.9166666666666666
 40
0.9166666666666666
 40
0.9166666666666666
 40
1.0
 40
1.0
 40
1.0
 40
1.0
 10
4.7495
 20
-21.9129
 30
0.0
 10
4.7495
 20
-21.9129
 30
0.0
 10
3.1916
 20
-21.9129
 30
0.0
 10
3.1916
 20
-21.9129
 30
0.0
 10
3.1916
 20
-21.9129
 30
0.0
 10
3.1916
 20
-19.5149
 30
0.0
 10
3.1916
 20
-19.5149
 30
0.0
 10
3.1916
 20
-19.5149
 30
0.0
 10
4.7338
 20
-19.5149
 30
0.0
 10
4.7338
 20
-19.5149
 30
0.0
 10
4.7338
 20
-19.5149
 30
0.0
 10
4.7338
 20
-19.8716
 30
0.0
 10
4.7338
 20
-19.8716
 30
0.0
 10
4.7338
 20
-19.8716
 30
0.0
 10
3.6236
 20
-19.8716
 30
0.0
 10
3.6236
 20
-19.8716
 30
0.0
 10
3.6236
 20
-19.8716
 30
0.0
 10
3.6236
 20
-20.5214
 30
0.0
 10
3.6236
 20
-20.5214
 30
0.0
 10
3.6236
 20
-20.5214
 30
0.0
 10
4.5159
 20
-20.5214
 30
0.0
 10
4.5159
 20
-20.5214
 30
0.0
 10
4.5159
 20
-20.5214
 30
0.0
 10
4.5159
 20
-20.8695
 30
0.0
 10
4.5159
 20
-20.8695
 30
0.0
 10
4.5159
 20
-20.8695
 30
0.0
 10
3.6236
 20
-20.8695
 30
0.0
 10
3.6236
 20
-20.8695
 30
0.0
 10
3.6236
 20
-20.8695
 30
0.0
 10
3.6236
 20
-21.5404
 30
0.0
 10
3.6236
 20
-21.5404
 30
0.0
 10
3.6236
 20
-21.5404
 30
0.0
 10
4.7495
 20
-21.5404
 30
0.0
 10
4.7495
 20
-21.5404
 30
0.0
 10
4.7495
 20
-21.5404
 30
0.0
 10
4.7495
 20
-21.9129
 30
0.0
 10
4.7495
 20
-21.9129
 30
0.0
  0
SPLINE
  5
9A
330
1F
100
AcDbEntity
  8
Layer 1
 62
   240
100
AcDbSpline
210
0.0
220
0.0
230
1.0
 70
    11
 71
     3
 72
    29
 73
    25
 74
     0
 42
0.0000000001
 43
0.0000000001
 40
0.0
 40
0.0
 40
0.0
 40
0.0
 40
0.125
 40
0.125
 40
0.125
 40
0.25
 40
0.25
 40
0.25
 40
0.375
 40
0.375
 40
0.375
 40
0.5
 40
0.5
 40
0.5
 40
0.625
 40
0.625
 40
0.625
 40
0.75
 40
0.75
 40
0.75
 40
0.875
 40
0.875
 40
0.875
 40
1.0
 40
1.0
 40
1.0
 40
1.0
 10
5.9602
 20
-21.9129
 30
0.0
 10
5.9602
 20
-21.9129
 30
0.0
 10
5.4963
 20
-21.9129
 30
0.0
 10
5.4963
 20
-21.9129
 30
0.0
 10
5.4963
 20
-21.9129
 30
0.0
 10
5.4963
 20
-19.8857
 30
0.0
 10
5.4963
 20
-19.8857
 30
0.0
 10
5.4963
 20
-19.8857
 30
0.0
 10
4.8584
 20
-19.8857
 30
0.0
 10
4.8584
 20
-19.8857
 30
0.0
 10
4.8584
 20
-19.8857
 30
0.0
 10
4.8584
 20
-19.5149
 30
0.0
 10
4.8584
 20
-19.5149
 30
0.0
 10
4.8584
 20
-19.5149
 30
0.0
 10
6.5975
 20
-19.5149
 30
0.0
 10
6.5975
 20
-19.5149
 30
0.0
 10
6.5975
 20
-19.5149
 30
0.0
 10
6.5975
 20
-19.8857
 30
0.0
 10
6.5975
 20
-19.8857
 30
0.0
 10
6.5975
 20
-19.8857
 30
0.0
 10
5.9602
 20
-19.8857
 30
0.0
 10
5.9602
 20
-19.8857
 30
0.0
 10
5.9602
 20
-19.8857
 30
0.0
 10
5.9602
 20
-21.9129
 30
0.0
 10
5.9602
 20
-21.9129
 30
0.0
  0
SPLINE
  5
9B
330
1F
100
AcDbEntity
  8
Layer 1
 62
   240
100
AcDbSpline
210
0.0
220
0.0
230
1.0
 70
    11
 71
     3
 72
    44
 73
    40
 74
     0
 42
0.0000000001
 43
0.0000000001
 40
0.0
 40
0.0
 40
0.0
 40
0.0
 40
0.0769230769230769
 40
0.0769230769230769
 40
0.0769230769230769
 40
0.1538461538461539
 40
0.1538461538461539
 40
0.1538461538461539
 40
0.2307692307692308
 40
0.2307692307692308
 40
0.2307692307692308
 40
0.3076923076923077
 40
0.3076923076923077
 40
0.3076923076923077
 40
0.3846153846153846
 40
0.3846153846153846
 40
0.3846153846153846
 40
0.4615384615384616
 40
0.4615384615384616
 40
0.4615384615384616
 40
0.5384615384615385
 40
0.5384615384615385
 40
0.5384615384615385
 40
0.6153846153846154
 40
0.6153846153846154
 40
0.6153846153846154
 40
0.6923076923076923
 40
0.6923076923076923
 40
0.6923076923076923
 40
0.7692307692307693
 40
0.7692307692307693
 40
0.7692307692307693
 40
0.8461538461538463
 40
0.8461538461538463
 40
0.8461538461538463
 40
0.9230769230769231
 40
0.9230769230769231
 40
0.9230769230769231
 40
1.0
 40
1.0
 40
1.0
 40
1.0
 10
9.2139
 20
-21.9129
 30
0.0
 10
9.2139
 20
-21.9129
 30
0.0
 10
8.7727
 20
-21.9129
 30
0.0
 10
8.7727
 20
-21.9129
 30
0.0
 10
8.7727
 20
-21.9129
 30
0.0
 10
8.7727
 20
-19.8133
 30
0.0
 10
8.7727
 20
-19.8133
 30
0.0
 10
8.7727
 20
-19.8133
 30
0.0
 10
8.1091
 20
-21.9129
 30
0.0
 10
8.1091
 20
-21.9129
 30
0.0
 10
8.1091
 20
-21.9129
 30
0.0
 10
7.882
 20
-21.9129
 30
0.0
 10
7.882
 20
-21.9129
 30
0.0
 10
7.882
 20
-21.9129
 30
0.0
 10
7.2147
 20
-19.8133
 30
0.0
 10
7.2147
 20
-19.8133
 30
0.0
 10
7.2147
 20
-19.8133
 30
0.0
 10
7.2147
 20
-21.9129
 30
0.0
 10
7.2147
 20
-21.9129
 30
0.0
 10
7.2147
 20
-21.9129
 30
0.0
 10
6.8617
 20
-21.9129
 30
0.0
 10
6.8617
 20
-21.9129
 30
0.0
 10
6.8617
 20
-21.9129
 30
0.0
 10
6.8617
 20
-19.5149
 30
0.0
 10
6.8617
 20
-19.5149
 30
0.0
 10
6.8617
 20
-19.5149
 30
0.0
 10
7.5379
 20
-19.5149
 30
0.0
 10
7.5379
 20
-19.5149
 30
0.0
 10
7.5379
 20
-19.5149
 30
0.0
 10
8.0403
 20
-21.059
 30
0.0
 10
8.0403
 20
-21.059
 30
0.0
 10
8.0403
 20
-21.059
 30
0.0
 10
8.5342
 20
-19.5149
 30
0.0
 10
8.5342
 20
-19.5149
 30
0.0
 10
8.5342
 20
-19.5149
 30
0.0
 10
9.2139
 20
-19.5149
 30
0.0
 10
9.2139
 20
-19.5149
 30
0.0
 10
9.2139
 20
-19.5149
 30
0.0
 10
9.2139
 20
-21.9129
 30
0.0
 10
9.2139
 20
-21.9129
 30
0.0
  0
SPLINE
  5
9C
330
1F
100
AcDbEntity
  8
Layer 1
 62
   240
100
AcDbSpline
210
0.0
220
0.0
230
1.0
 70
    11
 71
     3
 72
    17
 73
    13
 74
     0
 42
0.0000000001
 43
0.0000000001
 40
0.0
 40
0.0
 40
0.0
 40
0.0
 40
0.25
 40
0.25
 40
0.25
 40
0.5
 40
0.5
 40
0.5
 40
0.75
 40
0.75
 40
0.75
 40
1.0
 40
1.0
 40
1.0
 40
1.0
 10
10.175
 20
-21.9128
 30
0.0
 10
10.175
 20
-21.9128
 30
0.0
 10
9.743
 20
-21.9128
 30
0.0
 10
9.743
 20
-21.9128
 30
0.0
 10
9.743
 20
-21.9128
 30
0.0
 10
9.743
 20
-19.5149
 30
0.0
 10
9.743
 20
-19.5149
 30
0.0
 10
9.743
 20
-19.5149
 30
0.0
 10
10.175
 20
-19.5149
 30
0.0
 10
10.175
 20
-19.5149
 30
0.0
 10
10.175
 20
-19.5149
 30
0.0
 10
10.175
 20
-21.9128
 30
0.0
 10
10.175
 20
-21.9128
 30
0.0
  0
SPLINE
  5
9D
330
1F
100
AcDbEntity
  8
Layer 1
 62
   240
100
AcDbSpline
210
0.0
220
0.0
230
1.0
 70
    11
 71
     3
 72
    44
 73
    40
 74
     0
 42
0.0000000001
 43
0.0000000001
 40
0.0
 40
0.0
 40
0.0
 40
0.0
 40
0.0769230769230769
 40
0.0769230769230769
 40
0.0769230769230769
 40
0.1538461538461539
 40
0.1538461538461539
 40
0.1538461538461539
 40
0.2307692307692308
 40
0.2307692307692308
 40
0.2307692307692308
 40
0.3076923076923077
 40
0.3076923076923077
 40
0.3076923076923077
 40
0.3846153846153846
 40
0.3846153846153846
 40
0.3846153846153846
 40
0.4615384615384616
 40
0.4615384615384616
 40
0.4615384615384616
 40
0.5384615384615385
 40
0.5384615384615385
 40
0.5384615384615385
 40
0.6153846153846154
 40
0.6153846153846154
 40
0.6153846153846154
 40
0.6923076923076923
 40
0.6923076923076923
 40
0.6923076923076923
 40
0.7692307692307693
 40
0.7692307692307693
 40
0.7692307692307693
 40
0.8461538461538463
 40
0.8461538461538463
 40
0.8461538461538463
 40
0.9230769230769231
 40
0.9230769230769231
 40
0.9230769230769231
 40
1.0
 40
1.0
 40
1.0
 40
1.0
 10
12.5132
 20
-21.9129
 30
0.0
 10
12.5132
 20
-21.9129
 30
0.0
 10
12.0934
 20
-21.9129
 30
0.0
 10
12.0934
 20
-21.9129
 30
0.0
 10
12.0934
 20
-21.9129
 30
0.0
 10
11.1833
 20
-20.3812
 30
0.0
 10
11.1833
 20
-20.3812
 30
0.0
 10
11.1691
 20
-20.3573
 30
0.0
 10
11.1464
 20
-20.3194
 30
0.0
 10
11.1148
 20
-20.2667
 30
0.0
 10
11.1007
 20
-20.2434
 30
0.0
 10
11.079
 20
-20.2062
 30
0.0
 10
11.05
 20
-20.1562
 30
0.0
 10
11.05
 20
-20.1562
 30
0.0
 10
11.05
 20
-21.9129
 30
0.0
 10
11.05
 20
-21.9129
 30
0.0
 10
11.05
 20
-21.9129
 30
0.0
 10
10.7019
 20
-21.9129
 30
0.0
 10
10.7019
 20
-21.9129
 30
0.0
 10
10.7019
 20
-21.9129
 30
0.0
 10
10.7019
 20
-19.5149
 30
0.0
 10
10.7019
 20
-19.5149
 30
0.0
 10
10.7019
 20
-19.5149
 30
0.0
 10
11.1796
 20
-19.5149
 30
0.0
 10
11.1796
 20
-19.5149
 30
0.0
 10
11.1796
 20
-19.5149
 30
0.0
 10
12.0197
 20
-20.9274
 30
0.0
 10
12.0197
 20
-20.9274
 30
0.0
 10
12.0266
 20
-20.939
 30
0.0
 10
12.0776
 20
-21.0252
 30
0.0
 10
12.1727
 20
-21.1858
 30
0.0
 10
12.1727
 20
-21.1858
 30
0.0
 10
12.1727
 20
-19.5149
 30
0.0
 10
12.1727
 20
-19.5149
 30
0.0
 10
12.1727
 20
-19.5149
 30
0.0
 10
12.5132
 20
-19.5149
 30
0.0
 10
12.5132
 20
-19.5149
 30
0.0
 10
12.5132
 20
-19.5149
 30
0.0
 10
12.5132
 20
-21.9129
 30
0.0
 10
12.5132
 20
-21.9129
 30
0.0
  0
SPLINE
  5
9E
330
1F
100
AcDbEntity
  8
Layer 1
 62
   240
100
AcDbSpline
210
0.0
220
0.0
230
1.0
 70
    11
 71
     3
 72
    14
 73
    10
 74
     0
 42
0.0000000001
 43
0.0000000001
 40
0.0
 40
0.0
 40
0.0
 40
0.0
 40
0.3333333333333333
 40
0.3333333333333333
 40
0.3333333333333333
 40
0.6666666666666666
 40
0.6666666666666666
 40
0.6666666666666666
 40
1.0
 40
1.0
 40
1.0
 40
1.0
 10
14.1526
 20
-20.9959
 30
0.0
 10
14.1526
 20
-20.9959
 30
0.0
 10
13.8032
 20
-19.9258
 30
0.0
 10
13.8032
 20
-19.9258
 30
0.0
 10
13.8032
 20
-19.9258
 30
0.0
 10
13.4531
 20
-20.9959
 30
0.0
 10
13.4531
 20
-20.9959
 30
0.0
 10
13.4531
 20
-20.9959
 30
0.0
 10
14.1526
 20
-20.9959
 30
0.0
 10
14.1526
 20
-20.9959
 30
0.0
  0
SPLINE
  5
9F
330
1F
100
AcDbEntity
  8
Layer 1
 62
   240
100
AcDbSpline
210
0.0
220
0.0
230
1.0
 70
    11
 71
     3
 72
    29
 73
    25
 74
     0
 42
0.0000000001
 43
0.0000000001
 40
0.0
 40
0.0
 40
0.0
 40
0.0
 40
0.125
 40
0.125
 40
0.125
 40
0.25
 40
0.25
 40
0.25
 40
0.375
 40
0.375
 40
0.375
 40
0.5
 40
0.5
 40
0.5
 40
0.625
 40
0.625
 40
0.625
 40
0.75
 40
0.75
 40
0.75
 40
0.875
 40
0.875
 40
0.875
 40
1.0
 40
1.0
 40
1.0
 40
1.0
 10
14.9218
 20
-21.9129
 30
0.0
 10
14.9218
 20
-21.9129
 30
0.0
 10
14.4599
 20
-21.9129
 30
0.0
 10
14.4599
 20
-21.9129
 30
0.0
 10
14.4599
 20
-21.9129
 30
0.0
 10
14.2684
 20
-21.342
 30
0.0
 10
14.2684
 20
-21.342
 30
0.0
 10
14.2684
 20
-21.342
 30
0.0
 10
13.3462
 20
-21.342
 30
0.0
 10
13.3462
 20
-21.342
 30
0.0
 10
13.3462
 20
-21.342
 30
0.0
 10
13.1583
 20
-21.9129
 30
0.0
 10
13.1583
 20
-21.9129
 30
0.0
 10
13.1583
 20
-21.9129
 30
0.0
 10
12.7891
 20
-21.9129
 30
0.0
 10
12.7891
 20
-21.9129
 30
0.0
 10
12.7891
 20
-21.9129
 30
0.0
 10
13.585
 20
-19.5149
 30
0.0
 10
13.585
 20
-19.5149
 30
0.0
 10
13.585
 20
-19.5149
 30
0.0
 10
14.1174
 20
-19.5149
 30
0.0
 10
14.1174
 20
-19.5149
 30
0.0
 10
14.1174
 20
-19.5149
 30
0.0
 10
14.9218
 20
-21.9129
 30
0.0
 10
14.9218
 20
-21.9129
 30
0.0
  0
SPLINE
  5
A0
330
1F
100
AcDbEntity
  8
Layer 1
 62
   240
100
AcDbSpline
210
0.0
220
0.0
230
1.0
 70
    11
 71
     3
 72
    44
 73
    40
 74
     0
 42
0.0000000001
 43
0.0000000001
 40
0.0
 40
0.0
 40
0.0
 40
0.0
 40
0.0769230769230769
 40
0.0769230769230769
 40
0.0769230769230769
 40
0.1538461538461539
 40
0.1538461538461539
 40
0.1538461538461539
 40
0.2307692307692308
 40
0.2307692307692308
 40
0.2307692307692308
 40
0.3076923076923077
 40
0.3076923076923077
 40
0.3076923076923077
 40
0.3846153846153846
 40
0.3846153846153846
 40
0.3846153846153846
 40
0.4615384615384616
 40
0.4615384615384616
 40
0.4615384615384616
 40
0.5384615384615385
 40
0.5384615384615385
 40
0.5384615384615385
 40
0.6153846153846154
 40
0.6153846153846154
 40
0.6153846153846154
 40
0.6923076923076923
 40
0.6923076923076923
 40
0.6923076923076923
 40
0.7692307692307693
 40
0.7692307692307693
 40
0.7692307692307693
 40
0.8461538461538463
 40
0.8461538461538463
 40
0.8461538461538463
 40
0.9230769230769231
 40
0.9230769230769231
 40
0.9230769230769231
 40
1.0
 40
1.0
 40
1.0
 40
1.0
 10
17.0213
 20
-21.9129
 30
0.0
 10
17.0213
 20
-21.9129
 30
0.0
 10
16.6018
 20
-21.9129
 30
0.0
 10
16.6018
 20
-21.9129
 30
0.0
 10
16.6018
 20
-21.9129
 30
0.0
 10
15.6914
 20
-20.3812
 30
0.0
 10
15.6914
 20
-20.3812
 30
0.0
 10
15.6776
 20
-20.3573
 30
0.0
 10
15.6548
 20
-20.3194
 30
0.0
 10
15.6229
 20
-20.2667
 30
0.0
 10
15.6088
 20
-20.2434
 30
0.0
 10
15.5874
 20
-20.2062
 30
0.0
 10
15.5581
 20
-20.1562
 30
0.0
 10
15.5581
 20
-20.1562
 30
0.0
 10
15.5581
 20
-21.9129
 30
0.0
 10
15.5581
 20
-21.9129
 30
0.0
 10
15.5581
 20
-21.9129
 30
0.0
 10
15.21
 20
-21.9129
 30
0.0
 10
15.21
 20
-21.9129
 30
0.0
 10
15.21
 20
-21.9129
 30
0.0
 10
15.21
 20
-19.5149
 30
0.0
 10
15.21
 20
-19.5149
 30
0.0
 10
15.21
 20
-19.5149
 30
0.0
 10
15.6878
 20
-19.5149
 30
0.0
 10
15.6878
 20
-19.5149
 30
0.0
 10
15.6878
 20
-19.5149
 30
0.0
 10
16.5277
 20
-20.9274
 30
0.0
 10
16.5277
 20
-20.9274
 30
0.0
 10
16.5347
 20
-20.939
 30
0.0
 10
16.5857
 20
-21.0252
 30
0.0
 10
16.6808
 20
-21.1858
 30
0.0
 10
16.6808
 20
-21.1858
 30
0.0
 10
16.6808
 20
-19.5149
 30
0.0
 10
16.6808
 20
-19.5149
 30
0.0
 10
16.6808
 20
-19.5149
 30
0.0
 10
17.0213
 20
-19.5149
 30
0.0
 10
17.0213
 20
-19.5149
 30
0.0
 10
17.0213
 20
-19.5149
 30
0.0
 10
17.0213
 20
-21.9129
 30
0.0
 10
17.0213
 20
-21.9129
 30
0.0
  0
SPLINE
  5
A1
330
1F
100
AcDbEntity
  8
Layer 1
 62
   240
100
AcDbSpline
210
0.0
220
0.0
230
1.0
 70
    11
 71
     3
 72
    41
 73
    37
 74
     0
 42
0.0000000001
 43
0.0000000001
 40
0.0
 40
0.0
 40
0.0
 40
0.0
 40
0.0833333333333333
 40
0.0833333333333333
 40
0.0833333333333333
 40
0.1666666666666667
 40
0.1666666666666667
 40
0.1666666666666667
 40
0.25
 40
0.25
 40
0.25
 40
0.3333333333333333
 40
0.3333333333333333
 40
0.3333333333333333
 40
0.4166666666666666
 40
0.4166666666666666
 40
0.4166666666666666
 40
0.5
 40
0.5
 40
0.5
 40
0.5833333333333333
 40
0.5833333333333333
 40
0.5833333333333333
 40
0.6666666666666666
 40
0.6666666666666666
 40
0.6666666666666666
 40
0.75
 40
0.75
 40
0.75
 40
0.8333333333333333
 40
0.8333333333333333
 40
0.8333333333333333
 40
0.9166666666666666
 40
0.9166666666666666
 40
0.9166666666666666
 40
1.0
 40
1.0
 40
1.0
 40
1.0
 10
-12.6659
 20
-22.4865
 30
0.0
 10
-12.6659
 20
-22.4865
 30
0.0
 10
-14.705
 20
-22.4865
 30
0.0
 10
-14.705
 20
-22.4865
 30
0.0
 10
-14.9892
 20
-22.4865
 30
0.0
 10
-15.2469
 20
-22.371
 30
0.0
 10
-15.4331
 20
-22.1849
 30
0.0
 10
-15.6194
 20
-21.9985
 30
0.0
 10
-15.7348
 20
-21.7408
 30
0.0
 10
-15.7348
 20
-21.4566
 30
0.0
 10
-15.7348
 20
-21.4566
 30
0.0
 10
-15.7348
 20
-19.4176
 30
0.0
 10
-15.7348
 20
-19.4176
 30
0.0
 10
-15.7348
 20
-19.1334
 30
0.0
 10
-15.6194
 20
-18.8757
 30
0.0
 10
-15.4331
 20
-18.6893
 30
0.0
 10
-15.2469
 20
-18.5032
 30
0.0
 10
-14.9892
 20
-18.3877
 30
0.0
 10
-14.705
 20
-18.3877
 30
0.0
 10
-14.705
 20
-18.3877
 30
0.0
 10
-12.6659
 20
-18.3877
 30
0.0
 10
-12.6659
 20
-18.3877
 30
0.0
 10
-12.3823
 20
-18.3877
 30
0.0
 10
-12.125
 20
-18.5033
 30
0.0
 10
-11.9384
 20
-18.6898
 30
0.0
 10
-11.7517
 20
-18.8758
 30
0.0
 10
-11.6364
 20
-19.1334
 30
0.0
 10
-11.6364
 20
-19.4176
 30
0.0
 10
-11.6364
 20
-19.4176
 30
0.0
 10
-11.6364
 20
-21.4566
 30
0.0
 10
-11.6364
 20
-21.4566
 30
0.0
 10
-11.6364
 20
-21.7408
 30
0.0
 10
-11.7517
 20
-21.9984
 30
0.0
 10
-11.9381
 20
-22.1848
 30
0.0
 10
-12.125
 20
-22.3709
 30
0.0
 10
-12.3823
 20
-22.4865
 30
0.0
 10
-12.6659
 20
-22.4865
 30
0.0
  0
SPLINE
  5
A2
330
1F
100
AcDbEntity
  8
Layer 1
 62
   240
100
AcDbSpline
210
0.0
220
0.0
230
1.0
 70
    11
 71
     3
 72
    41
 73
    37
 74
     0
 42
0.0000000001
 43
0.0000000001
 40
0.0
 40
0.0
 40
0.0
 40
0.0
 40
0.0833333333333333
 40
0.0833333333333333
 40
0.0833333333333333
 40
0.1666666666666667
 40
0.1666666666666667
 40
0.1666666666666667
 40
0.25
 40
0.25
 40
0.25
 40
0.3333333333333333
 40
0.3333333333333333
 40
0.3333333333333333
 40
0.4166666666666666
 40
0.4166666666666666
 40
0.4166666666666666
 40
0.5
 40
0.5
 40
0.5
 40
0.5833333333333333
 40
0.5833333333333333
 40
0.5833333333333333
 40
0.6666666666666666
 40
0.6666666666666666
 40
0.6666666666666666
 40
0.75
 40
0.75
 40
0.75
 40
0.8333333333333333
 40
0.8333333333333333
 40
0.8333333333333333
 40
0.9166666666666666
 40
0.9166666666666666
 40
0.9166666666666666
 40
1.0
 40
1.0
 40
1.0
 40
1.0
 10
-14.705
 20
-22.1574
 30
0.0
 10
-14.705
 20
-22.1574
 30
0.0
 10
-12.6659
 20
-22.1574
 30
0.0
 10
-12.6659
 20
-22.1574
 30
0.0
 10
-12.4721
 20
-22.1574
 30
0.0
 10
-12.2969
 20
-22.0791
 30
0.0
 10
-12.1707
 20
-21.9528
 30
0.0
 10
-12.0439
 20
-21.8254
 30
0.0
 10
-11.9655
 20
-21.6501
 30
0.0
 10
-11.9655
 20
-21.4566
 30
0.0
 10
-11.9655
 20
-21.4566
 30
0.0
 10
-11.9655
 20
-19.4176
 30
0.0
 10
-11.9655
 20
-19.4176
 30
0.0
 10
-11.9655
 20
-19.2241
 30
0.0
 10
-12.0439
 20
-19.0488
 30
0.0
 10
-12.1707
 20
-18.922
 30
0.0
 10
-12.2969
 20
-18.7951
 30
0.0
 10
-12.4721
 20
-18.7168
 30
0.0
 10
-12.6659
 20
-18.7168
 30
0.0
 10
-12.6659
 20
-18.7168
 30
0.0
 10
-14.705
 20
-18.7168
 30
0.0
 10
-14.705
 20
-18.7168
 30
0.0
 10
-14.8985
 20
-18.7168
 30
0.0
 10
-15.0738
 20
-18.7953
 30
0.0
 10
-15.2005
 20
-18.9219
 30
0.0
 10
-15.3272
 20
-19.0487
 30
0.0
 10
-15.4058
 20
-19.2241
 30
0.0
 10
-15.4058
 20
-19.4176
 30
0.0
 10
-15.4058
 20
-19.4176
 30
0.0
 10
-15.4058
 20
-21.4566
 30
0.0
 10
-15.4058
 20
-21.4566
 30
0.0
 10
-15.4058
 20
-21.6501
 30
0.0
 10
-15.3272
 20
-21.8255
 30
0.0
 10
-15.2005
 20
-21.9522
 30
0.0
 10
-15.0738
 20
-22.0789
 30
0.0
 10
-14.8985
 20
-22.1574
 30
0.0
 10
-14.705
 20
-22.1574
 30
0.0
  0
SPLINE
  5
A3
330
1F
100
AcDbEntity
  8
Layer 1
 62
   240
100
AcDbSpline
210
0.0
220
0.0
230
1.0
 70
    11
 71
     3
 72
    29
 73
    25
 74
     0
 42
0.0000000001
 43
0.0000000001
 40
0.0
 40
0.0
 40
0.0
 40
0.0
 40
0.125
 40
0.125
 40
0.125
 40
0.25
 40
0.25
 40
0.25
 40
0.375
 40
0.375
 40
0.375
 40
0.5
 40
0.5
 40
0.5
 40
0.625
 40
0.625
 40
0.625
 40
0.75
 40
0.75
 40
0.75
 40
0.875
 40
0.875
 40
0.875
 40
1.0
 40
1.0
 40
1.0
 40
1.0
 10
-12.7193
 20
-20.509
 30
0.0
 10
-12.7193
 20
-20.775
 30
0.0
 10
-12.8276
 20
-21.0164
 30
0.0
 10
-13.0024
 20
-21.1913
 30
0.0
 10
-13.1768
 20
-21.3663
 30
0.0
 10
-13.4182
 20
-21.4744
 30
0.0
 10
-13.6847
 20
-21.4744
 30
0.0
 10
-13.9506
 20
-21.4744
 30
0.0
 10
-14.1919
 20
-21.3661
 30
0.0
 10
-14.3668
 20
-21.1913
 30
0.0
 10
-14.5417
 20
-21.017
 30
0.0
 10
-14.6497
 20
-20.7756
 30
0.0
 10
-14.6497
 20
-20.509
 30
0.0
 10
-14.6497
 20
-20.2429
 30
0.0
 10
-14.5415
 20
-20.0018
 30
0.0
 10
-14.367
 20
-19.8271
 30
0.0
 10
-14.1921
 20
-19.6521
 30
0.0
 10
-13.9507
 20
-19.5437
 30
0.0
 10
-13.6847
 20
-19.5437
 30
0.0
 10
-13.4182
 20
-19.5437
 30
0.0
 10
-13.1768
 20
-19.6518
 30
0.0
 10
-13.0021
 20
-19.8265
 30
0.0
 10
-12.8274
 20
-20.0012
 30
0.0
 10
-12.7193
 20
-20.2425
 30
0.0
 10
-12.7193
 20
-20.509
 30
0.0
  0
SPLINE
  5
A4
330
1F
100
AcDbEntity
  8
Layer 1
 62
   240
100
AcDbSpline
210
0.0
220
0.0
230
1.0
 70
    11
 71
     3
 72
    29
 73
    25
 74
     0
 42
0.0000000001
 43
0.0000000001
 40
0.0
 40
0.0
 40
0.0
 40
0.0
 40
0.125
 40
0.125
 40
0.125
 40
0.25
 40
0.25
 40
0.25
 40
0.375
 40
0.375
 40
0.375
 40
0.5
 40
0.5
 40
0.5
 40
0.625
 40
0.625
 40
0.625
 40
0.75
 40
0.75
 40
0.75
 40
0.875
 40
0.875
 40
0.875
 40
1.0
 40
1.0
 40
1.0
 40
1.0
 10
-13.2343
 20
-20.959
 30
0.0
 10
-13.1193
 20
-20.8444
 30
0.0
 10
-13.0483
 20
-20.6853
 30
0.0
 10
-13.0483
 20
-20.509
 30
0.0
 10
-13.0483
 20
-20.3333
 30
0.0
 10
-13.1197
 20
-20.1741
 30
0.0
 10
-13.2347
 20
-20.0591
 30
0.0
 10
-13.3497
 20
-19.9441
 30
0.0
 10
-13.509
 20
-19.8727
 30
0.0
 10
-13.6847
 20
-19.8727
 30
0.0
 10
-13.8608
 20
-19.8727
 30
0.0
 10
-14.0198
 20
-19.9437
 30
0.0
 10
-14.1344
 20
-20.0584
 30
0.0
 10
-14.2494
 20
-20.1735
 30
0.0
 10
-14.3207
 20
-20.333
 30
0.0
 10
-14.3207
 20
-20.509
 30
0.0
 10
-14.3207
 20
-20.6848
 30
0.0
 10
-14.2495
 20
-20.844
 30
0.0
 10
-14.1345
 20
-20.959
 30
0.0
 10
-14.0199
 20
-21.0744
 30
0.0
 10
-13.8607
 20
-21.1454
 30
0.0
 10
-13.6847
 20
-21.1454
 30
0.0
 10
-13.509
 20
-21.1454
 30
0.0
 10
-13.3497
 20
-21.074
 30
0.0
 10
-13.2343
 20
-20.959
 30
0.0
  0
SPLINE
  5
A5
330
1F
100
AcDbEntity
  8
Layer 1
 62
   250
100
AcDbSpline
210
0.0
220
0.0
230
1.0
 70
    11
 71
     3
 72
    17
 73
    13
 74
     0
 42
0.0000000001
 43
0.0000000001
 40
0.0
 40
0.0
 40
0.0
 40
0.0
 40
0.25
 40
0.25
 40
0.25
 40
0.5
 40
0.5
 40
0.5
 40
0.75
 40
0.75
 40
0.75
 40
1.0
 40
1.0
 40
1.0
 40
1.0
 10
-12.5787
 20
-19.4828
 30
0.0
 10
-12.5787
 20
-19.567
 30
0.0
 10
-12.6472
 20
-19.6355
 30
0.0
 10
-12.7314
 20
-19.6355
 30
0.0
 10
-12.8156
 20
-19.6355
 30
0.0
 10
-12.8837
 20
-19.567
 30
0.0
 10
-12.8837
 20
-19.4828
 30
0.0
 10
-12.8837
 20
-19.3982
 30
0.0
 10
-12.8156
 20
-19.3301
 30
0.0
 10
-12.7314
 20
-19.3301
 30
0.0
 10
-12.6472
 20
-19.3301
 30
0.0
 10
-12.5787
 20
-19.3982
 30
0.0
 10
-12.5787
 20
-19.4828
 30
0.0
  0
SPLINE
  5
A6
330
1F
100
AcDbEntity
  8
Layer 1
 62
   240
100
AcDbSpline
210
0.0
220
0.0
230
1.0
 70
    11
 71
     3
 72
    29
 73
    25
 74
     0
 42
0.0000000001
 43
0.0000000001
 40
0.0
 40
0.0
 40
0.0
 40
0.0
 40
0.125
 40
0.125
 40
0.125
 40
0.25
 40
0.25
 40
0.25
 40
0.375
 40
0.375
 40
0.375
 40
0.5
 40
0.5
 40
0.5
 40
0.625
 40
0.625
 40
0.625
 40
0.75
 40
0.75
 40
0.75
 40
0.875
 40
0.875
 40
0.875
 40
1.0
 40
1.0
 40
1.0
 40
1.0
 10
-12.4142
 20
-19.4828
 30
0.0
 10
-12.4142
 20
-19.5703
 30
0.0
 10
-12.4499
 20
-19.6497
 30
0.0
 10
-12.5072
 20
-19.707
 30
0.0
 10
-12.5652
 20
-19.7643
 30
0.0
 10
-12.6447
 20
-19.8
 30
0.0
 10
-12.7314
 20
-19.8
 30
0.0
 10
-12.8188
 20
-19.8
 30
0.0
 10
-12.8981
 20
-19.7644
 30
0.0
 10
-12.9554
 20
-19.7071
 30
0.0
 10
-13.0126
 20
-19.6489
 30
0.0
 10
-13.0482
 20
-19.5698
 30
0.0
 10
-13.0482
 20
-19.4828
 30
0.0
 10
-13.0482
 20
-19.3958
 30
0.0
 10
-13.0128
 20
-19.3166
 30
0.0
 10
-12.9555
 20
-19.2591
 30
0.0
 10
-12.8982
 20
-19.2011
 30
0.0
 10
-12.8189
 20
-19.1656
 30
0.0
 10
-12.7314
 20
-19.1656
 30
0.0
 10
-12.644
 20
-19.1656
 30
0.0
 10
-12.5644
 20
-19.2011
 30
0.0
 10
-12.5071
 20
-19.2585
 30
0.0
 10
-12.4497
 20
-19.3158
 30
0.0
 10
-12.4142
 20
-19.3951
 30
0.0
 10
-12.4142
 20
-19.4828
 30
0.0
  0
SPLINE
  5
A7
330
1F
100
AcDbEntity
  8
Layer 1
 62
   240
100
AcDbSpline
210
0.0
220
0.0
230
1.0
 70
    27
 71
     3
 72
    11
 73
     7
 74
     0
 42
0.0000000001
 43
0.0000000001
 40
0.0
 40
0.0
 40
0.0
 40
0.0
 40
0.5
 40
0.5
 40
0.5
 40
1.0
 40
1.0
 40
1.0
 40
1.0
 10
-12.7237
 20
-19.4907
 30
0.0
 10
-12.7237
 20
-19.4907
 30
0.0
 10
-12.7309
 20
-19.4832
 30
0.0
 10
-12.7309
 20
-19.4832
 30
0.0
 10
-12.7309
 20
-19.4832
 30
0.0
 10
-12.7237
 20
-19.4907
 30
0.0
 10
-12.7237
 20
-19.4907
 30
0.0
  0
SPLINE
  5
A8
330
1F
100
AcDbEntity
  8
Layer 1
 62
   240
100
AcDbSpline
210
0.0
220
0.0
230
1.0
 70
    11
 71
     3
 72
    14
 73
    10
 74
     0
 42
0.0000000001
 43
0.0000000001
 40
0.0
 40
0.0
 40
0.0
 40
0.0
 40
0.3333333333333333
 40
0.3333333333333333
 40
0.3333333333333333
 40
0.6666666666666666
 40
0.6666666666666666
 40
0.6666666666666666
 40
1.0
 40
1.0
 40
1.0
 40
1.0
 10
-12.7305
 20
-19.4828
 30
0.0
 10
-12.7305
 20
-19.4828
 30
0.0
 10
-12.7197
 20
-19.4828
 30
0.0
 10
-12.7197
 20
-19.4828
 30
0.0
 10
-12.7197
 20
-19.4828
 30
0.0
 10
-12.7232
 20
-19.4755
 30
0.0
 10
-12.7232
 20
-19.4755
 30
0.0
 10
-12.7232
 20
-19.4755
 30
0.0
 10
-12.7305
 20
-19.4828
 30
0.0
 10
-12.7305
 20
-19.4828
 30
0.0
  0
SPLINE
  5
A9
330
1F
100
AcDbEntity
  8
Layer 1
 62
   240
100
AcDbSpline
210
0.0
220
0.0
230
1.0
 70
    27
 71
     3
 72
    11
 73
     7
 74
     0
 42
0.0000000001
 43
0.0000000001
 40
0.0
 40
0.0
 40
0.0
 40
0.0
 40
0.5
 40
0.5
 40
0.5
 40
1.0
 40
1.0
 40
1.0
 40
1.0
 10
-12.7308
 20
-19.4831
 30
0.0
 10
-12.7308
 20
-19.4831
 30
0.0
 10
-12.7235
 20
-19.4907
 30
0.0
 10
-12.7235
 20
-19.4907
 30
0.0
 10
-12.7235
 20
-19.4907
 30
0.0
 10
-12.7308
 20
-19.4831
 30
0.0
 10
-12.7308
 20
-19.4831
 30
0.0
  0
SPLINE
  5
AA
330
1F
100
AcDbEntity
  8
Layer 1
 62
   240
100
AcDbSpline
210
0.0
220
0.0
230
1.0
 70
    11
 71
     3
 72
    14
 73
    10
 74
     0
 42
0.0000000001
 43
0.0000000001
 40
0.0
 40
0.0
 40
0.0
 40
0.0
 40
0.3333333333333333
 40
0.3333333333333333
 40
0.3333333333333333
 40
0.6666666666666666
 40
0.6666666666666666
 40
0.6666666666666666
 40
1.0
 40
1.0
 40
1.0
 40
1.0
 10
-12.7314
 20
-19.494
 30
0.0
 10
-12.7314
 20
-19.494
 30
0.0
 10
-12.7314
 20
-19.4836
 30
0.0
 10
-12.7314
 20
-19.4836
 30
0.0
 10
-12.7314
 20
-19.4836
 30
0.0
 10
-12.7386
 20
-19.4908
 30
0.0
 10
-12.7386
 20
-19.4908
 30
0.0
 10
-12.7386
 20
-19.4908
 30
0.0
 10
-12.7314
 20
-19.494
 30
0.0
 10
-12.7314
 20
-19.494
 30
0.0
  0
SPLINE
  5
AB
330
1F
100
AcDbEntity
  8
Layer 1
 62
   240
100
AcDbSpline
210
0.0
220
0.0
230
1.0
 70
    11
 71
     3
 72
    14
 73
    10
 74
     0
 42
0.0000000001
 43
0.0000000001
 40
0.0
 40
0.0
 40
0.0
 40
0.0
 40
0.3333333333333333
 40
0.3333333333333333
 40
0.3333333333333333
 40
0.6666666666666666
 40
0.6666666666666666
 40
0.6666666666666666
 40
1.0
 40
1.0
 40
1.0
 40
1.0
 10
-12.7314
 20
-19.482
 30
0.0
 10
-12.7314
 20
-19.482
 30
0.0
 10
-12.7314
 20
-19.4717
 30
0.0
 10
-12.7314
 20
-19.4717
 30
0.0
 10
-12.7314
 20
-19.4717
 30
0.0
 10
-12.7383
 20
-19.4751
 30
0.0
 10
-12.7383
 20
-19.4751
 30
0.0
 10
-12.7383
 20
-19.4751
 30
0.0
 10
-12.7314
 20
-19.482
 30
0.0
 10
-12.7314
 20
-19.482
 30
0.0
  0
SPLINE
  5
AC
330
1F
100
AcDbEntity
  8
Layer 1
 62
   240
100
AcDbSpline
210
0.0
220
0.0
230
1.0
 70
    11
 71
     3
 72
    14
 73
    10
 74
     0
 42
0.0000000001
 43
0.0000000001
 40
0.0
 40
0.0
 40
0.0
 40
0.0
 40
0.3333333333333333
 40
0.3333333333333333
 40
0.3333333333333333
 40
0.6666666666666666
 40
0.6666666666666666
 40
0.6666666666666666
 40
1.0
 40
1.0
 40
1.0
 40
1.0
 10
-12.7313
 20
-19.4835
 30
0.0
 10
-12.7313
 20
-19.4835
 30
0.0
 10
-12.7239
 20
-19.4908
 30
0.0
 10
-12.7239
 20
-19.4908
 30
0.0
 10
-12.7239
 20
-19.4908
 30
0.0
 10
-12.7314
 20
-19.494
 30
0.0
 10
-12.7314
 20
-19.494
 30
0.0
 10
-12.7314
 20
-19.494
 30
0.0
 10
-12.7313
 20
-19.4835
 30
0.0
 10
-12.7313
 20
-19.4835
 30
0.0
  0
SPLINE
  5
AD
330
1F
100
AcDbEntity
  8
Layer 1
 62
   240
100
AcDbSpline
210
0.0
220
0.0
230
1.0
 70
    27
 71
     3
 72
    11
 73
     7
 74
     0
 42
0.0000000001
 43
0.0000000001
 40
0.0
 40
0.0
 40
0.0
 40
0.0
 40
0.5
 40
0.5
 40
0.5
 40
1.0
 40
1.0
 40
1.0
 40
1.0
 10
-12.7309
 20
-19.4825
 30
0.0
 10
-12.7309
 20
-19.4825
 30
0.0
 10
-12.7233
 20
-19.4749
 30
0.0
 10
-12.7233
 20
-19.4749
 30
0.0
 10
-12.7233
 20
-19.4749
 30
0.0
 10
-12.7309
 20
-19.4825
 30
0.0
 10
-12.7309
 20
-19.4825
 30
0.0
  0
SPLINE
  5
AE
330
1F
100
AcDbEntity
  8
Layer 1
 62
   240
100
AcDbSpline
210
0.0
220
0.0
230
1.0
 70
    11
 71
     3
 72
    14
 73
    10
 74
     0
 42
0.0000000001
 43
0.0000000001
 40
0.0
 40
0.0
 40
0.0
 40
0.0
 40
0.3333333333333333
 40
0.3333333333333333
 40
0.3333333333333333
 40
0.6666666666666666
 40
0.6666666666666666
 40
0.6666666666666666
 40
1.0
 40
1.0
 40
1.0
 40
1.0
 10
-12.7235
 20
-19.4748
 30
0.0
 10
-12.7235
 20
-19.4748
 30
0.0
 10
-12.7314
 20
-19.4717
 30
0.0
 10
-12.7314
 20
-19.4717
 30
0.0
 10
-12.7314
 20
-19.4717
 30
0.0
 10
-12.7314
 20
-19.482
 30
0.0
 10
-12.7314
 20
-19.482
 30
0.0
 10
-12.7314
 20
-19.482
 30
0.0
 10
-12.7235
 20
-19.4748
 30
0.0
 10
-12.7235
 20
-19.4748
 30
0.0
  0
SPLINE
  5
AF
330
1F
100
AcDbEntity
  8
Layer 1
 62
   240
100
AcDbSpline
210
0.0
220
0.0
230
1.0
 70
    11
 71
     3
 72
    14
 73
    10
 74
     0
 42
0.0000000001
 43
0.0000000001
 40
0.0
 40
0.0
 40
0.0
 40
0.0
 40
0.3333333333333333
 40
0.3333333333333333
 40
0.3333333333333333
 40
0.6666666666666666
 40
0.6666666666666666
 40
0.6666666666666666
 40
1.0
 40
1.0
 40
1.0
 40
1.0
 10
-12.7197
 20
-19.4828
 30
0.0
 10
-12.7197
 20
-19.4828
 30
0.0
 10
-12.7305
 20
-19.4828
 30
0.0
 10
-12.7305
 20
-19.4828
 30
0.0
 10
-12.7305
 20
-19.4828
 30
0.0
 10
-12.7233
 20
-19.49
 30
0.0
 10
-12.7233
 20
-19.49
 30
0.0
 10
-12.7233
 20
-19.49
 30
0.0
 10
-12.7197
 20
-19.4828
 30
0.0
 10
-12.7197
 20
-19.4828
 30
0.0
  0
SPLINE
  5
B0
330
1F
100
AcDbEntity
  8
Layer 1
 62
   250
370
    18
100
AcDbSpline
210
0.0
220
0.0
230
1.0
 70
    11
 71
     3
 72
    29
 73
    25
 74
     0
 42
0.0000000001
 43
0.0000000001
 40
0.0
 40
0.0
 40
0.0
 40
0.0
 40
0.125
 40
0.125
 40
0.125
 40
0.25
 40
0.25
 40
0.25
 40
0.375
 40
0.375
 40
0.375
 40
0.5
 40
0.5
 40
0.5
 40
0.625
 40
0.625
 40
0.625
 40
0.75
 40
0.75
 40
0.75
 40
0.875
 40
0.875
 40
0.875
 40
1.0
 40
1.0
 40
1.0
 40
1.0
 10
-20.503
 20
24.3105
 30
0.0
 10
-20.503
 20
24.3105
 30
0.0
 10
21.7894
 20
24.3105
 30
0.0
 10
21.7894
 20
24.3105
 30
0.0
 10
23.8569
 20
24.3105
 30
0.0
 10
25.5432
 20
22.6242
 30
0.0
 10
25.5432
 20
20.5567
 30
0.0
 10
25.5432
 20
20.5567
 30
0.0
 10
25.5432
 20
-21.7357
 30
0.0
 10
25.5432
 20
-21.7357
 30
0.0
 10
25.5432
 20
-23.8032
 30
0.0
 10
23.8569
 20
-25.4895
 30
0.0
 10
21.7894
 20
-25.4895
 30
0.0
 10
21.7894
 20
-25.4895
 30
0.0
 10
-20.503
 20
-25.4895
 30
0.0
 10
-20.503
 20
-25.4895
 30
0.0
 10
-22.5705
 20
-25.4895
 30
0.0
 10
-24.2568
 20
-23.8032
 30
0.0
 10
-24.2568
 20
-21.7357
 30
0.0
 10
-24.2568
 20
-21.7357
 30
0.0
 10
-24.2568
 20
20.5567
 30
0.0
 10
-24.2568
 20
20.5567
 30
0.0
 10
-24.2568
 20
22.6242
 30
0.0
 10
-22.5705
 20
24.3105
 30
0.0
 10
-20.503
 20
24.3105
 30
0.0
  0
SPLINE
  5
B1
330
1F
100
AcDbEntity
  8
Layer 1
 62
     7
100
AcDbSpline
210
0.0
220
0.0
230
1.0
 70
    11
 71
     3
 72
    23
 73
    19
 74
     0
 42
0.0000000001
 43
0.0000000001
 40
0.0
 40
0.0
 40
0.0
 40
0.0
 40
0.1666666666666667
 40
0.1666666666666667
 40
0.1666666666666667
 40
0.3333333333333333
 40
0.3333333333333333
 40
0.3333333333333333
 40
0.5
 40
0.5
 40
0.5
 40
0.6666666666666666
 40
0.6666666666666666
 40
0.6666666666666666
 40
0.8333333333333333
 40
0.8333333333333333
 40
0.8333333333333333
 40
1.0
 40
1.0
 40
1.0
 40
1.0
 10
-58.3401
 20
16.6081
 30
0.0
 10
-58.3401
 20
16.6081
 30
0.0
 10
-51.6885
 20
12.7344
 30
0.0
 10
-51.6885
 20
12.7344
 30
0.0
 10
-51.6885
 20
12.7344
 30
0.0
 10
-51.6885
 20
5.1814
 30
0.0
 10
-51.6885
 20
5.1814
 30
0.0
 10
-51.6885
 20
5.1814
 30
0.0
 10
-58.3401
 20
1.3592
 30
0.0
 10
-58.3401
 20
1.3592
 30
0.0
 10
-58.3401
 20
1.3592
 30
0.0
 10
-65.02
 20
5.1359
 30
0.0
 10
-65.02
 20
5.1359
 30
0.0
 10
-65.02
 20
5.1359
 30
0.0
 10
-65.02
 20
12.8254
 30
0.0
 10
-65.02
 20
12.8254
 30
0.0
 10
-65.02
 20
12.8254
 30
0.0
 10
-58.3401
 20
16.6081
 30
0.0
 10
-58.3401
 20
16.6081
 30
0.0
  0
SPLINE
  5
B2
330
1F
100
AcDbEntity
  8
Layer 1
 62
   240
100
AcDbSpline
210
0.0
220
0.0
230
1.0
 70
    11
 71
     3
 72
    26
 73
    22
 74
     0
 42
0.0000000001
 43
0.0000000001
 40
0.0
 40
0.0
 40
0.0
 40
0.0
 40
0.1428571428571428
 40
0.1428571428571428
 40
0.1428571428571428
 40
0.2857142857142857
 40
0.2857142857142857
 40
0.2857142857142857
 40
0.4285714285714285
 40
0.4285714285714285
 40
0.4285714285714285
 40
0.5714285714285714
 40
0.5714285714285714
 40
0.5714285714285714
 40
0.7142857142857142
 40
0.7142857142857142
 40
0.7142857142857142
 40
0.8571428571428571
 40
0.8571428571428571
 40
0.8571428571428571
 40
1.0
 40
1.0
 40
1.0
 40
1.0
 10
-58.2086
 20
16.8351
 30
0.0
 10
-58.2086
 20
16.8351
 30
0.0
 10
-51.4255
 20
12.8848
 30
0.0
 10
-51.4255
 20
12.8848
 30
0.0
 10
-51.4255
 20
12.8848
 30
0.0
 10
-51.4255
 20
5.0305
 30
0.0
 10
-51.4255
 20
5.0305
 30
0.0
 10
-53.7304
 20
3.7069
 30
0.0
 10
-56.0348
 20
2.3827
 30
0.0
 10
-58.3389
 20
1.0579
 30
0.0
 10
-60.6531
 20
2.3674
 30
0.0
 10
-62.968
 20
3.6757
 30
0.0
 10
-65.283
 20
4.9839
 30
0.0
 10
-65.283
 20
4.9839
 30
0.0
 10
-65.283
 20
12.9778
 30
0.0
 10
-65.283
 20
12.9778
 30
0.0
 10
-65.283
 20
12.9778
 30
0.0
 10
-58.3381
 20
16.9105
 30
0.0
 10
-58.3381
 20
16.9105
 30
0.0
 10
-58.3381
 20
16.9105
 30
0.0
 10
-58.2086
 20
16.8351
 30
0.0
 10
-58.2086
 20
16.8351
 30
0.0
  0
SPLINE
  5
B3
330
1F
100
AcDbEntity
  8
Layer 1
 62
   240
100
AcDbSpline
210
0.0
220
0.0
230
1.0
 70
    11
 71
     3
 72
    23
 73
    19
 74
     0
 42
0.0000000001
 43
0.0000000001
 40
0.0
 40
0.0
 40
0.0
 40
0.0
 40
0.1666666666666667
 40
0.1666666666666667
 40
0.1666666666666667
 40
0.3333333333333333
 40
0.3333333333333333
 40
0.3333333333333333
 40
0.5
 40
0.5
 40
0.5
 40
0.6666666666666666
 40
0.6666666666666666
 40
0.6666666666666666
 40
0.8333333333333333
 40
0.8333333333333333
 40
0.8333333333333333
 40
1.0
 40
1.0
 40
1.0
 40
1.0
 10
-51.9515
 20
12.5839
 30
0.0
 10
-51.9515
 20
12.5839
 30
0.0
 10
-58.3421
 20
16.3057
 30
0.0
 10
-58.3421
 20
16.3057
 30
0.0
 10
-58.3421
 20
16.3057
 30
0.0
 10
-64.7571
 20
12.6731
 30
0.0
 10
-64.7571
 20
12.6731
 30
0.0
 10
-64.7571
 20
12.6731
 30
0.0
 10
-64.7571
 20
5.2879
 30
0.0
 10
-64.7571
 20
5.2879
 30
0.0
 10
-64.7571
 20
5.2879
 30
0.0
 10
-58.3413
 20
1.6605
 30
0.0
 10
-58.3413
 20
1.6605
 30
0.0
 10
-58.3413
 20
1.6605
 30
0.0
 10
-51.9515
 20
5.3323
 30
0.0
 10
-51.9515
 20
5.3323
 30
0.0
 10
-51.9515
 20
5.3323
 30
0.0
 10
-51.9515
 20
12.5839
 30
0.0
 10
-51.9515
 20
12.5839
 30
0.0
  0
SPLINE
  5
B4
330
1F
100
AcDbEntity
  8
Layer 1
 62
     7
100
AcDbSpline
210
0.0
220
0.0
230
1.0
 70
    11
 71
     3
 72
    23
 73
    19
 74
     0
 42
0.0000000001
 43
0.0000000001
 40
0.0
 40
0.0
 40
0.0
 40
0.0
 40
0.1666666666666667
 40
0.1666666666666667
 40
0.1666666666666667
 40
0.3333333333333333
 40
0.3333333333333333
 40
0.3333333333333333
 40
0.5
 40
0.5
 40
0.5
 40
0.6666666666666666
 40
0.6666666666666666
 40
0.6666666666666666
 40
0.8333333333333333
 40
0.8333333333333333
 40
0.8333333333333333
 40
1.0
 40
1.0
 40
1.0
 40
1.0
 10
-58.3411
 20
15.9954
 30
0.0
 10
-58.3411
 20
15.9954
 30
0.0
 10
-52.2415
 20
12.443
 30
0.0
 10
-52.2415
 20
12.443
 30
0.0
 10
-52.2415
 20
12.443
 30
0.0
 10
-52.2415
 20
5.5164
 30
0.0
 10
-52.2415
 20
5.5164
 30
0.0
 10
-52.2415
 20
5.5164
 30
0.0
 10
-58.3411
 20
2.0114
 30
0.0
 10
-58.3411
 20
2.0114
 30
0.0
 10
-58.3411
 20
2.0114
 30
0.0
 10
-64.467
 20
5.4748
 30
0.0
 10
-64.467
 20
5.4748
 30
0.0
 10
-64.467
 20
5.4748
 30
0.0
 10
-64.467
 20
12.5264
 30
0.0
 10
-64.467
 20
12.5264
 30
0.0
 10
-64.467
 20
12.5264
 30
0.0
 10
-58.3411
 20
15.9954
 30
0.0
 10
-58.3411
 20
15.9954
 30
0.0
  0
SPLINE
  5
B5
330
1F
100
AcDbEntity
  8
Layer 1
 62
   240
100
AcDbSpline
210
0.0
220
0.0
230
1.0
 70
    11
 71
     3
 72
    26
 73
    22
 74
     0
 42
0.0000000001
 43
0.0000000001
 40
0.0
 40
0.0
 40
0.0
 40
0.0
 40
0.1428571428571428
 40
0.1428571428571428
 40
0.1428571428571428
 40
0.2857142857142857
 40
0.2857142857142857
 40
0.2857142857142857
 40
0.4285714285714285
 40
0.4285714285714285
 40
0.4285714285714285
 40
0.5714285714285714
 40
0.5714285714285714
 40
0.5714285714285714
 40
0.7142857142857142
 40
0.7142857142857142
 40
0.7142857142857142
 40
0.8571428571428571
 40
0.8571428571428571
 40
0.8571428571428571
 40
1.0
 40
1.0
 40
1.0
 40
1.0
 10
-58.2918
 20
16.0805
 30
0.0
 10
-58.2918
 20
16.0805
 30
0.0
 10
-52.1428
 20
12.4995
 30
0.0
 10
-52.1428
 20
12.4995
 30
0.0
 10
-52.1428
 20
12.4995
 30
0.0
 10
-52.1428
 20
5.4598
 30
0.0
 10
-52.1428
 20
5.4598
 30
0.0
 10
-52.1428
 20
5.4598
 30
0.0
 10
-58.3408
 20
1.8984
 30
0.0
 10
-58.3408
 20
1.8984
 30
0.0
 10
-60.4143
 20
3.0737
 30
0.0
 10
-62.4898
 20
4.2465
 30
0.0
 10
-64.5656
 20
5.4178
 30
0.0
 10
-64.5656
 20
5.4178
 30
0.0
 10
-64.5656
 20
12.5835
 30
0.0
 10
-64.5656
 20
12.5835
 30
0.0
 10
-62.4912
 20
13.7596
 30
0.0
 10
-60.4159
 20
14.9344
 30
0.0
 10
-58.3404
 20
16.1087
 30
0.0
 10
-58.3404
 20
16.1087
 30
0.0
 10
-58.2918
 20
16.0805
 30
0.0
 10
-58.2918
 20
16.0805
 30
0.0
  0
SPLINE
  5
B6
330
1F
100
AcDbEntity
  8
Layer 1
 62
   240
100
AcDbSpline
210
0.0
220
0.0
230
1.0
 70
    11
 71
     3
 72
    23
 73
    19
 74
     0
 42
0.0000000001
 43
0.0000000001
 40
0.0
 40
0.0
 40
0.0
 40
0.0
 40
0.1666666666666667
 40
0.1666666666666667
 40
0.1666666666666667
 40
0.3333333333333333
 40
0.3333333333333333
 40
0.3333333333333333
 40
0.5
 40
0.5
 40
0.5
 40
0.6666666666666666
 40
0.6666666666666666
 40
0.6666666666666666
 40
0.8333333333333333
 40
0.8333333333333333
 40
0.8333333333333333
 40
1.0
 40
1.0
 40
1.0
 40
1.0
 10
-52.3401
 20
12.3866
 30
0.0
 10
-52.3401
 20
12.3866
 30
0.0
 10
-58.3419
 20
15.8819
 30
0.0
 10
-58.3419
 20
15.8819
 30
0.0
 10
-58.3419
 20
15.8819
 30
0.0
 10
-64.3684
 20
12.4693
 30
0.0
 10
-64.3684
 20
12.4693
 30
0.0
 10
-64.3684
 20
12.4693
 30
0.0
 10
-64.3684
 20
5.5318
 30
0.0
 10
-64.3684
 20
5.5318
 30
0.0
 10
-64.3684
 20
5.5318
 30
0.0
 10
-58.3416
 20
2.1244
 30
0.0
 10
-58.3416
 20
2.1244
 30
0.0
 10
-58.3416
 20
2.1244
 30
0.0
 10
-52.3401
 20
5.573
 30
0.0
 10
-52.3401
 20
5.573
 30
0.0
 10
-52.3401
 20
5.573
 30
0.0
 10
-52.3401
 20
12.3866
 30
0.0
 10
-52.3401
 20
12.3866
 30
0.0
  0
SPLINE
  5
B7
330
1F
100
AcDbEntity
  8
Layer 1
 62
   240
100
AcDbSpline
210
0.0
220
0.0
230
1.0
 70
    11
 71
     3
 72
    17
 73
    13
 74
     0
 42
0.0000000001
 43
0.0000000001
 40
0.0
 40
0.0
 40
0.0
 40
0.0
 40
0.25
 40
0.25
 40
0.25
 40
0.5
 40
0.5
 40
0.5
 40
0.75
 40
0.75
 40
0.75
 40
1.0
 40
1.0
 40
1.0
 40
1.0
 10
-58.3401
 20
6.2278
 30
0.0
 10
-58.3401
 20
6.2278
 30
0.0
 10
-58.6501
 20
9.2308
 30
0.0
 10
-55.9503
 20
9.8982
 30
0.0
 10
-55.9503
 20
9.8982
 30
0.0
 10
-56.1323
 20
8.2905
 30
0.0
 10
-56.1323
 20
8.2905
 30
0.0
 10
-56.1323
 20
8.2905
 30
0.0
 10
-57.4063
 20
8.7151
 30
0.0
 10
-58.0129
 20
6.2278
 30
0.0
 10
-58.0129
 20
6.2278
 30
0.0
 10
-58.121
 20
6.0761
 30
0.0
 10
-58.3401
 20
6.2278
 30
0.0
  0
SPLINE
  5
B8
330
1F
100
AcDbEntity
  8
Layer 1
 62
   240
100
AcDbSpline
210
0.0
220
0.0
230
1.0
 70
    11
 71
     3
 72
    17
 73
    13
 74
     0
 42
0.0000000001
 43
0.0000000001
 40
0.0
 40
0.0
 40
0.0
 40
0.0
 40
0.25
 40
0.25
 40
0.25
 40
0.5
 40
0.5
 40
0.5
 40
0.75
 40
0.75
 40
0.75
 40
1.0
 40
1.0
 40
1.0
 40
1.0
 10
-58.6886
 20
6.2372
 30
0.0
 10
-58.6886
 20
6.2372
 30
0.0
 10
-58.388
 20
9.2407
 30
0.0
 10
-61.0494
 20
9.9037
 30
0.0
 10
-61.0494
 20
9.9037
 30
0.0
 10
-60.8674
 20
8.2962
 30
0.0
 10
-60.8674
 20
8.2962
 30
0.0
 10
-60.8674
 20
8.2962
 30
0.0
 10
-59.6129
 20
8.723
 30
0.0
 10
-59.0109
 20
6.2367
 30
0.0
 10
-59.0109
 20
6.2367
 30
0.0
 10
-58.9042
 20
6.0852
 30
0.0
 10
-58.6886
 20
6.2372
 30
0.0
  0
SPLINE
  5
B9
330
1F
100
AcDbEntity
  8
Layer 1
 62
   240
100
AcDbSpline
210
0.0
220
0.0
230
1.0
 70
    11
 71
     3
 72
    20
 73
    16
 74
     0
 42
0.0000000001
 43
0.0000000001
 40
0.0
 40
0.0
 40
0.0
 40
0.0
 40
0.2
 40
0.2
 40
0.2
 40
0.4
 40
0.4
 40
0.4
 40
0.6000000000000001
 40
0.6000000000000001
 40
0.6000000000000001
 40
0.8
 40
0.8
 40
0.8
 40
1.0
 40
1.0
 40
1.0
 40
1.0
 10
-58.5589
 20
8.2906
 30
0.0
 10
-58.5589
 20
8.2906
 30
0.0
 10
-58.0432
 20
9.4736
 30
0.0
 10
-57.0119
 20
9.6253
 30
0.0
 10
-57.0119
 20
9.6253
 30
0.0
 10
-57.1949
 20
11.0364
 30
0.0
 10
-58.2885
 20
11.7243
 30
0.0
 10
-58.4503
 20
11.8258
 30
0.0
 10
-58.6604
 20
11.8006
 30
0.0
 10
-58.8021
 20
11.6727
 30
0.0
 10
-59.1339
 20
11.3743
 30
0.0
 10
-59.7203
 20
10.7355
 30
0.0
 10
-60.0151
 20
9.7465
 30
0.0
 10
-60.0151
 20
9.7465
 30
0.0
 10
-58.7408
 20
9.3219
 30
0.0
 10
-58.5589
 20
8.2906
 30
0.0
  0
SPLINE
  5
BA
330
1F
100
AcDbEntity
  8
Layer 1
 62
   240
100
AcDbSpline
210
0.0
220
0.0
230
1.0
 70
    11
 71
     3
 72
    17
 73
    13
 74
     0
 42
0.0000000001
 43
0.0000000001
 40
0.0
 40
0.0
 40
0.0
 40
0.0
 40
0.25
 40
0.25
 40
0.25
 40
0.5
 40
0.5
 40
0.5
 40
0.75
 40
0.75
 40
0.75
 40
1.0
 40
1.0
 40
1.0
 40
1.0
 10
-56.7841
 20
10.3552
 30
0.0
 10
-56.7841
 20
10.3552
 30
0.0
 10
-54.7215
 20
11.1136
 30
0.0
 10
-54.7215
 20
11.1136
 30
0.0
 10
-54.7215
 20
11.1136
 30
0.0
 10
-54.6311
 20
10.867
 30
0.0
 10
-54.6311
 20
10.867
 30
0.0
 10
-54.6311
 20
10.867
 30
0.0
 10
-56.6938
 20
10.1087
 30
0.0
 10
-56.6938
 20
10.1087
 30
0.0
 10
-56.6938
 20
10.1087
 30
0.0
 10
-56.7841
 20
10.3552
 30
0.0
 10
-56.7841
 20
10.3552
 30
0.0
  0
SPLINE
  5
BB
330
1F
100
AcDbEntity
  8
Layer 1
 62
   240
100
AcDbSpline
210
0.0
220
0.0
230
1.0
 70
    11
 71
     3
 72
    17
 73
    13
 74
     0
 42
0.0000000001
 43
0.0000000001
 40
0.0
 40
0.0
 40
0.0
 40
0.0
 40
0.25
 40
0.25
 40
0.25
 40
0.5
 40
0.5
 40
0.5
 40
0.75
 40
0.75
 40
0.75
 40
1.0
 40
1.0
 40
1.0
 40
1.0
 10
-57.0695
 20
11.0174
 30
0.0
 10
-57.0695
 20
11.0174
 30
0.0
 10
-55.9471
 20
11.5635
 30
0.0
 10
-55.9471
 20
11.5635
 30
0.0
 10
-55.9471
 20
11.5635
 30
0.0
 10
-55.832
 20
11.3272
 30
0.0
 10
-55.832
 20
11.3272
 30
0.0
 10
-55.832
 20
11.3272
 30
0.0
 10
-56.9544
 20
10.7811
 30
0.0
 10
-56.9544
 20
10.7811
 30
0.0
 10
-56.9544
 20
10.7811
 30
0.0
 10
-57.0695
 20
11.0174
 30
0.0
 10
-57.0695
 20
11.0174
 30
0.0
  0
SPLINE
  5
BC
330
1F
100
AcDbEntity
  8
Layer 1
 62
   240
100
AcDbSpline
210
0.0
220
0.0
230
1.0
 70
    11
 71
     3
 72
    17
 73
    13
 74
     0
 42
0.0000000001
 43
0.0000000001
 40
0.0
 40
0.0
 40
0.0
 40
0.0
 40
0.25
 40
0.25
 40
0.25
 40
0.5
 40
0.5
 40
0.5
 40
0.75
 40
0.75
 40
0.75
 40
1.0
 40
1.0
 40
1.0
 40
1.0
 10
-57.451
 20
11.6435
 30
0.0
 10
-57.451
 20
11.6435
 30
0.0
 10
-55.6309
 20
12.9175
 30
0.0
 10
-55.6309
 20
12.9175
 30
0.0
 10
-55.6309
 20
12.9175
 30
0.0
 10
-55.4809
 20
12.7029
 30
0.0
 10
-55.4809
 20
12.7029
 30
0.0
 10
-55.4809
 20
12.7029
 30
0.0
 10
-57.3011
 20
11.4288
 30
0.0
 10
-57.3011
 20
11.4288
 30
0.0
 10
-57.3011
 20
11.4288
 30
0.0
 10
-57.451
 20
11.6435
 30
0.0
 10
-57.451
 20
11.6435
 30
0.0
  0
SPLINE
  5
BD
330
1F
100
AcDbEntity
  8
Layer 1
 62
   240
100
AcDbSpline
210
0.0
220
0.0
230
1.0
 70
    11
 71
     3
 72
    17
 73
    13
 74
     0
 42
0.0000000001
 43
0.0000000001
 40
0.0
 40
0.0
 40
0.0
 40
0.0
 40
0.25
 40
0.25
 40
0.25
 40
0.5
 40
0.5
 40
0.5
 40
0.75
 40
0.75
 40
0.75
 40
1.0
 40
1.0
 40
1.0
 40
1.0
 10
-58.0417
 20
12.2689
 30
0.0
 10
-58.0417
 20
12.2689
 30
0.0
 10
-57.1014
 20
13.1485
 30
0.0
 10
-57.1014
 20
13.1485
 30
0.0
 10
-57.1014
 20
13.1485
 30
0.0
 10
-56.9226
 20
12.9573
 30
0.0
 10
-56.9226
 20
12.9573
 30
0.0
 10
-56.9226
 20
12.9573
 30
0.0
 10
-57.863
 20
12.0778
 30
0.0
 10
-57.863
 20
12.0778
 30
0.0
 10
-57.863
 20
12.0778
 30
0.0
 10
-58.0417
 20
12.2689
 30
0.0
 10
-58.0417
 20
12.2689
 30
0.0
  0
SPLINE
  5
BE
330
1F
100
AcDbEntity
  8
Layer 1
 62
   240
100
AcDbSpline
210
0.0
220
0.0
230
1.0
 70
    11
 71
     3
 72
    17
 73
    13
 74
     0
 42
0.0000000001
 43
0.0000000001
 40
0.0
 40
0.0
 40
0.0
 40
0.0
 40
0.25
 40
0.25
 40
0.25
 40
0.5
 40
0.5
 40
0.5
 40
0.75
 40
0.75
 40
0.75
 40
1.0
 40
1.0
 40
1.0
 40
1.0
 10
-58.4716
 20
12.4158
 30
0.0
 10
-58.4716
 20
12.4158
 30
0.0
 10
-58.4716
 20
14.9337
 30
0.0
 10
-58.4716
 20
14.9337
 30
0.0
 10
-58.4716
 20
14.9337
 30
0.0
 10
-58.2086
 20
14.9337
 30
0.0
 10
-58.2086
 20
14.9337
 30
0.0
 10
-58.2086
 20
14.9337
 30
0.0
 10
-58.2086
 20
12.4158
 30
0.0
 10
-58.2086
 20
12.4158
 30
0.0
 10
-58.2086
 20
12.4158
 30
0.0
 10
-58.4716
 20
12.4158
 30
0.0
 10
-58.4716
 20
12.4158
 30
0.0
  0
SPLINE
  5
BF
330
1F
100
AcDbEntity
  8
Layer 1
 62
   240
100
AcDbSpline
210
0.0
220
0.0
230
1.0
 70
    11
 71
     3
 72
    17
 73
    13
 74
     0
 42
0.0000000001
 43
0.0000000001
 40
0.0
 40
0.0
 40
0.0
 40
0.0
 40
0.25
 40
0.25
 40
0.25
 40
0.5
 40
0.5
 40
0.5
 40
0.75
 40
0.75
 40
0.75
 40
1.0
 40
1.0
 40
1.0
 40
1.0
 10
-59.1332
 20
12.0773
 30
0.0
 10
-59.1332
 20
12.0773
 30
0.0
 10
-59.9528
 20
12.8356
 30
0.0
 10
-59.9528
 20
12.8356
 30
0.0
 10
-59.9528
 20
12.8356
 30
0.0
 10
-59.7751
 20
13.0278
 30
0.0
 10
-59.7751
 20
13.0278
 30
0.0
 10
-59.7751
 20
13.0278
 30
0.0
 10
-58.9555
 20
12.2694
 30
0.0
 10
-58.9555
 20
12.2694
 30
0.0
 10
-58.9555
 20
12.2694
 30
0.0
 10
-59.1332
 20
12.0773
 30
0.0
 10
-59.1332
 20
12.0773
 30
0.0
  0
SPLINE
  5
C0
330
1F
100
AcDbEntity
  8
Layer 1
 62
   240
100
AcDbSpline
210
0.0
220
0.0
230
1.0
 70
    11
 71
     3
 72
    17
 73
    13
 74
     0
 42
0.0000000001
 43
0.0000000001
 40
0.0
 40
0.0
 40
0.0
 40
0.0
 40
0.25
 40
0.25
 40
0.25
 40
0.5
 40
0.5
 40
0.5
 40
0.75
 40
0.75
 40
0.75
 40
1.0
 40
1.0
 40
1.0
 40
1.0
 10
-59.6957
 20
11.4588
 30
0.0
 10
-59.6957
 20
11.4588
 30
0.0
 10
-61.4854
 20
12.7023
 30
0.0
 10
-61.4854
 20
12.7023
 30
0.0
 10
-61.4854
 20
12.7023
 30
0.0
 10
-61.3355
 20
12.9181
 30
0.0
 10
-61.3355
 20
12.9181
 30
0.0
 10
-61.3355
 20
12.9181
 30
0.0
 10
-59.5458
 20
11.6745
 30
0.0
 10
-59.5458
 20
11.6745
 30
0.0
 10
-59.5458
 20
11.6745
 30
0.0
 10
-59.6957
 20
11.4588
 30
0.0
 10
-59.6957
 20
11.4588
 30
0.0
  0
SPLINE
  5
C1
330
1F
100
AcDbEntity
  8
Layer 1
 62
   240
100
AcDbSpline
210
0.0
220
0.0
230
1.0
 70
    11
 71
     3
 72
    17
 73
    13
 74
     0
 42
0.0000000001
 43
0.0000000001
 40
0.0
 40
0.0
 40
0.0
 40
0.0
 40
0.25
 40
0.25
 40
0.25
 40
0.5
 40
0.5
 40
0.5
 40
0.75
 40
0.75
 40
0.75
 40
1.0
 40
1.0
 40
1.0
 40
1.0
 10
-60.0772
 20
10.814
 30
0.0
 10
-60.0772
 20
10.814
 30
0.0
 10
-61.2603
 20
11.4511
 30
0.0
 10
-61.2603
 20
11.4511
 30
0.0
 10
-61.2603
 20
11.4511
 30
0.0
 10
-61.1359
 20
11.6822
 30
0.0
 10
-61.1359
 20
11.6822
 30
0.0
 10
-61.1359
 20
11.6822
 30
0.0
 10
-59.9528
 20
11.045
 30
0.0
 10
-59.9528
 20
11.045
 30
0.0
 10
-59.9528
 20
11.045
 30
0.0
 10
-60.0772
 20
10.814
 30
0.0
 10
-60.0772
 20
10.814
 30
0.0
  0
SPLINE
  5
C2
330
1F
100
AcDbEntity
  8
Layer 1
 62
   240
100
AcDbSpline
210
0.0
220
0.0
230
1.0
 70
    11
 71
     3
 72
    17
 73
    13
 74
     0
 42
0.0000000001
 43
0.0000000001
 40
0.0
 40
0.0
 40
0.0
 40
0.0
 40
0.25
 40
0.25
 40
0.25
 40
0.5
 40
0.5
 40
0.5
 40
0.75
 40
0.75
 40
0.75
 40
1.0
 40
1.0
 40
1.0
 40
1.0
 10
-60.3014
 20
10.1384
 30
0.0
 10
-60.3014
 20
10.1384
 30
0.0
 10
-62.4551
 20
10.8968
 30
0.0
 10
-62.4551
 20
10.8968
 30
0.0
 10
-62.4551
 20
10.8968
 30
0.0
 10
-62.3677
 20
11.1444
 30
0.0
 10
-62.3677
 20
11.1444
 30
0.0
 10
-62.3677
 20
11.1444
 30
0.0
 10
-60.214
 20
10.386
 30
0.0
 10
-60.214
 20
10.386
 30
0.0
 10
-60.214
 20
10.386
 30
0.0
 10
-60.3014
 20
10.1384
 30
0.0
 10
-60.3014
 20
10.1384
 30
0.0
  0
SPLINE
  5
C3
330
1F
100
AcDbEntity
  8
Layer 1
 62
   240
100
AcDbSpline
210
0.0
220
0.0
230
1.0
 70
    11
 71
     3
 72
    41
 73
    37
 74
     0
 42
0.0000000001
 43
0.0000000001
 40
0.0
 40
0.0
 40
0.0
 40
0.0
 40
0.0833333333333333
 40
0.0833333333333333
 40
0.0833333333333333
 40
0.1666666666666667
 40
0.1666666666666667
 40
0.1666666666666667
 40
0.25
 40
0.25
 40
0.25
 40
0.3333333333333333
 40
0.3333333333333333
 40
0.3333333333333333
 40
0.4166666666666666
 40
0.4166666666666666
 40
0.4166666666666666
 40
0.5
 40
0.5
 40
0.5
 40
0.5833333333333333
 40
0.5833333333333333
 40
0.5833333333333333
 40
0.6666666666666666
 40
0.6666666666666666
 40
0.6666666666666666
 40
0.75
 40
0.75
 40
0.75
 40
0.8333333333333333
 40
0.8333333333333333
 40
0.8333333333333333
 40
0.9166666666666666
 40
0.9166666666666666
 40
0.9166666666666666
 40
1.0
 40
1.0
 40
1.0
 40
1.0
 10
-59.4475
 20
3.9154
 30
0.0
 10
-59.4475
 20
3.9154
 30
0.0
 10
-60.5775
 20
3.9154
 30
0.0
 10
-60.5775
 20
3.9154
 30
0.0
 10
-60.5775
 20
3.9154
 30
0.0
 10
-60.5775
 20
5.6539
 30
0.0
 10
-60.5775
 20
5.6539
 30
0.0
 10
-60.5775
 20
5.6539
 30
0.0
 10
-59.4586
 20
5.6539
 30
0.0
 10
-59.4586
 20
5.6539
 30
0.0
 10
-59.4586
 20
5.6539
 30
0.0
 10
-59.4586
 20
5.3959
 30
0.0
 10
-59.4586
 20
5.3959
 30
0.0
 10
-59.4586
 20
5.3959
 30
0.0
 10
-60.2639
 20
5.3959
 30
0.0
 10
-60.2639
 20
5.3959
 30
0.0
 10
-60.2639
 20
5.3959
 30
0.0
 10
-60.2639
 20
4.924
 30
0.0
 10
-60.2639
 20
4.924
 30
0.0
 10
-60.2639
 20
4.924
 30
0.0
 10
-59.6169
 20
4.924
 30
0.0
 10
-59.6169
 20
4.924
 30
0.0
 10
-59.6169
 20
4.924
 30
0.0
 10
-59.6169
 20
4.6719
 30
0.0
 10
-59.6169
 20
4.6719
 30
0.0
 10
-59.6169
 20
4.6719
 30
0.0
 10
-60.2639
 20
4.6719
 30
0.0
 10
-60.2639
 20
4.6719
 30
0.0
 10
-60.2639
 20
4.6719
 30
0.0
 10
-60.2639
 20
4.1853
 30
0.0
 10
-60.2639
 20
4.1853
 30
0.0
 10
-60.2639
 20
4.1853
 30
0.0
 10
-59.4475
 20
4.1853
 30
0.0
 10
-59.4475
 20
4.1853
 30
0.0
 10
-59.4475
 20
4.1853
 30
0.0
 10
-59.4475
 20
3.9154
 30
0.0
 10
-59.4475
 20
3.9154
 30
0.0
  0
SPLINE
  5
C4
330
1F
100
AcDbEntity
  8
Layer 1
 62
   240
100
AcDbSpline
210
0.0
220
0.0
230
1.0
 70
    11
 71
     3
 72
    83
 73
    79
 74
     0
 42
0.0000000001
 43
0.0000000001
 40
0.0
 40
0.0
 40
0.0
 40
0.0
 40
0.0384615384615385
 40
0.0384615384615385
 40
0.0384615384615385
 40
0.0769230769230769
 40
0.0769230769230769
 40
0.0769230769230769
 40
0.1153846153846154
 40
0.1153846153846154
 40
0.1153846153846154
 40
0.1538461538461539
 40
0.1538461538461539
 40
0.1538461538461539
 40
0.1923076923076923
 40
0.1923076923076923
 40
0.1923076923076923
 40
0.2307692307692308
 40
0.2307692307692308
 40
0.2307692307692308
 40
0.2692307692307693
 40
0.2692307692307693
 40
0.2692307692307693
 40
0.3076923076923077
 40
0.3076923076923077
 40
0.3076923076923077
 40
0.3461538461538461
 40
0.3461538461538461
 40
0.3461538461538461
 40
0.3846153846153846
 40
0.3846153846153846
 40
0.3846153846153846
 40
0.4230769230769231
 40
0.4230769230769231
 40
0.4230769230769231
 40
0.4615384615384616
 40
0.4615384615384616
 40
0.4615384615384616
 40
0.5
 40
0.5
 40
0.5
 40
0.5384615384615385
 40
0.5384615384615385
 40
0.5384615384615385
 40
0.576923076923077
 40
0.576923076923077
 40
0.576923076923077
 40
0.6153846153846154
 40
0.6153846153846154
 40
0.6153846153846154
 40
0.6538461538461539
 40
0.6538461538461539
 40
0.6538461538461539
 40
0.6923076923076923
 40
0.6923076923076923
 40
0.6923076923076923
 40
0.7307692307692308
 40
0.7307692307692308
 40
0.7307692307692308
 40
0.7692307692307693
 40
0.7692307692307693
 40
0.7692307692307693
 40
0.8076923076923077
 40
0.8076923076923077
 40
0.8076923076923077
 40
0.8461538461538463
 40
0.8461538461538463
 40
0.8461538461538463
 40
0.8846153846153847
 40
0.8846153846153847
 40
0.8846153846153847
 40
0.9230769230769231
 40
0.9230769230769231
 40
0.9230769230769231
 40
0.9615384615384616
 40
0.9615384615384616
 40
0.9615384615384616
 40
1.0
 40
1.0
 40
1.0
 40
1.0
 10
-59.3595
 20
4.3346
 30
0.0
 10
-59.3595
 20
4.3346
 30
0.0
 10
-59.0548
 20
4.3998
 30
0.0
 10
-59.0548
 20
4.3998
 30
0.0
 10
-59.0186
 20
4.2275
 30
0.0
 10
-58.8781
 20
4.1409
 30
0.0
 10
-58.6348
 20
4.1409
 30
0.0
 10
-58.5232
 20
4.1409
 30
0.0
 10
-58.4381
 20
4.1631
 30
0.0
 10
-58.3782
 20
4.2067
 30
0.0
 10
-58.3183
 20
4.2511
 30
0.0
 10
-58.288
 20
4.3059
 30
0.0
 10
-58.288
 20
4.3717
 30
0.0
 10
-58.288
 20
4.4189
 30
0.0
 10
-58.3021
 20
4.4626
 30
0.0
 10
-58.3294
 20
4.5033
 30
0.0
 10
-58.3568
 20
4.544
 30
0.0
 10
-58.4145
 20
4.575
 30
0.0
 10
-58.5032
 20
4.5979
 30
0.0
 10
-58.5032
 20
4.5979
 30
0.0
 10
-58.836
 20
4.6845
 30
0.0
 10
-58.836
 20
4.6845
 30
0.0
 10
-58.9498
 20
4.7148
 30
0.0
 10
-59.0341
 20
4.748
 30
0.0
 10
-59.0881
 20
4.7858
 30
0.0
 10
-59.1421
 20
4.8235
 30
0.0
 10
-59.1857
 20
4.8767
 30
0.0
 10
-59.219
 20
4.9455
 30
0.0
 10
-59.2516
 20
5.0143
 30
0.0
 10
-59.2678
 20
5.0882
 30
0.0
 10
-59.2678
 20
5.1666
 30
0.0
 10
-59.2678
 20
5.3219
 30
0.0
 10
-59.2101
 20
5.4461
 30
0.0
 10
-59.0948
 20
5.54
 30
0.0
 10
-58.9787
 20
5.634
 30
0.0
 10
-58.8308
 20
5.6805
 30
0.0
 10
-58.6511
 20
5.6805
 30
0.0
 10
-58.5017
 20
5.6805
 30
0.0
 10
-58.3686
 20
5.648
 30
0.0
 10
-58.251
 20
5.5822
 30
0.0
 10
-58.1335
 20
5.5171
 30
0.0
 10
-58.058
 20
5.4246
 30
0.0
 10
-58.0255
 20
5.3049
 30
0.0
 10
-58.0255
 20
5.3049
 30
0.0
 10
-58.3242
 20
5.2309
 30
0.0
 10
-58.3242
 20
5.2309
 30
0.0
 10
-58.3701
 20
5.3626
 30
0.0
 10
-58.4773
 20
5.4284
 30
0.0
 10
-58.6452
 20
5.4284
 30
0.0
 10
-58.7428
 20
5.4284
 30
0.0
 10
-58.8175
 20
5.4076
 30
0.0
 10
-58.8685
 20
5.367
 30
0.0
 10
-58.9196
 20
5.3263
 30
0.0
 10
-58.9454
 20
5.2753
 30
0.0
 10
-58.9454
 20
5.2124
 30
0.0
 10
-58.9454
 20
5.1126
 30
0.0
 10
-58.8648
 20
5.0431
 30
0.0
 10
-58.7036
 20
5.0032
 30
0.0
 10
-58.7036
 20
5.0032
 30
0.0
 10
-58.4078
 20
4.9292
 30
0.0
 10
-58.4078
 20
4.9292
 30
0.0
 10
-58.2289
 20
4.8841
 30
0.0
 10
-58.1091
 20
4.8176
 30
0.0
 10
-58.0477
 20
4.7296
 30
0.0
 10
-57.9863
 20
4.6416
 30
0.0
 10
-57.956
 20
4.5447
 30
0.0
 10
-57.956
 20
4.4389
 30
0.0
 10
-57.956
 20
4.2682
 30
0.0
 10
-58.0203
 20
4.1343
 30
0.0
 10
-58.149
 20
4.036
 30
0.0
 10
-58.2776
 20
3.9376
 30
0.0
 10
-58.4441
 20
3.8887
 30
0.0
 10
-58.6489
 20
3.8887
 30
0.0
 10
-58.8212
 20
3.8887
 30
0.0
 10
-58.972
 20
3.925
 30
0.0
 10
-59.1014
 20
3.9968
 30
0.0
 10
-59.2308
 20
4.0692
 30
0.0
 10
-59.3174
 20
4.1816
 30
0.0
 10
-59.3595
 20
4.3346
 30
0.0
  0
SPLINE
  5
C5
330
1F
100
AcDbEntity
  8
Layer 1
 62
   240
100
AcDbSpline
210
0.0
220
0.0
230
1.0
 70
    11
 71
     3
 72
    65
 73
    61
 74
     0
 42
0.0000000001
 43
0.0000000001
 40
0.0
 40
0.0
 40
0.0
 40
0.0
 40
0.05
 40
0.05
 40
0.05
 40
0.1
 40
0.1
 40
0.1
 40
0.15
 40
0.15
 40
0.15
 40
0.2
 40
0.2
 40
0.2
 40
0.25
 40
0.25
 40
0.25
 40
0.3
 40
0.3
 40
0.3
 40
0.35
 40
0.35
 40
0.35
 40
0.4
 40
0.4
 40
0.4
 40
0.45
 40
0.45
 40
0.45
 40
0.5
 40
0.5
 40
0.5
 40
0.55
 40
0.55
 40
0.55
 40
0.6000000000000001
 40
0.6000000000000001
 40
0.6000000000000001
 40
0.65
 40
0.65
 40
0.65
 40
0.7000000000000001
 40
0.7000000000000001
 40
0.7000000000000001
 40
0.75
 40
0.75
 40
0.75
 40
0.8
 40
0.8
 40
0.8
 40
0.8500000000000001
 40
0.8500000000000001
 40
0.8500000000000001
 40
0.9
 40
0.9
 40
0.9
 40
0.9500000000000001
 40
0.9500000000000001
 40
0.9500000000000001
 40
1.0
 40
1.0
 40
1.0
 40
1.0
 10
-56.3676
 20
4.8042
 30
0.0
 10
-56.3676
 20
4.8042
 30
0.0
 10
-56.3676
 20
3.9154
 30
0.0
 10
-56.3676
 20
3.9154
 30
0.0
 10
-56.3676
 20
3.9154
 30
0.0
 10
-56.5066
 20
3.9154
 30
0.0
 10
-56.5066
 20
3.9154
 30
0.0
 10
-56.5066
 20
3.9154
 30
0.0
 10
-56.602
 20
4.1498
 30
0.0
 10
-56.602
 20
4.1498
 30
0.0
 10
-56.7033
 20
3.976
 30
0.0
 10
-56.8601
 20
3.8887
 30
0.0
 10
-57.0723
 20
3.8887
 30
0.0
 10
-57.3089
 20
3.8887
 30
0.0
 10
-57.4857
 20
3.979
 30
0.0
 10
-57.6025
 20
4.1587
 30
0.0
 10
-57.7193
 20
4.3384
 30
0.0
 10
-57.7778
 20
4.5469
 30
0.0
 10
-57.7778
 20
4.7843
 30
0.0
 10
-57.7778
 20
5.0349
 30
0.0
 10
-57.7127
 20
5.2465
 30
0.0
 10
-57.5825
 20
5.4202
 30
0.0
 10
-57.4516
 20
5.594
 30
0.0
 10
-57.2698
 20
5.6805
 30
0.0
 10
-57.0353
 20
5.6805
 30
0.0
 10
-56.8601
 20
5.6805
 30
0.0
 10
-56.7166
 20
5.6295
 30
0.0
 10
-56.6035
 20
5.5282
 30
0.0
 10
-56.4903
 20
5.4269
 30
0.0
 10
-56.4193
 20
5.3012
 30
0.0
 10
-56.389
 20
5.1496
 30
0.0
 10
-56.389
 20
5.1496
 30
0.0
 10
-56.6619
 20
5.1015
 30
0.0
 10
-56.6619
 20
5.1015
 30
0.0
 10
-56.7129
 20
5.3137
 30
0.0
 10
-56.8342
 20
5.4195
 30
0.0
 10
-57.0272
 20
5.4195
 30
0.0
 10
-57.1507
 20
5.4195
 30
0.0
 10
-57.2513
 20
5.3692
 30
0.0
 10
-57.3289
 20
5.2694
 30
0.0
 10
-57.4065
 20
5.1696
 30
0.0
 10
-57.445
 20
5.015
 30
0.0
 10
-57.445
 20
4.8072
 30
0.0
 10
-57.445
 20
4.368
 30
0.0
 10
-57.3075
 20
4.1483
 30
0.0
 10
-57.0324
 20
4.1483
 30
0.0
 10
-56.9252
 20
4.1483
 30
0.0
 10
-56.8371
 20
4.1853
 30
0.0
 10
-56.7669
 20
4.2593
 30
0.0
 10
-56.6966
 20
4.3332
 30
0.0
 10
-56.6619
 20
4.4308
 30
0.0
 10
-56.6619
 20
4.5521
 30
0.0
 10
-56.6619
 20
4.5521
 30
0.0
 10
-57.0213
 20
4.5521
 30
0.0
 10
-57.0213
 20
4.5521
 30
0.0
 10
-57.0213
 20
4.5521
 30
0.0
 10
-57.0213
 20
4.8042
 30
0.0
 10
-57.0213
 20
4.8042
 30
0.0
 10
-57.0213
 20
4.8042
 30
0.0
 10
-56.3676
 20
4.8042
 30
0.0
 10
-56.3676
 20
4.8042
 30
0.0
  0
SPLINE
  5
C6
330
1F
100
AcDbEntity
  8
Layer 1
 62
   240
100
AcDbSpline
210
0.0
220
0.0
230
1.0
 70
    11
 71
     3
 72
   269
 73
   265
 74
     0
 42
0.0000000001
 43
0.0000000001
 40
0.0
 40
0.0
 40
0.0
 40
0.0
 40
0.0113636363636364
 40
0.0113636363636364
 40
0.0113636363636364
 40
0.0227272727272727
 40
0.0227272727272727
 40
0.0227272727272727
 40
0.0340909090909091
 40
0.0340909090909091
 40
0.0340909090909091
 40
0.0454545454545455
 40
0.0454545454545455
 40
0.0454545454545455
 40
0.0568181818181818
 40
0.0568181818181818
 40
0.0568181818181818
 40
0.0681818181818182
 40
0.0681818181818182
 40
0.0681818181818182
 40
0.0795454545454545
 40
0.0795454545454545
 40
0.0795454545454545
 40
0.0909090909090909
 40
0.0909090909090909
 40
0.0909090909090909
 40
0.1022727272727273
 40
0.1022727272727273
 40
0.1022727272727273
 40
0.1136363636363636
 40
0.1136363636363636
 40
0.1136363636363636
 40
0.125
 40
0.125
 40
0.125
 40
0.1363636363636364
 40
0.1363636363636364
 40
0.1363636363636364
 40
0.1477272727272727
 40
0.1477272727272727
 40
0.1477272727272727
 40
0.1590909090909091
 40
0.1590909090909091
 40
0.1590909090909091
 40
0.1704545454545455
 40
0.1704545454545455
 40
0.1704545454545455
 40
0.1818181818181818
 40
0.1818181818181818
 40
0.1818181818181818
 40
0.1931818181818182
 40
0.1931818181818182
 40
0.1931818181818182
 40
0.2045454545454546
 40
0.2045454545454546
 40
0.2045454545454546
 40
0.2159090909090909
 40
0.2159090909090909
 40
0.2159090909090909
 40
0.2272727272727273
 40
0.2272727272727273
 40
0.2272727272727273
 40
0.2386363636363636
 40
0.2386363636363636
 40
0.2386363636363636
 40
0.25
 40
0.25
 40
0.25
 40
0.2613636363636364
 40
0.2613636363636364
 40
0.2613636363636364
 40
0.2727272727272727
 40
0.2727272727272727
 40
0.2727272727272727
 40
0.2840909090909091
 40
0.2840909090909091
 40
0.2840909090909091
 40
0.2954545454545455
 40
0.2954545454545455
 40
0.2954545454545455
 40
0.3068181818181818
 40
0.3068181818181818
 40
0.3068181818181818
 40
0.3181818181818182
 40
0.3181818181818182
 40
0.3181818181818182
 40
0.3295454545454545
 40
0.3295454545454545
 40
0.3295454545454545
 40
0.3409090909090909
 40
0.3409090909090909
 40
0.3409090909090909
 40
0.3522727272727273
 40
0.3522727272727273
 40
0.3522727272727273
 40
0.3636363636363636
 40
0.3636363636363636
 40
0.3636363636363636
 40
0.375
 40
0.375
 40
0.375
 40
0.3863636363636364
 40
0.3863636363636364
 40
0.3863636363636364
 40
0.3977272727272728
 40
0.3977272727272728
 40
0.3977272727272728
 40
0.4090909090909091
 40
0.4090909090909091
 40
0.4090909090909091
 40
0.4204545454545455
 40
0.4204545454545455
 40
0.4204545454545455
 40
0.4318181818181818
 40
0.4318181818181818
 40
0.4318181818181818
 40
0.4431818181818182
 40
0.4431818181818182
 40
0.4431818181818182
 40
0.4545454545454546
 40
0.4545454545454546
 40
0.4545454545454546
 40
0.4659090909090909
 40
0.4659090909090909
 40
0.4659090909090909
 40
0.4772727272727273
 40
0.4772727272727273
 40
0.4772727272727273
 40
0.4886363636363636
 40
0.4886363636363636
 40
0.4886363636363636
 40
0.5
 40
0.5
 40
0.5
 40
0.5113636363636364
 40
0.5113636363636364
 40
0.5113636363636364
 40
0.5227272727272727
 40
0.5227272727272727
 40
0.5227272727272727
 40
0.5340909090909091
 40
0.5340909090909091
 40
0.5340909090909091
 40
0.5454545454545454
 40
0.5454545454545454
 40
0.5454545454545454
 40
0.5568181818181819
 40
0.5568181818181819
 40
0.5568181818181819
 40
0.5681818181818182
 40
0.5681818181818182
 40
0.5681818181818182
 40
0.5795454545454546
 40
0.5795454545454546
 40
0.5795454545454546
 40
0.5909090909090909
 40
0.5909090909090909
 40
0.5909090909090909
 40
0.6022727272727273
 40
0.6022727272727273
 40
0.6022727272727273
 40
0.6136363636363636
 40
0.6136363636363636
 40
0.6136363636363636
 40
0.625
 40
0.625
 40
0.625
 40
0.6363636363636364
 40
0.6363636363636364
 40
0.6363636363636364
 40
0.6477272727272727
 40
0.6477272727272727
 40
0.6477272727272727
 40
0.6590909090909091
 40
0.6590909090909091
 40
0.6590909090909091
 40
0.6704545454545455
 40
0.6704545454545455
 40
0.6704545454545455
 40
0.6818181818181819
 40
0.6818181818181819
 40
0.6818181818181819
 40
0.6931818181818182
 40
0.6931818181818182
 40
0.6931818181818182
 40
0.7045454545454546
 40
0.7045454545454546
 40
0.7045454545454546
 40
0.7159090909090909
 40
0.7159090909090909
 40
0.7159090909090909
 40
0.7272727272727273
 40
0.7272727272727273
 40
0.7272727272727273
 40
0.7386363636363636
 40
0.7386363636363636
 40
0.7386363636363636
 40
0.75
 40
0.75
 40
0.75
 40
0.7613636363636364
 40
0.7613636363636364
 40
0.7613636363636364
 40
0.7727272727272727
 40
0.7727272727272727
 40
0.7727272727272727
 40
0.7840909090909091
 40
0.7840909090909091
 40
0.7840909090909091
 40
0.7954545454545455
 40
0.7954545454545455
 40
0.7954545454545455
 40
0.8068181818181819
 40
0.8068181818181819
 40
0.8068181818181819
 40
0.8181818181818182
 40
0.8181818181818182
 40
0.8181818181818182
 40
0.8295454545454546
 40
0.8295454545454546
 40
0.8295454545454546
 40
0.8409090909090909
 40
0.8409090909090909
 40
0.8409090909090909
 40
0.8522727272727273
 40
0.8522727272727273
 40
0.8522727272727273
 40
0.8636363636363636
 40
0.8636363636363636
 40
0.8636363636363636
 40
0.875
 40
0.875
 40
0.875
 40
0.8863636363636364
 40
0.8863636363636364
 40
0.8863636363636364
 40
0.8977272727272727
 40
0.8977272727272727
 40
0.8977272727272727
 40
0.9090909090909092
 40
0.9090909090909092
 40
0.9090909090909092
 40
0.9204545454545455
 40
0.9204545454545455
 40
0.9204545454545455
 40
0.9318181818181819
 40
0.9318181818181819
 40
0.9318181818181819
 40
0.9431818181818182
 40
0.9431818181818182
 40
0.9431818181818182
 40
0.9545454545454546
 40
0.9545454545454546
 40
0.9545454545454546
 40
0.9659090909090909
 40
0.9659090909090909
 40
0.9659090909090909
 40
0.9772727272727273
 40
0.9772727272727273
 40
0.9772727272727273
 40
0.9886363636363636
 40
0.9886363636363636
 40
0.9886363636363636
 40
1.0
 40
1.0
 40
1.0
 40
1.0
 10
-56.7636
 20
-1.7464
 30
0.0
 10
-56.7636
 20
-1.7464
 30
0.0
 10
-56.6182
 20
-1.5352
 30
0.0
 10
-56.6182
 20
-1.5352
 30
0.0
 10
-56.6182
 20
-1.5352
 30
0.0
 10
-56.6128
 20
-1.5341
 30
0.0
 10
-56.6128
 20
-1.5341
 30
0.0
 10
-56.5255
 20
-1.4191
 30
0.0
 10
-56.4319
 20
-1.3119
 30
0.0
 10
-56.3318
 20
-1.214
 30
0.0
 10
-56.2322
 20
-1.1153
 30
0.0
 10
-56.1193
 20
-1.0286
 30
0.0
 10
-55.9944
 20
-0.9539
 30
0.0
 10
-55.5847
 20
-0.7286
 30
0.0
 10
-55.2971
 20
-0.5489
 30
0.0
 10
-55.1314
 20
-0.4143
 30
0.0
 10
-55.0346
 20
-0.3425
 30
0.0
 10
-54.9859
 20
-0.2847
 30
0.0
 10
-54.9859
 20
-0.2408
 30
0.0
 10
-54.9859
 20
-0.2002
 30
0.0
 10
-55.0251
 20
-0.1673
 30
0.0
 10
-55.1033
 20
-0.1424
 30
0.0
 10
-55.1719
 20
-0.1206
 30
0.0
 10
-55.2455
 20
-0.1095
 30
0.0
 10
-55.3234
 20
-0.1095
 30
0.0
 10
-55.4643
 20
-0.1095
 30
0.0
 10
-55.6176
 20
-0.1986
 30
0.0
 10
-55.7833
 20
-0.3769
 30
0.0
 10
-55.9176
 20
-0.5363
 30
0.0
 10
-56.0491
 20
-0.6959
 30
0.0
 10
-56.1775
 20
-0.8553
 30
0.0
 10
-56.2211
 20
-0.9084
 30
0.0
 10
-56.2634
 20
-0.9492
 30
0.0
 10
-56.304
 20
-0.9773
 30
0.0
 10
-56.3318
 20
-0.9991
 30
0.0
 10
-56.3573
 20
-0.9976
 30
0.0
 10
-56.3789
 20
-0.9723
 30
0.0
 10
-56.4102
 20
-0.9413
 30
0.0
 10
-56.3744
 20
-0.8616
 30
0.0
 10
-56.2711
 20
-0.7333
 30
0.0
 10
-56.1898
 20
-0.6112
 30
0.0
 10
-56.143
 20
-0.5332
 30
0.0
 10
-56.1304
 20
-0.499
 30
0.0
 10
-56.0833
 20
-0.4114
 30
0.0
 10
-56.0491
 20
-0.2938
 30
0.0
 10
-56.0273
 20
-0.1468
 30
0.0
 10
-56.0052
 20
-0.0283
 30
0.0
 10
-55.9897
 20
0.0906
 30
0.0
 10
-55.9805
 20
0.2095
 30
0.0
 10
-55.9708
 20
0.3031
 30
0.0
 10
-55.9663
 20
0.4048
 30
0.0
 10
-55.9663
 20
0.5142
 30
0.0
 10
-55.9663
 20
0.7769
 30
0.0
 10
-55.9024
 20
1.0614
 30
0.0
 10
-55.7738
 20
1.368
 30
0.0
 10
-55.7615
 20
1.4022
 30
0.0
 10
-55.682
 20
1.5818
 30
0.0
 10
-55.5348
 20
1.9074
 30
0.0
 10
-55.5035
 20
1.9699
 30
0.0
 10
-55.4816
 20
2.0012
 30
0.0
 10
-55.469
 20
2.0012
 30
0.0
 10
-55.4538
 20
1.9947
 30
0.0
 10
-55.4456
 20
1.9728
 30
0.0
 10
-55.4456
 20
1.9355
 30
0.0
 10
-55.4456
 20
1.9355
 30
0.0
 10
-55.4456
 20
1.8935
 30
0.0
 10
-55.4456
 20
1.8935
 30
0.0
 10
-55.4456
 20
1.8682
 30
0.0
 10
-55.4501
 20
1.8448
 30
0.0
 10
-55.4598
 20
1.8229
 30
0.0
 10
-55.4598
 20
1.8229
 30
0.0
 10
-55.5066
 20
1.5837
 30
0.0
 10
-55.5066
 20
1.5837
 30
0.0
 10
-55.6129
 20
0.8205
 30
0.0
 10
-55.6707
 20
0.4172
 30
0.0
 10
-55.6802
 20
0.3735
 30
0.0
 10
-55.7301
 20
0.1358
 30
0.0
 10
-55.7575
 20
0.0069
 30
0.0
 10
-55.762
 20
-0.0133
 30
0.0
 10
-55.767
 20
-0.0338
 30
0.0
 10
-55.7738
 20
-0.0532
 30
0.0
 10
-55.7833
 20
-0.0722
 30
0.0
 10
-55.6458
 20
0.0716
 30
0.0
 10
-55.5205
 20
0.2002
 30
0.0
 10
-55.408
 20
0.3125
 30
0.0
 10
-55.2768
 20
0.4156
 30
0.0
 10
-55.1424
 20
0.4674
 30
0.0
 10
-55.0049
 20
0.4674
 30
0.0
 10
-54.8924
 20
0.4674
 30
0.0
 10
-54.8
 20
0.4377
 30
0.0
 10
-54.728
 20
0.3783
 30
0.0
 10
-54.653
 20
0.3157
 30
0.0
 10
-54.6152
 20
0.2297
 30
0.0
 10
-54.6152
 20
0.1203
 30
0.0
 10
-54.6152
 20
-0.0204
 30
0.0
 10
-54.6986
 20
-0.2158
 30
0.0
 10
-54.864
 20
-0.4661
 30
0.0
 10
-55.0205
 20
-0.7193
 30
0.0
 10
-55.1864
 20
-0.91
 30
0.0
 10
-55.3612
 20
-1.038
 30
0.0
 10
-55.4175
 20
-1.079
 30
0.0
 10
-55.5395
 20
-1.1338
 30
0.0
 10
-55.7272
 20
-1.2021
 30
0.0
 10
-55.8771
 20
-1.2649
 30
0.0
 10
-56.0912
 20
-1.3759
 30
0.0
 10
-56.3697
 20
-1.5353
 30
0.0
 10
-56.3696
 20
-1.6042
 30
0.0
 10
-56.3115
 20
-1.7026
 30
0.0
 10
-56.1962
 20
-1.8308
 30
0.0
 10
-56.1367
 20
-1.9029
 30
0.0
 10
-56.107
 20
-1.9573
 30
0.0
 10
-56.107
 20
-1.9948
 30
0.0
 10
-56.107
 20
-2.07
 30
0.0
 10
-56.157
 20
-2.1576
 30
0.0
 10
-56.2569
 20
-2.2576
 30
0.0
 10
-56.3573
 20
-2.3578
 30
0.0
 10
-56.4294
 20
-2.4077
 30
0.0
 10
-56.4728
 20
-2.4077
 30
0.0
 10
-56.5012
 20
-2.4077
 30
0.0
 10
-56.5496
 20
-2.3919
 30
0.0
 10
-56.6182
 20
-2.3612
 30
0.0
 10
-56.6997
 20
-2.3262
 30
0.0
 10
-56.7747
 20
-2.3096
 30
0.0
 10
-56.8435
 20
-2.3096
 30
0.0
 10
-56.9308
 20
-2.3096
 30
0.0
 10
-57.0013
 20
-2.3454
 30
0.0
 10
-57.0544
 20
-2.4172
 30
0.0
 10
-57.0639
 20
-2.4298
 30
0.0
 10
-57.1155
 20
-2.511
 30
0.0
 10
-57.2091
 20
-2.6612
 30
0.0
 10
-57.3032
 20
-2.8111
 30
0.0
 10
-57.3732
 20
-2.91
 30
0.0
 10
-57.4202
 20
-2.9566
 30
0.0
 10
-57.5265
 20
-3.0625
 30
0.0
 10
-57.6484
 20
-3.1158
 30
0.0
 10
-57.7862
 20
-3.1158
 30
0.0
 10
-57.7862
 20
-3.1158
 30
0.0
 10
-57.7862
 20
-3.1159
 30
0.0
 10
-57.7862
 20
-3.1159
 30
0.0
 10
-57.8612
 20
-3.119
 30
0.0
 10
-57.9379
 20
-3.102
 30
0.0
 10
-58.0161
 20
-3.0643
 30
0.0
 10
-58.041
 20
-3.0549
 30
0.0
 10
-58.1512
 20
-3.1395
 30
0.0
 10
-58.3469
 20
-3.3173
 30
0.0
 10
-58.5422
 20
-3.4958
 30
0.0
 10
-58.7116
 20
-3.569
 30
0.0
 10
-58.8554
 20
-3.538
 30
0.0
 10
-58.8554
 20
-3.538
 30
0.0
 10
-58.8554
 20
-3.538
 30
0.0
 10
-58.8554
 20
-3.538
 30
0.0
 10
-58.8554
 20
-3.538
 30
0.0
 10
-58.8554
 20
-3.538
 30
0.0
 10
-58.8554
 20
-3.538
 30
0.0
 10
-58.9492
 20
-3.5225
 30
0.0
 10
-59.0197
 20
-3.5225
 30
0.0
 10
-59.0665
 20
-3.538
 30
0.0
 10
-59.2293
 20
-3.5914
 30
0.0
 10
-59.3965
 20
-3.7678
 30
0.0
 10
-59.5685
 20
-4.0682
 30
0.0
 10
-59.7531
 20
-4.3682
 30
0.0
 10
-59.9595
 20
-4.5183
 30
0.0
 10
-60.1876
 20
-4.5183
 30
0.0
 10
-60.4189
 20
-4.4994
 30
0.0
 10
-60.5941
 20
-4.3947
 30
0.0
 10
-60.7129
 20
-4.2041
 30
0.0
 10
-60.8315
 20
-4.0135
 30
0.0
 10
-60.8928
 20
-3.7789
 30
0.0
 10
-60.8959
 20
-3.5007
 30
0.0
 10
-60.8959
 20
-3.5007
 30
0.0
 10
-60.8958
 20
-3.5004
 30
0.0
 10
-60.8958
 20
-3.5004
 30
0.0
 10
-60.8958
 20
-3.5004
 30
0.0
 10
-60.8959
 20
-3.5004
 30
0.0
 10
-60.8959
 20
-3.5004
 30
0.0
 10
-60.8928
 20
-3.2567
 30
0.0
 10
-60.867
 20
-2.9167
 30
0.0
 10
-60.8183
 20
-2.4807
 30
0.0
 10
-60.7699
 20
-2.0442
 30
0.0
 10
-60.6974
 20
-1.5619
 30
0.0
 10
-60.6004
 20
-1.0336
 30
0.0
 10
-60.5504
 20
-0.8803
 30
0.0
 10
-60.4489
 20
-0.6097
 30
0.0
 10
-60.2956
 20
-0.2221
 30
0.0
 10
-60.2798
 20
-0.1845
 30
0.0
 10
-60.2635
 20
-0.169
 30
0.0
 10
-60.2464
 20
-0.175
 30
0.0
 10
-60.2293
 20
-0.1814
 30
0.0
 10
-60.2204
 20
-0.1971
 30
0.0
 10
-60.2204
 20
-0.2221
 30
0.0
 10
-60.2298
 20
-0.4127
 30
0.0
 10
-60.269
 20
-0.7772
 30
0.0
 10
-60.3377
 20
-1.315
 30
0.0
 10
-60.4066
 20
-1.8527
 30
0.0
 10
-60.4489
 20
-2.2217
 30
0.0
 10
-60.4644
 20
-2.4217
 30
0.0
 10
-60.4802
 20
-2.6222
 30
0.0
 10
-60.4878
 20
-2.7313
 30
0.0
 10
-60.4878
 20
-2.7499
 30
0.0
 10
-60.4878
 20
-2.7499
 30
0.0
 10
-60.4881
 20
-2.7551
 30
0.0
 10
-60.4881
 20
-2.7551
 30
0.0
 10
-60.4881
 20
-2.7551
 30
0.0
 10
-60.4878
 20
-2.7549
 30
0.0
 10
-60.4878
 20
-2.7549
 30
0.0
 10
-60.4878
 20
-3.0676
 30
0.0
 10
-60.4113
 20
-3.2943
 30
0.0
 10
-60.258
 20
-3.4349
 30
0.0
 10
-60.1423
 20
-3.538
 30
0.0
 10
-60.0079
 20
-3.5895
 30
0.0
 10
-59.8546
 20
-3.5895
 30
0.0
 10
-59.6421
 20
-3.5895
 30
0.0
 10
-59.4671
 20
-3.4959
 30
0.0
 10
-59.3292
 20
-3.3082
 30
0.0
 10
-59.2261
 20
-3.1707
 30
0.0
 10
-59.1378
 20
-3.0723
 30
0.0
 10
-59.0645
 20
-3.0129
 30
0.0
 10
-58.9908
 20
-2.9532
 30
0.0
 10
-58.9211
 20
-2.9235
 30
0.0
 10
-58.8554
 20
-2.9235
 30
0.0
 10
-58.8554
 20
-2.9235
 30
0.0
 10
-58.8554
 20
-2.9234
 30
0.0
 10
-58.8554
 20
-2.9234
 30
0.0
 10
-58.8025
 20
-2.9234
 30
0.0
 10
-58.7428
 20
-2.9384
 30
0.0
 10
-58.6771
 20
-2.9681
 30
0.0
 10
-58.6116
 20
-2.9981
 30
0.0
 10
-58.543
 20
-3.0152
 30
0.0
 10
-58.471
 20
-3.0199
 30
0.0
 10
-58.3992
 20
-3.0244
 30
0.0
 10
-58.3366
 20
-3.0002
 30
0.0
 10
-58.2832
 20
-2.9471
 30
0.0
 10
-58.2614
 20
-2.9316
 30
0.0
 10
-58.2443
 20
-2.9082
 30
0.0
 10
-58.2316
 20
-2.8769
 30
0.0
 10
-58.3379
 20
-2.5703
 30
0.0
 10
-58.3132
 20
-2.2531
 30
0.0
 10
-58.1567
 20
-1.9247
 30
0.0
 10
-58.1036
 20
-1.834
 30
0.0
 10
-58.06
 20
-1.7885
 30
0.0
 10
-58.0252
 20
-1.7885
 30
0.0
 10
-57.9973
 20
-1.7885
 30
0.0
 10
-57.9755
 20
-1.8387
 30
0.0
 10
-57.9598
 20
-1.9386
 30
0.0
 10
-57.9411
 20
-2.1231
 30
0.0
 10
-57.883
 20
-2.2341
 30
0.0
 10
-57.7863
 20
-2.2718
 30
0.0
 10
-57.7863
 20
-2.2718
 30
0.0
 10
-57.7863
 20
-2.2718
 30
0.0
 10
-57.7863
 20
-2.2718
 30
0.0
 10
-57.705
 20
-2.2902
 30
0.0
 10
-57.6243
 20
-2.3015
 30
0.0
 10
-57.5446
 20
-2.3044
 30
0.0
 10
-57.4649
 20
-2.3078
 30
0.0
 10
-57.3868
 20
-2.2978
 30
0.0
 10
-57.31
 20
-2.2741
 30
0.0
 10
-57.2332
 20
-2.2504
 30
0.0
 10
-57.1606
 20
-2.2
 30
0.0
 10
-57.0918
 20
-2.1219
 30
0.0
 10
-57.0857
 20
-2.1151
 30
0.0
 10
-57.0215
 20
-2.0422
 30
0.0
 10
-56.8995
 20
-1.9013
 30
0.0
 10
-56.8995
 20
-1.9013
 30
0.0
 10
-56.7636
 20
-1.7464
 30
0.0
 10
-56.7636
 20
-1.7464
 30
0.0
  0
SPLINE
  5
C7
330
1F
100
AcDbEntity
  8
Layer 1
 62
   240
100
AcDbSpline
210
0.0
220
0.0
230
1.0
 70
    11
 71
     3
 72
    68
 73
    64
 74
     0
 42
0.0000000001
 43
0.0000000001
 40
0.0
 40
0.0
 40
0.0
 40
0.0
 40
0.0476190476190476
 40
0.0476190476190476
 40
0.0476190476190476
 40
0.0952380952380952
 40
0.0952380952380952
 40
0.0952380952380952
 40
0.1428571428571428
 40
0.1428571428571428
 40
0.1428571428571428
 40
0.1904761904761905
 40
0.1904761904761905
 40
0.1904761904761905
 40
0.2380952380952381
 40
0.2380952380952381
 40
0.2380952380952381
 40
0.2857142857142857
 40
0.2857142857142857
 40
0.2857142857142857
 40
0.3333333333333333
 40
0.3333333333333333
 40
0.3333333333333333
 40
0.3809523809523809
 40
0.3809523809523809
 40
0.3809523809523809
 40
0.4285714285714285
 40
0.4285714285714285
 40
0.4285714285714285
 40
0.4761904761904762
 40
0.4761904761904762
 40
0.4761904761904762
 40
0.5238095238095237
 40
0.5238095238095237
 40
0.5238095238095237
 40
0.5714285714285714
 40
0.5714285714285714
 40
0.5714285714285714
 40
0.6190476190476191
 40
0.6190476190476191
 40
0.6190476190476191
 40
0.6666666666666666
 40
0.6666666666666666
 40
0.6666666666666666
 40
0.7142857142857142
 40
0.7142857142857142
 40
0.7142857142857142
 40
0.7619047619047619
 40
0.7619047619047619
 40
0.7619047619047619
 40
0.8095238095238095
 40
0.8095238095238095
 40
0.8095238095238095
 40
0.8571428571428571
 40
0.8571428571428571
 40
0.8571428571428571
 40
0.9047619047619047
 40
0.9047619047619047
 40
0.9047619047619047
 40
0.9523809523809523
 40
0.9523809523809523
 40
0.9523809523809523
 40
1.0
 40
1.0
 40
1.0
 40
1.0
 10
-53.5883
 20
-1.8779
 30
0.0
 10
-53.5944
 20
-2.1027
 30
0.0
 10
-53.5994
 20
-2.306
 30
0.0
 10
-53.6025
 20
-2.4874
 30
0.0
 10
-53.6054
 20
-2.6688
 30
0.0
 10
-53.6152
 20
-2.8222
 30
0.0
 10
-53.6304
 20
-2.9471
 30
0.0
 10
-53.6559
 20
-3.2163
 30
0.0
 10
-53.7071
 20
-3.4543
 30
0.0
 10
-53.7853
 20
-3.6623
 30
0.0
 10
-53.8636
 20
-3.87
 30
0.0
 10
-53.9255
 20
-4.0089
 30
0.0
 10
-53.9706
 20
-4.0775
 30
0.0
 10
-54.0162
 20
-4.1461
 30
0.0
 10
-54.0527
 20
-4.1962
 30
0.0
 10
-54.0808
 20
-4.2274
 30
0.0
 10
-54.1153
 20
-4.259
 30
0.0
 10
-54.1419
 20
-4.269
 30
0.0
 10
-54.1608
 20
-4.2582
 30
0.0
 10
-54.1792
 20
-4.2471
 30
0.0
 10
-54.1855
 20
-4.2289
 30
0.0
 10
-54.1792
 20
-4.2043
 30
0.0
 10
-54.1792
 20
-4.1979
 30
0.0
 10
-54.1608
 20
-4.1033
 30
0.0
 10
-54.1229
 20
-3.9203
 30
0.0
 10
-54.0856
 20
-3.7373
 30
0.0
 10
-54.0622
 20
-3.5597
 30
0.0
 10
-54.0527
 20
-3.3881
 30
0.0
 10
-54.0432
 20
-3.2163
 30
0.0
 10
-54.0419
 20
-2.9731
 30
0.0
 10
-54.0479
 20
-2.6588
 30
0.0
 10
-54.054
 20
-2.3444
 30
0.0
 10
-54.0464
 20
-2.1043
 30
0.0
 10
-54.0245
 20
-1.9386
 30
0.0
 10
-54.0119
 20
-1.8418
 30
0.0
 10
-53.9909
 20
-1.7414
 30
0.0
 10
-53.9615
 20
-1.6385
 30
0.0
 10
-53.9317
 20
-1.5352
 30
0.0
 10
-53.8978
 20
-1.4337
 30
0.0
 10
-53.8605
 20
-1.3338
 30
0.0
 10
-53.8229
 20
-1.2336
 30
0.0
 10
-53.7829
 20
-1.139
 30
0.0
 10
-53.7408
 20
-1.05
 30
0.0
 10
-53.6985
 20
-0.9609
 30
0.0
 10
-53.6601
 20
-0.8817
 30
0.0
 10
-53.6262
 20
-0.8132
 30
0.0
 10
-53.5975
 20
-0.7693
 30
0.0
 10
-53.5725
 20
-0.7521
 30
0.0
 10
-53.5507
 20
-0.7614
 30
0.0
 10
-53.5291
 20
-0.7708
 30
0.0
 10
-53.5194
 20
-0.7882
 30
0.0
 10
-53.5226
 20
-0.8132
 30
0.0
 10
-53.5291
 20
-0.8381
 30
0.0
 10
-53.5362
 20
-0.8967
 30
0.0
 10
-53.5436
 20
-0.9888
 30
0.0
 10
-53.5515
 20
-1.0811
 30
0.0
 10
-53.5586
 20
-1.1841
 30
0.0
 10
-53.5646
 20
-1.2986
 30
0.0
 10
-53.5715
 20
-1.4124
 30
0.0
 10
-53.5765
 20
-1.5244
 30
0.0
 10
-53.5815
 20
-1.6338
 30
0.0
 10
-53.5862
 20
-1.7432
 30
0.0
 10
-53.5883
 20
-1.8244
 30
0.0
 10
-53.5883
 20
-1.8779
 30
0.0
  0
SPLINE
  5
C8
330
1F
100
AcDbEntity
  8
Layer 1
 62
   240
100
AcDbSpline
210
0.0
220
0.0
230
1.0
 70
    11
 71
     3
 72
    53
 73
    49
 74
     0
 42
0.0000000001
 43
0.0000000001
 40
0.0
 40
0.0
 40
0.0
 40
0.0
 40
0.0625
 40
0.0625
 40
0.0625
 40
0.125
 40
0.125
 40
0.125
 40
0.1875
 40
0.1875
 40
0.1875
 40
0.25
 40
0.25
 40
0.25
 40
0.3125
 40
0.3125
 40
0.3125
 40
0.375
 40
0.375
 40
0.375
 40
0.4375
 40
0.4375
 40
0.4375
 40
0.5
 40
0.5
 40
0.5
 40
0.5625
 40
0.5625
 40
0.5625
 40
0.625
 40
0.625
 40
0.625
 40
0.6875
 40
0.6875
 40
0.6875
 40
0.75
 40
0.75
 40
0.75
 40
0.8125
 40
0.8125
 40
0.8125
 40
0.875
 40
0.875
 40
0.875
 40
0.9375
 40
0.9375
 40
0.9375
 40
1.0
 40
1.0
 40
1.0
 40
1.0
 10
-58.9916
 20
-6.8586
 30
0.0
 10
-58.8633
 20
-6.618
 30
0.0
 10
-58.7852
 20
-6.4976
 30
0.0
 10
-58.7571
 20
-6.4976
 30
0.0
 10
-58.7039
 20
-6.4755
 30
0.0
 10
-58.6266
 20
-6.5141
 30
0.0
 10
-58.5249
 20
-6.6125
 30
0.0
 10
-58.4233
 20
-6.7111
 30
0.0
 10
-58.346
 20
-6.7979
 30
0.0
 10
-58.2927
 20
-6.8728
 30
0.0
 10
-58.2301
 20
-6.7695
 30
0.0
 10
-58.1607
 20
-6.654
 30
0.0
 10
-58.0841
 20
-6.5257
 30
0.0
 10
-58.0076
 20
-6.3974
 30
0.0
 10
-57.9566
 20
-6.3335
 30
0.0
 10
-57.9316
 20
-6.3335
 30
0.0
 10
-57.8535
 20
-6.3335
 30
0.0
 10
-57.7602
 20
-6.3905
 30
0.0
 10
-57.6524
 20
-6.5047
 30
0.0
 10
-57.5445
 20
-6.6188
 30
0.0
 10
-57.4875
 20
-6.7258
 30
0.0
 10
-57.4815
 20
-6.8258
 30
0.0
 10
-57.4815
 20
-6.9446
 30
0.0
 10
-57.539
 20
-7.0858
 30
0.0
 10
-57.6547
 20
-7.2483
 30
0.0
 10
-57.7672
 20
-7.4074
 30
0.0
 10
-57.8504
 20
-7.4871
 30
0.0
 10
-57.9035
 20
-7.4871
 30
0.0
 10
-57.9379
 20
-7.4871
 30
0.0
 10
-58.0003
 20
-7.4418
 30
0.0
 10
-58.091
 20
-7.3511
 30
0.0
 10
-58.1817
 20
-7.2607
 30
0.0
 10
-58.2614
 20
-7.19
 30
0.0
 10
-58.3302
 20
-7.1403
 30
0.0
 10
-58.4991
 20
-7.4808
 30
0.0
 10
-58.6335
 20
-7.6515
 30
0.0
 10
-58.7334
 20
-7.6515
 30
0.0
 10
-58.7586
 20
-7.6515
 30
0.0
 10
-58.7946
 20
-7.631
 30
0.0
 10
-58.8414
 20
-7.5904
 30
0.0
 10
-58.8851
 20
-7.5528
 30
0.0
 10
-58.9532
 20
-7.4966
 30
0.0
 10
-59.0455
 20
-7.4219
 30
0.0
 10
-59.1376
 20
-7.3464
 30
0.0
 10
-59.1838
 20
-7.2996
 30
0.0
 10
-59.1838
 20
-7.2812
 30
0.0
 10
-59.1838
 20
-7.2401
 30
0.0
 10
-59.1199
 20
-7.0995
 30
0.0
 10
-58.9916
 20
-6.8586
 30
0.0
  0
SPLINE
  5
C9
330
1F
100
AcDbEntity
  8
Layer 1
 62
   240
100
AcDbSpline
210
0.0
220
0.0
230
1.0
 70
    11
 71
     3
 72
    32
 73
    28
 74
     0
 42
0.0000000001
 43
0.0000000001
 40
0.0
 40
0.0
 40
0.0
 40
0.0
 40
0.1111111111111111
 40
0.1111111111111111
 40
0.1111111111111111
 40
0.2222222222222222
 40
0.2222222222222222
 40
0.2222222222222222
 40
0.3333333333333333
 40
0.3333333333333333
 40
0.3333333333333333
 40
0.4444444444444444
 40
0.4444444444444444
 40
0.4444444444444444
 40
0.5555555555555556
 40
0.5555555555555556
 40
0.5555555555555556
 40
0.6666666666666666
 40
0.6666666666666666
 40
0.6666666666666666
 40
0.7777777777777777
 40
0.7777777777777777
 40
0.7777777777777777
 40
0.8888888888888888
 40
0.8888888888888888
 40
0.8888888888888888
 40
1.0
 40
1.0
 40
1.0
 40
1.0
 10
-59.878
 20
-0.8272
 30
0.0
 10
-59.878
 20
-0.7583
 30
0.0
 10
-59.8194
 20
-0.6089
 30
0.0
 10
-59.7024
 20
-0.3791
 30
0.0
 10
-59.5851
 20
-0.1492
 30
0.0
 10
-59.5091
 20
-0.0344
 30
0.0
 10
-59.4747
 20
-0.0344
 30
0.0
 10
-59.406
 20
-0.0062
 30
0.0
 10
-59.3058
 20
-0.0588
 30
0.0
 10
-59.1746
 20
-0.1916
 30
0.0
 10
-59.0431
 20
-0.3244
 30
0.0
 10
-58.9729
 20
-0.4282
 30
0.0
 10
-58.9635
 20
-0.5034
 30
0.0
 10
-58.9635
 20
-0.6036
 30
0.0
 10
-59.0182
 20
-0.7473
 30
0.0
 10
-59.1275
 20
-0.935
 30
0.0
 10
-59.2372
 20
-1.1227
 30
0.0
 10
-59.3169
 20
-1.2163
 30
0.0
 10
-59.3668
 20
-1.2163
 30
0.0
 10
-59.3855
 20
-1.2072
 30
0.0
 10
-59.4504
 20
-1.1659
 30
0.0
 10
-59.5614
 20
-1.0919
 30
0.0
 10
-59.6724
 20
-1.0186
 30
0.0
 10
-59.7547
 20
-0.9631
 30
0.0
 10
-59.8075
 20
-0.9255
 30
0.0
 10
-59.8546
 20
-0.8943
 30
0.0
 10
-59.878
 20
-0.8616
 30
0.0
 10
-59.878
 20
-0.8272
 30
0.0
  0
SPLINE
  5
CA
330
1F
100
AcDbEntity
  8
Layer 1
 62
   240
100
AcDbSpline
210
0.0
220
0.0
230
1.0
 70
    11
 71
     3
 72
    47
 73
    43
 74
     0
 42
0.0000000001
 43
0.0000000001
 40
0.0
 40
0.0
 40
0.0
 40
0.0
 40
0.0714285714285714
 40
0.0714285714285714
 40
0.0714285714285714
 40
0.1428571428571428
 40
0.1428571428571428
 40
0.1428571428571428
 40
0.2142857142857143
 40
0.2142857142857143
 40
0.2142857142857143
 40
0.2857142857142857
 40
0.2857142857142857
 40
0.2857142857142857
 40
0.3571428571428571
 40
0.3571428571428571
 40
0.3571428571428571
 40
0.4285714285714285
 40
0.4285714285714285
 40
0.4285714285714285
 40
0.5
 40
0.5
 40
0.5
 40
0.5714285714285714
 40
0.5714285714285714
 40
0.5714285714285714
 40
0.6428571428571428
 40
0.6428571428571428
 40
0.6428571428571428
 40
0.7142857142857142
 40
0.7142857142857142
 40
0.7142857142857142
 40
0.7857142857142857
 40
0.7857142857142857
 40
0.7857142857142857
 40
0.8571428571428571
 40
0.8571428571428571
 40
0.8571428571428571
 40
0.9285714285714285
 40
0.9285714285714285
 40
0.9285714285714285
 40
1.0
 40
1.0
 40
1.0
 40
1.0
 10
-62.772
 20
-3.0458
 30
0.0
 10
-62.7594
 20
-3.1081
 30
0.0
 10
-62.7644
 20
-3.177
 30
0.0
 10
-62.7859
 20
-3.252
 30
0.0
 10
-62.808
 20
-3.3272
 30
0.0
 10
-62.8433
 20
-3.4107
 30
0.0
 10
-62.8916
 20
-3.5028
 30
0.0
 10
-62.94
 20
-3.5954
 30
0.0
 10
-63.005
 20
-3.6803
 30
0.0
 10
-63.0863
 20
-3.7584
 30
0.0
 10
-63.1393
 20
-3.8083
 30
0.0
 10
-63.1817
 20
-3.8334
 30
0.0
 10
-63.213
 20
-3.8334
 30
0.0
 10
-63.2317
 20
-3.8334
 30
0.0
 10
-63.2748
 20
-3.8062
 30
0.0
 10
-63.3419
 20
-3.7515
 30
0.0
 10
-63.4092
 20
-3.6971
 30
0.0
 10
-63.4701
 20
-3.6466
 30
0.0
 10
-63.5246
 20
-3.6014
 30
0.0
 10
-63.5796
 20
-3.5559
 30
0.0
 10
-63.6264
 20
-3.5146
 30
0.0
 10
-63.6655
 20
-3.4773
 30
0.0
 10
-63.7045
 20
-3.4396
 30
0.0
 10
-63.7242
 20
-3.4084
 30
0.0
 10
-63.7242
 20
-3.3831
 30
0.0
 10
-63.6834
 20
-3.2988
 30
0.0
 10
-63.6537
 20
-3.2348
 30
0.0
 10
-63.635
 20
-3.1909
 30
0.0
 10
-63.5725
 20
-3.0502
 30
0.0
 10
-63.5185
 20
-2.9393
 30
0.0
 10
-63.4733
 20
-2.8578
 30
0.0
 10
-63.4278
 20
-2.7768
 30
0.0
 10
-63.3568
 20
-2.6563
 30
0.0
 10
-63.2598
 20
-2.4967
 30
0.0
 10
-63.2035
 20
-2.5438
 30
0.0
 10
-63.1338
 20
-2.5993
 30
0.0
 10
-63.0513
 20
-2.6632
 30
0.0
 10
-62.9684
 20
-2.7276
 30
0.0
 10
-62.904
 20
-2.7878
 30
0.0
 10
-62.8588
 20
-2.8438
 30
0.0
 10
-62.8133
 20
-2.9001
 30
0.0
 10
-62.7844
 20
-2.9674
 30
0.0
 10
-62.772
 20
-3.0458
 30
0.0
  0
SPLINE
  5
CB
330
1F
100
AcDbEntity
  8
Layer 1
 62
   240
100
AcDbSpline
210
0.0
220
0.0
230
1.0
 70
    11
 71
     3
 72
    68
 73
    64
 74
     0
 42
0.0000000001
 43
0.0000000001
 40
0.0
 40
0.0
 40
0.0
 40
0.0
 40
0.0476190476190476
 40
0.0476190476190476
 40
0.0476190476190476
 40
0.0952380952380952
 40
0.0952380952380952
 40
0.0952380952380952
 40
0.1428571428571428
 40
0.1428571428571428
 40
0.1428571428571428
 40
0.1904761904761905
 40
0.1904761904761905
 40
0.1904761904761905
 40
0.2380952380952381
 40
0.2380952380952381
 40
0.2380952380952381
 40
0.2857142857142857
 40
0.2857142857142857
 40
0.2857142857142857
 40
0.3333333333333333
 40
0.3333333333333333
 40
0.3333333333333333
 40
0.3809523809523809
 40
0.3809523809523809
 40
0.3809523809523809
 40
0.4285714285714285
 40
0.4285714285714285
 40
0.4285714285714285
 40
0.4761904761904762
 40
0.4761904761904762
 40
0.4761904761904762
 40
0.5238095238095237
 40
0.5238095238095237
 40
0.5238095238095237
 40
0.5714285714285714
 40
0.5714285714285714
 40
0.5714285714285714
 40
0.6190476190476191
 40
0.6190476190476191
 40
0.6190476190476191
 40
0.6666666666666666
 40
0.6666666666666666
 40
0.6666666666666666
 40
0.7142857142857142
 40
0.7142857142857142
 40
0.7142857142857142
 40
0.7619047619047619
 40
0.7619047619047619
 40
0.7619047619047619
 40
0.8095238095238095
 40
0.8095238095238095
 40
0.8095238095238095
 40
0.8571428571428571
 40
0.8571428571428571
 40
0.8571428571428571
 40
0.9047619047619047
 40
0.9047619047619047
 40
0.9047619047619047
 40
0.9523809523809523
 40
0.9523809523809523
 40
0.9523809523809523
 40
1.0
 40
1.0
 40
1.0
 40
1.0
 10
-61.3554
 20
-2.5861
 30
0.0
 10
-61.4119
 20
-3.5678
 30
0.0
 10
-61.6965
 20
-4.4121
 30
0.0
 10
-62.2093
 20
-5.1187
 30
0.0
 10
-62.7157
 20
-5.8032
 30
0.0
 10
-63.324
 20
-6.1492
 30
0.0
 10
-64.0337
 20
-6.1553
 30
0.0
 10
-64.4026
 20
-6.1395
 30
0.0
 10
-64.695
 20
-6.0185
 30
0.0
 10
-64.9106
 20
-5.7918
 30
0.0
 10
-65.1266
 20
-5.5649
 30
0.0
 10
-65.2407
 20
-5.2501
 30
0.0
 10
-65.2533
 20
-4.8468
 30
0.0
 10
-65.2562
 20
-4.2088
 30
0.0
 10
-65.0466
 20
-3.5162
 30
0.0
 10
-64.6245
 20
-2.7689
 30
0.0
 10
-64.5433
 20
-2.619
 30
0.0
 10
-64.4949
 20
-2.5711
 30
0.0
 10
-64.4791
 20
-2.6258
 30
0.0
 10
-64.4636
 20
-2.6805
 30
0.0
 10
-64.4652
 20
-2.736
 30
0.0
 10
-64.4839
 20
-2.7923
 30
0.0
 10
-64.7624
 20
-3.3429
 30
0.0
 10
-64.9046
 20
-3.8181
 30
0.0
 10
-64.9106
 20
-4.2181
 30
0.0
 10
-64.8983
 20
-4.5183
 30
0.0
 10
-64.7913
 20
-4.7466
 30
0.0
 10
-64.5896
 20
-4.9031
 30
0.0
 10
-64.3879
 20
-5.0592
 30
0.0
 10
-64.1212
 20
-5.1439
 30
0.0
 10
-63.7899
 20
-5.156
 30
0.0
 10
-63.3834
 20
-5.156
 30
0.0
 10
-62.9923
 20
-5.0482
 30
0.0
 10
-62.6174
 20
-4.8326
 30
0.0
 10
-62.2453
 20
-4.5854
 30
0.0
 10
-61.9858
 20
-4.2559
 30
0.0
 10
-61.8388
 20
-3.8428
 30
0.0
 10
-61.7825
 20
-3.6992
 30
0.0
 10
-61.7541
 20
-3.5086
 30
0.0
 10
-61.7541
 20
-3.2706
 30
0.0
 10
-61.7541
 20
-3.1802
 30
0.0
 10
-61.7549
 20
-3.0649
 30
0.0
 10
-61.7565
 20
-2.9261
 30
0.0
 10
-61.7583
 20
-2.787
 30
0.0
 10
-61.7589
 20
-2.6879
 30
0.0
 10
-61.7589
 20
-2.6282
 30
0.0
 10
-61.7465
 20
-2.4562
 30
0.0
 10
-61.7057
 20
-2.2661
 30
0.0
 10
-61.6371
 20
-2.0583
 30
0.0
 10
-61.5682
 20
-1.8504
 30
0.0
 10
-61.5111
 20
-1.6994
 30
0.0
 10
-61.4659
 20
-1.6055
 30
0.0
 10
-61.4204
 20
-1.5119
 30
0.0
 10
-61.382
 20
-1.4649
 30
0.0
 10
-61.351
 20
-1.4649
 30
0.0
 10
-61.3289
 20
-1.4649
 30
0.0
 10
-61.3197
 20
-1.4893
 30
0.0
 10
-61.3226
 20
-1.538
 30
0.0
 10
-61.3257
 20
-1.5861
 30
0.0
 10
-61.3307
 20
-1.6795
 30
0.0
 10
-61.3367
 20
-1.8167
 30
0.0
 10
-61.3431
 20
-1.9545
 30
0.0
 10
-61.3494
 20
-2.2109
 30
0.0
 10
-61.3554
 20
-2.5861
 30
0.0
  0
SPLINE
  5
CC
330
1F
100
AcDbEntity
  8
Layer 1
 62
   240
100
AcDbSpline
210
0.0
220
0.0
230
1.0
 70
    11
 71
     3
 72
    26
 73
    22
 74
     0
 42
0.0000000001
 43
0.0000000001
 40
0.0
 40
0.0
 40
0.0
 40
0.0
 40
0.1428571428571428
 40
0.1428571428571428
 40
0.1428571428571428
 40
0.2857142857142857
 40
0.2857142857142857
 40
0.2857142857142857
 40
0.4285714285714285
 40
0.4285714285714285
 40
0.4285714285714285
 40
0.5714285714285714
 40
0.5714285714285714
 40
0.5714285714285714
 40
0.7142857142857142
 40
0.7142857142857142
 40
0.7142857142857142
 40
0.8571428571428571
 40
0.8571428571428571
 40
0.8571428571428571
 40
1.0
 40
1.0
 40
1.0
 40
1.0
 10
-52.7188
 20
-5.2871
 30
0.0
 10
-52.7188
 20
-5.2689
 30
0.0
 10
-52.7354
 20
-5.249
 30
0.0
 10
-52.7695
 20
-5.2279
 30
0.0
 10
-52.8063
 20
-5.2066
 30
0.0
 10
-52.8431
 20
-5.1961
 30
0.0
 10
-52.8797
 20
-5.1961
 30
0.0
 10
-52.9476
 20
-5.1935
 30
0.0
 10
-53.0296
 20
-5.2463
 30
0.0
 10
-53.1256
 20
-5.3552
 30
0.0
 10
-53.154
 20
-5.3846
 30
0.0
 10
-53.2084
 20
-5.4491
 30
0.0
 10
-53.2891
 20
-5.5479
 30
0.0
 10
-53.1703
 20
-5.5427
 30
0.0
 10
-53.0724
 20
-5.5261
 30
0.0
 10
-52.9954
 20
-5.4993
 30
0.0
 10
-52.9184
 20
-5.4725
 30
0.0
 10
-52.854
 20
-5.4369
 30
0.0
 10
-52.8011
 20
-5.3933
 30
0.0
 10
-52.7461
 20
-5.3494
 30
0.0
 10
-52.7188
 20
-5.3142
 30
0.0
 10
-52.7188
 20
-5.2871
 30
0.0
  0
SPLINE
  5
CD
330
1F
100
AcDbEntity
  8
Layer 1
 62
   240
100
AcDbSpline
210
0.0
220
0.0
230
1.0
 70
    11
 71
     3
 72
   203
 73
   199
 74
     0
 42
0.0000000001
 43
0.0000000001
 40
0.0
 40
0.0
 40
0.0
 40
0.0
 40
0.0151515151515152
 40
0.0151515151515152
 40
0.0151515151515152
 40
0.0303030303030303
 40
0.0303030303030303
 40
0.0303030303030303
 40
0.0454545454545455
 40
0.0454545454545455
 40
0.0454545454545455
 40
0.0606060606060606
 40
0.0606060606060606
 40
0.0606060606060606
 40
0.0757575757575758
 40
0.0757575757575758
 40
0.0757575757575758
 40
0.0909090909090909
 40
0.0909090909090909
 40
0.0909090909090909
 40
0.1060606060606061
 40
0.1060606060606061
 40
0.1060606060606061
 40
0.1212121212121212
 40
0.1212121212121212
 40
0.1212121212121212
 40
0.1363636363636364
 40
0.1363636363636364
 40
0.1363636363636364
 40
0.1515151515151515
 40
0.1515151515151515
 40
0.1515151515151515
 40
0.1666666666666667
 40
0.1666666666666667
 40
0.1666666666666667
 40
0.1818181818181818
 40
0.1818181818181818
 40
0.1818181818181818
 40
0.196969696969697
 40
0.196969696969697
 40
0.196969696969697
 40
0.2121212121212121
 40
0.2121212121212121
 40
0.2121212121212121
 40
0.2272727272727273
 40
0.2272727272727273
 40
0.2272727272727273
 40
0.2424242424242424
 40
0.2424242424242424
 40
0.2424242424242424
 40
0.2575757575757576
 40
0.2575757575757576
 40
0.2575757575757576
 40
0.2727272727272727
 40
0.2727272727272727
 40
0.2727272727272727
 40
0.2878787878787879
 40
0.2878787878787879
 40
0.2878787878787879
 40
0.303030303030303
 40
0.303030303030303
 40
0.303030303030303
 40
0.3181818181818182
 40
0.3181818181818182
 40
0.3181818181818182
 40
0.3333333333333334
 40
0.3333333333333334
 40
0.3333333333333334
 40
0.3484848484848485
 40
0.3484848484848485
 40
0.3484848484848485
 40
0.3636363636363636
 40
0.3636363636363636
 40
0.3636363636363636
 40
0.3787878787878788
 40
0.3787878787878788
 40
0.3787878787878788
 40
0.3939393939393939
 40
0.3939393939393939
 40
0.3939393939393939
 40
0.4090909090909091
 40
0.4090909090909091
 40
0.4090909090909091
 40
0.4242424242424243
 40
0.4242424242424243
 40
0.4242424242424243
 40
0.4393939393939394
 40
0.4393939393939394
 40
0.4393939393939394
 40
0.4545454545454546
 40
0.4545454545454546
 40
0.4545454545454546
 40
0.4696969696969697
 40
0.4696969696969697
 40
0.4696969696969697
 40
0.4848484848484849
 40
0.4848484848484849
 40
0.4848484848484849
 40
0.5
 40
0.5
 40
0.5
 40
0.5151515151515151
 40
0.5151515151515151
 40
0.5151515151515151
 40
0.5303030303030303
 40
0.5303030303030303
 40
0.5303030303030303
 40
0.5454545454545454
 40
0.5454545454545454
 40
0.5454545454545454
 40
0.5606060606060607
 40
0.5606060606060607
 40
0.5606060606060607
 40
0.5757575757575758
 40
0.5757575757575758
 40
0.5757575757575758
 40
0.5909090909090909
 40
0.5909090909090909
 40
0.5909090909090909
 40
0.6060606060606061
 40
0.6060606060606061
 40
0.6060606060606061
 40
0.6212121212121212
 40
0.6212121212121212
 40
0.6212121212121212
 40
0.6363636363636364
 40
0.6363636363636364
 40
0.6363636363636364
 40
0.6515151515151515
 40
0.6515151515151515
 40
0.6515151515151515
 40
0.6666666666666667
 40
0.6666666666666667
 40
0.6666666666666667
 40
0.6818181818181819
 40
0.6818181818181819
 40
0.6818181818181819
 40
0.696969696969697
 40
0.696969696969697
 40
0.696969696969697
 40
0.7121212121212122
 40
0.7121212121212122
 40
0.7121212121212122
 40
0.7272727272727273
 40
0.7272727272727273
 40
0.7272727272727273
 40
0.7424242424242424
 40
0.7424242424242424
 40
0.7424242424242424
 40
0.7575757575757576
 40
0.7575757575757576
 40
0.7575757575757576
 40
0.7727272727272727
 40
0.7727272727272727
 40
0.7727272727272727
 40
0.7878787878787878
 40
0.7878787878787878
 40
0.7878787878787878
 40
0.8030303030303031
 40
0.8030303030303031
 40
0.8030303030303031
 40
0.8181818181818182
 40
0.8181818181818182
 40
0.8181818181818182
 40
0.8333333333333334
 40
0.8333333333333334
 40
0.8333333333333334
 40
0.8484848484848485
 40
0.8484848484848485
 40
0.8484848484848485
 40
0.8636363636363636
 40
0.8636363636363636
 40
0.8636363636363636
 40
0.8787878787878788
 40
0.8787878787878788
 40
0.8787878787878788
 40
0.8939393939393939
 40
0.8939393939393939
 40
0.8939393939393939
 40
0.9090909090909092
 40
0.9090909090909092
 40
0.9090909090909092
 40
0.9242424242424243
 40
0.9242424242424243
 40
0.9242424242424243
 40
0.9393939393939394
 40
0.9393939393939394
 40
0.9393939393939394
 40
0.9545454545454546
 40
0.9545454545454546
 40
0.9545454545454546
 40
0.9696969696969697
 40
0.9696969696969697
 40
0.9696969696969697
 40
0.9848484848484849
 40
0.9848484848484849
 40
0.9848484848484849
 40
1.0
 40
1.0
 40
1.0
 40
1.0
 10
-53.681
 20
-5.2753
 30
0.0
 10
-53.6779
 20
-5.3092
 30
0.0
 10
-53.6717
 20
-5.3421
 30
0.0
 10
-53.6623
 20
-5.3741
 30
0.0
 10
-53.6439
 20
-5.4322
 30
0.0
 10
-53.6092
 20
-5.4735
 30
0.0
 10
-53.5581
 20
-5.4982
 30
0.0
 10
-53.5071
 20
-5.5227
 30
0.0
 10
-53.45
 20
-5.5374
 30
0.0
 10
-53.3865
 20
-5.5416
 30
0.0
 10
-53.3865
 20
-5.5416
 30
0.0
 10
-53.2595
 20
-5.3552
 30
0.0
 10
-53.2595
 20
-5.3552
 30
0.0
 10
-53.2384
 20
-5.3197
 30
0.0
 10
-53.2194
 20
-5.2598
 30
0.0
 10
-53.2042
 20
-5.1748
 30
0.0
 10
-53.1971
 20
-5.1283
 30
0.0
 10
-53.1932
 20
-5.0262
 30
0.0
 10
-53.1913
 20
-4.8684
 30
0.0
 10
-53.1903
 20
-4.7112
 30
0.0
 10
-53.1829
 20
-4.5939
 30
0.0
 10
-53.1703
 20
-4.5176
 30
0.0
 10
-53.1561
 20
-4.4472
 30
0.0
 10
-53.1287
 20
-4.3554
 30
0.0
 10
-53.0875
 20
-4.2431
 30
0.0
 10
-53.0467
 20
-4.1309
 30
0.0
 10
-53.0212
 20
-4.0656
 30
0.0
 10
-53.0123
 20
-4.048
 30
0.0
 10
-53.003
 20
-4.0307
 30
0.0
 10
-52.9957
 20
-4.0159
 30
0.0
 10
-52.9899
 20
-4.0047
 30
0.0
 10
-52.9831
 20
-3.993
 30
0.0
 10
-52.9762
 20
-3.9909
 30
0.0
 10
-52.971
 20
-3.9973
 30
0.0
 10
-52.9652
 20
-4.0035
 30
0.0
 10
-52.9638
 20
-4.0146
 30
0.0
 10
-52.9665
 20
-4.0302
 30
0.0
 10
-52.9822
 20
-4.1245
 30
0.0
 10
-52.9928
 20
-4.2021
 30
0.0
 10
-52.9983
 20
-4.2623
 30
0.0
 10
-53.0044
 20
-4.3223
 30
0.0
 10
-53.0065
 20
-4.3796
 30
0.0
 10
-53.0059
 20
-4.4338
 30
0.0
 10
-53.0051
 20
-4.4882
 30
0.0
 10
-53.0062
 20
-4.5587
 30
0.0
 10
-53.0091
 20
-4.6452
 30
0.0
 10
-53.0118
 20
-4.7312
 30
0.0
 10
-53.0204
 20
-4.8106
 30
0.0
 10
-53.0346
 20
-4.8834
 30
0.0
 10
-53.0485
 20
-4.956
 30
0.0
 10
-53.0662
 20
-5.027
 30
0.0
 10
-53.0875
 20
-5.0954
 30
0.0
 10
-53.1087
 20
-5.1638
 30
0.0
 10
-53.1227
 20
-5.2074
 30
0.0
 10
-53.1301
 20
-5.2258
 30
0.0
 10
-53.0961
 20
-5.1832
 30
0.0
 10
-53.0541
 20
-5.1348
 30
0.0
 10
-53.0049
 20
-5.0794
 30
0.0
 10
-52.9102
 20
-4.9776
 30
0.0
 10
-52.8245
 20
-4.9268
 30
0.0
 10
-52.7483
 20
-4.9268
 30
0.0
 10
-52.702
 20
-4.9268
 30
0.0
 10
-52.6593
 20
-4.9418
 30
0.0
 10
-52.6212
 20
-4.9713
 30
0.0
 10
-52.5818
 20
-4.9997
 30
0.0
 10
-52.5615
 20
-5.0399
 30
0.0
 10
-52.5615
 20
-5.0925
 30
0.0
 10
-52.5615
 20
-5.2279
 30
0.0
 10
-52.6417
 20
-5.3996
 30
0.0
 10
-52.8011
 20
-5.6073
 30
0.0
 10
-52.9965
 20
-5.859
 30
0.0
 10
-53.2097
 20
-5.9847
 30
0.0
 10
-53.4414
 20
-5.9847
 30
0.0
 10
-53.5812
 20
-5.9847
 30
0.0
 10
-53.6873
 20
-5.9422
 30
0.0
 10
-53.7595
 20
-5.8568
 30
0.0
 10
-53.7646
 20
-5.8732
 30
0.0
 10
-53.7695
 20
-5.8883
 30
0.0
 10
-53.7743
 20
-5.9018
 30
0.0
 10
-53.7874
 20
-5.9441
 30
0.0
 10
-53.8051
 20
-5.9944
 30
0.0
 10
-53.8285
 20
-6.0514
 30
0.0
 10
-53.8519
 20
-6.1085
 30
0.0
 10
-53.8845
 20
-6.1689
 30
0.0
 10
-53.9261
 20
-6.2326
 30
0.0
 10
-53.9679
 20
-6.2962
 30
0.0
 10
-54.0096
 20
-6.348
 30
0.0
 10
-54.052
 20
-6.3875
 30
0.0
 10
-54.1185
 20
-6.444
 30
0.0
 10
-54.1884
 20
-6.4716
 30
0.0
 10
-54.2621
 20
-6.4698
 30
0.0
 10
-54.3003
 20
-6.4687
 30
0.0
 10
-54.3349
 20
-6.459
 30
0.0
 10
-54.366
 20
-6.4405
 30
0.0
 10
-54.3954
 20
-6.4206
 30
0.0
 10
-54.423
 20
-6.3966
 30
0.0
 10
-54.4485
 20
-6.3685
 30
0.0
 10
-54.4712
 20
-6.3501
 30
0.0
 10
-54.4853
 20
-6.3383
 30
0.0
 10
-54.4908
 20
-6.3325
 30
0.0
 10
-54.5108
 20
-6.3138
 30
0.0
 10
-54.5208
 20
-6.2947
 30
0.0
 10
-54.5208
 20
-6.2752
 30
0.0
 10
-54.5208
 20
-6.2613
 30
0.0
 10
-54.5137
 20
-6.2447
 30
0.0
 10
-54.4996
 20
-6.2262
 30
0.0
 10
-54.4853
 20
-6.2078
 30
0.0
 10
-54.469
 20
-6.1873
 30
0.0
 10
-54.4509
 20
-6.1648
 30
0.0
 10
-54.4422
 20
-6.1534
 30
0.0
 10
-54.4309
 20
-6.1366
 30
0.0
 10
-54.4167
 20
-6.114
 30
0.0
 10
-54.4027
 20
-6.0914
 30
0.0
 10
-54.3901
 20
-6.0614
 30
0.0
 10
-54.3796
 20
-6.0238
 30
0.0
 10
-54.3688
 20
-5.9865
 30
0.0
 10
-54.3602
 20
-5.9373
 30
0.0
 10
-54.3531
 20
-5.8768
 30
0.0
 10
-54.3473
 20
-5.8158
 30
0.0
 10
-54.3442
 20
-5.7634
 30
0.0
 10
-54.3428
 20
-5.7198
 30
0.0
 10
-54.3428
 20
-5.7198
 30
0.0
 10
-54.3381
 20
-5.5883
 30
0.0
 10
-54.3381
 20
-5.5883
 30
0.0
 10
-54.3371
 20
-5.5431
 30
0.0
 10
-54.3371
 20
-5.4955
 30
0.0
 10
-54.3381
 20
-5.446
 30
0.0
 10
-54.3354
 20
-5.3162
 30
0.0
 10
-54.3131
 20
-5.1749
 30
0.0
 10
-54.2702
 20
-5.0222
 30
0.0
 10
-54.2408
 20
-4.9191
 30
0.0
 10
-54.1934
 20
-4.7797
 30
0.0
 10
-54.1282
 20
-4.6046
 30
0.0
 10
-54.1243
 20
-4.5933
 30
0.0
 10
-54.1199
 20
-4.5854
 30
0.0
 10
-54.1159
 20
-4.5812
 30
0.0
 10
-54.1117
 20
-4.577
 30
0.0
 10
-54.1077
 20
-4.5746
 30
0.0
 10
-54.1051
 20
-4.5746
 30
0.0
 10
-54.0951
 20
-4.5762
 30
0.0
 10
-54.0912
 20
-4.6033
 30
0.0
 10
-54.0925
 20
-4.6553
 30
0.0
 10
-54.0941
 20
-4.6811
 30
0.0
 10
-54.0967
 20
-4.7219
 30
0.0
 10
-54.1009
 20
-4.7784
 30
0.0
 10
-54.1051
 20
-4.8363
 30
0.0
 10
-54.1077
 20
-4.873
 30
0.0
 10
-54.1093
 20
-4.8886
 30
0.0
 10
-54.1093
 20
-4.8886
 30
0.0
 10
-54.1559
 20
-5.4398
 30
0.0
 10
-54.1559
 20
-5.4398
 30
0.0
 10
-54.1588
 20
-5.506
 30
0.0
 10
-54.1667
 20
-5.582
 30
0.0
 10
-54.1793
 20
-5.6667
 30
0.0
 10
-54.1934
 20
-5.7484
 30
0.0
 10
-54.2142
 20
-5.8287
 30
0.0
 10
-54.2408
 20
-5.9062
 30
0.0
 10
-54.2776
 20
-6.0207
 30
0.0
 10
-54.3249
 20
-6.1193
 30
0.0
 10
-54.3828
 20
-6.2011
 30
0.0
 10
-54.3799
 20
-6.2068
 30
0.0
 10
-54.3686
 20
-6.2095
 30
0.0
 10
-54.3489
 20
-6.2095
 30
0.0
 10
-54.3489
 20
-6.2095
 30
0.0
 10
-54.2958
 20
-6.2113
 30
0.0
 10
-54.2958
 20
-6.2113
 30
0.0
 10
-54.2182
 20
-6.2145
 30
0.0
 10
-54.1404
 20
-6.185
 30
0.0
 10
-54.0625
 20
-6.1235
 30
0.0
 10
-53.9846
 20
-6.0622
 30
0.0
 10
-53.9355
 20
-5.9973
 30
0.0
 10
-53.9144
 20
-5.9286
 30
0.0
 10
-53.8932
 20
-5.8597
 30
0.0
 10
-53.8819
 20
-5.7908
 30
0.0
 10
-53.8805
 20
-5.7217
 30
0.0
 10
-53.8705
 20
-5.562
 30
0.0
 10
-53.8629
 20
-5.4232
 30
0.0
 10
-53.8571
 20
-5.3052
 30
0.0
 10
-53.8516
 20
-5.1873
 30
0.0
 10
-53.8424
 20
-5.0913
 30
0.0
 10
-53.8306
 20
-5.018
 30
0.0
 10
-53.8187
 20
-4.9443
 30
0.0
 10
-53.7987
 20
-4.8647
 30
0.0
 10
-53.7724
 20
-4.7784
 30
0.0
 10
-53.7454
 20
-4.6921
 30
0.0
 10
-53.7028
 20
-4.5804
 30
0.0
 10
-53.6452
 20
-4.4431
 30
0.0
 10
-53.6365
 20
-4.4295
 30
0.0
 10
-53.6289
 20
-4.4236
 30
0.0
 10
-53.6218
 20
-4.4266
 30
0.0
 10
-53.6147
 20
-4.4295
 30
0.0
 10
-53.6178
 20
-4.4847
 30
0.0
 10
-53.6316
 20
-4.5928
 30
0.0
 10
-53.6449
 20
-4.7009
 30
0.0
 10
-53.6586
 20
-4.8607
 30
0.0
 10
-53.6726
 20
-5.073
 30
0.0
 10
-53.6741
 20
-5.1283
 30
0.0
 10
-53.677
 20
-5.1956
 30
0.0
 10
-53.681
 20
-5.2753
 30
0.0
  0
SPLINE
  5
CE
330
1F
100
AcDbEntity
  8
Layer 1
 62
   240
100
AcDbSpline
210
0.0
220
0.0
230
1.0
 70
    11
 71
     3
 72
   170
 73
   166
 74
     0
 42
0.0000000001
 43
0.0000000001
 40
0.0
 40
0.0
 40
0.0
 40
0.0
 40
0.0181818181818182
 40
0.0181818181818182
 40
0.0181818181818182
 40
0.0363636363636364
 40
0.0363636363636364
 40
0.0363636363636364
 40
0.0545454545454545
 40
0.0545454545454545
 40
0.0545454545454545
 40
0.0727272727272727
 40
0.0727272727272727
 40
0.0727272727272727
 40
0.0909090909090909
 40
0.0909090909090909
 40
0.0909090909090909
 40
0.1090909090909091
 40
0.1090909090909091
 40
0.1090909090909091
 40
0.1272727272727273
 40
0.1272727272727273
 40
0.1272727272727273
 40
0.1454545454545454
 40
0.1454545454545454
 40
0.1454545454545454
 40
0.1636363636363636
 40
0.1636363636363636
 40
0.1636363636363636
 40
0.1818181818181818
 40
0.1818181818181818
 40
0.1818181818181818
 40
0.2
 40
0.2
 40
0.2
 40
0.2181818181818182
 40
0.2181818181818182
 40
0.2181818181818182
 40
0.2363636363636364
 40
0.2363636363636364
 40
0.2363636363636364
 40
0.2545454545454545
 40
0.2545454545454545
 40
0.2545454545454545
 40
0.2727272727272727
 40
0.2727272727272727
 40
0.2727272727272727
 40
0.2909090909090909
 40
0.2909090909090909
 40
0.2909090909090909
 40
0.3090909090909091
 40
0.3090909090909091
 40
0.3090909090909091
 40
0.3272727272727273
 40
0.3272727272727273
 40
0.3272727272727273
 40
0.3454545454545455
 40
0.3454545454545455
 40
0.3454545454545455
 40
0.3636363636363636
 40
0.3636363636363636
 40
0.3636363636363636
 40
0.3818181818181818
 40
0.3818181818181818
 40
0.3818181818181818
 40
0.4
 40
0.4
 40
0.4
 40
0.4181818181818182
 40
0.4181818181818182
 40
0.4181818181818182
 40
0.4363636363636363
 40
0.4363636363636363
 40
0.4363636363636363
 40
0.4545454545454545
 40
0.4545454545454545
 40
0.4545454545454545
 40
0.4727272727272727
 40
0.4727272727272727
 40
0.4727272727272727
 40
0.4909090909090909
 40
0.4909090909090909
 40
0.4909090909090909
 40
0.509090909090909
 40
0.509090909090909
 40
0.509090909090909
 40
0.5272727272727272
 40
0.5272727272727272
 40
0.5272727272727272
 40
0.5454545454545454
 40
0.5454545454545454
 40
0.5454545454545454
 40
0.5636363636363636
 40
0.5636363636363636
 40
0.5636363636363636
 40
0.5818181818181818
 40
0.5818181818181818
 40
0.5818181818181818
 40
0.6
 40
0.6
 40
0.6
 40
0.6181818181818182
 40
0.6181818181818182
 40
0.6181818181818182
 40
0.6363636363636364
 40
0.6363636363636364
 40
0.6363636363636364
 40
0.6545454545454545
 40
0.6545454545454545
 40
0.6545454545454545
 40
0.6727272727272727
 40
0.6727272727272727
 40
0.6727272727272727
 40
0.6909090909090909
 40
0.6909090909090909
 40
0.6909090909090909
 40
0.7090909090909091
 40
0.7090909090909091
 40
0.7090909090909091
 40
0.7272727272727273
 40
0.7272727272727273
 40
0.7272727272727273
 40
0.7454545454545454
 40
0.7454545454545454
 40
0.7454545454545454
 40
0.7636363636363636
 40
0.7636363636363636
 40
0.7636363636363636
 40
0.7818181818181817
 40
0.7818181818181817
 40
0.7818181818181817
 40
0.7999999999999999
 40
0.7999999999999999
 40
0.7999999999999999
 40
0.8181818181818181
 40
0.8181818181818181
 40
0.8181818181818181
 40
0.8363636363636363
 40
0.8363636363636363
 40
0.8363636363636363
 40
0.8545454545454545
 40
0.8545454545454545
 40
0.8545454545454545
 40
0.8727272727272727
 40
0.8727272727272727
 40
0.8727272727272727
 40
0.8909090909090909
 40
0.8909090909090909
 40
0.8909090909090909
 40
0.9090909090909091
 40
0.9090909090909091
 40
0.9090909090909091
 40
0.9272727272727272
 40
0.9272727272727272
 40
0.9272727272727272
 40
0.9454545454545454
 40
0.9454545454545454
 40
0.9454545454545454
 40
0.9636363636363636
 40
0.9636363636363636
 40
0.9636363636363636
 40
0.9818181818181818
 40
0.9818181818181818
 40
0.9818181818181818
 40
1.0
 40
1.0
 40
1.0
 40
1.0
 10
-54.6455
 20
-4.7509
 30
0.0
 10
-54.651
 20
-4.7864
 30
0.0
 10
-54.6603
 20
-4.8206
 30
0.0
 10
-54.6724
 20
-4.8537
 30
0.0
 10
-54.6839
 20
-4.8868
 30
0.0
 10
-54.7042
 20
-4.9331
 30
0.0
 10
-54.7315
 20
-4.9923
 30
0.0
 10
-54.7591
 20
-5.052
 30
0.0
 10
-54.7757
 20
-5.0856
 30
0.0
 10
-54.7815
 20
-5.0944
 30
0.0
 10
-54.8041
 20
-5.1295
 30
0.0
 10
-54.8238
 20
-5.1472
 30
0.0
 10
-54.8407
 20
-5.1472
 30
0.0
 10
-54.8536
 20
-5.1388
 30
0.0
 10
-54.8646
 20
-5.1304
 30
0.0
 10
-54.8749
 20
-5.123
 30
0.0
 10
-54.8846
 20
-5.1151
 30
0.0
 10
-54.8938
 20
-5.1111
 30
0.0
 10
-54.9025
 20
-5.1111
 30
0.0
 10
-54.9377
 20
-5.1111
 30
0.0
 10
-54.9842
 20
-5.1259
 30
0.0
 10
-55.0424
 20
-5.1546
 30
0.0
 10
-55.1002
 20
-5.1837
 30
0.0
 10
-55.1639
 20
-5.2297
 30
0.0
 10
-55.2327
 20
-5.2934
 30
0.0
 10
-55.3021
 20
-5.3573
 30
0.0
 10
-55.3563
 20
-5.4164
 30
0.0
 10
-55.3952
 20
-5.4717
 30
0.0
 10
-55.4339
 20
-5.5266
 30
0.0
 10
-55.4536
 20
-5.565
 30
0.0
 10
-55.4536
 20
-5.5861
 30
0.0
 10
-55.4536
 20
-5.6171
 30
0.0
 10
-55.4434
 20
-5.6413
 30
0.0
 10
-55.4239
 20
-5.6581
 30
0.0
 10
-55.4071
 20
-5.6708
 30
0.0
 10
-55.3763
 20
-5.6858
 30
0.0
 10
-55.3324
 20
-5.7025
 30
0.0
 10
-55.2887
 20
-5.7199
 30
0.0
 10
-55.2598
 20
-5.7336
 30
0.0
 10
-55.2456
 20
-5.7449
 30
0.0
 10
-55.1991
 20
-5.7775
 30
0.0
 10
-55.1759
 20
-5.8412
 30
0.0
 10
-55.1759
 20
-5.9361
 30
0.0
 10
-55.1759
 20
-6.0673
 30
0.0
 10
-55.2004
 20
-6.2175
 30
0.0
 10
-55.2501
 20
-6.3865
 30
0.0
 10
-55.2992
 20
-6.5553
 30
0.0
 10
-55.3645
 20
-6.7021
 30
0.0
 10
-55.445
 20
-6.8264
 30
0.0
 10
-55.4857
 20
-6.8841
 30
0.0
 10
-55.5338
 20
-6.9421
 30
0.0
 10
-55.5893
 20
-7.0003
 30
0.0
 10
-55.6443
 20
-7.0579
 30
0.0
 10
-55.7035
 20
-7.1075
 30
0.0
 10
-55.7673
 20
-7.1483
 30
0.0
 10
-55.8891
 20
-7.229
 30
0.0
 10
-56.0287
 20
-7.2695
 30
0.0
 10
-56.187
 20
-7.2695
 30
0.0
 10
-56.3666
 20
-7.2667
 30
0.0
 10
-56.5028
 20
-7.2059
 30
0.0
 10
-56.5962
 20
-7.087
 30
0.0
 10
-56.6385
 20
-7.0263
 30
0.0
 10
-56.6677
 20
-6.9619
 30
0.0
 10
-56.684
 20
-6.894
 30
0.0
 10
-56.7003
 20
-6.8264
 30
0.0
 10
-56.7087
 20
-6.762
 30
0.0
 10
-56.7087
 20
-6.701
 30
0.0
 10
-56.7087
 20
-6.6237
 30
0.0
 10
-56.703
 20
-6.5474
 30
0.0
 10
-56.6916
 20
-6.4736
 30
0.0
 10
-56.6801
 20
-6.3994
 30
0.0
 10
-56.6627
 20
-6.3245
 30
0.0
 10
-56.6385
 20
-6.2495
 30
0.0
 10
-56.6017
 20
-6.128
 30
0.0
 10
-56.5572
 20
-6.011
 30
0.0
 10
-56.5049
 20
-5.8977
 30
0.0
 10
-56.4526
 20
-5.7846
 30
0.0
 10
-56.4102
 20
-5.6936
 30
0.0
 10
-56.3777
 20
-5.6242
 30
0.0
 10
-56.3777
 20
-5.6242
 30
0.0
 10
-56.278
 20
-5.4123
 30
0.0
 10
-56.278
 20
-5.4123
 30
0.0
 10
-56.2667
 20
-5.3883
 30
0.0
 10
-56.2546
 20
-5.3649
 30
0.0
 10
-56.2419
 20
-5.3423
 30
0.0
 10
-56.2293
 20
-5.3197
 30
0.0
 10
-56.218
 20
-5.3084
 30
0.0
 10
-56.208
 20
-5.3084
 30
0.0
 10
-56.1941
 20
-5.3084
 30
0.0
 10
-56.1868
 20
-5.3197
 30
0.0
 10
-56.186
 20
-5.3423
 30
0.0
 10
-56.1851
 20
-5.3649
 30
0.0
 10
-56.1875
 20
-5.3818
 30
0.0
 10
-56.1933
 20
-5.393
 30
0.0
 10
-56.2088
 20
-5.4341
 30
0.0
 10
-56.2225
 20
-5.4685
 30
0.0
 10
-56.2336
 20
-5.4959
 30
0.0
 10
-56.2448
 20
-5.5235
 30
0.0
 10
-56.262
 20
-5.5637
 30
0.0
 10
-56.2843
 20
-5.6158
 30
0.0
 10
-56.3072
 20
-5.6679
 30
0.0
 10
-56.3314
 20
-5.7247
 30
0.0
 10
-56.3579
 20
-5.7854
 30
0.0
 10
-56.3839
 20
-5.8462
 30
0.0
 10
-56.4053
 20
-5.8961
 30
0.0
 10
-56.4224
 20
-5.9361
 30
0.0
 10
-56.5057
 20
-6.1564
 30
0.0
 10
-56.5473
 20
-6.3218
 30
0.0
 10
-56.5473
 20
-6.4323
 30
0.0
 10
-56.5473
 20
-6.5477
 30
0.0
 10
-56.506
 20
-6.6397
 30
0.0
 10
-56.4237
 20
-6.7076
 30
0.0
 10
-56.3406
 20
-6.7755
 30
0.0
 10
-56.2243
 20
-6.8091
 30
0.0
 10
-56.075
 20
-6.8091
 30
0.0
 10
-55.9503
 20
-6.8091
 30
0.0
 10
-55.8302
 20
-6.7805
 30
0.0
 10
-55.714
 20
-6.7226
 30
0.0
 10
-55.628
 20
-6.6787
 30
0.0
 10
-55.5562
 20
-6.6256
 30
0.0
 10
-55.4978
 20
-6.5638
 30
0.0
 10
-55.44
 20
-6.5011
 30
0.0
 10
-55.3961
 20
-6.4433
 30
0.0
 10
-55.3653
 20
-6.3886
 30
0.0
 10
-55.335
 20
-6.3342
 30
0.0
 10
-55.3198
 20
-6.285
 30
0.0
 10
-55.3198
 20
-6.2411
 30
0.0
 10
-55.3198
 20
-6.2142
 30
0.0
 10
-55.3403
 20
-6.1946
 30
0.0
 10
-55.3803
 20
-6.182
 30
0.0
 10
-55.4207
 20
-6.1691
 30
0.0
 10
-55.4497
 20
-6.1604
 30
0.0
 10
-55.4673
 20
-6.1564
 30
0.0
 10
-55.4849
 20
-6.1522
 30
0.0
 10
-55.5052
 20
-6.1443
 30
0.0
 10
-55.5275
 20
-6.133
 30
0.0
 10
-55.5715
 20
-6.112
 30
0.0
 10
-55.6045
 20
-6.0851
 30
0.0
 10
-55.6272
 20
-6.0536
 30
0.0
 10
-55.6498
 20
-6.0218
 30
0.0
 10
-55.6611
 20
-5.9784
 30
0.0
 10
-55.6611
 20
-5.9232
 30
0.0
 10
-55.6611
 20
-5.8401
 30
0.0
 10
-55.6343
 20
-5.7336
 30
0.0
 10
-55.5799
 20
-5.605
 30
0.0
 10
-55.5252
 20
-5.4767
 30
0.0
 10
-55.4486
 20
-5.35
 30
0.0
 10
-55.3498
 20
-5.2258
 30
0.0
 10
-55.269
 20
-5.1238
 30
0.0
 10
-55.1956
 20
-5.0412
 30
0.0
 10
-55.1294
 20
-4.9776
 30
0.0
 10
-55.0939
 20
-4.9452
 30
0.0
 10
-55.0486
 20
-4.9082
 30
0.0
 10
-54.9932
 20
-4.8661
 30
0.0
 10
-54.9382
 20
-4.8245
 30
0.0
 10
-54.8846
 20
-4.7893
 30
0.0
 10
-54.8325
 20
-4.7593
 30
0.0
 10
-54.7686
 20
-4.7225
 30
0.0
 10
-54.7184
 20
-4.7015
 30
0.0
 10
-54.6821
 20
-4.6954
 30
0.0
 10
-54.6661
 20
-4.6954
 30
0.0
 10
-54.6555
 20
-4.702
 30
0.0
 10
-54.65
 20
-4.7147
 30
0.0
 10
-54.6443
 20
-4.7275
 30
0.0
 10
-54.6429
 20
-4.7393
 30
0.0
 10
-54.6455
 20
-4.7509
 30
0.0
  0
SPLINE
  5
CF
330
1F
100
AcDbEntity
  8
Layer 1
 62
   240
100
AcDbSpline
210
0.0
220
0.0
230
1.0
 70
    11
 71
     3
 72
    47
 73
    43
 74
     0
 42
0.0000000001
 43
0.0000000001
 40
0.0
 40
0.0
 40
0.0
 40
0.0
 40
0.0714285714285714
 40
0.0714285714285714
 40
0.0714285714285714
 40
0.1428571428571428
 40
0.1428571428571428
 40
0.1428571428571428
 40
0.2142857142857143
 40
0.2142857142857143
 40
0.2142857142857143
 40
0.2857142857142857
 40
0.2857142857142857
 40
0.2857142857142857
 40
0.3571428571428571
 40
0.3571428571428571
 40
0.3571428571428571
 40
0.4285714285714285
 40
0.4285714285714285
 40
0.4285714285714285
 40
0.5
 40
0.5
 40
0.5
 40
0.5714285714285714
 40
0.5714285714285714
 40
0.5714285714285714
 40
0.6428571428571428
 40
0.6428571428571428
 40
0.6428571428571428
 40
0.7142857142857142
 40
0.7142857142857142
 40
0.7142857142857142
 40
0.7857142857142857
 40
0.7857142857142857
 40
0.7857142857142857
 40
0.8571428571428571
 40
0.8571428571428571
 40
0.8571428571428571
 40
0.9285714285714285
 40
0.9285714285714285
 40
0.9285714285714285
 40
1.0
 40
1.0
 40
1.0
 40
1.0
 10
-71.1137
 20
-10.7846
 30
0.0
 10
-71.1137
 20
-10.7846
 30
0.0
 10
-71.0842
 20
-10.7572
 30
0.0
 10
-71.0842
 20
-10.7572
 30
0.0
 10
-70.9585
 20
-10.6408
 30
0.0
 10
-70.9477
 20
-10.4515
 30
0.0
 10
-71.0597
 20
-10.3226
 30
0.0
 10
-71.0597
 20
-10.3226
 30
0.0
 10
-71.3585
 20
-9.9789
 30
0.0
 10
-71.3585
 20
-9.9789
 30
0.0
 10
-71.4784
 20
-9.8403
 30
0.0
 10
-71.694
 20
-9.8235
 30
0.0
 10
-71.836
 20
-9.941
 30
0.0
 10
-71.836
 20
-9.941
 30
0.0
 10
-72.0966
 20
-10.157
 30
0.0
 10
-72.0966
 20
-10.157
 30
0.0
 10
-72.1865
 20
-10.2314
 30
0.0
 10
-72.2278
 20
-10.3447
 30
0.0
 10
-72.2068
 20
-10.4567
 30
0.0
 10
-72.0945
 20
-11.0584
 30
0.0
 10
-71.5854
 20
-12.9238
 30
0.0
 10
-69.5951
 20
-12.9398
 30
0.0
 10
-69.55
 20
-12.9404
 30
0.0
 10
-69.4209
 20
-12.842
 30
0.0
 10
-69.2992
 20
-12.74
 30
0.0
 10
-69.1564
 20
-12.6201
 30
0.0
 10
-69.1449
 20
-12.4116
 30
0.0
 10
-69.2748
 20
-12.2793
 30
0.0
 10
-69.2748
 20
-12.2793
 30
0.0
 10
-69.6469
 20
-11.8993
 30
0.0
 10
-69.6469
 20
-11.8993
 30
0.0
 10
-69.776
 20
-11.7681
 30
0.0
 10
-69.9927
 20
-11.7639
 30
0.0
 10
-70.1268
 20
-11.8899
 30
0.0
 10
-70.2464
 20
-12.0026
 30
0.0
 10
-70.4339
 20
-12.0142
 30
0.0
 10
-70.5669
 20
-11.9159
 30
0.0
 10
-70.7271
 20
-11.7975
 30
0.0
 10
-70.9438
 20
-11.5775
 30
0.0
 10
-71.1741
 20
-11.1704
 30
0.0
 10
-71.2459
 20
-11.0434
 30
0.0
 10
-71.222
 20
-10.8851
 30
0.0
 10
-71.1137
 20
-10.7846
 30
0.0
  0
SPLINE
  5
D0
330
1F
100
AcDbEntity
  8
Layer 1
 62
   240
100
AcDbSpline
210
0.0
220
0.0
230
1.0
 70
    11
 71
     3
 72
    29
 73
    25
 74
     0
 42
0.0000000001
 43
0.0000000001
 40
0.0
 40
0.0
 40
0.0
 40
0.0
 40
0.125
 40
0.125
 40
0.125
 40
0.25
 40
0.25
 40
0.25
 40
0.375
 40
0.375
 40
0.375
 40
0.5
 40
0.5
 40
0.5
 40
0.625
 40
0.625
 40
0.625
 40
0.75
 40
0.75
 40
0.75
 40
0.875
 40
0.875
 40
0.875
 40
1.0
 40
1.0
 40
1.0
 40
1.0
 10
-66.9349
 20
-12.2661
 30
0.0
 10
-66.8263
 20
-12.2661
 30
0.0
 10
-66.7385
 20
-12.2327
 30
0.0
 10
-66.6717
 20
-12.1659
 30
0.0
 10
-66.6049
 20
-12.0991
 30
0.0
 10
-66.5594
 20
-12.0055
 30
0.0
 10
-66.5352
 20
-11.8853
 30
0.0
 10
-66.5113
 20
-11.7652
 30
0.0
 10
-66.4992
 20
-11.5992
 30
0.0
 10
-66.4992
 20
-11.3867
 30
0.0
 10
-66.4992
 20
-11.2113
 30
0.0
 10
-66.5289
 20
-11.0447
 30
0.0
 10
-66.5878
 20
-10.8871
 30
0.0
 10
-66.6467
 20
-10.7291
 30
0.0
 10
-66.76
 20
-10.6504
 30
0.0
 10
-66.927
 20
-10.6504
 30
0.0
 10
-67.2176
 20
-10.6504
 30
0.0
 10
-67.3628
 20
-10.9189
 30
0.0
 10
-67.3628
 20
-11.4559
 30
0.0
 10
-67.3628
 20
-11.6994
 30
0.0
 10
-67.332
 20
-11.8953
 30
0.0
 10
-67.2702
 20
-12.0436
 30
0.0
 10
-67.2087
 20
-12.1922
 30
0.0
 10
-67.0969
 20
-12.2661
 30
0.0
 10
-66.9349
 20
-12.2661
 30
0.0
  0
SPLINE
  5
D1
330
1F
100
AcDbEntity
  8
Layer 1
 62
   240
100
AcDbSpline
210
0.0
220
0.0
230
1.0
 70
    11
 71
     3
 72
    35
 73
    31
 74
     0
 42
0.0000000001
 43
0.0000000001
 40
0.0
 40
0.0
 40
0.0
 40
0.0
 40
0.1
 40
0.1
 40
0.1
 40
0.2
 40
0.2
 40
0.2
 40
0.3
 40
0.3
 40
0.3
 40
0.4
 40
0.4
 40
0.4
 40
0.5
 40
0.5
 40
0.5
 40
0.6000000000000001
 40
0.6000000000000001
 40
0.6000000000000001
 40
0.7000000000000001
 40
0.7000000000000001
 40
0.7000000000000001
 40
0.8
 40
0.8
 40
0.8
 40
0.9
 40
0.9
 40
0.9
 40
1.0
 40
1.0
 40
1.0
 40
1.0
 10
-66.9333
 20
-12.5685
 30
0.0
 10
-67.1955
 20
-12.5685
 30
0.0
 10
-67.3977
 20
-12.467
 30
0.0
 10
-67.5397
 20
-12.2637
 30
0.0
 10
-67.682
 20
-12.0607
 30
0.0
 10
-67.753
 20
-11.8022
 30
0.0
 10
-67.753
 20
-11.4888
 30
0.0
 10
-67.753
 20
-11.1506
 30
0.0
 10
-67.6786
 20
-10.8784
 30
0.0
 10
-67.5295
 20
-10.6723
 30
0.0
 10
-67.3806
 20
-10.4667
 30
0.0
 10
-67.181
 20
-10.3636
 30
0.0
 10
-66.9302
 20
-10.3636
 30
0.0
 10
-66.7495
 20
-10.3636
 30
0.0
 10
-66.5968
 20
-10.412
 30
0.0
 10
-66.4719
 20
-10.5084
 30
0.0
 10
-66.3472
 20
-10.6055
 30
0.0
 10
-66.2541
 20
-10.7396
 30
0.0
 10
-66.1929
 20
-10.9116
 30
0.0
 10
-66.1318
 20
-11.0833
 30
0.0
 10
-66.1013
 20
-11.2445
 30
0.0
 10
-66.1013
 20
-11.3949
 30
0.0
 10
-66.1013
 20
-11.6468
 30
0.0
 10
-66.13
 20
-11.8535
 30
0.0
 10
-66.1873
 20
-12.0144
 30
0.0
 10
-66.2449
 20
-12.1759
 30
0.0
 10
-66.3362
 20
-12.3087
 30
0.0
 10
-66.4616
 20
-12.4128
 30
0.0
 10
-66.587
 20
-12.5167
 30
0.0
 10
-66.7443
 20
-12.5685
 30
0.0
 10
-66.9333
 20
-12.5685
 30
0.0
  0
SPLINE
  5
D2
330
1F
100
AcDbEntity
  8
Layer 1
 62
   240
100
AcDbSpline
210
0.0
220
0.0
230
1.0
 70
    11
 71
     3
 72
    29
 73
    25
 74
     0
 42
0.0000000001
 43
0.0000000001
 40
0.0
 40
0.0
 40
0.0
 40
0.0
 40
0.125
 40
0.125
 40
0.125
 40
0.25
 40
0.25
 40
0.25
 40
0.375
 40
0.375
 40
0.375
 40
0.5
 40
0.5
 40
0.5
 40
0.625
 40
0.625
 40
0.625
 40
0.75
 40
0.75
 40
0.75
 40
0.875
 40
0.875
 40
0.875
 40
1.0
 40
1.0
 40
1.0
 40
1.0
 10
-65.896
 20
-10.3963
 30
0.0
 10
-65.896
 20
-10.3963
 30
0.0
 10
-64.3774
 20
-10.3963
 30
0.0
 10
-64.3774
 20
-10.3963
 30
0.0
 10
-64.3774
 20
-10.3963
 30
0.0
 10
-64.3774
 20
-10.6691
 30
0.0
 10
-64.3774
 20
-10.6691
 30
0.0
 10
-64.6409
 20
-11.0109
 30
0.0
 10
-64.8154
 20
-11.3072
 30
0.0
 10
-64.9017
 20
-11.5578
 30
0.0
 10
-64.9877
 20
-11.8087
 30
0.0
 10
-65.0397
 20
-12.1342
 30
0.0
 10
-65.0576
 20
-12.5358
 30
0.0
 10
-65.0576
 20
-12.5358
 30
0.0
 10
-65.4978
 20
-12.5358
 30
0.0
 10
-65.4978
 20
-12.5358
 30
0.0
 10
-65.4615
 20
-11.8429
 30
0.0
 10
-65.197
 20
-11.2404
 30
0.0
 10
-64.705
 20
-10.7274
 30
0.0
 10
-64.705
 20
-10.7274
 30
0.0
 10
-65.9288
 20
-10.7274
 30
0.0
 10
-65.9288
 20
-10.7274
 30
0.0
 10
-65.9288
 20
-10.7274
 30
0.0
 10
-65.896
 20
-10.3963
 30
0.0
 10
-65.896
 20
-10.3963
 30
0.0
  0
SPLINE
  5
D3
330
1F
100
AcDbEntity
  8
Layer 1
 62
   240
100
AcDbSpline
210
0.0
220
0.0
230
1.0
 70
    11
 71
     3
 72
    44
 73
    40
 74
     0
 42
0.0000000001
 43
0.0000000001
 40
0.0
 40
0.0
 40
0.0
 40
0.0
 40
0.0769230769230769
 40
0.0769230769230769
 40
0.0769230769230769
 40
0.1538461538461539
 40
0.1538461538461539
 40
0.1538461538461539
 40
0.2307692307692308
 40
0.2307692307692308
 40
0.2307692307692308
 40
0.3076923076923077
 40
0.3076923076923077
 40
0.3076923076923077
 40
0.3846153846153846
 40
0.3846153846153846
 40
0.3846153846153846
 40
0.4615384615384616
 40
0.4615384615384616
 40
0.4615384615384616
 40
0.5384615384615385
 40
0.5384615384615385
 40
0.5384615384615385
 40
0.6153846153846154
 40
0.6153846153846154
 40
0.6153846153846154
 40
0.6923076923076923
 40
0.6923076923076923
 40
0.6923076923076923
 40
0.7692307692307693
 40
0.7692307692307693
 40
0.7692307692307693
 40
0.8461538461538463
 40
0.8461538461538463
 40
0.8461538461538463
 40
0.9230769230769231
 40
0.9230769230769231
 40
0.9230769230769231
 40
1.0
 40
1.0
 40
1.0
 40
1.0
 10
-62.5265
 20
-12.5358
 30
0.0
 10
-62.5265
 20
-12.5358
 30
0.0
 10
-64.1643
 20
-12.5358
 30
0.0
 10
-64.1643
 20
-12.5358
 30
0.0
 10
-64.1643
 20
-12.5358
 30
0.0
 10
-64.1643
 20
-12.2207
 30
0.0
 10
-64.1643
 20
-12.2207
 30
0.0
 10
-64.1643
 20
-12.2207
 30
0.0
 10
-63.5199
 20
-12.2207
 30
0.0
 10
-63.5199
 20
-12.2207
 30
0.0
 10
-63.5199
 20
-12.2207
 30
0.0
 10
-63.5199
 20
-10.8699
 30
0.0
 10
-63.5199
 20
-10.8699
 30
0.0
 10
-63.7343
 20
-11.0568
 30
0.0
 10
-63.9292
 20
-11.1852
 30
0.0
 10
-64.1045
 20
-11.2556
 30
0.0
 10
-64.1045
 20
-11.2556
 30
0.0
 10
-64.1045
 20
-10.8699
 30
0.0
 10
-64.1045
 20
-10.8699
 30
0.0
 10
-63.9259
 20
-10.8017
 30
0.0
 10
-63.8142
 20
-10.7537
 30
0.0
 10
-63.7693
 20
-10.725
 30
0.0
 10
-63.7243
 20
-10.696
 30
0.0
 10
-63.6586
 20
-10.6432
 30
0.0
 10
-63.5717
 20
-10.5651
 30
0.0
 10
-63.4853
 20
-10.4872
 30
0.0
 10
-63.424
 20
-10.4163
 30
0.0
 10
-63.3885
 20
-10.3526
 30
0.0
 10
-63.3885
 20
-10.3526
 30
0.0
 10
-63.1313
 20
-10.3526
 30
0.0
 10
-63.1313
 20
-10.3526
 30
0.0
 10
-63.1313
 20
-10.3526
 30
0.0
 10
-63.1313
 20
-12.2207
 30
0.0
 10
-63.1313
 20
-12.2207
 30
0.0
 10
-63.1313
 20
-12.2207
 30
0.0
 10
-62.5265
 20
-12.2207
 30
0.0
 10
-62.5265
 20
-12.2207
 30
0.0
 10
-62.5265
 20
-12.2207
 30
0.0
 10
-62.5265
 20
-12.5358
 30
0.0
 10
-62.5265
 20
-12.5358
 30
0.0
  0
SPLINE
  5
D4
330
1F
100
AcDbEntity
  8
Layer 1
 62
   240
100
AcDbSpline
210
0.0
220
0.0
230
1.0
 70
    11
 71
     3
 72
    17
 73
    13
 74
     0
 42
0.0000000001
 43
0.0000000001
 40
0.0
 40
0.0
 40
0.0
 40
0.0
 40
0.25
 40
0.25
 40
0.25
 40
0.5
 40
0.5
 40
0.5
 40
0.75
 40
0.75
 40
0.75
 40
1.0
 40
1.0
 40
1.0
 40
1.0
 10
-62.5016
 20
-12.7034
 30
0.0
 10
-62.5016
 20
-12.7034
 30
0.0
 10
-60.8967
 20
-12.7034
 30
0.0
 10
-60.8967
 20
-12.7034
 30
0.0
 10
-60.8967
 20
-12.7034
 30
0.0
 10
-60.8967
 20
-13.0292
 30
0.0
 10
-60.8967
 20
-13.0292
 30
0.0
 10
-60.8967
 20
-13.0292
 30
0.0
 10
-62.5016
 20
-13.0292
 30
0.0
 10
-62.5016
 20
-13.0292
 30
0.0
 10
-62.5016
 20
-13.0292
 30
0.0
 10
-62.5016
 20
-12.7034
 30
0.0
 10
-62.5016
 20
-12.7034
 30
0.0
  0
SPLINE
  5
D5
330
1F
100
AcDbEntity
  8
Layer 1
 62
   240
100
AcDbSpline
210
0.0
220
0.0
230
1.0
 70
    11
 71
     3
 72
    65
 73
    61
 74
     0
 42
0.0000000001
 43
0.0000000001
 40
0.0
 40
0.0
 40
0.0
 40
0.0
 40
0.05
 40
0.05
 40
0.05
 40
0.1
 40
0.1
 40
0.1
 40
0.15
 40
0.15
 40
0.15
 40
0.2
 40
0.2
 40
0.2
 40
0.25
 40
0.25
 40
0.25
 40
0.3
 40
0.3
 40
0.3
 40
0.35
 40
0.35
 40
0.35
 40
0.4
 40
0.4
 40
0.4
 40
0.45
 40
0.45
 40
0.45
 40
0.5
 40
0.5
 40
0.5
 40
0.55
 40
0.55
 40
0.55
 40
0.6000000000000001
 40
0.6000000000000001
 40
0.6000000000000001
 40
0.65
 40
0.65
 40
0.65
 40
0.7000000000000001
 40
0.7000000000000001
 40
0.7000000000000001
 40
0.75
 40
0.75
 40
0.75
 40
0.8
 40
0.8
 40
0.8
 40
0.8500000000000001
 40
0.8500000000000001
 40
0.8500000000000001
 40
0.9
 40
0.9
 40
0.9
 40
0.9500000000000001
 40
0.9500000000000001
 40
0.9500000000000001
 40
1.0
 40
1.0
 40
1.0
 40
1.0
 10
-60.5566
 20
-10.3963
 30
0.0
 10
-60.5566
 20
-10.3963
 30
0.0
 10
-59.2261
 20
-10.3963
 30
0.0
 10
-59.2261
 20
-10.3963
 30
0.0
 10
-59.2261
 20
-10.3963
 30
0.0
 10
-59.2607
 20
-10.7274
 30
0.0
 10
-59.2607
 20
-10.7274
 30
0.0
 10
-59.2607
 20
-10.7274
 30
0.0
 10
-60.2745
 20
-10.7274
 30
0.0
 10
-60.2745
 20
-10.7274
 30
0.0
 10
-60.2745
 20
-10.7274
 30
0.0
 10
-60.3342
 20
-11.3477
 30
0.0
 10
-60.3342
 20
-11.3477
 30
0.0
 10
-60.2056
 20
-11.1839
 30
0.0
 10
-60.0378
 20
-11.1018
 30
0.0
 10
-59.8309
 20
-11.1018
 30
0.0
 10
-59.6252
 20
-11.1018
 30
0.0
 10
-59.4517
 20
-11.1729
 30
0.0
 10
-59.3099
 20
-11.3149
 30
0.0
 10
-59.1684
 20
-11.4571
 30
0.0
 10
-59.0977
 20
-11.6259
 30
0.0
 10
-59.0977
 20
-11.8211
 30
0.0
 10
-59.0977
 20
-12.0249
 30
0.0
 10
-59.1716
 20
-12.2002
 30
0.0
 10
-59.3202
 20
-12.3475
 30
0.0
 10
-59.4685
 20
-12.4948
 30
0.0
 10
-59.6723
 20
-12.5686
 30
0.0
 10
-59.9313
 20
-12.5686
 30
0.0
 10
-60.1372
 20
-12.5686
 30
0.0
 10
-60.317
 20
-12.5211
 30
0.0
 10
-60.4712
 20
-12.4259
 30
0.0
 10
-60.6253
 20
-12.3309
 30
0.0
 10
-60.7254
 20
-12.1831
 30
0.0
 10
-60.7712
 20
-11.9825
 30
0.0
 10
-60.7712
 20
-11.9825
 30
0.0
 10
-60.4015
 20
-11.9278
 30
0.0
 10
-60.4015
 20
-11.9278
 30
0.0
 10
-60.3294
 20
-12.1458
 30
0.0
 10
-60.1795
 20
-12.2552
 30
0.0
 10
-59.9518
 20
-12.2552
 30
0.0
 10
-59.8116
 20
-12.2552
 30
0.0
 10
-59.7039
 20
-12.2126
 30
0.0
 10
-59.6281
 20
-12.1282
 30
0.0
 10
-59.5524
 20
-12.0438
 30
0.0
 10
-59.5145
 20
-11.9412
 30
0.0
 10
-59.5145
 20
-11.8211
 30
0.0
 10
-59.5145
 20
-11.7019
 30
0.0
 10
-59.5521
 20
-11.6015
 30
0.0
 10
-59.6273
 20
-11.5194
 30
0.0
 10
-59.7025
 20
-11.4374
 30
0.0
 10
-59.8003
 20
-11.3966
 30
0.0
 10
-59.9206
 20
-11.3966
 30
0.0
 10
-60.102
 20
-11.3966
 30
0.0
 10
-60.24
 20
-11.4794
 30
0.0
 10
-60.3342
 20
-11.6454
 30
0.0
 10
-60.3342
 20
-11.6454
 30
0.0
 10
-60.6789
 20
-11.5781
 30
0.0
 10
-60.6789
 20
-11.5781
 30
0.0
 10
-60.6789
 20
-11.5781
 30
0.0
 10
-60.5566
 20
-10.3963
 30
0.0
 10
-60.5566
 20
-10.3963
 30
0.0
  0
SPLINE
  5
D6
330
1F
100
AcDbEntity
  8
Layer 1
 62
   240
100
AcDbSpline
210
0.0
220
0.0
230
1.0
 70
    11
 71
     3
 72
    56
 73
    52
 74
     0
 42
0.0000000001
 43
0.0000000001
 40
0.0
 40
0.0
 40
0.0
 40
0.0
 40
0.0588235294117647
 40
0.0588235294117647
 40
0.0588235294117647
 40
0.1176470588235294
 40
0.1176470588235294
 40
0.1176470588235294
 40
0.1764705882352941
 40
0.1764705882352941
 40
0.1764705882352941
 40
0.2352941176470588
 40
0.2352941176470588
 40
0.2352941176470588
 40
0.2941176470588235
 40
0.2941176470588235
 40
0.2941176470588235
 40
0.3529411764705882
 40
0.3529411764705882
 40
0.3529411764705882
 40
0.4117647058823529
 40
0.4117647058823529
 40
0.4117647058823529
 40
0.4705882352941176
 40
0.4705882352941176
 40
0.4705882352941176
 40
0.5294117647058824
 40
0.5294117647058824
 40
0.5294117647058824
 40
0.5882352941176471
 40
0.5882352941176471
 40
0.5882352941176471
 40
0.6470588235294118
 40
0.6470588235294118
 40
0.6470588235294118
 40
0.7058823529411764
 40
0.7058823529411764
 40
0.7058823529411764
 40
0.7647058823529411
 40
0.7647058823529411
 40
0.7647058823529411
 40
0.8235294117647058
 40
0.8235294117647058
 40
0.8235294117647058
 40
0.8823529411764706
 40
0.8823529411764706
 40
0.8823529411764706
 40
0.9411764705882353
 40
0.9411764705882353
 40
0.9411764705882353
 40
1.0
 40
1.0
 40
1.0
 40
1.0
 10
-57.3034
 20
-12.2019
 30
0.0
 10
-57.3034
 20
-12.2019
 30
0.0
 10
-57.3034
 20
-12.5358
 30
0.0
 10
-57.3034
 20
-12.5358
 30
0.0
 10
-57.3034
 20
-12.5358
 30
0.0
 10
-58.8798
 20
-12.5358
 30
0.0
 10
-58.8798
 20
-12.5358
 30
0.0
 10
-58.8798
 20
-12.5358
 30
0.0
 10
-58.8798
 20
-12.1611
 30
0.0
 10
-58.8798
 20
-12.1611
 30
0.0
 10
-58.8798
 20
-12.1611
 30
0.0
 10
-58.2248
 20
-11.7254
 30
0.0
 10
-58.2248
 20
-11.7254
 30
0.0
 10
-58.021
 20
-11.5897
 30
0.0
 10
-57.8843
 20
-11.4692
 30
0.0
 10
-57.8141
 20
-11.3641
 30
0.0
 10
-57.7444
 20
-11.2594
 30
0.0
 10
-57.7091
 20
-11.1629
 30
0.0
 10
-57.7091
 20
-11.0754
 30
0.0
 10
-57.7091
 20
-10.9694
 30
0.0
 10
-57.7444
 20
-10.881
 30
0.0
 10
-57.8141
 20
-10.8087
 30
0.0
 10
-57.8843
 20
-10.7367
 30
0.0
 10
-57.9752
 20
-10.7007
 30
0.0
 10
-58.0867
 20
-10.7007
 30
0.0
 10
-58.3313
 20
-10.7007
 30
0.0
 10
-58.4719
 20
-10.8492
 30
0.0
 10
-58.5085
 20
-11.1474
 30
0.0
 10
-58.5085
 20
-11.1474
 30
0.0
 10
-58.8798
 20
-11.0548
 30
0.0
 10
-58.8798
 20
-11.0548
 30
0.0
 10
-58.8517
 20
-10.8644
 30
0.0
 10
-58.767
 20
-10.7019
 30
0.0
 10
-58.6268
 20
-10.5665
 30
0.0
 10
-58.4862
 20
-10.4313
 30
0.0
 10
-58.3021
 20
-10.3635
 30
0.0
 10
-58.0743
 20
-10.3635
 30
0.0
 10
-57.8382
 20
-10.3635
 30
0.0
 10
-57.6495
 20
-10.4308
 30
0.0
 10
-57.5085
 20
-10.5649
 30
0.0
 10
-57.3676
 20
-10.699
 30
0.0
 10
-57.2973
 20
-10.8699
 30
0.0
 10
-57.2973
 20
-11.0766
 30
0.0
 10
-57.2973
 20
-11.2597
 30
0.0
 10
-57.3599
 20
-11.4227
 30
0.0
 10
-57.4848
 20
-11.5663
 30
0.0
 10
-57.6105
 20
-11.7101
 30
0.0
 10
-57.9213
 20
-11.9221
 30
0.0
 10
-58.4175
 20
-12.2019
 30
0.0
 10
-58.4175
 20
-12.2019
 30
0.0
 10
-57.3034
 20
-12.2019
 30
0.0
 10
-57.3034
 20
-12.2019
 30
0.0
  0
SPLINE
  5
D7
330
1F
100
AcDbEntity
  8
Layer 1
 62
   240
100
AcDbSpline
210
0.0
220
0.0
230
1.0
 70
    11
 71
     3
 72
    20
 73
    16
 74
     0
 42
0.0000000001
 43
0.0000000001
 40
0.0
 40
0.0
 40
0.0
 40
0.0
 40
0.2
 40
0.2
 40
0.2
 40
0.4
 40
0.4
 40
0.4
 40
0.6000000000000001
 40
0.6000000000000001
 40
0.6000000000000001
 40
0.8
 40
0.8
 40
0.8
 40
1.0
 40
1.0
 40
1.0
 40
1.0
 10
-56.1359
 20
-10.7554
 30
0.0
 10
-56.1359
 20
-10.7554
 30
0.0
 10
-56.7423
 20
-11.721
 30
0.0
 10
-56.7423
 20
-11.721
 30
0.0
 10
-56.7423
 20
-11.721
 30
0.0
 10
-56.1638
 20
-11.721
 30
0.0
 10
-56.1638
 20
-11.721
 30
0.0
 10
-56.1638
 20
-11.721
 30
0.0
 10
-56.1638
 20
-11.1301
 30
0.0
 10
-56.1638
 20
-11.1301
 30
0.0
 10
-56.1638
 20
-11.0675
 30
0.0
 10
-56.161
 20
-11.011
 30
0.0
 10
-56.1547
 20
-10.9604
 30
0.0
 10
-56.1547
 20
-10.9604
 30
0.0
 10
-56.1359
 20
-10.7554
 30
0.0
 10
-56.1359
 20
-10.7554
 30
0.0
  0
SPLINE
  5
D8
330
1F
100
AcDbEntity
  8
Layer 1
 62
   240
100
AcDbSpline
210
0.0
220
0.0
230
1.0
 70
    11
 71
     3
 72
    38
 73
    34
 74
     0
 42
0.0000000001
 43
0.0000000001
 40
0.0
 40
0.0
 40
0.0
 40
0.0
 40
0.0909090909090909
 40
0.0909090909090909
 40
0.0909090909090909
 40
0.1818181818181818
 40
0.1818181818181818
 40
0.1818181818181818
 40
0.2727272727272727
 40
0.2727272727272727
 40
0.2727272727272727
 40
0.3636363636363636
 40
0.3636363636363636
 40
0.3636363636363636
 40
0.4545454545454546
 40
0.4545454545454546
 40
0.4545454545454546
 40
0.5454545454545454
 40
0.5454545454545454
 40
0.5454545454545454
 40
0.6363636363636364
 40
0.6363636363636364
 40
0.6363636363636364
 40
0.7272727272727273
 40
0.7272727272727273
 40
0.7272727272727273
 40
0.8181818181818182
 40
0.8181818181818182
 40
0.8181818181818182
 40
0.9090909090909092
 40
0.9090909090909092
 40
0.9090909090909092
 40
1.0
 40
1.0
 40
1.0
 40
1.0
 10
-55.7676
 20
-12.5358
 30
0.0
 10
-55.7676
 20
-12.5358
 30
0.0
 10
-56.1638
 20
-12.5358
 30
0.0
 10
-56.1638
 20
-12.5358
 30
0.0
 10
-56.1638
 20
-12.5358
 30
0.0
 10
-56.1638
 20
-12.0499
 30
0.0
 10
-56.1638
 20
-12.0499
 30
0.0
 10
-56.1638
 20
-12.0499
 30
0.0
 10
-57.1139
 20
-12.0499
 30
0.0
 10
-57.1139
 20
-12.0499
 30
0.0
 10
-57.1139
 20
-12.0499
 30
0.0
 10
-57.1139
 20
-11.7678
 30
0.0
 10
-57.1139
 20
-11.7678
 30
0.0
 10
-57.1139
 20
-11.7678
 30
0.0
 10
-56.1638
 20
-10.3528
 30
0.0
 10
-56.1638
 20
-10.3528
 30
0.0
 10
-56.1638
 20
-10.3528
 30
0.0
 10
-55.7676
 20
-10.3528
 30
0.0
 10
-55.7676
 20
-10.3528
 30
0.0
 10
-55.7676
 20
-10.3528
 30
0.0
 10
-55.7676
 20
-11.721
 30
0.0
 10
-55.7676
 20
-11.721
 30
0.0
 10
-55.7676
 20
-11.721
 30
0.0
 10
-55.4462
 20
-11.721
 30
0.0
 10
-55.4462
 20
-11.721
 30
0.0
 10
-55.4462
 20
-11.721
 30
0.0
 10
-55.4462
 20
-12.0499
 30
0.0
 10
-55.4462
 20
-12.0499
 30
0.0
 10
-55.4462
 20
-12.0499
 30
0.0
 10
-55.7676
 20
-12.0499
 30
0.0
 10
-55.7676
 20
-12.0499
 30
0.0
 10
-55.7676
 20
-12.0499
 30
0.0
 10
-55.7676
 20
-12.5358
 30
0.0
 10
-55.7676
 20
-12.5358
 30
0.0
  0
SPLINE
  5
D9
330
1F
100
AcDbEntity
  8
Layer 1
 62
   240
100
AcDbSpline
210
0.0
220
0.0
230
1.0
 70
    11
 71
     3
 72
    20
 73
    16
 74
     0
 42
0.0000000001
 43
0.0000000001
 40
0.0
 40
0.0
 40
0.0
 40
0.0
 40
0.2
 40
0.2
 40
0.2
 40
0.4
 40
0.4
 40
0.4
 40
0.6000000000000001
 40
0.6000000000000001
 40
0.6000000000000001
 40
0.8
 40
0.8
 40
0.8
 40
1.0
 40
1.0
 40
1.0
 40
1.0
 10
-54.2537
 20
-10.7554
 30
0.0
 10
-54.2537
 20
-10.7554
 30
0.0
 10
-54.86
 20
-11.721
 30
0.0
 10
-54.86
 20
-11.721
 30
0.0
 10
-54.86
 20
-11.721
 30
0.0
 10
-54.2815
 20
-11.721
 30
0.0
 10
-54.2815
 20
-11.721
 30
0.0
 10
-54.2815
 20
-11.721
 30
0.0
 10
-54.2815
 20
-11.1301
 30
0.0
 10
-54.2815
 20
-11.1301
 30
0.0
 10
-54.2815
 20
-11.0675
 30
0.0
 10
-54.2786
 20
-11.011
 30
0.0
 10
-54.2723
 20
-10.9604
 30
0.0
 10
-54.2723
 20
-10.9604
 30
0.0
 10
-54.2537
 20
-10.7554
 30
0.0
 10
-54.2537
 20
-10.7554
 30
0.0
  0
SPLINE
  5
DA
330
1F
100
AcDbEntity
  8
Layer 1
 62
   240
100
AcDbSpline
210
0.0
220
0.0
230
1.0
 70
    11
 71
     3
 72
    38
 73
    34
 74
     0
 42
0.0000000001
 43
0.0000000001
 40
0.0
 40
0.0
 40
0.0
 40
0.0
 40
0.0909090909090909
 40
0.0909090909090909
 40
0.0909090909090909
 40
0.1818181818181818
 40
0.1818181818181818
 40
0.1818181818181818
 40
0.2727272727272727
 40
0.2727272727272727
 40
0.2727272727272727
 40
0.3636363636363636
 40
0.3636363636363636
 40
0.3636363636363636
 40
0.4545454545454546
 40
0.4545454545454546
 40
0.4545454545454546
 40
0.5454545454545454
 40
0.5454545454545454
 40
0.5454545454545454
 40
0.6363636363636364
 40
0.6363636363636364
 40
0.6363636363636364
 40
0.7272727272727273
 40
0.7272727272727273
 40
0.7272727272727273
 40
0.8181818181818182
 40
0.8181818181818182
 40
0.8181818181818182
 40
0.9090909090909092
 40
0.9090909090909092
 40
0.9090909090909092
 40
1.0
 40
1.0
 40
1.0
 40
1.0
 10
-53.8852
 20
-12.5358
 30
0.0
 10
-53.8852
 20
-12.5358
 30
0.0
 10
-54.2815
 20
-12.5358
 30
0.0
 10
-54.2815
 20
-12.5358
 30
0.0
 10
-54.2815
 20
-12.5358
 30
0.0
 10
-54.2815
 20
-12.0499
 30
0.0
 10
-54.2815
 20
-12.0499
 30
0.0
 10
-54.2815
 20
-12.0499
 30
0.0
 10
-55.2316
 20
-12.0499
 30
0.0
 10
-55.2316
 20
-12.0499
 30
0.0
 10
-55.2316
 20
-12.0499
 30
0.0
 10
-55.2316
 20
-11.7678
 30
0.0
 10
-55.2316
 20
-11.7678
 30
0.0
 10
-55.2316
 20
-11.7678
 30
0.0
 10
-54.2815
 20
-10.3528
 30
0.0
 10
-54.2815
 20
-10.3528
 30
0.0
 10
-54.2815
 20
-10.3528
 30
0.0
 10
-53.8852
 20
-10.3528
 30
0.0
 10
-53.8852
 20
-10.3528
 30
0.0
 10
-53.8852
 20
-10.3528
 30
0.0
 10
-53.8852
 20
-11.721
 30
0.0
 10
-53.8852
 20
-11.721
 30
0.0
 10
-53.8852
 20
-11.721
 30
0.0
 10
-53.5639
 20
-11.721
 30
0.0
 10
-53.5639
 20
-11.721
 30
0.0
 10
-53.5639
 20
-11.721
 30
0.0
 10
-53.5639
 20
-12.0499
 30
0.0
 10
-53.5639
 20
-12.0499
 30
0.0
 10
-53.5639
 20
-12.0499
 30
0.0
 10
-53.8852
 20
-12.0499
 30
0.0
 10
-53.8852
 20
-12.0499
 30
0.0
 10
-53.8852
 20
-12.0499
 30
0.0
 10
-53.8852
 20
-12.5358
 30
0.0
 10
-53.8852
 20
-12.5358
 30
0.0
  0
SPLINE
  5
DB
330
1F
100
AcDbEntity
  8
Layer 1
 62
   240
100
AcDbSpline
210
0.0
220
0.0
230
1.0
 70
    11
 71
     3
 72
    26
 73
    22
 74
     0
 42
0.0000000001
 43
0.0000000001
 40
0.0
 40
0.0
 40
0.0
 40
0.0
 40
0.1428571428571428
 40
0.1428571428571428
 40
0.1428571428571428
 40
0.2857142857142857
 40
0.2857142857142857
 40
0.2857142857142857
 40
0.4285714285714285
 40
0.4285714285714285
 40
0.4285714285714285
 40
0.5714285714285714
 40
0.5714285714285714
 40
0.5714285714285714
 40
0.7142857142857142
 40
0.7142857142857142
 40
0.7142857142857142
 40
0.8571428571428571
 40
0.8571428571428571
 40
0.8571428571428571
 40
1.0
 40
1.0
 40
1.0
 40
1.0
 10
-52.3965
 20
-11.271
 30
0.0
 10
-52.1993
 20
-11.1895
 30
0.0
 10
-52.1004
 20
-11.0764
 30
0.0
 10
-52.1004
 20
-10.9307
 30
0.0
 10
-52.1004
 20
-10.836
 30
0.0
 10
-52.1404
 20
-10.7622
 30
0.0
 10
-52.2211
 20
-10.7101
 30
0.0
 10
-52.3015
 20
-10.658
 30
0.0
 10
-52.3946
 20
-10.6317
 30
0.0
 10
-52.5001
 20
-10.6317
 30
0.0
 10
-52.6098
 20
-10.6317
 30
0.0
 10
-52.7041
 20
-10.6551
 30
0.0
 10
-52.7831
 20
-10.7022
 30
0.0
 10
-52.8617
 20
-10.7493
 30
0.0
 10
-52.9011
 20
-10.8176
 30
0.0
 10
-52.9011
 20
-10.9076
 30
0.0
 10
-52.9011
 20
-11.0007
 30
0.0
 10
-52.8583
 20
-11.0714
 30
0.0
 10
-52.7728
 20
-11.1208
 30
0.0
 10
-52.6868
 20
-11.1697
 30
0.0
 10
-52.5616
 20
-11.22
 30
0.0
 10
-52.3965
 20
-11.271
 30
0.0
  0
SPLINE
  5
DC
330
1F
100
AcDbEntity
  8
Layer 1
 62
   240
100
AcDbSpline
210
0.0
220
0.0
230
1.0
 70
    11
 71
     3
 72
    29
 73
    25
 74
     0
 42
0.0000000001
 43
0.0000000001
 40
0.0
 40
0.0
 40
0.0
 40
0.0
 40
0.125
 40
0.125
 40
0.125
 40
0.25
 40
0.25
 40
0.25
 40
0.375
 40
0.375
 40
0.375
 40
0.5
 40
0.5
 40
0.5
 40
0.625
 40
0.625
 40
0.625
 40
0.75
 40
0.75
 40
0.75
 40
0.875
 40
0.875
 40
0.875
 40
1.0
 40
1.0
 40
1.0
 40
1.0
 10
-52.6487
 20
-11.6062
 30
0.0
 10
-52.7531
 20
-11.6441
 30
0.0
 10
-52.8375
 20
-11.6959
 30
0.0
 10
-52.9011
 20
-11.7622
 30
0.0
 10
-52.965
 20
-11.8284
 30
0.0
 10
-52.9965
 20
-11.8995
 30
0.0
 10
-52.9965
 20
-11.9747
 30
0.0
 10
-52.9965
 20
-12.0522
 30
0.0
 10
-52.9569
 20
-12.1235
 30
0.0
 10
-52.8767
 20
-12.1895
 30
0.0
 10
-52.797
 20
-12.2553
 30
0.0
 10
-52.6742
 20
-12.2881
 30
0.0
 10
-52.5077
 20
-12.2881
 30
0.0
 10
-52.3697
 20
-12.2881
 30
0.0
 10
-52.2608
 20
-12.2615
 30
0.0
 10
-52.1814
 20
-12.2076
 30
0.0
 10
-52.1012
 20
-12.1535
 30
0.0
 10
-52.0615
 20
-12.0851
 30
0.0
 10
-52.0615
 20
-12.0012
 30
0.0
 10
-52.0615
 20
-11.9291
 30
0.0
 10
-52.0946
 20
-11.8661
 30
0.0
 10
-52.1609
 20
-11.8119
 30
0.0
 10
-52.2269
 20
-11.7575
 30
0.0
 10
-52.3899
 20
-11.6891
 30
0.0
 10
-52.6487
 20
-11.6062
 30
0.0
  0
SPLINE
  5
DD
330
1F
100
AcDbEntity
  8
Layer 1
 62
   240
100
AcDbSpline
210
0.0
220
0.0
230
1.0
 70
    11
 71
     3
 72
    41
 73
    37
 74
     0
 42
0.0000000001
 43
0.0000000001
 40
0.0
 40
0.0
 40
0.0
 40
0.0
 40
0.0833333333333333
 40
0.0833333333333333
 40
0.0833333333333333
 40
0.1666666666666667
 40
0.1666666666666667
 40
0.1666666666666667
 40
0.25
 40
0.25
 40
0.25
 40
0.3333333333333333
 40
0.3333333333333333
 40
0.3333333333333333
 40
0.4166666666666666
 40
0.4166666666666666
 40
0.4166666666666666
 40
0.5
 40
0.5
 40
0.5
 40
0.5833333333333333
 40
0.5833333333333333
 40
0.5833333333333333
 40
0.6666666666666666
 40
0.6666666666666666
 40
0.6666666666666666
 40
0.75
 40
0.75
 40
0.75
 40
0.8333333333333333
 40
0.8333333333333333
 40
0.8333333333333333
 40
0.9166666666666666
 40
0.9166666666666666
 40
0.9166666666666666
 40
1.0
 40
1.0
 40
1.0
 40
1.0
 10
-52.914
 20
-11.4795
 30
0.0
 10
-53.1643
 20
-11.3644
 30
0.0
 10
-53.2898
 20
-11.1937
 30
0.0
 10
-53.2898
 20
-10.967
 30
0.0
 10
-53.2898
 20
-10.7916
 30
0.0
 10
-53.2206
 20
-10.647
 30
0.0
 10
-53.082
 20
-10.5336
 30
0.0
 10
-52.944
 20
-10.4203
 30
0.0
 10
-52.7502
 20
-10.3635
 30
0.0
 10
-52.5015
 20
-10.3635
 30
0.0
 10
-52.275
 20
-10.3635
 30
0.0
 10
-52.0928
 20
-10.4143
 30
0.0
 10
-51.9552
 20
-10.5158
 30
0.0
 10
-51.8182
 20
-10.617
 30
0.0
 10
-51.7493
 20
-10.7513
 30
0.0
 10
-51.7493
 20
-10.9184
 30
0.0
 10
-51.7493
 20
-11.1222
 30
0.0
 10
-51.8761
 20
-11.2768
 30
0.0
 10
-52.1301
 20
-11.3825
 30
0.0
 10
-51.8199
 20
-11.515
 30
0.0
 10
-51.665
 20
-11.7025
 30
0.0
 10
-51.665
 20
-11.945
 30
0.0
 10
-51.665
 20
-12.1245
 30
0.0
 10
-51.7423
 20
-12.2737
 30
0.0
 10
-51.8974
 20
-12.3917
 30
0.0
 10
-52.0526
 20
-12.5095
 30
0.0
 10
-52.2616
 20
-12.5687
 30
0.0
 10
-52.5251
 20
-12.5687
 30
0.0
 10
-52.803
 20
-12.5687
 30
0.0
 10
-53.0129
 20
-12.5143
 30
0.0
 10
-53.1544
 20
-12.4049
 30
0.0
 10
-53.2958
 20
-12.2955
 30
0.0
 10
-53.3663
 20
-12.1585
 30
0.0
 10
-53.3663
 20
-11.9933
 30
0.0
 10
-53.3663
 20
-11.7585
 30
0.0
 10
-53.2156
 20
-11.5871
 30
0.0
 10
-52.914
 20
-11.4795
 30
0.0
  0
SPLINE
  5
DE
330
1F
100
AcDbEntity
  8
Layer 1
 62
   240
100
AcDbSpline
210
0.0
220
0.0
230
1.0
 70
    11
 71
     3
 72
    29
 73
    25
 74
     0
 42
0.0000000001
 43
0.0000000001
 40
0.0
 40
0.0
 40
0.0
 40
0.0
 40
0.125
 40
0.125
 40
0.125
 40
0.25
 40
0.25
 40
0.25
 40
0.375
 40
0.375
 40
0.375
 40
0.5
 40
0.5
 40
0.5
 40
0.625
 40
0.625
 40
0.625
 40
0.75
 40
0.75
 40
0.75
 40
0.875
 40
0.875
 40
0.875
 40
1.0
 40
1.0
 40
1.0
 40
1.0
 10
-51.4438
 20
-10.3963
 30
0.0
 10
-51.4438
 20
-10.3963
 30
0.0
 10
-49.9254
 20
-10.3963
 30
0.0
 10
-49.9254
 20
-10.3963
 30
0.0
 10
-49.9254
 20
-10.3963
 30
0.0
 10
-49.9254
 20
-10.6691
 30
0.0
 10
-49.9254
 20
-10.6691
 30
0.0
 10
-50.1887
 20
-11.0109
 30
0.0
 10
-50.3636
 20
-11.3072
 30
0.0
 10
-50.4498
 20
-11.5578
 30
0.0
 10
-50.5355
 20
-11.8087
 30
0.0
 10
-50.5879
 20
-12.1342
 30
0.0
 10
-50.6055
 20
-12.5358
 30
0.0
 10
-50.6055
 20
-12.5358
 30
0.0
 10
-51.0457
 20
-12.5358
 30
0.0
 10
-51.0457
 20
-12.5358
 30
0.0
 10
-51.0094
 20
-11.8429
 30
0.0
 10
-50.7449
 20
-11.2404
 30
0.0
 10
-50.2529
 20
-10.7274
 30
0.0
 10
-50.2529
 20
-10.7274
 30
0.0
 10
-51.4769
 20
-10.7274
 30
0.0
 10
-51.4769
 20
-10.7274
 30
0.0
 10
-51.4769
 20
-10.7274
 30
0.0
 10
-51.4438
 20
-10.3963
 30
0.0
 10
-51.4438
 20
-10.3963
 30
0.0
  0
SPLINE
  5
DF
330
1F
100
AcDbEntity
  8
Layer 1
 62
   240
100
AcDbSpline
210
0.0
220
0.0
230
1.0
 70
    11
 71
     3
 72
    86
 73
    82
 74
     0
 42
0.0000000001
 43
0.0000000001
 40
0.0
 40
0.0
 40
0.0
 40
0.0
 40
0.037037037037037
 40
0.037037037037037
 40
0.037037037037037
 40
0.0740740740740741
 40
0.0740740740740741
 40
0.0740740740740741
 40
0.1111111111111111
 40
0.1111111111111111
 40
0.1111111111111111
 40
0.1481481481481481
 40
0.1481481481481481
 40
0.1481481481481481
 40
0.1851851851851852
 40
0.1851851851851852
 40
0.1851851851851852
 40
0.2222222222222222
 40
0.2222222222222222
 40
0.2222222222222222
 40
0.2592592592592592
 40
0.2592592592592592
 40
0.2592592592592592
 40
0.2962962962962963
 40
0.2962962962962963
 40
0.2962962962962963
 40
0.3333333333333333
 40
0.3333333333333333
 40
0.3333333333333333
 40
0.3703703703703703
 40
0.3703703703703703
 40
0.3703703703703703
 40
0.4074074074074074
 40
0.4074074074074074
 40
0.4074074074074074
 40
0.4444444444444444
 40
0.4444444444444444
 40
0.4444444444444444
 40
0.4814814814814815
 40
0.4814814814814815
 40
0.4814814814814815
 40
0.5185185185185185
 40
0.5185185185185185
 40
0.5185185185185185
 40
0.5555555555555556
 40
0.5555555555555556
 40
0.5555555555555556
 40
0.5925925925925926
 40
0.5925925925925926
 40
0.5925925925925926
 40
0.6296296296296295
 40
0.6296296296296295
 40
0.6296296296296295
 40
0.6666666666666666
 40
0.6666666666666666
 40
0.6666666666666666
 40
0.7037037037037037
 40
0.7037037037037037
 40
0.7037037037037037
 40
0.7407407407407407
 40
0.7407407407407407
 40
0.7407407407407407
 40
0.7777777777777777
 40
0.7777777777777777
 40
0.7777777777777777
 40
0.8148148148148148
 40
0.8148148148148148
 40
0.8148148148148148
 40
0.8518518518518519
 40
0.8518518518518519
 40
0.8518518518518519
 40
0.8888888888888888
 40
0.8888888888888888
 40
0.8888888888888888
 40
0.9259259259259258
 40
0.9259259259259258
 40
0.9259259259259258
 40
0.9629629629629629
 40
0.9629629629629629
 40
0.9629629629629629
 40
1.0
 40
1.0
 40
1.0
 40
1.0
 10
-49.082
 20
-11.5907
 30
0.0
 10
-49.082
 20
-11.5907
 30
0.0
 10
-49.082
 20
-11.2867
 30
0.0
 10
-49.082
 20
-11.2867
 30
0.0
 10
-49.082
 20
-11.2867
 30
0.0
 10
-48.8861
 20
-11.2867
 30
0.0
 10
-48.8861
 20
-11.2867
 30
0.0
 10
-48.7694
 20
-11.2867
 30
0.0
 10
-48.6713
 20
-11.2604
 30
0.0
 10
-48.5932
 20
-11.2083
 30
0.0
 10
-48.5148
 20
-11.156
 30
0.0
 10
-48.4754
 20
-11.0784
 30
0.0
 10
-48.4754
 20
-10.9748
 30
0.0
 10
-48.4754
 20
-10.8734
 30
0.0
 10
-48.5085
 20
-10.7971
 30
0.0
 10
-48.5748
 20
-10.746
 30
0.0
 10
-48.6413
 20
-10.6951
 30
0.0
 10
-48.7268
 20
-10.6691
 30
0.0
 10
-48.8314
 20
-10.6691
 30
0.0
 10
-49.0423
 20
-10.6691
 30
0.0
 10
-49.1861
 20
-10.7729
 30
0.0
 10
-49.2624
 20
-10.9796
 30
0.0
 10
-49.2624
 20
-10.9796
 30
0.0
 10
-49.6148
 20
-10.9183
 30
0.0
 10
-49.6148
 20
-10.9183
 30
0.0
 10
-49.5751
 20
-10.7553
 30
0.0
 10
-49.4833
 20
-10.6222
 30
0.0
 10
-49.3397
 20
-10.5189
 30
0.0
 10
-49.1961
 20
-10.4152
 30
0.0
 10
-49.0231
 20
-10.3634
 30
0.0
 10
-48.8204
 20
-10.3634
 30
0.0
 10
-48.6187
 20
-10.3634
 30
0.0
 10
-48.4467
 20
-10.4155
 30
0.0
 10
-48.3039
 20
-10.5197
 30
0.0
 10
-48.1612
 20
-10.6235
 30
0.0
 10
-48.0901
 20
-10.7626
 30
0.0
 10
-48.0901
 20
-10.9375
 30
0.0
 10
-48.0901
 20
-11.0669
 30
0.0
 10
-48.1285
 20
-11.1779
 30
0.0
 10
-48.2051
 20
-11.2693
 30
0.0
 10
-48.2821
 20
-11.3614
 30
0.0
 10
-48.3765
 20
-11.4116
 30
0.0
 10
-48.4896
 20
-11.42
 30
0.0
 10
-48.3497
 20
-11.4408
 30
0.0
 10
-48.2371
 20
-11.4989
 30
0.0
 10
-48.1519
 20
-11.5939
 30
0.0
 10
-48.0667
 20
-11.6891
 30
0.0
 10
-48.0244
 20
-11.8034
 30
0.0
 10
-48.0244
 20
-11.937
 30
0.0
 10
-48.0244
 20
-12.1211
 30
0.0
 10
-48.098
 20
-12.2723
 30
0.0
 10
-48.2458
 20
-12.3908
 30
0.0
 10
-48.3939
 20
-12.5092
 30
0.0
 10
-48.5903
 20
-12.5686
 30
0.0
 10
-48.8359
 20
-12.5686
 30
0.0
 10
-49.0629
 20
-12.5686
 30
0.0
 10
-49.25
 20
-12.5111
 30
0.0
 10
-49.3975
 20
-12.3956
 30
0.0
 10
-49.5459
 20
-12.2799
 30
0.0
 10
-49.639
 20
-12.1476
 30
0.0
 10
-49.6777
 20
-11.9982
 30
0.0
 10
-49.6777
 20
-11.9982
 30
0.0
 10
-49.3123
 20
-11.9089
 30
0.0
 10
-49.3123
 20
-11.9089
 30
0.0
 10
-49.2395
 20
-12.1471
 30
0.0
 10
-49.0815
 20
-12.266
 30
0.0
 10
-48.839
 20
-12.266
 30
0.0
 10
-48.7136
 20
-12.266
 30
0.0
 10
-48.6126
 20
-12.2342
 30
0.0
 10
-48.5359
 20
-12.1698
 30
0.0
 10
-48.4591
 20
-12.1056
 30
0.0
 10
-48.4207
 20
-12.028
 30
0.0
 10
-48.4207
 20
-11.937
 30
0.0
 10
-48.4207
 20
-11.8452
 30
0.0
 10
-48.4538
 20
-11.7643
 30
0.0
 10
-48.5201
 20
-11.6948
 30
0.0
 10
-48.5863
 20
-11.6257
 30
0.0
 10
-48.6865
 20
-11.5907
 30
0.0
 10
-48.8204
 20
-11.5907
 30
0.0
 10
-48.8204
 20
-11.5907
 30
0.0
 10
-49.082
 20
-11.5907
 30
0.0
 10
-49.082
 20
-11.5907
 30
0.0
  0
SPLINE
  5
E0
330
1F
100
AcDbEntity
  8
Layer 1
 62
   240
100
AcDbSpline
210
0.0
220
0.0
230
1.0
 70
    11
 71
     3
 72
    86
 73
    82
 74
     0
 42
0.0000000001
 43
0.0000000001
 40
0.0
 40
0.0
 40
0.0
 40
0.0
 40
0.037037037037037
 40
0.037037037037037
 40
0.037037037037037
 40
0.0740740740740741
 40
0.0740740740740741
 40
0.0740740740740741
 40
0.1111111111111111
 40
0.1111111111111111
 40
0.1111111111111111
 40
0.1481481481481481
 40
0.1481481481481481
 40
0.1481481481481481
 40
0.1851851851851852
 40
0.1851851851851852
 40
0.1851851851851852
 40
0.2222222222222222
 40
0.2222222222222222
 40
0.2222222222222222
 40
0.2592592592592592
 40
0.2592592592592592
 40
0.2592592592592592
 40
0.2962962962962963
 40
0.2962962962962963
 40
0.2962962962962963
 40
0.3333333333333333
 40
0.3333333333333333
 40
0.3333333333333333
 40
0.3703703703703703
 40
0.3703703703703703
 40
0.3703703703703703
 40
0.4074074074074074
 40
0.4074074074074074
 40
0.4074074074074074
 40
0.4444444444444444
 40
0.4444444444444444
 40
0.4444444444444444
 40
0.4814814814814815
 40
0.4814814814814815
 40
0.4814814814814815
 40
0.5185185185185185
 40
0.5185185185185185
 40
0.5185185185185185
 40
0.5555555555555556
 40
0.5555555555555556
 40
0.5555555555555556
 40
0.5925925925925926
 40
0.5925925925925926
 40
0.5925925925925926
 40
0.6296296296296295
 40
0.6296296296296295
 40
0.6296296296296295
 40
0.6666666666666666
 40
0.6666666666666666
 40
0.6666666666666666
 40
0.7037037037037037
 40
0.7037037037037037
 40
0.7037037037037037
 40
0.7407407407407407
 40
0.7407407407407407
 40
0.7407407407407407
 40
0.7777777777777777
 40
0.7777777777777777
 40
0.7777777777777777
 40
0.8148148148148148
 40
0.8148148148148148
 40
0.8148148148148148
 40
0.8518518518518519
 40
0.8518518518518519
 40
0.8518518518518519
 40
0.8888888888888888
 40
0.8888888888888888
 40
0.8888888888888888
 40
0.9259259259259258
 40
0.9259259259259258
 40
0.9259259259259258
 40
0.9629629629629629
 40
0.9629629629629629
 40
0.9629629629629629
 40
1.0
 40
1.0
 40
1.0
 40
1.0
 10
-47.2
 20
-11.5907
 30
0.0
 10
-47.2
 20
-11.5907
 30
0.0
 10
-47.2
 20
-11.2867
 30
0.0
 10
-47.2
 20
-11.2867
 30
0.0
 10
-47.2
 20
-11.2867
 30
0.0
 10
-47.0041
 20
-11.2867
 30
0.0
 10
-47.0041
 20
-11.2867
 30
0.0
 10
-46.8873
 20
-11.2867
 30
0.0
 10
-46.7895
 20
-11.2604
 30
0.0
 10
-46.7111
 20
-11.2083
 30
0.0
 10
-46.6328
 20
-11.156
 30
0.0
 10
-46.5933
 20
-11.0784
 30
0.0
 10
-46.5933
 20
-10.9748
 30
0.0
 10
-46.5933
 20
-10.8734
 30
0.0
 10
-46.6265
 20
-10.7971
 30
0.0
 10
-46.6927
 20
-10.746
 30
0.0
 10
-46.7595
 20
-10.6951
 30
0.0
 10
-46.8447
 20
-10.6691
 30
0.0
 10
-46.9494
 20
-10.6691
 30
0.0
 10
-47.1602
 20
-10.6691
 30
0.0
 10
-47.3041
 20
-10.7729
 30
0.0
 10
-47.3803
 20
-10.9796
 30
0.0
 10
-47.3803
 20
-10.9796
 30
0.0
 10
-47.7327
 20
-10.9183
 30
0.0
 10
-47.7327
 20
-10.9183
 30
0.0
 10
-47.6933
 20
-10.7553
 30
0.0
 10
-47.6012
 20
-10.6222
 30
0.0
 10
-47.4576
 20
-10.5189
 30
0.0
 10
-47.3141
 20
-10.4152
 30
0.0
 10
-47.1411
 20
-10.3634
 30
0.0
 10
-46.9383
 20
-10.3634
 30
0.0
 10
-46.7366
 20
-10.3634
 30
0.0
 10
-46.5647
 20
-10.4155
 30
0.0
 10
-46.4218
 20
-10.5197
 30
0.0
 10
-46.2793
 20
-10.6235
 30
0.0
 10
-46.2081
 20
-10.7626
 30
0.0
 10
-46.2081
 20
-10.9375
 30
0.0
 10
-46.2081
 20
-11.0669
 30
0.0
 10
-46.2464
 20
-11.1779
 30
0.0
 10
-46.323
 20
-11.2693
 30
0.0
 10
-46.4001
 20
-11.3614
 30
0.0
 10
-46.4944
 20
-11.4116
 30
0.0
 10
-46.6075
 20
-11.42
 30
0.0
 10
-46.4676
 20
-11.4408
 30
0.0
 10
-46.3551
 20
-11.4989
 30
0.0
 10
-46.2699
 20
-11.5939
 30
0.0
 10
-46.1847
 20
-11.6891
 30
0.0
 10
-46.1423
 20
-11.8034
 30
0.0
 10
-46.1423
 20
-11.937
 30
0.0
 10
-46.1423
 20
-12.1211
 30
0.0
 10
-46.2163
 20
-12.2723
 30
0.0
 10
-46.3638
 20
-12.3908
 30
0.0
 10
-46.5118
 20
-12.5092
 30
0.0
 10
-46.7082
 20
-12.5686
 30
0.0
 10
-46.9538
 20
-12.5686
 30
0.0
 10
-47.1808
 20
-12.5686
 30
0.0
 10
-47.368
 20
-12.5111
 30
0.0
 10
-47.5155
 20
-12.3956
 30
0.0
 10
-47.6638
 20
-12.2799
 30
0.0
 10
-47.7569
 20
-12.1476
 30
0.0
 10
-47.7955
 20
-11.9982
 30
0.0
 10
-47.7955
 20
-11.9982
 30
0.0
 10
-47.4303
 20
-11.9089
 30
0.0
 10
-47.4303
 20
-11.9089
 30
0.0
 10
-47.3575
 20
-12.1471
 30
0.0
 10
-47.1994
 20
-12.266
 30
0.0
 10
-46.957
 20
-12.266
 30
0.0
 10
-46.8318
 20
-12.266
 30
0.0
 10
-46.7306
 20
-12.2342
 30
0.0
 10
-46.6538
 20
-12.1698
 30
0.0
 10
-46.577
 20
-12.1056
 30
0.0
 10
-46.5386
 20
-12.028
 30
0.0
 10
-46.5386
 20
-11.937
 30
0.0
 10
-46.5386
 20
-11.8452
 30
0.0
 10
-46.5717
 20
-11.7643
 30
0.0
 10
-46.638
 20
-11.6948
 30
0.0
 10
-46.7043
 20
-11.6257
 30
0.0
 10
-46.8048
 20
-11.5907
 30
0.0
 10
-46.9383
 20
-11.5907
 30
0.0
 10
-46.9383
 20
-11.5907
 30
0.0
 10
-47.2
 20
-11.5907
 30
0.0
 10
-47.2
 20
-11.5907
 30
0.0
  0
SPLINE
  5
E1
330
1F
100
AcDbEntity
  8
Layer 1
 62
   240
100
AcDbSpline
210
0.0
220
0.0
230
1.0
 70
    11
 71
     3
 72
    29
 73
    25
 74
     0
 42
0.0000000001
 43
0.0000000001
 40
0.0
 40
0.0
 40
0.0
 40
0.0
 40
0.125
 40
0.125
 40
0.125
 40
0.25
 40
0.25
 40
0.25
 40
0.375
 40
0.375
 40
0.375
 40
0.5
 40
0.5
 40
0.5
 40
0.625
 40
0.625
 40
0.625
 40
0.75
 40
0.75
 40
0.75
 40
0.875
 40
0.875
 40
0.875
 40
1.0
 40
1.0
 40
1.0
 40
1.0
 10
-66.9901
 20
-17.6311
 30
0.0
 10
-66.9901
 20
-17.6311
 30
0.0
 10
-67.3609
 20
-17.6311
 30
0.0
 10
-67.3609
 20
-17.6311
 30
0.0
 10
-67.3609
 20
-17.6311
 30
0.0
 10
-67.3609
 20
-16.011
 30
0.0
 10
-67.3609
 20
-16.011
 30
0.0
 10
-67.3609
 20
-16.011
 30
0.0
 10
-67.8705
 20
-16.011
 30
0.0
 10
-67.8705
 20
-16.011
 30
0.0
 10
-67.8705
 20
-16.011
 30
0.0
 10
-67.8705
 20
-15.7146
 30
0.0
 10
-67.8705
 20
-15.7146
 30
0.0
 10
-67.8705
 20
-15.7146
 30
0.0
 10
-66.4805
 20
-15.7146
 30
0.0
 10
-66.4805
 20
-15.7146
 30
0.0
 10
-66.4805
 20
-15.7146
 30
0.0
 10
-66.4805
 20
-16.011
 30
0.0
 10
-66.4805
 20
-16.011
 30
0.0
 10
-66.4805
 20
-16.011
 30
0.0
 10
-66.9901
 20
-16.011
 30
0.0
 10
-66.9901
 20
-16.011
 30
0.0
 10
-66.9901
 20
-16.011
 30
0.0
 10
-66.9901
 20
-17.6311
 30
0.0
 10
-66.9901
 20
-17.6311
 30
0.0
  0
SPLINE
  5
E2
330
1F
100
AcDbEntity
  8
Layer 1
 62
   240
100
AcDbSpline
210
0.0
220
0.0
230
1.0
 70
    11
 71
     3
 72
    14
 73
    10
 74
     0
 42
0.0000000001
 43
0.0000000001
 40
0.0
 40
0.0
 40
0.0
 40
0.0
 40
0.3333333333333333
 40
0.3333333333333333
 40
0.3333333333333333
 40
0.6666666666666666
 40
0.6666666666666666
 40
0.6666666666666666
 40
1.0
 40
1.0
 40
1.0
 40
1.0
 10
-65.5299
 20
-16.8982
 30
0.0
 10
-65.5299
 20
-16.8982
 30
0.0
 10
-65.8091
 20
-16.043
 30
0.0
 10
-65.8091
 20
-16.043
 30
0.0
 10
-65.8091
 20
-16.043
 30
0.0
 10
-66.0886
 20
-16.8982
 30
0.0
 10
-66.0886
 20
-16.8982
 30
0.0
 10
-66.0886
 20
-16.8982
 30
0.0
 10
-65.5299
 20
-16.8982
 30
0.0
 10
-65.5299
 20
-16.8982
 30
0.0
  0
SPLINE
  5
E3
330
1F
100
AcDbEntity
  8
Layer 1
 62
   240
100
AcDbSpline
210
0.0
220
0.0
230
1.0
 70
    11
 71
     3
 72
    29
 73
    25
 74
     0
 42
0.0000000001
 43
0.0000000001
 40
0.0
 40
0.0
 40
0.0
 40
0.0
 40
0.125
 40
0.125
 40
0.125
 40
0.25
 40
0.25
 40
0.25
 40
0.375
 40
0.375
 40
0.375
 40
0.5
 40
0.5
 40
0.5
 40
0.625
 40
0.625
 40
0.625
 40
0.75
 40
0.75
 40
0.75
 40
0.875
 40
0.875
 40
0.875
 40
1.0
 40
1.0
 40
1.0
 40
1.0
 10
-64.9148
 20
-17.6311
 30
0.0
 10
-64.9148
 20
-17.6311
 30
0.0
 10
-65.284
 20
-17.6311
 30
0.0
 10
-65.284
 20
-17.6311
 30
0.0
 10
-65.284
 20
-17.6311
 30
0.0
 10
-65.437
 20
-17.1748
 30
0.0
 10
-65.437
 20
-17.1748
 30
0.0
 10
-65.437
 20
-17.1748
 30
0.0
 10
-66.1744
 20
-17.1748
 30
0.0
 10
-66.1744
 20
-17.1748
 30
0.0
 10
-66.1744
 20
-17.1748
 30
0.0
 10
-66.3246
 20
-17.6311
 30
0.0
 10
-66.3246
 20
-17.6311
 30
0.0
 10
-66.3246
 20
-17.6311
 30
0.0
 10
-66.6196
 20
-17.6311
 30
0.0
 10
-66.6196
 20
-17.6311
 30
0.0
 10
-66.6196
 20
-17.6311
 30
0.0
 10
-65.9835
 20
-15.7146
 30
0.0
 10
-65.9835
 20
-15.7146
 30
0.0
 10
-65.9835
 20
-15.7146
 30
0.0
 10
-65.558
 20
-15.7146
 30
0.0
 10
-65.558
 20
-15.7146
 30
0.0
 10
-65.558
 20
-15.7146
 30
0.0
 10
-64.9148
 20
-17.6311
 30
0.0
 10
-64.9148
 20
-17.6311
 30
0.0
  0
SPLINE
  5
E4
330
1F
100
AcDbEntity
  8
Layer 1
 62
   240
100
AcDbSpline
210
0.0
220
0.0
230
1.0
 70
    11
 71
     3
 72
    23
 73
    19
 74
     0
 42
0.0000000001
 43
0.0000000001
 40
0.0
 40
0.0
 40
0.0
 40
0.0
 40
0.1666666666666667
 40
0.1666666666666667
 40
0.1666666666666667
 40
0.3333333333333333
 40
0.3333333333333333
 40
0.3333333333333333
 40
0.5
 40
0.5
 40
0.5
 40
0.6666666666666666
 40
0.6666666666666666
 40
0.6666666666666666
 40
0.8333333333333333
 40
0.8333333333333333
 40
0.8333333333333333
 40
1.0
 40
1.0
 40
1.0
 40
1.0
 10
-63.5052
 20
-17.6311
 30
0.0
 10
-63.5052
 20
-17.6311
 30
0.0
 10
-64.6845
 20
-17.6311
 30
0.0
 10
-64.6845
 20
-17.6311
 30
0.0
 10
-64.6845
 20
-17.6311
 30
0.0
 10
-64.6845
 20
-15.7146
 30
0.0
 10
-64.6845
 20
-15.7146
 30
0.0
 10
-64.6845
 20
-15.7146
 30
0.0
 10
-64.3212
 20
-15.7146
 30
0.0
 10
-64.3212
 20
-15.7146
 30
0.0
 10
-64.3212
 20
-15.7146
 30
0.0
 10
-64.3212
 20
-17.3182
 30
0.0
 10
-64.3212
 20
-17.3182
 30
0.0
 10
-64.3212
 20
-17.3182
 30
0.0
 10
-63.5052
 20
-17.3182
 30
0.0
 10
-63.5052
 20
-17.3182
 30
0.0
 10
-63.5052
 20
-17.3182
 30
0.0
 10
-63.5052
 20
-17.6311
 30
0.0
 10
-63.5052
 20
-17.6311
 30
0.0
  0
SPLINE
  5
E5
330
1F
100
AcDbEntity
  8
Layer 1
 62
   240
100
AcDbSpline
210
0.0
220
0.0
230
1.0
 70
    11
 71
     3
 72
    14
 73
    10
 74
     0
 42
0.0000000001
 43
0.0000000001
 40
0.0
 40
0.0
 40
0.0
 40
0.0
 40
0.3333333333333333
 40
0.3333333333333333
 40
0.3333333333333333
 40
0.6666666666666666
 40
0.6666666666666666
 40
0.6666666666666666
 40
1.0
 40
1.0
 40
1.0
 40
1.0
 10
-62.3623
 20
-16.8982
 30
0.0
 10
-62.3623
 20
-16.8982
 30
0.0
 10
-62.6416
 20
-16.043
 30
0.0
 10
-62.6416
 20
-16.043
 30
0.0
 10
-62.6416
 20
-16.043
 30
0.0
 10
-62.9211
 20
-16.8982
 30
0.0
 10
-62.9211
 20
-16.8982
 30
0.0
 10
-62.9211
 20
-16.8982
 30
0.0
 10
-62.3623
 20
-16.8982
 30
0.0
 10
-62.3623
 20
-16.8982
 30
0.0
  0
SPLINE
  5
E6
330
1F
100
AcDbEntity
  8
Layer 1
 62
   240
100
AcDbSpline
210
0.0
220
0.0
230
1.0
 70
    11
 71
     3
 72
    29
 73
    25
 74
     0
 42
0.0000000001
 43
0.0000000001
 40
0.0
 40
0.0
 40
0.0
 40
0.0
 40
0.125
 40
0.125
 40
0.125
 40
0.25
 40
0.25
 40
0.25
 40
0.375
 40
0.375
 40
0.375
 40
0.5
 40
0.5
 40
0.5
 40
0.625
 40
0.625
 40
0.625
 40
0.75
 40
0.75
 40
0.75
 40
0.875
 40
0.875
 40
0.875
 40
1.0
 40
1.0
 40
1.0
 40
1.0
 10
-61.7472
 20
-17.6311
 30
0.0
 10
-61.7472
 20
-17.6311
 30
0.0
 10
-62.1164
 20
-17.6311
 30
0.0
 10
-62.1164
 20
-17.6311
 30
0.0
 10
-62.1164
 20
-17.6311
 30
0.0
 10
-62.2694
 20
-17.1748
 30
0.0
 10
-62.2694
 20
-17.1748
 30
0.0
 10
-62.2694
 20
-17.1748
 30
0.0
 10
-63.0068
 20
-17.1748
 30
0.0
 10
-63.0068
 20
-17.1748
 30
0.0
 10
-63.0068
 20
-17.1748
 30
0.0
 10
-63.1569
 20
-17.6311
 30
0.0
 10
-63.1569
 20
-17.6311
 30
0.0
 10
-63.1569
 20
-17.6311
 30
0.0
 10
-63.452
 20
-17.6311
 30
0.0
 10
-63.452
 20
-17.6311
 30
0.0
 10
-63.452
 20
-17.6311
 30
0.0
 10
-62.8159
 20
-15.7146
 30
0.0
 10
-62.8159
 20
-15.7146
 30
0.0
 10
-62.8159
 20
-15.7146
 30
0.0
 10
-62.3904
 20
-15.7146
 30
0.0
 10
-62.3904
 20
-15.7146
 30
0.0
 10
-62.3904
 20
-15.7146
 30
0.0
 10
-61.7472
 20
-17.6311
 30
0.0
 10
-61.7472
 20
-17.6311
 30
0.0
  0
SPLINE
  5
E7
330
1F
100
AcDbEntity
  8
Layer 1
 62
   240
100
AcDbSpline
210
0.0
220
0.0
230
1.0
 70
    11
 71
     3
 72
    32
 73
    28
 74
     0
 42
0.0000000001
 43
0.0000000001
 40
0.0
 40
0.0
 40
0.0
 40
0.0
 40
0.1111111111111111
 40
0.1111111111111111
 40
0.1111111111111111
 40
0.2222222222222222
 40
0.2222222222222222
 40
0.2222222222222222
 40
0.3333333333333333
 40
0.3333333333333333
 40
0.3333333333333333
 40
0.4444444444444444
 40
0.4444444444444444
 40
0.4444444444444444
 40
0.5555555555555556
 40
0.5555555555555556
 40
0.5555555555555556
 40
0.6666666666666666
 40
0.6666666666666666
 40
0.6666666666666666
 40
0.7777777777777777
 40
0.7777777777777777
 40
0.7777777777777777
 40
0.8888888888888888
 40
0.8888888888888888
 40
0.8888888888888888
 40
1.0
 40
1.0
 40
1.0
 40
1.0
 10
-60.916
 20
-17.6311
 30
0.0
 10
-60.916
 20
-17.6311
 30
0.0
 10
-61.2825
 20
-17.6311
 30
0.0
 10
-61.2825
 20
-17.6311
 30
0.0
 10
-61.2825
 20
-17.6311
 30
0.0
 10
-61.2825
 20
-16.8225
 30
0.0
 10
-61.2825
 20
-16.8225
 30
0.0
 10
-61.2825
 20
-16.8225
 30
0.0
 10
-61.9352
 20
-15.7146
 30
0.0
 10
-61.9352
 20
-15.7146
 30
0.0
 10
-61.9352
 20
-15.7146
 30
0.0
 10
-61.5171
 20
-15.7146
 30
0.0
 10
-61.5171
 20
-15.7146
 30
0.0
 10
-61.5171
 20
-15.7146
 30
0.0
 10
-61.0622
 20
-16.5051
 30
0.0
 10
-61.0622
 20
-16.5051
 30
0.0
 10
-61.0622
 20
-16.5051
 30
0.0
 10
-60.6267
 20
-15.7146
 30
0.0
 10
-60.6267
 20
-15.7146
 30
0.0
 10
-60.6267
 20
-15.7146
 30
0.0
 10
-60.2954
 20
-15.7146
 30
0.0
 10
-60.2954
 20
-15.7146
 30
0.0
 10
-60.2954
 20
-15.7146
 30
0.0
 10
-60.916
 20
-16.8225
 30
0.0
 10
-60.916
 20
-16.8225
 30
0.0
 10
-60.916
 20
-16.8225
 30
0.0
 10
-60.916
 20
-17.6311
 30
0.0
 10
-60.916
 20
-17.6311
 30
0.0
  0
SPLINE
  5
E8
330
1F
100
AcDbEntity
  8
Layer 1
 62
   240
100
AcDbSpline
210
0.0
220
0.0
230
1.0
 70
    11
 71
     3
 72
    41
 73
    37
 74
     0
 42
0.0000000001
 43
0.0000000001
 40
0.0
 40
0.0
 40
0.0
 40
0.0
 40
0.0833333333333333
 40
0.0833333333333333
 40
0.0833333333333333
 40
0.1666666666666667
 40
0.1666666666666667
 40
0.1666666666666667
 40
0.25
 40
0.25
 40
0.25
 40
0.3333333333333333
 40
0.3333333333333333
 40
0.3333333333333333
 40
0.4166666666666666
 40
0.4166666666666666
 40
0.4166666666666666
 40
0.5
 40
0.5
 40
0.5
 40
0.5833333333333333
 40
0.5833333333333333
 40
0.5833333333333333
 40
0.6666666666666666
 40
0.6666666666666666
 40
0.6666666666666666
 40
0.75
 40
0.75
 40
0.75
 40
0.8333333333333333
 40
0.8333333333333333
 40
0.8333333333333333
 40
0.9166666666666666
 40
0.9166666666666666
 40
0.9166666666666666
 40
1.0
 40
1.0
 40
1.0
 40
1.0
 10
-58.8787
 20
-17.6311
 30
0.0
 10
-58.8787
 20
-17.6311
 30
0.0
 10
-60.124
 20
-17.6311
 30
0.0
 10
-60.124
 20
-17.6311
 30
0.0
 10
-60.124
 20
-17.6311
 30
0.0
 10
-60.124
 20
-15.7146
 30
0.0
 10
-60.124
 20
-15.7146
 30
0.0
 10
-60.124
 20
-15.7146
 30
0.0
 10
-58.8913
 20
-15.7146
 30
0.0
 10
-58.8913
 20
-15.7146
 30
0.0
 10
-58.8913
 20
-15.7146
 30
0.0
 10
-58.8913
 20
-15.9997
 30
0.0
 10
-58.8913
 20
-15.9997
 30
0.0
 10
-58.8913
 20
-15.9997
 30
0.0
 10
-59.7788
 20
-15.9997
 30
0.0
 10
-59.7788
 20
-15.9997
 30
0.0
 10
-59.7788
 20
-15.9997
 30
0.0
 10
-59.7788
 20
-16.519
 30
0.0
 10
-59.7788
 20
-16.519
 30
0.0
 10
-59.7788
 20
-16.519
 30
0.0
 10
-59.0654
 20
-16.519
 30
0.0
 10
-59.0654
 20
-16.519
 30
0.0
 10
-59.0654
 20
-16.519
 30
0.0
 10
-59.0654
 20
-16.7972
 30
0.0
 10
-59.0654
 20
-16.7972
 30
0.0
 10
-59.0654
 20
-16.7972
 30
0.0
 10
-59.7788
 20
-16.7972
 30
0.0
 10
-59.7788
 20
-16.7972
 30
0.0
 10
-59.7788
 20
-16.7972
 30
0.0
 10
-59.7788
 20
-17.3334
 30
0.0
 10
-59.7788
 20
-17.3334
 30
0.0
 10
-59.7788
 20
-17.3334
 30
0.0
 10
-58.8787
 20
-17.3334
 30
0.0
 10
-58.8787
 20
-17.3334
 30
0.0
 10
-58.8787
 20
-17.3334
 30
0.0
 10
-58.8787
 20
-17.6311
 30
0.0
 10
-58.8787
 20
-17.6311
 30
0.0
  0
SPLINE
  5
E9
330
1F
100
AcDbEntity
  8
Layer 1
 62
   240
100
AcDbSpline
210
0.0
220
0.0
230
1.0
 70
    11
 71
     3
 72
    17
 73
    13
 74
     0
 42
0.0000000001
 43
0.0000000001
 40
0.0
 40
0.0
 40
0.0
 40
0.0
 40
0.25
 40
0.25
 40
0.25
 40
0.5
 40
0.5
 40
0.5
 40
0.75
 40
0.75
 40
0.75
 40
1.0
 40
1.0
 40
1.0
 40
1.0
 10
-58.7917
 20
-17.7814
 30
0.0
 10
-58.7917
 20
-17.7814
 30
0.0
 10
-57.3538
 20
-17.7814
 30
0.0
 10
-57.3538
 20
-17.7814
 30
0.0
 10
-57.3538
 20
-17.7814
 30
0.0
 10
-57.3538
 20
-18.0735
 30
0.0
 10
-57.3538
 20
-18.0735
 30
0.0
 10
-57.3538
 20
-18.0735
 30
0.0
 10
-58.7917
 20
-18.0735
 30
0.0
 10
-58.7917
 20
-18.0735
 30
0.0
 10
-58.7917
 20
-18.0735
 30
0.0
 10
-58.7917
 20
-17.7814
 30
0.0
 10
-58.7917
 20
-17.7814
 30
0.0
  0
SPLINE
  5
EA
330
1F
100
AcDbEntity
  8
Layer 1
 62
   240
100
AcDbSpline
210
0.0
220
0.0
230
1.0
 70
    11
 71
     3
 72
    41
 73
    37
 74
     0
 42
0.0000000001
 43
0.0000000001
 40
0.0
 40
0.0
 40
0.0
 40
0.0
 40
0.0833333333333333
 40
0.0833333333333333
 40
0.0833333333333333
 40
0.1666666666666667
 40
0.1666666666666667
 40
0.1666666666666667
 40
0.25
 40
0.25
 40
0.25
 40
0.3333333333333333
 40
0.3333333333333333
 40
0.3333333333333333
 40
0.4166666666666666
 40
0.4166666666666666
 40
0.4166666666666666
 40
0.5
 40
0.5
 40
0.5
 40
0.5833333333333333
 40
0.5833333333333333
 40
0.5833333333333333
 40
0.6666666666666666
 40
0.6666666666666666
 40
0.6666666666666666
 40
0.75
 40
0.75
 40
0.75
 40
0.8333333333333333
 40
0.8333333333333333
 40
0.8333333333333333
 40
0.9166666666666666
 40
0.9166666666666666
 40
0.9166666666666666
 40
1.0
 40
1.0
 40
1.0
 40
1.0
 10
-55.8979
 20
-17.6311
 30
0.0
 10
-55.8979
 20
-17.6311
 30
0.0
 10
-57.143
 20
-17.6311
 30
0.0
 10
-57.143
 20
-17.6311
 30
0.0
 10
-57.143
 20
-17.6311
 30
0.0
 10
-57.143
 20
-15.7146
 30
0.0
 10
-57.143
 20
-15.7146
 30
0.0
 10
-57.143
 20
-15.7146
 30
0.0
 10
-55.9105
 20
-15.7146
 30
0.0
 10
-55.9105
 20
-15.7146
 30
0.0
 10
-55.9105
 20
-15.7146
 30
0.0
 10
-55.9105
 20
-15.9997
 30
0.0
 10
-55.9105
 20
-15.9997
 30
0.0
 10
-55.9105
 20
-15.9997
 30
0.0
 10
-56.7978
 20
-15.9997
 30
0.0
 10
-56.7978
 20
-15.9997
 30
0.0
 10
-56.7978
 20
-15.9997
 30
0.0
 10
-56.7978
 20
-16.519
 30
0.0
 10
-56.7978
 20
-16.519
 30
0.0
 10
-56.7978
 20
-16.519
 30
0.0
 10
-56.0847
 20
-16.519
 30
0.0
 10
-56.0847
 20
-16.519
 30
0.0
 10
-56.0847
 20
-16.519
 30
0.0
 10
-56.0847
 20
-16.7972
 30
0.0
 10
-56.0847
 20
-16.7972
 30
0.0
 10
-56.0847
 20
-16.7972
 30
0.0
 10
-56.7978
 20
-16.7972
 30
0.0
 10
-56.7978
 20
-16.7972
 30
0.0
 10
-56.7978
 20
-16.7972
 30
0.0
 10
-56.7978
 20
-17.3334
 30
0.0
 10
-56.7978
 20
-17.3334
 30
0.0
 10
-56.7978
 20
-17.3334
 30
0.0
 10
-55.8979
 20
-17.3334
 30
0.0
 10
-55.8979
 20
-17.3334
 30
0.0
 10
-55.8979
 20
-17.3334
 30
0.0
 10
-55.8979
 20
-17.6311
 30
0.0
 10
-55.8979
 20
-17.6311
 30
0.0
  0
SPLINE
  5
EB
330
1F
100
AcDbEntity
  8
Layer 1
 62
   240
100
AcDbSpline
210
0.0
220
0.0
230
1.0
 70
    11
 71
     3
 72
    29
 73
    25
 74
     0
 42
0.0000000001
 43
0.0000000001
 40
0.0
 40
0.0
 40
0.0
 40
0.0
 40
0.125
 40
0.125
 40
0.125
 40
0.25
 40
0.25
 40
0.25
 40
0.375
 40
0.375
 40
0.375
 40
0.5
 40
0.5
 40
0.5
 40
0.625
 40
0.625
 40
0.625
 40
0.75
 40
0.75
 40
0.75
 40
0.875
 40
0.875
 40
0.875
 40
1.0
 40
1.0
 40
1.0
 40
1.0
 10
-54.9303
 20
-17.6311
 30
0.0
 10
-54.9303
 20
-17.6311
 30
0.0
 10
-55.3011
 20
-17.6311
 30
0.0
 10
-55.3011
 20
-17.6311
 30
0.0
 10
-55.3011
 20
-17.6311
 30
0.0
 10
-55.3011
 20
-16.011
 30
0.0
 10
-55.3011
 20
-16.011
 30
0.0
 10
-55.3011
 20
-16.011
 30
0.0
 10
-55.8109
 20
-16.011
 30
0.0
 10
-55.8109
 20
-16.011
 30
0.0
 10
-55.8109
 20
-16.011
 30
0.0
 10
-55.8109
 20
-15.7146
 30
0.0
 10
-55.8109
 20
-15.7146
 30
0.0
 10
-55.8109
 20
-15.7146
 30
0.0
 10
-54.421
 20
-15.7146
 30
0.0
 10
-54.421
 20
-15.7146
 30
0.0
 10
-54.421
 20
-15.7146
 30
0.0
 10
-54.421
 20
-16.011
 30
0.0
 10
-54.421
 20
-16.011
 30
0.0
 10
-54.421
 20
-16.011
 30
0.0
 10
-54.9303
 20
-16.011
 30
0.0
 10
-54.9303
 20
-16.011
 30
0.0
 10
-54.9303
 20
-16.011
 30
0.0
 10
-54.9303
 20
-17.6311
 30
0.0
 10
-54.9303
 20
-17.6311
 30
0.0
  0
SPLINE
  5
EC
330
1F
100
AcDbEntity
  8
Layer 1
 62
   240
100
AcDbSpline
210
0.0
220
0.0
230
1.0
 70
    11
 71
     3
 72
    44
 73
    40
 74
     0
 42
0.0000000001
 43
0.0000000001
 40
0.0
 40
0.0
 40
0.0
 40
0.0
 40
0.0769230769230769
 40
0.0769230769230769
 40
0.0769230769230769
 40
0.1538461538461539
 40
0.1538461538461539
 40
0.1538461538461539
 40
0.2307692307692308
 40
0.2307692307692308
 40
0.2307692307692308
 40
0.3076923076923077
 40
0.3076923076923077
 40
0.3076923076923077
 40
0.3846153846153846
 40
0.3846153846153846
 40
0.3846153846153846
 40
0.4615384615384616
 40
0.4615384615384616
 40
0.4615384615384616
 40
0.5384615384615385
 40
0.5384615384615385
 40
0.5384615384615385
 40
0.6153846153846154
 40
0.6153846153846154
 40
0.6153846153846154
 40
0.6923076923076923
 40
0.6923076923076923
 40
0.6923076923076923
 40
0.7692307692307693
 40
0.7692307692307693
 40
0.7692307692307693
 40
0.8461538461538463
 40
0.8461538461538463
 40
0.8461538461538463
 40
0.9230769230769231
 40
0.9230769230769231
 40
0.9230769230769231
 40
1.0
 40
1.0
 40
1.0
 40
1.0
 10
-52.33
 20
-17.6311
 30
0.0
 10
-52.33
 20
-17.6311
 30
0.0
 10
-52.6827
 20
-17.6311
 30
0.0
 10
-52.6827
 20
-17.6311
 30
0.0
 10
-52.6827
 20
-17.6311
 30
0.0
 10
-52.6827
 20
-15.9531
 30
0.0
 10
-52.6827
 20
-15.9531
 30
0.0
 10
-52.6827
 20
-15.9531
 30
0.0
 10
-53.213
 20
-17.6311
 30
0.0
 10
-53.213
 20
-17.6311
 30
0.0
 10
-53.213
 20
-17.6311
 30
0.0
 10
-53.3944
 20
-17.6311
 30
0.0
 10
-53.3944
 20
-17.6311
 30
0.0
 10
-53.3944
 20
-17.6311
 30
0.0
 10
-53.9278
 20
-15.9531
 30
0.0
 10
-53.9278
 20
-15.9531
 30
0.0
 10
-53.9278
 20
-15.9531
 30
0.0
 10
-53.9278
 20
-17.6311
 30
0.0
 10
-53.9278
 20
-17.6311
 30
0.0
 10
-53.9278
 20
-17.6311
 30
0.0
 10
-54.2099
 20
-17.6311
 30
0.0
 10
-54.2099
 20
-17.6311
 30
0.0
 10
-54.2099
 20
-17.6311
 30
0.0
 10
-54.2099
 20
-15.7146
 30
0.0
 10
-54.2099
 20
-15.7146
 30
0.0
 10
-54.2099
 20
-15.7146
 30
0.0
 10
-53.6695
 20
-15.7146
 30
0.0
 10
-53.6695
 20
-15.7146
 30
0.0
 10
-53.6695
 20
-15.7146
 30
0.0
 10
-53.2679
 20
-16.9487
 30
0.0
 10
-53.2679
 20
-16.9487
 30
0.0
 10
-53.2679
 20
-16.9487
 30
0.0
 10
-52.8733
 20
-15.7146
 30
0.0
 10
-52.8733
 20
-15.7146
 30
0.0
 10
-52.8733
 20
-15.7146
 30
0.0
 10
-52.33
 20
-15.7146
 30
0.0
 10
-52.33
 20
-15.7146
 30
0.0
 10
-52.33
 20
-15.7146
 30
0.0
 10
-52.33
 20
-17.6311
 30
0.0
 10
-52.33
 20
-17.6311
 30
0.0
  0
SPLINE
  5
ED
330
1F
100
AcDbEntity
  8
Layer 1
 62
   240
100
AcDbSpline
210
0.0
220
0.0
230
1.0
 70
    11
 71
     3
 72
    17
 73
    13
 74
     0
 42
0.0000000001
 43
0.0000000001
 40
0.0
 40
0.0
 40
0.0
 40
0.0
 40
0.25
 40
0.25
 40
0.25
 40
0.5
 40
0.5
 40
0.5
 40
0.75
 40
0.75
 40
0.75
 40
1.0
 40
1.0
 40
1.0
 40
1.0
 10
-51.5619
 20
-17.631
 30
0.0
 10
-51.5619
 20
-17.631
 30
0.0
 10
-51.9072
 20
-17.631
 30
0.0
 10
-51.9072
 20
-17.631
 30
0.0
 10
-51.9072
 20
-17.631
 30
0.0
 10
-51.9072
 20
-15.7146
 30
0.0
 10
-51.9072
 20
-15.7146
 30
0.0
 10
-51.9072
 20
-15.7146
 30
0.0
 10
-51.5619
 20
-15.7146
 30
0.0
 10
-51.5619
 20
-15.7146
 30
0.0
 10
-51.5619
 20
-15.7146
 30
0.0
 10
-51.5619
 20
-17.631
 30
0.0
 10
-51.5619
 20
-17.631
 30
0.0
  0
SPLINE
  5
EE
330
1F
100
AcDbEntity
  8
Layer 1
 62
   240
100
AcDbSpline
210
0.0
220
0.0
230
1.0
 70
    11
 71
     3
 72
    44
 73
    40
 74
     0
 42
0.0000000001
 43
0.0000000001
 40
0.0
 40
0.0
 40
0.0
 40
0.0
 40
0.0769230769230769
 40
0.0769230769230769
 40
0.0769230769230769
 40
0.1538461538461539
 40
0.1538461538461539
 40
0.1538461538461539
 40
0.2307692307692308
 40
0.2307692307692308
 40
0.2307692307692308
 40
0.3076923076923077
 40
0.3076923076923077
 40
0.3076923076923077
 40
0.3846153846153846
 40
0.3846153846153846
 40
0.3846153846153846
 40
0.4615384615384616
 40
0.4615384615384616
 40
0.4615384615384616
 40
0.5384615384615385
 40
0.5384615384615385
 40
0.5384615384615385
 40
0.6153846153846154
 40
0.6153846153846154
 40
0.6153846153846154
 40
0.6923076923076923
 40
0.6923076923076923
 40
0.6923076923076923
 40
0.7692307692307693
 40
0.7692307692307693
 40
0.7692307692307693
 40
0.8461538461538463
 40
0.8461538461538463
 40
0.8461538461538463
 40
0.9230769230769231
 40
0.9230769230769231
 40
0.9230769230769231
 40
1.0
 40
1.0
 40
1.0
 40
1.0
 10
-49.6932
 20
-17.6311
 30
0.0
 10
-49.6932
 20
-17.6311
 30
0.0
 10
-50.0287
 20
-17.6311
 30
0.0
 10
-50.0287
 20
-17.6311
 30
0.0
 10
-50.0287
 20
-17.6311
 30
0.0
 10
-50.7561
 20
-16.407
 30
0.0
 10
-50.7561
 20
-16.407
 30
0.0
 10
-50.7674
 20
-16.3878
 30
0.0
 10
-50.7855
 20
-16.3576
 30
0.0
 10
-50.8108
 20
-16.3154
 30
0.0
 10
-50.8221
 20
-16.2968
 30
0.0
 10
-50.8394
 20
-16.2671
 30
0.0
 10
-50.8626
 20
-16.2271
 30
0.0
 10
-50.8626
 20
-16.2271
 30
0.0
 10
-50.8626
 20
-17.6311
 30
0.0
 10
-50.8626
 20
-17.6311
 30
0.0
 10
-50.8626
 20
-17.6311
 30
0.0
 10
-51.1408
 20
-17.6311
 30
0.0
 10
-51.1408
 20
-17.6311
 30
0.0
 10
-51.1408
 20
-17.6311
 30
0.0
 10
-51.1408
 20
-15.7146
 30
0.0
 10
-51.1408
 20
-15.7146
 30
0.0
 10
-51.1408
 20
-15.7146
 30
0.0
 10
-50.759
 20
-15.7146
 30
0.0
 10
-50.759
 20
-15.7146
 30
0.0
 10
-50.759
 20
-15.7146
 30
0.0
 10
-50.0876
 20
-16.8435
 30
0.0
 10
-50.0876
 20
-16.8435
 30
0.0
 10
-50.0821
 20
-16.8527
 30
0.0
 10
-50.0413
 20
-16.9216
 30
0.0
 10
-49.9654
 20
-17.05
 30
0.0
 10
-49.9654
 20
-17.05
 30
0.0
 10
-49.9654
 20
-15.7146
 30
0.0
 10
-49.9654
 20
-15.7146
 30
0.0
 10
-49.9654
 20
-15.7146
 30
0.0
 10
-49.6932
 20
-15.7146
 30
0.0
 10
-49.6932
 20
-15.7146
 30
0.0
 10
-49.6932
 20
-15.7146
 30
0.0
 10
-49.6932
 20
-17.6311
 30
0.0
 10
-49.6932
 20
-17.6311
 30
0.0
  0
SPLINE
  5
EF
330
1F
100
AcDbEntity
  8
Layer 1
 62
   240
100
AcDbSpline
210
0.0
220
0.0
230
1.0
 70
    11
 71
     3
 72
    14
 73
    10
 74
     0
 42
0.0000000001
 43
0.0000000001
 40
0.0
 40
0.0
 40
0.0
 40
0.0
 40
0.3333333333333333
 40
0.3333333333333333
 40
0.3333333333333333
 40
0.6666666666666666
 40
0.6666666666666666
 40
0.6666666666666666
 40
1.0
 40
1.0
 40
1.0
 40
1.0
 10
-48.3831
 20
-16.8982
 30
0.0
 10
-48.3831
 20
-16.8982
 30
0.0
 10
-48.6623
 20
-16.043
 30
0.0
 10
-48.6623
 20
-16.043
 30
0.0
 10
-48.6623
 20
-16.043
 30
0.0
 10
-48.9421
 20
-16.8982
 30
0.0
 10
-48.9421
 20
-16.8982
 30
0.0
 10
-48.9421
 20
-16.8982
 30
0.0
 10
-48.3831
 20
-16.8982
 30
0.0
 10
-48.3831
 20
-16.8982
 30
0.0
  0
SPLINE
  5
F0
330
1F
100
AcDbEntity
  8
Layer 1
 62
   240
100
AcDbSpline
210
0.0
220
0.0
230
1.0
 70
    11
 71
     3
 72
    29
 73
    25
 74
     0
 42
0.0000000001
 43
0.0000000001
 40
0.0
 40
0.0
 40
0.0
 40
0.0
 40
0.125
 40
0.125
 40
0.125
 40
0.25
 40
0.25
 40
0.25
 40
0.375
 40
0.375
 40
0.375
 40
0.5
 40
0.5
 40
0.5
 40
0.625
 40
0.625
 40
0.625
 40
0.75
 40
0.75
 40
0.75
 40
0.875
 40
0.875
 40
0.875
 40
1.0
 40
1.0
 40
1.0
 40
1.0
 10
-47.7683
 20
-17.6311
 30
0.0
 10
-47.7683
 20
-17.6311
 30
0.0
 10
-48.1374
 20
-17.6311
 30
0.0
 10
-48.1374
 20
-17.6311
 30
0.0
 10
-48.1374
 20
-17.6311
 30
0.0
 10
-48.2905
 20
-17.1748
 30
0.0
 10
-48.2905
 20
-17.1748
 30
0.0
 10
-48.2905
 20
-17.1748
 30
0.0
 10
-49.0275
 20
-17.1748
 30
0.0
 10
-49.0275
 20
-17.1748
 30
0.0
 10
-49.0275
 20
-17.1748
 30
0.0
 10
-49.1777
 20
-17.6311
 30
0.0
 10
-49.1777
 20
-17.6311
 30
0.0
 10
-49.1777
 20
-17.6311
 30
0.0
 10
-49.4728
 20
-17.6311
 30
0.0
 10
-49.4728
 20
-17.6311
 30
0.0
 10
-49.4728
 20
-17.6311
 30
0.0
 10
-48.8366
 20
-15.7146
 30
0.0
 10
-48.8366
 20
-15.7146
 30
0.0
 10
-48.8366
 20
-15.7146
 30
0.0
 10
-48.4112
 20
-15.7146
 30
0.0
 10
-48.4112
 20
-15.7146
 30
0.0
 10
-48.4112
 20
-15.7146
 30
0.0
 10
-47.7683
 20
-17.6311
 30
0.0
 10
-47.7683
 20
-17.6311
 30
0.0
  0
SPLINE
  5
F1
330
1F
100
AcDbEntity
  8
Layer 1
 62
   240
100
AcDbSpline
210
0.0
220
0.0
230
1.0
 70
    11
 71
     3
 72
    44
 73
    40
 74
     0
 42
0.0000000001
 43
0.0000000001
 40
0.0
 40
0.0
 40
0.0
 40
0.0
 40
0.0769230769230769
 40
0.0769230769230769
 40
0.0769230769230769
 40
0.1538461538461539
 40
0.1538461538461539
 40
0.1538461538461539
 40
0.2307692307692308
 40
0.2307692307692308
 40
0.2307692307692308
 40
0.3076923076923077
 40
0.3076923076923077
 40
0.3076923076923077
 40
0.3846153846153846
 40
0.3846153846153846
 40
0.3846153846153846
 40
0.4615384615384616
 40
0.4615384615384616
 40
0.4615384615384616
 40
0.5384615384615385
 40
0.5384615384615385
 40
0.5384615384615385
 40
0.6153846153846154
 40
0.6153846153846154
 40
0.6153846153846154
 40
0.6923076923076923
 40
0.6923076923076923
 40
0.6923076923076923
 40
0.7692307692307693
 40
0.7692307692307693
 40
0.7692307692307693
 40
0.8461538461538463
 40
0.8461538461538463
 40
0.8461538461538463
 40
0.9230769230769231
 40
0.9230769230769231
 40
0.9230769230769231
 40
1.0
 40
1.0
 40
1.0
 40
1.0
 10
-46.0904
 20
-17.6311
 30
0.0
 10
-46.0904
 20
-17.6311
 30
0.0
 10
-46.4256
 20
-17.6311
 30
0.0
 10
-46.4256
 20
-17.6311
 30
0.0
 10
-46.4256
 20
-17.6311
 30
0.0
 10
-47.1532
 20
-16.407
 30
0.0
 10
-47.1532
 20
-16.407
 30
0.0
 10
-47.1643
 20
-16.3878
 30
0.0
 10
-47.1824
 20
-16.3576
 30
0.0
 10
-47.2079
 20
-16.3154
 30
0.0
 10
-47.2193
 20
-16.2968
 30
0.0
 10
-47.2363
 20
-16.2671
 30
0.0
 10
-47.2597
 20
-16.2271
 30
0.0
 10
-47.2597
 20
-16.2271
 30
0.0
 10
-47.2597
 20
-17.6311
 30
0.0
 10
-47.2597
 20
-17.6311
 30
0.0
 10
-47.2597
 20
-17.6311
 30
0.0
 10
-47.5379
 20
-17.6311
 30
0.0
 10
-47.5379
 20
-17.6311
 30
0.0
 10
-47.5379
 20
-17.6311
 30
0.0
 10
-47.5379
 20
-15.7146
 30
0.0
 10
-47.5379
 20
-15.7146
 30
0.0
 10
-47.5379
 20
-15.7146
 30
0.0
 10
-47.1561
 20
-15.7146
 30
0.0
 10
-47.1561
 20
-15.7146
 30
0.0
 10
-47.1561
 20
-15.7146
 30
0.0
 10
-46.4848
 20
-16.8435
 30
0.0
 10
-46.4848
 20
-16.8435
 30
0.0
 10
-46.4792
 20
-16.8527
 30
0.0
 10
-46.4385
 20
-16.9216
 30
0.0
 10
-46.3625
 20
-17.05
 30
0.0
 10
-46.3625
 20
-17.05
 30
0.0
 10
-46.3625
 20
-15.7146
 30
0.0
 10
-46.3625
 20
-15.7146
 30
0.0
 10
-46.3625
 20
-15.7146
 30
0.0
 10
-46.0904
 20
-15.7146
 30
0.0
 10
-46.0904
 20
-15.7146
 30
0.0
 10
-46.0904
 20
-15.7146
 30
0.0
 10
-46.0904
 20
-17.6311
 30
0.0
 10
-46.0904
 20
-17.6311
 30
0.0
  0
SPLINE
  5
F2
330
1F
100
AcDbEntity
  8
Layer 1
 62
   240
100
AcDbSpline
210
0.0
220
0.0
230
1.0
 70
    11
 71
     3
 72
    41
 73
    37
 74
     0
 42
0.0000000001
 43
0.0000000001
 40
0.0
 40
0.0
 40
0.0
 40
0.0
 40
0.0833333333333333
 40
0.0833333333333333
 40
0.0833333333333333
 40
0.1666666666666667
 40
0.1666666666666667
 40
0.1666666666666667
 40
0.25
 40
0.25
 40
0.25
 40
0.3333333333333333
 40
0.3333333333333333
 40
0.3333333333333333
 40
0.4166666666666666
 40
0.4166666666666666
 40
0.4166666666666666
 40
0.5
 40
0.5
 40
0.5
 40
0.5833333333333333
 40
0.5833333333333333
 40
0.5833333333333333
 40
0.6666666666666666
 40
0.6666666666666666
 40
0.6666666666666666
 40
0.75
 40
0.75
 40
0.75
 40
0.8333333333333333
 40
0.8333333333333333
 40
0.8333333333333333
 40
0.9166666666666666
 40
0.9166666666666666
 40
0.9166666666666666
 40
1.0
 40
1.0
 40
1.0
 40
1.0
 10
-69.8163
 20
-18.0895
 30
0.0
 10
-69.8163
 20
-18.0895
 30
0.0
 10
-71.4459
 20
-18.0895
 30
0.0
 10
-71.4459
 20
-18.0895
 30
0.0
 10
-71.6731
 20
-18.0895
 30
0.0
 10
-71.879
 20
-17.9972
 30
0.0
 10
-72.0278
 20
-17.8484
 30
0.0
 10
-72.1768
 20
-17.6995
 30
0.0
 10
-72.269
 20
-17.4936
 30
0.0
 10
-72.269
 20
-17.2664
 30
0.0
 10
-72.269
 20
-17.2664
 30
0.0
 10
-72.269
 20
-15.6368
 30
0.0
 10
-72.269
 20
-15.6368
 30
0.0
 10
-72.269
 20
-15.4097
 30
0.0
 10
-72.1768
 20
-15.2038
 30
0.0
 10
-72.0278
 20
-15.0548
 30
0.0
 10
-71.879
 20
-14.906
 30
0.0
 10
-71.6731
 20
-14.8138
 30
0.0
 10
-71.4459
 20
-14.8138
 30
0.0
 10
-71.4459
 20
-14.8138
 30
0.0
 10
-69.8163
 20
-14.8138
 30
0.0
 10
-69.8163
 20
-14.8138
 30
0.0
 10
-69.5896
 20
-14.8138
 30
0.0
 10
-69.384
 20
-14.9061
 30
0.0
 10
-69.2349
 20
-15.0552
 30
0.0
 10
-69.0857
 20
-15.2038
 30
0.0
 10
-68.9935
 20
-15.4097
 30
0.0
 10
-68.9935
 20
-15.6368
 30
0.0
 10
-68.9935
 20
-15.6368
 30
0.0
 10
-68.9935
 20
-17.2664
 30
0.0
 10
-68.9935
 20
-17.2664
 30
0.0
 10
-68.9935
 20
-17.4936
 30
0.0
 10
-69.0857
 20
-17.6994
 30
0.0
 10
-69.2346
 20
-17.8484
 30
0.0
 10
-69.384
 20
-17.9971
 30
0.0
 10
-69.5896
 20
-18.0895
 30
0.0
 10
-69.8163
 20
-18.0895
 30
0.0
  0
SPLINE
  5
F3
330
1F
100
AcDbEntity
  8
Layer 1
 62
   240
100
AcDbSpline
210
0.0
220
0.0
230
1.0
 70
    11
 71
     3
 72
    41
 73
    37
 74
     0
 42
0.0000000001
 43
0.0000000001
 40
0.0
 40
0.0
 40
0.0
 40
0.0
 40
0.0833333333333333
 40
0.0833333333333333
 40
0.0833333333333333
 40
0.1666666666666667
 40
0.1666666666666667
 40
0.1666666666666667
 40
0.25
 40
0.25
 40
0.25
 40
0.3333333333333333
 40
0.3333333333333333
 40
0.3333333333333333
 40
0.4166666666666666
 40
0.4166666666666666
 40
0.4166666666666666
 40
0.5
 40
0.5
 40
0.5
 40
0.5833333333333333
 40
0.5833333333333333
 40
0.5833333333333333
 40
0.6666666666666666
 40
0.6666666666666666
 40
0.6666666666666666
 40
0.75
 40
0.75
 40
0.75
 40
0.8333333333333333
 40
0.8333333333333333
 40
0.8333333333333333
 40
0.9166666666666666
 40
0.9166666666666666
 40
0.9166666666666666
 40
1.0
 40
1.0
 40
1.0
 40
1.0
 10
-71.4459
 20
-17.8265
 30
0.0
 10
-71.4459
 20
-17.8265
 30
0.0
 10
-69.8163
 20
-17.8265
 30
0.0
 10
-69.8163
 20
-17.8265
 30
0.0
 10
-69.6614
 20
-17.8265
 30
0.0
 10
-69.5214
 20
-17.7639
 30
0.0
 10
-69.4205
 20
-17.663
 30
0.0
 10
-69.3192
 20
-17.5612
 30
0.0
 10
-69.2565
 20
-17.421
 30
0.0
 10
-69.2565
 20
-17.2664
 30
0.0
 10
-69.2565
 20
-17.2664
 30
0.0
 10
-69.2565
 20
-15.6368
 30
0.0
 10
-69.2565
 20
-15.6368
 30
0.0
 10
-69.2565
 20
-15.4822
 30
0.0
 10
-69.3192
 20
-15.3421
 30
0.0
 10
-69.4205
 20
-15.2408
 30
0.0
 10
-69.5214
 20
-15.1394
 30
0.0
 10
-69.6614
 20
-15.0767
 30
0.0
 10
-69.8163
 20
-15.0767
 30
0.0
 10
-69.8163
 20
-15.0767
 30
0.0
 10
-71.4459
 20
-15.0767
 30
0.0
 10
-71.4459
 20
-15.0767
 30
0.0
 10
-71.6006
 20
-15.0767
 30
0.0
 10
-71.7407
 20
-15.1395
 30
0.0
 10
-71.8419
 20
-15.2407
 30
0.0
 10
-71.9432
 20
-15.342
 30
0.0
 10
-72.006
 20
-15.4822
 30
0.0
 10
-72.006
 20
-15.6368
 30
0.0
 10
-72.006
 20
-15.6368
 30
0.0
 10
-72.006
 20
-17.2664
 30
0.0
 10
-72.006
 20
-17.2664
 30
0.0
 10
-72.006
 20
-17.421
 30
0.0
 10
-71.9432
 20
-17.5612
 30
0.0
 10
-71.8419
 20
-17.6625
 30
0.0
 10
-71.7407
 20
-17.7638
 30
0.0
 10
-71.6006
 20
-17.8265
 30
0.0
 10
-71.4459
 20
-17.8265
 30
0.0
  0
SPLINE
  5
F4
330
1F
100
AcDbEntity
  8
Layer 1
 62
   240
100
AcDbSpline
210
0.0
220
0.0
230
1.0
 70
    11
 71
     3
 72
    29
 73
    25
 74
     0
 42
0.0000000001
 43
0.0000000001
 40
0.0
 40
0.0
 40
0.0
 40
0.0
 40
0.125
 40
0.125
 40
0.125
 40
0.25
 40
0.25
 40
0.25
 40
0.375
 40
0.375
 40
0.375
 40
0.5
 40
0.5
 40
0.5
 40
0.625
 40
0.625
 40
0.625
 40
0.75
 40
0.75
 40
0.75
 40
0.875
 40
0.875
 40
0.875
 40
1.0
 40
1.0
 40
1.0
 40
1.0
 10
-69.8589
 20
-16.5091
 30
0.0
 10
-69.8589
 20
-16.7217
 30
0.0
 10
-69.9455
 20
-16.9146
 30
0.0
 10
-70.0852
 20
-17.0544
 30
0.0
 10
-70.2246
 20
-17.1943
 30
0.0
 10
-70.4175
 20
-17.2807
 30
0.0
 10
-70.6305
 20
-17.2807
 30
0.0
 10
-70.843
 20
-17.2807
 30
0.0
 10
-71.0359
 20
-17.1941
 30
0.0
 10
-71.1756
 20
-17.0544
 30
0.0
 10
-71.3154
 20
-16.9151
 30
0.0
 10
-71.4018
 20
-16.7221
 30
0.0
 10
-71.4018
 20
-16.5091
 30
0.0
 10
-71.4018
 20
-16.2964
 30
0.0
 10
-71.3153
 20
-16.1038
 30
0.0
 10
-71.1758
 20
-15.9641
 30
0.0
 10
-71.036
 20
-15.8242
 30
0.0
 10
-70.8431
 20
-15.7376
 30
0.0
 10
-70.6305
 20
-15.7376
 30
0.0
 10
-70.4175
 20
-15.7376
 30
0.0
 10
-70.2246
 20
-15.824
 30
0.0
 10
-70.0849
 20
-15.9636
 30
0.0
 10
-69.9453
 20
-16.1032
 30
0.0
 10
-69.8589
 20
-16.2961
 30
0.0
 10
-69.8589
 20
-16.5091
 30
0.0
  0
SPLINE
  5
F5
330
1F
100
AcDbEntity
  8
Layer 1
 62
   240
100
AcDbSpline
210
0.0
220
0.0
230
1.0
 70
    11
 71
     3
 72
    29
 73
    25
 74
     0
 42
0.0000000001
 43
0.0000000001
 40
0.0
 40
0.0
 40
0.0
 40
0.0
 40
0.125
 40
0.125
 40
0.125
 40
0.25
 40
0.25
 40
0.25
 40
0.375
 40
0.375
 40
0.375
 40
0.5
 40
0.5
 40
0.5
 40
0.625
 40
0.625
 40
0.625
 40
0.75
 40
0.75
 40
0.75
 40
0.875
 40
0.875
 40
0.875
 40
1.0
 40
1.0
 40
1.0
 40
1.0
 10
-70.2706
 20
-16.8688
 30
0.0
 10
-70.1786
 20
-16.7772
 30
0.0
 10
-70.1219
 20
-16.65
 30
0.0
 10
-70.1219
 20
-16.5091
 30
0.0
 10
-70.1219
 20
-16.3687
 30
0.0
 10
-70.1789
 20
-16.2414
 30
0.0
 10
-70.2708
 20
-16.1495
 30
0.0
 10
-70.3628
 20
-16.0576
 30
0.0
 10
-70.4901
 20
-16.0006
 30
0.0
 10
-70.6305
 20
-16.0006
 30
0.0
 10
-70.7712
 20
-16.0006
 30
0.0
 10
-70.8983
 20
-16.0573
 30
0.0
 10
-70.9899
 20
-16.149
 30
0.0
 10
-71.0818
 20
-16.241
 30
0.0
 10
-71.1388
 20
-16.3684
 30
0.0
 10
-71.1388
 20
-16.5091
 30
0.0
 10
-71.1388
 20
-16.6496
 30
0.0
 10
-71.0819
 20
-16.7769
 30
0.0
 10
-70.99
 20
-16.8688
 30
0.0
 10
-70.8984
 20
-16.961
 30
0.0
 10
-70.7712
 20
-17.0177
 30
0.0
 10
-70.6305
 20
-17.0177
 30
0.0
 10
-70.4901
 20
-17.0177
 30
0.0
 10
-70.3628
 20
-16.9607
 30
0.0
 10
-70.2706
 20
-16.8688
 30
0.0
  0
SPLINE
  5
F6
330
1F
100
AcDbEntity
  8
Layer 1
 62
   250
100
AcDbSpline
210
0.0
220
0.0
230
1.0
 70
    11
 71
     3
 72
    17
 73
    13
 74
     0
 42
0.0000000001
 43
0.0000000001
 40
0.0
 40
0.0
 40
0.0
 40
0.0
 40
0.25
 40
0.25
 40
0.25
 40
0.5
 40
0.5
 40
0.5
 40
0.75
 40
0.75
 40
0.75
 40
1.0
 40
1.0
 40
1.0
 40
1.0
 10
-69.7466
 20
-15.6889
 30
0.0
 10
-69.7466
 20
-15.7563
 30
0.0
 10
-69.8013
 20
-15.811
 30
0.0
 10
-69.8686
 20
-15.811
 30
0.0
 10
-69.9359
 20
-15.811
 30
0.0
 10
-69.9904
 20
-15.7563
 30
0.0
 10
-69.9904
 20
-15.6889
 30
0.0
 10
-69.9904
 20
-15.6213
 30
0.0
 10
-69.9359
 20
-15.5669
 30
0.0
 10
-69.8686
 20
-15.5669
 30
0.0
 10
-69.8013
 20
-15.5669
 30
0.0
 10
-69.7466
 20
-15.6213
 30
0.0
 10
-69.7466
 20
-15.6889
 30
0.0
  0
SPLINE
  5
F7
330
1F
100
AcDbEntity
  8
Layer 1
 62
   240
100
AcDbSpline
210
0.0
220
0.0
230
1.0
 70
    11
 71
     3
 72
    29
 73
    25
 74
     0
 42
0.0000000001
 43
0.0000000001
 40
0.0
 40
0.0
 40
0.0
 40
0.0
 40
0.125
 40
0.125
 40
0.125
 40
0.25
 40
0.25
 40
0.25
 40
0.375
 40
0.375
 40
0.375
 40
0.5
 40
0.5
 40
0.5
 40
0.625
 40
0.625
 40
0.625
 40
0.75
 40
0.75
 40
0.75
 40
0.875
 40
0.875
 40
0.875
 40
1.0
 40
1.0
 40
1.0
 40
1.0
 10
-69.6151
 20
-15.6889
 30
0.0
 10
-69.6151
 20
-15.7589
 30
0.0
 10
-69.6437
 20
-15.8224
 30
0.0
 10
-69.6894
 20
-15.8681
 30
0.0
 10
-69.7358
 20
-15.914
 30
0.0
 10
-69.7993
 20
-15.9425
 30
0.0
 10
-69.8686
 20
-15.9425
 30
0.0
 10
-69.9385
 20
-15.9425
 30
0.0
 10
-70.0018
 20
-15.9141
 30
0.0
 10
-70.0477
 20
-15.8682
 30
0.0
 10
-70.0934
 20
-15.8217
 30
0.0
 10
-70.1218
 20
-15.7585
 30
0.0
 10
-70.1218
 20
-15.6889
 30
0.0
 10
-70.1218
 20
-15.6194
 30
0.0
 10
-70.0935
 20
-15.5561
 30
0.0
 10
-70.0478
 20
-15.5102
 30
0.0
 10
-70.0019
 20
-15.4638
 30
0.0
 10
-69.9386
 20
-15.4354
 30
0.0
 10
-69.8686
 20
-15.4354
 30
0.0
 10
-69.7988
 20
-15.4354
 30
0.0
 10
-69.7352
 20
-15.4638
 30
0.0
 10
-69.6894
 20
-15.5097
 30
0.0
 10
-69.6435
 20
-15.5555
 30
0.0
 10
-69.6151
 20
-15.6189
 30
0.0
 10
-69.6151
 20
-15.6889
 30
0.0
  0
SPLINE
  5
F8
330
1F
100
AcDbEntity
  8
Layer 1
 62
   240
100
AcDbSpline
210
0.0
220
0.0
230
1.0
 70
    27
 71
     3
 72
    11
 73
     7
 74
     0
 42
0.0000000001
 43
0.0000000001
 40
0.0
 40
0.0
 40
0.0
 40
0.0
 40
0.5
 40
0.5
 40
0.5
 40
1.0
 40
1.0
 40
1.0
 40
1.0
 10
-69.8624
 20
-15.6953
 30
0.0
 10
-69.8624
 20
-15.6953
 30
0.0
 10
-69.8683
 20
-15.6893
 30
0.0
 10
-69.8683
 20
-15.6893
 30
0.0
 10
-69.8683
 20
-15.6893
 30
0.0
 10
-69.8624
 20
-15.6953
 30
0.0
 10
-69.8624
 20
-15.6953
 30
0.0
  0
SPLINE
  5
F9
330
1F
100
AcDbEntity
  8
Layer 1
 62
   240
100
AcDbSpline
210
0.0
220
0.0
230
1.0
 70
    11
 71
     3
 72
    14
 73
    10
 74
     0
 42
0.0000000001
 43
0.0000000001
 40
0.0
 40
0.0
 40
0.0
 40
0.0
 40
0.3333333333333333
 40
0.3333333333333333
 40
0.3333333333333333
 40
0.6666666666666666
 40
0.6666666666666666
 40
0.6666666666666666
 40
1.0
 40
1.0
 40
1.0
 40
1.0
 10
-69.8679
 20
-15.6889
 30
0.0
 10
-69.8679
 20
-15.6889
 30
0.0
 10
-69.8593
 20
-15.6889
 30
0.0
 10
-69.8593
 20
-15.6889
 30
0.0
 10
-69.8593
 20
-15.6889
 30
0.0
 10
-69.8621
 20
-15.6831
 30
0.0
 10
-69.8621
 20
-15.6831
 30
0.0
 10
-69.8621
 20
-15.6831
 30
0.0
 10
-69.8679
 20
-15.6889
 30
0.0
 10
-69.8679
 20
-15.6889
 30
0.0
  0
SPLINE
  5
FA
330
1F
100
AcDbEntity
  8
Layer 1
 62
   240
100
AcDbSpline
210
0.0
220
0.0
230
1.0
 70
    27
 71
     3
 72
    11
 73
     7
 74
     0
 42
0.0000000001
 43
0.0000000001
 40
0.0
 40
0.0
 40
0.0
 40
0.0
 40
0.5
 40
0.5
 40
0.5
 40
1.0
 40
1.0
 40
1.0
 40
1.0
 10
-69.8682
 20
-15.6892
 30
0.0
 10
-69.8682
 20
-15.6892
 30
0.0
 10
-69.8623
 20
-15.6953
 30
0.0
 10
-69.8623
 20
-15.6953
 30
0.0
 10
-69.8623
 20
-15.6953
 30
0.0
 10
-69.8682
 20
-15.6892
 30
0.0
 10
-69.8682
 20
-15.6892
 30
0.0
  0
SPLINE
  5
FB
330
1F
100
AcDbEntity
  8
Layer 1
 62
   240
100
AcDbSpline
210
0.0
220
0.0
230
1.0
 70
    11
 71
     3
 72
    14
 73
    10
 74
     0
 42
0.0000000001
 43
0.0000000001
 40
0.0
 40
0.0
 40
0.0
 40
0.0
 40
0.3333333333333333
 40
0.3333333333333333
 40
0.3333333333333333
 40
0.6666666666666666
 40
0.6666666666666666
 40
0.6666666666666666
 40
1.0
 40
1.0
 40
1.0
 40
1.0
 10
-69.8686
 20
-15.6979
 30
0.0
 10
-69.8686
 20
-15.6979
 30
0.0
 10
-69.8686
 20
-15.6896
 30
0.0
 10
-69.8686
 20
-15.6896
 30
0.0
 10
-69.8686
 20
-15.6896
 30
0.0
 10
-69.8744
 20
-15.6954
 30
0.0
 10
-69.8744
 20
-15.6954
 30
0.0
 10
-69.8744
 20
-15.6954
 30
0.0
 10
-69.8686
 20
-15.6979
 30
0.0
 10
-69.8686
 20
-15.6979
 30
0.0
  0
SPLINE
  5
FC
330
1F
100
AcDbEntity
  8
Layer 1
 62
   240
100
AcDbSpline
210
0.0
220
0.0
230
1.0
 70
    11
 71
     3
 72
    14
 73
    10
 74
     0
 42
0.0000000001
 43
0.0000000001
 40
0.0
 40
0.0
 40
0.0
 40
0.0
 40
0.3333333333333333
 40
0.3333333333333333
 40
0.3333333333333333
 40
0.6666666666666666
 40
0.6666666666666666
 40
0.6666666666666666
 40
1.0
 40
1.0
 40
1.0
 40
1.0
 10
-69.8686
 20
-15.6883
 30
0.0
 10
-69.8686
 20
-15.6883
 30
0.0
 10
-69.8686
 20
-15.6801
 30
0.0
 10
-69.8686
 20
-15.6801
 30
0.0
 10
-69.8686
 20
-15.6801
 30
0.0
 10
-69.8741
 20
-15.6828
 30
0.0
 10
-69.8741
 20
-15.6828
 30
0.0
 10
-69.8741
 20
-15.6828
 30
0.0
 10
-69.8686
 20
-15.6883
 30
0.0
 10
-69.8686
 20
-15.6883
 30
0.0
  0
SPLINE
  5
FD
330
1F
100
AcDbEntity
  8
Layer 1
 62
   240
100
AcDbSpline
210
0.0
220
0.0
230
1.0
 70
    11
 71
     3
 72
    14
 73
    10
 74
     0
 42
0.0000000001
 43
0.0000000001
 40
0.0
 40
0.0
 40
0.0
 40
0.0
 40
0.3333333333333333
 40
0.3333333333333333
 40
0.3333333333333333
 40
0.6666666666666666
 40
0.6666666666666666
 40
0.6666666666666666
 40
1.0
 40
1.0
 40
1.0
 40
1.0
 10
-69.8686
 20
-15.6895
 30
0.0
 10
-69.8686
 20
-15.6895
 30
0.0
 10
-69.8627
 20
-15.6954
 30
0.0
 10
-69.8627
 20
-15.6954
 30
0.0
 10
-69.8627
 20
-15.6954
 30
0.0
 10
-69.8686
 20
-15.6979
 30
0.0
 10
-69.8686
 20
-15.6979
 30
0.0
 10
-69.8686
 20
-15.6979
 30
0.0
 10
-69.8686
 20
-15.6895
 30
0.0
 10
-69.8686
 20
-15.6895
 30
0.0
  0
SPLINE
  5
FE
330
1F
100
AcDbEntity
  8
Layer 1
 62
   240
100
AcDbSpline
210
0.0
220
0.0
230
1.0
 70
    27
 71
     3
 72
    11
 73
     7
 74
     0
 42
0.0000000001
 43
0.0000000001
 40
0.0
 40
0.0
 40
0.0
 40
0.0
 40
0.5
 40
0.5
 40
0.5
 40
1.0
 40
1.0
 40
1.0
 40
1.0
 10
-69.8683
 20
-15.6887
 30
0.0
 10
-69.8683
 20
-15.6887
 30
0.0
 10
-69.8621
 20
-15.6827
 30
0.0
 10
-69.8621
 20
-15.6827
 30
0.0
 10
-69.8621
 20
-15.6827
 30
0.0
 10
-69.8683
 20
-15.6887
 30
0.0
 10
-69.8683
 20
-15.6887
 30
0.0
  0
SPLINE
  5
FF
330
1F
100
AcDbEntity
  8
Layer 1
 62
   240
100
AcDbSpline
210
0.0
220
0.0
230
1.0
 70
    11
 71
     3
 72
    14
 73
    10
 74
     0
 42
0.0000000001
 43
0.0000000001
 40
0.0
 40
0.0
 40
0.0
 40
0.0
 40
0.3333333333333333
 40
0.3333333333333333
 40
0.3333333333333333
 40
0.6666666666666666
 40
0.6666666666666666
 40
0.6666666666666666
 40
1.0
 40
1.0
 40
1.0
 40
1.0
 10
-69.8623
 20
-15.6826
 30
0.0
 10
-69.8623
 20
-15.6826
 30
0.0
 10
-69.8686
 20
-15.6801
 30
0.0
 10
-69.8686
 20
-15.6801
 30
0.0
 10
-69.8686
 20
-15.6801
 30
0.0
 10
-69.8686
 20
-15.6883
 30
0.0
 10
-69.8686
 20
-15.6883
 30
0.0
 10
-69.8686
 20
-15.6883
 30
0.0
 10
-69.8623
 20
-15.6826
 30
0.0
 10
-69.8623
 20
-15.6826
 30
0.0
  0
SPLINE
  5
100
330
1F
100
AcDbEntity
  8
Layer 1
 62
   240
100
AcDbSpline
210
0.0
220
0.0
230
1.0
 70
    11
 71
     3
 72
    14
 73
    10
 74
     0
 42
0.0000000001
 43
0.0000000001
 40
0.0
 40
0.0
 40
0.0
 40
0.0
 40
0.3333333333333333
 40
0.3333333333333333
 40
0.3333333333333333
 40
0.6666666666666666
 40
0.6666666666666666
 40
0.6666666666666666
 40
1.0
 40
1.0
 40
1.0
 40
1.0
 10
-69.8593
 20
-15.6889
 30
0.0
 10
-69.8593
 20
-15.6889
 30
0.0
 10
-69.8679
 20
-15.6889
 30
0.0
 10
-69.8679
 20
-15.6889
 30
0.0
 10
-69.8679
 20
-15.6889
 30
0.0
 10
-69.8621
 20
-15.6948
 30
0.0
 10
-69.8621
 20
-15.6948
 30
0.0
 10
-69.8621
 20
-15.6948
 30
0.0
 10
-69.8593
 20
-15.6889
 30
0.0
 10
-69.8593
 20
-15.6889
 30
0.0
  0
SPLINE
  5
101
330
1F
100
AcDbEntity
  8
Layer 1
 62
   250
370
    18
100
AcDbSpline
210
0.0
220
0.0
230
1.0
 70
    11
 71
     3
 72
    29
 73
    25
 74
     0
 42
0.0000000001
 43
0.0000000001
 40
0.0
 40
0.0
 40
0.0
 40
0.0
 40
0.125
 40
0.125
 40
0.125
 40
0.25
 40
0.25
 40
0.25
 40
0.375
 40
0.375
 40
0.375
 40
0.5
 40
0.5
 40
0.5
 40
0.625
 40
0.625
 40
0.625
 40
0.75
 40
0.75
 40
0.75
 40
0.875
 40
0.875
 40
0.875
 40
1.0
 40
1.0
 40
1.0
 40
1.0
 10
-76.0797
 20
19.3105
 30
0.0
 10
-76.0797
 20
19.3105
 30
0.0
 10
-42.2797
 20
19.3105
 30
0.0
 10
-42.2797
 20
19.3105
 30
0.0
 10
-40.6274
 20
19.3105
 30
0.0
 10
-39.2797
 20
17.9628
 30
0.0
 10
-39.2797
 20
16.3105
 30
0.0
 10
-39.2797
 20
16.3105
 30
0.0
 10
-39.2797
 20
-17.4895
 30
0.0
 10
-39.2797
 20
-17.4895
 30
0.0
 10
-39.2797
 20
-19.1418
 30
0.0
 10
-40.6274
 20
-20.4895
 30
0.0
 10
-42.2797
 20
-20.4895
 30
0.0
 10
-42.2797
 20
-20.4895
 30
0.0
 10
-76.0797
 20
-20.4895
 30
0.0
 10
-76.0797
 20
-20.4895
 30
0.0
 10
-77.732
 20
-20.4895
 30
0.0
 10
-79.0797
 20
-19.1418
 30
0.0
 10
-79.0797
 20
-17.4895
 30
0.0
 10
-79.0797
 20
-17.4895
 30
0.0
 10
-79.0797
 20
16.3105
 30
0.0
 10
-79.0797
 20
16.3105
 30
0.0
 10
-79.0797
 20
17.9628
 30
0.0
 10
-77.732
 20
19.3105
 30
0.0
 10
-76.0797
 20
19.3105
 30
0.0
  0
ENDSEC
  0
SECTION
  2
OBJECTS
  0
DICTIONARY
  5
C
330
0
100
AcDbDictionary
281
     1
  3
ACAD_DETAILVIEWSTYLE
350
109
  3
ACAD_GROUP
350
D
  3
ACAD_LAYOUT
350
1A
  3
ACAD_MATERIAL
350
43
  3
ACAD_MLEADERSTYLE
350
5B
  3
ACAD_MLINESTYLE
350
17
  3
ACAD_PLOTSETTINGS
350
19
  3
ACAD_PLOTSTYLENAME
350
E
  3
ACAD_SCALELIST
350
47
  3
ACAD_SECTIONVIEWSTYLE
350
10A
  3
ACAD_TABLESTYLE
350
59
  3
ACAD_VISUALSTYLE
350
2A
  3
ACDB_RECOMPOSE_DATA
350
106
  3
AcDbVariableDictionary
350
102
  0
SUN
  5
5D
330
29
100
AcDbSun
 90
        1
290
     0
 63
     7
421
 16777215
 40
1.0
291
     1
 91
  2455826
 92
 54000000
292
     0
 70
     2
 71
   256
280
     1
  0
DICTIONARY
  5
109
102
{ACAD_REACTORS
330
C
102
}
330
C
100
AcDbDictionary
281
     1
  0
DICTIONARY
  5
D
102
{ACAD_REACTORS
330
C
102
}
330
C
100
AcDbDictionary
281
     1
  0
DICTIONARY
  5
1A
102
{ACAD_REACTORS
330
C
102
}
330
C
100
AcDbDictionary
281
     1
  3
Layout1
350
1E
  3
Layout2
350
26
  3
Model
350
22
  0
DICTIONARY
  5
43
102
{ACAD_REACTORS
330
C
102
}
330
C
100
AcDbDictionary
281
     1
  3
ByBlock
350
45
  3
ByLayer
350
44
  3
Global
350
46
  0
DICTIONARY
  5
5B
102
{ACAD_REACTORS
330
C
102
}
330
C
100
AcDbDictionary
281
     1
  3
Standard
350
5C
  0
DICTIONARY
  5
17
102
{ACAD_REACTORS
330
C
102
}
330
C
100
AcDbDictionary
281
     1
  3
Standard
350
18
  0
DICTIONARY
  5
19
102
{ACAD_REACTORS
330
C
102
}
330
C
100
AcDbDictionary
281
     1
  0
ACDBDICTIONARYWDFLT
  5
E
102
{ACAD_REACTORS
330
C
102
}
330
C
100
AcDbDictionary
281
     1
  3
Normal
350
F
100
AcDbDictionaryWithDefault
340
F
  0
DICTIONARY
  5
47
102
{ACAD_REACTORS
330
C
102
}
330
C
100
AcDbDictionary
281
     1
  3
A0
350
48
  3
A1
350
49
  3
A2
350
4A
  3
A3
350
4B
  3
A4
350
4C
  3
A5
350
4D
  3
A6
350
4E
  3
A7
350
4F
  3
A8
350
50
  3
A9
350
51
  3
B1
350
52
  3
B2
350
53
  3
B3
350
54
  3
B4
350
55
  3
B5
350
56
  3
B6
350
57
  3
B7
350
58
  0
DICTIONARY
  5
10A
102
{ACAD_REACTORS
330
C
102
}
330
C
100
AcDbDictionary
281
     1
  0
DICTIONARY
  5
59
102
{ACAD_REACTORS
330
C
102
}
330
C
100
AcDbDictionary
281
     1
  3
Standard
350
5A
  0
DICTIONARY
  5
2A
102
{ACAD_REACTORS
330
C
102
}
330
C
100
AcDbDictionary
281
     1
  3
2dWireframe
350
2F
  3
Basic
350
32
  3
Brighten
350
36
  3
ColorChange
350
3A
  3
Conceptual
350
34
  3
Dim
350
35
  3
EdgeColorOff
350
3D
  3
Facepattern
350
39
  3
Flat
350
2B
  3
FlatWithEdges
350
2C
  3
Gouraud
350
2D
  3
GouraudWithEdges
350
2E
  3
Hidden
350
31
  3
JitterOff
350
3B
  3
Linepattern
350
38
  3
OverhangOff
350
3C
  3
Realistic
350
33
  3
Shaded
350
42
  3
Shaded with edges
350
41
  3
Shades of Gray
350
3E
  3
Sketchy
350
3F
  3
Thicken
350
37
  3
Wireframe
350
30
  3
X-Ray
350
40
  0
XRECORD
  5
106
102
{ACAD_REACTORS
330
C
102
}
330
C
100
AcDbXrecord
280
     1
 90
        1
330
5A
  0
DICTIONARY
  5
102
102
{ACAD_REACTORS
330
C
102
}
330
C
100
AcDbDictionary
281
     1
  3
CANNOSCALE
350
103
  3
CMLEADERSTYLE
350
108
  3
CTABLESTYLE
350
107
  0
LAYOUT
  5
1E
102
{ACAD_REACTORS
330
1A
102
}
330
1A
100
AcDbPlotSettings
  1

  2
none_device
  4

  6

 40
0.0
 41
0.0
 42
0.0
 43
0.0
 44
0.0
 45
0.0
 46
0.0
 47
0.0
 48
0.0
 49
0.0
140
0.0
141
0.0
142
1.0
143
1.0
 70
   688
 72
     0
 73
     0
 74
     5
  7

 75
    16
 76
     0
 77
     2
 78
   300
147
1.0
148
0.0
149
0.0
100
AcDbLayout
  1
Layout1
 70
     1
 71
     1
 10
0.0
 20
0.0
 11
12.0
 21
9.0
 12
0.0
 22
0.0
 32
0.0
 14
1.000000000000000E+20
 24
1.000000000000000E+20
 34
1.000000000000000E+20
 15
-1.000000000000000E+20
 25
-1.000000000000000E+20
 35
-1.000000000000000E+20
146
0.0
 13
0.0
 23
0.0
 33
0.0
 16
1.0
 26
0.0
 36
0.0
 17
0.0
 27
1.0
 37
0.0
 76
     0
330
1B
  0
LAYOUT
  5
26
102
{ACAD_REACTORS
330
1A
102
}
330
1A
100
AcDbPlotSettings
  1

  2
none_device
  4

  6

 40
0.0
 41
0.0
 42
0.0
 43
0.0
 44
0.0
 45
0.0
 46
0.0
 47
0.0
 48
0.0
 49
0.0
140
0.0
141
0.0
142
1.0
143
1.0
 70
   688
 72
     0
 73
     0
 74
     5
  7

 75
    16
 76
     0
 77
     2
 78
   300
147
1.0
148
0.0
149
0.0
100
AcDbLayout
  1
Layout2
 70
     1
 71
     2
 10
0.0
 20
0.0
 11
0.0
 21
0.0
 12
0.0
 22
0.0
 32
0.0
 14
0.0
 24
0.0
 34
0.0
 15
0.0
 25
0.0
 35
0.0
146
0.0
 13
0.0
 23
0.0
 33
0.0
 16
1.0
 26
0.0
 36
0.0
 17
0.0
 27
1.0
 37
0.0
 76
     0
330
23
  0
LAYOUT
  5
22
102
{ACAD_REACTORS
330
1A
102
}
330
1A
100
AcDbPlotSettings
  1

  2
none_device
  4
Letter_(8.50_x_11.00_Inches)
  6

 40
6.35
 41
6.35
 42
6.35000508
 43
6.35000508
 44
215.9
 45
279.4
 46
0.0
 47
0.0
 48
0.0
 49
0.0
140
0.0
141
0.0
142
1.0
143
1.0
 70
  1712
 72
     0
 73
     0
 74
     0
  7

 75
     0
 76
     0
 77
     2
 78
   300
147
1.0
148
0.0
149
0.0
100
AcDbLayout
  1
Model
 70
     1
 71
     0
 10
0.0
 20
0.0
 11
12.0
 21
9.0
 12
0.0
 22
0.0
 32
0.0
 14
-79.1679
 24
-25.5777
 34
0.0
 15
25.6314
 25
24.3987
 35
0.0
146
0.0
 13
0.0
 23
0.0
 33
0.0
 16
1.0
 26
0.0
 36
0.0
 17
0.0
 27
1.0
 37
0.0
 76
     0
330
1F
331
29
  0
MATERIAL
  5
45
102
{ACAD_REACTORS
330
43
102
}
330
43
100
AcDbMaterial
  1
ByBlock
 72
     1
 94
      127
  0
MATERIAL
  5
44
102
{ACAD_REACTORS
330
43
102
}
330
43
100
AcDbMaterial
  1
ByLayer
 72
     1
 94
      127
  0
MATERIAL
  5
46
102
{ACAD_REACTORS
330
43
102
}
330
43
100
AcDbMaterial
  1
Global
 72
     1
 94
      127
  0
MLEADERSTYLE
  5
5C
102
{ACAD_REACTORS
330
5B
102
}
330
5B
100
AcDbMLeaderStyle
179
     2
170
     2
171
     1
172
     0
 90
        2
 40
0.0
 41
0.0
173
     1
 91
-1056964608
340
14
 92
       -2
290
     1
 42
0.09
291
     1
 43
0.36
  3
Standard
341
0
 44
0.18
300

342
11
174
     1
178
     6
175
     1
176
     0
 93
-1056964608
 45
0.18
292
     0
297
     0
 46
0.18
343
0
 94
-1056964608
 47
1.0
 49
1.0
140
1.0
293
     1
141
0.0
294
     1
177
     0
142
1.0
295
     0
296
     0
143
0.125
271
     0
272
     9
273
     9
298
     0
  0
MLINESTYLE
  5
18
102
{ACAD_REACTORS
330
17
102
}
330
17
100
AcDbMlineStyle
  2
Standard
 70
     0
  3

 62
   256
 51
90.0
 52
90.0
 71
     2
 49
0.5
 62
   256
  6
BYLAYER
 49
-0.5
 62
   256
  6
BYLAYER
  0
ACDBPLACEHOLDER
  5
F
102
{ACAD_REACTORS
330
E
102
}
330
E
  0
SCALE
  5
48
102
{ACAD_REACTORS
330
47
102
}
330
47
100
AcDbScale
 70
     0
300
1:1
140
1.0
141
1.0
290
     1
  0
SCALE
  5
49
102
{ACAD_REACTORS
330
47
102
}
330
47
100
AcDbScale
 70
     0
300
1/128" = 1'-0"
140
0.0078125
141
12.0
290
     0
  0
SCALE
  5
4A
102
{ACAD_REACTORS
330
47
102
}
330
47
100
AcDbScale
 70
     0
300
1/64" = 1'-0"
140
0.015625
141
12.0
290
     0
  0
SCALE
  5
4B
102
{ACAD_REACTORS
330
47
102
}
330
47
100
AcDbScale
 70
     0
300
1/32" = 1'-0"
140
0.03125
141
12.0
290
     0
  0
SCALE
  5
4C
102
{ACAD_REACTORS
330
47
102
}
330
47
100
AcDbScale
 70
     0
300
1/16" = 1'-0"
140
0.0625
141
12.0
290
     0
  0
SCALE
  5
4D
102
{ACAD_REACTORS
330
47
102
}
330
47
100
AcDbScale
 70
     0
300
3/32" = 1'-0"
140
0.09375
141
12.0
290
     0
  0
SCALE
  5
4E
102
{ACAD_REACTORS
330
47
102
}
330
47
100
AcDbScale
 70
     0
300
1/8" = 1'-0"
140
0.125
141
12.0
290
     0
  0
SCALE
  5
4F
102
{ACAD_REACTORS
330
47
102
}
330
47
100
AcDbScale
 70
     0
300
3/16" = 1'-0"
140
0.1875
141
12.0
290
     0
  0
SCALE
  5
50
102
{ACAD_REACTORS
330
47
102
}
330
47
100
AcDbScale
 70
     0
300
1/4" = 1'-0"
140
0.25
141
12.0
290
     0
  0
SCALE
  5
51
102
{ACAD_REACTORS
330
47
102
}
330
47
100
AcDbScale
 70
     0
300
3/8" = 1'-0"
140
0.375
141
12.0
290
     0
  0
SCALE
  5
52
102
{ACAD_REACTORS
330
47
102
}
330
47
100
AcDbScale
 70
     0
300
1/2" = 1'-0"
140
0.5
141
12.0
290
     0
  0
SCALE
  5
53
102
{ACAD_REACTORS
330
47
102
}
330
47
100
AcDbScale
 70
     0
300
3/4" = 1'-0"
140
0.75
141
12.0
290
     0
  0
SCALE
  5
54
102
{ACAD_REACTORS
330
47
102
}
330
47
100
AcDbScale
 70
     0
300
1" = 1'-0"
140
1.0
141
12.0
290
     0
  0
SCALE
  5
55
102
{ACAD_REACTORS
330
47
102
}
330
47
100
AcDbScale
 70
     0
300
1-1/2" = 1'-0"
140
1.5
141
12.0
290
     0
  0
SCALE
  5
56
102
{ACAD_REACTORS
330
47
102
}
330
47
100
AcDbScale
 70
     0
300
3" = 1'-0"
140
3.0
141
12.0
290
     0
  0
SCALE
  5
57
102
{ACAD_REACTORS
330
47
102
}
330
47
100
AcDbScale
 70
     0
300
6" = 1'-0"
140
6.0
141
12.0
290
     0
  0
SCALE
  5
58
102
{ACAD_REACTORS
330
47
102
}
330
47
100
AcDbScale
 70
     0
300
1'-0" = 1'-0"
140
12.0
141
12.0
290
     0
  0
TABLESTYLE
  5
5A
102
{ACAD_REACTORS
330
59
102
}
102
{ACAD_XDICTIONARY
360
104
102
}
330
59
100
AcDbTableStyle
  3
Standard
 70
     0
 71
     0
 40
0.06
 41
0.06
280
     0
281
     0
  7
Standard
140
0.18
170
     2
 62
     0
 63
   257
283
     0
 90
        4
 91
        0
  1

274
    -2
284
     1
 64
     0
275
    -2
285
     1
 65
     0
276
    -2
286
     1
 66
     0
277
    -2
287
     1
 67
     0
278
    -2
288
     1
 68
     0
279
    -2
289
     1
 69
     0
  7
Standard
140
0.25
170
     5
 62
     0
 63
   257
283
     0
 90
        4
 91
        0
  1

274
    -2
284
     1
 64
     0
275
    -2
285
     1
 65
     0
276
    -2
286
     1
 66
     0
277
    -2
287
     1
 67
     0
278
    -2
288
     1
 68
     0
279
    -2
289
     1
 69
     0
  7
Standard
140
0.18
170
     5
 62
     0
 63
   257
283
     0
 90
        4
 91
        0
  1

274
    -2
284
     1
 64
     0
275
    -2
285
     1
 65
     0
276
    -2
286
     1
 66
     0
277
    -2
287
     1
 67
     0
278
    -2
288
     1
 68
     0
279
    -2
289
     1
 69
     0
  0
VISUALSTYLE
  5
2F
102
{ACAD_REACTORS
330
2A
102
}
330
2A
100
AcDbVisualStyle
  2
2dWireframe
 70
     4
177
     3
291
     0
 70
    58
 90
        0
176
     1
 90
        2
176
     1
 90
        0
176
     1
 90
        0
176
     1
 40
0.6
176
     1
 40
30.0
176
     1
 62
     7
420
 16777215
176
     1
 90
        1
176
     1
 90
        4
176
     1
 62
     7
176
     1
 62
   257
176
     1
 90
        1
176
     1
 90
        1
176
     1
 40
1.0
176
     1
 90
        0
176
     1
 62
   257
176
     1
 40
1.0
176
     1
 90
        1
176
     1
 90
        6
176
     1
 90
        2
176
     1
 62
     7
176
     1
 90
        5
176
     1
 90
        0
176
     1
 90
        0
176
     1
290
     0
176
     1
 90
        1
176
     1
 40
0.0
176
     1
 90
        0
176
     1
290
     1
176
     1
290
     1
176
     1
290
     0
176
     1
290
     0
176
     1
290
     0
176
     1
290
     0
176
     1
290
     0
176
     1
290
     0
176
     1
290
     0
176
     1
 90
       50
176
     1
 40
0.0
176
     1
 40
1.0
176
     1
 90
        0
176
     1
 62
    18
420
        0
176
     1
 90
       50
176
     1
 90
        3
176
     1
 62
     5
420
      255
176
     1
290
     0
176
     1
 90
       50
176
     1
 90
       50
176
     1
 90
       50
176
     1
290
     0
176
     1
 90
       50
176
     1
 62
   256
176
     0
 40
1.0
176
     0
 90
        2
176
     1
  1
strokes_ogs.tif
176
     1
290
     0
176
     1
 40
1.0
176
     1
 40
1.0
176
     1
  0
VISUALSTYLE
  5
32
102
{ACAD_REACTORS
330
2A
102
}
330
2A
100
AcDbVisualStyle
  2
Basic
 70
     7
177
     3
291
     1
 70
    58
 90
        1
176
     1
 90
        0
176
     1
 90
        1
176
     1
 90
        0
176
     1
 40
0.6
176
     1
 40
30.0
176
     1
 62
     7
420
 16777215
176
     1
 90
        0
176
     1
 90
        4
176
     1
 62
     7
176
     1
 62
   257
176
     1
 90
        1
176
     1
 90
        1
176
     1
 40
1.0
176
     1
 90
        8
176
     1
 62
     7
176
     1
 40
1.0
176
     1
 90
        1
176
     1
 90
        6
176
     1
 90
        2
176
     1
 62
     7
176
     1
 90
        5
176
     1
 90
        0
176
     1
 90
        0
176
     1
290
     0
176
     1
 90
        1
176
     1
 40
0.0
176
     1
 90
        0
176
     1
290
     0
176
     1
290
     1
176
     1
290
     1
176
     1
290
     0
176
     1
290
     0
176
     1
290
     0
176
     1
290
     0
176
     1
290
     0
176
     1
290
     0
176
     1
 90
       50
176
     1
 40
0.0
176
     1
 40
1.0
176
     1
 90
        0
176
     1
 62
    18
420
        0
176
     1
 90
       50
176
     1
 90
        3
176
     1
 62
     5
420
      255
176
     1
290
     0
176
     1
 90
       50
176
     1
 90
       50
176
     1
 90
       50
176
     1
290
     0
176
     1
 90
       50
176
     1
 62
   256
176
     0
 40
1.0
176
     0
 90
        2
176
     1
  1
strokes_ogs.tif
176
     1
290
     0
176
     1
 40
1.0
176
     1
 40
1.0
176
     1
  0
VISUALSTYLE
  5
36
102
{ACAD_REACTORS
330
2A
102
}
330
2A
100
AcDbVisualStyle
  2
Brighten
 70
    12
177
     3
291
     1
 70
    58
 90
        2
176
     1
 90
        2
176
     1
 90
        0
176
     1
 90
        0
176
     1
 40
0.6
176
     1
 40
30.0
176
     1
 62
     7
420
 16777215
176
     1
 90
        1
176
     1
 90
        4
176
     1
 62
     7
176
     1
 62
   257
176
     1
 90
        1
176
     1
 90
        1
176
     1
 40
1.0
176
     1
 90
        8
176
     1
 62
     7
176
     1
 40
1.0
176
     1
 90
        1
176
     1
 90
        6
176
     1
 90
        2
176
     1
 62
     7
176
     1
 90
        5
176
     1
 90
        0
176
     1
 90
        0
176
     1
290
     0
176
     1
 90
        1
176
     1
 40
50.0
176
     1
 90
        0
176
     1
290
     0
176
     1
290
     1
176
     1
290
     1
176
     1
290
     0
176
     1
290
     0
176
     1
290
     0
176
     1
290
     0
176
     1
290
     0
176
     1
290
     0
176
     1
 90
       50
176
     1
 40
0.0
176
     1
 40
1.0
176
     1
 90
        0
176
     1
 62
    18
420
        0
176
     1
 90
       50
176
     1
 90
        3
176
     1
 62
     5
420
      255
176
     1
290
     0
176
     1
 90
       50
176
     1
 90
       50
176
     1
 90
       50
176
     1
290
     0
176
     1
 90
       50
176
     1
 62
   256
176
     0
 40
1.0
176
     0
 90
        2
176
     1
  1
strokes_ogs.tif
176
     1
290
     0
176
     1
 40
1.0
176
     1
 40
1.0
176
     1
  0
VISUALSTYLE
  5
3A
102
{ACAD_REACTORS
330
2A
102
}
330
2A
100
AcDbVisualStyle
  2
ColorChange
 70
    16
177
     3
291
     1
 70
    58
 90
        2
176
     1
 90
        2
176
     1
 90
        3
176
     1
 90
        0
176
     1
 40
0.6
176
     1
 40
30.0
176
     1
 62
     8
420
  8421504
176
     1
 90
        1
176
     1
 90
        4
176
     1
 62
     7
176
     1
 62
   257
176
     1
 90
        1
176
     1
 90
        1
176
     1
 40
1.0
176
     1
 90
        8
176
     1
 62
     8
420
  8421504
176
     1
 40
1.0
176
     1
 90
        1
176
     1
 90
        6
176
     1
 90
        2
176
     1
 62
     7
176
     1
 90
        5
176
     1
 90
        0
176
     1
 90
        0
176
     1
290
     0
176
     1
 90
        1
176
     1
 40
0.0
176
     1
 90
        0
176
     1
290
     0
176
     1
290
     1
176
     1
290
     1
176
     1
290
     0
176
     1
290
     0
176
     1
290
     0
176
     1
290
     0
176
     1
290
     0
176
     1
290
     0
176
     1
 90
       50
176
     1
 40
0.0
176
     1
 40
1.0
176
     1
 90
        0
176
     1
 62
    18
420
        0
176
     1
 90
       50
176
     1
 90
        3
176
     1
 62
     5
420
      255
176
     1
290
     0
176
     1
 90
       50
176
     1
 90
       50
176
     1
 90
       50
176
     1
290
     0
176
     1
 90
       50
176
     1
 62
   256
176
     0
 40
1.0
176
     0
 90
        2
176
     1
  1
strokes_ogs.tif
176
     1
290
     0
176
     1
 40
1.0
176
     1
 40
1.0
176
     1
  0
VISUALSTYLE
  5
34
102
{ACAD_REACTORS
330
2A
102
}
330
2A
100
AcDbVisualStyle
  2
Conceptual
 70
     9
177
     3
291
     0
 70
    58
 90
        3
176
     1
 90
        2
176
     1
 90
        0
176
     1
 90
        0
176
     1
 40
0.6
176
     1
 40
30.0
176
     1
 62
     7
420
 16777215
176
     1
 90
        2
176
     1
 90
        2
176
     1
 62
     7
176
     1
 62
   257
176
     1
 90
        1
176
     1
 90
        1
176
     1
 40
179.0
176
     1
 90
        8
176
     1
 62
     7
176
     1
 40
1.0
176
     1
 90
        1
176
     1
 90
        6
176
     1
 90
        2
176
     1
 62
     7
176
     1
 90
        3
176
     1
 90
        0
176
     1
 90
        0
176
     1
290
     0
176
     1
 90
        1
176
     1
 40
0.0
176
     1
 90
        0
176
     1
290
     0
176
     1
290
     1
176
     1
290
     1
176
     1
290
     0
176
     1
290
     0
176
     1
290
     0
176
     1
290
     0
176
     1
290
     0
176
     1
290
     0
176
     1
 90
       50
176
     1
 40
0.0
176
     1
 40
1.0
176
     1
 90
        0
176
     1
 62
    18
420
        0
176
     1
 90
       50
176
     1
 90
        3
176
     1
 62
     5
420
      255
176
     1
290
     0
176
     1
 90
       50
176
     1
 90
       50
176
     1
 90
       50
176
     1
290
     0
176
     1
 90
       50
176
     1
 62
   256
176
     0
 40
1.0
176
     0
 90
        2
176
     1
  1
strokes_ogs.tif
176
     1
290
     0
176
     1
 40
1.0
176
     1
 40
1.0
176
     1
  0
VISUALSTYLE
  5
35
102
{ACAD_REACTORS
330
2A
102
}
330
2A
100
AcDbVisualStyle
  2
Dim
 70
    11
177
     3
291
     1
 70
    58
 90
        2
176
     1
 90
        2
176
     1
 90
        0
176
     1
 90
        0
176
     1
 40
0.6
176
     1
 40
30.0
176
     1
 62
     7
420
 16777215
176
     1
 90
        1
176
     1
 90
        4
176
     1
 62
     7
176
     1
 62
   257
176
     1
 90
        1
176
     1
 90
        1
176
     1
 40
1.0
176
     1
 90
        8
176
     1
 62
     7
176
     1
 40
1.0
176
     1
 90
        1
176
     1
 90
        6
176
     1
 90
        2
176
     1
 62
     7
176
     1
 90
        5
176
     1
 90
        0
176
     1
 90
        0
176
     1
290
     0
176
     1
 90
        1
176
     1
 40
-50.0
176
     1
 90
        0
176
     1
290
     0
176
     1
290
     1
176
     1
290
     1
176
     1
290
     0
176
     1
290
     0
176
     1
290
     0
176
     1
290
     0
176
     1
290
     0
176
     1
290
     0
176
     1
 90
       50
176
     1
 40
0.0
176
     1
 40
1.0
176
     1
 90
        0
176
     1
 62
    18
420
        0
176
     1
 90
       50
176
     1
 90
        3
176
     1
 62
     5
420
      255
176
     1
290
     0
176
     1
 90
       50
176
     1
 90
       50
176
     1
 90
       50
176
     1
290
     0
176
     1
 90
       50
176
     1
 62
   256
176
     0
 40
1.0
176
     0
 90
        2
176
     1
  1
strokes_ogs.tif
176
     1
290
     0
176
     1
 40
1.0
176
     1
 40
1.0
176
     1
  0
VISUALSTYLE
  5
3D
102
{ACAD_REACTORS
330
2A
102
}
330
2A
100
AcDbVisualStyle
  2
EdgeColorOff
 70
    22
177
     3
291
     1
 70
    58
 90
        2
176
     0
 90
        2
176
     0
 90
        0
176
     0
 90
        0
176
     0
 40
0.6
176
     0
 40
30.0
176
     0
 62
     7
420
 16777215
176
     0
 90
        1
176
     0
 90
        4
176
     0
 62
     7
176
     0
 62
   257
176
     0
 90
        1
176
     0
 90
        1
176
     0
 40
1.0
176
     0
 90
        8
176
     2
 62
     7
176
     0
 40
1.0
176
     0
 90
        1
176
     0
 90
        6
176
     0
 90
        2
176
     0
 62
     7
176
     0
 90
        5
176
     0
 90
        0
176
     0
 90
        0
176
     0
290
     0
176
     0
 90
        1
176
     0
 40
0.0
176
     0
 90
        0
176
     0
290
     0
176
     0
290
     1
176
     0
290
     1
176
     0
290
     0
176
     0
290
     0
176
     0
290
     0
176
     0
290
     0
176
     0
290
     0
176
     0
290
     0
176
     0
 90
       50
176
     0
 40
0.0
176
     0
 40
1.0
176
     0
 90
        0
176
     0
 62
    18
420
        0
176
     0
 90
       50
176
     0
 90
        3
176
     0
 62
     5
420
      255
176
     0
290
     0
176
     0
 90
       50
176
     0
 90
       50
176
     0
 90
       50
176
     0
290
     0
176
     0
 90
       50
176
     0
 62
   256
176
     0
 40
1.0
176
     0
 90
        2
176
     0
  1
strokes_ogs.tif
176
     0
290
     0
176
     0
 40
1.0
176
     0
 40
1.0
176
     0
  0
VISUALSTYLE
  5
39
102
{ACAD_REACTORS
330
2A
102
}
330
2A
100
AcDbVisualStyle
  2
Facepattern
 70
    15
177
     3
291
     1
 70
    58
 90
        2
176
     1
 90
        2
176
     1
 90
        0
176
     1
 90
        0
176
     1
 40
0.6
176
     1
 40
30.0
176
     1
 62
     7
420
 16777215
176
     1
 90
        1
176
     1
 90
        4
176
     1
 62
     7
176
     1
 62
   257
176
     1
 90
        1
176
     1
 90
        1
176
     1
 40
1.0
176
     1
 90
        8
176
     1
 62
     7
176
     1
 40
1.0
176
     1
 90
        1
176
     1
 90
        6
176
     1
 90
        2
176
     1
 62
     7
176
     1
 90
        5
176
     1
 90
        0
176
     1
 90
        0
176
     1
290
     0
176
     1
 90
        1
176
     1
 40
0.0
176
     1
 90
        0
176
     1
290
     0
176
     1
290
     1
176
     1
290
     1
176
     1
290
     0
176
     1
290
     0
176
     1
290
     0
176
     1
290
     0
176
     1
290
     0
176
     1
290
     0
176
     1
 90
       50
176
     1
 40
0.0
176
     1
 40
1.0
176
     1
 90
        0
176
     1
 62
    18
420
        0
176
     1
 90
       50
176
     1
 90
        3
176
     1
 62
     5
420
      255
176
     1
290
     0
176
     1
 90
       50
176
     1
 90
       50
176
     1
 90
       50
176
     1
290
     0
176
     1
 90
       50
176
     1
 62
   256
176
     0
 40
1.0
176
     0
 90
        2
176
     1
  1
strokes_ogs.tif
176
     1
290
     0
176
     1
 40
1.0
176
     1
 40
1.0
176
     1
  0
VISUALSTYLE
  5
2B
102
{ACAD_REACTORS
330
2A
102
}
330
2A
100
AcDbVisualStyle
  2
Flat
 70
     0
177
     3
291
     1
 70
    58
 90
        2
176
     1
 90
        1
176
     1
 90
        1
176
     1
 90
        2
176
     1
 40
0.6
176
     1
 40
30.0
176
     1
 62
     7
420
 16777215
176
     1
 90
        0
176
     1
 90
        0
176
     1
 62
     7
176
     1
 62
   257
176
     1
 90
        1
176
     1
 90
        1
176
     1
 40
1.0
176
     1
 90
        8
176
     1
 62
     7
176
     1
 40
1.0
176
     1
 90
        1
176
     1
 90
        6
176
     1
 90
        2
176
     1
 62
     7
176
     1
 90
        5
176
     1
 90
        0
176
     1
 90
        0
176
     1
290
     0
176
     1
 90
       13
176
     1
 40
0.0
176
     1
 90
        0
176
     1
290
     0
176
     1
290
     1
176
     1
290
     1
176
     1
290
     0
176
     1
290
     0
176
     1
290
     0
176
     1
290
     0
176
     1
290
     0
176
     1
290
     0
176
     1
 90
       50
176
     1
 40
0.0
176
     1
 40
1.0
176
     1
 90
        0
176
     1
 62
    18
420
        0
176
     1
 90
       50
176
     1
 90
        3
176
     1
 62
     5
420
      255
176
     1
290
     0
176
     1
 90
       50
176
     1
 90
       50
176
     1
 90
       50
176
     1
290
     0
176
     1
 90
       50
176
     1
 62
   256
176
     0
 40
1.0
176
     0
 90
        2
176
     1
  1
strokes_ogs.tif
176
     1
290
     0
176
     1
 40
1.0
176
     1
 40
1.0
176
     1
  0
VISUALSTYLE
  5
2C
102
{ACAD_REACTORS
330
2A
102
}
330
2A
100
AcDbVisualStyle
  2
FlatWithEdges
 70
     1
177
     3
291
     1
 70
    58
 90
        2
176
     1
 90
        1
176
     1
 90
        1
176
     1
 90
        2
176
     1
 40
0.6
176
     1
 40
30.0
176
     1
 62
     7
420
 16777215
176
     1
 90
        1
176
     1
 90
        0
176
     1
 62
     7
176
     1
 62
   257
176
     1
 90
        1
176
     1
 90
        1
176
     1
 40
1.0
176
     1
 90
        0
176
     1
 62
   257
176
     1
 40
1.0
176
     1
 90
        1
176
     1
 90
        6
176
     1
 90
        2
176
     1
 62
     7
176
     1
 90
        5
176
     1
 90
        0
176
     1
 90
        0
176
     1
290
     0
176
     1
 90
       13
176
     1
 40
0.0
176
     1
 90
        0
176
     1
290
     0
176
     1
290
     1
176
     1
290
     1
176
     1
290
     0
176
     1
290
     0
176
     1
290
     0
176
     1
290
     0
176
     1
290
     0
176
     1
290
     0
176
     1
 90
       50
176
     1
 40
0.0
176
     1
 40
1.0
176
     1
 90
        0
176
     1
 62
    18
420
        0
176
     1
 90
       50
176
     1
 90
        3
176
     1
 62
     5
420
      255
176
     1
290
     0
176
     1
 90
       50
176
     1
 90
       50
176
     1
 90
       50
176
     1
290
     0
176
     1
 90
       50
176
     1
 62
   256
176
     0
 40
1.0
176
     0
 90
        2
176
     1
  1
strokes_ogs.tif
176
     1
290
     0
176
     1
 40
1.0
176
     1
 40
1.0
176
     1
  0
VISUALSTYLE
  5
2D
102
{ACAD_REACTORS
330
2A
102
}
330
2A
100
AcDbVisualStyle
  2
Gouraud
 70
     2
177
     3
291
     1
 70
    58
 90
        2
176
     1
 90
        2
176
     1
 90
        1
176
     1
 90
        2
176
     1
 40
0.6
176
     1
 40
30.0
176
     1
 62
     7
420
 16777215
176
     1
 90
        0
176
     1
 90
        0
176
     1
 62
     7
176
     1
 62
   257
176
     1
 90
        1
176
     1
 90
        1
176
     1
 40
1.0
176
     1
 90
        0
176
     1
 62
     7
176
     1
 40
1.0
176
     1
 90
        1
176
     1
 90
        6
176
     1
 90
        2
176
     1
 62
     7
176
     1
 90
        5
176
     1
 90
        0
176
     1
 90
        0
176
     1
290
     0
176
     1
 90
       13
176
     1
 40
0.0
176
     1
 90
        0
176
     1
290
     0
176
     1
290
     1
176
     1
290
     1
176
     1
290
     0
176
     1
290
     0
176
     1
290
     0
176
     1
290
     0
176
     1
290
     0
176
     1
290
     0
176
     1
 90
       50
176
     1
 40
0.0
176
     1
 40
1.0
176
     1
 90
        0
176
     1
 62
    18
420
        0
176
     1
 90
       50
176
     1
 90
        3
176
     1
 62
     5
420
      255
176
     1
290
     0
176
     1
 90
       50
176
     1
 90
       50
176
     1
 90
       50
176
     1
290
     0
176
     1
 90
       50
176
     1
 62
   256
176
     0
 40
1.0
176
     0
 90
        2
176
     1
  1
strokes_ogs.tif
176
     1
290
     0
176
     1
 40
1.0
176
     1
 40
1.0
176
     1
  0
VISUALSTYLE
  5
2E
102
{ACAD_REACTORS
330
2A
102
}
330
2A
100
AcDbVisualStyle
  2
GouraudWithEdges
 70
     3
177
     3
291
     1
 70
    58
 90
        2
176
     1
 90
        2
176
     1
 90
        1
176
     1
 90
        2
176
     1
 40
0.6
176
     1
 40
30.0
176
     1
 62
     7
420
 16777215
176
     1
 90
        1
176
     1
 90
        0
176
     1
 62
     7
176
     1
 62
   257
176
     1
 90
        1
176
     1
 90
        1
176
     1
 40
1.0
176
     1
 90
        0
176
     1
 62
   257
176
     1
 40
1.0
176
     1
 90
        1
176
     1
 90
        6
176
     1
 90
        2
176
     1
 62
     7
176
     1
 90
        5
176
     1
 90
        0
176
     1
 90
        0
176
     1
290
     0
176
     1
 90
       13
176
     1
 40
0.0
176
     1
 90
        0
176
     1
290
     0
176
     1
290
     1
176
     1
290
     1
176
     1
290
     0
176
     1
290
     0
176
     1
290
     0
176
     1
290
     0
176
     1
290
     0
176
     1
290
     0
176
     1
 90
       50
176
     1
 40
0.0
176
     1
 40
1.0
176
     1
 90
        0
176
     1
 62
    18
420
        0
176
     1
 90
       50
176
     1
 90
        3
176
     1
 62
     5
420
      255
176
     1
290
     0
176
     1
 90
       50
176
     1
 90
       50
176
     1
 90
       50
176
     1
290
     0
176
     1
 90
       50
176
     1
 62
   256
176
     0
 40
1.0
176
     0
 90
        2
176
     1
  1
strokes_ogs.tif
176
     1
290
     0
176
     1
 40
1.0
176
     1
 40
1.0
176
     1
  0
VISUALSTYLE
  5
31
102
{ACAD_REACTORS
330
2A
102
}
330
2A
100
AcDbVisualStyle
  2
Hidden
 70
     6
177
     3
291
     0
 70
    58
 90
        1
176
     1
 90
        2
176
     1
 90
        2
176
     1
 90
        0
176
     1
 40
0.6
176
     1
 40
30.0
176
     1
 62
     7
420
 16777215
176
     1
 90
        2
176
     1
 90
        2
176
     1
 62
     7
176
     1
 62
   257
176
     1
 90
        2
176
     1
 90
        1
176
     1
 40
40.0
176
     1
 90
        0
176
     1
 62
   257
176
     1
 40
1.0
176
     1
 90
        1
176
     1
 90
        6
176
     1
 90
        2
176
     1
 62
     7
176
     1
 90
        3
176
     1
 90
        0
176
     1
 90
        0
176
     1
290
     0
176
     1
 90
        1
176
     1
 40
0.0
176
     1
 90
        0
176
     1
290
     0
176
     1
290
     1
176
     1
290
     1
176
     1
290
     0
176
     1
290
     0
176
     1
290
     0
176
     1
290
     0
176
     1
290
     0
176
     1
290
     0
176
     1
 90
       50
176
     1
 40
0.0
176
     1
 40
1.0
176
     1
 90
        0
176
     1
 62
    18
420
        0
176
     1
 90
       50
176
     1
 90
        3
176
     1
 62
     5
420
      255
176
     1
290
     0
176
     1
 90
       50
176
     1
 90
       50
176
     1
 90
       50
176
     1
290
     0
176
     1
 90
       50
176
     1
 62
   256
176
     0
 40
1.0
176
     0
 90
        2
176
     1
  1
strokes_ogs.tif
176
     1
290
     0
176
     1
 40
1.0
176
     1
 40
1.0
176
     1
  0
VISUALSTYLE
  5
3B
102
{ACAD_REACTORS
330
2A
102
}
330
2A
100
AcDbVisualStyle
  2
JitterOff
 70
    20
177
     3
291
     1
 70
    58
 90
        2
176
     0
 90
        2
176
     0
 90
        0
176
     0
 90
        0
176
     0
 40
0.6
176
     0
 40
30.0
176
     0
 62
     7
420
 16777215
176
     0
 90
        1
176
     0
 90
        4
176
     0
 62
     7
176
     0
 62
   257
176
     0
 90
        1
176
     0
 90
        1
176
     0
 40
1.0
176
     0
 90
       10
176
     2
 62
     7
176
     0
 40
1.0
176
     0
 90
        1
176
     0
 90
        6
176
     0
 90
        2
176
     0
 62
     7
176
     0
 90
        5
176
     0
 90
        0
176
     0
 90
        0
176
     0
290
     0
176
     0
 90
        1
176
     0
 40
0.0
176
     0
 90
        0
176
     0
290
     0
176
     0
290
     1
176
     0
290
     1
176
     0
290
     0
176
     0
290
     0
176
     0
290
     0
176
     0
290
     0
176
     0
290
     0
176
     0
290
     0
176
     0
 90
       50
176
     0
 40
0.0
176
     0
 40
1.0
176
     0
 90
        0
176
     0
 62
    18
420
        0
176
     0
 90
       50
176
     0
 90
        3
176
     0
 62
     5
420
      255
176
     0
290
     0
176
     0
 90
       50
176
     0
 90
       50
176
     0
 90
       50
176
     0
290
     0
176
     0
 90
       50
176
     0
 62
   256
176
     0
 40
1.0
176
     0
 90
        2
176
     0
  1
strokes_ogs.tif
176
     0
290
     0
176
     0
 40
1.0
176
     0
 40
1.0
176
     0
  0
VISUALSTYLE
  5
38
102
{ACAD_REACTORS
330
2A
102
}
330
2A
100
AcDbVisualStyle
  2
Linepattern
 70
    14
177
     3
291
     1
 70
    58
 90
        2
176
     1
 90
        2
176
     1
 90
        0
176
     1
 90
        0
176
     1
 40
0.6
176
     1
 40
30.0
176
     1
 62
     7
420
 16777215
176
     1
 90
        1
176
     1
 90
        4
176
     1
 62
     7
176
     1
 62
   257
176
     1
 90
        7
176
     1
 90
        7
176
     1
 40
1.0
176
     1
 90
        8
176
     1
 62
     7
176
     1
 40
1.0
176
     1
 90
        1
176
     1
 90
        6
176
     1
 90
        2
176
     1
 62
     7
176
     1
 90
        5
176
     1
 90
        0
176
     1
 90
        0
176
     1
290
     0
176
     1
 90
        1
176
     1
 40
0.0
176
     1
 90
        0
176
     1
290
     0
176
     1
290
     1
176
     1
290
     1
176
     1
290
     0
176
     1
290
     0
176
     1
290
     0
176
     1
290
     0
176
     1
290
     0
176
     1
290
     0
176
     1
 90
       50
176
     1
 40
0.0
176
     1
 40
1.0
176
     1
 90
        0
176
     1
 62
    18
420
        0
176
     1
 90
       50
176
     1
 90
        3
176
     1
 62
     5
420
      255
176
     1
290
     0
176
     1
 90
       50
176
     1
 90
       50
176
     1
 90
       50
176
     1
290
     0
176
     1
 90
       50
176
     1
 62
   256
176
     0
 40
1.0
176
     0
 90
        2
176
     1
  1
strokes_ogs.tif
176
     1
290
     0
176
     1
 40
1.0
176
     1
 40
1.0
176
     1
  0
VISUALSTYLE
  5
3C
102
{ACAD_REACTORS
330
2A
102
}
330
2A
100
AcDbVisualStyle
  2
OverhangOff
 70
    21
177
     3
291
     1
 70
    58
 90
        2
176
     0
 90
        2
176
     0
 90
        0
176
     0
 90
        0
176
     0
 40
0.6
176
     0
 40
30.0
176
     0
 62
     7
420
 16777215
176
     0
 90
        1
176
     0
 90
        4
176
     0
 62
     7
176
     0
 62
   257
176
     0
 90
        1
176
     0
 90
        1
176
     0
 40
1.0
176
     0
 90
        9
176
     2
 62
     7
176
     0
 40
1.0
176
     0
 90
        1
176
     0
 90
        6
176
     0
 90
        2
176
     0
 62
     7
176
     0
 90
        5
176
     0
 90
        0
176
     0
 90
        0
176
     0
290
     0
176
     0
 90
        1
176
     0
 40
0.0
176
     0
 90
        0
176
     0
290
     0
176
     0
290
     1
176
     0
290
     1
176
     0
290
     0
176
     0
290
     0
176
     0
290
     0
176
     0
290
     0
176
     0
290
     0
176
     0
290
     0
176
     0
 90
       50
176
     0
 40
0.0
176
     0
 40
1.0
176
     0
 90
        0
176
     0
 62
    18
420
        0
176
     0
 90
       50
176
     0
 90
        3
176
     0
 62
     5
420
      255
176
     0
290
     0
176
     0
 90
       50
176
     0
 90
       50
176
     0
 90
       50
176
     0
290
     0
176
     0
 90
       50
176
     0
 62
   256
176
     0
 40
1.0
176
     0
 90
        2
176
     0
  1
strokes_ogs.tif
176
     0
290
     0
176
     0
 40
1.0
176
     0
 40
1.0
176
     0
  0
VISUALSTYLE
  5
33
102
{ACAD_REACTORS
330
2A
102
}
330
2A
100
AcDbVisualStyle
  2
Realistic
 70
     8
177
     3
291
     0
 70
    58
 90
        2
176
     1
 90
        3
176
     1
 90
        0
176
     1
 90
        2
176
     1
 40
0.6
176
     1
 40
30.0
176
     1
 62
     7
420
 16777215
176
     1
 90
        0
176
     1
 90
        0
176
     1
 62
     7
176
     1
 62
   257
176
     1
 90
        1
176
     1
 90
        1
176
     1
 40
1.0
176
     1
 90
        8
176
     1
 62
   257
176
     1
 40
1.0
176
     1
 90
        1
176
     1
 90
        6
176
     1
 90
        2
176
     1
 62
     7
176
     1
 90
        3
176
     1
 90
        0
176
     1
 90
        0
176
     1
290
     0
176
     1
 90
       13
176
     1
 40
0.0
176
     1
 90
        0
176
     1
290
     0
176
     1
290
     1
176
     1
290
     1
176
     1
290
     0
176
     1
290
     0
176
     1
290
     0
176
     1
290
     0
176
     1
290
     0
176
     1
290
     0
176
     1
 90
       50
176
     1
 40
0.0
176
     1
 40
1.0
176
     1
 90
        0
176
     1
 62
    18
420
        0
176
     1
 90
       50
176
     1
 90
        3
176
     1
 62
     5
420
      255
176
     1
290
     0
176
     1
 90
       50
176
     1
 90
       50
176
     1
 90
       50
176
     1
290
     0
176
     1
 90
       50
176
     1
 62
   256
176
     0
 40
1.0
176
     0
 90
        2
176
     1
  1
strokes_ogs.tif
176
     1
290
     0
176
     1
 40
1.0
176
     1
 40
1.0
176
     1
  0
VISUALSTYLE
  5
42
102
{ACAD_REACTORS
330
2A
102
}
330
2A
100
AcDbVisualStyle
  2
Shaded
 70
    27
177
     3
291
     0
 70
    58
 90
        2
176
     1
 90
        2
176
     1
 90
        1
176
     1
 90
        2
176
     1
 40
0.6
176
     1
 40
30.0
176
     1
 62
     7
420
 16777215
176
     1
 90
        0
176
     1
 90
        4
176
     1
 62
     7
176
     1
 62
   257
176
     1
 90
        1
176
     1
 90
        1
176
     1
 40
1.0
176
     1
 90
        8
176
     1
 62
   257
176
     1
 40
1.0
176
     1
 90
        1
176
     1
 90
        6
176
     1
 90
        2
176
     1
 62
     8
420
  7895160
176
     1
 90
        3
176
     1
 90
        0
176
     1
 90
        0
176
     1
290
     0
176
     1
 90
        5
176
     1
 40
0.0
176
     1
 90
        0
176
     1
290
     0
176
     1
290
     1
176
     1
290
     1
176
     1
290
     0
176
     1
290
     0
176
     1
290
     0
176
     1
290
     0
176
     1
290
     0
176
     1
290
     0
176
     1
 90
       50
176
     1
 40
0.0
176
     1
 40
1.0
176
     1
 90
        0
176
     1
 62
    18
420
        0
176
     1
 90
       50
176
     1
 90
        3
176
     1
 62
     5
420
      255
176
     1
290
     0
176
     1
 90
       50
176
     1
 90
       50
176
     1
 90
       50
176
     1
290
     0
176
     1
 90
       50
176
     1
 62
   256
176
     0
 40
1.0
176
     0
 90
        2
176
     1
  1
strokes_ogs.tif
176
     1
290
     0
176
     1
 40
1.0
176
     1
 40
1.0
176
     1
  0
VISUALSTYLE
  5
41
102
{ACAD_REACTORS
330
2A
102
}
330
2A
100
AcDbVisualStyle
  2
Shaded with edges
 70
    26
177
     3
291
     0
 70
    58
 90
        2
176
     1
 90
        2
176
     1
 90
        1
176
     1
 90
        2
176
     1
 40
0.6
176
     1
 40
30.0
176
     1
 62
     7
420
 16777215
176
     1
 90
        1
176
     1
 90
       10
176
     1
 62
     7
176
     1
 62
   257
176
     1
 90
        2
176
     1
 90
        1
176
     1
 40
1.0
176
     1
 90
        8
176
     1
 62
   257
176
     1
 40
1.0
176
     1
 90
        1
176
     1
 90
        6
176
     1
 90
        2
176
     1
 62
     7
176
     1
 90
        3
176
     1
 90
        0
176
     1
 90
        0
176
     1
290
     0
176
     1
 90
        5
176
     1
 40
0.0
176
     1
 90
        0
176
     1
290
     0
176
     1
290
     1
176
     1
290
     1
176
     1
290
     0
176
     1
290
     0
176
     1
290
     0
176
     1
290
     0
176
     1
290
     0
176
     1
290
     0
176
     1
 90
       50
176
     1
 40
0.0
176
     1
 40
1.0
176
     1
 90
        0
176
     1
 62
    18
420
        0
176
     1
 90
       50
176
     1
 90
        3
176
     1
 62
     5
420
      255
176
     1
290
     0
176
     1
 90
       50
176
     1
 90
       50
176
     1
 90
       50
176
     1
290
     0
176
     1
 90
       50
176
     1
 62
   256
176
     0
 40
1.0
176
     0
 90
        2
176
     1
  1
strokes_ogs.tif
176
     1
290
     0
176
     1
 40
1.0
176
     1
 40
1.0
176
     1
  0
VISUALSTYLE
  5
3E
102
{ACAD_REACTORS
330
2A
102
}
330
2A
100
AcDbVisualStyle
  2
Shades of Gray
 70
    23
177
     3
291
     0
 70
    58
 90
        2
176
     1
 90
        2
176
     1
 90
        3
176
     1
 90
        0
176
     1
 40
0.6
176
     1
 40
30.0
176
     1
 62
     7
420
 16777215
176
     1
 90
        2
176
     1
 90
        2
176
     1
 62
     7
176
     1
 62
     7
176
     1
 90
        1
176
     1
 90
        1
176
     1
 40
40.0
176
     1
 90
        8
176
     1
 62
     7
176
     1
 40
1.0
176
     1
 90
        1
176
     1
 90
        6
176
     1
 90
        2
176
     1
 62
     7
176
     1
 90
        3
176
     1
 90
        0
176
     1
 90
        0
176
     1
290
     0
176
     1
 90
        1
176
     1
 40
0.0
176
     1
 90
        0
176
     1
290
     0
176
     1
290
     1
176
     1
290
     1
176
     1
290
     0
176
     1
290
     0
176
     1
290
     0
176
     1
290
     0
176
     1
290
     0
176
     1
290
     0
176
     1
 90
       50
176
     1
 40
0.0
176
     1
 40
1.0
176
     1
 90
        0
176
     1
 62
    18
420
        0
176
     1
 90
       50
176
     1
 90
        3
176
     1
 62
     5
420
      255
176
     1
290
     0
176
     1
 90
       50
176
     1
 90
       50
176
     1
 90
       50
176
     1
290
     0
176
     1
 90
       50
176
     1
 62
   256
176
     0
 40
1.0
176
     0
 90
        2
176
     1
  1
strokes_ogs.tif
176
     1
290
     0
176
     1
 40
1.0
176
     1
 40
1.0
176
     1
  0
VISUALSTYLE
  5
3F
102
{ACAD_REACTORS
330
2A
102
}
330
2A
100
AcDbVisualStyle
  2
Sketchy
 70
    24
177
     3
291
     0
 70
    58
 90
        1
176
     1
 90
        2
176
     1
 90
        2
176
     1
 90
        0
176
     1
 40
0.6
176
     1
 40
30.0
176
     1
 62
     7
420
 16777215
176
     1
 90
        2
176
     1
 90
        2
176
     1
 62
     7
176
     1
 62
     7
176
     1
 90
        1
176
     1
 90
        1
176
     1
 40
40.0
176
     1
 90
       11
176
     1
 62
     7
176
     1
 40
1.0
176
     1
 90
        1
176
     1
 90
        6
176
     1
 90
        2
176
     1
 62
     7
176
     1
 90
        6
176
     1
 90
        0
176
     1
 90
        0
176
     1
290
     0
176
     1
 90
        1
176
     1
 40
0.0
176
     1
 90
        0
176
     1
290
     0
176
     1
290
     1
176
     1
290
     1
176
     1
290
     0
176
     1
290
     0
176
     1
290
     0
176
     1
290
     0
176
     1
290
     0
176
     1
290
     0
176
     1
 90
       50
176
     1
 40
0.0
176
     1
 40
1.0
176
     1
 90
        0
176
     1
 62
    18
420
        0
176
     1
 90
       50
176
     1
 90
        3
176
     1
 62
     5
420
      255
176
     1
290
     0
176
     1
 90
       50
176
     1
 90
       50
176
     1
 90
       50
176
     1
290
     0
176
     1
 90
       50
176
     1
 62
   256
176
     0
 40
1.0
176
     0
 90
        2
176
     1
  1
strokes_ogs.tif
176
     1
290
     0
176
     1
 40
1.0
176
     1
 40
1.0
176
     1
  0
VISUALSTYLE
  5
37
102
{ACAD_REACTORS
330
2A
102
}
330
2A
100
AcDbVisualStyle
  2
Thicken
 70
    13
177
     3
291
     1
 70
    58
 90
        2
176
     1
 90
        2
176
     1
 90
        0
176
     1
 90
        0
176
     1
 40
0.6
176
     1
 40
30.0
176
     1
 62
     7
420
 16777215
176
     1
 90
        1
176
     1
 90
        4
176
     1
 62
     7
176
     1
 62
   257
176
     1
 90
        1
176
     1
 90
        1
176
     1
 40
1.0
176
     1
 90
       12
176
     1
 62
     7
176
     1
 40
1.0
176
     1
 90
        1
176
     1
 90
        6
176
     1
 90
        2
176
     1
 62
     7
176
     1
 90
        5
176
     1
 90
        0
176
     1
 90
        0
176
     1
290
     0
176
     1
 90
        1
176
     1
 40
0.0
176
     1
 90
        0
176
     1
290
     0
176
     1
290
     1
176
     1
290
     1
176
     1
290
     0
176
     1
290
     0
176
     1
290
     0
176
     1
290
     0
176
     1
290
     0
176
     1
290
     0
176
     1
 90
       50
176
     1
 40
0.0
176
     1
 40
1.0
176
     1
 90
        0
176
     1
 62
    18
420
        0
176
     1
 90
       50
176
     1
 90
        3
176
     1
 62
     5
420
      255
176
     1
290
     0
176
     1
 90
       50
176
     1
 90
       50
176
     1
 90
       50
176
     1
290
     0
176
     1
 90
       50
176
     1
 62
   256
176
     0
 40
1.0
176
     0
 90
        2
176
     1
  1
strokes_ogs.tif
176
     1
290
     0
176
     1
 40
1.0
176
     1
 40
1.0
176
     1
  0
VISUALSTYLE
  5
30
102
{ACAD_REACTORS
330
2A
102
}
330
2A
100
AcDbVisualStyle
  2
Wireframe
 70
     5
177
     3
291
     0
 70
    58
 90
        0
176
     1
 90
        2
176
     1
 90
        0
176
     1
 90
        0
176
     1
 40
0.6
176
     1
 40
30.0
176
     1
 62
     7
420
 16777215
176
     1
 90
        1
176
     1
 90
        4
176
     1
 62
     7
176
     1
 62
   257
176
     1
 90
        1
176
     1
 90
        1
176
     1
 40
1.0
176
     1
 90
        0
176
     1
 62
   257
176
     1
 40
1.0
176
     1
 90
        1
176
     1
 90
        6
176
     1
 90
        2
176
     1
 62
     7
176
     1
 90
        3
176
     1
 90
        0
176
     1
 90
        0
176
     1
290
     0
176
     1
 90
        1
176
     1
 40
0.0
176
     1
 90
        0
176
     1
290
     0
176
     1
290
     1
176
     1
290
     1
176
     1
290
     0
176
     1
290
     0
176
     1
290
     0
176
     1
290
     0
176
     1
290
     0
176
     1
290
     0
176
     1
 90
       50
176
     1
 40
0.0
176
     1
 40
1.0
176
     1
 90
        0
176
     1
 62
    18
420
        0
176
     1
 90
       50
176
     1
 90
        3
176
     1
 62
     5
420
      255
176
     1
290
     0
176
     1
 90
       50
176
     1
 90
       50
176
     1
 90
       50
176
     1
290
     0
176
     1
 90
       50
176
     1
 62
   256
176
     0
 40
1.0
176
     0
 90
        2
176
     1
  1
strokes_ogs.tif
176
     1
290
     0
176
     1
 40
1.0
176
     1
 40
1.0
176
     1
  0
VISUALSTYLE
  5
40
102
{ACAD_REACTORS
330
2A
102
}
330
2A
100
AcDbVisualStyle
  2
X-Ray
 70
    25
177
     3
291
     0
 70
    58
 90
        2
176
     1
 90
        2
176
     1
 90
        1
176
     1
 90
        1
176
     1
 40
0.5
176
     1
 40
30.0
176
     1
 62
     7
420
 16777215
176
     1
 90
        1
176
     1
 90
        0
176
     1
 62
     7
176
     1
 62
   257
176
     1
 90
        1
176
     1
 90
        1
176
     1
 40
1.0
176
     1
 90
        8
176
     1
 62
     7
176
     1
 40
1.0
176
     1
 90
        1
176
     1
 90
        6
176
     1
 90
        2
176
     1
 62
     7
176
     1
 90
        3
176
     1
 90
        0
176
     1
 90
        0
176
     1
290
     0
176
     1
 90
       13
176
     1
 40
0.0
176
     1
 90
        0
176
     1
290
     0
176
     1
290
     1
176
     1
290
     1
176
     1
290
     0
176
     1
290
     0
176
     1
290
     0
176
     1
290
     0
176
     1
290
     0
176
     1
290
     0
176
     1
 90
       50
176
     1
 40
0.0
176
     1
 40
1.0
176
     1
 90
        0
176
     1
 62
    18
420
        0
176
     1
 90
       50
176
     1
 90
        3
176
     1
 62
     5
420
      255
176
     1
290
     0
176
     1
 90
       50
176
     1
 90
       50
176
     1
 90
       50
176
     1
290
     0
176
     1
 90
       50
176
     1
 62
   256
176
     0
 40
1.0
176
     0
 90
        2
176
     1
  1
strokes_ogs.tif
176
     1
290
     0
176
     1
 40
1.0
176
     1
 40
1.0
176
     1
  0
DICTIONARYVAR
  5
103
102
{ACAD_REACTORS
330
102
102
}
330
102
100
DictionaryVariables
280
     0
  1
1:1
  0
DICTIONARYVAR
  5
108
102
{ACAD_REACTORS
330
102
102
}
330
102
100
DictionaryVariables
280
     0
  1
Standard
  0
DICTIONARYVAR
  5
107
102
{ACAD_REACTORS
330
102
102
}
330
102
100
DictionaryVariables
280
     0
  1
Standard
  0
DICTIONARY
  5
104
330
5A
100
AcDbDictionary
280
     1
281
     1
  3
ACAD_ROUNDTRIP_2008_TABLESTYLE_CELLSTYLEMAP
360
105
  0
CELLSTYLEMAP
  5
105
102
{ACAD_REACTORS
330
104
102
}
330
104
100
AcDbCellStyleMap
 90
        3
300
CELLSTYLE
  1
TABLEFORMAT_BEGIN
 90
        5
170
     1
 91
        0
 92
    32768
 62
   257
 93
        1
300
CONTENTFORMAT
  1
CONTENTFORMAT_BEGIN
 90
        0
 91
        0
 92
        4
 93
        0
300

 40
0.0
140
1.0
 94
        5
 62
     0
340
11
144
0.25
309
CONTENTFORMAT_END
171
     1
301
MARGIN
  1
CELLMARGIN_BEGIN
 40
0.06
 40
0.06
 40
0.06
 40
0.06
 40
0.06
 40
0.06
309
CELLMARGIN_END
 94
        6
 95
        1
302
GRIDFORMAT
  1
GRIDFORMAT_BEGIN
 90
        0
 91
        1
 62
     0
 92
       -2
340
14
 93
        0
 40
0.045
309
GRIDFORMAT_END
 95
        2
302
GRIDFORMAT
  1
GRIDFORMAT_BEGIN
 90
        0
 91
        1
 62
     0
 92
       -2
340
14
 93
        0
 40
0.045
309
GRIDFORMAT_END
 95
        4
302
GRIDFORMAT
  1
GRIDFORMAT_BEGIN
 90
        0
 91
        1
 62
     0
 92
       -2
340
14
 93
        0
 40
0.045
309
GRIDFORMAT_END
 95
        8
302
GRIDFORMAT
  1
GRIDFORMAT_BEGIN
 90
        0
 91
        1
 62
     0
 92
       -2
340
14
 93
        0
 40
0.045
309
GRIDFORMAT_END
 95
       16
302
GRIDFORMAT
  1
GRIDFORMAT_BEGIN
 90
        0
 91
        1
 62
     0
 92
       -2
340
14
 93
        0
 40
0.045
309
GRIDFORMAT_END
 95
       32
302
GRIDFORMAT
  1
GRIDFORMAT_BEGIN
 90
        0
 91
        1
 62
     0
 92
       -2
340
14
 93
        0
 40
0.045
309
GRIDFORMAT_END
309
TABLEFORMAT_END
  1
CELLSTYLE_BEGIN
 90
        1
 91
        1
300
_TITLE
309
CELLSTYLE_END
300
CELLSTYLE
  1
TABLEFORMAT_BEGIN
 90
        5
170
     1
 91
        0
 92
        0
 62
   257
 93
        1
300
CONTENTFORMAT
  1
CONTENTFORMAT_BEGIN
 90
        0
 91
        0
 92
        4
 93
        0
300

 40
0.0
140
1.0
 94
        5
 62
     0
340
11
144
0.18
309
CONTENTFORMAT_END
171
     1
301
MARGIN
  1
CELLMARGIN_BEGIN
 40
0.06
 40
0.06
 40
0.06
 40
0.06
 40
0.06
 40
0.06
309
CELLMARGIN_END
 94
        6
 95
        1
302
GRIDFORMAT
  1
GRIDFORMAT_BEGIN
 90
        0
 91
        1
 62
     0
 92
       -2
340
14
 93
        0
 40
0.045
309
GRIDFORMAT_END
 95
        2
302
GRIDFORMAT
  1
GRIDFORMAT_BEGIN
 90
        0
 91
        1
 62
     0
 92
       -2
340
14
 93
        0
 40
0.045
309
GRIDFORMAT_END
 95
        4
302
GRIDFORMAT
  1
GRIDFORMAT_BEGIN
 90
        0
 91
        1
 62
     0
 92
       -2
340
14
 93
        0
 40
0.045
309
GRIDFORMAT_END
 95
        8
302
GRIDFORMAT
  1
GRIDFORMAT_BEGIN
 90
        0
 91
        1
 62
     0
 92
       -2
340
14
 93
        0
 40
0.045
309
GRIDFORMAT_END
 95
       16
302
GRIDFORMAT
  1
GRIDFORMAT_BEGIN
 90
        0
 91
        1
 62
     0
 92
       -2
340
14
 93
        0
 40
0.045
309
GRIDFORMAT_END
 95
       32
302
GRIDFORMAT
  1
GRIDFORMAT_BEGIN
 90
        0
 91
        1
 62
     0
 92
       -2
340
14
 93
        0
 40
0.045
309
GRIDFORMAT_END
309
TABLEFORMAT_END
  1
CELLSTYLE_BEGIN
 90
        2
 91
        1
300
_HEADER
309
CELLSTYLE_END
300
CELLSTYLE
  1
TABLEFORMAT_BEGIN
 90
        5
170
     1
 91
        0
 92
        0
 62
   257
 93
        1
300
CONTENTFORMAT
  1
CONTENTFORMAT_BEGIN
 90
        0
 91
        0
 92
        4
 93
        0
300

 40
0.0
140
1.0
 94
        2
 62
     0
340
11
144
0.18
309
CONTENTFORMAT_END
171
     1
301
MARGIN
  1
CELLMARGIN_BEGIN
 40
0.06
 40
0.06
 40
0.06
 40
0.06
 40
0.06
 40
0.06
309
CELLMARGIN_END
 94
        6
 95
        1
302
GRIDFORMAT
  1
GRIDFORMAT_BEGIN
 90
        0
 91
        1
 62
     0
 92
       -2
340
14
 93
        0
 40
0.045
309
GRIDFORMAT_END
 95
        2
302
GRIDFORMAT
  1
GRIDFORMAT_BEGIN
 90
        0
 91
        1
 62
     0
 92
       -2
340
14
 93
        0
 40
0.045
309
GRIDFORMAT_END
 95
        4
302
GRIDFORMAT
  1
GRIDFORMAT_BEGIN
 90
        0
 91
        1
 62
     0
 92
       -2
340
14
 93
        0
 40
0.045
309
GRIDFORMAT_END
 95
        8
302
GRIDFORMAT
  1
GRIDFORMAT_BEGIN
 90
        0
 91
        1
 62
     0
 92
       -2
340
14
 93
        0
 40
0.045
309
GRIDFORMAT_END
 95
       16
302
GRIDFORMAT
  1
GRIDFORMAT_BEGIN
 90
        0
 91
        1
 62
     0
 92
       -2
340
14
 93
        0
 40
0.045
309
GRIDFORMAT_END
 95
       32
302
GRIDFORMAT
  1
GRIDFORMAT_BEGIN
 90
        0
 91
        1
 62
     0
 92
       -2
340
14
 93
        0
 40
0.045
309
GRIDFORMAT_END
309
TABLEFORMAT_END
  1
CELLSTYLE_BEGIN
 90
        3
 91
        2
300
_DATA
309
CELLSTYLE_END
  0
ENDSEC
  0
EOF
