  0
SECTION
  2
HEADER
  9
$ACADVER
  1
AC1032
  9
$ACADMAINTVER
 90
       55
  9
$DWGCODEPAGE
  3
UNDEFINED
  9
$LASTSAVEDBY
  1
Administrator
  9
$REQUIREDVERSIONS
160
                 0
  9
$INSBASE
 10
0.0
 20
0.0
 30
0.0
  9
$EXTMIN
 10
-56.5926
 20
24.8294
 30
0.0
  9
$EXTMAX
 10
-26.4162
 20
55.0058
 30
0.0
  9
$LIMMIN
 10
0.0
 20
0.0
  9
$LIMMAX
 10
12.0
 20
9.0
  9
$ORTHOMODE
 70
     0
  9
$REGENMODE
 70
     1
  9
$FILLMODE
 70
     1
  9
$QTEXTMODE
 70
     0
  9
$MIRRTEXT
 70
     1
  9
$LTSCALE
 40
1.0
  9
$ATTMODE
 70
     1
  9
$TEXTSIZE
 40
0.2
  9
$TRACEWID
 40
0.05
  9
$TEXTSTYLE
  7
Standard
  9
$CLAYER
  8
0
  9
$CELTYPE
  6
ByLayer
  9
$CECOLOR
 62
   256
  9
$CELTSCALE
 40
1.0
  9
$DISPSILH
 70
     0
  9
$DIMSCALE
 40
1.0
  9
$DIMASZ
 40
0.18
  9
$DIMEXO
 40
0.0625
  9
$DIMDLI
 40
0.38
  9
$DIMRND
 40
0.0
  9
$DIMDLE
 40
0.0
  9
$DIMEXE
 40
0.18
  9
$DIMTP
 40
0.0
  9
$DIMTM
 40
0.0
  9
$DIMTXT
 40
0.18
  9
$DIMCEN
 40
0.09
  9
$DIMTSZ
 40
0.0
  9
$DIMTOL
 70
     0
  9
$DIMLIM
 70
     0
  9
$DIMTIH
 70
     1
  9
$DIMTOH
 70
     1
  9
$DIMSE1
 70
     0
  9
$DIMSE2
 70
     0
  9
$DIMTAD
 70
     0
  9
$DIMZIN
 70
     0
  9
$DIMBLK
  1

  9
$DIMASO
 70
     1
  9
$DIMSHO
 70
     1
  9
$DIMPOST
  1

  9
$DIMAPOST
  1

  9
$DIMALT
 70
     0
  9
$DIMALTD
 70
     2
  9
$DIMALTF
 40
25.4
  9
$DIMLFAC
 40
1.0
  9
$DIMTOFL
 70
     0
  9
$DIMTVP
 40
0.0
  9
$DIMTIX
 70
     0
  9
$DIMSOXD
 70
     0
  9
$DIMSAH
 70
     0
  9
$DIMBLK1
  1

  9
$DIMBLK2
  1

  9
$DIMSTYLE
  2
Standard
  9
$DIMCLRD
 70
     0
  9
$DIMCLRE
 70
     0
  9
$DIMCLRT
 70
     0
  9
$DIMTFAC
 40
1.0
  9
$DIMGAP
 40
0.09
  9
$DIMJUST
 70
     0
  9
$DIMSD1
 70
     0
  9
$DIMSD2
 70
     0
  9
$DIMTOLJ
 70
     1
  9
$DIMTZIN
 70
     0
  9
$DIMALTZ
 70
     0
  9
$DIMALTTZ
 70
     0
  9
$DIMUPT
 70
     0
  9
$DIMDEC
 70
     4
  9
$DIMTDEC
 70
     4
  9
$DIMALTU
 70
     2
  9
$DIMALTTD
 70
     2
  9
$DIMTXSTY
  7
Standard
  9
$DIMAUNIT
 70
     0
  9
$DIMADEC
 70
     0
  9
$DIMALTRND
 40
0.0
  9
$DIMAZIN
 70
     0
  9
$DIMDSEP
 70
    46
  9
$DIMATFIT
 70
     3
  9
$DIMFRAC
 70
     0
  9
$DIMLDRBLK
  1

  9
$DIMLUNIT
 70
     2
  9
$DIMLWD
 70
    -2
  9
$DIMLWE
 70
    -2
  9
$DIMTMOVE
 70
     0
  9
$DIMFXL
 40
1.0
  9
$DIMFXLON
 70
     0
  9
$DIMJOGANG
 40
0.7853981633974483
  9
$DIMTFILL
 70
     0
  9
$DIMTFILLCLR
 70
     0
  9
$DIMARCSYM
 70
     0
  9
$DIMLTYPE
  6

  9
$DIMLTEX1
  6

  9
$DIMLTEX2
  6

  9
$DIMTXTDIRECTION
 70
     0
  9
$LUNITS
 70
     2
  9
$LUPREC
 70
     4
  9
$SKETCHINC
 40
0.1
  9
$FILLETRAD
 40
0.0
  9
$AUNITS
 70
     0
  9
$AUPREC
 70
     0
  9
$MENU
  1
.
  9
$ELEVATION
 40
0.0
  9
$PELEVATION
 40
0.0
  9
$THICKNESS
 40
0.0
  9
$LIMCHECK
 70
     0
  9
$CHAMFERA
 40
0.0
  9
$CHAMFERB
 40
0.0
  9
$CHAMFERC
 40
0.0
  9
$CHAMFERD
 40
0.0
  9
$SKPOLY
 70
     0
  9
$TDCREATE
 40
2460382.428594005
  9
$TDUCREATE
 40
2460382.282760671
  9
$TDUPDATE
 40
2460382.428594306
  9
$TDUUPDATE
 40
2460382.282760972
  9
$TDINDWG
 40
0.0000000116
  9
$TDUSRTIMER
 40
0.0000000116
  9
$USRTIMER
 70
     1
  9
$ANGBASE
 50
0.0
  9
$ANGDIR
 70
     0
  9
$PDMODE
 70
     0
  9
$PDSIZE
 40
0.0
  9
$PLINEWID
 40
0.0
  9
$SPLFRAME
 70
     0
  9
$SPLINETYPE
 70
     6
  9
$SPLINESEGS
 70
     8
  9
$HANDSEED
  5
9C
  9
$SURFTAB1
 70
     6
  9
$SURFTAB2
 70
     6
  9
$SURFTYPE
 70
     6
  9
$SURFU
 70
     6
  9
$SURFV
 70
     6
  9
$UCSBASE
  2

  9
$UCSNAME
  2

  9
$UCSORG
 10
0.0
 20
0.0
 30
0.0
  9
$UCSXDIR
 10
1.0
 20
0.0
 30
0.0
  9
$UCSYDIR
 10
0.0
 20
1.0
 30
0.0
  9
$UCSORTHOREF
  2

  9
$UCSORTHOVIEW
 70
     0
  9
$UCSORGTOP
 10
0.0
 20
0.0
 30
0.0
  9
$UCSORGBOTTOM
 10
0.0
 20
0.0
 30
0.0
  9
$UCSORGLEFT
 10
0.0
 20
0.0
 30
0.0
  9
$UCSORGRIGHT
 10
0.0
 20
0.0
 30
0.0
  9
$UCSORGFRONT
 10
0.0
 20
0.0
 30
0.0
  9
$UCSORGBACK
 10
0.0
 20
0.0
 30
0.0
  9
$PUCSBASE
  2

  9
$PUCSNAME
  2

  9
$PUCSORG
 10
0.0
 20
0.0
 30
0.0
  9
$PUCSXDIR
 10
1.0
 20
0.0
 30
0.0
  9
$PUCSYDIR
 10
0.0
 20
1.0
 30
0.0
  9
$PUCSORTHOREF
  2

  9
$PUCSORTHOVIEW
 70
     0
  9
$PUCSORGTOP
 10
0.0
 20
0.0
 30
0.0
  9
$PUCSORGBOTTOM
 10
0.0
 20
0.0
 30
0.0
  9
$PUCSORGLEFT
 10
0.0
 20
0.0
 30
0.0
  9
$PUCSORGRIGHT
 10
0.0
 20
0.0
 30
0.0
  9
$PUCSORGFRONT
 10
0.0
 20
0.0
 30
0.0
  9
$PUCSORGBACK
 10
0.0
 20
0.0
 30
0.0
  9
$USERI1
 70
     0
  9
$USERI2
 70
     0
  9
$USERI3
 70
     0
  9
$USERI4
 70
     0
  9
$USERI5
 70
     0
  9
$USERR1
 40
0.0
  9
$USERR2
 40
0.0
  9
$USERR3
 40
0.0
  9
$USERR4
 40
0.0
  9
$USERR5
 40
0.0
  9
$WORLDVIEW
 70
     1
  9
$SHADEDGE
 70
     3
  9
$SHADEDIF
 70
    70
  9
$TILEMODE
 70
     1
  9
$MAXACTVP
 70
    64
  9
$PINSBASE
 10
0.0
 20
0.0
 30
0.0
  9
$PLIMCHECK
 70
     0
  9
$PEXTMIN
 10
1.000000000000000E+20
 20
1.000000000000000E+20
 30
1.000000000000000E+20
  9
$PEXTMAX
 10
-1.000000000000000E+20
 20
-1.000000000000000E+20
 30
-1.000000000000000E+20
  9
$PLIMMIN
 10
0.0
 20
0.0
  9
$PLIMMAX
 10
12.0
 20
9.0
  9
$UNITMODE
 70
     0
  9
$VISRETAIN
 70
     1
  9
$PLINEGEN
 70
     0
  9
$PSLTSCALE
 70
     1
  9
$TREEDEPTH
 70
  3020
  9
$CMLSTYLE
  2
Standard
  9
$CMLJUST
 70
     0
  9
$CMLSCALE
 40
1.0
  9
$PROXYGRAPHICS
 70
     1
  9
$MEASUREMENT
 70
     0
  9
$CELWEIGHT
370
    -1
  9
$ENDCAPS
280
     0
  9
$JOINSTYLE
280
     0
  9
$LWDISPLAY
290
     0
  9
$INSUNITS
 70
     4
  9
$HYPERLINKBASE
  1

  9
$STYLESHEET
  1

  9
$XEDIT
290
     1
  9
$CEPSNTYPE
380
     0
  9
$PSTYLEMODE
290
     1
  9
$FINGERPRINTGUID
  2
{33833796-4624-4cc5-889d-4efa350849ea}
  9
$VERSIONGUID
  2
{FAEB1C32-E019-11D5-929B-00C0DF256EC4}
  9
$EXTNAMES
290
     1
  9
$PSVPSCALE
 40
0.0
  9
$OLESTARTUP
290
     0
  9
$SORTENTS
280
   127
  9
$INDEXCTL
280
     0
  9
$HIDETEXT
280
     1
  9
$XCLIPFRAME
280
     2
  9
$HALOGAP
280
     0
  9
$OBSCOLOR
 70
   257
  9
$OBSLTYPE
280
     0
  9
$INTERSECTIONDISPLAY
280
     0
  9
$INTERSECTIONCOLOR
 70
   257
  9
$DIMASSOC
280
     2
  9
$PROJECTNAME
  1

  9
$CAMERADISPLAY
290
     0
  9
$LENSLENGTH
 40
50.0
  9
$CAMERAHEIGHT
 40
0.0
  9
$STEPSPERSEC
 40
2.0
  9
$STEPSIZE
 40
6.0
  9
$3DDWFPREC
 40
2.0
  9
$PSOLWIDTH
 40
0.25
  9
$PSOLHEIGHT
 40
4.0
  9
$LOFTANG1
 40
1.570796326794897
  9
$LOFTANG2
 40
1.570796326794897
  9
$LOFTMAG1
 40
0.0
  9
$LOFTMAG2
 40
0.0
  9
$LOFTPARAM
 70
     7
  9
$LOFTNORMALS
280
     1
  9
$LATITUDE
 40
37.795
  9
$LONGITUDE
 40
-122.394
  9
$NORTHDIRECTION
 40
0.0
  9
$TIMEZONE
 70
 -8000
  9
$LIGHTGLYPHDISPLAY
280
     1
  9
$TILEMODELIGHTSYNCH
280
     1
  9
$CMATERIAL
347
44
  9
$SOLIDHIST
280
     0
  9
$SHOWHIST
280
     1
  9
$DWFFRAME
280
     2
  9
$DGNFRAME
280
     2
  9
$REALWORLDSCALE
290
     1
  9
$INTERFERECOLOR
 62
   256
  9
$CSHADOW
280
     0
  9
$SHADOWPLANELOCATION
 40
0.0
  0
ENDSEC
  0
SECTION
  2
CLASSES
  0
CLASS
  1
ACDBDICTIONARYWDFLT
  2
AcDbDictionaryWithDefault
  3
ObjectDBX Classes
 90
        0
 91
        3
280
     0
281
     0
  0
CLASS
  1
VISUALSTYLE
  2
AcDbVisualStyle
  3
ObjectDBX Classes
 90
     4095
 91
        3
280
     0
281
     0
  0
CLASS
  1
MATERIAL
  2
AcDbMaterial
  3
ObjectDBX Classes
 90
     1153
 91
        3
280
     0
281
     0
  0
CLASS
  1
SCALE
  2
AcDbScale
  3
ObjectDBX Classes
 90
     1153
 91
        3
280
     0
281
     0
  0
CLASS
  1
TABLESTYLE
  2
AcDbTableStyle
  3
ObjectDBX Classes
 90
     4095
 91
        3
280
     0
281
     0
  0
CLASS
  1
MLEADERSTYLE
  2
AcDbMLeaderStyle
  3
ACDB_MLEADERSTYLE_CLASS
 90
     4095
 91
        3
280
     0
281
     0
  0
CLASS
  1
SUN
  2
AcDbSun
  3
SCENEOE
 90
     1153
 91
        3
280
     0
281
     0
  0
CLASS
  1
DICTIONARYVAR
  2
AcDbDictionaryVar
  3
ObjectDBX Classes
 90
        0
 91
        3
280
     0
281
     0
  0
CLASS
  1
CELLSTYLEMAP
  2
AcDbCellStyleMap
  3
ObjectDBX Classes
 90
     1152
 91
        3
280
     0
281
     0
  0
ENDSEC
  0
SECTION
  2
TABLES
  0
TABLE
  2
VPORT
  5
8
330
0
100
AcDbSymbolTable
 70
     1
  0
VPORT
  5
29
330
8
100
AcDbSymbolTableRecord
100
AcDbViewportTableRecord
  2
*Active
 70
     0
 10
0.0
 20
0.0
 11
1.0
 21
1.0
 12
10.42990654205607
 22
4.5
 13
0.0
 23
0.0
 14
0.5
 24
0.5
 15
0.5
 25
0.5
 16
0.0
 26
0.0
 36
1.0
 17
0.0
 27
0.0
 37
0.0
 40
9.0
 41
1.972972972850329
 42
50.0
 43
0.0
 44
0.0
 50
0.0
 51
0.0
 71
     0
 72
   100
 73
     1
 74
     3
 75
     0
 76
     0
 77
     0
 78
     0
281
     0
 65
     1
110
0.0
120
0.0
130
0.0
111
1.0
121
0.0
131
0.0
112
0.0
122
1.0
132
0.0
 79
     0
146
0.0
348
2F
 60
     3
 61
     5
292
     1
282
     1
141
0.0
142
0.0
 63
   250
361
5D
  0
ENDTAB
  0
TABLE
  2
LTYPE
  5
5
330
0
100
AcDbSymbolTable
 70
     1
  0
LTYPE
  5
14
330
5
100
AcDbSymbolTableRecord
100
AcDbLinetypeTableRecord
  2
ByBlock
 70
     0
  3

 72
    65
 73
     0
 40
0.0
  0
LTYPE
  5
15
330
5
100
AcDbSymbolTableRecord
100
AcDbLinetypeTableRecord
  2
ByLayer
 70
     0
  3

 72
    65
 73
     0
 40
0.0
  0
LTYPE
  5
16
330
5
100
AcDbSymbolTableRecord
100
AcDbLinetypeTableRecord
  2
Continuous
 70
     0
  3
Solid line
 72
    65
 73
     0
 40
0.0
  0
ENDTAB
  0
TABLE
  2
LAYER
  5
2
330
0
100
AcDbSymbolTable
 70
     2
  0
LAYER
  5
10
330
2
100
AcDbSymbolTableRecord
100
AcDbLayerTableRecord
  2
0
 70
     0
 62
     7
  6
Continuous
370
    -3
390
F
347
46
348
0
  0
LAYER
  5
5F
330
2
100
AcDbSymbolTableRecord
100
AcDbLayerTableRecord
  2
Layer 1
 70
     0
 62
     7
  6
Continuous
370
    -3
390
F
347
46
348
0
  0
ENDTAB
  0
TABLE
  2
STYLE
  5
3
330
0
100
AcDbSymbolTable
 70
     1
  0
STYLE
  5
11
330
3
100
AcDbSymbolTableRecord
100
AcDbTextStyleTableRecord
  2
Standard
 70
     0
 40
0.0
 41
1.0
 50
0.0
 71
     0
 42
0.2
  3
txt
  4

  0
ENDTAB
  0
TABLE
  2
VIEW
  5
6
330
0
100
AcDbSymbolTable
 70
     0
  0
ENDTAB
  0
TABLE
  2
UCS
  5
7
330
0
100
AcDbSymbolTable
 70
     0
  0
ENDTAB
  0
TABLE
  2
APPID
  5
9
330
0
100
AcDbSymbolTable
 70
     2
  0
APPID
  5
12
330
9
100
AcDbSymbolTableRecord
100
AcDbRegAppTableRecord
  2
ACAD
 70
     0
  0
APPID
  5
5E
330
9
100
AcDbSymbolTableRecord
100
AcDbRegAppTableRecord
  2
ODA
 70
     0
  0
ENDTAB
  0
TABLE
  2
DIMSTYLE
  5
A
330
0
100
AcDbSymbolTable
 70
     1
100
AcDbDimStyleTable
  0
DIMSTYLE
105
27
330
A
100
AcDbSymbolTableRecord
100
AcDbDimStyleTableRecord
  2
Standard
 70
     0
178
     0
340
11
  0
ENDTAB
  0
TABLE
  2
BLOCK_RECORD
  5
1
330
0
100
AcDbSymbolTable
 70
     1
  0
BLOCK_RECORD
  5
1F
330
1
100
AcDbSymbolTableRecord
100
AcDbBlockTableRecord
  2
*Model_Space
340
22
 70
     0
280
     1
281
     0
  0
BLOCK_RECORD
  5
1B
330
1
100
AcDbSymbolTableRecord
100
AcDbBlockTableRecord
  2
*Paper_Space
340
1E
 70
     0
280
     1
281
     0
  0
BLOCK_RECORD
  5
23
330
1
100
AcDbSymbolTableRecord
100
AcDbBlockTableRecord
  2
*Paper_Space0
340
26
 70
     0
280
     1
281
     0
  0
ENDTAB
  0
ENDSEC
  0
SECTION
  2
BLOCKS
  0
BLOCK
  5
20
330
1F
100
AcDbEntity
  8
0
100
AcDbBlockBegin
  2
*Model_Space
 70
     0
 10
0.0
 20
0.0
 30
0.0
  3
*Model_Space
  1

  0
ENDBLK
  5
21
330
1F
100
AcDbEntity
  8
0
100
AcDbBlockEnd
  0
BLOCK
  5
1C
330
1B
100
AcDbEntity
 67
     1
  8
0
100
AcDbBlockBegin
  2
*Paper_Space
 70
     0
 10
0.0
 20
0.0
 30
0.0
  3
*Paper_Space
  1

  0
ENDBLK
  5
1D
330
1B
100
AcDbEntity
 67
     1
  8
0
100
AcDbBlockEnd
  0
BLOCK
  5
24
330
23
100
AcDbEntity
  8
0
100
AcDbBlockBegin
  2
*Paper_Space0
 70
     0
 10
0.0
 20
0.0
 30
0.0
  3
*Paper_Space0
  1

  0
ENDBLK
  5
25
330
23
100
AcDbEntity
  8
0
100
AcDbBlockEnd
  0
ENDSEC
  0
SECTION
  2
ENTITIES
  0
SPLINE
  5
60
330
1F
100
AcDbEntity
  8
Layer 1
 62
   250
370
    18
100
AcDbSpline
210
0.0
220
0.0
230
1.0
 70
    11
 71
     3
 72
   353
 73
   349
 74
     0
 42
0.0000000001
 43
0.0000000001
 40
0.0
 40
0.0
 40
0.0
 40
0.0
 40
0.0086206896551724
 40
0.0086206896551724
 40
0.0086206896551724
 40
0.0172413793103448
 40
0.0172413793103448
 40
0.0172413793103448
 40
0.0258620689655172
 40
0.0258620689655172
 40
0.0258620689655172
 40
0.0344827586206897
 40
0.0344827586206897
 40
0.0344827586206897
 40
0.0431034482758621
 40
0.0431034482758621
 40
0.0431034482758621
 40
0.0517241379310345
 40
0.0517241379310345
 40
0.0517241379310345
 40
0.0603448275862069
 40
0.0603448275862069
 40
0.0603448275862069
 40
0.0689655172413793
 40
0.0689655172413793
 40
0.0689655172413793
 40
0.0775862068965517
 40
0.0775862068965517
 40
0.0775862068965517
 40
0.0862068965517241
 40
0.0862068965517241
 40
0.0862068965517241
 40
0.0948275862068965
 40
0.0948275862068965
 40
0.0948275862068965
 40
0.103448275862069
 40
0.103448275862069
 40
0.103448275862069
 40
0.1120689655172414
 40
0.1120689655172414
 40
0.1120689655172414
 40
0.1206896551724138
 40
0.1206896551724138
 40
0.1206896551724138
 40
0.1293103448275862
 40
0.1293103448275862
 40
0.1293103448275862
 40
0.1379310344827586
 40
0.1379310344827586
 40
0.1379310344827586
 40
0.146551724137931
 40
0.146551724137931
 40
0.146551724137931
 40
0.1551724137931035
 40
0.1551724137931035
 40
0.1551724137931035
 40
0.1637931034482759
 40
0.1637931034482759
 40
0.1637931034482759
 40
0.1724137931034483
 40
0.1724137931034483
 40
0.1724137931034483
 40
0.1810344827586207
 40
0.1810344827586207
 40
0.1810344827586207
 40
0.1896551724137931
 40
0.1896551724137931
 40
0.1896551724137931
 40
0.1982758620689655
 40
0.1982758620689655
 40
0.1982758620689655
 40
0.2068965517241379
 40
0.2068965517241379
 40
0.2068965517241379
 40
0.2155172413793103
 40
0.2155172413793103
 40
0.2155172413793103
 40
0.2241379310344828
 40
0.2241379310344828
 40
0.2241379310344828
 40
0.2327586206896552
 40
0.2327586206896552
 40
0.2327586206896552
 40
0.2413793103448276
 40
0.2413793103448276
 40
0.2413793103448276
 40
0.25
 40
0.25
 40
0.25
 40
0.2586206896551724
 40
0.2586206896551724
 40
0.2586206896551724
 40
0.2672413793103448
 40
0.2672413793103448
 40
0.2672413793103448
 40
0.2758620689655172
 40
0.2758620689655172
 40
0.2758620689655172
 40
0.2844827586206897
 40
0.2844827586206897
 40
0.2844827586206897
 40
0.293103448275862
 40
0.293103448275862
 40
0.293103448275862
 40
0.3017241379310345
 40
0.3017241379310345
 40
0.3017241379310345
 40
0.3103448275862069
 40
0.3103448275862069
 40
0.3103448275862069
 40
0.3189655172413793
 40
0.3189655172413793
 40
0.3189655172413793
 40
0.3275862068965517
 40
0.3275862068965517
 40
0.3275862068965517
 40
0.3362068965517241
 40
0.3362068965517241
 40
0.3362068965517241
 40
0.3448275862068966
 40
0.3448275862068966
 40
0.3448275862068966
 40
0.353448275862069
 40
0.353448275862069
 40
0.353448275862069
 40
0.3620689655172414
 40
0.3620689655172414
 40
0.3620689655172414
 40
0.3706896551724138
 40
0.3706896551724138
 40
0.3706896551724138
 40
0.3793103448275862
 40
0.3793103448275862
 40
0.3793103448275862
 40
0.3879310344827586
 40
0.3879310344827586
 40
0.3879310344827586
 40
0.396551724137931
 40
0.396551724137931
 40
0.396551724137931
 40
0.4051724137931034
 40
0.4051724137931034
 40
0.4051724137931034
 40
0.4137931034482759
 40
0.4137931034482759
 40
0.4137931034482759
 40
0.4224137931034483
 40
0.4224137931034483
 40
0.4224137931034483
 40
0.4310344827586207
 40
0.4310344827586207
 40
0.4310344827586207
 40
0.4396551724137931
 40
0.4396551724137931
 40
0.4396551724137931
 40
0.4482758620689655
 40
0.4482758620689655
 40
0.4482758620689655
 40
0.4568965517241379
 40
0.4568965517241379
 40
0.4568965517241379
 40
0.4655172413793103
 40
0.4655172413793103
 40
0.4655172413793103
 40
0.4741379310344828
 40
0.4741379310344828
 40
0.4741379310344828
 40
0.4827586206896551
 40
0.4827586206896551
 40
0.4827586206896551
 40
0.4913793103448276
 40
0.4913793103448276
 40
0.4913793103448276
 40
0.5
 40
0.5
 40
0.5
 40
0.5086206896551724
 40
0.5086206896551724
 40
0.5086206896551724
 40
0.5172413793103449
 40
0.5172413793103449
 40
0.5172413793103449
 40
0.5258620689655172
 40
0.5258620689655172
 40
0.5258620689655172
 40
0.5344827586206896
 40
0.5344827586206896
 40
0.5344827586206896
 40
0.5431034482758621
 40
0.5431034482758621
 40
0.5431034482758621
 40
0.5517241379310345
 40
0.5517241379310345
 40
0.5517241379310345
 40
0.5603448275862069
 40
0.5603448275862069
 40
0.5603448275862069
 40
0.5689655172413793
 40
0.5689655172413793
 40
0.5689655172413793
 40
0.5775862068965517
 40
0.5775862068965517
 40
0.5775862068965517
 40
0.5862068965517241
 40
0.5862068965517241
 40
0.5862068965517241
 40
0.5948275862068966
 40
0.5948275862068966
 40
0.5948275862068966
 40
0.603448275862069
 40
0.603448275862069
 40
0.603448275862069
 40
0.6120689655172413
 40
0.6120689655172413
 40
0.6120689655172413
 40
0.6206896551724138
 40
0.6206896551724138
 40
0.6206896551724138
 40
0.6293103448275862
 40
0.6293103448275862
 40
0.6293103448275862
 40
0.6379310344827586
 40
0.6379310344827586
 40
0.6379310344827586
 40
0.646551724137931
 40
0.646551724137931
 40
0.646551724137931
 40
0.6551724137931034
 40
0.6551724137931034
 40
0.6551724137931034
 40
0.6637931034482758
 40
0.6637931034482758
 40
0.6637931034482758
 40
0.6724137931034483
 40
0.6724137931034483
 40
0.6724137931034483
 40
0.6810344827586207
 40
0.6810344827586207
 40
0.6810344827586207
 40
0.6896551724137931
 40
0.6896551724137931
 40
0.6896551724137931
 40
0.6982758620689655
 40
0.6982758620689655
 40
0.6982758620689655
 40
0.7068965517241379
 40
0.7068965517241379
 40
0.7068965517241379
 40
0.7155172413793104
 40
0.7155172413793104
 40
0.7155172413793104
 40
0.7241379310344828
 40
0.7241379310344828
 40
0.7241379310344828
 40
0.7327586206896551
 40
0.7327586206896551
 40
0.7327586206896551
 40
0.7413793103448276
 40
0.7413793103448276
 40
0.7413793103448276
 40
0.75
 40
0.75
 40
0.75
 40
0.7586206896551724
 40
0.7586206896551724
 40
0.7586206896551724
 40
0.7672413793103449
 40
0.7672413793103449
 40
0.7672413793103449
 40
0.7758620689655172
 40
0.7758620689655172
 40
0.7758620689655172
 40
0.7844827586206896
 40
0.7844827586206896
 40
0.7844827586206896
 40
0.7931034482758621
 40
0.7931034482758621
 40
0.7931034482758621
 40
0.8017241379310345
 40
0.8017241379310345
 40
0.8017241379310345
 40
0.8103448275862069
 40
0.8103448275862069
 40
0.8103448275862069
 40
0.8189655172413793
 40
0.8189655172413793
 40
0.8189655172413793
 40
0.8275862068965517
 40
0.8275862068965517
 40
0.8275862068965517
 40
0.8362068965517241
 40
0.8362068965517241
 40
0.8362068965517241
 40
0.8448275862068966
 40
0.8448275862068966
 40
0.8448275862068966
 40
0.853448275862069
 40
0.853448275862069
 40
0.853448275862069
 40
0.8620689655172413
 40
0.8620689655172413
 40
0.8620689655172413
 40
0.8706896551724138
 40
0.8706896551724138
 40
0.8706896551724138
 40
0.8793103448275862
 40
0.8793103448275862
 40
0.8793103448275862
 40
0.8879310344827586
 40
0.8879310344827586
 40
0.8879310344827586
 40
0.896551724137931
 40
0.896551724137931
 40
0.896551724137931
 40
0.9051724137931034
 40
0.9051724137931034
 40
0.9051724137931034
 40
0.9137931034482758
 40
0.9137931034482758
 40
0.9137931034482758
 40
0.9224137931034483
 40
0.9224137931034483
 40
0.9224137931034483
 40
0.9310344827586207
 40
0.9310344827586207
 40
0.9310344827586207
 40
0.939655172413793
 40
0.939655172413793
 40
0.939655172413793
 40
0.9482758620689655
 40
0.9482758620689655
 40
0.9482758620689655
 40
0.9568965517241379
 40
0.9568965517241379
 40
0.9568965517241379
 40
0.9655172413793103
 40
0.9655172413793103
 40
0.9655172413793103
 40
0.9741379310344828
 40
0.9741379310344828
 40
0.9741379310344828
 40
0.9827586206896551
 40
0.9827586206896551
 40
0.9827586206896551
 40
0.9913793103448276
 40
0.9913793103448276
 40
0.9913793103448276
 40
1.0
 40
1.0
 40
1.0
 40
1.0
 10
-46.2955
 20
31.7638
 30
0.0
 10
-46.2516
 20
31.7915
 30
0.0
 10
-46.2104
 20
31.825
 30
0.0
 10
-46.1635
 20
31.8462
 30
0.0
 10
-45.4803
 20
32.1553
 30
0.0
 10
-44.8918
 20
32.5967
 30
0.0
 10
-44.3829
 20
33.1422
 30
0.0
 10
-44.0324
 20
33.518
 30
0.0
 10
-43.8013
 20
33.9684
 30
0.0
 10
-43.6384
 20
34.4529
 30
0.0
 10
-43.4104
 20
35.1324
 30
0.0
 10
-43.3096
 20
35.8385
 30
0.0
 10
-43.2086
 20
36.5451
 30
0.0
 10
-43.1608
 20
36.8782
 30
0.0
 10
-43.2506
 20
37.1747
 30
0.0
 10
-43.3822
 20
37.4733
 30
0.0
 10
-43.82
 20
38.4667
 30
0.0
 10
-44.2479
 20
39.4643
 30
0.0
 10
-44.6824
 20
40.4591
 30
0.0
 10
-45.0254
 20
41.2437
 30
0.0
 10
-45.3742
 20
42.026
 30
0.0
 10
-45.7176
 20
42.8106
 30
0.0
 10
-45.9915
 20
43.4363
 30
0.0
 10
-46.2601
 20
44.0642
 30
0.0
 10
-46.5335
 20
44.6901
 30
0.0
 10
-46.7706
 20
45.2331
 30
0.0
 10
-47.0108
 20
45.7748
 30
0.0
 10
-47.2499
 20
46.3171
 30
0.0
 10
-47.2567
 20
46.333
 30
0.0
 10
-47.2593
 20
46.3538
 30
0.0
 10
-47.2708
 20
46.3639
 30
0.0
 10
-47.3294
 20
46.4149
 30
0.0
 10
-47.3898
 20
46.5028
 30
0.0
 10
-47.4505
 20
46.5034
 30
0.0
 10
-47.5594
 20
46.5045
 30
0.0
 10
-47.5485
 20
46.3866
 30
0.0
 10
-47.5491
 20
46.3098
 30
0.0
 10
-47.5534
 20
45.6912
 30
0.0
 10
-47.5536
 20
45.0723
 30
0.0
 10
-47.5532
 20
44.4532
 30
0.0
 10
-47.5517
 20
42.4755
 30
0.0
 10
-47.5534
 20
40.4977
 30
0.0
 10
-47.5436
 20
38.52
 30
0.0
 10
-47.542
 20
38.219
 30
0.0
 10
-47.505
 20
37.9151
 30
0.0
 10
-47.4511
 20
37.6186
 30
0.0
 10
-47.333
 20
36.9684
 30
0.0
 10
-46.8987
 20
36.6501
 30
0.0
 10
-46.2713
 20
36.5564
 30
0.0
 10
-46.0871
 20
36.529
 30
0.0
 10
-45.9026
 20
36.5065
 30
0.0
 10
-45.7187
 20
36.4777
 30
0.0
 10
-45.5596
 20
36.4529
 30
0.0
 10
-45.4822
 20
36.371
 30
0.0
 10
-45.4678
 20
36.2115
 30
0.0
 10
-45.4616
 20
36.1431
 30
0.0
 10
-45.464
 20
36.0728
 30
0.0
 10
-45.4717
 20
36.0044
 30
0.0
 10
-45.4904
 20
35.8387
 30
0.0
 10
-45.5697
 20
35.7624
 30
0.0
 10
-45.7379
 20
35.7714
 30
0.0
 10
-46.0012
 20
35.7856
 30
0.0
 10
-46.2657
 20
35.7999
 30
0.0
 10
-46.5263
 20
35.8381
 30
0.0
 10
-47.1065
 20
35.9228
 30
0.0
 10
-47.6895
 20
35.956
 30
0.0
 10
-48.2732
 20
35.9249
 30
0.0
 10
-48.86
 20
35.8938
 30
0.0
 10
-49.445
 20
35.8297
 30
0.0
 10
-50.0309
 20
35.7815
 30
0.0
 10
-50.1342
 20
35.7731
 30
0.0
 10
-50.2381
 20
35.7656
 30
0.0
 10
-50.3417
 20
35.7684
 30
0.0
 10
-50.4969
 20
35.7723
 30
0.0
 10
-50.5908
 20
35.8555
 30
0.0
 10
-50.6158
 20
36.0091
 30
0.0
 10
-50.6274
 20
36.0805
 30
0.0
 10
-50.6338
 20
36.156
 30
0.0
 10
-50.6242
 20
36.227
 30
0.0
 10
-50.6008
 20
36.395
 30
0.0
 10
-50.5432
 20
36.4488
 30
0.0
 10
-50.3736
 20
36.4745
 30
0.0
 10
-50.1768
 20
36.5037
 30
0.0
 10
-49.9796
 20
36.5305
 30
0.0
 10
-49.7821
 20
36.556
 30
0.0
 10
-48.9586
 20
36.6623
 30
0.0
 10
-48.6192
 20
37.0102
 30
0.0
 10
-48.5781
 20
37.849
 30
0.0
 10
-48.5245
 20
38.9457
 30
0.0
 10
-48.5343
 20
40.0461
 30
0.0
 10
-48.5305
 20
41.1451
 30
0.0
 10
-48.5242
 20
42.8633
 30
0.0
 10
-48.5369
 20
44.5814
 30
0.0
 10
-48.5234
 20
46.2998
 30
0.0
 10
-48.5208
 20
46.6265
 30
0.0
 10
-48.6162
 20
46.8914
 30
0.0
 10
-48.7886
 20
47.1566
 30
0.0
 10
-49.3307
 20
47.9907
 30
0.0
 10
-49.8597
 20
48.8334
 30
0.0
 10
-50.3963
 20
49.6711
 30
0.0
 10
-50.4754
 20
49.7944
 30
0.0
 10
-50.5695
 20
49.9082
 30
0.0
 10
-50.6546
 20
50.0278
 30
0.0
 10
-50.6776
 20
50.06
 30
0.0
 10
-50.6926
 20
50.0977
 30
0.0
 10
-50.7112
 20
50.1329
 30
0.0
 10
-50.7013
 20
50.1408
 30
0.0
 10
-50.6915
 20
50.1485
 30
0.0
 10
-50.6818
 20
50.1565
 30
0.0
 10
-50.6463
 20
50.1245
 30
0.0
 10
-50.6094
 20
50.0943
 30
0.0
 10
-50.5757
 20
50.0604
 30
0.0
 10
-50.009
 20
49.4897
 30
0.0
 10
-49.4428
 20
48.9187
 30
0.0
 10
-48.8764
 20
48.3476
 30
0.0
 10
-48.5018
 20
47.9699
 30
0.0
 10
-48.126
 20
47.593
 30
0.0
 10
-47.7528
 20
47.214
 30
0.0
 10
-47.5854
 20
47.0441
 30
0.0
 10
-47.589
 20
47.0432
 30
0.0
 10
-47.425
 20
47.2108
 30
0.0
 10
-47.0679
 20
47.5753
 30
0.0
 10
-46.7082
 20
47.9373
 30
0.0
 10
-46.3515
 20
48.3024
 30
0.0
 10
-45.7891
 20
48.8777
 30
0.0
 10
-45.2288
 20
49.4552
 30
0.0
 10
-44.6659
 20
50.03
 30
0.0
 10
-44.6243
 20
50.0729
 30
0.0
 10
-44.5681
 20
50.1013
 30
0.0
 10
-44.5186
 20
50.1367
 30
0.0
 10
-44.5079
 20
50.1266
 30
0.0
 10
-44.4974
 20
50.1165
 30
0.0
 10
-44.4867
 20
50.1065
 30
0.0
 10
-44.5253
 20
50.0434
 30
0.0
 10
-44.5625
 20
49.9796
 30
0.0
 10
-44.6025
 20
49.9174
 30
0.0
 10
-44.882
 20
49.4803
 30
0.0
 10
-45.1613
 20
49.0428
 30
0.0
 10
-45.4423
 20
48.6066
 30
0.0
 10
-45.5049
 20
48.5097
 30
0.0
 10
-45.5034
 20
48.4141
 30
0.0
 10
-45.4601
 20
48.3107
 30
0.0
 10
-45.2526
 20
47.8164
 30
0.0
 10
-45.0491
 20
47.3204
 30
0.0
 10
-44.8413
 20
46.8265
 30
0.0
 10
-44.5424
 20
46.1172
 30
0.0
 10
-44.2397
 20
45.4095
 30
0.0
 10
-43.9409
 20
44.7002
 30
0.0
 10
-43.6622
 20
44.0386
 30
0.0
 10
-43.3868
 20
43.3756
 30
0.0
 10
-43.1096
 20
42.7136
 30
0.0
 10
-43.0967
 20
42.683
 30
0.0
 10
-43.0798
 20
42.6543
 30
0.0
 10
-43.0367
 20
42.6249
 30
0.0
 10
-43.0283
 20
42.6851
 30
0.0
 10
-43.0137
 20
42.7456
 30
0.0
 10
-43.0125
 20
42.8061
 30
0.0
 10
-43.0011
 20
43.3685
 30
0.0
 10
-42.9977
 20
43.9313
 30
0.0
 10
-42.9812
 20
44.4938
 30
0.0
 10
-42.9514
 20
45.497
 30
0.0
 10
-42.9183
 20
46.5004
 30
0.0
 10
-42.8785
 20
47.5035
 30
0.0
 10
-42.859
 20
47.9902
 30
0.0
 10
-42.8729
 20
48.4709
 30
0.0
 10
-43.0056
 20
48.9444
 30
0.0
 10
-43.1156
 20
49.3371
 30
0.0
 10
-43.3686
 20
49.5723
 30
0.0
 10
-43.7765
 20
49.6332
 30
0.0
 10
-44.0031
 20
49.6671
 30
0.0
 10
-44.2303
 20
49.6968
 30
0.0
 10
-44.456
 20
49.7346
 30
0.0
 10
-44.4935
 20
49.7408
 30
0.0
 10
-44.5257
 20
49.7794
 30
0.0
 10
-44.5604
 20
49.8027
 30
0.0
 10
-44.5227
 20
49.8206
 30
0.0
 10
-44.4845
 20
49.8551
 30
0.0
 10
-44.4477
 20
49.8535
 30
0.0
 10
-43.7257
 20
49.8257
 30
0.0
 10
-43.0039
 20
49.7845
 30
0.0
 10
-42.2817
 20
49.7654
 30
0.0
 10
-41.7284
 20
49.7506
 30
0.0
 10
-41.1745
 20
49.7598
 30
0.0
 10
-40.6208
 20
49.7633
 30
0.0
 10
-40.3616
 20
49.765
 30
0.0
 10
-40.1024
 20
49.7787
 30
0.0
 10
-39.8431
 20
49.7851
 30
0.0
 10
-39.8248
 20
49.7856
 30
0.0
 10
-39.8062
 20
49.7708
 30
0.0
 10
-39.761
 20
49.7517
 30
0.0
 10
-39.884
 20
49.6644
 30
0.0
 10
-40.0068
 20
49.6555
 30
0.0
 10
-40.1245
 20
49.6366
 30
0.0
 10
-40.3078
 20
49.607
 30
0.0
 10
-40.4962
 20
49.598
 30
0.0
 10
-40.6746
 20
49.5509
 30
0.0
 10
-41.0219
 20
49.4585
 30
0.0
 10
-41.2742
 20
49.2481
 30
0.0
 10
-41.3331
 20
48.878
 30
0.0
 10
-41.3992
 20
48.4645
 30
0.0
 10
-41.4602
 20
48.0479
 30
0.0
 10
-41.4853
 20
47.6306
 30
0.0
 10
-41.5173
 20
47.0998
 30
0.0
 10
-41.5065
 20
46.5666
 30
0.0
 10
-41.5224
 20
46.0346
 30
0.0
 10
-41.5636
 20
44.6505
 30
0.0
 10
-41.6082
 20
43.2665
 30
0.0
 10
-41.6536
 20
41.8826
 30
0.0
 10
-41.675
 20
41.23
 30
0.0
 10
-41.7016
 20
40.5775
 30
0.0
 10
-41.725
 20
39.925
 30
0.0
 10
-41.7265
 20
39.8797
 30
0.0
 10
-41.7203
 20
39.834
 30
0.0
 10
-41.7179
 20
39.7888
 30
0.0
 10
-41.7066
 20
39.7852
 30
0.0
 10
-41.6954
 20
39.7818
 30
0.0
 10
-41.6843
 20
39.7781
 30
0.0
 10
-41.6581
 20
39.8172
 30
0.0
 10
-41.6249
 20
39.8531
 30
0.0
 10
-41.6069
 20
39.8956
 30
0.0
 10
-41.2334
 20
40.7801
 30
0.0
 10
-40.8605
 20
41.6645
 30
0.0
 10
-40.4902
 20
42.5503
 30
0.0
 10
-40.0603
 20
43.5797
 30
0.0
 10
-39.6315
 20
44.6097
 30
0.0
 10
-39.2047
 20
45.6404
 30
0.0
 10
-38.881
 20
46.4235
 30
0.0
 10
-38.5631
 20
47.2091
 30
0.0
 10
-38.239
 20
47.9922
 30
0.0
 10
-38.0274
 20
48.5035
 30
0.0
 10
-37.8068
 20
49.0111
 30
0.0
 10
-37.5957
 20
49.5226
 30
0.0
 10
-37.5444
 20
49.6458
 30
0.0
 10
-37.4617
 20
49.7075
 30
0.0
 10
-37.3335
 20
49.7189
 30
0.0
 10
-36.8426
 20
49.7622
 30
0.0
 10
-36.3528
 20
49.822
 30
0.0
 10
-35.861
 20
49.8454
 30
0.0
 10
-35.0788
 20
49.8827
 30
0.0
 10
-34.2957
 20
49.8958
 30
0.0
 10
-33.5133
 20
49.9195
 30
0.0
 10
-33.259
 20
49.9273
 30
0.0
 10
-33.1765
 20
49.8748
 30
0.0
 10
-33.1401
 20
49.6788
 30
0.0
 10
-33.0961
 20
49.4434
 30
0.0
 10
-33.191
 20
49.2548
 30
0.0
 10
-33.4048
 20
49.2025
 30
0.0
 10
-33.6817
 20
49.1348
 30
0.0
 10
-33.9641
 20
49.0895
 30
0.0
 10
-34.2434
 20
49.031
 30
0.0
 10
-34.4689
 20
48.9841
 30
0.0
 10
-34.6854
 20
48.9174
 30
0.0
 10
-34.8696
 20
48.7667
 30
0.0
 10
-35.1336
 20
48.5504
 30
0.0
 10
-35.205
 20
48.2473
 30
0.0
 10
-35.2359
 20
47.9352
 30
0.0
 10
-35.2704
 20
47.5868
 30
0.0
 10
-35.2916
 20
47.2359
 30
0.0
 10
-35.2919
 20
46.8861
 30
0.0
 10
-35.2955
 20
44.034
 30
0.0
 10
-35.2961
 20
41.1818
 30
0.0
 10
-35.2865
 20
38.3297
 30
0.0
 10
-35.2854
 20
38.0214
 30
0.0
 10
-35.2325
 20
37.7095
 30
0.0
 10
-35.169
 20
37.4066
 30
0.0
 10
-35.0983
 20
37.0686
 30
0.0
 10
-34.8642
 20
36.8533
 30
0.0
 10
-34.5459
 20
36.7299
 30
0.0
 10
-34.1699
 20
36.5841
 30
0.0
 10
-33.772
 20
36.5521
 30
0.0
 10
-33.3774
 20
36.5022
 30
0.0
 10
-33.1606
 20
36.475
 30
0.0
 10
-33.0464
 20
36.353
 30
0.0
 10
-33.0309
 20
36.1361
 30
0.0
 10
-33.0157
 20
35.9247
 30
0.0
 10
-33.1469
 20
35.7644
 30
0.0
 10
-33.3581
 20
35.771
 30
0.0
 10
-33.8288
 20
35.7862
 30
0.0
 10
-34.3004
 20
35.8008
 30
0.0
 10
-34.7692
 20
35.8441
 30
0.0
 10
-35.4119
 20
35.9035
 30
0.0
 10
-36.0548
 20
35.95
 30
0.0
 10
-36.6991
 20
35.9225
 30
0.0
 10
-37.4981
 20
35.8887
 30
0.0
 10
-38.2962
 20
35.831
 30
0.0
 10
-39.0949
 20
35.7862
 30
0.0
 10
-39.2372
 20
35.7783
 30
0.0
 10
-39.3807
 20
35.7779
 30
0.0
 10
-39.523
 20
35.7849
 30
0.0
 10
-39.6776
 20
35.7926
 30
0.0
 10
-39.752
 20
35.8587
 30
0.0
 10
-39.7704
 20
36.014
 30
0.0
 10
-39.7809
 20
36.1016
 30
0.0
 10
-39.7697
 20
36.1948
 30
0.0
 10
-39.7507
 20
36.2814
 30
0.0
 10
-39.7241
 20
36.4027
 30
0.0
 10
-39.6429
 20
36.4653
 30
0.0
 10
-39.5138
 20
36.4846
 30
0.0
 10
-39.1807
 20
36.5354
 30
0.0
 10
-38.8463
 20
36.5843
 30
0.0
 10
-38.5177
 20
36.6578
 30
0.0
 10
-38.0008
 20
36.7734
 30
0.0
 10
-37.7144
 20
37.1054
 30
0.0
 10
-37.6295
 20
37.6313
 30
0.0
 10
-37.5367
 20
38.2044
 30
0.0
 10
-37.5731
 20
38.78
 30
0.0
 10
-37.5703
 20
39.3547
 30
0.0
 10
-37.5626
 20
40.9775
 30
0.0
 10
-37.5665
 20
42.6004
 30
0.0
 10
-37.5648
 20
44.2234
 30
0.0
 10
-37.5641
 20
44.8725
 30
0.0
 10
-37.5601
 20
45.5218
 30
0.0
 10
-37.5609
 20
46.1709
 30
0.0
 10
-37.5609
 20
46.2646
 30
0.0
 10
-37.5313
 20
46.3832
 30
0.0
 10
-37.6713
 20
46.4131
 30
0.0
 10
-37.7873
 20
46.4381
 30
0.0
 10
-37.8999
 20
46.3671
 30
0.0
 10
-37.9547
 20
46.2367
 30
0.0
 10
-38.2855
 20
45.4517
 30
0.0
 10
-38.613
 20
44.6652
 30
0.0
 10
-38.9455
 20
43.8809
 30
0.0
 10
-39.2278
 20
43.2164
 30
0.0
 10
-39.5185
 20
42.5552
 30
0.0
 10
-39.8006
 20
41.8905
 30
0.0
 10
-40.2225
 20
40.896
 30
0.0
 10
-40.6555
 20
39.9057
 30
0.0
 10
-41.0543
 20
38.902
 30
0.0
 10
-41.3288
 20
38.2111
 30
0.0
 10
-41.5661
 20
37.5046
 30
0.0
 10
-41.7957
 20
36.7971
 30
0.0
 10
-41.9556
 20
36.305
 30
0.0
 10
-42.0673
 20
35.7969
 30
0.0
 10
-42.214
 20
35.3002
 30
0.0
 10
-42.444
 20
34.5206
 30
0.0
 10
-42.8997
 20
33.8848
 30
0.0
 10
-43.4736
 20
33.3186
 30
0.0
 10
-43.949
 20
32.8496
 30
0.0
 10
-44.5051
 20
32.506
 30
0.0
 10
-45.0948
 20
32.2114
 30
0.0
 10
-45.4425
 20
32.0378
 30
0.0
 10
-45.8027
 20
31.889
 30
0.0
 10
-46.1583
 20
31.7317
 30
0.0
 10
-46.193
 20
31.7161
 30
0.0
 10
-46.2361
 20
31.7195
 30
0.0
 10
-46.2753
 20
31.7141
 30
0.0
 10
-46.2822
 20
31.7306
 30
0.0
 10
-46.2889
 20
31.7474
 30
0.0
 10
-46.2955
 20
31.7638
 30
0.0
  0
SPLINE
  5
61
330
1F
100
AcDbEntity
  8
Layer 1
 62
   250
370
    18
100
AcDbSpline
210
0.0
220
0.0
230
1.0
 70
    11
 71
     3
 72
    35
 73
    31
 74
     0
 42
0.0000000001
 43
0.0000000001
 40
0.0
 40
0.0
 40
0.0
 40
0.0
 40
0.1
 40
0.1
 40
0.1
 40
0.2
 40
0.2
 40
0.2
 40
0.3
 40
0.3
 40
0.3
 40
0.4
 40
0.4
 40
0.4
 40
0.5
 40
0.5
 40
0.5
 40
0.6000000000000001
 40
0.6000000000000001
 40
0.6000000000000001
 40
0.7000000000000001
 40
0.7000000000000001
 40
0.7000000000000001
 40
0.8
 40
0.8
 40
0.8
 40
0.9
 40
0.9
 40
0.9
 40
1.0
 40
1.0
 40
1.0
 40
1.0
 10
-46.3938
 20
51.2435
 30
0.0
 10
-46.4083
 20
51.1903
 30
0.0
 10
-46.4167
 20
51.149
 30
0.0
 10
-46.4313
 20
51.1097
 30
0.0
 10
-46.7606
 20
50.2178
 30
0.0
 10
-47.0913
 20
49.3262
 30
0.0
 10
-47.42
 20
48.434
 30
0.0
 10
-47.4602
 20
48.3247
 30
0.0
 10
-47.4879
 20
48.2109
 30
0.0
 10
-47.5263
 20
48.1007
 30
0.0
 10
-47.5377
 20
48.0683
 30
0.0
 10
-47.5662
 20
48.042
 30
0.0
 10
-47.5868
 20
48.013
 30
0.0
 10
-47.6105
 20
48.0392
 30
0.0
 10
-47.6453
 20
48.0615
 30
0.0
 10
-47.6566
 20
48.0921
 30
0.0
 10
-47.9113
 20
48.7905
 30
0.0
 10
-48.1642
 20
49.4893
 30
0.0
 10
-48.4161
 20
50.1886
 30
0.0
 10
-48.5276
 20
50.4975
 30
0.0
 10
-48.6356
 20
50.8075
 30
0.0
 10
-48.7462
 20
51.1166
 30
0.0
 10
-48.7779
 20
51.2049
 30
0.0
 10
-48.7675
 20
51.257
 30
0.0
 10
-48.6558
 20
51.2568
 30
0.0
 10
-47.9252
 20
51.2568
 30
0.0
 10
-47.1945
 20
51.2596
 30
0.0
 10
-46.4641
 20
51.2606
 30
0.0
 10
-46.4476
 20
51.2606
 30
0.0
 10
-46.4313
 20
51.2529
 30
0.0
 10
-46.3938
 20
51.2435
 30
0.0
  0
SPLINE
  5
62
330
1F
100
AcDbEntity
  8
Layer 1
 62
   250
370
    18
100
AcDbSpline
210
0.0
220
0.0
230
1.0
 70
    11
 71
     3
 72
    38
 73
    34
 74
     0
 42
0.0000000001
 43
0.0000000001
 40
0.0
 40
0.0
 40
0.0
 40
0.0
 40
0.0909090909090909
 40
0.0909090909090909
 40
0.0909090909090909
 40
0.1818181818181818
 40
0.1818181818181818
 40
0.1818181818181818
 40
0.2727272727272727
 40
0.2727272727272727
 40
0.2727272727272727
 40
0.3636363636363636
 40
0.3636363636363636
 40
0.3636363636363636
 40
0.4545454545454546
 40
0.4545454545454546
 40
0.4545454545454546
 40
0.5454545454545454
 40
0.5454545454545454
 40
0.5454545454545454
 40
0.6363636363636364
 40
0.6363636363636364
 40
0.6363636363636364
 40
0.7272727272727273
 40
0.7272727272727273
 40
0.7272727272727273
 40
0.8181818181818182
 40
0.8181818181818182
 40
0.8181818181818182
 40
0.9090909090909092
 40
0.9090909090909092
 40
0.9090909090909092
 40
1.0
 40
1.0
 40
1.0
 40
1.0
 10
-47.247
 20
48.0186
 30
0.0
 10
-47.2431
 20
48.0537
 30
0.0
 10
-47.2465
 20
48.0912
 30
0.0
 10
-47.2347
 20
48.1234
 30
0.0
 10
-46.9786
 20
48.8255
 30
0.0
 10
-46.7202
 20
49.5271
 30
0.0
 10
-46.4635
 20
50.2289
 30
0.0
 10
-46.3535
 20
50.529
 30
0.0
 10
-46.2424
 20
50.8287
 30
0.0
 10
-46.1387
 20
51.131
 30
0.0
 10
-46.1082
 20
51.2193
 30
0.0
 10
-46.06
 20
51.2547
 30
0.0
 10
-45.9689
 20
51.2547
 30
0.0
 10
-45.3764
 20
51.2544
 30
0.0
 10
-44.7841
 20
51.2572
 30
0.0
 10
-44.1916
 20
51.2583
 30
0.0
 10
-44.1541
 20
51.2585
 30
0.0
 10
-44.1166
 20
51.2525
 30
0.0
 10
-44.0527
 20
51.2474
 30
0.0
 10
-44.0844
 20
51.1951
 30
0.0
 10
-44.0992
 20
51.156
 30
0.0
 10
-44.126
 20
51.1288
 30
0.0
 10
-44.7185
 20
50.5293
 30
0.0
 10
-45.3142
 20
49.9331
 30
0.0
 10
-45.905
 20
49.332
 30
0.0
 10
-46.314
 20
48.9161
 30
0.0
 10
-46.7166
 20
48.4936
 30
0.0
 10
-47.1228
 20
48.075
 30
0.0
 10
-47.1503
 20
48.0467
 30
0.0
 10
-47.1854
 20
48.0261
 30
0.0
 10
-47.2171
 20
48.0019
 30
0.0
 10
-47.227
 20
48.0074
 30
0.0
 10
-47.2371
 20
48.013
 30
0.0
 10
-47.247
 20
48.0186
 30
0.0
  0
SPLINE
  5
63
330
1F
100
AcDbEntity
  8
Layer 1
 62
   250
370
    18
100
AcDbSpline
210
0.0
220
0.0
230
1.0
 70
    11
 71
     3
 72
    35
 73
    31
 74
     0
 42
0.0000000001
 43
0.0000000001
 40
0.0
 40
0.0
 40
0.0
 40
0.0
 40
0.1
 40
0.1
 40
0.1
 40
0.2
 40
0.2
 40
0.2
 40
0.3
 40
0.3
 40
0.3
 40
0.4
 40
0.4
 40
0.4
 40
0.5
 40
0.5
 40
0.5
 40
0.6000000000000001
 40
0.6000000000000001
 40
0.6000000000000001
 40
0.7000000000000001
 40
0.7000000000000001
 40
0.7000000000000001
 40
0.8
 40
0.8
 40
0.8
 40
0.9
 40
0.9
 40
0.9
 40
1.0
 40
1.0
 40
1.0
 40
1.0
 10
-51.1006
 20
51.241
 30
0.0
 10
-51.0387
 20
51.2468
 30
0.0
 10
-51.0055
 20
51.2525
 30
0.0
 10
-50.9722
 20
51.2524
 30
0.0
 10
-50.3971
 20
51.2479
 30
0.0
 10
-49.8217
 20
51.2418
 30
0.0
 10
-49.2464
 20
51.2384
 30
0.0
 10
-49.1516
 20
51.2378
 30
0.0
 10
-49.0866
 20
51.2172
 30
0.0
 10
-49.0485
 20
51.1136
 30
0.0
 10
-48.6804
 20
50.1156
 30
0.0
 10
-48.3072
 20
49.1194
 30
0.0
 10
-47.9372
 20
48.1222
 30
0.0
 10
-47.9267
 20
48.0941
 30
0.0
 10
-47.9362
 20
48.0585
 30
0.0
 10
-47.9363
 20
48.0266
 30
0.0
 10
-47.9724
 20
48.0412
 30
0.0
 10
-48.0185
 20
48.0463
 30
0.0
 10
-48.0429
 20
48.0718
 30
0.0
 10
-48.4107
 20
48.4562
 30
0.0
 10
-48.7705
 20
48.8484
 30
0.0
 10
-49.1428
 20
49.2285
 30
0.0
 10
-49.6451
 20
49.7413
 30
0.0
 10
-50.1572
 20
50.2448
 30
0.0
 10
-50.664
 20
50.7533
 30
0.0
 10
-50.7924
 20
50.8819
 30
0.0
 10
-50.9178
 20
51.0133
 30
0.0
 10
-51.043
 20
51.145
 30
0.0
 10
-51.0616
 20
51.1649
 30
0.0
 10
-51.0721
 20
51.1926
 30
0.0
 10
-51.1006
 20
51.241
 30
0.0
  0
SPLINE
  5
64
330
1F
100
AcDbEntity
  8
Layer 1
 62
   250
370
    18
100
AcDbSpline
210
0.0
220
0.0
230
1.0
 70
    11
 71
     3
 72
   107
 73
   103
 74
     0
 42
0.0000000001
 43
0.0000000001
 40
0.0
 40
0.0
 40
0.0
 40
0.0
 40
0.0294117647058824
 40
0.0294117647058824
 40
0.0294117647058824
 40
0.0588235294117647
 40
0.0588235294117647
 40
0.0588235294117647
 40
0.0882352941176471
 40
0.0882352941176471
 40
0.0882352941176471
 40
0.1176470588235294
 40
0.1176470588235294
 40
0.1176470588235294
 40
0.1470588235294118
 40
0.1470588235294118
 40
0.1470588235294118
 40
0.1764705882352941
 40
0.1764705882352941
 40
0.1764705882352941
 40
0.2058823529411765
 40
0.2058823529411765
 40
0.2058823529411765
 40
0.2352941176470588
 40
0.2352941176470588
 40
0.2352941176470588
 40
0.2647058823529412
 40
0.2647058823529412
 40
0.2647058823529412
 40
0.2941176470588235
 40
0.2941176470588235
 40
0.2941176470588235
 40
0.3235294117647059
 40
0.3235294117647059
 40
0.3235294117647059
 40
0.3529411764705882
 40
0.3529411764705882
 40
0.3529411764705882
 40
0.3823529411764706
 40
0.3823529411764706
 40
0.3823529411764706
 40
0.4117647058823529
 40
0.4117647058823529
 40
0.4117647058823529
 40
0.4411764705882353
 40
0.4411764705882353
 40
0.4411764705882353
 40
0.4705882352941176
 40
0.4705882352941176
 40
0.4705882352941176
 40
0.5
 40
0.5
 40
0.5
 40
0.5294117647058824
 40
0.5294117647058824
 40
0.5294117647058824
 40
0.5588235294117647
 40
0.5588235294117647
 40
0.5588235294117647
 40
0.5882352941176471
 40
0.5882352941176471
 40
0.5882352941176471
 40
0.6176470588235294
 40
0.6176470588235294
 40
0.6176470588235294
 40
0.6470588235294118
 40
0.6470588235294118
 40
0.6470588235294118
 40
0.6764705882352942
 40
0.6764705882352942
 40
0.6764705882352942
 40
0.7058823529411764
 40
0.7058823529411764
 40
0.7058823529411764
 40
0.7352941176470588
 40
0.7352941176470588
 40
0.7352941176470588
 40
0.7647058823529411
 40
0.7647058823529411
 40
0.7647058823529411
 40
0.7941176470588235
 40
0.7941176470588235
 40
0.7941176470588235
 40
0.8235294117647058
 40
0.8235294117647058
 40
0.8235294117647058
 40
0.8529411764705882
 40
0.8529411764705882
 40
0.8529411764705882
 40
0.8823529411764706
 40
0.8823529411764706
 40
0.8823529411764706
 40
0.9117647058823529
 40
0.9117647058823529
 40
0.9117647058823529
 40
0.9411764705882353
 40
0.9411764705882353
 40
0.9411764705882353
 40
0.9705882352941176
 40
0.9705882352941176
 40
0.9705882352941176
 40
1.0
 40
1.0
 40
1.0
 40
1.0
 10
-45.5683
 20
31.5577
 30
0.0
 10
-45.2978
 20
31.7542
 30
0.0
 10
-45.0264
 20
31.8717
 30
0.0
 10
-44.8091
 20
31.4951
 30
0.0
 10
-44.7285
 20
31.5585
 30
0.0
 10
-44.6657
 20
31.6185
 30
0.0
 10
-44.5932
 20
31.6627
 30
0.0
 10
-44.3863
 20
31.7885
 30
0.0
 10
-44.0337
 20
31.783
 30
0.0
 10
-43.9848
 20
31.4061
 30
0.0
 10
-43.9623
 20
31.2314
 30
0.0
 10
-43.978
 20
31.052
 30
0.0
 10
-43.967
 20
30.8751
 30
0.0
 10
-43.9552
 20
30.6869
 30
0.0
 10
-44.0294
 20
30.4695
 30
0.0
 10
-43.7816
 20
30.3512
 30
0.0
 10
-43.7902
 20
30.3433
 30
0.0
 10
-43.7988
 20
30.3353
 30
0.0
 10
-43.8073
 20
30.3274
 30
0.0
 10
-43.8073
 20
30.3274
 30
0.0
 10
-44.4003
 20
30.3274
 30
0.0
 10
-44.4003
 20
30.3274
 30
0.0
 10
-44.394
 20
30.3534
 30
0.0
 10
-44.3938
 20
30.3744
 30
0.0
 10
-44.388
 20
30.3758
 30
0.0
 10
-44.208
 20
30.4249
 30
0.0
 10
-44.2198
 20
30.5688
 30
0.0
 10
-44.221
 20
30.7083
 30
0.0
 10
-44.223
 20
30.8942
 30
0.0
 10
-44.2191
 20
31.0802
 30
0.0
 10
-44.2264
 20
31.2661
 30
0.0
 10
-44.2307
 20
31.3733
 30
0.0
 10
-44.2631
 20
31.4732
 30
0.0
 10
-44.3838
 20
31.5092
 30
0.0
 10
-44.4821
 20
31.5386
 30
0.0
 10
-44.71
 20
31.4774
 30
0.0
 10
-44.7555
 20
31.4016
 30
0.0
 10
-44.7782
 20
31.3641
 30
0.0
 10
-44.7846
 20
31.312
 30
0.0
 10
-44.7844
 20
31.2663
 30
0.0
 10
-44.7844
 20
31.0541
 30
0.0
 10
-44.7773
 20
30.8423
 30
0.0
 10
-44.7771
 20
30.6305
 30
0.0
 10
-44.7771
 20
30.5263
 30
0.0
 10
-44.778
 20
30.4282
 30
0.0
 10
-44.6487
 20
30.3953
 30
0.0
 10
-44.6344
 20
30.3917
 30
0.0
 10
-44.6255
 20
30.3651
 30
0.0
 10
-44.6
 20
30.3291
 30
0.0
 10
-44.6
 20
30.3291
 30
0.0
 10
-45.2423
 20
30.3291
 30
0.0
 10
-45.2423
 20
30.3291
 30
0.0
 10
-45.2234
 20
30.3602
 30
0.0
 10
-45.2157
 20
30.3889
 30
0.0
 10
-45.2033
 20
30.3913
 30
0.0
 10
-45.0607
 20
30.4176
 30
0.0
 10
-45.0515
 20
30.5175
 30
0.0
 10
-45.0549
 20
30.635
 30
0.0
 10
-45.0609
 20
30.8425
 30
0.0
 10
-45.0558
 20
31.0503
 30
0.0
 10
-45.0603
 20
31.258
 30
0.0
 10
-45.064
 20
31.429
 30
0.0
 10
-45.1465
 20
31.5231
 30
0.0
 10
-45.2818
 20
31.522
 30
0.0
 10
-45.4552
 20
31.5206
 30
0.0
 10
-45.5913
 20
31.4035
 30
0.0
 10
-45.5941
 20
31.2468
 30
0.0
 10
-45.5975
 20
31.0393
 30
0.0
 10
-45.5941
 20
30.8314
 30
0.0
 10
-45.5969
 20
30.6241
 30
0.0
 10
-45.5982
 20
30.5253
 30
0.0
 10
-45.6011
 20
30.4309
 30
0.0
 10
-45.4768
 20
30.4001
 30
0.0
 10
-45.4631
 20
30.3966
 30
0.0
 10
-45.4556
 20
30.3685
 30
0.0
 10
-45.4318
 20
30.3308
 30
0.0
 10
-45.4318
 20
30.3308
 30
0.0
 10
-46.0389
 20
30.3308
 30
0.0
 10
-46.0389
 20
30.3308
 30
0.0
 10
-46.0341
 20
30.3512
 30
0.0
 10
-46.0341
 20
30.3789
 30
0.0
 10
-46.0264
 20
30.3812
 30
0.0
 10
-45.8757
 20
30.4265
 30
0.0
 10
-45.8867
 20
30.5488
 30
0.0
 10
-45.8873
 20
30.6667
 30
0.0
 10
-45.8886
 20
30.8742
 30
0.0
 10
-45.8897
 20
31.082
 30
0.0
 10
-45.892
 20
31.2895
 30
0.0
 10
-45.8931
 20
31.3879
 30
0.0
 10
-45.8987
 20
31.4829
 30
0.0
 10
-46.026
 20
31.5075
 30
0.0
 10
-46.0464
 20
31.5114
 30
0.0
 10
-46.0693
 20
31.5471
 30
0.0
 10
-46.0734
 20
31.5711
 30
0.0
 10
-46.076
 20
31.5846
 30
0.0
 10
-46.0445
 20
31.6113
 30
0.0
 10
-46.0232
 20
31.6198
 30
0.0
 10
-45.9553
 20
31.6472
 30
0.0
 10
-45.8845
 20
31.6681
 30
0.0
 10
-45.8157
 20
31.6935
 30
0.0
 10
-45.6395
 20
31.7585
 30
0.0
 10
-45.626
 20
31.7527
 30
0.0
 10
-45.5683
 20
31.5577
 30
0.0
  0
SPLINE
  5
65
330
1F
100
AcDbEntity
  8
Layer 1
 62
   250
370
    18
100
AcDbSpline
210
0.0
220
0.0
230
1.0
 70
    11
 71
     3
 72
    29
 73
    25
 74
     0
 42
0.0000000001
 43
0.0000000001
 40
0.0
 40
0.0
 40
0.0
 40
0.0
 40
0.125
 40
0.125
 40
0.125
 40
0.25
 40
0.25
 40
0.25
 40
0.375
 40
0.375
 40
0.375
 40
0.5
 40
0.5
 40
0.5
 40
0.625
 40
0.625
 40
0.625
 40
0.75
 40
0.75
 40
0.75
 40
0.875
 40
0.875
 40
0.875
 40
1.0
 40
1.0
 40
1.0
 40
1.0
 10
-46.5132
 20
51.5384
 30
0.0
 10
-46.5923
 20
51.53
 30
0.0
 10
-46.6249
 20
51.5238
 30
0.0
 10
-46.6577
 20
51.5238
 30
0.0
 10
-47.2665
 20
51.5242
 30
0.0
 10
-47.8753
 20
51.5247
 30
0.0
 10
-48.4839
 20
51.5283
 30
0.0
 10
-48.5304
 20
51.5285
 30
0.0
 10
-48.5765
 20
51.553
 30
0.0
 10
-48.6228
 20
51.566
 30
0.0
 10
-48.6001
 20
51.605
 30
0.0
 10
-48.5827
 20
51.6488
 30
0.0
 10
-48.554
 20
51.6824
 30
0.0
 10
-48.2764
 20
52.0074
 30
0.0
 10
-47.9966
 20
52.3302
 30
0.0
 10
-47.7184
 20
52.6543
 30
0.0
 10
-47.6092
 20
52.7813
 30
0.0
 10
-47.588
 20
52.7725
 30
0.0
 10
-47.4762
 20
52.643
 30
0.0
 10
-47.2135
 20
52.3399
 30
0.0
 10
-46.9406
 20
52.0458
 30
0.0
 10
-46.6738
 20
51.7465
 30
0.0
 10
-46.6241
 20
51.6908
 30
0.0
 10
-46.582
 20
51.6282
 30
0.0
 10
-46.5132
 20
51.5384
 30
0.0
  0
SPLINE
  5
66
330
1F
100
AcDbEntity
  8
Layer 1
 62
   250
370
    18
100
AcDbSpline
210
0.0
220
0.0
230
1.0
 70
    11
 71
     3
 72
   101
 73
    97
 74
     0
 42
0.0000000001
 43
0.0000000001
 40
0.0
 40
0.0
 40
0.0
 40
0.0
 40
0.03125
 40
0.03125
 40
0.03125
 40
0.0625
 40
0.0625
 40
0.0625
 40
0.09375
 40
0.09375
 40
0.09375
 40
0.125
 40
0.125
 40
0.125
 40
0.15625
 40
0.15625
 40
0.15625
 40
0.1875
 40
0.1875
 40
0.1875
 40
0.21875
 40
0.21875
 40
0.21875
 40
0.25
 40
0.25
 40
0.25
 40
0.28125
 40
0.28125
 40
0.28125
 40
0.3125
 40
0.3125
 40
0.3125
 40
0.34375
 40
0.34375
 40
0.34375
 40
0.375
 40
0.375
 40
0.375
 40
0.40625
 40
0.40625
 40
0.40625
 40
0.4375
 40
0.4375
 40
0.4375
 40
0.46875
 40
0.46875
 40
0.46875
 40
0.5
 40
0.5
 40
0.5
 40
0.53125
 40
0.53125
 40
0.53125
 40
0.5625
 40
0.5625
 40
0.5625
 40
0.59375
 40
0.59375
 40
0.59375
 40
0.625
 40
0.625
 40
0.625
 40
0.65625
 40
0.65625
 40
0.65625
 40
0.6875
 40
0.6875
 40
0.6875
 40
0.71875
 40
0.71875
 40
0.71875
 40
0.75
 40
0.75
 40
0.75
 40
0.78125
 40
0.78125
 40
0.78125
 40
0.8125
 40
0.8125
 40
0.8125
 40
0.84375
 40
0.84375
 40
0.84375
 40
0.875
 40
0.875
 40
0.875
 40
0.90625
 40
0.90625
 40
0.90625
 40
0.9375
 40
0.9375
 40
0.9375
 40
0.96875
 40
0.96875
 40
0.96875
 40
1.0
 40
1.0
 40
1.0
 40
1.0
 10
-50.9769
 20
30.3284
 30
0.0
 10
-50.9769
 20
30.3284
 30
0.0
 10
-51.5493
 20
30.3284
 30
0.0
 10
-51.5493
 20
30.3284
 30
0.0
 10
-51.5503
 20
30.349
 30
0.0
 10
-51.5533
 20
30.3637
 30
0.0
 10
-51.5508
 20
30.3646
 30
0.0
 10
-51.3733
 20
30.4351
 30
0.0
 10
-51.3941
 20
30.5906
 30
0.0
 10
-51.3941
 20
30.7348
 30
0.0
 10
-51.3941
 20
30.9211
 30
0.0
 10
-51.3904
 20
31.1076
 30
0.0
 10
-51.402
 20
31.293
 30
0.0
 10
-51.4129
 20
31.4709
 30
0.0
 10
-51.4785
 20
31.5297
 30
0.0
 10
-51.6303
 20
31.5284
 30
0.0
 10
-51.8031
 20
31.5269
 30
0.0
 10
-51.951
 20
31.4201
 30
0.0
 10
-51.9552
 20
31.275
 30
0.0
 10
-51.9625
 20
31.0373
 30
0.0
 10
-51.967
 20
30.7983
 30
0.0
 10
-51.9493
 20
30.5616
 30
0.0
 10
-51.9434
 20
30.4872
 30
0.0
 10
-51.8626
 20
30.4189
 30
0.0
 10
-51.8073
 20
30.3335
 30
0.0
 10
-51.8073
 20
30.3335
 30
0.0
 10
-52.3992
 20
30.3335
 30
0.0
 10
-52.3992
 20
30.3335
 30
0.0
 10
-52.39
 20
30.3563
 30
0.0
 10
-52.387
 20
30.382
 30
0.0
 10
-52.3778
 20
30.3843
 30
0.0
 10
-52.2303
 20
30.4221
 30
0.0
 10
-52.2207
 20
30.5361
 30
0.0
 10
-52.2219
 20
30.6578
 30
0.0
 10
-52.2236
 20
30.8525
 30
0.0
 10
-52.2185
 20
31.0476
 30
0.0
 10
-52.2267
 20
31.2422
 30
0.0
 10
-52.2352
 20
31.4478
 30
0.0
 10
-52.3098
 20
31.5376
 30
0.0
 10
-52.4483
 20
31.5318
 30
0.0
 10
-52.6511
 20
31.5235
 30
0.0
 10
-52.7958
 20
31.3933
 30
0.0
 10
-52.8001
 20
31.2116
 30
0.0
 10
-52.8027
 20
31.1036
 30
0.0
 10
-52.8035
 20
30.9948
 30
0.0
 10
-52.7979
 20
30.8871
 30
0.0
 10
-52.7883
 20
30.695
 30
0.0
 10
-52.8475
 20
30.4797
 30
0.0
 10
-52.6067
 20
30.3597
 30
0.0
 10
-52.6144
 20
30.3507
 30
0.0
 10
-52.6224
 20
30.3417
 30
0.0
 10
-52.6301
 20
30.3329
 30
0.0
 10
-52.6301
 20
30.3329
 30
0.0
 10
-53.2127
 20
30.3329
 30
0.0
 10
-53.2127
 20
30.3329
 30
0.0
 10
-53.2065
 20
30.3601
 30
0.0
 10
-53.2068
 20
30.3747
 30
0.0
 10
-53.2027
 20
30.376
 30
0.0
 10
-53.0175
 20
30.4345
 30
0.0
 10
-53.0492
 20
30.5874
 30
0.0
 10
-53.0494
 20
30.7267
 30
0.0
 10
-53.05
 20
30.8911
 30
0.0
 10
-53.05
 20
31.0557
 30
0.0
 10
-53.0513
 20
31.2199
 30
0.0
 10
-53.0526
 20
31.3644
 30
0.0
 10
-53.0172
 20
31.5295
 30
0.0
 10
-53.2571
 20
31.5586
 30
0.0
 10
-53.1236
 20
31.6397
 30
0.0
 10
-52.9975
 20
31.6819
 30
0.0
 10
-52.8659
 20
31.7029
 30
0.0
 10
-52.8522
 20
31.7051
 30
0.0
 10
-52.8146
 20
31.6433
 30
0.0
 10
-52.8117
 20
31.609
 30
0.0
 10
-52.8028
 20
31.5119
 30
0.0
 10
-52.7671
 20
31.5108
 30
0.0
 10
-52.6951
 20
31.5567
 30
0.0
 10
-52.6086
 20
31.6122
 30
0.0
 10
-52.5221
 20
31.6746
 30
0.0
 10
-52.4267
 20
31.7074
 30
0.0
 10
-52.2609
 20
31.764
 30
0.0
 10
-52.1315
 20
31.7096
 30
0.0
 10
-52.0425
 20
31.5565
 30
0.0
 10
-51.9932
 20
31.4716
 30
0.0
 10
-51.9634
 20
31.4911
 30
0.0
 10
-51.8957
 20
31.5408
 30
0.0
 10
-51.7972
 20
31.6135
 30
0.0
 10
-51.6873
 20
31.6864
 30
0.0
 10
-51.5713
 20
31.7153
 30
0.0
 10
-51.3506
 20
31.7702
 30
0.0
 10
-51.1765
 20
31.6371
 30
0.0
 10
-51.1503
 20
31.4094
 30
0.0
 10
-51.1327
 20
31.2551
 30
0.0
 10
-51.1285
 20
31.0988
 30
0.0
 10
-51.1291
 20
30.9432
 30
0.0
 10
-51.1306
 20
30.5878
 30
0.0
 10
-51.1331
 20
30.5878
 30
0.0
 10
-50.9769
 20
30.3284
 30
0.0
  0
SPLINE
  5
67
330
1F
100
AcDbEntity
  8
Layer 1
 62
   250
370
    18
100
AcDbSpline
210
0.0
220
0.0
230
1.0
 70
    11
 71
     3
 72
    32
 73
    28
 74
     0
 42
0.0000000001
 43
0.0000000001
 40
0.0
 40
0.0
 40
0.0
 40
0.0
 40
0.1111111111111111
 40
0.1111111111111111
 40
0.1111111111111111
 40
0.2222222222222222
 40
0.2222222222222222
 40
0.2222222222222222
 40
0.3333333333333333
 40
0.3333333333333333
 40
0.3333333333333333
 40
0.4444444444444444
 40
0.4444444444444444
 40
0.4444444444444444
 40
0.5555555555555556
 40
0.5555555555555556
 40
0.5555555555555556
 40
0.6666666666666666
 40
0.6666666666666666
 40
0.6666666666666666
 40
0.7777777777777777
 40
0.7777777777777777
 40
0.7777777777777777
 40
0.8888888888888888
 40
0.8888888888888888
 40
0.8888888888888888
 40
1.0
 40
1.0
 40
1.0
 40
1.0
 10
-44.9946
 20
51.5247
 30
0.0
 10
-45.2585
 20
51.5247
 30
0.0
 10
-45.5224
 20
51.5238
 30
0.0
 10
-45.7863
 20
51.5248
 30
0.0
 10
-45.9304
 20
51.5255
 30
0.0
 10
-45.9488
 20
51.5611
 30
0.0
 10
-45.8825
 20
51.6863
 30
0.0
 10
-45.7166
 20
51.9999
 30
0.0
 10
-45.5522
 20
52.3137
 30
0.0
 10
-45.3899
 20
52.6291
 30
0.0
 10
-45.313
 20
52.7785
 30
0.0
 10
-45.272
 20
52.7841
 30
0.0
 10
-45.1569
 20
52.6689
 30
0.0
 10
-44.821
 20
52.333
 30
0.0
 10
-44.481
 20
52.0014
 30
0.0
 10
-44.144
 20
51.6664
 30
0.0
 10
-44.1157
 20
51.6383
 30
0.0
 10
-44.0993
 20
51.5982
 30
0.0
 10
-44.0771
 20
51.5637
 30
0.0
 10
-44.1192
 20
51.5504
 30
0.0
 10
-44.161
 20
51.5262
 30
0.0
 10
-44.2032
 20
51.5257
 30
0.0
 10
-44.4671
 20
51.5221
 30
0.0
 10
-44.7307
 20
51.524
 30
0.0
 10
-44.9946
 20
51.524
 30
0.0
 10
-44.9946
 20
51.524
 30
0.0
 10
-44.9946
 20
51.5247
 30
0.0
 10
-44.9946
 20
51.5247
 30
0.0
  0
SPLINE
  5
68
330
1F
100
AcDbEntity
  8
Layer 1
 62
   250
370
    18
100
AcDbSpline
210
0.0
220
0.0
230
1.0
 70
    11
 71
     3
 72
    32
 73
    28
 74
     0
 42
0.0000000001
 43
0.0000000001
 40
0.0
 40
0.0
 40
0.0
 40
0.0
 40
0.1111111111111111
 40
0.1111111111111111
 40
0.1111111111111111
 40
0.2222222222222222
 40
0.2222222222222222
 40
0.2222222222222222
 40
0.3333333333333333
 40
0.3333333333333333
 40
0.3333333333333333
 40
0.4444444444444444
 40
0.4444444444444444
 40
0.4444444444444444
 40
0.5555555555555556
 40
0.5555555555555556
 40
0.5555555555555556
 40
0.6666666666666666
 40
0.6666666666666666
 40
0.6666666666666666
 40
0.7777777777777777
 40
0.7777777777777777
 40
0.7777777777777777
 40
0.8888888888888888
 40
0.8888888888888888
 40
0.8888888888888888
 40
1.0
 40
1.0
 40
1.0
 40
1.0
 10
-50.1822
 20
51.5268
 30
0.0
 10
-50.4457
 20
51.5268
 30
0.0
 10
-50.7091
 20
51.5258
 30
0.0
 10
-50.9728
 20
51.5281
 30
0.0
 10
-51.0084
 20
51.5286
 30
0.0
 10
-51.0438
 20
51.5463
 30
0.0
 10
-51.0794
 20
51.5562
 30
0.0
 10
-51.06
 20
51.5908
 30
0.0
 10
-51.0476
 20
51.6321
 30
0.0
 10
-51.0206
 20
51.6589
 30
0.0
 10
-50.6714
 20
52.0055
 30
0.0
 10
-50.3192
 20
52.3492
 30
0.0
 10
-49.9702
 20
52.696
 30
0.0
 10
-49.9132
 20
52.7528
 30
0.0
 10
-49.878
 20
52.7466
 30
0.0
 10
-49.8418
 20
52.6799
 30
0.0
 10
-49.6566
 20
52.3384
 30
0.0
 10
-49.4699
 20
51.9976
 30
0.0
 10
-49.2858
 20
51.6555
 30
0.0
 10
-49.241
 20
51.5723
 30
0.0
 10
-49.263
 20
51.5267
 30
0.0
 10
-49.3659
 20
51.5273
 30
0.0
 10
-49.638
 20
51.5296
 30
0.0
 10
-49.9102
 20
51.5281
 30
0.0
 10
-50.1822
 20
51.5281
 30
0.0
 10
-50.1822
 20
51.5281
 30
0.0
 10
-50.1822
 20
51.5268
 30
0.0
 10
-50.1822
 20
51.5268
 30
0.0
  0
SPLINE
  5
69
330
1F
100
AcDbEntity
  8
Layer 1
 62
   250
370
    18
100
AcDbSpline
210
0.0
220
0.0
230
1.0
 70
    11
 71
     3
 72
    29
 73
    25
 74
     0
 42
0.0000000001
 43
0.0000000001
 40
0.0
 40
0.0
 40
0.0
 40
0.0
 40
0.125
 40
0.125
 40
0.125
 40
0.25
 40
0.25
 40
0.25
 40
0.375
 40
0.375
 40
0.375
 40
0.5
 40
0.5
 40
0.5
 40
0.625
 40
0.625
 40
0.625
 40
0.75
 40
0.75
 40
0.75
 40
0.875
 40
0.875
 40
0.875
 40
1.0
 40
1.0
 40
1.0
 40
1.0
 10
-41.1445
 20
31.0077
 30
0.0
 10
-41.1445
 20
31.0077
 30
0.0
 10
-41.1541
 20
31.0077
 30
0.0
 10
-41.1541
 20
31.0077
 30
0.0
 10
-41.1541
 20
31.1155
 30
0.0
 10
-41.1529
 20
31.2234
 30
0.0
 10
-41.1544
 20
31.3312
 30
0.0
 10
-41.1565
 20
31.4731
 30
0.0
 10
-41.2472
 20
31.5496
 30
0.0
 10
-41.3649
 20
31.5976
 30
0.0
 10
-41.48
 20
31.6444
 30
0.0
 10
-41.5838
 20
31.6159
 30
0.0
 10
-41.6755
 20
31.5325
 30
0.0
 10
-41.8839
 20
31.3436
 30
0.0
 10
-41.8757
 20
31.102
 30
0.0
 10
-41.8258
 20
30.8607
 30
0.0
 10
-41.7855
 20
30.6651
 30
0.0
 10
-41.6762
 20
30.5112
 30
0.0
 10
-41.4635
 20
30.4635
 30
0.0
 10
-41.2818
 20
30.4227
 30
0.0
 10
-41.1574
 20
30.5126
 30
0.0
 10
-41.1456
 20
30.6969
 30
0.0
 10
-41.1394
 20
30.8
 30
0.0
 10
-41.1445
 20
30.9042
 30
0.0
 10
-41.1445
 20
31.0077
 30
0.0
  0
SPLINE
  5
6A
330
1F
100
AcDbEntity
  8
Layer 1
 62
   250
370
    18
100
AcDbSpline
210
0.0
220
0.0
230
1.0
 70
    11
 71
     3
 72
    53
 73
    49
 74
     0
 42
0.0000000001
 43
0.0000000001
 40
0.0
 40
0.0
 40
0.0
 40
0.0
 40
0.0625
 40
0.0625
 40
0.0625
 40
0.125
 40
0.125
 40
0.125
 40
0.1875
 40
0.1875
 40
0.1875
 40
0.25
 40
0.25
 40
0.25
 40
0.3125
 40
0.3125
 40
0.3125
 40
0.375
 40
0.375
 40
0.375
 40
0.4375
 40
0.4375
 40
0.4375
 40
0.5
 40
0.5
 40
0.5
 40
0.5625
 40
0.5625
 40
0.5625
 40
0.625
 40
0.625
 40
0.625
 40
0.6875
 40
0.6875
 40
0.6875
 40
0.75
 40
0.75
 40
0.75
 40
0.8125
 40
0.8125
 40
0.8125
 40
0.875
 40
0.875
 40
0.875
 40
0.9375
 40
0.9375
 40
0.9375
 40
1.0
 40
1.0
 40
1.0
 40
1.0
 10
-40.6759
 20
30.4718
 30
0.0
 10
-40.8146
 20
30.3644
 30
0.0
 10
-40.9582
 20
30.3191
 30
0.0
 10
-41.1094
 20
30.302
 30
0.0
 10
-41.1321
 20
30.2992
 30
0.0
 10
-41.1624
 20
30.358
 30
0.0
 10
-41.1808
 20
30.3788
 30
0.0
 10
-41.289
 20
30.34
 30
0.0
 10
-41.3902
 20
30.2787
 30
0.0
 10
-41.4961
 20
30.2697
 30
0.0
 10
-41.8142
 20
30.2425
 30
0.0
 10
-42.1109
 20
30.5196
 30
0.0
 10
-42.1433
 20
30.8531
 30
0.0
 10
-42.1787
 20
31.2154
 30
0.0
 10
-42.0149
 20
31.4799
 30
0.0
 10
-41.725
 20
31.6716
 30
0.0
 10
-41.5838
 20
31.7646
 30
0.0
 10
-41.4168
 20
31.7486
 30
0.0
 10
-41.2601
 20
31.7065
 30
0.0
 10
-41.1649
 20
31.681
 30
0.0
 10
-41.1418
 20
31.7113
 30
0.0
 10
-41.1475
 20
31.7977
 30
0.0
 10
-41.1518
 20
31.8665
 30
0.0
 10
-41.1535
 20
31.9357
 30
0.0
 10
-41.1531
 20
32.0047
 30
0.0
 10
-41.1527
 20
32.1064
 30
0.0
 10
-41.1587
 20
32.1987
 30
0.0
 10
-41.2972
 20
32.2011
 30
0.0
 10
-41.318
 20
32.2015
 30
0.0
 10
-41.3542
 20
32.236
 30
0.0
 10
-41.3542
 20
32.2547
 30
0.0
 10
-41.3539
 20
32.2772
 30
0.0
 10
-41.3271
 20
32.31
 30
0.0
 10
-41.304
 20
32.3201
 30
0.0
 10
-41.2014
 20
32.3644
 30
0.0
 10
-41.0965
 20
32.4047
 30
0.0
 10
-40.9911
 20
32.4416
 30
0.0
 10
-40.8895
 20
32.4774
 30
0.0
 10
-40.8599
 20
32.4242
 30
0.0
 10
-40.8607
 20
32.3314
 30
0.0
 10
-40.8639
 20
31.9595
 30
0.0
 10
-40.8659
 20
31.588
 30
0.0
 10
-40.8672
 20
31.2165
 30
0.0
 10
-40.8676
 20
31.0568
 30
0.0
 10
-40.8661
 20
30.8967
 30
0.0
 10
-40.8633
 20
30.7368
 30
0.0
 10
-40.8614
 20
30.6167
 30
0.0
 10
-40.8862
 20
30.4771
 30
0.0
 10
-40.6759
 20
30.4718
 30
0.0
  0
SPLINE
  5
6B
330
1F
100
AcDbEntity
  8
Layer 1
 62
   250
370
    18
100
AcDbSpline
210
0.0
220
0.0
230
1.0
 70
    11
 71
     3
 72
    32
 73
    28
 74
     0
 42
0.0000000001
 43
0.0000000001
 40
0.0
 40
0.0
 40
0.0
 40
0.0
 40
0.1111111111111111
 40
0.1111111111111111
 40
0.1111111111111111
 40
0.2222222222222222
 40
0.2222222222222222
 40
0.2222222222222222
 40
0.3333333333333333
 40
0.3333333333333333
 40
0.3333333333333333
 40
0.4444444444444444
 40
0.4444444444444444
 40
0.4444444444444444
 40
0.5555555555555556
 40
0.5555555555555556
 40
0.5555555555555556
 40
0.6666666666666666
 40
0.6666666666666666
 40
0.6666666666666666
 40
0.7777777777777777
 40
0.7777777777777777
 40
0.7777777777777777
 40
0.8888888888888888
 40
0.8888888888888888
 40
0.8888888888888888
 40
1.0
 40
1.0
 40
1.0
 40
1.0
 10
-46.4202
 20
52.9154
 30
0.0
 10
-46.1823
 20
52.9154
 30
0.0
 10
-45.9443
 20
52.9154
 30
0.0
 10
-45.7064
 20
52.9154
 30
0.0
 10
-45.5692
 20
52.9154
 30
0.0
 10
-45.5495
 20
52.8884
 30
0.0
 10
-45.6153
 20
52.7638
 30
0.0
 10
-45.7954
 20
52.4241
 30
0.0
 10
-45.9798
 20
52.0862
 30
0.0
 10
-46.1628
 20
51.748
 30
0.0
 10
-46.2022
 20
51.6744
 30
0.0
 10
-46.2432
 20
51.6712
 30
0.0
 10
-46.3002
 20
51.7368
 30
0.0
 10
-46.6067
 20
52.089
 30
0.0
 10
-46.9163
 20
52.4384
 30
0.0
 10
-47.2231
 20
52.7906
 30
0.0
 10
-47.2456
 20
52.8166
 30
0.0
 10
-47.2527
 20
52.8558
 30
0.0
 10
-47.267
 20
52.8888
 30
0.0
 10
-47.2314
 20
52.8982
 30
0.0
 10
-47.1959
 20
52.9156
 30
0.0
 10
-47.1602
 20
52.9161
 30
0.0
 10
-46.9135
 20
52.9184
 30
0.0
 10
-46.6668
 20
52.9173
 30
0.0
 10
-46.4202
 20
52.9173
 30
0.0
 10
-46.4202
 20
52.9173
 30
0.0
 10
-46.4202
 20
52.9154
 30
0.0
 10
-46.4202
 20
52.9154
 30
0.0
  0
SPLINE
  5
6C
330
1F
100
AcDbEntity
  8
Layer 1
 62
   250
370
    18
100
AcDbSpline
210
0.0
220
0.0
230
1.0
 70
    11
 71
     3
 72
    26
 73
    22
 74
     0
 42
0.0000000001
 43
0.0000000001
 40
0.0
 40
0.0
 40
0.0
 40
0.0
 40
0.1428571428571428
 40
0.1428571428571428
 40
0.1428571428571428
 40
0.2857142857142857
 40
0.2857142857142857
 40
0.2857142857142857
 40
0.4285714285714285
 40
0.4285714285714285
 40
0.4285714285714285
 40
0.5714285714285714
 40
0.5714285714285714
 40
0.5714285714285714
 40
0.7142857142857142
 40
0.7142857142857142
 40
0.7142857142857142
 40
0.8571428571428571
 40
0.8571428571428571
 40
0.8571428571428571
 40
1.0
 40
1.0
 40
1.0
 40
1.0
 10
-47.9009
 20
52.8879
 30
0.0
 10
-47.941
 20
52.8293
 30
0.0
 10
-47.965
 20
52.785
 30
0.0
 10
-47.9976
 20
52.7477
 30
0.0
 10
-48.2902
 20
52.4129
 30
0.0
 10
-48.5843
 20
52.0793
 30
0.0
 10
-48.878
 20
51.7453
 30
0.0
 10
-48.9382
 20
51.6769
 30
0.0
 10
-48.985
 20
51.6716
 30
0.0
 10
-49.0334
 20
51.7635
 30
0.0
 10
-49.2141
 20
52.1071
 30
0.0
 10
-49.3998
 20
52.4485
 30
0.0
 10
-49.5844
 20
52.7903
 30
0.0
 10
-49.6253
 20
52.8665
 30
0.0
 10
-49.6186
 20
52.9153
 30
0.0
 10
-49.5181
 20
52.9153
 30
0.0
 10
-49.0085
 20
52.9147
 30
0.0
 10
-48.4988
 20
52.9142
 30
0.0
 10
-47.989
 20
52.9125
 30
0.0
 10
-47.9693
 20
52.9125
 30
0.0
 10
-47.9496
 20
52.9018
 30
0.0
 10
-47.9009
 20
52.8879
 30
0.0
  0
SPLINE
  5
6D
330
1F
100
AcDbEntity
  8
Layer 1
 62
   250
370
    18
100
AcDbSpline
210
0.0
220
0.0
230
1.0
 70
    11
 71
     3
 72
    83
 73
    79
 74
     0
 42
0.0000000001
 43
0.0000000001
 40
0.0
 40
0.0
 40
0.0
 40
0.0
 40
0.0384615384615385
 40
0.0384615384615385
 40
0.0384615384615385
 40
0.0769230769230769
 40
0.0769230769230769
 40
0.0769230769230769
 40
0.1153846153846154
 40
0.1153846153846154
 40
0.1153846153846154
 40
0.1538461538461539
 40
0.1538461538461539
 40
0.1538461538461539
 40
0.1923076923076923
 40
0.1923076923076923
 40
0.1923076923076923
 40
0.2307692307692308
 40
0.2307692307692308
 40
0.2307692307692308
 40
0.2692307692307693
 40
0.2692307692307693
 40
0.2692307692307693
 40
0.3076923076923077
 40
0.3076923076923077
 40
0.3076923076923077
 40
0.3461538461538461
 40
0.3461538461538461
 40
0.3461538461538461
 40
0.3846153846153846
 40
0.3846153846153846
 40
0.3846153846153846
 40
0.4230769230769231
 40
0.4230769230769231
 40
0.4230769230769231
 40
0.4615384615384616
 40
0.4615384615384616
 40
0.4615384615384616
 40
0.5
 40
0.5
 40
0.5
 40
0.5384615384615385
 40
0.5384615384615385
 40
0.5384615384615385
 40
0.576923076923077
 40
0.576923076923077
 40
0.576923076923077
 40
0.6153846153846154
 40
0.6153846153846154
 40
0.6153846153846154
 40
0.6538461538461539
 40
0.6538461538461539
 40
0.6538461538461539
 40
0.6923076923076923
 40
0.6923076923076923
 40
0.6923076923076923
 40
0.7307692307692308
 40
0.7307692307692308
 40
0.7307692307692308
 40
0.7692307692307693
 40
0.7692307692307693
 40
0.7692307692307693
 40
0.8076923076923077
 40
0.8076923076923077
 40
0.8076923076923077
 40
0.8461538461538463
 40
0.8461538461538463
 40
0.8461538461538463
 40
0.8846153846153847
 40
0.8846153846153847
 40
0.8846153846153847
 40
0.9230769230769231
 40
0.9230769230769231
 40
0.9230769230769231
 40
0.9615384615384616
 40
0.9615384615384616
 40
0.9615384615384616
 40
1.0
 40
1.0
 40
1.0
 40
1.0
 10
-48.6849
 20
31.5275
 30
0.0
 10
-48.6178
 20
31.5721
 30
0.0
 10
-48.5715
 20
31.601
 30
0.0
 10
-48.5272
 20
31.6328
 30
0.0
 10
-48.3873
 20
31.7333
 30
0.0
 10
-48.2341
 20
31.77
 30
0.0
 10
-48.075
 20
31.6981
 30
0.0
 10
-47.9205
 20
31.6284
 30
0.0
 10
-47.8905
 20
31.4752
 30
0.0
 10
-47.8804
 20
31.3269
 30
0.0
 10
-47.8688
 20
31.1547
 30
0.0
 10
-47.8783
 20
30.9809
 30
0.0
 10
-47.8722
 20
30.8083
 30
0.0
 10
-47.8665
 20
30.6405
 30
0.0
 10
-47.9385
 20
30.4415
 30
0.0
 10
-47.6791
 20
30.3659
 30
0.0
 10
-47.6881
 20
30.3554
 30
0.0
 10
-47.6971
 20
30.3451
 30
0.0
 10
-47.7061
 20
30.3348
 30
0.0
 10
-47.7061
 20
30.3348
 30
0.0
 10
-48.2956
 20
30.3348
 30
0.0
 10
-48.2956
 20
30.3348
 30
0.0
 10
-48.0819
 20
30.4638
 30
0.0
 10
-48.1747
 20
30.6679
 30
0.0
 10
-48.1638
 20
30.8392
 30
0.0
 10
-48.1537
 20
30.9983
 30
0.0
 10
-48.1604
 20
31.1592
 30
0.0
 10
-48.1696
 20
31.3187
 30
0.0
 10
-48.179
 20
31.4777
 30
0.0
 10
-48.2686
 20
31.5395
 30
0.0
 10
-48.4245
 20
31.5082
 30
0.0
 10
-48.6334
 20
31.4664
 30
0.0
 10
-48.702
 20
31.3841
 30
0.0
 10
-48.7044
 20
31.1693
 30
0.0
 10
-48.7064
 20
30.9877
 30
0.0
 10
-48.7027
 20
30.8062
 30
0.0
 10
-48.7083
 20
30.6246
 30
0.0
 10
-48.7115
 20
30.5191
 30
0.0
 10
-48.6929
 20
30.4351
 30
0.0
 10
-48.5766
 20
30.4046
 30
0.0
 10
-48.5554
 20
30.3991
 30
0.0
 10
-48.5353
 20
30.389
 30
0.0
 10
-48.5147
 20
30.3811
 30
0.0
 10
-48.5231
 20
30.3654
 30
0.0
 10
-48.5312
 20
30.3498
 30
0.0
 10
-48.5394
 20
30.3341
 30
0.0
 10
-48.5394
 20
30.3341
 30
0.0
 10
-49.1342
 20
30.3341
 30
0.0
 10
-49.1342
 20
30.3341
 30
0.0
 10
-49.1289
 20
30.3569
 30
0.0
 10
-49.1287
 20
30.3778
 30
0.0
 10
-49.1227
 20
30.3798
 30
0.0
 10
-48.9623
 20
30.4314
 30
0.0
 10
-48.9636
 20
30.568
 30
0.0
 10
-48.9623
 20
30.6958
 30
0.0
 10
-48.9582
 20
31.1324
 30
0.0
 10
-48.958
 20
31.5689
 30
0.0
 10
-48.9593
 20
32.0056
 30
0.0
 10
-48.9595
 20
32.1078
 30
0.0
 10
-48.9893
 20
32.1937
 30
0.0
 10
-49.1139
 20
32.2075
 30
0.0
 10
-49.1327
 20
32.2096
 30
0.0
 10
-49.1645
 20
32.2437
 30
0.0
 10
-49.1617
 20
32.2566
 30
0.0
 10
-49.1565
 20
32.2808
 30
0.0
 10
-49.1345
 20
32.3102
 30
0.0
 10
-49.1119
 20
32.3198
 30
0.0
 10
-49.0251
 20
32.3575
 30
0.0
 10
-48.9342
 20
32.3847
 30
0.0
 10
-48.8474
 20
32.4223
 30
0.0
 10
-48.7522
 20
32.4632
 30
0.0
 10
-48.7085
 20
32.4375
 30
0.0
 10
-48.7083
 20
32.3333
 30
0.0
 10
-48.7078
 20
32.117
 30
0.0
 10
-48.7065
 20
31.9007
 30
0.0
 10
-48.7036
 20
31.6847
 30
0.0
 10
-48.7029
 20
31.6401
 30
0.0
 10
-48.6933
 20
31.5955
 30
0.0
 10
-48.6849
 20
31.5275
 30
0.0
  0
SPLINE
  5
6E
330
1F
100
AcDbEntity
  8
Layer 1
 62
   250
370
    18
100
AcDbSpline
210
0.0
220
0.0
230
1.0
 70
    11
 71
     3
 72
    95
 73
    91
 74
     0
 42
0.0000000001
 43
0.0000000001
 40
0.0
 40
0.0
 40
0.0
 40
0.0
 40
0.0333333333333333
 40
0.0333333333333333
 40
0.0333333333333333
 40
0.0666666666666667
 40
0.0666666666666667
 40
0.0666666666666667
 40
0.1
 40
0.1
 40
0.1
 40
0.1333333333333333
 40
0.1333333333333333
 40
0.1333333333333333
 40
0.1666666666666667
 40
0.1666666666666667
 40
0.1666666666666667
 40
0.2
 40
0.2
 40
0.2
 40
0.2333333333333333
 40
0.2333333333333333
 40
0.2333333333333333
 40
0.2666666666666667
 40
0.2666666666666667
 40
0.2666666666666667
 40
0.3
 40
0.3
 40
0.3
 40
0.3333333333333333
 40
0.3333333333333333
 40
0.3333333333333333
 40
0.3666666666666666
 40
0.3666666666666666
 40
0.3666666666666666
 40
0.4
 40
0.4
 40
0.4
 40
0.4333333333333333
 40
0.4333333333333333
 40
0.4333333333333333
 40
0.4666666666666667
 40
0.4666666666666667
 40
0.4666666666666667
 40
0.5
 40
0.5
 40
0.5
 40
0.5333333333333333
 40
0.5333333333333333
 40
0.5333333333333333
 40
0.5666666666666667
 40
0.5666666666666667
 40
0.5666666666666667
 40
0.6
 40
0.6
 40
0.6
 40
0.6333333333333333
 40
0.6333333333333333
 40
0.6333333333333333
 40
0.6666666666666666
 40
0.6666666666666666
 40
0.6666666666666666
 40
0.7
 40
0.7
 40
0.7
 40
0.7333333333333333
 40
0.7333333333333333
 40
0.7333333333333333
 40
0.7666666666666666
 40
0.7666666666666666
 40
0.7666666666666666
 40
0.8
 40
0.8
 40
0.8
 40
0.8333333333333334
 40
0.8333333333333334
 40
0.8333333333333334
 40
0.8666666666666667
 40
0.8666666666666667
 40
0.8666666666666667
 40
0.9
 40
0.9
 40
0.9
 40
0.9333333333333333
 40
0.9333333333333333
 40
0.9333333333333333
 40
0.9666666666666667
 40
0.9666666666666667
 40
0.9666666666666667
 40
1.0
 40
1.0
 40
1.0
 40
1.0
 10
-36.6725
 20
31.0697
 30
0.0
 10
-36.7574
 20
30.8782
 30
0.0
 10
-36.8427
 20
30.6874
 30
0.0
 10
-36.927
 20
30.4958
 30
0.0
 10
-36.9461
 20
30.4523
 30
0.0
 10
-36.9562
 20
30.4043
 30
0.0
 10
-36.9802
 20
30.3637
 30
0.0
 10
-36.9973
 20
30.3346
 30
0.0
 10
-37.0269
 20
30.3039
 30
0.0
 10
-37.0571
 20
30.2956
 30
0.0
 10
-37.0715
 20
30.2915
 30
0.0
 10
-37.1099
 20
30.3335
 30
0.0
 10
-37.1206
 20
30.3614
 30
0.0
 10
-37.2316
 20
30.6473
 30
0.0
 10
-37.3362
 20
30.9359
 30
0.0
 10
-37.4494
 20
31.2208
 30
0.0
 10
-37.5107
 20
31.3749
 30
0.0
 10
-37.5855
 20
31.5235
 30
0.0
 10
-37.6627
 20
31.693
 30
0.0
 10
-37.5364
 20
31.693
 30
0.0
 10
-37.3988
 20
31.695
 30
0.0
 10
-37.2612
 20
31.6902
 30
0.0
 10
-37.2485
 20
31.6898
 30
0.0
 10
-37.2211
 20
31.6369
 30
0.0
 10
-37.2282
 20
31.6243
 30
0.0
 10
-37.2929
 20
31.5087
 30
0.0
 10
-37.2367
 20
31.4023
 30
0.0
 10
-37.2025
 20
31.299
 30
0.0
 10
-37.1394
 20
31.1093
 30
0.0
 10
-37.0644
 20
30.9233
 30
0.0
 10
-36.9945
 20
30.7357
 30
0.0
 10
-36.9812
 20
30.7333
 30
0.0
 10
-36.9684
 20
30.7308
 30
0.0
 10
-36.9551
 20
30.728
 30
0.0
 10
-36.8766
 20
30.9115
 30
0.0
 10
-36.7731
 20
31.0894
 30
0.0
 10
-36.7306
 20
31.2806
 30
0.0
 10
-36.7114
 20
31.3692
 30
0.0
 10
-36.8082
 20
31.486
 30
0.0
 10
-36.8599
 20
31.5861
 30
0.0
 10
-36.8755
 20
31.6165
 30
0.0
 10
-36.9167
 20
31.6337
 30
0.0
 10
-36.9388
 20
31.6832
 30
0.0
 10
-36.9388
 20
31.6832
 30
0.0
 10
-36.3868
 20
31.6832
 30
0.0
 10
-36.3868
 20
31.6832
 30
0.0
 10
-36.5109
 20
31.4729
 30
0.0
 10
-36.5103
 20
31.4731
 30
0.0
 10
-36.4207
 20
31.2416
 30
0.0
 10
-36.3692
 20
31.1087
 30
0.0
 10
-36.3206
 20
30.9747
 30
0.0
 10
-36.2689
 20
30.8418
 30
0.0
 10
-36.2573
 20
30.8124
 30
0.0
 10
-36.2382
 20
30.7861
 30
0.0
 10
-36.2061
 20
30.7291
 30
0.0
 10
-36.1433
 20
30.8888
 30
0.0
 10
-36.0916
 20
31.0191
 30
0.0
 10
-36.0412
 20
31.1496
 30
0.0
 10
-36.0211
 20
31.2019
 30
0.0
 10
-36.0016
 20
31.2547
 30
0.0
 10
-35.9853
 20
31.3085
 30
0.0
 10
-35.9471
 20
31.4328
 30
0.0
 10
-35.8258
 20
31.5655
 30
0.0
 10
-36.0627
 20
31.6654
 30
0.0
 10
-36.0481
 20
31.678
 30
0.0
 10
-36.0335
 20
31.6907
 30
0.0
 10
-36.0189
 20
31.7036
 30
0.0
 10
-35.9238
 20
31.7036
 30
0.0
 10
-35.8284
 20
31.7068
 30
0.0
 10
-35.7336
 20
31.6995
 30
0.0
 10
-35.7216
 20
31.6986
 30
0.0
 10
-35.6976
 20
31.636
 30
0.0
 10
-35.7066
 20
31.6125
 30
0.0
 10
-35.8699
 20
31.1955
 30
0.0
 10
-36.0365
 20
30.7796
 30
0.0
 10
-36.2048
 20
30.3646
 30
0.0
 10
-36.2179
 20
30.3329
 30
0.0
 10
-36.2481
 20
30.3083
 30
0.0
 10
-36.27
 20
30.2804
 30
0.0
 10
-36.2976
 20
30.3083
 30
0.0
 10
-36.3375
 20
30.3312
 30
0.0
 10
-36.351
 20
30.3646
 30
0.0
 10
-36.4219
 20
30.5411
 30
0.0
 10
-36.4852
 20
30.7203
 30
0.0
 10
-36.5531
 20
30.8977
 30
0.0
 10
-36.5757
 20
30.9563
 30
0.0
 10
-36.6037
 20
31.0127
 30
0.0
 10
-36.6293
 20
31.0699
 30
0.0
 10
-36.6436
 20
31.0699
 30
0.0
 10
-36.6582
 20
31.0699
 30
0.0
 10
-36.6725
 20
31.0697
 30
0.0
  0
SPLINE
  5
6F
330
1F
100
AcDbEntity
  8
Layer 1
 62
   250
370
    18
100
AcDbSpline
210
0.0
220
0.0
230
1.0
 70
    11
 71
     3
 72
    23
 73
    19
 74
     0
 42
0.0000000001
 43
0.0000000001
 40
0.0
 40
0.0
 40
0.0
 40
0.0
 40
0.1666666666666667
 40
0.1666666666666667
 40
0.1666666666666667
 40
0.3333333333333333
 40
0.3333333333333333
 40
0.3333333333333333
 40
0.5
 40
0.5
 40
0.5
 40
0.6666666666666666
 40
0.6666666666666666
 40
0.6666666666666666
 40
0.8333333333333333
 40
0.8333333333333333
 40
0.8333333333333333
 40
1.0
 40
1.0
 40
1.0
 40
1.0
 10
-42.8155
 20
30.8134
 30
0.0
 10
-42.8155
 20
30.8968
 30
0.0
 10
-42.8078
 20
30.9543
 30
0.0
 10
-42.8191
 20
31.0077
 30
0.0
 10
-42.8241
 20
31.0306
 30
0.0
 10
-42.8796
 20
31.0666
 30
0.0
 10
-42.8937
 20
31.0593
 30
0.0
 10
-43.0193
 20
30.9965
 30
0.0
 10
-43.1501
 20
30.9374
 30
0.0
 10
-43.2605
 20
30.8529
 30
0.0
 10
-43.3475
 20
30.786
 30
0.0
 10
-43.3368
 20
30.6265
 30
0.0
 10
-43.2642
 20
30.533
 30
0.0
 10
-43.1939
 20
30.4428
 30
0.0
 10
-43.1091
 20
30.4522
 30
0.0
 10
-43.0093
 20
30.4835
 30
0.0
 10
-42.823
 20
30.5418
 30
0.0
 10
-42.7999
 20
30.6786
 30
0.0
 10
-42.8155
 20
30.8134
 30
0.0
  0
SPLINE
  5
70
330
1F
100
AcDbEntity
  8
Layer 1
 62
   250
370
    18
100
AcDbSpline
210
0.0
220
0.0
230
1.0
 70
    11
 71
     3
 72
    56
 73
    52
 74
     0
 42
0.0000000001
 43
0.0000000001
 40
0.0
 40
0.0
 40
0.0
 40
0.0
 40
0.0588235294117647
 40
0.0588235294117647
 40
0.0588235294117647
 40
0.1176470588235294
 40
0.1176470588235294
 40
0.1176470588235294
 40
0.1764705882352941
 40
0.1764705882352941
 40
0.1764705882352941
 40
0.2352941176470588
 40
0.2352941176470588
 40
0.2352941176470588
 40
0.2941176470588235
 40
0.2941176470588235
 40
0.2941176470588235
 40
0.3529411764705882
 40
0.3529411764705882
 40
0.3529411764705882
 40
0.4117647058823529
 40
0.4117647058823529
 40
0.4117647058823529
 40
0.4705882352941176
 40
0.4705882352941176
 40
0.4705882352941176
 40
0.5294117647058824
 40
0.5294117647058824
 40
0.5294117647058824
 40
0.5882352941176471
 40
0.5882352941176471
 40
0.5882352941176471
 40
0.6470588235294118
 40
0.6470588235294118
 40
0.6470588235294118
 40
0.7058823529411764
 40
0.7058823529411764
 40
0.7058823529411764
 40
0.7647058823529411
 40
0.7647058823529411
 40
0.7647058823529411
 40
0.8235294117647058
 40
0.8235294117647058
 40
0.8235294117647058
 40
0.8823529411764706
 40
0.8823529411764706
 40
0.8823529411764706
 40
0.9411764705882353
 40
0.9411764705882353
 40
0.9411764705882353
 40
1.0
 40
1.0
 40
1.0
 40
1.0
 10
-42.2963
 20
30.5093
 30
0.0
 10
-42.3366
 20
30.38
 30
0.0
 10
-42.4307
 20
30.3165
 30
0.0
 10
-42.5381
 20
30.2764
 30
0.0
 10
-42.6343
 20
30.2409
 30
0.0
 10
-42.7162
 20
30.2758
 30
0.0
 10
-42.7692
 20
30.368
 30
0.0
 10
-42.8166
 20
30.4503
 30
0.0
 10
-42.8691
 20
30.4598
 30
0.0
 10
-42.9462
 20
30.3958
 30
0.0
 10
-43.0014
 20
30.3498
 30
0.0
 10
-43.0691
 20
30.3142
 30
0.0
 10
-43.1369
 20
30.2893
 30
0.0
 10
-43.2938
 20
30.2312
 30
0.0
 10
-43.4288
 20
30.275
 30
0.0
 10
-43.5272
 20
30.4046
 30
0.0
 10
-43.6136
 20
30.518
 30
0.0
 10
-43.6155
 20
30.6945
 30
0.0
 10
-43.5302
 20
30.818
 30
0.0
 10
-43.3962
 20
31.0119
 30
0.0
 10
-43.1782
 20
31.076
 30
0.0
 10
-42.9789
 20
31.165
 30
0.0
 10
-42.8232
 20
31.2344
 30
0.0
 10
-42.7742
 20
31.341
 30
0.0
 10
-42.8425
 20
31.503
 30
0.0
 10
-42.8875
 20
31.61
 30
0.0
 10
-43.0532
 20
31.6707
 30
0.0
 10
-43.1641
 20
31.595
 30
0.0
 10
-43.229
 20
31.5504
 30
0.0
 10
-43.276
 20
31.4571
 30
0.0
 10
-43.297
 20
31.3768
 30
0.0
 10
-43.3182
 20
31.2964
 30
0.0
 10
-43.3392
 20
31.2484
 30
0.0
 10
-43.4282
 20
31.2574
 30
0.0
 10
-43.5131
 20
31.266
 30
0.0
 10
-43.5289
 20
31.323
 30
0.0
 10
-43.5285
 20
31.3957
 30
0.0
 10
-43.5278
 20
31.5236
 30
0.0
 10
-43.4311
 20
31.6709
 30
0.0
 10
-43.2884
 20
31.6972
 30
0.0
 10
-43.1381
 20
31.7251
 30
0.0
 10
-42.9793
 20
31.7333
 30
0.0
 10
-42.8273
 20
31.7178
 30
0.0
 10
-42.6706
 20
31.7018
 30
0.0
 10
-42.5675
 20
31.5918
 30
0.0
 10
-42.5559
 20
31.4308
 30
0.0
 10
-42.539
 20
31.1942
 30
0.0
 10
-42.5364
 20
30.9562
 30
0.0
 10
-42.5313
 20
30.7189
 30
0.0
 10
-42.5261
 20
30.4848
 30
0.0
 10
-42.5281
 20
30.4848
 30
0.0
 10
-42.2963
 20
30.5093
 30
0.0
  0
SPLINE
  5
71
330
1F
100
AcDbEntity
  8
Layer 1
 62
   250
370
    18
100
AcDbSpline
210
0.0
220
0.0
230
1.0
 70
    11
 71
     3
 72
    23
 73
    19
 74
     0
 42
0.0000000001
 43
0.0000000001
 40
0.0
 40
0.0
 40
0.0
 40
0.0
 40
0.1666666666666667
 40
0.1666666666666667
 40
0.1666666666666667
 40
0.3333333333333333
 40
0.3333333333333333
 40
0.3333333333333333
 40
0.5
 40
0.5
 40
0.5
 40
0.6666666666666666
 40
0.6666666666666666
 40
0.6666666666666666
 40
0.8333333333333333
 40
0.8333333333333333
 40
0.8333333333333333
 40
1.0
 40
1.0
 40
1.0
 40
1.0
 10
-46.7179
 20
30.8256
 30
0.0
 10
-46.7179
 20
30.8772
 30
0.0
 10
-46.7051
 20
30.9338
 30
0.0
 10
-46.722
 20
30.9795
 30
0.0
 10
-46.7349
 20
31.014
 30
0.0
 10
-46.8003
 20
31.0642
 30
0.0
 10
-46.8166
 20
31.056
 30
0.0
 10
-46.9428
 20
30.993
 30
0.0
 10
-47.0753
 20
30.9319
 30
0.0
 10
-47.181
 20
30.8412
 30
0.0
 10
-47.2744
 20
30.7608
 30
0.0
 10
-47.2389
 20
30.6374
 30
0.0
 10
-47.1867
 20
30.54
 30
0.0
 10
-47.139
 20
30.4506
 30
0.0
 10
-47.0487
 20
30.4481
 30
0.0
 10
-46.9583
 20
30.4689
 30
0.0
 10
-46.7561
 20
30.5156
 30
0.0
 10
-46.7134
 20
30.5778
 30
0.0
 10
-46.7179
 20
30.8256
 30
0.0
  0
SPLINE
  5
72
330
1F
100
AcDbEntity
  8
Layer 1
 62
   250
370
    18
100
AcDbSpline
210
0.0
220
0.0
230
1.0
 70
    11
 71
     3
 72
    62
 73
    58
 74
     0
 42
0.0000000001
 43
0.0000000001
 40
0.0
 40
0.0
 40
0.0
 40
0.0
 40
0.0526315789473684
 40
0.0526315789473684
 40
0.0526315789473684
 40
0.1052631578947368
 40
0.1052631578947368
 40
0.1052631578947368
 40
0.1578947368421053
 40
0.1578947368421053
 40
0.1578947368421053
 40
0.2105263157894737
 40
0.2105263157894737
 40
0.2105263157894737
 40
0.2631578947368421
 40
0.2631578947368421
 40
0.2631578947368421
 40
0.3157894736842105
 40
0.3157894736842105
 40
0.3157894736842105
 40
0.3684210526315789
 40
0.3684210526315789
 40
0.3684210526315789
 40
0.4210526315789473
 40
0.4210526315789473
 40
0.4210526315789473
 40
0.4736842105263158
 40
0.4736842105263158
 40
0.4736842105263158
 40
0.5263157894736842
 40
0.5263157894736842
 40
0.5263157894736842
 40
0.5789473684210527
 40
0.5789473684210527
 40
0.5789473684210527
 40
0.631578947368421
 40
0.631578947368421
 40
0.631578947368421
 40
0.6842105263157894
 40
0.6842105263157894
 40
0.6842105263157894
 40
0.7368421052631579
 40
0.7368421052631579
 40
0.7368421052631579
 40
0.7894736842105263
 40
0.7894736842105263
 40
0.7894736842105263
 40
0.8421052631578947
 40
0.8421052631578947
 40
0.8421052631578947
 40
0.894736842105263
 40
0.894736842105263
 40
0.894736842105263
 40
0.9473684210526315
 40
0.9473684210526315
 40
0.9473684210526315
 40
1.0
 40
1.0
 40
1.0
 40
1.0
 10
-46.1713
 20
30.5167
 30
0.0
 10
-46.2577
 20
30.4193
 30
0.0
 10
-46.3415
 20
30.3171
 30
0.0
 10
-46.4777
 20
30.277
 30
0.0
 10
-46.6211
 20
30.235
 30
0.0
 10
-46.6733
 20
30.3506
 30
0.0
 10
-46.7391
 20
30.4543
 30
0.0
 10
-46.8185
 20
30.4084
 30
0.0
 10
-46.8894
 20
30.3621
 30
0.0
 10
-46.9649
 20
30.3244
 30
0.0
 10
-47.1833
 20
30.2155
 30
0.0
 10
-47.3729
 20
30.2682
 30
0.0
 10
-47.4732
 20
30.4627
 30
0.0
 10
-47.5411
 20
30.594
 30
0.0
 10
-47.534
 20
30.7553
 30
0.0
 10
-47.4078
 20
30.8526
 30
0.0
 10
-47.2391
 20
30.9825
 30
0.0
 10
-47.0496
 20
31.0895
 30
0.0
 10
-46.8579
 20
31.1836
 30
0.0
 10
-46.7686
 20
31.2273
 30
0.0
 10
-46.7079
 20
31.2622
 30
0.0
 10
-46.7201
 20
31.3664
 30
0.0
 10
-46.7328
 20
31.4747
 30
0.0
 10
-46.77
 20
31.5722
 30
0.0
 10
-46.8849
 20
31.6071
 30
0.0
 10
-47.0537
 20
31.6588
 30
0.0
 10
-47.1578
 20
31.5876
 30
0.0
 10
-47.1956
 20
31.4153
 30
0.0
 10
-47.2072
 20
31.3615
 30
0.0
 10
-47.2299
 20
31.2929
 30
0.0
 10
-47.2706
 20
31.2663
 30
0.0
 10
-47.3465
 20
31.2163
 30
0.0
 10
-47.4404
 20
31.2792
 30
0.0
 10
-47.4421
 20
31.3737
 30
0.0
 10
-47.4442
 20
31.4923
 30
0.0
 10
-47.4074
 20
31.5988
 30
0.0
 10
-47.2952
 20
31.6573
 30
0.0
 10
-47.089
 20
31.7645
 30
0.0
 10
-46.8742
 20
31.772
 30
0.0
 10
-46.6556
 20
31.6963
 30
0.0
 10
-46.5141
 20
31.6476
 30
0.0
 10
-46.474
 20
31.5323
 30
0.0
 10
-46.4721
 20
31.399
 30
0.0
 10
-46.4684
 20
31.1743
 30
0.0
 10
-46.4708
 20
30.9497
 30
0.0
 10
-46.4695
 20
30.7248
 30
0.0
 10
-46.4693
 20
30.6817
 30
0.0
 10
-46.4669
 20
30.6382
 30
0.0
 10
-46.4607
 20
30.5957
 30
0.0
 10
-46.4436
 20
30.4774
 30
0.0
 10
-46.4037
 20
30.4596
 30
0.0
 10
-46.2959
 20
30.5169
 30
0.0
 10
-46.265
 20
30.5332
 30
0.0
 10
-46.2311
 20
30.5437
 30
0.0
 10
-46.1985
 20
30.5567
 30
0.0
 10
-46.1985
 20
30.5567
 30
0.0
 10
-46.1713
 20
30.5167
 30
0.0
 10
-46.1713
 20
30.5167
 30
0.0
  0
SPLINE
  5
73
330
1F
100
AcDbEntity
  8
Layer 1
 62
   250
370
    18
100
AcDbSpline
210
0.0
220
0.0
230
1.0
 70
    11
 71
     3
 72
    29
 73
    25
 74
     0
 42
0.0000000001
 43
0.0000000001
 40
0.0
 40
0.0
 40
0.0
 40
0.0
 40
0.125
 40
0.125
 40
0.125
 40
0.25
 40
0.25
 40
0.25
 40
0.375
 40
0.375
 40
0.375
 40
0.5
 40
0.5
 40
0.5
 40
0.625
 40
0.625
 40
0.625
 40
0.75
 40
0.75
 40
0.75
 40
0.875
 40
0.875
 40
0.875
 40
1.0
 40
1.0
 40
1.0
 40
1.0
 10
-50.4583
 20
31.0615
 30
0.0
 10
-50.4639
 20
31.0587
 30
0.0
 10
-50.4695
 20
31.0562
 30
0.0
 10
-50.4751
 20
31.0534
 30
0.0
 10
-50.4339
 20
30.9052
 30
0.0
 10
-50.4035
 20
30.753
 30
0.0
 10
-50.3484
 20
30.6103
 30
0.0
 10
-50.2892
 20
30.4565
 30
0.0
 10
-50.1606
 20
30.3907
 30
0.0
 10
-49.996
 20
30.4008
 30
0.0
 10
-49.8416
 20
30.4102
 30
0.0
 10
-49.745
 20
30.5054
 30
0.0
 10
-49.7033
 20
30.6399
 30
0.0
 10
-49.617
 20
30.9177
 30
0.0
 10
-49.6485
 20
31.1886
 30
0.0
 10
-49.8073
 20
31.4358
 30
0.0
 10
-49.8969
 20
31.5753
 30
0.0
 10
-50.0347
 20
31.615
 30
0.0
 10
-50.1934
 20
31.5843
 30
0.0
 10
-50.3383
 20
31.5563
 30
0.0
 10
-50.3943
 20
31.4426
 30
0.0
 10
-50.4253
 20
31.3172
 30
0.0
 10
-50.4459
 20
31.2345
 30
0.0
 10
-50.4481
 20
31.1468
 30
0.0
 10
-50.4583
 20
31.0615
 30
0.0
  0
SPLINE
  5
74
330
1F
100
AcDbEntity
  8
Layer 1
 62
   250
370
    18
100
AcDbSpline
210
0.0
220
0.0
230
1.0
 70
    11
 71
     3
 72
    20
 73
    16
 74
     0
 42
0.0000000001
 43
0.0000000001
 40
0.0
 40
0.0
 40
0.0
 40
0.0
 40
0.2
 40
0.2
 40
0.2
 40
0.4
 40
0.4
 40
0.4
 40
0.6000000000000001
 40
0.6000000000000001
 40
0.6000000000000001
 40
0.8
 40
0.8
 40
0.8
 40
1.0
 40
1.0
 40
1.0
 40
1.0
 10
-50.7503
 20
30.8679
 30
0.0
 10
-50.7473
 20
31.4684
 30
0.0
 10
-50.3344
 20
31.8118
 30
0.0
 10
-49.8717
 20
31.7091
 30
0.0
 10
-49.5338
 20
31.6345
 30
0.0
 10
-49.2832
 20
31.2409
 30
0.0
 10
-49.3883
 20
30.9114
 30
0.0
 10
-49.4403
 20
30.7479
 30
0.0
 10
-49.5224
 20
30.5775
 30
0.0
 10
-49.638
 20
30.4544
 30
0.0
 10
-49.8232
 20
30.2574
 30
0.0
 10
-50.0723
 20
30.2036
 30
0.0
 10
-50.3284
 20
30.3217
 30
0.0
 10
-50.6041
 20
30.4486
 30
0.0
 10
-50.7465
 20
30.6718
 30
0.0
 10
-50.7503
 20
30.8679
 30
0.0
  0
SPLINE
  5
75
330
1F
100
AcDbEntity
  8
Layer 1
 62
   250
370
    18
100
AcDbSpline
210
0.0
220
0.0
230
1.0
 70
    11
 71
     3
 72
    29
 73
    25
 74
     0
 42
0.0000000001
 43
0.0000000001
 40
0.0
 40
0.0
 40
0.0
 40
0.0
 40
0.125
 40
0.125
 40
0.125
 40
0.25
 40
0.25
 40
0.25
 40
0.375
 40
0.375
 40
0.375
 40
0.5
 40
0.5
 40
0.5
 40
0.625
 40
0.625
 40
0.625
 40
0.75
 40
0.75
 40
0.75
 40
0.875
 40
0.875
 40
0.875
 40
1.0
 40
1.0
 40
1.0
 40
1.0
 10
-35.0633
 20
31.2809
 30
0.0
 10
-35.0633
 20
31.2809
 30
0.0
 10
-35.0633
 20
31.2841
 30
0.0
 10
-35.0633
 20
31.2841
 30
0.0
 10
-35.0031
 20
31.2841
 30
0.0
 10
-34.9427
 20
31.28
 30
0.0
 10
-34.8829
 20
31.285
 30
0.0
 10
-34.7726
 20
31.2936
 30
0.0
 10
-34.736
 20
31.3439
 30
0.0
 10
-34.7932
 20
31.4361
 30
0.0
 10
-34.834
 20
31.5013
 30
0.0
 10
-34.9058
 20
31.5658
 30
0.0
 10
-34.9774
 20
31.5896
 30
0.0
 10
-35.0906
 20
31.6273
 30
0.0
 10
-35.2003
 20
31.5877
 30
0.0
 10
-35.2668
 20
31.4784
 30
0.0
 10
-35.2944
 20
31.4327
 30
0.0
 10
-35.3086
 20
31.3789
 30
0.0
 10
-35.3287
 20
31.3287
 30
0.0
 10
-35.279
 20
31.3127
 30
0.0
 10
-35.2299
 20
31.2925
 30
0.0
 10
-35.1791
 20
31.2822
 30
0.0
 10
-35.1418
 20
31.2749
 30
0.0
 10
-35.1019
 20
31.2809
 30
0.0
 10
-35.0633
 20
31.2809
 30
0.0
  0
SPLINE
  5
76
330
1F
100
AcDbEntity
  8
Layer 1
 62
   250
370
    18
100
AcDbSpline
210
0.0
220
0.0
230
1.0
 70
    11
 71
     3
 72
    41
 73
    37
 74
     0
 42
0.0000000001
 43
0.0000000001
 40
0.0
 40
0.0
 40
0.0
 40
0.0
 40
0.0833333333333333
 40
0.0833333333333333
 40
0.0833333333333333
 40
0.1666666666666667
 40
0.1666666666666667
 40
0.1666666666666667
 40
0.25
 40
0.25
 40
0.25
 40
0.3333333333333333
 40
0.3333333333333333
 40
0.3333333333333333
 40
0.4166666666666666
 40
0.4166666666666666
 40
0.4166666666666666
 40
0.5
 40
0.5
 40
0.5
 40
0.5833333333333333
 40
0.5833333333333333
 40
0.5833333333333333
 40
0.6666666666666666
 40
0.6666666666666666
 40
0.6666666666666666
 40
0.75
 40
0.75
 40
0.75
 40
0.8333333333333333
 40
0.8333333333333333
 40
0.8333333333333333
 40
0.9166666666666666
 40
0.9166666666666666
 40
0.9166666666666666
 40
1.0
 40
1.0
 40
1.0
 40
1.0
 10
-34.4475
 20
30.7952
 30
0.0
 10
-34.4475
 20
30.7608
 30
0.0
 10
-34.4374
 20
30.7225
 30
0.0
 10
-34.4492
 20
30.6925
 30
0.0
 10
-34.5302
 20
30.4865
 30
0.0
 10
-34.6548
 20
30.3158
 30
0.0
 10
-34.885
 20
30.2702
 30
0.0
 10
-35.1109
 20
30.2251
 30
0.0
 10
-35.2927
 20
30.3208
 30
0.0
 10
-35.4314
 20
30.4948
 30
0.0
 10
-35.6816
 20
30.8095
 30
0.0
 10
-35.6113
 20
31.3842
 30
0.0
 10
-35.2966
 20
31.6361
 30
0.0
 10
-35.0078
 20
31.8669
 30
0.0
 10
-34.5073
 20
31.6736
 30
0.0
 10
-34.4447
 20
31.3083
 30
0.0
 10
-34.4271
 20
31.2048
 30
0.0
 10
-34.4571
 20
31.151
 30
0.0
 10
-34.5694
 20
31.152
 30
0.0
 10
-34.7858
 20
31.1542
 30
0.0
 10
-35.002
 20
31.1491
 30
0.0
 10
-35.2181
 20
31.1536
 30
0.0
 10
-35.3315
 20
31.1559
 30
0.0
 10
-35.3825
 20
31.0968
 30
0.0
 10
-35.3435
 20
31.0033
 30
0.0
 10
-35.2865
 20
30.8669
 30
0.0
 10
-35.2239
 20
30.721
 30
0.0
 10
-35.1236
 20
30.6179
 30
0.0
 10
-34.9703
 20
30.4607
 30
0.0
 10
-34.7409
 20
30.4959
 30
0.0
 10
-34.5984
 20
30.6657
 30
0.0
 10
-34.5589
 20
30.7126
 30
0.0
 10
-34.5214
 20
30.7607
 30
0.0
 10
-34.4829
 20
30.8082
 30
0.0
 10
-34.4711
 20
30.8039
 30
0.0
 10
-34.4593
 20
30.7997
 30
0.0
 10
-34.4475
 20
30.7952
 30
0.0
  0
SPLINE
  5
77
330
1F
100
AcDbEntity
  8
Layer 1
 62
   250
370
    18
100
AcDbSpline
210
0.0
220
0.0
230
1.0
 70
    11
 71
     3
 72
    29
 73
    25
 74
     0
 42
0.0000000001
 43
0.0000000001
 40
0.0
 40
0.0
 40
0.0
 40
0.0
 40
0.125
 40
0.125
 40
0.125
 40
0.25
 40
0.25
 40
0.25
 40
0.375
 40
0.375
 40
0.375
 40
0.5
 40
0.5
 40
0.5
 40
0.625
 40
0.625
 40
0.625
 40
0.75
 40
0.75
 40
0.75
 40
0.875
 40
0.875
 40
0.875
 40
1.0
 40
1.0
 40
1.0
 40
1.0
 10
-38.3954
 20
31.2845
 30
0.0
 10
-38.3954
 20
31.2845
 30
0.0
 10
-38.3954
 20
31.2791
 30
0.0
 10
-38.3954
 20
31.2791
 30
0.0
 10
-38.3395
 20
31.2791
 30
0.0
 10
-38.2837
 20
31.2767
 30
0.0
 10
-38.228
 20
31.2795
 30
0.0
 10
-38.108
 20
31.2855
 30
0.0
 10
-38.0853
 20
31.3218
 30
0.0
 10
-38.1234
 20
31.4367
 30
0.0
 10
-38.1534
 20
31.5261
 30
0.0
 10
-38.2079
 20
31.5792
 30
0.0
 10
-38.3071
 20
31.5925
 30
0.0
 10
-38.4469
 20
31.6111
 30
0.0
 10
-38.5521
 20
31.5657
 30
0.0
 10
-38.6229
 20
31.4457
 30
0.0
 10
-38.643
 20
31.4109
 30
0.0
 10
-38.6679
 20
31.3608
 30
0.0
 10
-38.6565
 20
31.3312
 30
0.0
 10
-38.6467
 20
31.3057
 30
0.0
 10
-38.5886
 20
31.292
 30
0.0
 10
-38.55
 20
31.2864
 30
0.0
 10
-38.4994
 20
31.2789
 30
0.0
 10
-38.4471
 20
31.2845
 30
0.0
 10
-38.3954
 20
31.2845
 30
0.0
  0
SPLINE
  5
78
330
1F
100
AcDbEntity
  8
Layer 1
 62
   250
370
    18
100
AcDbSpline
210
0.0
220
0.0
230
1.0
 70
    11
 71
     3
 72
    47
 73
    43
 74
     0
 42
0.0000000001
 43
0.0000000001
 40
0.0
 40
0.0
 40
0.0
 40
0.0
 40
0.0714285714285714
 40
0.0714285714285714
 40
0.0714285714285714
 40
0.1428571428571428
 40
0.1428571428571428
 40
0.1428571428571428
 40
0.2142857142857143
 40
0.2142857142857143
 40
0.2142857142857143
 40
0.2857142857142857
 40
0.2857142857142857
 40
0.2857142857142857
 40
0.3571428571428571
 40
0.3571428571428571
 40
0.3571428571428571
 40
0.4285714285714285
 40
0.4285714285714285
 40
0.4285714285714285
 40
0.5
 40
0.5
 40
0.5
 40
0.5714285714285714
 40
0.5714285714285714
 40
0.5714285714285714
 40
0.6428571428571428
 40
0.6428571428571428
 40
0.6428571428571428
 40
0.7142857142857142
 40
0.7142857142857142
 40
0.7142857142857142
 40
0.7857142857142857
 40
0.7857142857142857
 40
0.7857142857142857
 40
0.8571428571428571
 40
0.8571428571428571
 40
0.8571428571428571
 40
0.9285714285714285
 40
0.9285714285714285
 40
0.9285714285714285
 40
1.0
 40
1.0
 40
1.0
 40
1.0
 10
-37.7755
 20
30.7822
 30
0.0
 10
-37.786
 20
30.735
 30
0.0
 10
-37.7875
 20
30.6834
 30
0.0
 10
-37.8085
 20
30.6414
 30
0.0
 10
-37.9491
 20
30.3588
 30
0.0
 10
-38.1605
 20
30.2304
 30
0.0
 10
-38.4098
 20
30.2705
 30
0.0
 10
-38.661
 20
30.3108
 30
0.0
 10
-38.8696
 20
30.5429
 30
0.0
 10
-38.903
 20
30.8356
 30
0.0
 10
-38.929
 20
31.063
 30
0.0
 10
-38.9033
 20
31.2836
 30
0.0
 10
-38.7731
 20
31.4827
 30
0.0
 10
-38.6488
 20
31.6729
 30
0.0
 10
-38.47
 20
31.7372
 30
0.0
 10
-38.2511
 20
31.7295
 30
0.0
 10
-38.0512
 20
31.7222
 30
0.0
 10
-37.9217
 20
31.6188
 30
0.0
 10
-37.834
 20
31.4495
 30
0.0
 10
-37.822
 20
31.4266
 30
0.0
 10
-37.8128
 20
31.4019
 30
0.0
 10
-37.8055
 20
31.3773
 30
0.0
 10
-37.7476
 20
31.1841
 30
0.0
 10
-37.774
 20
31.1479
 30
0.0
 10
-37.9761
 20
31.1477
 30
0.0
 10
-38.1661
 20
31.1477
 30
0.0
 10
-38.356
 20
31.1475
 30
0.0
 10
-38.5461
 20
31.1526
 30
0.0
 10
-38.6496
 20
31.1552
 30
0.0
 10
-38.6881
 20
31.1115
 30
0.0
 10
-38.6743
 20
31.0118
 30
0.0
 10
-38.6506
 20
30.8409
 30
0.0
 10
-38.5757
 20
30.6986
 30
0.0
 10
-38.4347
 20
30.5985
 30
0.0
 10
-38.2477
 20
30.4658
 30
0.0
 10
-38.0338
 20
30.5098
 30
0.0
 10
-37.8925
 20
30.7041
 30
0.0
 10
-37.8706
 20
30.7344
 30
0.0
 10
-37.8503
 20
30.7657
 30
0.0
 10
-37.8291
 20
30.7966
 30
0.0
 10
-37.8111
 20
30.7917
 30
0.0
 10
-37.7933
 20
30.7872
 30
0.0
 10
-37.7755
 20
30.7822
 30
0.0
  0
SPLINE
  5
79
330
1F
100
AcDbEntity
  8
Layer 1
 62
   250
370
    18
100
AcDbSpline
210
0.0
220
0.0
230
1.0
 70
    11
 71
     3
 72
    29
 73
    25
 74
     0
 42
0.0000000001
 43
0.0000000001
 40
0.0
 40
0.0
 40
0.0
 40
0.0
 40
0.125
 40
0.125
 40
0.125
 40
0.25
 40
0.25
 40
0.25
 40
0.375
 40
0.375
 40
0.375
 40
0.5
 40
0.5
 40
0.5
 40
0.625
 40
0.625
 40
0.625
 40
0.75
 40
0.75
 40
0.75
 40
0.875
 40
0.875
 40
0.875
 40
1.0
 40
1.0
 40
1.0
 40
1.0
 10
-32.9831
 20
31.2826
 30
0.0
 10
-32.9831
 20
31.2826
 30
0.0
 10
-32.9831
 20
31.2813
 30
0.0
 10
-32.9831
 20
31.2813
 30
0.0
 10
-32.9315
 20
31.2813
 30
0.0
 10
-32.8796
 20
31.2828
 30
0.0
 10
-32.8277
 20
31.2811
 30
0.0
 10
-32.7242
 20
31.2778
 30
0.0
 10
-32.686
 20
31.3216
 30
0.0
 10
-32.7126
 20
31.4249
 30
0.0
 10
-32.7349
 20
31.5113
 30
0.0
 10
-32.7735
 20
31.5762
 30
0.0
 10
-32.8697
 20
31.5908
 30
0.0
 10
-33.0114
 20
31.6127
 30
0.0
 10
-33.1392
 20
31.5925
 30
0.0
 10
-33.2212
 20
31.4607
 30
0.0
 10
-33.2449
 20
31.4232
 30
0.0
 10
-33.2693
 20
31.3662
 30
0.0
 10
-33.2562
 20
31.3321
 30
0.0
 10
-33.2457
 20
31.3049
 30
0.0
 10
-33.181
 20
31.2911
 30
0.0
 10
-33.1383
 20
31.2845
 30
0.0
 10
-33.0875
 20
31.2766
 30
0.0
 10
-33.0348
 20
31.2826
 30
0.0
 10
-32.9831
 20
31.2826
 30
0.0
  0
SPLINE
  5
7A
330
1F
100
AcDbEntity
  8
Layer 1
 62
   250
370
    18
100
AcDbSpline
210
0.0
220
0.0
230
1.0
 70
    11
 71
     3
 72
    41
 73
    37
 74
     0
 42
0.0000000001
 43
0.0000000001
 40
0.0
 40
0.0
 40
0.0
 40
0.0
 40
0.0833333333333333
 40
0.0833333333333333
 40
0.0833333333333333
 40
0.1666666666666667
 40
0.1666666666666667
 40
0.1666666666666667
 40
0.25
 40
0.25
 40
0.25
 40
0.3333333333333333
 40
0.3333333333333333
 40
0.3333333333333333
 40
0.4166666666666666
 40
0.4166666666666666
 40
0.4166666666666666
 40
0.5
 40
0.5
 40
0.5
 40
0.5833333333333333
 40
0.5833333333333333
 40
0.5833333333333333
 40
0.6666666666666666
 40
0.6666666666666666
 40
0.6666666666666666
 40
0.75
 40
0.75
 40
0.75
 40
0.8333333333333333
 40
0.8333333333333333
 40
0.8333333333333333
 40
0.9166666666666666
 40
0.9166666666666666
 40
0.9166666666666666
 40
1.0
 40
1.0
 40
1.0
 40
1.0
 10
-32.3887
 20
30.8316
 30
0.0
 10
-32.3728
 20
30.7689
 30
0.0
 10
-32.3615
 20
30.7484
 30
0.0
 10
-32.3638
 20
30.7297
 30
0.0
 10
-32.3921
 20
30.5248
 30
0.0
 10
-32.677
 20
30.2665
 30
0.0
 10
-32.879
 20
30.2609
 30
0.0
 10
-33.1572
 20
30.2532
 30
0.0
 10
-33.4397
 20
30.4511
 30
0.0
 10
-33.4673
 20
30.7087
 30
0.0
 10
-33.4941
 20
30.9587
 30
0.0
 10
-33.5274
 20
31.2152
 30
0.0
 10
-33.3833
 20
31.4541
 30
0.0
 10
-33.2612
 20
31.6564
 30
0.0
 10
-33.0391
 20
31.7634
 30
0.0
 10
-32.7844
 20
31.7158
 30
0.0
 10
-32.5698
 20
31.6759
 30
0.0
 10
-32.3947
 20
31.4813
 30
0.0
 10
-32.3672
 20
31.2583
 30
0.0
 10
-32.3555
 20
31.1623
 30
0.0
 10
-32.4114
 20
31.148
 30
0.0
 10
-32.484
 20
31.1482
 30
0.0
 10
-32.7004
 20
31.1484
 30
0.0
 10
-32.9162
 20
31.1505
 30
0.0
 10
-33.1325
 20
31.1501
 30
0.0
 10
-33.2776
 20
31.1499
 30
0.0
 10
-33.3004
 20
31.1218
 30
0.0
 10
-33.2693
 20
30.9784
 30
0.0
 10
-33.2352
 20
30.8219
 30
0.0
 10
-33.167
 20
30.6851
 30
0.0
 10
-33.027
 20
30.5945
 30
0.0
 10
-32.8359
 20
30.471
 30
0.0
 10
-32.6223
 20
30.5119
 30
0.0
 10
-32.4913
 20
30.6972
 30
0.0
 10
-32.4656
 20
30.7331
 30
0.0
 10
-32.4373
 20
30.7679
 30
0.0
 10
-32.3887
 20
30.8316
 30
0.0
  0
SPLINE
  5
7B
330
1F
100
AcDbEntity
  8
Layer 1
 62
   250
370
    18
100
AcDbSpline
210
0.0
220
0.0
230
1.0
 70
    11
 71
     3
 72
    62
 73
    58
 74
     0
 42
0.0000000001
 43
0.0000000001
 40
0.0
 40
0.0
 40
0.0
 40
0.0
 40
0.0526315789473684
 40
0.0526315789473684
 40
0.0526315789473684
 40
0.1052631578947368
 40
0.1052631578947368
 40
0.1052631578947368
 40
0.1578947368421053
 40
0.1578947368421053
 40
0.1578947368421053
 40
0.2105263157894737
 40
0.2105263157894737
 40
0.2105263157894737
 40
0.2631578947368421
 40
0.2631578947368421
 40
0.2631578947368421
 40
0.3157894736842105
 40
0.3157894736842105
 40
0.3157894736842105
 40
0.3684210526315789
 40
0.3684210526315789
 40
0.3684210526315789
 40
0.4210526315789473
 40
0.4210526315789473
 40
0.4210526315789473
 40
0.4736842105263158
 40
0.4736842105263158
 40
0.4736842105263158
 40
0.5263157894736842
 40
0.5263157894736842
 40
0.5263157894736842
 40
0.5789473684210527
 40
0.5789473684210527
 40
0.5789473684210527
 40
0.631578947368421
 40
0.631578947368421
 40
0.631578947368421
 40
0.6842105263157894
 40
0.6842105263157894
 40
0.6842105263157894
 40
0.7368421052631579
 40
0.7368421052631579
 40
0.7368421052631579
 40
0.7894736842105263
 40
0.7894736842105263
 40
0.7894736842105263
 40
0.8421052631578947
 40
0.8421052631578947
 40
0.8421052631578947
 40
0.894736842105263
 40
0.894736842105263
 40
0.894736842105263
 40
0.9473684210526315
 40
0.9473684210526315
 40
0.9473684210526315
 40
1.0
 40
1.0
 40
1.0
 40
1.0
 10
-31.0819
 20
31.6793
 30
0.0
 10
-31.0819
 20
31.6793
 30
0.0
 10
-30.5768
 20
31.6793
 30
0.0
 10
-30.5768
 20
31.6793
 30
0.0
 10
-30.5648
 20
31.6737
 30
0.0
 10
-30.5526
 20
31.6679
 30
0.0
 10
-30.5408
 20
31.6624
 30
0.0
 10
-30.7271
 20
31.5447
 30
0.0
 10
-30.6244
 20
31.4263
 30
0.0
 10
-30.5757
 20
31.311
 30
0.0
 10
-30.5117
 20
31.1599
 30
0.0
 10
-30.442
 20
31.0109
 30
0.0
 10
-30.3738
 20
30.8615
 30
0.0
 10
-30.3549
 20
30.8201
 30
0.0
 10
-30.3335
 20
30.7805
 30
0.0
 10
-30.2949
 20
30.7035
 30
0.0
 10
-30.186
 20
30.9978
 30
0.0
 10
-30.0864
 20
31.254
 30
0.0
 10
-30.0006
 20
31.5145
 30
0.0
 10
-29.9875
 20
31.5541
 30
0.0
 10
-30.0383
 20
31.615
 30
0.0
 10
-30.0662
 20
31.6814
 30
0.0
 10
-30.0662
 20
31.6814
 30
0.0
 10
-29.786
 20
31.6814
 30
0.0
 10
-29.786
 20
31.6814
 30
0.0
 10
-29.8514
 20
31.51
 30
0.0
 10
-29.9152
 20
31.3433
 30
0.0
 10
-29.9783
 20
31.1762
 30
0.0
 10
-30.1112
 20
30.8244
 30
0.0
 10
-30.2413
 20
30.4715
 30
0.0
 10
-30.3783
 20
30.1213
 30
0.0
 10
-30.4126
 20
30.0334
 30
0.0
 10
-30.461
 20
29.9491
 30
0.0
 10
-30.5153
 20
29.8717
 30
0.0
 10
-30.6102
 20
29.7367
 30
0.0
 10
-30.7442
 20
29.6788
 30
0.0
 10
-30.9106
 20
29.705
 30
0.0
 10
-31.0137
 20
29.7213
 30
0.0
 10
-31.0454
 20
29.7884
 30
0.0
 10
-31.0362
 20
29.8827
 30
0.0
 10
-31.0265
 20
29.9824
 30
0.0
 10
-30.9504
 20
29.9747
 30
0.0
 10
-30.8807
 20
29.9757
 30
0.0
 10
-30.8679
 20
29.9759
 30
0.0
 10
-30.8546
 20
29.9747
 30
0.0
 10
-30.842
 20
29.9723
 30
0.0
 10
-30.7477
 20
29.9553
 30
0.0
 10
-30.6437
 20
29.8962
 30
0.0
 10
-30.5753
 20
30.0151
 30
0.0
 10
-30.496
 20
30.1532
 30
0.0
 10
-30.3957
 20
30.2928
 30
0.0
 10
-30.4707
 20
30.4632
 30
0.0
 10
-30.6169
 20
30.7957
 30
0.0
 10
-30.768
 20
31.1258
 30
0.0
 10
-30.9235
 20
31.454
 30
0.0
 10
-30.9586
 20
31.5288
 30
0.0
 10
-31.0191
 20
31.5916
 30
0.0
 10
-31.0819
 20
31.6793
 30
0.0
  0
SPLINE
  5
7C
330
1F
100
AcDbEntity
  8
Layer 1
 62
   250
370
    18
100
AcDbSpline
210
0.0
220
0.0
230
1.0
 70
    11
 71
     3
 72
    59
 73
    55
 74
     0
 42
0.0000000001
 43
0.0000000001
 40
0.0
 40
0.0
 40
0.0
 40
0.0
 40
0.0555555555555556
 40
0.0555555555555556
 40
0.0555555555555556
 40
0.1111111111111111
 40
0.1111111111111111
 40
0.1111111111111111
 40
0.1666666666666667
 40
0.1666666666666667
 40
0.1666666666666667
 40
0.2222222222222222
 40
0.2222222222222222
 40
0.2222222222222222
 40
0.2777777777777778
 40
0.2777777777777778
 40
0.2777777777777778
 40
0.3333333333333333
 40
0.3333333333333333
 40
0.3333333333333333
 40
0.3888888888888888
 40
0.3888888888888888
 40
0.3888888888888888
 40
0.4444444444444444
 40
0.4444444444444444
 40
0.4444444444444444
 40
0.5
 40
0.5
 40
0.5
 40
0.5555555555555556
 40
0.5555555555555556
 40
0.5555555555555556
 40
0.611111111111111
 40
0.611111111111111
 40
0.611111111111111
 40
0.6666666666666666
 40
0.6666666666666666
 40
0.6666666666666666
 40
0.7222222222222222
 40
0.7222222222222222
 40
0.7222222222222222
 40
0.7777777777777777
 40
0.7777777777777777
 40
0.7777777777777777
 40
0.8333333333333333
 40
0.8333333333333333
 40
0.8333333333333333
 40
0.8888888888888888
 40
0.8888888888888888
 40
0.8888888888888888
 40
0.9444444444444444
 40
0.9444444444444444
 40
0.9444444444444444
 40
1.0
 40
1.0
 40
1.0
 40
1.0
 10
-39.4968
 20
30.6761
 30
0.0
 10
-39.4968
 20
30.9055
 30
0.0
 10
-39.497
 20
31.1349
 30
0.0
 10
-39.4968
 20
31.3642
 30
0.0
 10
-39.4968
 20
31.4388
 30
0.0
 10
-39.5077
 20
31.5019
 30
0.0
 10
-39.6012
 20
31.5151
 30
0.0
 10
-39.6233
 20
31.5183
 30
0.0
 10
-39.641
 20
31.5513
 30
0.0
 10
-39.6605
 20
31.5707
 30
0.0
 10
-39.6406
 20
31.5906
 30
0.0
 10
-39.6243
 20
31.6193
 30
0.0
 10
-39.6001
 20
31.6285
 30
0.0
 10
-39.5116
 20
31.6628
 30
0.0
 10
-39.4209
 20
31.6912
 30
0.0
 10
-39.3306
 20
31.7203
 30
0.0
 10
-39.2614
 20
31.743
 30
0.0
 10
-39.2207
 20
31.7166
 30
0.0
 10
-39.2147
 20
31.6442
 30
0.0
 10
-39.2087
 20
31.5752
 30
0.0
 10
-39.2044
 20
31.5059
 30
0.0
 10
-39.2044
 20
31.4371
 30
0.0
 10
-39.2038
 20
31.0995
 30
0.0
 10
-39.1997
 20
30.7619
 30
0.0
 10
-39.2076
 20
30.4244
 30
0.0
 10
-39.2106
 20
30.3003
 30
0.0
 10
-39.2307
 20
30.1739
 30
0.0
 10
-39.2631
 20
30.054
 30
0.0
 10
-39.3427
 20
29.7597
 30
0.0
 10
-39.5433
 20
29.636
 30
0.0
 10
-39.8415
 20
29.6979
 30
0.0
 10
-39.8992
 20
29.7097
 30
0.0
 10
-39.9601
 20
29.7619
 30
0.0
 10
-39.9926
 20
29.8128
 30
0.0
 10
-40.0096
 20
29.839
 30
0.0
 10
-39.9752
 20
29.9367
 30
0.0
 10
-39.9497
 20
29.943
 30
0.0
 10
-39.8904
 20
29.9575
 30
0.0
 10
-39.8213
 20
29.9404
 30
0.0
 10
-39.7576
 20
29.9278
 30
0.0
 10
-39.7302
 20
29.9222
 30
0.0
 10
-39.7084
 20
29.8931
 30
0.0
 10
-39.6818
 20
29.8791
 30
0.0
 10
-39.566
 20
29.8191
 30
0.0
 10
-39.4981
 20
29.8577
 30
0.0
 10
-39.4942
 20
29.9882
 30
0.0
 10
-39.4908
 20
30.1048
 30
0.0
 10
-39.4938
 20
30.2219
 30
0.0
 10
-39.494
 20
30.3387
 30
0.0
 10
-39.494
 20
30.3387
 30
0.0
 10
-39.494
 20
30.6761
 30
0.0
 10
-39.494
 20
30.6761
 30
0.0
 10
-39.494
 20
30.6761
 30
0.0
 10
-39.4968
 20
30.6761
 30
0.0
 10
-39.4968
 20
30.6761
 30
0.0
  0
SPLINE
  5
7D
330
1F
100
AcDbEntity
  8
Layer 1
 62
   250
370
    18
100
AcDbSpline
210
0.0
220
0.0
230
1.0
 70
    11
 71
     3
 72
    44
 73
    40
 74
     0
 42
0.0000000001
 43
0.0000000001
 40
0.0
 40
0.0
 40
0.0
 40
0.0
 40
0.0769230769230769
 40
0.0769230769230769
 40
0.0769230769230769
 40
0.1538461538461539
 40
0.1538461538461539
 40
0.1538461538461539
 40
0.2307692307692308
 40
0.2307692307692308
 40
0.2307692307692308
 40
0.3076923076923077
 40
0.3076923076923077
 40
0.3076923076923077
 40
0.3846153846153846
 40
0.3846153846153846
 40
0.3846153846153846
 40
0.4615384615384616
 40
0.4615384615384616
 40
0.4615384615384616
 40
0.5384615384615385
 40
0.5384615384615385
 40
0.5384615384615385
 40
0.6153846153846154
 40
0.6153846153846154
 40
0.6153846153846154
 40
0.6923076923076923
 40
0.6923076923076923
 40
0.6923076923076923
 40
0.7692307692307693
 40
0.7692307692307693
 40
0.7692307692307693
 40
0.8461538461538463
 40
0.8461538461538463
 40
0.8461538461538463
 40
0.9230769230769231
 40
0.9230769230769231
 40
0.9230769230769231
 40
1.0
 40
1.0
 40
1.0
 40
1.0
 10
-33.6764
 20
30.3242
 30
0.0
 10
-33.6764
 20
30.3242
 30
0.0
 10
-34.3029
 20
30.3242
 30
0.0
 10
-34.3029
 20
30.3242
 30
0.0
 10
-34.2771
 20
30.3628
 30
0.0
 10
-34.2674
 20
30.395
 30
0.0
 10
-34.2514
 20
30.3986
 30
0.0
 10
-34.1071
 20
30.432
 30
0.0
 10
-34.0977
 20
30.5358
 30
0.0
 10
-34.0988
 20
30.6575
 30
0.0
 10
-34.1028
 20
31.0893
 30
0.0
 10
-34.1
 20
31.5212
 30
0.0
 10
-34.102
 20
31.9532
 30
0.0
 10
-34.1026
 20
32.0691
 30
0.0
 10
-34.0917
 20
32.1961
 30
0.0
 10
-34.2608
 20
32.214
 30
0.0
 10
-34.2763
 20
32.2157
 30
0.0
 10
-34.3009
 20
32.252
 30
0.0
 10
-34.2983
 20
32.2685
 30
0.0
 10
-34.2956
 20
32.2878
 30
0.0
 10
-34.2701
 20
32.3101
 30
0.0
 10
-34.249
 20
32.3189
 30
0.0
 10
-34.1663
 20
32.3542
 30
0.0
 10
-34.0805
 20
32.3825
 30
0.0
 10
-33.9978
 20
32.4177
 30
0.0
 10
-33.8867
 20
32.4646
 30
0.0
 10
-33.8553
 20
32.4499
 30
0.0
 10
-33.8535
 20
32.3298
 30
0.0
 10
-33.8501
 20
32.0837
 30
0.0
 10
-33.8518
 20
31.8376
 30
0.0
 10
-33.8516
 20
31.5913
 30
0.0
 10
-33.8514
 20
31.3495
 30
0.0
 10
-33.8591
 20
31.1073
 30
0.0
 10
-33.8493
 20
30.8659
 30
0.0
 10
-33.8417
 20
30.6794
 30
0.0
 10
-33.9168
 20
30.4576
 30
0.0
 10
-33.6488
 20
30.3577
 30
0.0
 10
-33.658
 20
30.3465
 30
0.0
 10
-33.6673
 20
30.3354
 30
0.0
 10
-33.6764
 20
30.3242
 30
0.0
  0
SPLINE
  5
7E
330
1F
100
AcDbEntity
  8
Layer 1
 62
   250
370
    18
100
AcDbSpline
210
0.0
220
0.0
230
1.0
 70
    11
 71
     3
 72
    59
 73
    55
 74
     0
 42
0.0000000001
 43
0.0000000001
 40
0.0
 40
0.0
 40
0.0
 40
0.0
 40
0.0555555555555556
 40
0.0555555555555556
 40
0.0555555555555556
 40
0.1111111111111111
 40
0.1111111111111111
 40
0.1111111111111111
 40
0.1666666666666667
 40
0.1666666666666667
 40
0.1666666666666667
 40
0.2222222222222222
 40
0.2222222222222222
 40
0.2222222222222222
 40
0.2777777777777778
 40
0.2777777777777778
 40
0.2777777777777778
 40
0.3333333333333333
 40
0.3333333333333333
 40
0.3333333333333333
 40
0.3888888888888888
 40
0.3888888888888888
 40
0.3888888888888888
 40
0.4444444444444444
 40
0.4444444444444444
 40
0.4444444444444444
 40
0.5
 40
0.5
 40
0.5
 40
0.5555555555555556
 40
0.5555555555555556
 40
0.5555555555555556
 40
0.611111111111111
 40
0.611111111111111
 40
0.611111111111111
 40
0.6666666666666666
 40
0.6666666666666666
 40
0.6666666666666666
 40
0.7222222222222222
 40
0.7222222222222222
 40
0.7222222222222222
 40
0.7777777777777777
 40
0.7777777777777777
 40
0.7777777777777777
 40
0.8333333333333333
 40
0.8333333333333333
 40
0.8333333333333333
 40
0.8888888888888888
 40
0.8888888888888888
 40
0.8888888888888888
 40
0.9444444444444444
 40
0.9444444444444444
 40
0.9444444444444444
 40
1.0
 40
1.0
 40
1.0
 40
1.0
 10
-32.2035
 20
31.5612
 30
0.0
 10
-32.0595
 20
31.618
 30
0.0
 10
-31.942
 20
31.6679
 30
0.0
 10
-31.8211
 20
31.7076
 30
0.0
 10
-31.8007
 20
31.7141
 30
0.0
 10
-31.7553
 20
31.6804
 30
0.0
 10
-31.7397
 20
31.6542
 30
0.0
 10
-31.7223
 20
31.6251
 30
0.0
 10
-31.7255
 20
31.5835
 30
0.0
 10
-31.7199
 20
31.5488
 30
0.0
 10
-31.6097
 20
31.6103
 30
0.0
 10
-31.5165
 20
31.6823
 30
0.0
 10
-31.4108
 20
31.7159
 30
0.0
 10
-31.2667
 20
31.7614
 30
0.0
 10
-31.1673
 20
31.6493
 30
0.0
 10
-31.2106
 20
31.5102
 30
0.0
 10
-31.2371
 20
31.4245
 30
0.0
 10
-31.3216
 20
31.3959
 30
0.0
 10
-31.3966
 20
31.4416
 30
0.0
 10
-31.4434
 20
31.4699
 30
0.0
 10
-31.5199
 20
31.5211
 30
0.0
 10
-31.5416
 20
31.505
 30
0.0
 10
-31.6108
 20
31.4545
 30
0.0
 10
-31.7058
 20
31.3803
 30
0.0
 10
-31.7105
 20
31.31
 30
0.0
 10
-31.7285
 20
31.0435
 30
0.0
 10
-31.7175
 20
30.7749
 30
0.0
 10
-31.7092
 20
30.5071
 30
0.0
 10
-31.7083
 20
30.4793
 30
0.0
 10
-31.6552
 20
30.4502
 30
0.0
 10
-31.6228
 20
30.4268
 30
0.0
 10
-31.5887
 20
30.4019
 30
0.0
 10
-31.5499
 20
30.3828
 30
0.0
 10
-31.5133
 20
30.3612
 30
0.0
 10
-31.5171
 20
30.3498
 30
0.0
 10
-31.5208
 20
30.3385
 30
0.0
 10
-31.5246
 20
30.3269
 30
0.0
 10
-31.5246
 20
30.3269
 30
0.0
 10
-32.2194
 20
30.3269
 30
0.0
 10
-32.2194
 20
30.3269
 30
0.0
 10
-32.1731
 20
30.3672
 30
0.0
 10
-32.1542
 20
30.3966
 30
0.0
 10
-32.1287
 20
30.4036
 30
0.0
 10
-32.0147
 20
30.4349
 30
0.0
 10
-31.9889
 20
30.5147
 30
0.0
 10
-31.9885
 20
30.6208
 30
0.0
 10
-31.9876
 20
30.8371
 30
0.0
 10
-31.9832
 20
31.0534
 30
0.0
 10
-31.9742
 20
31.2694
 30
0.0
 10
-31.9688
 20
31.3936
 30
0.0
 10
-31.9789
 20
31.4982
 30
0.0
 10
-32.1369
 20
31.5078
 30
0.0
 10
-32.1501
 20
31.5085
 30
0.0
 10
-32.1622
 20
31.5271
 30
0.0
 10
-32.2035
 20
31.5612
 30
0.0
  0
SPLINE
  5
7F
330
1F
100
AcDbEntity
  8
Layer 1
 62
   250
370
    18
100
AcDbSpline
210
0.0
220
0.0
230
1.0
 70
    11
 71
     3
 72
    17
 73
    13
 74
     0
 42
0.0000000001
 43
0.0000000001
 40
0.0
 40
0.0
 40
0.0
 40
0.0
 40
0.25
 40
0.25
 40
0.25
 40
0.5
 40
0.5
 40
0.5
 40
0.75
 40
0.75
 40
0.75
 40
1.0
 40
1.0
 40
1.0
 40
1.0
 10
-40.0471
 20
30.4475
 30
0.0
 10
-40.0503
 20
30.3408
 30
0.0
 10
-40.12
 20
30.2618
 30
0.0
 10
-40.209
 20
30.2642
 30
0.0
 10
-40.2949
 20
30.2662
 30
0.0
 10
-40.3524
 20
30.3493
 30
0.0
 10
-40.3494
 20
30.4625
 30
0.0
 10
-40.3466
 20
30.5663
 30
0.0
 10
-40.2947
 20
30.6106
 30
0.0
 10
-40.1927
 20
30.6042
 30
0.0
 10
-40.0879
 20
30.5978
 30
0.0
 10
-40.0439
 20
30.5521
 30
0.0
 10
-40.0471
 20
30.4475
 30
0.0
  0
SPLINE
  5
80
330
1F
100
AcDbEntity
  8
Layer 1
 62
   250
370
    18
100
AcDbSpline
210
0.0
220
0.0
230
1.0
 70
    11
 71
     3
 72
    17
 73
    13
 74
     0
 42
0.0000000001
 43
0.0000000001
 40
0.0
 40
0.0
 40
0.0
 40
0.0
 40
0.25
 40
0.25
 40
0.25
 40
0.5
 40
0.5
 40
0.5
 40
0.75
 40
0.75
 40
0.75
 40
1.0
 40
1.0
 40
1.0
 40
1.0
 10
-39.2118
 20
32.2897
 30
0.0
 10
-39.2086
 20
32.18
 30
0.0
 10
-39.2663
 20
32.13
 30
0.0
 10
-39.3714
 20
32.1332
 30
0.0
 10
-39.4764
 20
32.136
 30
0.0
 10
-39.5122
 20
32.204
 30
0.0
 10
-39.5124
 20
32.2977
 30
0.0
 10
-39.5126
 20
32.4119
 30
0.0
 10
-39.4541
 20
32.4704
 30
0.0
 10
-39.348
 20
32.4683
 30
0.0
 10
-39.2267
 20
32.4657
 30
0.0
 10
-39.2145
 20
32.3817
 30
0.0
 10
-39.2118
 20
32.2897
 30
0.0
  0
SPLINE
  5
81
330
1F
100
AcDbEntity
  8
Layer 1
 62
   250
370
    18
100
AcDbSpline
210
0.0
220
0.0
230
1.0
 70
    11
 71
     3
 72
    38
 73
    34
 74
     0
 42
0.0000000001
 43
0.0000000001
 40
0.0
 40
0.0
 40
0.0
 40
0.0
 40
0.0909090909090909
 40
0.0909090909090909
 40
0.0909090909090909
 40
0.1818181818181818
 40
0.1818181818181818
 40
0.1818181818181818
 40
0.2727272727272727
 40
0.2727272727272727
 40
0.2727272727272727
 40
0.3636363636363636
 40
0.3636363636363636
 40
0.3636363636363636
 40
0.4545454545454546
 40
0.4545454545454546
 40
0.4545454545454546
 40
0.5454545454545454
 40
0.5454545454545454
 40
0.5454545454545454
 40
0.6363636363636364
 40
0.6363636363636364
 40
0.6363636363636364
 40
0.7272727272727273
 40
0.7272727272727273
 40
0.7272727272727273
 40
0.8181818181818182
 40
0.8181818181818182
 40
0.8181818181818182
 40
0.9090909090909092
 40
0.9090909090909092
 40
0.9090909090909092
 40
1.0
 40
1.0
 40
1.0
 40
1.0
 10
-52.2013
 20
27.9796
 30
0.0
 10
-52.2013
 20
28.1492
 30
0.0
 10
-52.2115
 20
28.2878
 30
0.0
 10
-52.2319
 20
28.3959
 30
0.0
 10
-52.2523
 20
28.5039
 30
0.0
 10
-52.2866
 20
28.5854
 30
0.0
 10
-52.3348
 20
28.6407
 30
0.0
 10
-52.383
 20
28.6958
 30
0.0
 10
-52.4497
 20
28.7234
 30
0.0
 10
-52.535
 20
28.7234
 30
0.0
 10
-52.6572
 20
28.7234
 30
0.0
 10
-52.7423
 20
28.6617
 30
0.0
 10
-52.7901
 20
28.5384
 30
0.0
 10
-52.8377
 20
28.4152
 30
0.0
 10
-52.8617
 20
28.2252
 30
0.0
 10
-52.8617
 20
27.9684
 30
0.0
 10
-52.8617
 20
27.7943
 30
0.0
 10
-52.8514
 20
27.6516
 30
0.0
 10
-52.831
 20
27.5404
 30
0.0
 10
-52.8107
 20
27.4293
 30
0.0
 10
-52.7764
 20
27.3451
 30
0.0
 10
-52.7282
 20
27.2881
 30
0.0
 10
-52.6799
 20
27.231
 30
0.0
 10
-52.6145
 20
27.2025
 30
0.0
 10
-52.532
 20
27.2025
 30
0.0
 10
-52.4469
 20
27.2025
 30
0.0
 10
-52.38
 20
27.2323
 30
0.0
 10
-52.332
 20
27.2915
 30
0.0
 10
-52.2838
 20
27.3508
 30
0.0
 10
-52.2499
 20
27.4357
 30
0.0
 10
-52.2304
 20
27.5459
 30
0.0
 10
-52.2109
 20
27.6561
 30
0.0
 10
-52.2013
 20
27.8008
 30
0.0
 10
-52.2013
 20
27.9796
 30
0.0
  0
SPLINE
  5
82
330
1F
100
AcDbEntity
  8
Layer 1
 62
   250
370
    18
100
AcDbSpline
210
0.0
220
0.0
230
1.0
 70
    11
 71
     3
 72
    53
 73
    49
 74
     0
 42
0.0000000001
 43
0.0000000001
 40
0.0
 40
0.0
 40
0.0
 40
0.0
 40
0.0625
 40
0.0625
 40
0.0625
 40
0.125
 40
0.125
 40
0.125
 40
0.1875
 40
0.1875
 40
0.1875
 40
0.25
 40
0.25
 40
0.25
 40
0.3125
 40
0.3125
 40
0.3125
 40
0.375
 40
0.375
 40
0.375
 40
0.4375
 40
0.4375
 40
0.4375
 40
0.5
 40
0.5
 40
0.5
 40
0.5625
 40
0.5625
 40
0.5625
 40
0.625
 40
0.625
 40
0.625
 40
0.6875
 40
0.6875
 40
0.6875
 40
0.75
 40
0.75
 40
0.75
 40
0.8125
 40
0.8125
 40
0.8125
 40
0.875
 40
0.875
 40
0.875
 40
0.9375
 40
0.9375
 40
0.9375
 40
1.0
 40
1.0
 40
1.0
 40
1.0
 10
-51.8203
 20
27.9517
 30
0.0
 10
-51.8203
 20
27.7997
 30
0.0
 10
-51.8298
 20
27.6692
 30
0.0
 10
-51.8482
 20
27.5599
 30
0.0
 10
-51.8666
 20
27.4503
 30
0.0
 10
-51.9012
 20
27.3513
 30
0.0
 10
-51.9511
 20
27.2623
 30
0.0
 10
-52.0141
 20
27.153
 30
0.0
 10
-52.0955
 20
27.0688
 30
0.0
 10
-52.1957
 20
27.0094
 30
0.0
 10
-52.2958
 20
26.95
 30
0.0
 10
-52.407
 20
26.9204
 30
0.0
 10
-52.5295
 20
26.9204
 30
0.0
 10
-52.6703
 20
26.9204
 30
0.0
 10
-52.7965
 20
26.9603
 30
0.0
 10
-52.9082
 20
27.0398
 30
0.0
 10
-53.0199
 20
27.1196
 30
0.0
 10
-53.1039
 20
27.23
 30
0.0
 10
-53.1605
 20
27.3708
 30
0.0
 10
-53.1893
 20
27.4477
 30
0.0
 10
-53.2103
 20
27.5326
 30
0.0
 10
-53.2238
 20
27.6258
 30
0.0
 10
-53.2373
 20
27.7189
 30
0.0
 10
-53.2439
 20
27.8199
 30
0.0
 10
-53.2439
 20
27.9283
 30
0.0
 10
-53.2439
 20
28.0681
 30
0.0
 10
-53.2364
 20
28.1942
 30
0.0
 10
-53.2216
 20
28.3063
 30
0.0
 10
-53.2068
 20
28.4184
 30
0.0
 10
-53.1837
 20
28.5148
 30
0.0
 10
-53.1522
 20
28.5955
 30
0.0
 10
-53.0975
 20
28.7288
 30
0.0
 10
-53.018
 20
28.8306
 30
0.0
 10
-52.9138
 20
28.9007
 30
0.0
 10
-52.8094
 20
28.9706
 30
0.0
 10
-52.6851
 20
29.0055
 30
0.0
 10
-52.5406
 20
29.0055
 30
0.0
 10
-52.445
 20
29.0055
 30
0.0
 10
-52.3584
 20
28.9901
 30
0.0
 10
-52.2806
 20
28.9588
 30
0.0
 10
-52.2027
 20
28.9279
 30
0.0
 10
-52.1344
 20
28.8825
 30
0.0
 10
-52.0754
 20
28.8229
 30
0.0
 10
-52.0167
 20
28.7629
 30
0.0
 10
-51.9667
 20
28.6891
 30
0.0
 10
-51.926
 20
28.601
 30
0.0
 10
-51.8557
 20
28.4482
 30
0.0
 10
-51.8203
 20
28.2317
 30
0.0
 10
-51.8203
 20
27.9517
 30
0.0
  0
SPLINE
  5
83
330
1F
100
AcDbEntity
  8
Layer 1
 62
   250
370
    18
100
AcDbSpline
210
0.0
220
0.0
230
1.0
 70
    11
 71
     3
 72
    38
 73
    34
 74
     0
 42
0.0000000001
 43
0.0000000001
 40
0.0
 40
0.0
 40
0.0
 40
0.0
 40
0.0909090909090909
 40
0.0909090909090909
 40
0.0909090909090909
 40
0.1818181818181818
 40
0.1818181818181818
 40
0.1818181818181818
 40
0.2727272727272727
 40
0.2727272727272727
 40
0.2727272727272727
 40
0.3636363636363636
 40
0.3636363636363636
 40
0.3636363636363636
 40
0.4545454545454546
 40
0.4545454545454546
 40
0.4545454545454546
 40
0.5454545454545454
 40
0.5454545454545454
 40
0.5454545454545454
 40
0.6363636363636364
 40
0.6363636363636364
 40
0.6363636363636364
 40
0.7272727272727273
 40
0.7272727272727273
 40
0.7272727272727273
 40
0.8181818181818182
 40
0.8181818181818182
 40
0.8181818181818182
 40
0.9090909090909092
 40
0.9090909090909092
 40
0.9090909090909092
 40
1.0
 40
1.0
 40
1.0
 40
1.0
 10
-50.0456
 20
28.2911
 30
0.0
 10
-50.0456
 20
28.3541
 30
0.0
 10
-50.0542
 20
28.4122
 30
0.0
 10
-50.0714
 20
28.4654
 30
0.0
 10
-50.0885
 20
28.5187
 30
0.0
 10
-50.1125
 20
28.5648
 30
0.0
 10
-50.1436
 20
28.6039
 30
0.0
 10
-50.1747
 20
28.6429
 30
0.0
 10
-50.2118
 20
28.6733
 30
0.0
 10
-50.2548
 20
28.6956
 30
0.0
 10
-50.2979
 20
28.7177
 30
0.0
 10
-50.3449
 20
28.7288
 30
0.0
 10
-50.3959
 20
28.7288
 30
0.0
 10
-50.484
 20
28.7288
 30
0.0
 10
-50.5586
 20
28.6911
 30
0.0
 10
-50.6197
 20
28.6157
 30
0.0
 10
-50.681
 20
28.5399
 30
0.0
 10
-50.7115
 20
28.44
 30
0.0
 10
-50.7115
 20
28.316
 30
0.0
 10
-50.7115
 20
28.1927
 30
0.0
 10
-50.681
 20
28.0945
 30
0.0
 10
-50.6197
 20
28.0214
 30
0.0
 10
-50.5586
 20
27.9481
 30
0.0
 10
-50.4813
 20
27.9114
 30
0.0
 10
-50.3876
 20
27.9114
 30
0.0
 10
-50.3301
 20
27.9114
 30
0.0
 10
-50.2753
 20
27.9266
 30
0.0
 10
-50.2229
 20
27.9567
 30
0.0
 10
-50.1706
 20
27.9869
 30
0.0
 10
-50.128
 20
28.0306
 30
0.0
 10
-50.095
 20
28.0881
 30
0.0
 10
-50.0622
 20
28.1455
 30
0.0
 10
-50.0456
 20
28.2133
 30
0.0
 10
-50.0456
 20
28.2911
 30
0.0
  0
SPLINE
  5
84
330
1F
100
AcDbEntity
  8
Layer 1
 62
   250
370
    18
100
AcDbSpline
210
0.0
220
0.0
230
1.0
 70
    11
 71
     3
 72
    95
 73
    91
 74
     0
 42
0.0000000001
 43
0.0000000001
 40
0.0
 40
0.0
 40
0.0
 40
0.0
 40
0.0333333333333333
 40
0.0333333333333333
 40
0.0333333333333333
 40
0.0666666666666667
 40
0.0666666666666667
 40
0.0666666666666667
 40
0.1
 40
0.1
 40
0.1
 40
0.1333333333333333
 40
0.1333333333333333
 40
0.1333333333333333
 40
0.1666666666666667
 40
0.1666666666666667
 40
0.1666666666666667
 40
0.2
 40
0.2
 40
0.2
 40
0.2333333333333333
 40
0.2333333333333333
 40
0.2333333333333333
 40
0.2666666666666667
 40
0.2666666666666667
 40
0.2666666666666667
 40
0.3
 40
0.3
 40
0.3
 40
0.3333333333333333
 40
0.3333333333333333
 40
0.3333333333333333
 40
0.3666666666666666
 40
0.3666666666666666
 40
0.3666666666666666
 40
0.4
 40
0.4
 40
0.4
 40
0.4333333333333333
 40
0.4333333333333333
 40
0.4333333333333333
 40
0.4666666666666667
 40
0.4666666666666667
 40
0.4666666666666667
 40
0.5
 40
0.5
 40
0.5
 40
0.5333333333333333
 40
0.5333333333333333
 40
0.5333333333333333
 40
0.5666666666666667
 40
0.5666666666666667
 40
0.5666666666666667
 40
0.6
 40
0.6
 40
0.6
 40
0.6333333333333333
 40
0.6333333333333333
 40
0.6333333333333333
 40
0.6666666666666666
 40
0.6666666666666666
 40
0.6666666666666666
 40
0.7
 40
0.7
 40
0.7
 40
0.7333333333333333
 40
0.7333333333333333
 40
0.7333333333333333
 40
0.7666666666666666
 40
0.7666666666666666
 40
0.7666666666666666
 40
0.8
 40
0.8
 40
0.8
 40
0.8333333333333334
 40
0.8333333333333334
 40
0.8333333333333334
 40
0.8666666666666667
 40
0.8666666666666667
 40
0.8666666666666667
 40
0.9
 40
0.9
 40
0.9
 40
0.9333333333333333
 40
0.9333333333333333
 40
0.9333333333333333
 40
0.9666666666666667
 40
0.9666666666666667
 40
0.9666666666666667
 40
1.0
 40
1.0
 40
1.0
 40
1.0
 10
-50.0137
 20
27.8657
 30
0.0
 10
-50.0748
 20
27.7933
 30
0.0
 10
-50.1432
 20
27.7389
 30
0.0
 10
-50.2189
 20
27.7024
 30
0.0
 10
-50.2943
 20
27.6658
 30
0.0
 10
-50.3779
 20
27.6474
 30
0.0
 10
-50.4696
 20
27.6474
 30
0.0
 10
-50.5567
 20
27.6474
 30
0.0
 10
-50.6381
 20
27.6643
 30
0.0
 10
-50.7136
 20
27.6982
 30
0.0
 10
-50.7891
 20
27.732
 30
0.0
 10
-50.8545
 20
27.7792
 30
0.0
 10
-50.9095
 20
27.84
 30
0.0
 10
-50.9648
 20
27.9007
 30
0.0
 10
-51.0071
 20
27.9715
 30
0.0
 10
-51.0369
 20
28.0527
 30
0.0
 10
-51.0665
 20
28.1337
 30
0.0
 10
-51.0812
 20
28.2186
 30
0.0
 10
-51.0812
 20
28.3076
 30
0.0
 10
-51.0812
 20
28.403
 30
0.0
 10
-51.0645
 20
28.4936
 30
0.0
 10
-51.0313
 20
28.5796
 30
0.0
 10
-50.9979
 20
28.6651
 30
0.0
 10
-50.9503
 20
28.7396
 30
0.0
 10
-50.8881
 20
28.8026
 30
0.0
 10
-50.8259
 20
28.8656
 30
0.0
 10
-50.752
 20
28.9147
 30
0.0
 10
-50.6665
 20
28.9498
 30
0.0
 10
-50.5807
 20
28.9852
 30
0.0
 10
-50.4859
 20
29.0028
 30
0.0
 10
-50.382
 20
29.0028
 30
0.0
 10
-50.2626
 20
29.0028
 30
0.0
 10
-50.156
 20
28.9811
 30
0.0
 10
-50.0623
 20
28.9376
 30
0.0
 10
-49.9687
 20
28.8939
 30
0.0
 10
-49.89
 20
28.8306
 30
0.0
 10
-49.8261
 20
28.7477
 30
0.0
 10
-49.762
 20
28.6647
 30
0.0
 10
-49.7129
 20
28.5603
 30
0.0
 10
-49.6787
 20
28.4343
 30
0.0
 10
-49.6443
 20
28.3082
 30
0.0
 10
-49.6272
 20
28.1654
 30
0.0
 10
-49.6272
 20
28.006
 30
0.0
 10
-49.6272
 20
27.8281
 30
0.0
 10
-49.6452
 20
27.6711
 30
0.0
 10
-49.6815
 20
27.5357
 30
0.0
 10
-49.7177
 20
27.3997
 30
0.0
 10
-49.7702
 20
27.2859
 30
0.0
 10
-49.8392
 20
27.1935
 30
0.0
 10
-49.9082
 20
27.1013
 30
0.0
 10
-49.991
 20
27.0327
 30
0.0
 10
-50.0874
 20
26.9878
 30
0.0
 10
-50.1839
 20
26.9429
 30
0.0
 10
-50.293
 20
26.9202
 30
0.0
 10
-50.4154
 20
26.9202
 30
0.0
 10
-50.5359
 20
26.9202
 30
0.0
 10
-50.6405
 20
26.9433
 30
0.0
 10
-50.7295
 20
26.9892
 30
0.0
 10
-50.8184
 20
27.0351
 30
0.0
 10
-50.8862
 20
27.0919
 30
0.0
 10
-50.9325
 20
27.1603
 30
0.0
 10
-50.979
 20
27.2283
 30
0.0
 10
-51.0019
 20
27.2938
 30
0.0
 10
-51.0019
 20
27.3568
 30
0.0
 10
-51.0019
 20
27.3957
 30
0.0
 10
-50.9878
 20
27.4304
 30
0.0
 10
-50.959
 20
27.4611
 30
0.0
 10
-50.9301
 20
27.4917
 30
0.0
 10
-50.8937
 20
27.5071
 30
0.0
 10
-50.8493
 20
27.5071
 30
0.0
 10
-50.8084
 20
27.5071
 30
0.0
 10
-50.7717
 20
27.4956
 30
0.0
 10
-50.7393
 20
27.4731
 30
0.0
 10
-50.7069
 20
27.4501
 30
0.0
 10
-50.6823
 20
27.4163
 30
0.0
 10
-50.6656
 20
27.3708
 30
0.0
 10
-50.6452
 20
27.3151
 30
0.0
 10
-50.6116
 20
27.2705
 30
0.0
 10
-50.5642
 20
27.2366
 30
0.0
 10
-50.5168
 20
27.2027
 30
0.0
 10
-50.4636
 20
27.186
 30
0.0
 10
-50.4043
 20
27.186
 30
0.0
 10
-50.3515
 20
27.186
 30
0.0
 10
-50.3014
 20
27.1993
 30
0.0
 10
-50.2542
 20
27.2261
 30
0.0
 10
-50.2068
 20
27.2531
 30
0.0
 10
-50.1665
 20
27.291
 30
0.0
 10
-50.1333
 20
27.3401
 30
0.0
 10
-50.0664
 20
27.4392
 30
0.0
 10
-50.0268
 20
27.6145
 30
0.0
 10
-50.0137
 20
27.8657
 30
0.0
  0
SPLINE
  5
85
330
1F
100
AcDbEntity
  8
Layer 1
 62
   250
370
    18
100
AcDbSpline
210
0.0
220
0.0
230
1.0
 70
    11
 71
     3
 72
    38
 73
    34
 74
     0
 42
0.0000000001
 43
0.0000000001
 40
0.0
 40
0.0
 40
0.0
 40
0.0
 40
0.0909090909090909
 40
0.0909090909090909
 40
0.0909090909090909
 40
0.1818181818181818
 40
0.1818181818181818
 40
0.1818181818181818
 40
0.2727272727272727
 40
0.2727272727272727
 40
0.2727272727272727
 40
0.3636363636363636
 40
0.3636363636363636
 40
0.3636363636363636
 40
0.4545454545454546
 40
0.4545454545454546
 40
0.4545454545454546
 40
0.5454545454545454
 40
0.5454545454545454
 40
0.5454545454545454
 40
0.6363636363636364
 40
0.6363636363636364
 40
0.6363636363636364
 40
0.7272727272727273
 40
0.7272727272727273
 40
0.7272727272727273
 40
0.8181818181818182
 40
0.8181818181818182
 40
0.8181818181818182
 40
0.9090909090909092
 40
0.9090909090909092
 40
0.9090909090909092
 40
1.0
 40
1.0
 40
1.0
 40
1.0
 10
-47.8415
 20
28.2911
 30
0.0
 10
-47.8415
 20
28.3541
 30
0.0
 10
-47.8501
 20
28.4122
 30
0.0
 10
-47.8672
 20
28.4654
 30
0.0
 10
-47.8844
 20
28.5187
 30
0.0
 10
-47.9084
 20
28.5648
 30
0.0
 10
-47.9394
 20
28.6039
 30
0.0
 10
-47.9706
 20
28.6429
 30
0.0
 10
-48.0076
 20
28.6733
 30
0.0
 10
-48.0507
 20
28.6956
 30
0.0
 10
-48.0938
 20
28.7177
 30
0.0
 10
-48.1408
 20
28.7288
 30
0.0
 10
-48.1917
 20
28.7288
 30
0.0
 10
-48.2798
 20
28.7288
 30
0.0
 10
-48.3545
 20
28.6911
 30
0.0
 10
-48.4155
 20
28.6157
 30
0.0
 10
-48.4768
 20
28.5399
 30
0.0
 10
-48.5073
 20
28.44
 30
0.0
 10
-48.5073
 20
28.316
 30
0.0
 10
-48.5073
 20
28.1927
 30
0.0
 10
-48.4768
 20
28.0945
 30
0.0
 10
-48.4155
 20
28.0214
 30
0.0
 10
-48.3545
 20
27.9481
 30
0.0
 10
-48.2771
 20
27.9114
 30
0.0
 10
-48.1834
 20
27.9114
 30
0.0
 10
-48.1259
 20
27.9114
 30
0.0
 10
-48.0711
 20
27.9266
 30
0.0
 10
-48.0187
 20
27.9567
 30
0.0
 10
-47.9665
 20
27.9869
 30
0.0
 10
-47.9238
 20
28.0306
 30
0.0
 10
-47.8908
 20
28.0881
 30
0.0
 10
-47.858
 20
28.1455
 30
0.0
 10
-47.8415
 20
28.2133
 30
0.0
 10
-47.8415
 20
28.2911
 30
0.0
  0
SPLINE
  5
86
330
1F
100
AcDbEntity
  8
Layer 1
 62
   250
370
    18
100
AcDbSpline
210
0.0
220
0.0
230
1.0
 70
    11
 71
     3
 72
    95
 73
    91
 74
     0
 42
0.0000000001
 43
0.0000000001
 40
0.0
 40
0.0
 40
0.0
 40
0.0
 40
0.0333333333333333
 40
0.0333333333333333
 40
0.0333333333333333
 40
0.0666666666666667
 40
0.0666666666666667
 40
0.0666666666666667
 40
0.1
 40
0.1
 40
0.1
 40
0.1333333333333333
 40
0.1333333333333333
 40
0.1333333333333333
 40
0.1666666666666667
 40
0.1666666666666667
 40
0.1666666666666667
 40
0.2
 40
0.2
 40
0.2
 40
0.2333333333333333
 40
0.2333333333333333
 40
0.2333333333333333
 40
0.2666666666666667
 40
0.2666666666666667
 40
0.2666666666666667
 40
0.3
 40
0.3
 40
0.3
 40
0.3333333333333333
 40
0.3333333333333333
 40
0.3333333333333333
 40
0.3666666666666666
 40
0.3666666666666666
 40
0.3666666666666666
 40
0.4
 40
0.4
 40
0.4
 40
0.4333333333333333
 40
0.4333333333333333
 40
0.4333333333333333
 40
0.4666666666666667
 40
0.4666666666666667
 40
0.4666666666666667
 40
0.5
 40
0.5
 40
0.5
 40
0.5333333333333333
 40
0.5333333333333333
 40
0.5333333333333333
 40
0.5666666666666667
 40
0.5666666666666667
 40
0.5666666666666667
 40
0.6
 40
0.6
 40
0.6
 40
0.6333333333333333
 40
0.6333333333333333
 40
0.6333333333333333
 40
0.6666666666666666
 40
0.6666666666666666
 40
0.6666666666666666
 40
0.7
 40
0.7
 40
0.7
 40
0.7333333333333333
 40
0.7333333333333333
 40
0.7333333333333333
 40
0.7666666666666666
 40
0.7666666666666666
 40
0.7666666666666666
 40
0.8
 40
0.8
 40
0.8
 40
0.8333333333333334
 40
0.8333333333333334
 40
0.8333333333333334
 40
0.8666666666666667
 40
0.8666666666666667
 40
0.8666666666666667
 40
0.9
 40
0.9
 40
0.9
 40
0.9333333333333333
 40
0.9333333333333333
 40
0.9333333333333333
 40
0.9666666666666667
 40
0.9666666666666667
 40
0.9666666666666667
 40
1.0
 40
1.0
 40
1.0
 40
1.0
 10
-47.8095
 20
27.8657
 30
0.0
 10
-47.8707
 20
27.7933
 30
0.0
 10
-47.939
 20
27.7389
 30
0.0
 10
-48.0147
 20
27.7024
 30
0.0
 10
-48.0901
 20
27.6658
 30
0.0
 10
-48.1738
 20
27.6474
 30
0.0
 10
-48.2655
 20
27.6474
 30
0.0
 10
-48.3525
 20
27.6474
 30
0.0
 10
-48.434
 20
27.6643
 30
0.0
 10
-48.5095
 20
27.6982
 30
0.0
 10
-48.5849
 20
27.732
 30
0.0
 10
-48.6503
 20
27.7792
 30
0.0
 10
-48.7054
 20
27.84
 30
0.0
 10
-48.7607
 20
27.9007
 30
0.0
 10
-48.8029
 20
27.9715
 30
0.0
 10
-48.8327
 20
28.0527
 30
0.0
 10
-48.8623
 20
28.1337
 30
0.0
 10
-48.8771
 20
28.2186
 30
0.0
 10
-48.8771
 20
28.3076
 30
0.0
 10
-48.8771
 20
28.403
 30
0.0
 10
-48.8604
 20
28.4936
 30
0.0
 10
-48.8272
 20
28.5796
 30
0.0
 10
-48.7937
 20
28.6651
 30
0.0
 10
-48.7461
 20
28.7396
 30
0.0
 10
-48.6839
 20
28.8026
 30
0.0
 10
-48.6218
 20
28.8656
 30
0.0
 10
-48.5478
 20
28.9147
 30
0.0
 10
-48.4623
 20
28.9498
 30
0.0
 10
-48.3765
 20
28.9852
 30
0.0
 10
-48.2818
 20
29.0028
 30
0.0
 10
-48.1778
 20
29.0028
 30
0.0
 10
-48.0584
 20
29.0028
 30
0.0
 10
-47.9519
 20
28.9811
 30
0.0
 10
-47.8582
 20
28.9376
 30
0.0
 10
-47.7646
 20
28.8939
 30
0.0
 10
-47.6859
 20
28.8306
 30
0.0
 10
-47.622
 20
28.7477
 30
0.0
 10
-47.5579
 20
28.6647
 30
0.0
 10
-47.5088
 20
28.5603
 30
0.0
 10
-47.4745
 20
28.4343
 30
0.0
 10
-47.4402
 20
28.3082
 30
0.0
 10
-47.4231
 20
28.1654
 30
0.0
 10
-47.4231
 20
28.006
 30
0.0
 10
-47.4231
 20
27.8281
 30
0.0
 10
-47.441
 20
27.6711
 30
0.0
 10
-47.4773
 20
27.5357
 30
0.0
 10
-47.5135
 20
27.3997
 30
0.0
 10
-47.566
 20
27.2859
 30
0.0
 10
-47.6351
 20
27.1935
 30
0.0
 10
-47.7041
 20
27.1013
 30
0.0
 10
-47.7868
 20
27.0327
 30
0.0
 10
-47.8833
 20
26.9878
 30
0.0
 10
-47.9797
 20
26.9429
 30
0.0
 10
-48.0889
 20
26.9202
 30
0.0
 10
-48.2112
 20
26.9202
 30
0.0
 10
-48.3317
 20
26.9202
 30
0.0
 10
-48.4364
 20
26.9433
 30
0.0
 10
-48.5253
 20
26.9892
 30
0.0
 10
-48.6143
 20
27.0351
 30
0.0
 10
-48.682
 20
27.0919
 30
0.0
 10
-48.7283
 20
27.1603
 30
0.0
 10
-48.7748
 20
27.2283
 30
0.0
 10
-48.7978
 20
27.2938
 30
0.0
 10
-48.7978
 20
27.3568
 30
0.0
 10
-48.7978
 20
27.3957
 30
0.0
 10
-48.7837
 20
27.4304
 30
0.0
 10
-48.7549
 20
27.4611
 30
0.0
 10
-48.726
 20
27.4917
 30
0.0
 10
-48.6895
 20
27.5071
 30
0.0
 10
-48.6452
 20
27.5071
 30
0.0
 10
-48.6042
 20
27.5071
 30
0.0
 10
-48.5676
 20
27.4956
 30
0.0
 10
-48.5352
 20
27.4731
 30
0.0
 10
-48.5028
 20
27.4501
 30
0.0
 10
-48.4781
 20
27.4163
 30
0.0
 10
-48.4614
 20
27.3708
 30
0.0
 10
-48.4411
 20
27.3151
 30
0.0
 10
-48.4074
 20
27.2705
 30
0.0
 10
-48.3601
 20
27.2366
 30
0.0
 10
-48.3127
 20
27.2027
 30
0.0
 10
-48.2595
 20
27.186
 30
0.0
 10
-48.2001
 20
27.186
 30
0.0
 10
-48.1474
 20
27.186
 30
0.0
 10
-48.0972
 20
27.1993
 30
0.0
 10
-48.0501
 20
27.2261
 30
0.0
 10
-48.0027
 20
27.2531
 30
0.0
 10
-47.9624
 20
27.291
 30
0.0
 10
-47.9292
 20
27.3401
 30
0.0
 10
-47.8623
 20
27.4392
 30
0.0
 10
-47.8227
 20
27.6145
 30
0.0
 10
-47.8095
 20
27.8657
 30
0.0
  0
SPLINE
  5
87
330
1F
100
AcDbEntity
  8
Layer 1
 62
   250
370
    18
100
AcDbSpline
210
0.0
220
0.0
230
1.0
 70
    11
 71
     3
 72
    35
 73
    31
 74
     0
 42
0.0000000001
 43
0.0000000001
 40
0.0
 40
0.0
 40
0.0
 40
0.0
 40
0.1
 40
0.1
 40
0.1
 40
0.2
 40
0.2
 40
0.2
 40
0.3
 40
0.3
 40
0.3
 40
0.4
 40
0.4
 40
0.4
 40
0.5
 40
0.5
 40
0.5
 40
0.6000000000000001
 40
0.6000000000000001
 40
0.6000000000000001
 40
0.7000000000000001
 40
0.7000000000000001
 40
0.7000000000000001
 40
0.8
 40
0.8
 40
0.8
 40
0.9
 40
0.9
 40
0.9
 40
1.0
 40
1.0
 40
1.0
 40
1.0
 10
-45.8735
 20
27.1914
 30
0.0
 10
-45.7799
 20
27.1914
 30
0.0
 10
-45.7025
 20
27.2298
 30
0.0
 10
-45.6414
 20
27.3061
 30
0.0
 10
-45.5803
 20
27.3826
 30
0.0
 10
-45.5497
 20
27.4827
 30
0.0
 10
-45.5497
 20
27.6071
 30
0.0
 10
-45.5497
 20
27.6913
 30
0.0
 10
-45.564
 20
27.764
 30
0.0
 10
-45.5927
 20
27.8246
 30
0.0
 10
-45.6215
 20
27.8853
 30
0.0
 10
-45.6609
 20
27.9316
 30
0.0
 10
-45.7109
 20
27.9638
 30
0.0
 10
-45.761
 20
27.9957
 30
0.0
 10
-45.8161
 20
28.0116
 30
0.0
 10
-45.8763
 20
28.0116
 30
0.0
 10
-45.9338
 20
28.0116
 30
0.0
 10
-45.9887
 20
27.9963
 30
0.0
 10
-46.041
 20
27.9657
 30
0.0
 10
-46.0935
 20
27.9353
 30
0.0
 10
-46.1355
 20
27.8909
 30
0.0
 10
-46.1676
 20
27.833
 30
0.0
 10
-46.1996
 20
27.7751
 30
0.0
 10
-46.2155
 20
27.7072
 30
0.0
 10
-46.2155
 20
27.6294
 30
0.0
 10
-46.2155
 20
27.5041
 30
0.0
 10
-46.1831
 20
27.4
 30
0.0
 10
-46.1181
 20
27.3166
 30
0.0
 10
-46.0534
 20
27.233
 30
0.0
 10
-45.9717
 20
27.1914
 30
0.0
 10
-45.8735
 20
27.1914
 30
0.0
  0
SPLINE
  5
88
330
1F
100
AcDbEntity
  8
Layer 1
 62
   250
370
    18
100
AcDbSpline
210
0.0
220
0.0
230
1.0
 70
    11
 71
     3
 72
    89
 73
    85
 74
     0
 42
0.0000000001
 43
0.0000000001
 40
0.0
 40
0.0
 40
0.0
 40
0.0
 40
0.0357142857142857
 40
0.0357142857142857
 40
0.0357142857142857
 40
0.0714285714285714
 40
0.0714285714285714
 40
0.0714285714285714
 40
0.1071428571428571
 40
0.1071428571428571
 40
0.1071428571428571
 40
0.1428571428571428
 40
0.1428571428571428
 40
0.1428571428571428
 40
0.1785714285714285
 40
0.1785714285714285
 40
0.1785714285714285
 40
0.2142857142857143
 40
0.2142857142857143
 40
0.2142857142857143
 40
0.25
 40
0.25
 40
0.25
 40
0.2857142857142857
 40
0.2857142857142857
 40
0.2857142857142857
 40
0.3214285714285714
 40
0.3214285714285714
 40
0.3214285714285714
 40
0.3571428571428571
 40
0.3571428571428571
 40
0.3571428571428571
 40
0.3928571428571428
 40
0.3928571428571428
 40
0.3928571428571428
 40
0.4285714285714285
 40
0.4285714285714285
 40
0.4285714285714285
 40
0.4642857142857142
 40
0.4642857142857142
 40
0.4642857142857142
 40
0.5
 40
0.5
 40
0.5
 40
0.5357142857142857
 40
0.5357142857142857
 40
0.5357142857142857
 40
0.5714285714285714
 40
0.5714285714285714
 40
0.5714285714285714
 40
0.6071428571428571
 40
0.6071428571428571
 40
0.6071428571428571
 40
0.6428571428571428
 40
0.6428571428571428
 40
0.6428571428571428
 40
0.6785714285714285
 40
0.6785714285714285
 40
0.6785714285714285
 40
0.7142857142857142
 40
0.7142857142857142
 40
0.7142857142857142
 40
0.75
 40
0.75
 40
0.75
 40
0.7857142857142857
 40
0.7857142857142857
 40
0.7857142857142857
 40
0.8214285714285714
 40
0.8214285714285714
 40
0.8214285714285714
 40
0.8571428571428571
 40
0.8571428571428571
 40
0.8571428571428571
 40
0.8928571428571428
 40
0.8928571428571428
 40
0.8928571428571428
 40
0.9285714285714285
 40
0.9285714285714285
 40
0.9285714285714285
 40
0.9642857142857142
 40
0.9642857142857142
 40
0.9642857142857142
 40
1.0
 40
1.0
 40
1.0
 40
1.0
 10
-46.2489
 20
28.0547
 30
0.0
 10
-46.1859
 20
28.1297
 30
0.0
 10
-46.1173
 20
28.1854
 30
0.0
 10
-46.0431
 20
28.2216
 30
0.0
 10
-45.9689
 20
28.2577
 30
0.0
 10
-45.886
 20
28.2759
 30
0.0
 10
-45.7942
 20
28.2759
 30
0.0
 10
-45.7064
 20
28.2759
 30
0.0
 10
-45.6249
 20
28.2591
 30
0.0
 10
-45.5503
 20
28.2263
 30
0.0
 10
-45.4759
 20
28.1936
 30
0.0
 10
-45.4103
 20
28.1466
 30
0.0
 10
-45.3544
 20
28.086
 30
0.0
 10
-45.2982
 20
28.0253
 30
0.0
 10
-45.2549
 20
27.9537
 30
0.0
 10
-45.2244
 20
27.8712
 30
0.0
 10
-45.1938
 20
27.7886
 30
0.0
 10
-45.1784
 20
27.7027
 30
0.0
 10
-45.1784
 20
27.6126
 30
0.0
 10
-45.1784
 20
27.4819
 30
0.0
 10
-45.2084
 20
27.3633
 30
0.0
 10
-45.2682
 20
27.2568
 30
0.0
 10
-45.328
 20
27.1502
 30
0.0
 10
-45.4114
 20
27.0671
 30
0.0
 10
-45.5184
 20
27.0073
 30
0.0
 10
-45.6253
 20
26.9475
 30
0.0
 10
-45.7467
 20
26.9176
 30
0.0
 10
-45.8819
 20
26.9176
 30
0.0
 10
-46.0375
 20
26.9176
 30
0.0
 10
-46.172
 20
26.9554
 30
0.0
 10
-46.2849
 20
27.0317
 30
0.0
 10
-46.3981
 20
27.1073
 30
0.0
 10
-46.4845
 20
27.2199
 30
0.0
 10
-46.5443
 20
27.3687
 30
0.0
 10
-46.6041
 20
27.5174
 30
0.0
 10
-46.6339
 20
27.6993
 30
0.0
 10
-46.6339
 20
27.9142
 30
0.0
 10
-46.6339
 20
28.0894
 30
0.0
 10
-46.6159
 20
28.2461
 30
0.0
 10
-46.5797
 20
28.3841
 30
0.0
 10
-46.5435
 20
28.5222
 30
0.0
 10
-46.4918
 20
28.6367
 30
0.0
 10
-46.4241
 20
28.7275
 30
0.0
 10
-46.3563
 20
28.8184
 30
0.0
 10
-46.2744
 20
28.8868
 30
0.0
 10
-46.178
 20
28.9333
 30
0.0
 10
-46.0817
 20
28.9796
 30
0.0
 10
-45.9717
 20
29.0028
 30
0.0
 10
-45.8485
 20
29.0028
 30
0.0
 10
-45.73
 20
29.0028
 30
0.0
 10
-45.6253
 20
28.9796
 30
0.0
 10
-45.5351
 20
28.9333
 30
0.0
 10
-45.4448
 20
28.8868
 30
0.0
 10
-45.3767
 20
28.8296
 30
0.0
 10
-45.3308
 20
28.7608
 30
0.0
 10
-45.2847
 20
28.6924
 30
0.0
 10
-45.2618
 20
28.6263
 30
0.0
 10
-45.2618
 20
28.5633
 30
0.0
 10
-45.2618
 20
28.5256
 30
0.0
 10
-45.2763
 20
28.4909
 30
0.0
 10
-45.3051
 20
28.46
 30
0.0
 10
-45.3338
 20
28.4287
 30
0.0
 10
-45.3702
 20
28.4133
 30
0.0
 10
-45.4148
 20
28.4133
 30
0.0
 10
-45.4538
 20
28.4133
 30
0.0
 10
-45.4899
 20
28.4257
 30
0.0
 10
-45.5233
 20
28.4501
 30
0.0
 10
-45.5565
 20
28.4746
 30
0.0
 10
-45.5811
 20
28.5089
 30
0.0
 10
-45.5968
 20
28.5524
 30
0.0
 10
-45.6183
 20
28.6079
 30
0.0
 10
-45.6521
 20
28.6525
 30
0.0
 10
-45.6984
 20
28.6866
 30
0.0
 10
-45.7447
 20
28.7205
 30
0.0
 10
-45.7986
 20
28.7372
 30
0.0
 10
-45.8596
 20
28.7372
 30
0.0
 10
-45.9089
 20
28.7372
 30
0.0
 10
-45.9576
 20
28.7233
 30
0.0
 10
-46.0063
 20
28.6949
 30
0.0
 10
-46.0549
 20
28.6667
 30
0.0
 10
-46.0961
 20
28.6283
 30
0.0
 10
-46.1293
 20
28.5803
 30
0.0
 10
-46.1971
 20
28.4821
 30
0.0
 10
-46.2369
 20
28.3067
 30
0.0
 10
-46.2489
 20
28.0547
 30
0.0
  0
SPLINE
  5
89
330
1F
100
AcDbEntity
  8
Layer 1
 62
   250
370
    18
100
AcDbSpline
210
0.0
220
0.0
230
1.0
 70
    11
 71
     3
 72
   116
 73
   112
 74
     0
 42
0.0000000001
 43
0.0000000001
 40
0.0
 40
0.0
 40
0.0
 40
0.0
 40
0.027027027027027
 40
0.027027027027027
 40
0.027027027027027
 40
0.0540540540540541
 40
0.0540540540540541
 40
0.0540540540540541
 40
0.0810810810810811
 40
0.0810810810810811
 40
0.0810810810810811
 40
0.1081081081081081
 40
0.1081081081081081
 40
0.1081081081081081
 40
0.1351351351351351
 40
0.1351351351351351
 40
0.1351351351351351
 40
0.1621621621621622
 40
0.1621621621621622
 40
0.1621621621621622
 40
0.1891891891891892
 40
0.1891891891891892
 40
0.1891891891891892
 40
0.2162162162162162
 40
0.2162162162162162
 40
0.2162162162162162
 40
0.2432432432432433
 40
0.2432432432432433
 40
0.2432432432432433
 40
0.2702702702702703
 40
0.2702702702702703
 40
0.2702702702702703
 40
0.2972972972972973
 40
0.2972972972972973
 40
0.2972972972972973
 40
0.3243243243243243
 40
0.3243243243243243
 40
0.3243243243243243
 40
0.3513513513513514
 40
0.3513513513513514
 40
0.3513513513513514
 40
0.3783783783783784
 40
0.3783783783783784
 40
0.3783783783783784
 40
0.4054054054054054
 40
0.4054054054054054
 40
0.4054054054054054
 40
0.4324324324324325
 40
0.4324324324324325
 40
0.4324324324324325
 40
0.4594594594594595
 40
0.4594594594594595
 40
0.4594594594594595
 40
0.4864864864864865
 40
0.4864864864864865
 40
0.4864864864864865
 40
0.5135135135135136
 40
0.5135135135135136
 40
0.5135135135135136
 40
0.5405405405405406
 40
0.5405405405405406
 40
0.5405405405405406
 40
0.5675675675675675
 40
0.5675675675675675
 40
0.5675675675675675
 40
0.5945945945945946
 40
0.5945945945945946
 40
0.5945945945945946
 40
0.6216216216216217
 40
0.6216216216216217
 40
0.6216216216216217
 40
0.6486486486486487
 40
0.6486486486486487
 40
0.6486486486486487
 40
0.6756756756756757
 40
0.6756756756756757
 40
0.6756756756756757
 40
0.7027027027027027
 40
0.7027027027027027
 40
0.7027027027027027
 40
0.7297297297297298
 40
0.7297297297297298
 40
0.7297297297297298
 40
0.7567567567567568
 40
0.7567567567567568
 40
0.7567567567567568
 40
0.7837837837837838
 40
0.7837837837837838
 40
0.7837837837837838
 40
0.8108108108108109
 40
0.8108108108108109
 40
0.8108108108108109
 40
0.8378378378378379
 40
0.8378378378378379
 40
0.8378378378378379
 40
0.8648648648648649
 40
0.8648648648648649
 40
0.8648648648648649
 40
0.8918918918918919
 40
0.8918918918918919
 40
0.8918918918918919
 40
0.918918918918919
 40
0.918918918918919
 40
0.918918918918919
 40
0.945945945945946
 40
0.945945945945946
 40
0.945945945945946
 40
0.972972972972973
 40
0.972972972972973
 40
0.972972972972973
 40
1.0
 40
1.0
 40
1.0
 40
1.0
 10
-43.9251
 20
27.2804
 30
0.0
 10
-43.9251
 20
27.2804
 30
0.0
 10
-43.1994
 20
27.2804
 30
0.0
 10
-43.1994
 20
27.2804
 30
0.0
 10
-43.127
 20
27.2804
 30
0.0
 10
-43.0721
 20
27.2656
 30
0.0
 10
-43.034
 20
27.236
 30
0.0
 10
-42.996
 20
27.2062
 30
0.0
 10
-42.977
 20
27.1659
 30
0.0
 10
-42.977
 20
27.1151
 30
0.0
 10
-42.977
 20
27.0697
 30
0.0
 10
-42.9919
 20
27.0311
 30
0.0
 10
-43.0222
 20
26.9995
 30
0.0
 10
-43.0524
 20
26.9681
 30
0.0
 10
-43.0978
 20
26.9524
 30
0.0
 10
-43.1592
 20
26.9524
 30
0.0
 10
-43.1592
 20
26.9524
 30
0.0
 10
-44.1823
 20
26.9524
 30
0.0
 10
-44.1823
 20
26.9524
 30
0.0
 10
-44.2518
 20
26.9524
 30
0.0
 10
-44.306
 20
26.9717
 30
0.0
 10
-44.3448
 20
27.0101
 30
0.0
 10
-44.3838
 20
27.0485
 30
0.0
 10
-44.4031
 20
27.0937
 30
0.0
 10
-44.4031
 20
27.1456
 30
0.0
 10
-44.4031
 20
27.1788
 30
0.0
 10
-44.3907
 20
27.2232
 30
0.0
 10
-44.3658
 20
27.2782
 30
0.0
 10
-44.3407
 20
27.3336
 30
0.0
 10
-44.3135
 20
27.3768
 30
0.0
 10
-44.2837
 20
27.4084
 30
0.0
 10
-44.1604
 20
27.5361
 30
0.0
 10
-44.0492
 20
27.6457
 30
0.0
 10
-43.9502
 20
27.7372
 30
0.0
 10
-43.8509
 20
27.8285
 30
0.0
 10
-43.78
 20
27.8884
 30
0.0
 10
-43.7375
 20
27.917
 30
0.0
 10
-43.6614
 20
27.9709
 30
0.0
 10
-43.5982
 20
28.0249
 30
0.0
 10
-43.5476
 20
28.0791
 30
0.0
 10
-43.497
 20
28.1334
 30
0.0
 10
-43.4586
 20
28.1888
 30
0.0
 10
-43.4323
 20
28.2459
 30
0.0
 10
-43.4059
 20
28.3029
 30
0.0
 10
-43.3926
 20
28.3586
 30
0.0
 10
-43.3926
 20
28.4133
 30
0.0
 10
-43.3926
 20
28.4727
 30
0.0
 10
-43.4068
 20
28.5258
 30
0.0
 10
-43.435
 20
28.5724
 30
0.0
 10
-43.4634
 20
28.6193
 30
0.0
 10
-43.5018
 20
28.6558
 30
0.0
 10
-43.5504
 20
28.6817
 30
0.0
 10
-43.599
 20
28.7076
 30
0.0
 10
-43.6522
 20
28.7207
 30
0.0
 10
-43.7096
 20
28.7207
 30
0.0
 10
-43.831
 20
28.7207
 30
0.0
 10
-43.9264
 20
28.6673
 30
0.0
 10
-43.9961
 20
28.5608
 30
0.0
 10
-44.0053
 20
28.5469
 30
0.0
 10
-44.0207
 20
28.5087
 30
0.0
 10
-44.0426
 20
28.4465
 30
0.0
 10
-44.0642
 20
28.3846
 30
0.0
 10
-44.0889
 20
28.337
 30
0.0
 10
-44.1163
 20
28.3036
 30
0.0
 10
-44.1436
 20
28.2701
 30
0.0
 10
-44.1836
 20
28.2534
 30
0.0
 10
-44.2366
 20
28.2534
 30
0.0
 10
-44.2826
 20
28.2534
 30
0.0
 10
-44.3212
 20
28.2688
 30
0.0
 10
-44.3519
 20
28.2995
 30
0.0
 10
-44.3824
 20
28.3299
 30
0.0
 10
-44.3978
 20
28.3717
 30
0.0
 10
-44.3978
 20
28.4244
 30
0.0
 10
-44.3978
 20
28.4885
 30
0.0
 10
-44.3834
 20
28.555
 30
0.0
 10
-44.3545
 20
28.6246
 30
0.0
 10
-44.326
 20
28.6941
 30
0.0
 10
-44.2829
 20
28.7572
 30
0.0
 10
-44.2261
 20
28.8137
 30
0.0
 10
-44.169
 20
28.8703
 30
0.0
 10
-44.0968
 20
28.916
 30
0.0
 10
-44.0091
 20
28.9507
 30
0.0
 10
-43.9215
 20
28.9855
 30
0.0
 10
-43.819
 20
29.0028
 30
0.0
 10
-43.7013
 20
29.0028
 30
0.0
 10
-43.5594
 20
29.0028
 30
0.0
 10
-43.4385
 20
28.9805
 30
0.0
 10
-43.3384
 20
28.9361
 30
0.0
 10
-43.2734
 20
28.9064
 30
0.0
 10
-43.2166
 20
28.8656
 30
0.0
 10
-43.1675
 20
28.8137
 30
0.0
 10
-43.1182
 20
28.7619
 30
0.0
 10
-43.08
 20
28.7018
 30
0.0
 10
-43.0528
 20
28.6337
 30
0.0
 10
-43.0254
 20
28.5655
 30
0.0
 10
-43.0117
 20
28.495
 30
0.0
 10
-43.0117
 20
28.4217
 30
0.0
 10
-43.0117
 20
28.3068
 30
0.0
 10
-43.0402
 20
28.2024
 30
0.0
 10
-43.0972
 20
28.1083
 30
0.0
 10
-43.1542
 20
28.0141
 30
0.0
 10
-43.2123
 20
27.9404
 30
0.0
 10
-43.2717
 20
27.8873
 30
0.0
 10
-43.3311
 20
27.8338
 30
0.0
 10
-43.4304
 20
27.7503
 30
0.0
 10
-43.5699
 20
27.6362
 30
0.0
 10
-43.7094
 20
27.5224
 30
0.0
 10
-43.805
 20
27.4339
 30
0.0
 10
-43.8569
 20
27.3708
 30
0.0
 10
-43.8792
 20
27.3458
 30
0.0
 10
-43.902
 20
27.3155
 30
0.0
 10
-43.9251
 20
27.2804
 30
0.0
  0
SPLINE
  5
8A
330
1F
100
AcDbEntity
  8
Layer 1
 62
   250
370
    18
100
AcDbSpline
210
0.0
220
0.0
230
1.0
 70
    11
 71
     3
 72
   158
 73
   154
 74
     0
 42
0.0000000001
 43
0.0000000001
 40
0.0
 40
0.0
 40
0.0
 40
0.0
 40
0.0196078431372549
 40
0.0196078431372549
 40
0.0196078431372549
 40
0.0392156862745098
 40
0.0392156862745098
 40
0.0392156862745098
 40
0.0588235294117647
 40
0.0588235294117647
 40
0.0588235294117647
 40
0.0784313725490196
 40
0.0784313725490196
 40
0.0784313725490196
 40
0.0980392156862745
 40
0.0980392156862745
 40
0.0980392156862745
 40
0.1176470588235294
 40
0.1176470588235294
 40
0.1176470588235294
 40
0.1372549019607843
 40
0.1372549019607843
 40
0.1372549019607843
 40
0.1568627450980392
 40
0.1568627450980392
 40
0.1568627450980392
 40
0.1764705882352941
 40
0.1764705882352941
 40
0.1764705882352941
 40
0.196078431372549
 40
0.196078431372549
 40
0.196078431372549
 40
0.2156862745098039
 40
0.2156862745098039
 40
0.2156862745098039
 40
0.2352941176470588
 40
0.2352941176470588
 40
0.2352941176470588
 40
0.2549019607843137
 40
0.2549019607843137
 40
0.2549019607843137
 40
0.2745098039215687
 40
0.2745098039215687
 40
0.2745098039215687
 40
0.2941176470588235
 40
0.2941176470588235
 40
0.2941176470588235
 40
0.3137254901960784
 40
0.3137254901960784
 40
0.3137254901960784
 40
0.3333333333333333
 40
0.3333333333333333
 40
0.3333333333333333
 40
0.3529411764705882
 40
0.3529411764705882
 40
0.3529411764705882
 40
0.3725490196078431
 40
0.3725490196078431
 40
0.3725490196078431
 40
0.392156862745098
 40
0.392156862745098
 40
0.392156862745098
 40
0.4117647058823529
 40
0.4117647058823529
 40
0.4117647058823529
 40
0.4313725490196079
 40
0.4313725490196079
 40
0.4313725490196079
 40
0.4509803921568628
 40
0.4509803921568628
 40
0.4509803921568628
 40
0.4705882352941176
 40
0.4705882352941176
 40
0.4705882352941176
 40
0.4901960784313725
 40
0.4901960784313725
 40
0.4901960784313725
 40
0.5098039215686274
 40
0.5098039215686274
 40
0.5098039215686274
 40
0.5294117647058824
 40
0.5294117647058824
 40
0.5294117647058824
 40
0.5490196078431373
 40
0.5490196078431373
 40
0.5490196078431373
 40
0.5686274509803921
 40
0.5686274509803921
 40
0.5686274509803921
 40
0.5882352941176471
 40
0.5882352941176471
 40
0.5882352941176471
 40
0.6078431372549019
 40
0.6078431372549019
 40
0.6078431372549019
 40
0.6274509803921569
 40
0.6274509803921569
 40
0.6274509803921569
 40
0.6470588235294118
 40
0.6470588235294118
 40
0.6470588235294118
 40
0.6666666666666666
 40
0.6666666666666666
 40
0.6666666666666666
 40
0.6862745098039216
 40
0.6862745098039216
 40
0.6862745098039216
 40
0.7058823529411764
 40
0.7058823529411764
 40
0.7058823529411764
 40
0.7254901960784313
 40
0.7254901960784313
 40
0.7254901960784313
 40
0.7450980392156863
 40
0.7450980392156863
 40
0.7450980392156863
 40
0.7647058823529411
 40
0.7647058823529411
 40
0.7647058823529411
 40
0.7843137254901961
 40
0.7843137254901961
 40
0.7843137254901961
 40
0.803921568627451
 40
0.803921568627451
 40
0.803921568627451
 40
0.8235294117647058
 40
0.8235294117647058
 40
0.8235294117647058
 40
0.8431372549019608
 40
0.8431372549019608
 40
0.8431372549019608
 40
0.8627450980392157
 40
0.8627450980392157
 40
0.8627450980392157
 40
0.8823529411764706
 40
0.8823529411764706
 40
0.8823529411764706
 40
0.9019607843137255
 40
0.9019607843137255
 40
0.9019607843137255
 40
0.9215686274509803
 40
0.9215686274509803
 40
0.9215686274509803
 40
0.9411764705882353
 40
0.9411764705882353
 40
0.9411764705882353
 40
0.9607843137254902
 40
0.9607843137254902
 40
0.9607843137254902
 40
0.9803921568627451
 40
0.9803921568627451
 40
0.9803921568627451
 40
1.0
 40
1.0
 40
1.0
 40
1.0
 10
-41.5764
 20
28.1826
 30
0.0
 10
-41.4911
 20
28.1826
 30
0.0
 10
-41.4177
 20
28.2075
 30
0.0
 10
-41.3558
 20
28.2577
 30
0.0
 10
-41.2943
 20
28.3076
 30
0.0
 10
-41.2636
 20
28.3794
 30
0.0
 10
-41.2636
 20
28.4731
 30
0.0
 10
-41.2636
 20
28.5443
 30
0.0
 10
-41.2878
 20
28.606
 30
0.0
 10
-41.3374
 20
28.6575
 30
0.0
 10
-41.3863
 20
28.7087
 30
0.0
 10
-41.4525
 20
28.7344
 30
0.0
 10
-41.5359
 20
28.7344
 30
0.0
 10
-41.5923
 20
28.7344
 30
0.0
 10
-41.6392
 20
28.7265
 30
0.0
 10
-41.6756
 20
28.7108
 30
0.0
 10
-41.7121
 20
28.6952
 30
0.0
 10
-41.7413
 20
28.6742
 30
0.0
 10
-41.7625
 20
28.6482
 30
0.0
 10
-41.7839
 20
28.6223
 30
0.0
 10
-41.804
 20
28.589
 30
0.0
 10
-41.8229
 20
28.5481
 30
0.0
 10
-41.8418
 20
28.5074
 30
0.0
 10
-41.8593
 20
28.469
 30
0.0
 10
-41.8753
 20
28.4328
 30
0.0
 10
-41.8844
 20
28.4133
 30
0.0
 10
-41.9011
 20
28.3981
 30
0.0
 10
-41.9251
 20
28.3869
 30
0.0
 10
-41.9492
 20
28.3758
 30
0.0
 10
-41.977
 20
28.3702
 30
0.0
 10
-42.0086
 20
28.3702
 30
0.0
 10
-42.0456
 20
28.3702
 30
0.0
 10
-42.0797
 20
28.3852
 30
0.0
 10
-42.1108
 20
28.4154
 30
0.0
 10
-42.1419
 20
28.4456
 30
0.0
 10
-42.1573
 20
28.4856
 30
0.0
 10
-42.1573
 20
28.5355
 30
0.0
 10
-42.1573
 20
28.5839
 30
0.0
 10
-42.1427
 20
28.6345
 30
0.0
 10
-42.1134
 20
28.6879
 30
0.0
 10
-42.0845
 20
28.7411
 30
0.0
 10
-42.0416
 20
28.7919
 30
0.0
 10
-41.9856
 20
28.8401
 30
0.0
 10
-41.9295
 20
28.8883
 30
0.0
 10
-41.8598
 20
28.9271
 30
0.0
 10
-41.7766
 20
28.9561
 30
0.0
 10
-41.6932
 20
28.9854
 30
0.0
 10
-41.5997
 20
29.0
 30
0.0
 10
-41.4969
 20
29.0
 30
0.0
 10
-41.4072
 20
29.0
 30
0.0
 10
-41.3251
 20
28.9878
 30
0.0
 10
-41.251
 20
28.9631
 30
0.0
 10
-41.1771
 20
28.9385
 30
0.0
 10
-41.1125
 20
28.9031
 30
0.0
 10
-41.0577
 20
28.8568
 30
0.0
 10
-41.0032
 20
28.8105
 30
0.0
 10
-40.9618
 20
28.7567
 30
0.0
 10
-40.9342
 20
28.6956
 30
0.0
 10
-40.906
 20
28.6343
 30
0.0
 10
-40.8924
 20
28.5687
 30
0.0
 10
-40.8924
 20
28.4982
 30
0.0
 10
-40.8924
 20
28.4053
 30
0.0
 10
-40.9123
 20
28.326
 30
0.0
 10
-40.9526
 20
28.2596
 30
0.0
 10
-40.9931
 20
28.1936
 30
0.0
 10
-41.051
 20
28.1288
 30
0.0
 10
-41.1258
 20
28.0658
 30
0.0
 10
-41.0536
 20
28.0268
 30
0.0
 10
-40.9927
 20
27.9824
 30
0.0
 10
-40.9429
 20
27.9325
 30
0.0
 10
-40.8934
 20
27.8823
 30
0.0
 10
-40.8563
 20
27.827
 30
0.0
 10
-40.8311
 20
27.7663
 30
0.0
 10
-40.806
 20
27.7055
 30
0.0
 10
-40.7935
 20
27.6401
 30
0.0
 10
-40.7935
 20
27.5695
 30
0.0
 10
-40.7935
 20
27.4851
 30
0.0
 10
-40.8107
 20
27.4036
 30
0.0
 10
-40.8446
 20
27.3249
 30
0.0
 10
-40.878
 20
27.2461
 30
0.0
 10
-40.9279
 20
27.1759
 30
0.0
 10
-40.9935
 20
27.1144
 30
0.0
 10
-41.0598
 20
27.0527
 30
0.0
 10
-41.1376
 20
27.0045
 30
0.0
 10
-41.228
 20
26.9698
 30
0.0
 10
-41.3185
 20
26.935
 30
0.0
 10
-41.4182
 20
26.9176
 30
0.0
 10
-41.5273
 20
26.9176
 30
0.0
 10
-41.6388
 20
26.9176
 30
0.0
 10
-41.7385
 20
26.9374
 30
0.0
 10
-41.8263
 20
26.9775
 30
0.0
 10
-41.9144
 20
27.0171
 30
0.0
 10
-41.9871
 20
27.0671
 30
0.0
 10
-42.0439
 20
27.1267
 30
0.0
 10
-42.1009
 20
27.1867
 30
0.0
 10
-42.144
 20
27.2484
 30
0.0
 10
-42.1734
 20
27.3123
 30
0.0
 10
-42.2023
 20
27.3762
 30
0.0
 10
-42.2171
 20
27.4292
 30
0.0
 10
-42.2171
 20
27.471
 30
0.0
 10
-42.2171
 20
27.5247
 30
0.0
 10
-42.1998
 20
27.5681
 30
0.0
 10
-42.165
 20
27.6008
 30
0.0
 10
-42.1301
 20
27.6336
 30
0.0
 10
-42.0868
 20
27.6503
 30
0.0
 10
-42.0349
 20
27.6503
 30
0.0
 10
-42.009
 20
27.6503
 30
0.0
 10
-41.9839
 20
27.6424
 30
0.0
 10
-41.9599
 20
27.6272
 30
0.0
 10
-41.9359
 20
27.612
 30
0.0
 10
-41.92
 20
27.5935
 30
0.0
 10
-41.9125
 20
27.5723
 30
0.0
 10
-41.8645
 20
27.4435
 30
0.0
 10
-41.8128
 20
27.3477
 30
0.0
 10
-41.7577
 20
27.2851
 30
0.0
 10
-41.7024
 20
27.2227
 30
0.0
 10
-41.6251
 20
27.1914
 30
0.0
 10
-41.5249
 20
27.1914
 30
0.0
 10
-41.4675
 20
27.1914
 30
0.0
 10
-41.4117
 20
27.2055
 30
0.0
 10
-41.3586
 20
27.2339
 30
0.0
 10
-41.3055
 20
27.2622
 30
0.0
 10
-41.2615
 20
27.3039
 30
0.0
 10
-41.2268
 20
27.3597
 30
0.0
 10
-41.192
 20
27.4152
 30
0.0
 10
-41.1744
 20
27.4797
 30
0.0
 10
-41.1744
 20
27.5528
 30
0.0
 10
-41.1744
 20
27.6613
 30
0.0
 10
-41.2043
 20
27.7464
 30
0.0
 10
-41.2636
 20
27.8079
 30
0.0
 10
-41.3226
 20
27.8696
 30
0.0
 10
-41.4051
 20
27.9005
 30
0.0
 10
-41.511
 20
27.9005
 30
0.0
 10
-41.5294
 20
27.9005
 30
0.0
 10
-41.5579
 20
27.8986
 30
0.0
 10
-41.5969
 20
27.8947
 30
0.0
 10
-41.6358
 20
27.8911
 30
0.0
 10
-41.6611
 20
27.8894
 30
0.0
 10
-41.6722
 20
27.8894
 30
0.0
 10
-41.7232
 20
27.8894
 30
0.0
 10
-41.7625
 20
27.9018
 30
0.0
 10
-41.7904
 20
27.9275
 30
0.0
 10
-41.818
 20
27.9531
 30
0.0
 10
-41.8319
 20
27.9884
 30
0.0
 10
-41.8319
 20
28.0339
 30
0.0
 10
-41.8319
 20
28.0784
 30
0.0
 10
-41.8154
 20
28.1142
 30
0.0
 10
-41.782
 20
28.1417
 30
0.0
 10
-41.7486
 20
28.1689
 30
0.0
 10
-41.699
 20
28.1826
 30
0.0
 10
-41.6334
 20
28.1826
 30
0.0
 10
-41.6334
 20
28.1826
 30
0.0
 10
-41.5764
 20
28.1826
 30
0.0
 10
-41.5764
 20
28.1826
 30
0.0
  0
SPLINE
  5
8B
330
1F
100
AcDbEntity
  8
Layer 1
 62
   250
370
    18
100
AcDbSpline
210
0.0
220
0.0
230
1.0
 70
    11
 71
     3
 72
    35
 73
    31
 74
     0
 42
0.0000000001
 43
0.0000000001
 40
0.0
 40
0.0
 40
0.0
 40
0.0
 40
0.1
 40
0.1
 40
0.1
 40
0.2
 40
0.2
 40
0.2
 40
0.3
 40
0.3
 40
0.3
 40
0.4
 40
0.4
 40
0.4
 40
0.5
 40
0.5
 40
0.5
 40
0.6000000000000001
 40
0.6000000000000001
 40
0.6000000000000001
 40
0.7000000000000001
 40
0.7000000000000001
 40
0.7000000000000001
 40
0.8
 40
0.8
 40
0.8
 40
0.9
 40
0.9
 40
0.9
 40
1.0
 40
1.0
 40
1.0
 40
1.0
 10
-39.2606
 20
27.1914
 30
0.0
 10
-39.167
 20
27.1914
 30
0.0
 10
-39.0898
 20
27.2298
 30
0.0
 10
-39.0287
 20
27.3061
 30
0.0
 10
-38.9674
 20
27.3826
 30
0.0
 10
-38.9368
 20
27.4827
 30
0.0
 10
-38.9368
 20
27.6071
 30
0.0
 10
-38.9368
 20
27.6913
 30
0.0
 10
-38.9513
 20
27.764
 30
0.0
 10
-38.9798
 20
27.8246
 30
0.0
 10
-39.0086
 20
27.8853
 30
0.0
 10
-39.048
 20
27.9316
 30
0.0
 10
-39.0982
 20
27.9638
 30
0.0
 10
-39.1483
 20
27.9957
 30
0.0
 10
-39.2032
 20
28.0116
 30
0.0
 10
-39.2637
 20
28.0116
 30
0.0
 10
-39.3209
 20
28.0116
 30
0.0
 10
-39.376
 20
27.9963
 30
0.0
 10
-39.4283
 20
27.9657
 30
0.0
 10
-39.4806
 20
27.9353
 30
0.0
 10
-39.5228
 20
27.8909
 30
0.0
 10
-39.5547
 20
27.833
 30
0.0
 10
-39.5867
 20
27.7751
 30
0.0
 10
-39.6028
 20
27.7072
 30
0.0
 10
-39.6028
 20
27.6294
 30
0.0
 10
-39.6028
 20
27.5041
 30
0.0
 10
-39.5702
 20
27.4
 30
0.0
 10
-39.5055
 20
27.3166
 30
0.0
 10
-39.4405
 20
27.233
 30
0.0
 10
-39.3591
 20
27.1914
 30
0.0
 10
-39.2606
 20
27.1914
 30
0.0
  0
SPLINE
  5
8C
330
1F
100
AcDbEntity
  8
Layer 1
 62
   250
370
    18
100
AcDbSpline
210
0.0
220
0.0
230
1.0
 70
    11
 71
     3
 72
    89
 73
    85
 74
     0
 42
0.0000000001
 43
0.0000000001
 40
0.0
 40
0.0
 40
0.0
 40
0.0
 40
0.0357142857142857
 40
0.0357142857142857
 40
0.0357142857142857
 40
0.0714285714285714
 40
0.0714285714285714
 40
0.0714285714285714
 40
0.1071428571428571
 40
0.1071428571428571
 40
0.1071428571428571
 40
0.1428571428571428
 40
0.1428571428571428
 40
0.1428571428571428
 40
0.1785714285714285
 40
0.1785714285714285
 40
0.1785714285714285
 40
0.2142857142857143
 40
0.2142857142857143
 40
0.2142857142857143
 40
0.25
 40
0.25
 40
0.25
 40
0.2857142857142857
 40
0.2857142857142857
 40
0.2857142857142857
 40
0.3214285714285714
 40
0.3214285714285714
 40
0.3214285714285714
 40
0.3571428571428571
 40
0.3571428571428571
 40
0.3571428571428571
 40
0.3928571428571428
 40
0.3928571428571428
 40
0.3928571428571428
 40
0.4285714285714285
 40
0.4285714285714285
 40
0.4285714285714285
 40
0.4642857142857142
 40
0.4642857142857142
 40
0.4642857142857142
 40
0.5
 40
0.5
 40
0.5
 40
0.5357142857142857
 40
0.5357142857142857
 40
0.5357142857142857
 40
0.5714285714285714
 40
0.5714285714285714
 40
0.5714285714285714
 40
0.6071428571428571
 40
0.6071428571428571
 40
0.6071428571428571
 40
0.6428571428571428
 40
0.6428571428571428
 40
0.6428571428571428
 40
0.6785714285714285
 40
0.6785714285714285
 40
0.6785714285714285
 40
0.7142857142857142
 40
0.7142857142857142
 40
0.7142857142857142
 40
0.75
 40
0.75
 40
0.75
 40
0.7857142857142857
 40
0.7857142857142857
 40
0.7857142857142857
 40
0.8214285714285714
 40
0.8214285714285714
 40
0.8214285714285714
 40
0.8571428571428571
 40
0.8571428571428571
 40
0.8571428571428571
 40
0.8928571428571428
 40
0.8928571428571428
 40
0.8928571428571428
 40
0.9285714285714285
 40
0.9285714285714285
 40
0.9285714285714285
 40
0.9642857142857142
 40
0.9642857142857142
 40
0.9642857142857142
 40
1.0
 40
1.0
 40
1.0
 40
1.0
 10
-39.636
 20
28.0547
 30
0.0
 10
-39.573
 20
28.1297
 30
0.0
 10
-39.5046
 20
28.1854
 30
0.0
 10
-39.4304
 20
28.2216
 30
0.0
 10
-39.356
 20
28.2577
 30
0.0
 10
-39.2733
 20
28.2759
 30
0.0
 10
-39.1816
 20
28.2759
 30
0.0
 10
-39.0935
 20
28.2759
 30
0.0
 10
-39.0122
 20
28.2591
 30
0.0
 10
-38.9376
 20
28.2263
 30
0.0
 10
-38.863
 20
28.1936
 30
0.0
 10
-38.7976
 20
28.1466
 30
0.0
 10
-38.7415
 20
28.086
 30
0.0
 10
-38.6853
 20
28.0253
 30
0.0
 10
-38.642
 20
27.9537
 30
0.0
 10
-38.6115
 20
27.8712
 30
0.0
 10
-38.5809
 20
27.7886
 30
0.0
 10
-38.5657
 20
27.7027
 30
0.0
 10
-38.5657
 20
27.6126
 30
0.0
 10
-38.5657
 20
27.4819
 30
0.0
 10
-38.5955
 20
27.3633
 30
0.0
 10
-38.6555
 20
27.2568
 30
0.0
 10
-38.7151
 20
27.1502
 30
0.0
 10
-38.7987
 20
27.0671
 30
0.0
 10
-38.9057
 20
27.0073
 30
0.0
 10
-39.0127
 20
26.9475
 30
0.0
 10
-39.1338
 20
26.9176
 30
0.0
 10
-39.269
 20
26.9176
 30
0.0
 10
-39.4249
 20
26.9176
 30
0.0
 10
-39.5592
 20
26.9554
 30
0.0
 10
-39.6723
 20
27.0317
 30
0.0
 10
-39.7852
 20
27.1073
 30
0.0
 10
-39.8718
 20
27.2199
 30
0.0
 10
-39.9314
 20
27.3687
 30
0.0
 10
-39.9912
 20
27.5174
 30
0.0
 10
-40.0212
 20
27.6993
 30
0.0
 10
-40.0212
 20
27.9142
 30
0.0
 10
-40.0212
 20
28.0894
 30
0.0
 10
-40.003
 20
28.2461
 30
0.0
 10
-39.967
 20
28.3841
 30
0.0
 10
-39.9308
 20
28.5222
 30
0.0
 10
-39.8789
 20
28.6367
 30
0.0
 10
-39.8112
 20
28.7275
 30
0.0
 10
-39.7436
 20
28.8184
 30
0.0
 10
-39.6615
 20
28.8868
 30
0.0
 10
-39.5653
 20
28.9333
 30
0.0
 10
-39.4688
 20
28.9796
 30
0.0
 10
-39.3591
 20
29.0028
 30
0.0
 10
-39.2358
 20
29.0028
 30
0.0
 10
-39.1171
 20
29.0028
 30
0.0
 10
-39.0127
 20
28.9796
 30
0.0
 10
-38.9224
 20
28.9333
 30
0.0
 10
-38.8319
 20
28.8868
 30
0.0
 10
-38.7639
 20
28.8296
 30
0.0
 10
-38.7179
 20
28.7608
 30
0.0
 10
-38.672
 20
28.6924
 30
0.0
 10
-38.6491
 20
28.6263
 30
0.0
 10
-38.6491
 20
28.5633
 30
0.0
 10
-38.6491
 20
28.5256
 30
0.0
 10
-38.6634
 20
28.4909
 30
0.0
 10
-38.6924
 20
28.46
 30
0.0
 10
-38.7209
 20
28.4287
 30
0.0
 10
-38.7576
 20
28.4133
 30
0.0
 10
-38.8019
 20
28.4133
 30
0.0
 10
-38.8409
 20
28.4133
 30
0.0
 10
-38.8772
 20
28.4257
 30
0.0
 10
-38.9104
 20
28.4501
 30
0.0
 10
-38.9436
 20
28.4746
 30
0.0
 10
-38.9685
 20
28.5089
 30
0.0
 10
-38.9841
 20
28.5524
 30
0.0
 10
-39.0056
 20
28.6079
 30
0.0
 10
-39.0392
 20
28.6525
 30
0.0
 10
-39.0858
 20
28.6866
 30
0.0
 10
-39.1318
 20
28.7205
 30
0.0
 10
-39.1857
 20
28.7372
 30
0.0
 10
-39.2469
 20
28.7372
 30
0.0
 10
-39.296
 20
28.7372
 30
0.0
 10
-39.3449
 20
28.7233
 30
0.0
 10
-39.3935
 20
28.6949
 30
0.0
 10
-39.4422
 20
28.6667
 30
0.0
 10
-39.4832
 20
28.6283
 30
0.0
 10
-39.5164
 20
28.5803
 30
0.0
 10
-39.5843
 20
28.4821
 30
0.0
 10
-39.624
 20
28.3067
 30
0.0
 10
-39.636
 20
28.0547
 30
0.0
  0
SPLINE
  5
8D
330
1F
100
AcDbEntity
  8
Layer 1
 62
   250
370
    18
100
AcDbSpline
210
0.0
220
0.0
230
1.0
 70
    11
 71
     3
 72
   158
 73
   154
 74
     0
 42
0.0000000001
 43
0.0000000001
 40
0.0
 40
0.0
 40
0.0
 40
0.0
 40
0.0196078431372549
 40
0.0196078431372549
 40
0.0196078431372549
 40
0.0392156862745098
 40
0.0392156862745098
 40
0.0392156862745098
 40
0.0588235294117647
 40
0.0588235294117647
 40
0.0588235294117647
 40
0.0784313725490196
 40
0.0784313725490196
 40
0.0784313725490196
 40
0.0980392156862745
 40
0.0980392156862745
 40
0.0980392156862745
 40
0.1176470588235294
 40
0.1176470588235294
 40
0.1176470588235294
 40
0.1372549019607843
 40
0.1372549019607843
 40
0.1372549019607843
 40
0.1568627450980392
 40
0.1568627450980392
 40
0.1568627450980392
 40
0.1764705882352941
 40
0.1764705882352941
 40
0.1764705882352941
 40
0.196078431372549
 40
0.196078431372549
 40
0.196078431372549
 40
0.2156862745098039
 40
0.2156862745098039
 40
0.2156862745098039
 40
0.2352941176470588
 40
0.2352941176470588
 40
0.2352941176470588
 40
0.2549019607843137
 40
0.2549019607843137
 40
0.2549019607843137
 40
0.2745098039215687
 40
0.2745098039215687
 40
0.2745098039215687
 40
0.2941176470588235
 40
0.2941176470588235
 40
0.2941176470588235
 40
0.3137254901960784
 40
0.3137254901960784
 40
0.3137254901960784
 40
0.3333333333333333
 40
0.3333333333333333
 40
0.3333333333333333
 40
0.3529411764705882
 40
0.3529411764705882
 40
0.3529411764705882
 40
0.3725490196078431
 40
0.3725490196078431
 40
0.3725490196078431
 40
0.392156862745098
 40
0.392156862745098
 40
0.392156862745098
 40
0.4117647058823529
 40
0.4117647058823529
 40
0.4117647058823529
 40
0.4313725490196079
 40
0.4313725490196079
 40
0.4313725490196079
 40
0.4509803921568628
 40
0.4509803921568628
 40
0.4509803921568628
 40
0.4705882352941176
 40
0.4705882352941176
 40
0.4705882352941176
 40
0.4901960784313725
 40
0.4901960784313725
 40
0.4901960784313725
 40
0.5098039215686274
 40
0.5098039215686274
 40
0.5098039215686274
 40
0.5294117647058824
 40
0.5294117647058824
 40
0.5294117647058824
 40
0.5490196078431373
 40
0.5490196078431373
 40
0.5490196078431373
 40
0.5686274509803921
 40
0.5686274509803921
 40
0.5686274509803921
 40
0.5882352941176471
 40
0.5882352941176471
 40
0.5882352941176471
 40
0.6078431372549019
 40
0.6078431372549019
 40
0.6078431372549019
 40
0.6274509803921569
 40
0.6274509803921569
 40
0.6274509803921569
 40
0.6470588235294118
 40
0.6470588235294118
 40
0.6470588235294118
 40
0.6666666666666666
 40
0.6666666666666666
 40
0.6666666666666666
 40
0.6862745098039216
 40
0.6862745098039216
 40
0.6862745098039216
 40
0.7058823529411764
 40
0.7058823529411764
 40
0.7058823529411764
 40
0.7254901960784313
 40
0.7254901960784313
 40
0.7254901960784313
 40
0.7450980392156863
 40
0.7450980392156863
 40
0.7450980392156863
 40
0.7647058823529411
 40
0.7647058823529411
 40
0.7647058823529411
 40
0.7843137254901961
 40
0.7843137254901961
 40
0.7843137254901961
 40
0.803921568627451
 40
0.803921568627451
 40
0.803921568627451
 40
0.8235294117647058
 40
0.8235294117647058
 40
0.8235294117647058
 40
0.8431372549019608
 40
0.8431372549019608
 40
0.8431372549019608
 40
0.8627450980392157
 40
0.8627450980392157
 40
0.8627450980392157
 40
0.8823529411764706
 40
0.8823529411764706
 40
0.8823529411764706
 40
0.9019607843137255
 40
0.9019607843137255
 40
0.9019607843137255
 40
0.9215686274509803
 40
0.9215686274509803
 40
0.9215686274509803
 40
0.9411764705882353
 40
0.9411764705882353
 40
0.9411764705882353
 40
0.9607843137254902
 40
0.9607843137254902
 40
0.9607843137254902
 40
0.9803921568627451
 40
0.9803921568627451
 40
0.9803921568627451
 40
1.0
 40
1.0
 40
1.0
 40
1.0
 10
-37.1679
 20
28.1826
 30
0.0
 10
-37.0826
 20
28.1826
 30
0.0
 10
-37.0092
 20
28.2075
 30
0.0
 10
-36.9475
 20
28.2577
 30
0.0
 10
-36.886
 20
28.3076
 30
0.0
 10
-36.8551
 20
28.3794
 30
0.0
 10
-36.8551
 20
28.4731
 30
0.0
 10
-36.8551
 20
28.5443
 30
0.0
 10
-36.8796
 20
28.606
 30
0.0
 10
-36.9288
 20
28.6575
 30
0.0
 10
-36.9777
 20
28.7087
 30
0.0
 10
-37.0442
 20
28.7344
 30
0.0
 10
-37.1275
 20
28.7344
 30
0.0
 10
-37.1839
 20
28.7344
 30
0.0
 10
-37.2307
 20
28.7265
 30
0.0
 10
-37.2671
 20
28.7108
 30
0.0
 10
-37.3038
 20
28.6952
 30
0.0
 10
-37.3329
 20
28.6742
 30
0.0
 10
-37.3541
 20
28.6482
 30
0.0
 10
-37.3754
 20
28.6223
 30
0.0
 10
-37.3955
 20
28.589
 30
0.0
 10
-37.4144
 20
28.5481
 30
0.0
 10
-37.4335
 20
28.5074
 30
0.0
 10
-37.4508
 20
28.469
 30
0.0
 10
-37.4667
 20
28.4328
 30
0.0
 10
-37.4759
 20
28.4133
 30
0.0
 10
-37.4926
 20
28.3981
 30
0.0
 10
-37.5166
 20
28.3869
 30
0.0
 10
-37.5409
 20
28.3758
 30
0.0
 10
-37.5685
 20
28.3702
 30
0.0
 10
-37.6002
 20
28.3702
 30
0.0
 10
-37.6371
 20
28.3702
 30
0.0
 10
-37.6714
 20
28.3852
 30
0.0
 10
-37.7023
 20
28.4154
 30
0.0
 10
-37.7334
 20
28.4456
 30
0.0
 10
-37.7488
 20
28.4856
 30
0.0
 10
-37.7488
 20
28.5355
 30
0.0
 10
-37.7488
 20
28.5839
 30
0.0
 10
-37.7345
 20
28.6345
 30
0.0
 10
-37.7051
 20
28.6879
 30
0.0
 10
-37.6759
 20
28.7411
 30
0.0
 10
-37.6332
 20
28.7919
 30
0.0
 10
-37.5771
 20
28.8401
 30
0.0
 10
-37.5211
 20
28.8883
 30
0.0
 10
-37.4512
 20
28.9271
 30
0.0
 10
-37.3681
 20
28.9561
 30
0.0
 10
-37.2847
 20
28.9854
 30
0.0
 10
-37.1915
 20
29.0
 30
0.0
 10
-37.0885
 20
29.0
 30
0.0
 10
-36.9987
 20
29.0
 30
0.0
 10
-36.9166
 20
28.9878
 30
0.0
 10
-36.8424
 20
28.9631
 30
0.0
 10
-36.7685
 20
28.9385
 30
0.0
 10
-36.704
 20
28.9031
 30
0.0
 10
-36.6493
 20
28.8568
 30
0.0
 10
-36.5946
 20
28.8105
 30
0.0
 10
-36.5535
 20
28.7567
 30
0.0
 10
-36.5256
 20
28.6956
 30
0.0
 10
-36.4978
 20
28.6343
 30
0.0
 10
-36.484
 20
28.5687
 30
0.0
 10
-36.484
 20
28.4982
 30
0.0
 10
-36.484
 20
28.4053
 30
0.0
 10
-36.504
 20
28.326
 30
0.0
 10
-36.5443
 20
28.2596
 30
0.0
 10
-36.5846
 20
28.1936
 30
0.0
 10
-36.6425
 20
28.1288
 30
0.0
 10
-36.7173
 20
28.0658
 30
0.0
 10
-36.6452
 20
28.0268
 30
0.0
 10
-36.5841
 20
27.9824
 30
0.0
 10
-36.5347
 20
27.9325
 30
0.0
 10
-36.4849
 20
27.8823
 30
0.0
 10
-36.4478
 20
27.827
 30
0.0
 10
-36.4225
 20
27.7663
 30
0.0
 10
-36.3976
 20
27.7055
 30
0.0
 10
-36.3852
 20
27.6401
 30
0.0
 10
-36.3852
 20
27.5695
 30
0.0
 10
-36.3852
 20
27.4851
 30
0.0
 10
-36.4021
 20
27.4036
 30
0.0
 10
-36.436
 20
27.3249
 30
0.0
 10
-36.4697
 20
27.2461
 30
0.0
 10
-36.5196
 20
27.1759
 30
0.0
 10
-36.5852
 20
27.1144
 30
0.0
 10
-36.6513
 20
27.0527
 30
0.0
 10
-36.7293
 20
27.0045
 30
0.0
 10
-36.8195
 20
26.9698
 30
0.0
 10
-36.91
 20
26.935
 30
0.0
 10
-37.0099
 20
26.9176
 30
0.0
 10
-37.119
 20
26.9176
 30
0.0
 10
-37.2305
 20
26.9176
 30
0.0
 10
-37.3299
 20
26.9374
 30
0.0
 10
-37.4181
 20
26.9775
 30
0.0
 10
-37.5061
 20
27.0171
 30
0.0
 10
-37.5786
 20
27.0671
 30
0.0
 10
-37.6356
 20
27.1267
 30
0.0
 10
-37.6924
 20
27.1867
 30
0.0
 10
-37.7355
 20
27.2484
 30
0.0
 10
-37.7648
 20
27.3123
 30
0.0
 10
-37.794
 20
27.3762
 30
0.0
 10
-37.8086
 20
27.4292
 30
0.0
 10
-37.8086
 20
27.471
 30
0.0
 10
-37.8086
 20
27.5247
 30
0.0
 10
-37.7912
 20
27.5681
 30
0.0
 10
-37.7565
 20
27.6008
 30
0.0
 10
-37.7218
 20
27.6336
 30
0.0
 10
-37.6785
 20
27.6503
 30
0.0
 10
-37.6266
 20
27.6503
 30
0.0
 10
-37.6007
 20
27.6503
 30
0.0
 10
-37.5756
 20
27.6424
 30
0.0
 10
-37.5514
 20
27.6272
 30
0.0
 10
-37.5274
 20
27.612
 30
0.0
 10
-37.5117
 20
27.5935
 30
0.0
 10
-37.5042
 20
27.5723
 30
0.0
 10
-37.4562
 20
27.4435
 30
0.0
 10
-37.4045
 20
27.3477
 30
0.0
 10
-37.3492
 20
27.2851
 30
0.0
 10
-37.2941
 20
27.2227
 30
0.0
 10
-37.2165
 20
27.1914
 30
0.0
 10
-37.1164
 20
27.1914
 30
0.0
 10
-37.059
 20
27.1914
 30
0.0
 10
-37.0035
 20
27.2055
 30
0.0
 10
-36.95
 20
27.2339
 30
0.0
 10
-36.8969
 20
27.2622
 30
0.0
 10
-36.8529
 20
27.3039
 30
0.0
 10
-36.8182
 20
27.3597
 30
0.0
 10
-36.7835
 20
27.4152
 30
0.0
 10
-36.7662
 20
27.4797
 30
0.0
 10
-36.7662
 20
27.5528
 30
0.0
 10
-36.7662
 20
27.6613
 30
0.0
 10
-36.7957
 20
27.7464
 30
0.0
 10
-36.8551
 20
27.8079
 30
0.0
 10
-36.9143
 20
27.8696
 30
0.0
 10
-36.9968
 20
27.9005
 30
0.0
 10
-37.1025
 20
27.9005
 30
0.0
 10
-37.1209
 20
27.9005
 30
0.0
 10
-37.1497
 20
27.8986
 30
0.0
 10
-37.1887
 20
27.8947
 30
0.0
 10
-37.2274
 20
27.8911
 30
0.0
 10
-37.2528
 20
27.8894
 30
0.0
 10
-37.2637
 20
27.8894
 30
0.0
 10
-37.3147
 20
27.8894
 30
0.0
 10
-37.3541
 20
27.9018
 30
0.0
 10
-37.3818
 20
27.9275
 30
0.0
 10
-37.4097
 20
27.9531
 30
0.0
 10
-37.4236
 20
27.9884
 30
0.0
 10
-37.4236
 20
28.0339
 30
0.0
 10
-37.4236
 20
28.0784
 30
0.0
 10
-37.4069
 20
28.1142
 30
0.0
 10
-37.3735
 20
28.1417
 30
0.0
 10
-37.3402
 20
28.1689
 30
0.0
 10
-37.2905
 20
28.1826
 30
0.0
 10
-37.2249
 20
28.1826
 30
0.0
 10
-37.2249
 20
28.1826
 30
0.0
 10
-37.1679
 20
28.1826
 30
0.0
 10
-37.1679
 20
28.1826
 30
0.0
  0
SPLINE
  5
8E
330
1F
100
AcDbEntity
  8
Layer 1
 62
   250
370
    18
100
AcDbSpline
210
0.0
220
0.0
230
1.0
 70
    11
 71
     3
 72
    74
 73
    70
 74
     0
 42
0.0000000001
 43
0.0000000001
 40
0.0
 40
0.0
 40
0.0
 40
0.0
 40
0.0434782608695652
 40
0.0434782608695652
 40
0.0434782608695652
 40
0.0869565217391304
 40
0.0869565217391304
 40
0.0869565217391304
 40
0.1304347826086956
 40
0.1304347826086956
 40
0.1304347826086956
 40
0.1739130434782609
 40
0.1739130434782609
 40
0.1739130434782609
 40
0.2173913043478261
 40
0.2173913043478261
 40
0.2173913043478261
 40
0.2608695652173913
 40
0.2608695652173913
 40
0.2608695652173913
 40
0.3043478260869565
 40
0.3043478260869565
 40
0.3043478260869565
 40
0.3478260869565217
 40
0.3478260869565217
 40
0.3478260869565217
 40
0.3913043478260869
 40
0.3913043478260869
 40
0.3913043478260869
 40
0.4347826086956522
 40
0.4347826086956522
 40
0.4347826086956522
 40
0.4782608695652174
 40
0.4782608695652174
 40
0.4782608695652174
 40
0.5217391304347826
 40
0.5217391304347826
 40
0.5217391304347826
 40
0.5652173913043478
 40
0.5652173913043478
 40
0.5652173913043478
 40
0.6086956521739131
 40
0.6086956521739131
 40
0.6086956521739131
 40
0.6521739130434783
 40
0.6521739130434783
 40
0.6521739130434783
 40
0.6956521739130435
 40
0.6956521739130435
 40
0.6956521739130435
 40
0.7391304347826086
 40
0.7391304347826086
 40
0.7391304347826086
 40
0.7826086956521738
 40
0.7826086956521738
 40
0.7826086956521738
 40
0.8260869565217391
 40
0.8260869565217391
 40
0.8260869565217391
 40
0.8695652173913043
 40
0.8695652173913043
 40
0.8695652173913043
 40
0.9130434782608695
 40
0.9130434782608695
 40
0.9130434782608695
 40
0.9565217391304348
 40
0.9565217391304348
 40
0.9565217391304348
 40
1.0
 40
1.0
 40
1.0
 40
1.0
 10
-35.3001
 20
28.9708
 30
0.0
 10
-35.3001
 20
28.9708
 30
0.0
 10
-34.3743
 20
28.9708
 30
0.0
 10
-34.3743
 20
28.9708
 30
0.0
 10
-34.2853
 20
28.9708
 30
0.0
 10
-34.221
 20
28.9571
 30
0.0
 10
-34.1809
 20
28.9292
 30
0.0
 10
-34.1412
 20
28.9014
 30
0.0
 10
-34.1213
 20
28.8555
 30
0.0
 10
-34.1213
 20
28.7914
 30
0.0
 10
-34.1213
 20
28.7524
 30
0.0
 10
-34.1445
 20
28.7011
 30
0.0
 10
-34.1914
 20
28.637
 30
0.0
 10
-34.2383
 20
28.5734
 30
0.0
 10
-34.2915
 20
28.5024
 30
0.0
 10
-34.3514
 20
28.4253
 30
0.0
 10
-34.4111
 20
28.3479
 30
0.0
 10
-34.4729
 20
28.2519
 30
0.0
 10
-34.5363
 20
28.1367
 30
0.0
 10
-34.5996
 20
28.0218
 30
0.0
 10
-34.6579
 20
27.8814
 30
0.0
 10
-34.7106
 20
27.7157
 30
0.0
 10
-34.7329
 20
27.6424
 30
0.0
 10
-34.7488
 20
27.5817
 30
0.0
 10
-34.758
 20
27.5335
 30
0.0
 10
-34.7672
 20
27.4851
 30
0.0
 10
-34.7775
 20
27.4226
 30
0.0
 10
-34.7884
 20
27.3457
 30
0.0
 10
-34.7996
 20
27.269
 30
0.0
 10
-34.8094
 20
27.21
 30
0.0
 10
-34.8175
 20
27.1693
 30
0.0
 10
-34.8371
 20
27.0745
 30
0.0
 10
-34.8648
 20
27.0091
 30
0.0
 10
-34.9006
 20
26.9725
 30
0.0
 10
-34.9361
 20
26.9359
 30
0.0
 10
-34.9835
 20
26.9176
 30
0.0
 10
-35.0429
 20
26.9176
 30
0.0
 10
-35.0993
 20
26.9176
 30
0.0
 10
-35.1447
 20
26.9373
 30
0.0
 10
-35.1792
 20
26.9766
 30
0.0
 10
-35.2135
 20
27.016
 30
0.0
 10
-35.2306
 20
27.0741
 30
0.0
 10
-35.2306
 20
27.1513
 30
0.0
 10
-35.2306
 20
27.2105
 30
0.0
 10
-35.218
 20
27.291
 30
0.0
 10
-35.193
 20
27.3931
 30
0.0
 10
-35.168
 20
27.4949
 30
0.0
 10
-35.1271
 20
27.6171
 30
0.0
 10
-35.0708
 20
27.7594
 30
0.0
 10
-35.0141
 20
27.9015
 30
0.0
 10
-34.9434
 20
28.0476
 30
0.0
 10
-34.8585
 20
28.1974
 30
0.0
 10
-34.7739
 20
28.3468
 30
0.0
 10
-34.6731
 20
28.4958
 30
0.0
 10
-34.5563
 20
28.6441
 30
0.0
 10
-34.5563
 20
28.6441
 30
0.0
 10
-35.3001
 20
28.6441
 30
0.0
 10
-35.3001
 20
28.6441
 30
0.0
 10
-35.3779
 20
28.6441
 30
0.0
 10
-35.436
 20
28.6582
 30
0.0
 10
-35.4744
 20
28.6866
 30
0.0
 10
-35.513
 20
28.7149
 30
0.0
 10
-35.5323
 20
28.759
 30
0.0
 10
-35.5323
 20
28.8193
 30
0.0
 10
-35.5323
 20
28.8833
 30
0.0
 10
-35.5117
 20
28.9245
 30
0.0
 10
-35.471
 20
28.9429
 30
0.0
 10
-35.4302
 20
28.9616
 30
0.0
 10
-35.3732
 20
28.9708
 30
0.0
 10
-35.3001
 20
28.9708
 30
0.0
  0
SPLINE
  5
8F
330
1F
100
AcDbEntity
  8
Layer 1
 62
   250
370
    18
100
AcDbSpline
210
0.0
220
0.0
230
1.0
 70
    11
 71
     3
 72
    38
 73
    34
 74
     0
 42
0.0000000001
 43
0.0000000001
 40
0.0
 40
0.0
 40
0.0
 40
0.0
 40
0.0909090909090909
 40
0.0909090909090909
 40
0.0909090909090909
 40
0.1818181818181818
 40
0.1818181818181818
 40
0.1818181818181818
 40
0.2727272727272727
 40
0.2727272727272727
 40
0.2727272727272727
 40
0.3636363636363636
 40
0.3636363636363636
 40
0.3636363636363636
 40
0.4545454545454546
 40
0.4545454545454546
 40
0.4545454545454546
 40
0.5454545454545454
 40
0.5454545454545454
 40
0.5454545454545454
 40
0.6363636363636364
 40
0.6363636363636364
 40
0.6363636363636364
 40
0.7272727272727273
 40
0.7272727272727273
 40
0.7272727272727273
 40
0.8181818181818182
 40
0.8181818181818182
 40
0.8181818181818182
 40
0.9090909090909092
 40
0.9090909090909092
 40
0.9090909090909092
 40
1.0
 40
1.0
 40
1.0
 40
1.0
 10
-32.3631
 20
27.9796
 30
0.0
 10
-32.3631
 20
28.1492
 30
0.0
 10
-32.3733
 20
28.2878
 30
0.0
 10
-32.3937
 20
28.3959
 30
0.0
 10
-32.414
 20
28.5039
 30
0.0
 10
-32.4484
 20
28.5854
 30
0.0
 10
-32.4966
 20
28.6407
 30
0.0
 10
-32.5448
 20
28.6958
 30
0.0
 10
-32.6115
 20
28.7234
 30
0.0
 10
-32.6968
 20
28.7234
 30
0.0
 10
-32.819
 20
28.7234
 30
0.0
 10
-32.9039
 20
28.6617
 30
0.0
 10
-32.9517
 20
28.5384
 30
0.0
 10
-32.9995
 20
28.4152
 30
0.0
 10
-33.0233
 20
28.2252
 30
0.0
 10
-33.0233
 20
27.9684
 30
0.0
 10
-33.0233
 20
27.7943
 30
0.0
 10
-33.0132
 20
27.6516
 30
0.0
 10
-32.9928
 20
27.5404
 30
0.0
 10
-32.9725
 20
27.4293
 30
0.0
 10
-32.9382
 20
27.3451
 30
0.0
 10
-32.89
 20
27.2881
 30
0.0
 10
-32.8417
 20
27.231
 30
0.0
 10
-32.7766
 20
27.2025
 30
0.0
 10
-32.694
 20
27.2025
 30
0.0
 10
-32.6087
 20
27.2025
 30
0.0
 10
-32.542
 20
27.2323
 30
0.0
 10
-32.4936
 20
27.2915
 30
0.0
 10
-32.4456
 20
27.3508
 30
0.0
 10
-32.4119
 20
27.4357
 30
0.0
 10
-32.3924
 20
27.5459
 30
0.0
 10
-32.3729
 20
27.6561
 30
0.0
 10
-32.3631
 20
27.8008
 30
0.0
 10
-32.3631
 20
27.9796
 30
0.0
  0
SPLINE
  5
90
330
1F
100
AcDbEntity
  8
Layer 1
 62
   250
370
    18
100
AcDbSpline
210
0.0
220
0.0
230
1.0
 70
    11
 71
     3
 72
    53
 73
    49
 74
     0
 42
0.0000000001
 43
0.0000000001
 40
0.0
 40
0.0
 40
0.0
 40
0.0
 40
0.0625
 40
0.0625
 40
0.0625
 40
0.125
 40
0.125
 40
0.125
 40
0.1875
 40
0.1875
 40
0.1875
 40
0.25
 40
0.25
 40
0.25
 40
0.3125
 40
0.3125
 40
0.3125
 40
0.375
 40
0.375
 40
0.375
 40
0.4375
 40
0.4375
 40
0.4375
 40
0.5
 40
0.5
 40
0.5
 40
0.5625
 40
0.5625
 40
0.5625
 40
0.625
 40
0.625
 40
0.625
 40
0.6875
 40
0.6875
 40
0.6875
 40
0.75
 40
0.75
 40
0.75
 40
0.8125
 40
0.8125
 40
0.8125
 40
0.875
 40
0.875
 40
0.875
 40
0.9375
 40
0.9375
 40
0.9375
 40
1.0
 40
1.0
 40
1.0
 40
1.0
 10
-31.9823
 20
27.9517
 30
0.0
 10
-31.9823
 20
27.7997
 30
0.0
 10
-31.9915
 20
27.6692
 30
0.0
 10
-32.0102
 20
27.5599
 30
0.0
 10
-32.0284
 20
27.4503
 30
0.0
 10
-32.0629
 20
27.3513
 30
0.0
 10
-32.1129
 20
27.2623
 30
0.0
 10
-32.1759
 20
27.153
 30
0.0
 10
-32.2576
 20
27.0688
 30
0.0
 10
-32.3576
 20
27.0094
 30
0.0
 10
-32.4575
 20
26.95
 30
0.0
 10
-32.5688
 20
26.9204
 30
0.0
 10
-32.691
 20
26.9204
 30
0.0
 10
-32.832
 20
26.9204
 30
0.0
 10
-32.9581
 20
26.9603
 30
0.0
 10
-33.07
 20
27.0398
 30
0.0
 10
-33.1815
 20
27.1196
 30
0.0
 10
-33.2657
 20
27.23
 30
0.0
 10
-33.3223
 20
27.3708
 30
0.0
 10
-33.3509
 20
27.4477
 30
0.0
 10
-33.3721
 20
27.5326
 30
0.0
 10
-33.3856
 20
27.6258
 30
0.0
 10
-33.3989
 20
27.7189
 30
0.0
 10
-33.4057
 20
27.8199
 30
0.0
 10
-33.4057
 20
27.9283
 30
0.0
 10
-33.4057
 20
28.0681
 30
0.0
 10
-33.3982
 20
28.1942
 30
0.0
 10
-33.3834
 20
28.3063
 30
0.0
 10
-33.3686
 20
28.4184
 30
0.0
 10
-33.3454
 20
28.5148
 30
0.0
 10
-33.314
 20
28.5955
 30
0.0
 10
-33.2593
 20
28.7288
 30
0.0
 10
-33.1797
 20
28.8306
 30
0.0
 10
-33.0753
 20
28.9007
 30
0.0
 10
-32.9712
 20
28.9706
 30
0.0
 10
-32.8469
 20
29.0055
 30
0.0
 10
-32.7022
 20
29.0055
 30
0.0
 10
-32.607
 20
29.0055
 30
0.0
 10
-32.5202
 20
28.9901
 30
0.0
 10
-32.4424
 20
28.9588
 30
0.0
 10
-32.3645
 20
28.9279
 30
0.0
 10
-32.2962
 20
28.8825
 30
0.0
 10
-32.2372
 20
28.8229
 30
0.0
 10
-32.1785
 20
28.7629
 30
0.0
 10
-32.1285
 20
28.6891
 30
0.0
 10
-32.0878
 20
28.601
 30
0.0
 10
-32.0175
 20
28.4482
 30
0.0
 10
-31.9823
 20
28.2317
 30
0.0
 10
-31.9823
 20
27.9517
 30
0.0
  0
SPLINE
  5
91
330
1F
100
AcDbEntity
  8
Layer 1
 62
   250
370
    18
100
AcDbSpline
210
0.0
220
0.0
230
1.0
 70
    11
 71
     3
 72
   116
 73
   112
 74
     0
 42
0.0000000001
 43
0.0000000001
 40
0.0
 40
0.0
 40
0.0
 40
0.0
 40
0.027027027027027
 40
0.027027027027027
 40
0.027027027027027
 40
0.0540540540540541
 40
0.0540540540540541
 40
0.0540540540540541
 40
0.0810810810810811
 40
0.0810810810810811
 40
0.0810810810810811
 40
0.1081081081081081
 40
0.1081081081081081
 40
0.1081081081081081
 40
0.1351351351351351
 40
0.1351351351351351
 40
0.1351351351351351
 40
0.1621621621621622
 40
0.1621621621621622
 40
0.1621621621621622
 40
0.1891891891891892
 40
0.1891891891891892
 40
0.1891891891891892
 40
0.2162162162162162
 40
0.2162162162162162
 40
0.2162162162162162
 40
0.2432432432432433
 40
0.2432432432432433
 40
0.2432432432432433
 40
0.2702702702702703
 40
0.2702702702702703
 40
0.2702702702702703
 40
0.2972972972972973
 40
0.2972972972972973
 40
0.2972972972972973
 40
0.3243243243243243
 40
0.3243243243243243
 40
0.3243243243243243
 40
0.3513513513513514
 40
0.3513513513513514
 40
0.3513513513513514
 40
0.3783783783783784
 40
0.3783783783783784
 40
0.3783783783783784
 40
0.4054054054054054
 40
0.4054054054054054
 40
0.4054054054054054
 40
0.4324324324324325
 40
0.4324324324324325
 40
0.4324324324324325
 40
0.4594594594594595
 40
0.4594594594594595
 40
0.4594594594594595
 40
0.4864864864864865
 40
0.4864864864864865
 40
0.4864864864864865
 40
0.5135135135135136
 40
0.5135135135135136
 40
0.5135135135135136
 40
0.5405405405405406
 40
0.5405405405405406
 40
0.5405405405405406
 40
0.5675675675675675
 40
0.5675675675675675
 40
0.5675675675675675
 40
0.5945945945945946
 40
0.5945945945945946
 40
0.5945945945945946
 40
0.6216216216216217
 40
0.6216216216216217
 40
0.6216216216216217
 40
0.6486486486486487
 40
0.6486486486486487
 40
0.6486486486486487
 40
0.6756756756756757
 40
0.6756756756756757
 40
0.6756756756756757
 40
0.7027027027027027
 40
0.7027027027027027
 40
0.7027027027027027
 40
0.7297297297297298
 40
0.7297297297297298
 40
0.7297297297297298
 40
0.7567567567567568
 40
0.7567567567567568
 40
0.7567567567567568
 40
0.7837837837837838
 40
0.7837837837837838
 40
0.7837837837837838
 40
0.8108108108108109
 40
0.8108108108108109
 40
0.8108108108108109
 40
0.8378378378378379
 40
0.8378378378378379
 40
0.8378378378378379
 40
0.8648648648648649
 40
0.8648648648648649
 40
0.8648648648648649
 40
0.8918918918918919
 40
0.8918918918918919
 40
0.8918918918918919
 40
0.918918918918919
 40
0.918918918918919
 40
0.918918918918919
 40
0.945945945945946
 40
0.945945945945946
 40
0.945945945945946
 40
0.972972972972973
 40
0.972972972972973
 40
0.972972972972973
 40
1.0
 40
1.0
 40
1.0
 40
1.0
 10
-30.0172
 20
28.6469
 30
0.0
 10
-30.0172
 20
28.6469
 30
0.0
 10
-30.6774
 20
28.6469
 30
0.0
 10
-30.6774
 20
28.6469
 30
0.0
 10
-30.6774
 20
28.6469
 30
0.0
 10
-30.7567
 20
28.1964
 30
0.0
 10
-30.7567
 20
28.1964
 30
0.0
 10
-30.6251
 20
28.2671
 30
0.0
 10
-30.5038
 20
28.3023
 30
0.0
 10
-30.3925
 20
28.3023
 30
0.0
 10
-30.3035
 20
28.3023
 30
0.0
 10
-30.2202
 20
28.2853
 30
0.0
 10
-30.143
 20
28.2521
 30
0.0
 10
-30.0656
 20
28.2187
 30
0.0
 10
-29.9976
 20
28.1726
 30
0.0
 10
-29.9393
 20
28.1139
 30
0.0
 10
-29.8808
 20
28.0549
 30
0.0
 10
-29.8349
 20
27.9852
 30
0.0
 10
-29.8017
 20
27.9046
 30
0.0
 10
-29.7683
 20
27.824
 30
0.0
 10
-29.7517
 20
27.7374
 30
0.0
 10
-29.7517
 20
27.6446
 30
0.0
 10
-29.7517
 20
27.5102
 30
0.0
 10
-29.7816
 20
27.388
 30
0.0
 10
-29.842
 20
27.2776
 30
0.0
 10
-29.9022
 20
27.1674
 30
0.0
 10
-29.9891
 20
27.0798
 30
0.0
 10
-30.1025
 20
27.015
 30
0.0
 10
-30.2163
 20
26.95
 30
0.0
 10
-30.347
 20
26.9177
 30
0.0
 10
-30.4952
 20
26.9177
 30
0.0
 10
-30.6613
 20
26.9177
 30
0.0
 10
-30.7959
 20
26.9481
 30
0.0
 10
-30.899
 20
27.0092
 30
0.0
 10
-31.0026
 20
27.0705
 30
0.0
 10
-31.0757
 20
27.1408
 30
0.0
 10
-31.1188
 20
27.2199
 30
0.0
 10
-31.1618
 20
27.2992
 30
0.0
 10
-31.1833
 20
27.3685
 30
0.0
 10
-31.1833
 20
27.4279
 30
0.0
 10
-31.1833
 20
27.4639
 30
0.0
 10
-31.1683
 20
27.4982
 30
0.0
 10
-31.1381
 20
27.5306
 30
0.0
 10
-31.1083
 20
27.5629
 30
0.0
 10
-31.0703
 20
27.5794
 30
0.0
 10
-31.0249
 20
27.5794
 30
0.0
 10
-30.947
 20
27.5794
 30
0.0
 10
-30.8892
 20
27.5344
 30
0.0
 10
-30.8512
 20
27.4446
 30
0.0
 10
-30.8142
 20
27.3621
 30
0.0
 10
-30.764
 20
27.2977
 30
0.0
 10
-30.7009
 20
27.2519
 30
0.0
 10
-30.6379
 20
27.206
 30
0.0
 10
-30.5674
 20
27.1831
 30
0.0
 10
-30.4898
 20
27.1831
 30
0.0
 10
-30.4184
 20
27.1831
 30
0.0
 10
-30.3559
 20
27.2017
 30
0.0
 10
-30.302
 20
27.2388
 30
0.0
 10
-30.2482
 20
27.2759
 30
0.0
 10
-30.2069
 20
27.3267
 30
0.0
 10
-30.1777
 20
27.3917
 30
0.0
 10
-30.1483
 20
27.4564
 30
0.0
 10
-30.1339
 20
27.5301
 30
0.0
 10
-30.1339
 20
27.6127
 30
0.0
 10
-30.1339
 20
27.7016
 30
0.0
 10
-30.1496
 20
27.7775
 30
0.0
 10
-30.1812
 20
27.8405
 30
0.0
 10
-30.2126
 20
27.9035
 30
0.0
 10
-30.2547
 20
27.9507
 30
0.0
 10
-30.3076
 20
27.9816
 30
0.0
 10
-30.3605
 20
28.0129
 30
0.0
 10
-30.4193
 20
28.0283
 30
0.0
 10
-30.4843
 20
28.0283
 30
0.0
 10
-30.564
 20
28.0283
 30
0.0
 10
-30.6208
 20
28.0185
 30
0.0
 10
-30.6553
 20
27.9991
 30
0.0
 10
-30.6896
 20
27.9796
 30
0.0
 10
-30.7387
 20
27.9458
 30
0.0
 10
-30.8032
 20
27.8969
 30
0.0
 10
-30.8677
 20
27.8482
 30
0.0
 10
-30.9207
 20
27.824
 30
0.0
 10
-30.9623
 20
27.824
 30
0.0
 10
-31.0077
 20
27.824
 30
0.0
 10
-31.0482
 20
27.8403
 30
0.0
 10
-31.0834
 20
27.8733
 30
0.0
 10
-31.1186
 20
27.9061
 30
0.0
 10
-31.1361
 20
27.9436
 30
0.0
 10
-31.1361
 20
27.9852
 30
0.0
 10
-31.1361
 20
27.99
 30
0.0
 10
-31.131
 20
28.0214
 30
0.0
 10
-31.1207
 20
28.0798
 30
0.0
 10
-31.1207
 20
28.0798
 30
0.0
 10
-31.0041
 20
28.7456
 30
0.0
 10
-31.0041
 20
28.7456
 30
0.0
 10
-30.9912
 20
28.8253
 30
0.0
 10
-30.9672
 20
28.8834
 30
0.0
 10
-30.9319
 20
28.9194
 30
0.0
 10
-30.8967
 20
28.9554
 30
0.0
 10
-30.8392
 20
28.9734
 30
0.0
 10
-30.7595
 20
28.9734
 30
0.0
 10
-30.7595
 20
28.9734
 30
0.0
 10
-30.0255
 20
28.9734
 30
0.0
 10
-30.0255
 20
28.9734
 30
0.0
 10
-29.8808
 20
28.9734
 30
0.0
 10
-29.8085
 20
28.9186
 30
0.0
 10
-29.8085
 20
28.8082
 30
0.0
 10
-29.8085
 20
28.7599
 30
0.0
 10
-29.8262
 20
28.7211
 30
0.0
 10
-29.8613
 20
28.6914
 30
0.0
 10
-29.8967
 20
28.6615
 30
0.0
 10
-29.9485
 20
28.6469
 30
0.0
 10
-30.0172
 20
28.6469
 30
0.0
  0
SPLINE
  5
92
330
1F
100
AcDbEntity
  8
Layer 1
 62
   250
370
    18
100
AcDbSpline
210
0.0
220
0.0
230
1.0
 70
    11
 71
     3
 72
    29
 73
    25
 74
     0
 42
0.0000000001
 43
0.0000000001
 40
0.0
 40
0.0
 40
0.0
 40
0.0
 40
0.125
 40
0.125
 40
0.125
 40
0.25
 40
0.25
 40
0.25
 40
0.375
 40
0.375
 40
0.375
 40
0.5
 40
0.5
 40
0.5
 40
0.625
 40
0.625
 40
0.625
 40
0.75
 40
0.75
 40
0.75
 40
0.875
 40
0.875
 40
0.875
 40
1.0
 40
1.0
 40
1.0
 40
1.0
 10
-53.5044
 20
54.9176
 30
0.0
 10
-53.5044
 20
54.9176
 30
0.0
 10
-29.5044
 20
54.9176
 30
0.0
 10
-29.5044
 20
54.9176
 30
0.0
 10
-27.8521
 20
54.9176
 30
0.0
 10
-26.5044
 20
53.5699
 30
0.0
 10
-26.5044
 20
51.9176
 30
0.0
 10
-26.5044
 20
51.9176
 30
0.0
 10
-26.5044
 20
27.9176
 30
0.0
 10
-26.5044
 20
27.9176
 30
0.0
 10
-26.5044
 20
26.2653
 30
0.0
 10
-27.8521
 20
24.9176
 30
0.0
 10
-29.5044
 20
24.9176
 30
0.0
 10
-29.5044
 20
24.9176
 30
0.0
 10
-53.5044
 20
24.9176
 30
0.0
 10
-53.5044
 20
24.9176
 30
0.0
 10
-55.1567
 20
24.9176
 30
0.0
 10
-56.5044
 20
26.2653
 30
0.0
 10
-56.5044
 20
27.9176
 30
0.0
 10
-56.5044
 20
27.9176
 30
0.0
 10
-56.5044
 20
51.9176
 30
0.0
 10
-56.5044
 20
51.9176
 30
0.0
 10
-56.5044
 20
53.5699
 30
0.0
 10
-55.1567
 20
54.9176
 30
0.0
 10
-53.5044
 20
54.9176
 30
0.0
  0
ENDSEC
  0
SECTION
  2
OBJECTS
  0
DICTIONARY
  5
C
330
0
100
AcDbDictionary
281
     1
  3
ACAD_DETAILVIEWSTYLE
350
9A
  3
ACAD_GROUP
350
D
  3
ACAD_LAYOUT
350
1A
  3
ACAD_MATERIAL
350
43
  3
ACAD_MLEADERSTYLE
350
5B
  3
ACAD_MLINESTYLE
350
17
  3
ACAD_PLOTSETTINGS
350
19
  3
ACAD_PLOTSTYLENAME
350
E
  3
ACAD_SCALELIST
350
47
  3
ACAD_SECTIONVIEWSTYLE
350
9B
  3
ACAD_TABLESTYLE
350
59
  3
ACAD_VISUALSTYLE
350
2A
  3
ACDB_RECOMPOSE_DATA
350
97
  3
AcDbVariableDictionary
350
93
  0
SUN
  5
5D
330
29
100
AcDbSun
 90
        1
290
     0
 63
     7
421
 16777215
 40
1.0
291
     1
 91
  2455826
 92
 54000000
292
     0
 70
     2
 71
   256
280
     1
  0
DICTIONARY
  5
9A
102
{ACAD_REACTORS
330
C
102
}
330
C
100
AcDbDictionary
281
     1
  0
DICTIONARY
  5
D
102
{ACAD_REACTORS
330
C
102
}
330
C
100
AcDbDictionary
281
     1
  0
DICTIONARY
  5
1A
102
{ACAD_REACTORS
330
C
102
}
330
C
100
AcDbDictionary
281
     1
  3
Layout1
350
1E
  3
Layout2
350
26
  3
Model
350
22
  0
DICTIONARY
  5
43
102
{ACAD_REACTORS
330
C
102
}
330
C
100
AcDbDictionary
281
     1
  3
ByBlock
350
45
  3
ByLayer
350
44
  3
Global
350
46
  0
DICTIONARY
  5
5B
102
{ACAD_REACTORS
330
C
102
}
330
C
100
AcDbDictionary
281
     1
  3
Standard
350
5C
  0
DICTIONARY
  5
17
102
{ACAD_REACTORS
330
C
102
}
330
C
100
AcDbDictionary
281
     1
  3
Standard
350
18
  0
DICTIONARY
  5
19
102
{ACAD_REACTORS
330
C
102
}
330
C
100
AcDbDictionary
281
     1
  0
ACDBDICTIONARYWDFLT
  5
E
102
{ACAD_REACTORS
330
C
102
}
330
C
100
AcDbDictionary
281
     1
  3
Normal
350
F
100
AcDbDictionaryWithDefault
340
F
  0
DICTIONARY
  5
47
102
{ACAD_REACTORS
330
C
102
}
330
C
100
AcDbDictionary
281
     1
  3
A0
350
48
  3
A1
350
49
  3
A2
350
4A
  3
A3
350
4B
  3
A4
350
4C
  3
A5
350
4D
  3
A6
350
4E
  3
A7
350
4F
  3
A8
350
50
  3
A9
350
51
  3
B1
350
52
  3
B2
350
53
  3
B3
350
54
  3
B4
350
55
  3
B5
350
56
  3
B6
350
57
  3
B7
350
58
  0
DICTIONARY
  5
9B
102
{ACAD_REACTORS
330
C
102
}
330
C
100
AcDbDictionary
281
     1
  0
DICTIONARY
  5
59
102
{ACAD_REACTORS
330
C
102
}
330
C
100
AcDbDictionary
281
     1
  3
Standard
350
5A
  0
DICTIONARY
  5
2A
102
{ACAD_REACTORS
330
C
102
}
330
C
100
AcDbDictionary
281
     1
  3
2dWireframe
350
2F
  3
Basic
350
32
  3
Brighten
350
36
  3
ColorChange
350
3A
  3
Conceptual
350
34
  3
Dim
350
35
  3
EdgeColorOff
350
3D
  3
Facepattern
350
39
  3
Flat
350
2B
  3
FlatWithEdges
350
2C
  3
Gouraud
350
2D
  3
GouraudWithEdges
350
2E
  3
Hidden
350
31
  3
JitterOff
350
3B
  3
Linepattern
350
38
  3
OverhangOff
350
3C
  3
Realistic
350
33
  3
Shaded
350
42
  3
Shaded with edges
350
41
  3
Shades of Gray
350
3E
  3
Sketchy
350
3F
  3
Thicken
350
37
  3
Wireframe
350
30
  3
X-Ray
350
40
  0
XRECORD
  5
97
102
{ACAD_REACTORS
330
C
102
}
330
C
100
AcDbXrecord
280
     1
 90
        1
330
5A
  0
DICTIONARY
  5
93
102
{ACAD_REACTORS
330
C
102
}
330
C
100
AcDbDictionary
281
     1
  3
CANNOSCALE
350
94
  3
CMLEADERSTYLE
350
99
  3
CTABLESTYLE
350
98
  0
LAYOUT
  5
1E
102
{ACAD_REACTORS
330
1A
102
}
330
1A
100
AcDbPlotSettings
  1

  2
none_device
  4

  6

 40
0.0
 41
0.0
 42
0.0
 43
0.0
 44
0.0
 45
0.0
 46
0.0
 47
0.0
 48
0.0
 49
0.0
140
0.0
141
0.0
142
1.0
143
1.0
 70
   688
 72
     0
 73
     0
 74
     5
  7

 75
    16
 76
     0
 77
     2
 78
   300
147
1.0
148
0.0
149
0.0
100
AcDbLayout
  1
Layout1
 70
     1
 71
     1
 10
0.0
 20
0.0
 11
12.0
 21
9.0
 12
0.0
 22
0.0
 32
0.0
 14
1.000000000000000E+20
 24
1.000000000000000E+20
 34
1.000000000000000E+20
 15
-1.000000000000000E+20
 25
-1.000000000000000E+20
 35
-1.000000000000000E+20
146
0.0
 13
0.0
 23
0.0
 33
0.0
 16
1.0
 26
0.0
 36
0.0
 17
0.0
 27
1.0
 37
0.0
 76
     0
330
1B
  0
LAYOUT
  5
26
102
{ACAD_REACTORS
330
1A
102
}
330
1A
100
AcDbPlotSettings
  1

  2
none_device
  4

  6

 40
0.0
 41
0.0
 42
0.0
 43
0.0
 44
0.0
 45
0.0
 46
0.0
 47
0.0
 48
0.0
 49
0.0
140
0.0
141
0.0
142
1.0
143
1.0
 70
   688
 72
     0
 73
     0
 74
     5
  7

 75
    16
 76
     0
 77
     2
 78
   300
147
1.0
148
0.0
149
0.0
100
AcDbLayout
  1
Layout2
 70
     1
 71
     2
 10
0.0
 20
0.0
 11
0.0
 21
0.0
 12
0.0
 22
0.0
 32
0.0
 14
0.0
 24
0.0
 34
0.0
 15
0.0
 25
0.0
 35
0.0
146
0.0
 13
0.0
 23
0.0
 33
0.0
 16
1.0
 26
0.0
 36
0.0
 17
0.0
 27
1.0
 37
0.0
 76
     0
330
23
  0
LAYOUT
  5
22
102
{ACAD_REACTORS
330
1A
102
}
330
1A
100
AcDbPlotSettings
  1

  2
none_device
  4
Letter_(8.50_x_11.00_Inches)
  6

 40
6.35
 41
6.35
 42
6.35000508
 43
6.35000508
 44
215.9
 45
279.4
 46
0.0
 47
0.0
 48
0.0
 49
0.0
140
0.0
141
0.0
142
1.0
143
1.0
 70
  1712
 72
     0
 73
     0
 74
     0
  7

 75
     0
 76
     0
 77
     2
 78
   300
147
1.0
148
0.0
149
0.0
100
AcDbLayout
  1
Model
 70
     1
 71
     0
 10
0.0
 20
0.0
 11
12.0
 21
9.0
 12
0.0
 22
0.0
 32
0.0
 14
-56.5926
 24
24.8294
 34
0.0
 15
-26.4162
 25
55.0058
 35
0.0
146
0.0
 13
0.0
 23
0.0
 33
0.0
 16
1.0
 26
0.0
 36
0.0
 17
0.0
 27
1.0
 37
0.0
 76
     0
330
1F
331
29
  0
MATERIAL
  5
45
102
{ACAD_REACTORS
330
43
102
}
330
43
100
AcDbMaterial
  1
ByBlock
 72
     1
 94
      127
  0
MATERIAL
  5
44
102
{ACAD_REACTORS
330
43
102
}
330
43
100
AcDbMaterial
  1
ByLayer
 72
     1
 94
      127
  0
MATERIAL
  5
46
102
{ACAD_REACTORS
330
43
102
}
330
43
100
AcDbMaterial
  1
Global
 72
     1
 94
      127
  0
MLEADERSTYLE
  5
5C
102
{ACAD_REACTORS
330
5B
102
}
330
5B
100
AcDbMLeaderStyle
179
     2
170
     2
171
     1
172
     0
 90
        2
 40
0.0
 41
0.0
173
     1
 91
-1056964608
340
14
 92
       -2
290
     1
 42
0.09
291
     1
 43
0.36
  3
Standard
341
0
 44
0.18
300

342
11
174
     1
178
     6
175
     1
176
     0
 93
-1056964608
 45
0.18
292
     0
297
     0
 46
0.18
343
0
 94
-1056964608
 47
1.0
 49
1.0
140
1.0
293
     1
141
0.0
294
     1
177
     0
142
1.0
295
     0
296
     0
143
0.125
271
     0
272
     9
273
     9
298
     0
  0
MLINESTYLE
  5
18
102
{ACAD_REACTORS
330
17
102
}
330
17
100
AcDbMlineStyle
  2
Standard
 70
     0
  3

 62
   256
 51
90.0
 52
90.0
 71
     2
 49
0.5
 62
   256
  6
BYLAYER
 49
-0.5
 62
   256
  6
BYLAYER
  0
ACDBPLACEHOLDER
  5
F
102
{ACAD_REACTORS
330
E
102
}
330
E
  0
SCALE
  5
48
102
{ACAD_REACTORS
330
47
102
}
330
47
100
AcDbScale
 70
     0
300
1:1
140
1.0
141
1.0
290
     1
  0
SCALE
  5
49
102
{ACAD_REACTORS
330
47
102
}
330
47
100
AcDbScale
 70
     0
300
1/128" = 1'-0"
140
0.0078125
141
12.0
290
     0
  0
SCALE
  5
4A
102
{ACAD_REACTORS
330
47
102
}
330
47
100
AcDbScale
 70
     0
300
1/64" = 1'-0"
140
0.015625
141
12.0
290
     0
  0
SCALE
  5
4B
102
{ACAD_REACTORS
330
47
102
}
330
47
100
AcDbScale
 70
     0
300
1/32" = 1'-0"
140
0.03125
141
12.0
290
     0
  0
SCALE
  5
4C
102
{ACAD_REACTORS
330
47
102
}
330
47
100
AcDbScale
 70
     0
300
1/16" = 1'-0"
140
0.0625
141
12.0
290
     0
  0
SCALE
  5
4D
102
{ACAD_REACTORS
330
47
102
}
330
47
100
AcDbScale
 70
     0
300
3/32" = 1'-0"
140
0.09375
141
12.0
290
     0
  0
SCALE
  5
4E
102
{ACAD_REACTORS
330
47
102
}
330
47
100
AcDbScale
 70
     0
300
1/8" = 1'-0"
140
0.125
141
12.0
290
     0
  0
SCALE
  5
4F
102
{ACAD_REACTORS
330
47
102
}
330
47
100
AcDbScale
 70
     0
300
3/16" = 1'-0"
140
0.1875
141
12.0
290
     0
  0
SCALE
  5
50
102
{ACAD_REACTORS
330
47
102
}
330
47
100
AcDbScale
 70
     0
300
1/4" = 1'-0"
140
0.25
141
12.0
290
     0
  0
SCALE
  5
51
102
{ACAD_REACTORS
330
47
102
}
330
47
100
AcDbScale
 70
     0
300
3/8" = 1'-0"
140
0.375
141
12.0
290
     0
  0
SCALE
  5
52
102
{ACAD_REACTORS
330
47
102
}
330
47
100
AcDbScale
 70
     0
300
1/2" = 1'-0"
140
0.5
141
12.0
290
     0
  0
SCALE
  5
53
102
{ACAD_REACTORS
330
47
102
}
330
47
100
AcDbScale
 70
     0
300
3/4" = 1'-0"
140
0.75
141
12.0
290
     0
  0
SCALE
  5
54
102
{ACAD_REACTORS
330
47
102
}
330
47
100
AcDbScale
 70
     0
300
1" = 1'-0"
140
1.0
141
12.0
290
     0
  0
SCALE
  5
55
102
{ACAD_REACTORS
330
47
102
}
330
47
100
AcDbScale
 70
     0
300
1-1/2" = 1'-0"
140
1.5
141
12.0
290
     0
  0
SCALE
  5
56
102
{ACAD_REACTORS
330
47
102
}
330
47
100
AcDbScale
 70
     0
300
3" = 1'-0"
140
3.0
141
12.0
290
     0
  0
SCALE
  5
57
102
{ACAD_REACTORS
330
47
102
}
330
47
100
AcDbScale
 70
     0
300
6" = 1'-0"
140
6.0
141
12.0
290
     0
  0
SCALE
  5
58
102
{ACAD_REACTORS
330
47
102
}
330
47
100
AcDbScale
 70
     0
300
1'-0" = 1'-0"
140
12.0
141
12.0
290
     0
  0
TABLESTYLE
  5
5A
102
{ACAD_REACTORS
330
59
102
}
102
{ACAD_XDICTIONARY
360
95
102
}
330
59
100
AcDbTableStyle
  3
Standard
 70
     0
 71
     0
 40
0.06
 41
0.06
280
     0
281
     0
  7
Standard
140
0.18
170
     2
 62
     0
 63
   257
283
     0
 90
        4
 91
        0
  1

274
    -2
284
     1
 64
     0
275
    -2
285
     1
 65
     0
276
    -2
286
     1
 66
     0
277
    -2
287
     1
 67
     0
278
    -2
288
     1
 68
     0
279
    -2
289
     1
 69
     0
  7
Standard
140
0.25
170
     5
 62
     0
 63
   257
283
     0
 90
        4
 91
        0
  1

274
    -2
284
     1
 64
     0
275
    -2
285
     1
 65
     0
276
    -2
286
     1
 66
     0
277
    -2
287
     1
 67
     0
278
    -2
288
     1
 68
     0
279
    -2
289
     1
 69
     0
  7
Standard
140
0.18
170
     5
 62
     0
 63
   257
283
     0
 90
        4
 91
        0
  1

274
    -2
284
     1
 64
     0
275
    -2
285
     1
 65
     0
276
    -2
286
     1
 66
     0
277
    -2
287
     1
 67
     0
278
    -2
288
     1
 68
     0
279
    -2
289
     1
 69
     0
  0
VISUALSTYLE
  5
2F
102
{ACAD_REACTORS
330
2A
102
}
330
2A
100
AcDbVisualStyle
  2
2dWireframe
 70
     4
177
     3
291
     0
 70
    58
 90
        0
176
     1
 90
        2
176
     1
 90
        0
176
     1
 90
        0
176
     1
 40
0.6
176
     1
 40
30.0
176
     1
 62
     7
420
 16777215
176
     1
 90
        1
176
     1
 90
        4
176
     1
 62
     7
176
     1
 62
   257
176
     1
 90
        1
176
     1
 90
        1
176
     1
 40
1.0
176
     1
 90
        0
176
     1
 62
   257
176
     1
 40
1.0
176
     1
 90
        1
176
     1
 90
        6
176
     1
 90
        2
176
     1
 62
     7
176
     1
 90
        5
176
     1
 90
        0
176
     1
 90
        0
176
     1
290
     0
176
     1
 90
        1
176
     1
 40
0.0
176
     1
 90
        0
176
     1
290
     1
176
     1
290
     1
176
     1
290
     0
176
     1
290
     0
176
     1
290
     0
176
     1
290
     0
176
     1
290
     0
176
     1
290
     0
176
     1
290
     0
176
     1
 90
       50
176
     1
 40
0.0
176
     1
 40
1.0
176
     1
 90
        0
176
     1
 62
    18
420
        0
176
     1
 90
       50
176
     1
 90
        3
176
     1
 62
     5
420
      255
176
     1
290
     0
176
     1
 90
       50
176
     1
 90
       50
176
     1
 90
       50
176
     1
290
     0
176
     1
 90
       50
176
     1
 62
   256
176
     0
 40
1.0
176
     0
 90
        2
176
     1
  1
strokes_ogs.tif
176
     1
290
     0
176
     1
 40
1.0
176
     1
 40
1.0
176
     1
  0
VISUALSTYLE
  5
32
102
{ACAD_REACTORS
330
2A
102
}
330
2A
100
AcDbVisualStyle
  2
Basic
 70
     7
177
     3
291
     1
 70
    58
 90
        1
176
     1
 90
        0
176
     1
 90
        1
176
     1
 90
        0
176
     1
 40
0.6
176
     1
 40
30.0
176
     1
 62
     7
420
 16777215
176
     1
 90
        0
176
     1
 90
        4
176
     1
 62
     7
176
     1
 62
   257
176
     1
 90
        1
176
     1
 90
        1
176
     1
 40
1.0
176
     1
 90
        8
176
     1
 62
     7
176
     1
 40
1.0
176
     1
 90
        1
176
     1
 90
        6
176
     1
 90
        2
176
     1
 62
     7
176
     1
 90
        5
176
     1
 90
        0
176
     1
 90
        0
176
     1
290
     0
176
     1
 90
        1
176
     1
 40
0.0
176
     1
 90
        0
176
     1
290
     0
176
     1
290
     1
176
     1
290
     1
176
     1
290
     0
176
     1
290
     0
176
     1
290
     0
176
     1
290
     0
176
     1
290
     0
176
     1
290
     0
176
     1
 90
       50
176
     1
 40
0.0
176
     1
 40
1.0
176
     1
 90
        0
176
     1
 62
    18
420
        0
176
     1
 90
       50
176
     1
 90
        3
176
     1
 62
     5
420
      255
176
     1
290
     0
176
     1
 90
       50
176
     1
 90
       50
176
     1
 90
       50
176
     1
290
     0
176
     1
 90
       50
176
     1
 62
   256
176
     0
 40
1.0
176
     0
 90
        2
176
     1
  1
strokes_ogs.tif
176
     1
290
     0
176
     1
 40
1.0
176
     1
 40
1.0
176
     1
  0
VISUALSTYLE
  5
36
102
{ACAD_REACTORS
330
2A
102
}
330
2A
100
AcDbVisualStyle
  2
Brighten
 70
    12
177
     3
291
     1
 70
    58
 90
        2
176
     1
 90
        2
176
     1
 90
        0
176
     1
 90
        0
176
     1
 40
0.6
176
     1
 40
30.0
176
     1
 62
     7
420
 16777215
176
     1
 90
        1
176
     1
 90
        4
176
     1
 62
     7
176
     1
 62
   257
176
     1
 90
        1
176
     1
 90
        1
176
     1
 40
1.0
176
     1
 90
        8
176
     1
 62
     7
176
     1
 40
1.0
176
     1
 90
        1
176
     1
 90
        6
176
     1
 90
        2
176
     1
 62
     7
176
     1
 90
        5
176
     1
 90
        0
176
     1
 90
        0
176
     1
290
     0
176
     1
 90
        1
176
     1
 40
50.0
176
     1
 90
        0
176
     1
290
     0
176
     1
290
     1
176
     1
290
     1
176
     1
290
     0
176
     1
290
     0
176
     1
290
     0
176
     1
290
     0
176
     1
290
     0
176
     1
290
     0
176
     1
 90
       50
176
     1
 40
0.0
176
     1
 40
1.0
176
     1
 90
        0
176
     1
 62
    18
420
        0
176
     1
 90
       50
176
     1
 90
        3
176
     1
 62
     5
420
      255
176
     1
290
     0
176
     1
 90
       50
176
     1
 90
       50
176
     1
 90
       50
176
     1
290
     0
176
     1
 90
       50
176
     1
 62
   256
176
     0
 40
1.0
176
     0
 90
        2
176
     1
  1
strokes_ogs.tif
176
     1
290
     0
176
     1
 40
1.0
176
     1
 40
1.0
176
     1
  0
VISUALSTYLE
  5
3A
102
{ACAD_REACTORS
330
2A
102
}
330
2A
100
AcDbVisualStyle
  2
ColorChange
 70
    16
177
     3
291
     1
 70
    58
 90
        2
176
     1
 90
        2
176
     1
 90
        3
176
     1
 90
        0
176
     1
 40
0.6
176
     1
 40
30.0
176
     1
 62
     8
420
  8421504
176
     1
 90
        1
176
     1
 90
        4
176
     1
 62
     7
176
     1
 62
   257
176
     1
 90
        1
176
     1
 90
        1
176
     1
 40
1.0
176
     1
 90
        8
176
     1
 62
     8
420
  8421504
176
     1
 40
1.0
176
     1
 90
        1
176
     1
 90
        6
176
     1
 90
        2
176
     1
 62
     7
176
     1
 90
        5
176
     1
 90
        0
176
     1
 90
        0
176
     1
290
     0
176
     1
 90
        1
176
     1
 40
0.0
176
     1
 90
        0
176
     1
290
     0
176
     1
290
     1
176
     1
290
     1
176
     1
290
     0
176
     1
290
     0
176
     1
290
     0
176
     1
290
     0
176
     1
290
     0
176
     1
290
     0
176
     1
 90
       50
176
     1
 40
0.0
176
     1
 40
1.0
176
     1
 90
        0
176
     1
 62
    18
420
        0
176
     1
 90
       50
176
     1
 90
        3
176
     1
 62
     5
420
      255
176
     1
290
     0
176
     1
 90
       50
176
     1
 90
       50
176
     1
 90
       50
176
     1
290
     0
176
     1
 90
       50
176
     1
 62
   256
176
     0
 40
1.0
176
     0
 90
        2
176
     1
  1
strokes_ogs.tif
176
     1
290
     0
176
     1
 40
1.0
176
     1
 40
1.0
176
     1
  0
VISUALSTYLE
  5
34
102
{ACAD_REACTORS
330
2A
102
}
330
2A
100
AcDbVisualStyle
  2
Conceptual
 70
     9
177
     3
291
     0
 70
    58
 90
        3
176
     1
 90
        2
176
     1
 90
        0
176
     1
 90
        0
176
     1
 40
0.6
176
     1
 40
30.0
176
     1
 62
     7
420
 16777215
176
     1
 90
        2
176
     1
 90
        2
176
     1
 62
     7
176
     1
 62
   257
176
     1
 90
        1
176
     1
 90
        1
176
     1
 40
179.0
176
     1
 90
        8
176
     1
 62
     7
176
     1
 40
1.0
176
     1
 90
        1
176
     1
 90
        6
176
     1
 90
        2
176
     1
 62
     7
176
     1
 90
        3
176
     1
 90
        0
176
     1
 90
        0
176
     1
290
     0
176
     1
 90
        1
176
     1
 40
0.0
176
     1
 90
        0
176
     1
290
     0
176
     1
290
     1
176
     1
290
     1
176
     1
290
     0
176
     1
290
     0
176
     1
290
     0
176
     1
290
     0
176
     1
290
     0
176
     1
290
     0
176
     1
 90
       50
176
     1
 40
0.0
176
     1
 40
1.0
176
     1
 90
        0
176
     1
 62
    18
420
        0
176
     1
 90
       50
176
     1
 90
        3
176
     1
 62
     5
420
      255
176
     1
290
     0
176
     1
 90
       50
176
     1
 90
       50
176
     1
 90
       50
176
     1
290
     0
176
     1
 90
       50
176
     1
 62
   256
176
     0
 40
1.0
176
     0
 90
        2
176
     1
  1
strokes_ogs.tif
176
     1
290
     0
176
     1
 40
1.0
176
     1
 40
1.0
176
     1
  0
VISUALSTYLE
  5
35
102
{ACAD_REACTORS
330
2A
102
}
330
2A
100
AcDbVisualStyle
  2
Dim
 70
    11
177
     3
291
     1
 70
    58
 90
        2
176
     1
 90
        2
176
     1
 90
        0
176
     1
 90
        0
176
     1
 40
0.6
176
     1
 40
30.0
176
     1
 62
     7
420
 16777215
176
     1
 90
        1
176
     1
 90
        4
176
     1
 62
     7
176
     1
 62
   257
176
     1
 90
        1
176
     1
 90
        1
176
     1
 40
1.0
176
     1
 90
        8
176
     1
 62
     7
176
     1
 40
1.0
176
     1
 90
        1
176
     1
 90
        6
176
     1
 90
        2
176
     1
 62
     7
176
     1
 90
        5
176
     1
 90
        0
176
     1
 90
        0
176
     1
290
     0
176
     1
 90
        1
176
     1
 40
-50.0
176
     1
 90
        0
176
     1
290
     0
176
     1
290
     1
176
     1
290
     1
176
     1
290
     0
176
     1
290
     0
176
     1
290
     0
176
     1
290
     0
176
     1
290
     0
176
     1
290
     0
176
     1
 90
       50
176
     1
 40
0.0
176
     1
 40
1.0
176
     1
 90
        0
176
     1
 62
    18
420
        0
176
     1
 90
       50
176
     1
 90
        3
176
     1
 62
     5
420
      255
176
     1
290
     0
176
     1
 90
       50
176
     1
 90
       50
176
     1
 90
       50
176
     1
290
     0
176
     1
 90
       50
176
     1
 62
   256
176
     0
 40
1.0
176
     0
 90
        2
176
     1
  1
strokes_ogs.tif
176
     1
290
     0
176
     1
 40
1.0
176
     1
 40
1.0
176
     1
  0
VISUALSTYLE
  5
3D
102
{ACAD_REACTORS
330
2A
102
}
330
2A
100
AcDbVisualStyle
  2
EdgeColorOff
 70
    22
177
     3
291
     1
 70
    58
 90
        2
176
     0
 90
        2
176
     0
 90
        0
176
     0
 90
        0
176
     0
 40
0.6
176
     0
 40
30.0
176
     0
 62
     7
420
 16777215
176
     0
 90
        1
176
     0
 90
        4
176
     0
 62
     7
176
     0
 62
   257
176
     0
 90
        1
176
     0
 90
        1
176
     0
 40
1.0
176
     0
 90
        8
176
     2
 62
     7
176
     0
 40
1.0
176
     0
 90
        1
176
     0
 90
        6
176
     0
 90
        2
176
     0
 62
     7
176
     0
 90
        5
176
     0
 90
        0
176
     0
 90
        0
176
     0
290
     0
176
     0
 90
        1
176
     0
 40
0.0
176
     0
 90
        0
176
     0
290
     0
176
     0
290
     1
176
     0
290
     1
176
     0
290
     0
176
     0
290
     0
176
     0
290
     0
176
     0
290
     0
176
     0
290
     0
176
     0
290
     0
176
     0
 90
       50
176
     0
 40
0.0
176
     0
 40
1.0
176
     0
 90
        0
176
     0
 62
    18
420
        0
176
     0
 90
       50
176
     0
 90
        3
176
     0
 62
     5
420
      255
176
     0
290
     0
176
     0
 90
       50
176
     0
 90
       50
176
     0
 90
       50
176
     0
290
     0
176
     0
 90
       50
176
     0
 62
   256
176
     0
 40
1.0
176
     0
 90
        2
176
     0
  1
strokes_ogs.tif
176
     0
290
     0
176
     0
 40
1.0
176
     0
 40
1.0
176
     0
  0
VISUALSTYLE
  5
39
102
{ACAD_REACTORS
330
2A
102
}
330
2A
100
AcDbVisualStyle
  2
Facepattern
 70
    15
177
     3
291
     1
 70
    58
 90
        2
176
     1
 90
        2
176
     1
 90
        0
176
     1
 90
        0
176
     1
 40
0.6
176
     1
 40
30.0
176
     1
 62
     7
420
 16777215
176
     1
 90
        1
176
     1
 90
        4
176
     1
 62
     7
176
     1
 62
   257
176
     1
 90
        1
176
     1
 90
        1
176
     1
 40
1.0
176
     1
 90
        8
176
     1
 62
     7
176
     1
 40
1.0
176
     1
 90
        1
176
     1
 90
        6
176
     1
 90
        2
176
     1
 62
     7
176
     1
 90
        5
176
     1
 90
        0
176
     1
 90
        0
176
     1
290
     0
176
     1
 90
        1
176
     1
 40
0.0
176
     1
 90
        0
176
     1
290
     0
176
     1
290
     1
176
     1
290
     1
176
     1
290
     0
176
     1
290
     0
176
     1
290
     0
176
     1
290
     0
176
     1
290
     0
176
     1
290
     0
176
     1
 90
       50
176
     1
 40
0.0
176
     1
 40
1.0
176
     1
 90
        0
176
     1
 62
    18
420
        0
176
     1
 90
       50
176
     1
 90
        3
176
     1
 62
     5
420
      255
176
     1
290
     0
176
     1
 90
       50
176
     1
 90
       50
176
     1
 90
       50
176
     1
290
     0
176
     1
 90
       50
176
     1
 62
   256
176
     0
 40
1.0
176
     0
 90
        2
176
     1
  1
strokes_ogs.tif
176
     1
290
     0
176
     1
 40
1.0
176
     1
 40
1.0
176
     1
  0
VISUALSTYLE
  5
2B
102
{ACAD_REACTORS
330
2A
102
}
330
2A
100
AcDbVisualStyle
  2
Flat
 70
     0
177
     3
291
     1
 70
    58
 90
        2
176
     1
 90
        1
176
     1
 90
        1
176
     1
 90
        2
176
     1
 40
0.6
176
     1
 40
30.0
176
     1
 62
     7
420
 16777215
176
     1
 90
        0
176
     1
 90
        0
176
     1
 62
     7
176
     1
 62
   257
176
     1
 90
        1
176
     1
 90
        1
176
     1
 40
1.0
176
     1
 90
        8
176
     1
 62
     7
176
     1
 40
1.0
176
     1
 90
        1
176
     1
 90
        6
176
     1
 90
        2
176
     1
 62
     7
176
     1
 90
        5
176
     1
 90
        0
176
     1
 90
        0
176
     1
290
     0
176
     1
 90
       13
176
     1
 40
0.0
176
     1
 90
        0
176
     1
290
     0
176
     1
290
     1
176
     1
290
     1
176
     1
290
     0
176
     1
290
     0
176
     1
290
     0
176
     1
290
     0
176
     1
290
     0
176
     1
290
     0
176
     1
 90
       50
176
     1
 40
0.0
176
     1
 40
1.0
176
     1
 90
        0
176
     1
 62
    18
420
        0
176
     1
 90
       50
176
     1
 90
        3
176
     1
 62
     5
420
      255
176
     1
290
     0
176
     1
 90
       50
176
     1
 90
       50
176
     1
 90
       50
176
     1
290
     0
176
     1
 90
       50
176
     1
 62
   256
176
     0
 40
1.0
176
     0
 90
        2
176
     1
  1
strokes_ogs.tif
176
     1
290
     0
176
     1
 40
1.0
176
     1
 40
1.0
176
     1
  0
VISUALSTYLE
  5
2C
102
{ACAD_REACTORS
330
2A
102
}
330
2A
100
AcDbVisualStyle
  2
FlatWithEdges
 70
     1
177
     3
291
     1
 70
    58
 90
        2
176
     1
 90
        1
176
     1
 90
        1
176
     1
 90
        2
176
     1
 40
0.6
176
     1
 40
30.0
176
     1
 62
     7
420
 16777215
176
     1
 90
        1
176
     1
 90
        0
176
     1
 62
     7
176
     1
 62
   257
176
     1
 90
        1
176
     1
 90
        1
176
     1
 40
1.0
176
     1
 90
        0
176
     1
 62
   257
176
     1
 40
1.0
176
     1
 90
        1
176
     1
 90
        6
176
     1
 90
        2
176
     1
 62
     7
176
     1
 90
        5
176
     1
 90
        0
176
     1
 90
        0
176
     1
290
     0
176
     1
 90
       13
176
     1
 40
0.0
176
     1
 90
        0
176
     1
290
     0
176
     1
290
     1
176
     1
290
     1
176
     1
290
     0
176
     1
290
     0
176
     1
290
     0
176
     1
290
     0
176
     1
290
     0
176
     1
290
     0
176
     1
 90
       50
176
     1
 40
0.0
176
     1
 40
1.0
176
     1
 90
        0
176
     1
 62
    18
420
        0
176
     1
 90
       50
176
     1
 90
        3
176
     1
 62
     5
420
      255
176
     1
290
     0
176
     1
 90
       50
176
     1
 90
       50
176
     1
 90
       50
176
     1
290
     0
176
     1
 90
       50
176
     1
 62
   256
176
     0
 40
1.0
176
     0
 90
        2
176
     1
  1
strokes_ogs.tif
176
     1
290
     0
176
     1
 40
1.0
176
     1
 40
1.0
176
     1
  0
VISUALSTYLE
  5
2D
102
{ACAD_REACTORS
330
2A
102
}
330
2A
100
AcDbVisualStyle
  2
Gouraud
 70
     2
177
     3
291
     1
 70
    58
 90
        2
176
     1
 90
        2
176
     1
 90
        1
176
     1
 90
        2
176
     1
 40
0.6
176
     1
 40
30.0
176
     1
 62
     7
420
 16777215
176
     1
 90
        0
176
     1
 90
        0
176
     1
 62
     7
176
     1
 62
   257
176
     1
 90
        1
176
     1
 90
        1
176
     1
 40
1.0
176
     1
 90
        0
176
     1
 62
     7
176
     1
 40
1.0
176
     1
 90
        1
176
     1
 90
        6
176
     1
 90
        2
176
     1
 62
     7
176
     1
 90
        5
176
     1
 90
        0
176
     1
 90
        0
176
     1
290
     0
176
     1
 90
       13
176
     1
 40
0.0
176
     1
 90
        0
176
     1
290
     0
176
     1
290
     1
176
     1
290
     1
176
     1
290
     0
176
     1
290
     0
176
     1
290
     0
176
     1
290
     0
176
     1
290
     0
176
     1
290
     0
176
     1
 90
       50
176
     1
 40
0.0
176
     1
 40
1.0
176
     1
 90
        0
176
     1
 62
    18
420
        0
176
     1
 90
       50
176
     1
 90
        3
176
     1
 62
     5
420
      255
176
     1
290
     0
176
     1
 90
       50
176
     1
 90
       50
176
     1
 90
       50
176
     1
290
     0
176
     1
 90
       50
176
     1
 62
   256
176
     0
 40
1.0
176
     0
 90
        2
176
     1
  1
strokes_ogs.tif
176
     1
290
     0
176
     1
 40
1.0
176
     1
 40
1.0
176
     1
  0
VISUALSTYLE
  5
2E
102
{ACAD_REACTORS
330
2A
102
}
330
2A
100
AcDbVisualStyle
  2
GouraudWithEdges
 70
     3
177
     3
291
     1
 70
    58
 90
        2
176
     1
 90
        2
176
     1
 90
        1
176
     1
 90
        2
176
     1
 40
0.6
176
     1
 40
30.0
176
     1
 62
     7
420
 16777215
176
     1
 90
        1
176
     1
 90
        0
176
     1
 62
     7
176
     1
 62
   257
176
     1
 90
        1
176
     1
 90
        1
176
     1
 40
1.0
176
     1
 90
        0
176
     1
 62
   257
176
     1
 40
1.0
176
     1
 90
        1
176
     1
 90
        6
176
     1
 90
        2
176
     1
 62
     7
176
     1
 90
        5
176
     1
 90
        0
176
     1
 90
        0
176
     1
290
     0
176
     1
 90
       13
176
     1
 40
0.0
176
     1
 90
        0
176
     1
290
     0
176
     1
290
     1
176
     1
290
     1
176
     1
290
     0
176
     1
290
     0
176
     1
290
     0
176
     1
290
     0
176
     1
290
     0
176
     1
290
     0
176
     1
 90
       50
176
     1
 40
0.0
176
     1
 40
1.0
176
     1
 90
        0
176
     1
 62
    18
420
        0
176
     1
 90
       50
176
     1
 90
        3
176
     1
 62
     5
420
      255
176
     1
290
     0
176
     1
 90
       50
176
     1
 90
       50
176
     1
 90
       50
176
     1
290
     0
176
     1
 90
       50
176
     1
 62
   256
176
     0
 40
1.0
176
     0
 90
        2
176
     1
  1
strokes_ogs.tif
176
     1
290
     0
176
     1
 40
1.0
176
     1
 40
1.0
176
     1
  0
VISUALSTYLE
  5
31
102
{ACAD_REACTORS
330
2A
102
}
330
2A
100
AcDbVisualStyle
  2
Hidden
 70
     6
177
     3
291
     0
 70
    58
 90
        1
176
     1
 90
        2
176
     1
 90
        2
176
     1
 90
        0
176
     1
 40
0.6
176
     1
 40
30.0
176
     1
 62
     7
420
 16777215
176
     1
 90
        2
176
     1
 90
        2
176
     1
 62
     7
176
     1
 62
   257
176
     1
 90
        2
176
     1
 90
        1
176
     1
 40
40.0
176
     1
 90
        0
176
     1
 62
   257
176
     1
 40
1.0
176
     1
 90
        1
176
     1
 90
        6
176
     1
 90
        2
176
     1
 62
     7
176
     1
 90
        3
176
     1
 90
        0
176
     1
 90
        0
176
     1
290
     0
176
     1
 90
        1
176
     1
 40
0.0
176
     1
 90
        0
176
     1
290
     0
176
     1
290
     1
176
     1
290
     1
176
     1
290
     0
176
     1
290
     0
176
     1
290
     0
176
     1
290
     0
176
     1
290
     0
176
     1
290
     0
176
     1
 90
       50
176
     1
 40
0.0
176
     1
 40
1.0
176
     1
 90
        0
176
     1
 62
    18
420
        0
176
     1
 90
       50
176
     1
 90
        3
176
     1
 62
     5
420
      255
176
     1
290
     0
176
     1
 90
       50
176
     1
 90
       50
176
     1
 90
       50
176
     1
290
     0
176
     1
 90
       50
176
     1
 62
   256
176
     0
 40
1.0
176
     0
 90
        2
176
     1
  1
strokes_ogs.tif
176
     1
290
     0
176
     1
 40
1.0
176
     1
 40
1.0
176
     1
  0
VISUALSTYLE
  5
3B
102
{ACAD_REACTORS
330
2A
102
}
330
2A
100
AcDbVisualStyle
  2
JitterOff
 70
    20
177
     3
291
     1
 70
    58
 90
        2
176
     0
 90
        2
176
     0
 90
        0
176
     0
 90
        0
176
     0
 40
0.6
176
     0
 40
30.0
176
     0
 62
     7
420
 16777215
176
     0
 90
        1
176
     0
 90
        4
176
     0
 62
     7
176
     0
 62
   257
176
     0
 90
        1
176
     0
 90
        1
176
     0
 40
1.0
176
     0
 90
       10
176
     2
 62
     7
176
     0
 40
1.0
176
     0
 90
        1
176
     0
 90
        6
176
     0
 90
        2
176
     0
 62
     7
176
     0
 90
        5
176
     0
 90
        0
176
     0
 90
        0
176
     0
290
     0
176
     0
 90
        1
176
     0
 40
0.0
176
     0
 90
        0
176
     0
290
     0
176
     0
290
     1
176
     0
290
     1
176
     0
290
     0
176
     0
290
     0
176
     0
290
     0
176
     0
290
     0
176
     0
290
     0
176
     0
290
     0
176
     0
 90
       50
176
     0
 40
0.0
176
     0
 40
1.0
176
     0
 90
        0
176
     0
 62
    18
420
        0
176
     0
 90
       50
176
     0
 90
        3
176
     0
 62
     5
420
      255
176
     0
290
     0
176
     0
 90
       50
176
     0
 90
       50
176
     0
 90
       50
176
     0
290
     0
176
     0
 90
       50
176
     0
 62
   256
176
     0
 40
1.0
176
     0
 90
        2
176
     0
  1
strokes_ogs.tif
176
     0
290
     0
176
     0
 40
1.0
176
     0
 40
1.0
176
     0
  0
VISUALSTYLE
  5
38
102
{ACAD_REACTORS
330
2A
102
}
330
2A
100
AcDbVisualStyle
  2
Linepattern
 70
    14
177
     3
291
     1
 70
    58
 90
        2
176
     1
 90
        2
176
     1
 90
        0
176
     1
 90
        0
176
     1
 40
0.6
176
     1
 40
30.0
176
     1
 62
     7
420
 16777215
176
     1
 90
        1
176
     1
 90
        4
176
     1
 62
     7
176
     1
 62
   257
176
     1
 90
        7
176
     1
 90
        7
176
     1
 40
1.0
176
     1
 90
        8
176
     1
 62
     7
176
     1
 40
1.0
176
     1
 90
        1
176
     1
 90
        6
176
     1
 90
        2
176
     1
 62
     7
176
     1
 90
        5
176
     1
 90
        0
176
     1
 90
        0
176
     1
290
     0
176
     1
 90
        1
176
     1
 40
0.0
176
     1
 90
        0
176
     1
290
     0
176
     1
290
     1
176
     1
290
     1
176
     1
290
     0
176
     1
290
     0
176
     1
290
     0
176
     1
290
     0
176
     1
290
     0
176
     1
290
     0
176
     1
 90
       50
176
     1
 40
0.0
176
     1
 40
1.0
176
     1
 90
        0
176
     1
 62
    18
420
        0
176
     1
 90
       50
176
     1
 90
        3
176
     1
 62
     5
420
      255
176
     1
290
     0
176
     1
 90
       50
176
     1
 90
       50
176
     1
 90
       50
176
     1
290
     0
176
     1
 90
       50
176
     1
 62
   256
176
     0
 40
1.0
176
     0
 90
        2
176
     1
  1
strokes_ogs.tif
176
     1
290
     0
176
     1
 40
1.0
176
     1
 40
1.0
176
     1
  0
VISUALSTYLE
  5
3C
102
{ACAD_REACTORS
330
2A
102
}
330
2A
100
AcDbVisualStyle
  2
OverhangOff
 70
    21
177
     3
291
     1
 70
    58
 90
        2
176
     0
 90
        2
176
     0
 90
        0
176
     0
 90
        0
176
     0
 40
0.6
176
     0
 40
30.0
176
     0
 62
     7
420
 16777215
176
     0
 90
        1
176
     0
 90
        4
176
     0
 62
     7
176
     0
 62
   257
176
     0
 90
        1
176
     0
 90
        1
176
     0
 40
1.0
176
     0
 90
        9
176
     2
 62
     7
176
     0
 40
1.0
176
     0
 90
        1
176
     0
 90
        6
176
     0
 90
        2
176
     0
 62
     7
176
     0
 90
        5
176
     0
 90
        0
176
     0
 90
        0
176
     0
290
     0
176
     0
 90
        1
176
     0
 40
0.0
176
     0
 90
        0
176
     0
290
     0
176
     0
290
     1
176
     0
290
     1
176
     0
290
     0
176
     0
290
     0
176
     0
290
     0
176
     0
290
     0
176
     0
290
     0
176
     0
290
     0
176
     0
 90
       50
176
     0
 40
0.0
176
     0
 40
1.0
176
     0
 90
        0
176
     0
 62
    18
420
        0
176
     0
 90
       50
176
     0
 90
        3
176
     0
 62
     5
420
      255
176
     0
290
     0
176
     0
 90
       50
176
     0
 90
       50
176
     0
 90
       50
176
     0
290
     0
176
     0
 90
       50
176
     0
 62
   256
176
     0
 40
1.0
176
     0
 90
        2
176
     0
  1
strokes_ogs.tif
176
     0
290
     0
176
     0
 40
1.0
176
     0
 40
1.0
176
     0
  0
VISUALSTYLE
  5
33
102
{ACAD_REACTORS
330
2A
102
}
330
2A
100
AcDbVisualStyle
  2
Realistic
 70
     8
177
     3
291
     0
 70
    58
 90
        2
176
     1
 90
        3
176
     1
 90
        0
176
     1
 90
        2
176
     1
 40
0.6
176
     1
 40
30.0
176
     1
 62
     7
420
 16777215
176
     1
 90
        0
176
     1
 90
        0
176
     1
 62
     7
176
     1
 62
   257
176
     1
 90
        1
176
     1
 90
        1
176
     1
 40
1.0
176
     1
 90
        8
176
     1
 62
   257
176
     1
 40
1.0
176
     1
 90
        1
176
     1
 90
        6
176
     1
 90
        2
176
     1
 62
     7
176
     1
 90
        3
176
     1
 90
        0
176
     1
 90
        0
176
     1
290
     0
176
     1
 90
       13
176
     1
 40
0.0
176
     1
 90
        0
176
     1
290
     0
176
     1
290
     1
176
     1
290
     1
176
     1
290
     0
176
     1
290
     0
176
     1
290
     0
176
     1
290
     0
176
     1
290
     0
176
     1
290
     0
176
     1
 90
       50
176
     1
 40
0.0
176
     1
 40
1.0
176
     1
 90
        0
176
     1
 62
    18
420
        0
176
     1
 90
       50
176
     1
 90
        3
176
     1
 62
     5
420
      255
176
     1
290
     0
176
     1
 90
       50
176
     1
 90
       50
176
     1
 90
       50
176
     1
290
     0
176
     1
 90
       50
176
     1
 62
   256
176
     0
 40
1.0
176
     0
 90
        2
176
     1
  1
strokes_ogs.tif
176
     1
290
     0
176
     1
 40
1.0
176
     1
 40
1.0
176
     1
  0
VISUALSTYLE
  5
42
102
{ACAD_REACTORS
330
2A
102
}
330
2A
100
AcDbVisualStyle
  2
Shaded
 70
    27
177
     3
291
     0
 70
    58
 90
        2
176
     1
 90
        2
176
     1
 90
        1
176
     1
 90
        2
176
     1
 40
0.6
176
     1
 40
30.0
176
     1
 62
     7
420
 16777215
176
     1
 90
        0
176
     1
 90
        4
176
     1
 62
     7
176
     1
 62
   257
176
     1
 90
        1
176
     1
 90
        1
176
     1
 40
1.0
176
     1
 90
        8
176
     1
 62
   257
176
     1
 40
1.0
176
     1
 90
        1
176
     1
 90
        6
176
     1
 90
        2
176
     1
 62
     8
420
  7895160
176
     1
 90
        3
176
     1
 90
        0
176
     1
 90
        0
176
     1
290
     0
176
     1
 90
        5
176
     1
 40
0.0
176
     1
 90
        0
176
     1
290
     0
176
     1
290
     1
176
     1
290
     1
176
     1
290
     0
176
     1
290
     0
176
     1
290
     0
176
     1
290
     0
176
     1
290
     0
176
     1
290
     0
176
     1
 90
       50
176
     1
 40
0.0
176
     1
 40
1.0
176
     1
 90
        0
176
     1
 62
    18
420
        0
176
     1
 90
       50
176
     1
 90
        3
176
     1
 62
     5
420
      255
176
     1
290
     0
176
     1
 90
       50
176
     1
 90
       50
176
     1
 90
       50
176
     1
290
     0
176
     1
 90
       50
176
     1
 62
   256
176
     0
 40
1.0
176
     0
 90
        2
176
     1
  1
strokes_ogs.tif
176
     1
290
     0
176
     1
 40
1.0
176
     1
 40
1.0
176
     1
  0
VISUALSTYLE
  5
41
102
{ACAD_REACTORS
330
2A
102
}
330
2A
100
AcDbVisualStyle
  2
Shaded with edges
 70
    26
177
     3
291
     0
 70
    58
 90
        2
176
     1
 90
        2
176
     1
 90
        1
176
     1
 90
        2
176
     1
 40
0.6
176
     1
 40
30.0
176
     1
 62
     7
420
 16777215
176
     1
 90
        1
176
     1
 90
       10
176
     1
 62
     7
176
     1
 62
   257
176
     1
 90
        2
176
     1
 90
        1
176
     1
 40
1.0
176
     1
 90
        8
176
     1
 62
   257
176
     1
 40
1.0
176
     1
 90
        1
176
     1
 90
        6
176
     1
 90
        2
176
     1
 62
     7
176
     1
 90
        3
176
     1
 90
        0
176
     1
 90
        0
176
     1
290
     0
176
     1
 90
        5
176
     1
 40
0.0
176
     1
 90
        0
176
     1
290
     0
176
     1
290
     1
176
     1
290
     1
176
     1
290
     0
176
     1
290
     0
176
     1
290
     0
176
     1
290
     0
176
     1
290
     0
176
     1
290
     0
176
     1
 90
       50
176
     1
 40
0.0
176
     1
 40
1.0
176
     1
 90
        0
176
     1
 62
    18
420
        0
176
     1
 90
       50
176
     1
 90
        3
176
     1
 62
     5
420
      255
176
     1
290
     0
176
     1
 90
       50
176
     1
 90
       50
176
     1
 90
       50
176
     1
290
     0
176
     1
 90
       50
176
     1
 62
   256
176
     0
 40
1.0
176
     0
 90
        2
176
     1
  1
strokes_ogs.tif
176
     1
290
     0
176
     1
 40
1.0
176
     1
 40
1.0
176
     1
  0
VISUALSTYLE
  5
3E
102
{ACAD_REACTORS
330
2A
102
}
330
2A
100
AcDbVisualStyle
  2
Shades of Gray
 70
    23
177
     3
291
     0
 70
    58
 90
        2
176
     1
 90
        2
176
     1
 90
        3
176
     1
 90
        0
176
     1
 40
0.6
176
     1
 40
30.0
176
     1
 62
     7
420
 16777215
176
     1
 90
        2
176
     1
 90
        2
176
     1
 62
     7
176
     1
 62
     7
176
     1
 90
        1
176
     1
 90
        1
176
     1
 40
40.0
176
     1
 90
        8
176
     1
 62
     7
176
     1
 40
1.0
176
     1
 90
        1
176
     1
 90
        6
176
     1
 90
        2
176
     1
 62
     7
176
     1
 90
        3
176
     1
 90
        0
176
     1
 90
        0
176
     1
290
     0
176
     1
 90
        1
176
     1
 40
0.0
176
     1
 90
        0
176
     1
290
     0
176
     1
290
     1
176
     1
290
     1
176
     1
290
     0
176
     1
290
     0
176
     1
290
     0
176
     1
290
     0
176
     1
290
     0
176
     1
290
     0
176
     1
 90
       50
176
     1
 40
0.0
176
     1
 40
1.0
176
     1
 90
        0
176
     1
 62
    18
420
        0
176
     1
 90
       50
176
     1
 90
        3
176
     1
 62
     5
420
      255
176
     1
290
     0
176
     1
 90
       50
176
     1
 90
       50
176
     1
 90
       50
176
     1
290
     0
176
     1
 90
       50
176
     1
 62
   256
176
     0
 40
1.0
176
     0
 90
        2
176
     1
  1
strokes_ogs.tif
176
     1
290
     0
176
     1
 40
1.0
176
     1
 40
1.0
176
     1
  0
VISUALSTYLE
  5
3F
102
{ACAD_REACTORS
330
2A
102
}
330
2A
100
AcDbVisualStyle
  2
Sketchy
 70
    24
177
     3
291
     0
 70
    58
 90
        1
176
     1
 90
        2
176
     1
 90
        2
176
     1
 90
        0
176
     1
 40
0.6
176
     1
 40
30.0
176
     1
 62
     7
420
 16777215
176
     1
 90
        2
176
     1
 90
        2
176
     1
 62
     7
176
     1
 62
     7
176
     1
 90
        1
176
     1
 90
        1
176
     1
 40
40.0
176
     1
 90
       11
176
     1
 62
     7
176
     1
 40
1.0
176
     1
 90
        1
176
     1
 90
        6
176
     1
 90
        2
176
     1
 62
     7
176
     1
 90
        6
176
     1
 90
        0
176
     1
 90
        0
176
     1
290
     0
176
     1
 90
        1
176
     1
 40
0.0
176
     1
 90
        0
176
     1
290
     0
176
     1
290
     1
176
     1
290
     1
176
     1
290
     0
176
     1
290
     0
176
     1
290
     0
176
     1
290
     0
176
     1
290
     0
176
     1
290
     0
176
     1
 90
       50
176
     1
 40
0.0
176
     1
 40
1.0
176
     1
 90
        0
176
     1
 62
    18
420
        0
176
     1
 90
       50
176
     1
 90
        3
176
     1
 62
     5
420
      255
176
     1
290
     0
176
     1
 90
       50
176
     1
 90
       50
176
     1
 90
       50
176
     1
290
     0
176
     1
 90
       50
176
     1
 62
   256
176
     0
 40
1.0
176
     0
 90
        2
176
     1
  1
strokes_ogs.tif
176
     1
290
     0
176
     1
 40
1.0
176
     1
 40
1.0
176
     1
  0
VISUALSTYLE
  5
37
102
{ACAD_REACTORS
330
2A
102
}
330
2A
100
AcDbVisualStyle
  2
Thicken
 70
    13
177
     3
291
     1
 70
    58
 90
        2
176
     1
 90
        2
176
     1
 90
        0
176
     1
 90
        0
176
     1
 40
0.6
176
     1
 40
30.0
176
     1
 62
     7
420
 16777215
176
     1
 90
        1
176
     1
 90
        4
176
     1
 62
     7
176
     1
 62
   257
176
     1
 90
        1
176
     1
 90
        1
176
     1
 40
1.0
176
     1
 90
       12
176
     1
 62
     7
176
     1
 40
1.0
176
     1
 90
        1
176
     1
 90
        6
176
     1
 90
        2
176
     1
 62
     7
176
     1
 90
        5
176
     1
 90
        0
176
     1
 90
        0
176
     1
290
     0
176
     1
 90
        1
176
     1
 40
0.0
176
     1
 90
        0
176
     1
290
     0
176
     1
290
     1
176
     1
290
     1
176
     1
290
     0
176
     1
290
     0
176
     1
290
     0
176
     1
290
     0
176
     1
290
     0
176
     1
290
     0
176
     1
 90
       50
176
     1
 40
0.0
176
     1
 40
1.0
176
     1
 90
        0
176
     1
 62
    18
420
        0
176
     1
 90
       50
176
     1
 90
        3
176
     1
 62
     5
420
      255
176
     1
290
     0
176
     1
 90
       50
176
     1
 90
       50
176
     1
 90
       50
176
     1
290
     0
176
     1
 90
       50
176
     1
 62
   256
176
     0
 40
1.0
176
     0
 90
        2
176
     1
  1
strokes_ogs.tif
176
     1
290
     0
176
     1
 40
1.0
176
     1
 40
1.0
176
     1
  0
VISUALSTYLE
  5
30
102
{ACAD_REACTORS
330
2A
102
}
330
2A
100
AcDbVisualStyle
  2
Wireframe
 70
     5
177
     3
291
     0
 70
    58
 90
        0
176
     1
 90
        2
176
     1
 90
        0
176
     1
 90
        0
176
     1
 40
0.6
176
     1
 40
30.0
176
     1
 62
     7
420
 16777215
176
     1
 90
        1
176
     1
 90
        4
176
     1
 62
     7
176
     1
 62
   257
176
     1
 90
        1
176
     1
 90
        1
176
     1
 40
1.0
176
     1
 90
        0
176
     1
 62
   257
176
     1
 40
1.0
176
     1
 90
        1
176
     1
 90
        6
176
     1
 90
        2
176
     1
 62
     7
176
     1
 90
        3
176
     1
 90
        0
176
     1
 90
        0
176
     1
290
     0
176
     1
 90
        1
176
     1
 40
0.0
176
     1
 90
        0
176
     1
290
     0
176
     1
290
     1
176
     1
290
     1
176
     1
290
     0
176
     1
290
     0
176
     1
290
     0
176
     1
290
     0
176
     1
290
     0
176
     1
290
     0
176
     1
 90
       50
176
     1
 40
0.0
176
     1
 40
1.0
176
     1
 90
        0
176
     1
 62
    18
420
        0
176
     1
 90
       50
176
     1
 90
        3
176
     1
 62
     5
420
      255
176
     1
290
     0
176
     1
 90
       50
176
     1
 90
       50
176
     1
 90
       50
176
     1
290
     0
176
     1
 90
       50
176
     1
 62
   256
176
     0
 40
1.0
176
     0
 90
        2
176
     1
  1
strokes_ogs.tif
176
     1
290
     0
176
     1
 40
1.0
176
     1
 40
1.0
176
     1
  0
VISUALSTYLE
  5
40
102
{ACAD_REACTORS
330
2A
102
}
330
2A
100
AcDbVisualStyle
  2
X-Ray
 70
    25
177
     3
291
     0
 70
    58
 90
        2
176
     1
 90
        2
176
     1
 90
        1
176
     1
 90
        1
176
     1
 40
0.5
176
     1
 40
30.0
176
     1
 62
     7
420
 16777215
176
     1
 90
        1
176
     1
 90
        0
176
     1
 62
     7
176
     1
 62
   257
176
     1
 90
        1
176
     1
 90
        1
176
     1
 40
1.0
176
     1
 90
        8
176
     1
 62
     7
176
     1
 40
1.0
176
     1
 90
        1
176
     1
 90
        6
176
     1
 90
        2
176
     1
 62
     7
176
     1
 90
        3
176
     1
 90
        0
176
     1
 90
        0
176
     1
290
     0
176
     1
 90
       13
176
     1
 40
0.0
176
     1
 90
        0
176
     1
290
     0
176
     1
290
     1
176
     1
290
     1
176
     1
290
     0
176
     1
290
     0
176
     1
290
     0
176
     1
290
     0
176
     1
290
     0
176
     1
290
     0
176
     1
 90
       50
176
     1
 40
0.0
176
     1
 40
1.0
176
     1
 90
        0
176
     1
 62
    18
420
        0
176
     1
 90
       50
176
     1
 90
        3
176
     1
 62
     5
420
      255
176
     1
290
     0
176
     1
 90
       50
176
     1
 90
       50
176
     1
 90
       50
176
     1
290
     0
176
     1
 90
       50
176
     1
 62
   256
176
     0
 40
1.0
176
     0
 90
        2
176
     1
  1
strokes_ogs.tif
176
     1
290
     0
176
     1
 40
1.0
176
     1
 40
1.0
176
     1
  0
DICTIONARYVAR
  5
94
102
{ACAD_REACTORS
330
93
102
}
330
93
100
DictionaryVariables
280
     0
  1
1:1
  0
DICTIONARYVAR
  5
99
102
{ACAD_REACTORS
330
93
102
}
330
93
100
DictionaryVariables
280
     0
  1
Standard
  0
DICTIONARYVAR
  5
98
102
{ACAD_REACTORS
330
93
102
}
330
93
100
DictionaryVariables
280
     0
  1
Standard
  0
DICTIONARY
  5
95
330
5A
100
AcDbDictionary
280
     1
281
     1
  3
ACAD_ROUNDTRIP_2008_TABLESTYLE_CELLSTYLEMAP
360
96
  0
CELLSTYLEMAP
  5
96
102
{ACAD_REACTORS
330
95
102
}
330
95
100
AcDbCellStyleMap
 90
        3
300
CELLSTYLE
  1
TABLEFORMAT_BEGIN
 90
        5
170
     1
 91
        0
 92
    32768
 62
   257
 93
        1
300
CONTENTFORMAT
  1
CONTENTFORMAT_BEGIN
 90
        0
 91
        0
 92
        4
 93
        0
300

 40
0.0
140
1.0
 94
        5
 62
     0
340
11
144
0.25
309
CONTENTFORMAT_END
171
     1
301
MARGIN
  1
CELLMARGIN_BEGIN
 40
0.06
 40
0.06
 40
0.06
 40
0.06
 40
0.06
 40
0.06
309
CELLMARGIN_END
 94
        6
 95
        1
302
GRIDFORMAT
  1
GRIDFORMAT_BEGIN
 90
        0
 91
        1
 62
     0
 92
       -2
340
14
 93
        0
 40
0.045
309
GRIDFORMAT_END
 95
        2
302
GRIDFORMAT
  1
GRIDFORMAT_BEGIN
 90
        0
 91
        1
 62
     0
 92
       -2
340
14
 93
        0
 40
0.045
309
GRIDFORMAT_END
 95
        4
302
GRIDFORMAT
  1
GRIDFORMAT_BEGIN
 90
        0
 91
        1
 62
     0
 92
       -2
340
14
 93
        0
 40
0.045
309
GRIDFORMAT_END
 95
        8
302
GRIDFORMAT
  1
GRIDFORMAT_BEGIN
 90
        0
 91
        1
 62
     0
 92
       -2
340
14
 93
        0
 40
0.045
309
GRIDFORMAT_END
 95
       16
302
GRIDFORMAT
  1
GRIDFORMAT_BEGIN
 90
        0
 91
        1
 62
     0
 92
       -2
340
14
 93
        0
 40
0.045
309
GRIDFORMAT_END
 95
       32
302
GRIDFORMAT
  1
GRIDFORMAT_BEGIN
 90
        0
 91
        1
 62
     0
 92
       -2
340
14
 93
        0
 40
0.045
309
GRIDFORMAT_END
309
TABLEFORMAT_END
  1
CELLSTYLE_BEGIN
 90
        1
 91
        1
300
_TITLE
309
CELLSTYLE_END
300
CELLSTYLE
  1
TABLEFORMAT_BEGIN
 90
        5
170
     1
 91
        0
 92
        0
 62
   257
 93
        1
300
CONTENTFORMAT
  1
CONTENTFORMAT_BEGIN
 90
        0
 91
        0
 92
        4
 93
        0
300

 40
0.0
140
1.0
 94
        5
 62
     0
340
11
144
0.18
309
CONTENTFORMAT_END
171
     1
301
MARGIN
  1
CELLMARGIN_BEGIN
 40
0.06
 40
0.06
 40
0.06
 40
0.06
 40
0.06
 40
0.06
309
CELLMARGIN_END
 94
        6
 95
        1
302
GRIDFORMAT
  1
GRIDFORMAT_BEGIN
 90
        0
 91
        1
 62
     0
 92
       -2
340
14
 93
        0
 40
0.045
309
GRIDFORMAT_END
 95
        2
302
GRIDFORMAT
  1
GRIDFORMAT_BEGIN
 90
        0
 91
        1
 62
     0
 92
       -2
340
14
 93
        0
 40
0.045
309
GRIDFORMAT_END
 95
        4
302
GRIDFORMAT
  1
GRIDFORMAT_BEGIN
 90
        0
 91
        1
 62
     0
 92
       -2
340
14
 93
        0
 40
0.045
309
GRIDFORMAT_END
 95
        8
302
GRIDFORMAT
  1
GRIDFORMAT_BEGIN
 90
        0
 91
        1
 62
     0
 92
       -2
340
14
 93
        0
 40
0.045
309
GRIDFORMAT_END
 95
       16
302
GRIDFORMAT
  1
GRIDFORMAT_BEGIN
 90
        0
 91
        1
 62
     0
 92
       -2
340
14
 93
        0
 40
0.045
309
GRIDFORMAT_END
 95
       32
302
GRIDFORMAT
  1
GRIDFORMAT_BEGIN
 90
        0
 91
        1
 62
     0
 92
       -2
340
14
 93
        0
 40
0.045
309
GRIDFORMAT_END
309
TABLEFORMAT_END
  1
CELLSTYLE_BEGIN
 90
        2
 91
        1
300
_HEADER
309
CELLSTYLE_END
300
CELLSTYLE
  1
TABLEFORMAT_BEGIN
 90
        5
170
     1
 91
        0
 92
        0
 62
   257
 93
        1
300
CONTENTFORMAT
  1
CONTENTFORMAT_BEGIN
 90
        0
 91
        0
 92
        4
 93
        0
300

 40
0.0
140
1.0
 94
        2
 62
     0
340
11
144
0.18
309
CONTENTFORMAT_END
171
     1
301
MARGIN
  1
CELLMARGIN_BEGIN
 40
0.06
 40
0.06
 40
0.06
 40
0.06
 40
0.06
 40
0.06
309
CELLMARGIN_END
 94
        6
 95
        1
302
GRIDFORMAT
  1
GRIDFORMAT_BEGIN
 90
        0
 91
        1
 62
     0
 92
       -2
340
14
 93
        0
 40
0.045
309
GRIDFORMAT_END
 95
        2
302
GRIDFORMAT
  1
GRIDFORMAT_BEGIN
 90
        0
 91
        1
 62
     0
 92
       -2
340
14
 93
        0
 40
0.045
309
GRIDFORMAT_END
 95
        4
302
GRIDFORMAT
  1
GRIDFORMAT_BEGIN
 90
        0
 91
        1
 62
     0
 92
       -2
340
14
 93
        0
 40
0.045
309
GRIDFORMAT_END
 95
        8
302
GRIDFORMAT
  1
GRIDFORMAT_BEGIN
 90
        0
 91
        1
 62
     0
 92
       -2
340
14
 93
        0
 40
0.045
309
GRIDFORMAT_END
 95
       16
302
GRIDFORMAT
  1
GRIDFORMAT_BEGIN
 90
        0
 91
        1
 62
     0
 92
       -2
340
14
 93
        0
 40
0.045
309
GRIDFORMAT_END
 95
       32
302
GRIDFORMAT
  1
GRIDFORMAT_BEGIN
 90
        0
 91
        1
 62
     0
 92
       -2
340
14
 93
        0
 40
0.045
309
GRIDFORMAT_END
309
TABLEFORMAT_END
  1
CELLSTYLE_BEGIN
 90
        3
 91
        2
300
_DATA
309
CELLSTYLE_END
  0
ENDSEC
  0
EOF
