  0
SECTION
  2
HEADER
  9
$ACADVER
  1
AC1032
  9
$ACADMAINTVER
 90
       55
  9
$DWGCODEPAGE
  3
ANSI_1252
  9
$LASTSAVEDBY
  1
Abolfazl
  9
$REQUIREDVERSIONS
160
                 0
  9
$INSBASE
 10
0.0
 20
0.0
 30
0.0
  9
$EXTMIN
 10
-16.0273
 20
-17.375
 30
0.0
  9
$EXTMAX
 10
19.5395
 20
19.3906
 30
0.0
  9
$LIMMIN
 10
0.0
 20
0.0
  9
$LIMMAX
 10
12.0
 20
9.0
  9
$ORTHOMODE
 70
     0
  9
$REGENMODE
 70
     1
  9
$FILLMODE
 70
     1
  9
$QTEXTMODE
 70
     0
  9
$MIRRTEXT
 70
     1
  9
$LTSCALE
 40
1.0
  9
$ATTMODE
 70
     1
  9
$TEXTSIZE
 40
0.2
  9
$TRACEWID
 40
0.05
  9
$TEXTSTYLE
  7
Standard
  9
$CLAYER
  8
0
  9
$CELTYPE
  6
ByLayer
  9
$CECOLOR
 62
   256
  9
$CELTSCALE
 40
1.0
  9
$DISPSILH
 70
     0
  9
$DIMSCALE
 40
1.0
  9
$DIMASZ
 40
0.18
  9
$DIMEXO
 40
0.0625
  9
$DIMDLI
 40
0.38
  9
$DIMRND
 40
0.0
  9
$DIMDLE
 40
0.0
  9
$DIMEXE
 40
0.18
  9
$DIMTP
 40
0.0
  9
$DIMTM
 40
0.0
  9
$DIMTXT
 40
0.18
  9
$DIMCEN
 40
0.09
  9
$DIMTSZ
 40
0.0
  9
$DIMTOL
 70
     0
  9
$DIMLIM
 70
     0
  9
$DIMTIH
 70
     1
  9
$DIMTOH
 70
     1
  9
$DIMSE1
 70
     0
  9
$DIMSE2
 70
     0
  9
$DIMTAD
 70
     0
  9
$DIMZIN
 70
     0
  9
$DIMBLK
  1

  9
$DIMASO
 70
     1
  9
$DIMSHO
 70
     1
  9
$DIMPOST
  1

  9
$DIMAPOST
  1

  9
$DIMALT
 70
     0
  9
$DIMALTD
 70
     2
  9
$DIMALTF
 40
25.4
  9
$DIMLFAC
 40
1.0
  9
$DIMTOFL
 70
     0
  9
$DIMTVP
 40
0.0
  9
$DIMTIX
 70
     0
  9
$DIMSOXD
 70
     0
  9
$DIMSAH
 70
     0
  9
$DIMBLK1
  1

  9
$DIMBLK2
  1

  9
$DIMSTYLE
  2
Standard
  9
$DIMCLRD
 70
     0
  9
$DIMCLRE
 70
     0
  9
$DIMCLRT
 70
     0
  9
$DIMTFAC
 40
1.0
  9
$DIMGAP
 40
0.09
  9
$DIMJUST
 70
     0
  9
$DIMSD1
 70
     0
  9
$DIMSD2
 70
     0
  9
$DIMTOLJ
 70
     1
  9
$DIMTZIN
 70
     0
  9
$DIMALTZ
 70
     0
  9
$DIMALTTZ
 70
     0
  9
$DIMUPT
 70
     0
  9
$DIMDEC
 70
     4
  9
$DIMTDEC
 70
     4
  9
$DIMALTU
 70
     2
  9
$DIMALTTD
 70
     2
  9
$DIMTXSTY
  7
Standard
  9
$DIMAUNIT
 70
     0
  9
$DIMADEC
 70
     0
  9
$DIMALTRND
 40
0.0
  9
$DIMAZIN
 70
     0
  9
$DIMDSEP
 70
    46
  9
$DIMATFIT
 70
     3
  9
$DIMFRAC
 70
     0
  9
$DIMLDRBLK
  1

  9
$DIMLUNIT
 70
     2
  9
$DIMLWD
 70
    -2
  9
$DIMLWE
 70
    -2
  9
$DIMTMOVE
 70
     0
  9
$DIMFXL
 40
1.0
  9
$DIMFXLON
 70
     0
  9
$DIMJOGANG
 40
0.7853981633974483
  9
$DIMTFILL
 70
     0
  9
$DIMTFILLCLR
 70
     0
  9
$DIMARCSYM
 70
     0
  9
$DIMLTYPE
  6

  9
$DIMLTEX1
  6

  9
$DIMLTEX2
  6

  9
$DIMTXTDIRECTION
 70
     0
  9
$LUNITS
 70
     2
  9
$LUPREC
 70
     4
  9
$SKETCHINC
 40
0.1
  9
$FILLETRAD
 40
0.0
  9
$AUNITS
 70
     0
  9
$AUPREC
 70
     0
  9
$MENU
  1
.
  9
$ELEVATION
 40
0.0
  9
$PELEVATION
 40
0.0
  9
$THICKNESS
 40
0.0
  9
$LIMCHECK
 70
     0
  9
$CHAMFERA
 40
0.0
  9
$CHAMFERB
 40
0.0
  9
$CHAMFERC
 40
0.0
  9
$CHAMFERD
 40
0.0
  9
$SKPOLY
 70
     0
  9
$TDCREATE
 40
2460444.574436644
  9
$TDUCREATE
 40
2460444.42860331
  9
$TDUPDATE
 40
2460444.574436701
  9
$TDUUPDATE
 40
2460444.428603368
  9
$TDINDWG
 40
0.0000000116
  9
$TDUSRTIMER
 40
0.0000000116
  9
$USRTIMER
 70
     1
  9
$ANGBASE
 50
0.0
  9
$ANGDIR
 70
     0
  9
$PDMODE
 70
     0
  9
$PDSIZE
 40
0.0
  9
$PLINEWID
 40
0.0
  9
$SPLFRAME
 70
     0
  9
$SPLINETYPE
 70
     6
  9
$SPLINESEGS
 70
     8
  9
$HANDSEED
  5
B1
  9
$SURFTAB1
 70
     6
  9
$SURFTAB2
 70
     6
  9
$SURFTYPE
 70
     6
  9
$SURFU
 70
     6
  9
$SURFV
 70
     6
  9
$UCSBASE
  2

  9
$UCSNAME
  2

  9
$UCSORG
 10
0.0
 20
0.0
 30
0.0
  9
$UCSXDIR
 10
1.0
 20
0.0
 30
0.0
  9
$UCSYDIR
 10
0.0
 20
1.0
 30
0.0
  9
$UCSORTHOREF
  2

  9
$UCSORTHOVIEW
 70
     0
  9
$UCSORGTOP
 10
0.0
 20
0.0
 30
0.0
  9
$UCSORGBOTTOM
 10
0.0
 20
0.0
 30
0.0
  9
$UCSORGLEFT
 10
0.0
 20
0.0
 30
0.0
  9
$UCSORGRIGHT
 10
0.0
 20
0.0
 30
0.0
  9
$UCSORGFRONT
 10
0.0
 20
0.0
 30
0.0
  9
$UCSORGBACK
 10
0.0
 20
0.0
 30
0.0
  9
$PUCSBASE
  2

  9
$PUCSNAME
  2

  9
$PUCSORG
 10
0.0
 20
0.0
 30
0.0
  9
$PUCSXDIR
 10
1.0
 20
0.0
 30
0.0
  9
$PUCSYDIR
 10
0.0
 20
1.0
 30
0.0
  9
$PUCSORTHOREF
  2

  9
$PUCSORTHOVIEW
 70
     0
  9
$PUCSORGTOP
 10
0.0
 20
0.0
 30
0.0
  9
$PUCSORGBOTTOM
 10
0.0
 20
0.0
 30
0.0
  9
$PUCSORGLEFT
 10
0.0
 20
0.0
 30
0.0
  9
$PUCSORGRIGHT
 10
0.0
 20
0.0
 30
0.0
  9
$PUCSORGFRONT
 10
0.0
 20
0.0
 30
0.0
  9
$PUCSORGBACK
 10
0.0
 20
0.0
 30
0.0
  9
$USERI1
 70
     0
  9
$USERI2
 70
     0
  9
$USERI3
 70
     0
  9
$USERI4
 70
     0
  9
$USERI5
 70
     0
  9
$USERR1
 40
0.0
  9
$USERR2
 40
0.0
  9
$USERR3
 40
0.0
  9
$USERR4
 40
0.0
  9
$USERR5
 40
0.0
  9
$WORLDVIEW
 70
     1
  9
$SHADEDGE
 70
     3
  9
$SHADEDIF
 70
    70
  9
$TILEMODE
 70
     1
  9
$MAXACTVP
 70
    64
  9
$PINSBASE
 10
0.0
 20
0.0
 30
0.0
  9
$PLIMCHECK
 70
     0
  9
$PEXTMIN
 10
1.000000000000000E+20
 20
1.000000000000000E+20
 30
1.000000000000000E+20
  9
$PEXTMAX
 10
-1.000000000000000E+20
 20
-1.000000000000000E+20
 30
-1.000000000000000E+20
  9
$PLIMMIN
 10
0.0
 20
0.0
  9
$PLIMMAX
 10
12.0
 20
9.0
  9
$UNITMODE
 70
     0
  9
$VISRETAIN
 70
     1
  9
$PLINEGEN
 70
     0
  9
$PSLTSCALE
 70
     1
  9
$TREEDEPTH
 70
  3020
  9
$CMLSTYLE
  2
Standard
  9
$CMLJUST
 70
     0
  9
$CMLSCALE
 40
1.0
  9
$PROXYGRAPHICS
 70
     1
  9
$MEASUREMENT
 70
     0
  9
$CELWEIGHT
370
    -1
  9
$ENDCAPS
280
     0
  9
$JOINSTYLE
280
     0
  9
$LWDISPLAY
290
     0
  9
$INSUNITS
 70
     4
  9
$HYPERLINKBASE
  1

  9
$STYLESHEET
  1

  9
$XEDIT
290
     1
  9
$CEPSNTYPE
380
     0
  9
$PSTYLEMODE
290
     1
  9
$FINGERPRINTGUID
  2
{1f41f2e1-e811-46be-81c1-725a35edb741}
  9
$VERSIONGUID
  2
{FAEB1C32-E019-11D5-929B-00C0DF256EC4}
  9
$EXTNAMES
290
     1
  9
$PSVPSCALE
 40
0.0
  9
$OLESTARTUP
290
     0
  9
$SORTENTS
280
   127
  9
$INDEXCTL
280
     0
  9
$HIDETEXT
280
     1
  9
$XCLIPFRAME
280
     2
  9
$HALOGAP
280
     0
  9
$OBSCOLOR
 70
   257
  9
$OBSLTYPE
280
     0
  9
$INTERSECTIONDISPLAY
280
     0
  9
$INTERSECTIONCOLOR
 70
   257
  9
$DIMASSOC
280
     2
  9
$PROJECTNAME
  1

  9
$CAMERADISPLAY
290
     0
  9
$LENSLENGTH
 40
50.0
  9
$CAMERAHEIGHT
 40
0.0
  9
$STEPSPERSEC
 40
2.0
  9
$STEPSIZE
 40
6.0
  9
$3DDWFPREC
 40
2.0
  9
$PSOLWIDTH
 40
0.25
  9
$PSOLHEIGHT
 40
4.0
  9
$LOFTANG1
 40
1.570796326794897
  9
$LOFTANG2
 40
1.570796326794897
  9
$LOFTMAG1
 40
0.0
  9
$LOFTMAG2
 40
0.0
  9
$LOFTPARAM
 70
     7
  9
$LOFTNORMALS
280
     1
  9
$LATITUDE
 40
37.795
  9
$LONGITUDE
 40
-122.394
  9
$NORTHDIRECTION
 40
0.0
  9
$TIMEZONE
 70
 -8000
  9
$LIGHTGLYPHDISPLAY
280
     1
  9
$TILEMODELIGHTSYNCH
280
     1
  9
$CMATERIAL
347
44
  9
$SOLIDHIST
280
     0
  9
$SHOWHIST
280
     1
  9
$DWFFRAME
280
     2
  9
$DGNFRAME
280
     2
  9
$REALWORLDSCALE
290
     1
  9
$INTERFERECOLOR
 62
   256
  9
$CSHADOW
280
     0
  9
$SHADOWPLANELOCATION
 40
0.0
  0
ENDSEC
  0
SECTION
  2
CLASSES
  0
CLASS
  1
ACDBDICTIONARYWDFLT
  2
AcDbDictionaryWithDefault
  3
ObjectDBX Classes
 90
        0
 91
        3
280
     0
281
     0
  0
CLASS
  1
VISUALSTYLE
  2
AcDbVisualStyle
  3
ObjectDBX Classes
 90
     4095
 91
        3
280
     0
281
     0
  0
CLASS
  1
MATERIAL
  2
AcDbMaterial
  3
ObjectDBX Classes
 90
     1153
 91
        3
280
     0
281
     0
  0
CLASS
  1
SCALE
  2
AcDbScale
  3
ObjectDBX Classes
 90
     1153
 91
        3
280
     0
281
     0
  0
CLASS
  1
TABLESTYLE
  2
AcDbTableStyle
  3
ObjectDBX Classes
 90
     4095
 91
        3
280
     0
281
     0
  0
CLASS
  1
MLEADERSTYLE
  2
AcDbMLeaderStyle
  3
ACDB_MLEADERSTYLE_CLASS
 90
     4095
 91
        3
280
     0
281
     0
  0
CLASS
  1
SUN
  2
AcDbSun
  3
SCENEOE
 90
     1153
 91
        3
280
     0
281
     0
  0
CLASS
  1
DICTIONARYVAR
  2
AcDbDictionaryVar
  3
ObjectDBX Classes
 90
        0
 91
        3
280
     0
281
     0
  0
CLASS
  1
CELLSTYLEMAP
  2
AcDbCellStyleMap
  3
ObjectDBX Classes
 90
     1152
 91
        3
280
     0
281
     0
  0
ENDSEC
  0
SECTION
  2
TABLES
  0
TABLE
  2
VPORT
  5
8
330
0
100
AcDbSymbolTable
 70
     1
  0
VPORT
  5
29
330
8
100
AcDbSymbolTableRecord
100
AcDbViewportTableRecord
  2
*Active
 70
     0
 10
0.0
 20
0.0
 11
1.0
 21
1.0
 12
10.42990654205607
 22
4.5
 13
0.0
 23
0.0
 14
0.5
 24
0.5
 15
0.5
 25
0.5
 16
0.0
 26
0.0
 36
1.0
 17
0.0
 27
0.0
 37
0.0
 40
9.0
 41
1.972972972850329
 42
50.0
 43
0.0
 44
0.0
 50
0.0
 51
0.0
 71
     0
 72
   100
 73
     1
 74
     3
 75
     0
 76
     0
 77
     0
 78
     0
281
     0
 65
     1
110
0.0
120
0.0
130
0.0
111
1.0
121
0.0
131
0.0
112
0.0
122
1.0
132
0.0
 79
     0
146
0.0
348
2F
 60
     3
 61
     5
292
     1
282
     1
141
0.0
142
0.0
 63
   250
361
5D
  0
ENDTAB
  0
TABLE
  2
LTYPE
  5
5
330
0
100
AcDbSymbolTable
 70
     1
  0
LTYPE
  5
14
330
5
100
AcDbSymbolTableRecord
100
AcDbLinetypeTableRecord
  2
ByBlock
 70
     0
  3

 72
    65
 73
     0
 40
0.0
  0
LTYPE
  5
15
330
5
100
AcDbSymbolTableRecord
100
AcDbLinetypeTableRecord
  2
ByLayer
 70
     0
  3

 72
    65
 73
     0
 40
0.0
  0
LTYPE
  5
16
330
5
100
AcDbSymbolTableRecord
100
AcDbLinetypeTableRecord
  2
Continuous
 70
     0
  3
Solid line
 72
    65
 73
     0
 40
0.0
  0
ENDTAB
  0
TABLE
  2
LAYER
  5
2
330
0
100
AcDbSymbolTable
 70
     2
  0
LAYER
  5
10
330
2
100
AcDbSymbolTableRecord
100
AcDbLayerTableRecord
  2
0
 70
     0
 62
     7
  6
Continuous
370
    -3
390
F
347
46
348
0
  0
LAYER
  5
5F
330
2
100
AcDbSymbolTableRecord
100
AcDbLayerTableRecord
  2
Layer 1
 70
     0
 62
     7
  6
Continuous
370
    -3
390
F
347
46
348
0
  0
ENDTAB
  0
TABLE
  2
STYLE
  5
3
330
0
100
AcDbSymbolTable
 70
     1
  0
STYLE
  5
11
330
3
100
AcDbSymbolTableRecord
100
AcDbTextStyleTableRecord
  2
Standard
 70
     0
 40
0.0
 41
1.0
 50
0.0
 71
     0
 42
0.2
  3
txt
  4

  0
ENDTAB
  0
TABLE
  2
VIEW
  5
6
330
0
100
AcDbSymbolTable
 70
     0
  0
ENDTAB
  0
TABLE
  2
UCS
  5
7
330
0
100
AcDbSymbolTable
 70
     0
  0
ENDTAB
  0
TABLE
  2
APPID
  5
9
330
0
100
AcDbSymbolTable
 70
     2
  0
APPID
  5
12
330
9
100
AcDbSymbolTableRecord
100
AcDbRegAppTableRecord
  2
ACAD
 70
     0
  0
APPID
  5
5E
330
9
100
AcDbSymbolTableRecord
100
AcDbRegAppTableRecord
  2
ODA
 70
     0
  0
ENDTAB
  0
TABLE
  2
DIMSTYLE
  5
A
330
0
100
AcDbSymbolTable
 70
     1
100
AcDbDimStyleTable
  0
DIMSTYLE
105
27
330
A
100
AcDbSymbolTableRecord
100
AcDbDimStyleTableRecord
  2
Standard
 70
     0
178
     0
340
11
  0
ENDTAB
  0
TABLE
  2
BLOCK_RECORD
  5
1
330
0
100
AcDbSymbolTable
 70
     1
  0
BLOCK_RECORD
  5
1F
330
1
100
AcDbSymbolTableRecord
100
AcDbBlockTableRecord
  2
*Model_Space
340
22
 70
     0
280
     1
281
     0
  0
BLOCK_RECORD
  5
1B
330
1
100
AcDbSymbolTableRecord
100
AcDbBlockTableRecord
  2
*Paper_Space
340
1E
 70
     0
280
     1
281
     0
  0
BLOCK_RECORD
  5
23
330
1
100
AcDbSymbolTableRecord
100
AcDbBlockTableRecord
  2
*Paper_Space0
340
26
 70
     0
280
     1
281
     0
  0
ENDTAB
  0
ENDSEC
  0
SECTION
  2
BLOCKS
  0
BLOCK
  5
20
330
1F
100
AcDbEntity
  8
0
100
AcDbBlockBegin
  2
*Model_Space
 70
     0
 10
0.0
 20
0.0
 30
0.0
  3
*Model_Space
  1

  0
ENDBLK
  5
21
330
1F
100
AcDbEntity
  8
0
100
AcDbBlockEnd
  0
BLOCK
  5
1C
330
1B
100
AcDbEntity
 67
     1
  8
0
100
AcDbBlockBegin
  2
*Paper_Space
 70
     0
 10
0.0
 20
0.0
 30
0.0
  3
*Paper_Space
  1

  0
ENDBLK
  5
1D
330
1B
100
AcDbEntity
 67
     1
  8
0
100
AcDbBlockEnd
  0
BLOCK
  5
24
330
23
100
AcDbEntity
  8
0
100
AcDbBlockBegin
  2
*Paper_Space0
 70
     0
 10
0.0
 20
0.0
 30
0.0
  3
*Paper_Space0
  1

  0
ENDBLK
  5
25
330
23
100
AcDbEntity
  8
0
100
AcDbBlockEnd
  0
ENDSEC
  0
SECTION
  2
ENTITIES
  0
SPLINE
  5
60
330
1F
100
AcDbEntity
  8
Layer 1
 62
   250
100
AcDbSpline
210
0.0
220
0.0
230
1.0
 70
    11
 71
     3
 72
    17
 73
    13
 74
     0
 42
0.0000000001
 43
0.0000000001
 40
0.0
 40
0.0
 40
0.0
 40
0.0
 40
0.25
 40
0.25
 40
0.25
 40
0.5
 40
0.5
 40
0.5
 40
0.75
 40
0.75
 40
0.75
 40
1.0
 40
1.0
 40
1.0
 40
1.0
 10
-13.1423
 20
17.9694
 30
0.0
 10
-12.9585
 20
17.8349
 30
0.0
 10
-12.779
 20
17.6734
 30
0.0
 10
-12.6043
 20
17.4896
 30
0.0
 10
-12.7028
 20
17.3284
 30
0.0
 10
-12.8238
 20
17.1802
 30
0.0
 10
-12.9762
 20
17.0504
 30
0.0
 10
-13.1511
 20
17.2162
 30
0.0
 10
-13.3261
 20
17.3594
 30
0.0
 10
-13.5053
 20
17.5122
 30
0.0
 10
-13.3843
 20
17.6734
 30
0.0
 10
-13.2633
 20
17.8304
 30
0.0
 10
-13.1423
 20
17.9694
 30
0.0
  0
SPLINE
  5
61
330
1F
100
AcDbEntity
  8
Layer 1
 62
   250
100
AcDbSpline
210
0.0
220
0.0
230
1.0
 70
    11
 71
     3
 72
    50
 73
    46
 74
     0
 42
0.0000000001
 43
0.0000000001
 40
0.0
 40
0.0
 40
0.0
 40
0.0
 40
0.0666666666666667
 40
0.0666666666666667
 40
0.0666666666666667
 40
0.1333333333333333
 40
0.1333333333333333
 40
0.1333333333333333
 40
0.2
 40
0.2
 40
0.2
 40
0.2666666666666667
 40
0.2666666666666667
 40
0.2666666666666667
 40
0.3333333333333333
 40
0.3333333333333333
 40
0.3333333333333333
 40
0.4
 40
0.4
 40
0.4
 40
0.4666666666666667
 40
0.4666666666666667
 40
0.4666666666666667
 40
0.5333333333333333
 40
0.5333333333333333
 40
0.5333333333333333
 40
0.6
 40
0.6
 40
0.6
 40
0.6666666666666666
 40
0.6666666666666666
 40
0.6666666666666666
 40
0.7333333333333333
 40
0.7333333333333333
 40
0.7333333333333333
 40
0.8
 40
0.8
 40
0.8
 40
0.8666666666666667
 40
0.8666666666666667
 40
0.8666666666666667
 40
0.9333333333333333
 40
0.9333333333333333
 40
0.9333333333333333
 40
1.0
 40
1.0
 40
1.0
 40
1.0
 10
-11.9224
 20
16.5212
 30
0.0
 10
-11.6134
 20
15.9335
 30
0.0
 10
-11.443
 20
15.3641
 30
0.0
 10
-11.443
 20
14.6825
 30
0.0
 10
-11.443
 20
14.2341
 30
0.0
 10
-11.582
 20
13.7276
 30
0.0
 10
-11.7612
 20
13.5392
 30
0.0
 10
-12.1468
 20
13.131
 30
0.0
 10
-12.7253
 20
12.8576
 30
0.0
 10
-13.2542
 20
12.8576
 30
0.0
 10
-14.0973
 20
12.8576
 30
0.0
 10
-14.6311
 20
13.4182
 30
0.0
 10
-14.6311
 20
14.2162
 30
0.0
 10
-14.6311
 20
14.7859
 30
0.0
 10
-14.4515
 20
15.1803
 30
0.0
 10
-14.2451
 20
15.5211
 30
0.0
 10
-14.2451
 20
15.5211
 30
0.0
 10
-14.0751
 20
15.4269
 30
0.0
 10
-14.0751
 20
15.4269
 30
0.0
 10
-14.2275
 20
15.1397
 30
0.0
 10
-14.3259
 20
14.7947
 30
0.0
 10
-14.3259
 20
14.5887
 30
0.0
 10
-14.3259
 20
14.2073
 30
0.0
 10
-14.2007
 20
13.9696
 30
0.0
 10
-14.0257
 20
13.8083
 30
0.0
 10
-13.8327
 20
13.6288
 30
0.0
 10
-13.5145
 20
13.5078
 30
0.0
 10
-13.1783
 20
13.5078
 30
0.0
 10
-12.8192
 20
13.5078
 30
0.0
 10
-12.3754
 20
13.6782
 30
0.0
 10
-12.0928
 20
13.8979
 30
0.0
 10
-11.8956
 20
14.0503
 30
0.0
 10
-11.7834
 20
14.1848
 30
0.0
 10
-11.7834
 20
14.2701
 30
0.0
 10
-11.7834
 20
14.5795
 30
0.0
 10
-11.8554
 20
14.8395
 30
0.0
 10
-11.9224
 20
15.0639
 30
0.0
 10
-12.0304
 20
15.4181
 30
0.0
 10
-12.156
 20
15.7137
 30
0.0
 10
-12.2992
 20
15.9472
 30
0.0
 10
-12.1916
 20
16.1353
 30
0.0
 10
-12.084
 20
16.3236
 30
0.0
 10
-11.9538
 20
16.512
 30
0.0
 10
-11.9538
 20
16.512
 30
0.0
 10
-11.9224
 20
16.5212
 30
0.0
 10
-11.9224
 20
16.5212
 30
0.0
  0
SPLINE
  5
62
330
1F
100
AcDbEntity
  8
Layer 1
 62
   250
100
AcDbSpline
210
0.0
220
0.0
230
1.0
 70
    11
 71
     3
 72
    41
 73
    37
 74
     0
 42
0.0000000001
 43
0.0000000001
 40
0.0
 40
0.0
 40
0.0
 40
0.0
 40
0.0833333333333333
 40
0.0833333333333333
 40
0.0833333333333333
 40
0.1666666666666667
 40
0.1666666666666667
 40
0.1666666666666667
 40
0.25
 40
0.25
 40
0.25
 40
0.3333333333333333
 40
0.3333333333333333
 40
0.3333333333333333
 40
0.4166666666666666
 40
0.4166666666666666
 40
0.4166666666666666
 40
0.5
 40
0.5
 40
0.5
 40
0.5833333333333333
 40
0.5833333333333333
 40
0.5833333333333333
 40
0.6666666666666666
 40
0.6666666666666666
 40
0.6666666666666666
 40
0.75
 40
0.75
 40
0.75
 40
0.8333333333333333
 40
0.8333333333333333
 40
0.8333333333333333
 40
0.9166666666666666
 40
0.9166666666666666
 40
0.9166666666666666
 40
1.0
 40
1.0
 40
1.0
 40
1.0
 10
-9.4558
 20
13.9248
 30
0.0
 10
-9.4558
 20
13.9248
 30
0.0
 10
-9.5052
 20
13.9248
 30
0.0
 10
-9.5052
 20
13.9248
 30
0.0
 10
-9.8593
 20
13.9248
 30
0.0
 10
-10.0879
 20
13.9968
 30
0.0
 10
-10.2717
 20
14.1806
 30
0.0
 10
-10.5451
 20
14.4586
 30
0.0
 10
-10.5497
 20
14.7768
 30
0.0
 10
-10.5497
 20
15.4361
 30
0.0
 10
-10.5497
 20
16.2877
 30
0.0
 10
-10.5991
 20
17.1803
 30
0.0
 10
-10.6665
 20
18.1306
 30
0.0
 10
-10.5141
 20
18.2968
 30
0.0
 10
-10.3748
 20
18.4446
 30
0.0
 10
-10.2449
 20
18.5476
 30
0.0
 10
-10.2449
 20
18.5476
 30
0.0
 10
-10.2135
 20
18.53
 30
0.0
 10
-10.2135
 20
18.53
 30
0.0
 10
-10.1419
 20
17.5479
 30
0.0
 10
-10.1419
 20
16.3865
 30
0.0
 10
-10.1419
 20
15.2834
 30
0.0
 10
-10.1419
 20
15.2834
 30
0.0
 10
-10.1419
 20
15.028
 30
0.0
 10
-10.1419
 20
15.028
 30
0.0
 10
-10.1419
 20
14.7408
 30
0.0
 10
-9.9803
 20
14.611
 30
0.0
 10
-9.8054
 20
14.5482
 30
0.0
 10
-9.6932
 20
14.5076
 30
0.0
 10
-9.5768
 20
14.4988
 30
0.0
 10
-9.5186
 20
14.4988
 30
0.0
 10
-9.5186
 20
14.4988
 30
0.0
 10
-9.4558
 20
14.4988
 30
0.0
 10
-9.4558
 20
14.4988
 30
0.0
 10
-9.4558
 20
14.4988
 30
0.0
 10
-9.4558
 20
13.9248
 30
0.0
 10
-9.4558
 20
13.9248
 30
0.0
  0
SPLINE
  5
63
330
1F
100
AcDbEntity
  8
Layer 1
 62
   250
100
AcDbSpline
210
0.0
220
0.0
230
1.0
 70
    11
 71
     3
 72
    20
 73
    16
 74
     0
 42
0.0000000001
 43
0.0000000001
 40
0.0
 40
0.0
 40
0.0
 40
0.0
 40
0.2
 40
0.2
 40
0.2
 40
0.4
 40
0.4
 40
0.4
 40
0.6000000000000001
 40
0.6000000000000001
 40
0.6000000000000001
 40
0.8
 40
0.8
 40
0.8
 40
1.0
 40
1.0
 40
1.0
 40
1.0
 10
-7.7874
 20
14.6781
 30
0.0
 10
-7.6171
 20
14.6065
 30
0.0
 10
-7.4333
 20
14.5479
 30
0.0
 10
-7.254
 20
14.5479
 30
0.0
 10
-7.1867
 20
14.5479
 30
0.0
 10
-7.1285
 20
14.5571
 30
0.0
 10
-7.1105
 20
14.5973
 30
0.0
 10
-7.2406
 20
15.2743
 30
0.0
 10
-7.5366
 20
15.5748
 30
0.0
 10
-7.8188
 20
15.5748
 30
0.0
 10
-8.0743
 20
15.5748
 30
0.0
 10
-8.2898
 20
15.4316
 30
0.0
 10
-8.4196
 20
15.1353
 30
0.0
 10
-8.2852
 20
14.9338
 30
0.0
 10
-8.0566
 20
14.7903
 30
0.0
 10
-7.7874
 20
14.6781
 30
0.0
  0
SPLINE
  5
64
330
1F
100
AcDbEntity
  8
Layer 1
 62
   250
100
AcDbSpline
210
0.0
220
0.0
230
1.0
 70
    11
 71
     3
 72
    41
 73
    37
 74
     0
 42
0.0000000001
 43
0.0000000001
 40
0.0
 40
0.0
 40
0.0
 40
0.0
 40
0.0833333333333333
 40
0.0833333333333333
 40
0.0833333333333333
 40
0.1666666666666667
 40
0.1666666666666667
 40
0.1666666666666667
 40
0.25
 40
0.25
 40
0.25
 40
0.3333333333333333
 40
0.3333333333333333
 40
0.3333333333333333
 40
0.4166666666666666
 40
0.4166666666666666
 40
0.4166666666666666
 40
0.5
 40
0.5
 40
0.5
 40
0.5833333333333333
 40
0.5833333333333333
 40
0.5833333333333333
 40
0.6666666666666666
 40
0.6666666666666666
 40
0.6666666666666666
 40
0.75
 40
0.75
 40
0.75
 40
0.8333333333333333
 40
0.8333333333333333
 40
0.8333333333333333
 40
0.9166666666666666
 40
0.9166666666666666
 40
0.9166666666666666
 40
1.0
 40
1.0
 40
1.0
 40
1.0
 10
-9.357
 20
14.4989
 30
0.0
 10
-9.025
 20
14.4989
 30
0.0
 10
-8.765
 20
14.7275
 30
0.0
 10
-8.6034
 20
15.2926
 30
0.0
 10
-8.5544
 20
15.4718
 30
0.0
 10
-8.4376
 20
15.6556
 30
0.0
 10
-8.2718
 20
15.8348
 30
0.0
 10
-8.106
 20
15.9872
 30
0.0
 10
-7.9219
 20
16.0952
 30
0.0
 10
-7.7067
 20
16.0952
 30
0.0
 10
-7.1599
 20
16.0952
 30
0.0
 10
-6.8371
 20
15.3417
 30
0.0
 10
-6.7651
 20
14.5571
 30
0.0
 10
-6.8593
 20
14.1489
 30
0.0
 10
-7.0251
 20
13.9785
 30
0.0
 10
-7.2406
 20
13.9785
 30
0.0
 10
-7.6844
 20
13.9785
 30
0.0
 10
-8.1282
 20
14.1803
 30
0.0
 10
-8.5724
 20
14.5077
 30
0.0
 10
-8.5724
 20
14.5077
 30
0.0
 10
-8.6034
 20
14.5077
 30
0.0
 10
-8.6034
 20
14.5077
 30
0.0
 10
-8.7202
 20
14.1129
 30
0.0
 10
-8.976
 20
13.9249
 30
0.0
 10
-9.3792
 20
13.9249
 30
0.0
 10
-9.3792
 20
13.9249
 30
0.0
 10
-9.4557
 20
13.9249
 30
0.0
 10
-9.4557
 20
13.9249
 30
0.0
 10
-9.7023
 20
13.9249
 30
0.0
 10
-9.7693
 20
14.1041
 30
0.0
 10
-9.7693
 20
14.2251
 30
0.0
 10
-9.7693
 20
14.3327
 30
0.0
 10
-9.6977
 20
14.4989
 30
0.0
 10
-9.4557
 20
14.4989
 30
0.0
 10
-9.4557
 20
14.4989
 30
0.0
 10
-9.357
 20
14.4989
 30
0.0
 10
-9.357
 20
14.4989
 30
0.0
  0
SPLINE
  5
65
330
1F
100
AcDbEntity
  8
Layer 1
 62
   250
100
AcDbSpline
210
0.0
220
0.0
230
1.0
 70
    11
 71
     3
 72
    47
 73
    43
 74
     0
 42
0.0000000001
 43
0.0000000001
 40
0.0
 40
0.0
 40
0.0
 40
0.0
 40
0.0714285714285714
 40
0.0714285714285714
 40
0.0714285714285714
 40
0.1428571428571428
 40
0.1428571428571428
 40
0.1428571428571428
 40
0.2142857142857143
 40
0.2142857142857143
 40
0.2142857142857143
 40
0.2857142857142857
 40
0.2857142857142857
 40
0.2857142857142857
 40
0.3571428571428571
 40
0.3571428571428571
 40
0.3571428571428571
 40
0.4285714285714285
 40
0.4285714285714285
 40
0.4285714285714285
 40
0.5
 40
0.5
 40
0.5
 40
0.5714285714285714
 40
0.5714285714285714
 40
0.5714285714285714
 40
0.6428571428571428
 40
0.6428571428571428
 40
0.6428571428571428
 40
0.7142857142857142
 40
0.7142857142857142
 40
0.7142857142857142
 40
0.7857142857142857
 40
0.7857142857142857
 40
0.7857142857142857
 40
0.8571428571428571
 40
0.8571428571428571
 40
0.8571428571428571
 40
0.9285714285714285
 40
0.9285714285714285
 40
0.9285714285714285
 40
1.0
 40
1.0
 40
1.0
 40
1.0
 10
-5.3209
 20
16.2385
 30
0.0
 10
-5.3209
 20
16.2385
 30
0.0
 10
-5.0024
 20
15.6332
 30
0.0
 10
-5.0024
 20
15.6332
 30
0.0
 10
-4.886
 20
15.4088
 30
0.0
 10
-4.7784
 20
15.1668
 30
0.0
 10
-4.7784
 20
14.7812
 30
0.0
 10
-4.7784
 20
14.7812
 30
0.0
 10
-4.7784
 20
14.288
 30
0.0
 10
-4.7784
 20
14.288
 30
0.0
 10
-4.7784
 20
13.889
 30
0.0
 10
-4.9935
 20
13.4629
 30
0.0
 10
-5.3432
 20
13.0413
 30
0.0
 10
-5.6169
 20
12.7545
 30
0.0
 10
-5.8589
 20
12.6335
 30
0.0
 10
-6.0833
 20
12.6335
 30
0.0
 10
-6.4149
 20
12.6335
 30
0.0
 10
-6.7962
 20
12.7545
 30
0.0
 10
-7.2355
 20
12.9785
 30
0.0
 10
-7.2355
 20
12.9785
 30
0.0
 10
-7.1864
 20
13.1309
 30
0.0
 10
-7.1864
 20
13.1309
 30
0.0
 10
-7.0474
 20
13.0861
 30
0.0
 10
-6.8858
 20
13.0505
 30
0.0
 10
-6.6883
 20
13.0505
 30
0.0
 10
-6.0561
 20
13.0551
 30
0.0
 10
-5.4105
 20
13.5976
 30
0.0
 10
-5.1146
 20
14.2612
 30
0.0
 10
-5.0786
 20
14.3374
 30
0.0
 10
-5.0652
 20
14.409
 30
0.0
 10
-5.0652
 20
14.4584
 30
0.0
 10
-5.0652
 20
14.5346
 30
0.0
 10
-5.1011
 20
14.62
 30
0.0
 10
-5.128
 20
14.6958
 30
0.0
 10
-5.2895
 20
15.055
 30
0.0
 10
-5.4687
 20
15.382
 30
0.0
 10
-5.6663
 20
15.6825
 30
0.0
 10
-5.5629
 20
15.8755
 30
0.0
 10
-5.4599
 20
16.0593
 30
0.0
 10
-5.3477
 20
16.2431
 30
0.0
 10
-5.3477
 20
16.2431
 30
0.0
 10
-5.3209
 20
16.2385
 30
0.0
 10
-5.3209
 20
16.2385
 30
0.0
  0
SPLINE
  5
66
330
1F
100
AcDbEntity
  8
Layer 1
 62
   250
100
AcDbSpline
210
0.0
220
0.0
230
1.0
 70
    11
 71
     3
 72
    32
 73
    28
 74
     0
 42
0.0000000001
 43
0.0000000001
 40
0.0
 40
0.0
 40
0.0
 40
0.0
 40
0.1111111111111111
 40
0.1111111111111111
 40
0.1111111111111111
 40
0.2222222222222222
 40
0.2222222222222222
 40
0.2222222222222222
 40
0.3333333333333333
 40
0.3333333333333333
 40
0.3333333333333333
 40
0.4444444444444444
 40
0.4444444444444444
 40
0.4444444444444444
 40
0.5555555555555556
 40
0.5555555555555556
 40
0.5555555555555556
 40
0.6666666666666666
 40
0.6666666666666666
 40
0.6666666666666666
 40
0.7777777777777777
 40
0.7777777777777777
 40
0.7777777777777777
 40
0.8888888888888888
 40
0.8888888888888888
 40
0.8888888888888888
 40
1.0
 40
1.0
 40
1.0
 40
1.0
 10
-3.8139
 20
13.8485
 30
0.0
 10
-3.7691
 20
14.1311
 30
0.0
 10
-3.7645
 20
14.4496
 30
0.0
 10
-3.7645
 20
14.7452
 30
0.0
 10
-3.7645
 20
14.7452
 30
0.0
 10
-3.7645
 20
15.1848
 30
0.0
 10
-3.7645
 20
15.1848
 30
0.0
 10
-3.7645
 20
16.0054
 30
0.0
 10
-3.8541
 20
17.1981
 30
0.0
 10
-3.9257
 20
17.9739
 30
0.0
 10
-3.8005
 20
18.1351
 30
0.0
 10
-3.6255
 20
18.3238
 30
0.0
 10
-3.4865
 20
18.4494
 30
0.0
 10
-3.4865
 20
18.4494
 30
0.0
 10
-3.4463
 20
18.4357
 30
0.0
 10
-3.4463
 20
18.4357
 30
0.0
 10
-3.3518
 20
17.4581
 30
0.0
 10
-3.3295
 20
16.3239
 30
0.0
 10
-3.3295
 20
15.279
 30
0.0
 10
-3.3295
 20
15.0056
 30
0.0
 10
-3.3384
 20
14.7364
 30
0.0
 10
-3.3609
 20
14.5392
 30
0.0
 10
-3.3743
 20
14.2926
 30
0.0
 10
-3.4953
 20
14.1043
 30
0.0
 10
-3.7553
 20
13.8171
 30
0.0
 10
-3.7553
 20
13.8171
 30
0.0
 10
-3.8139
 20
13.8485
 30
0.0
 10
-3.8139
 20
13.8485
 30
0.0
  0
SPLINE
  5
67
330
1F
100
AcDbEntity
  8
Layer 1
 62
   250
100
AcDbSpline
210
0.0
220
0.0
230
1.0
 70
    11
 71
     3
 72
    38
 73
    34
 74
     0
 42
0.0000000001
 43
0.0000000001
 40
0.0
 40
0.0
 40
0.0
 40
0.0
 40
0.0909090909090909
 40
0.0909090909090909
 40
0.0909090909090909
 40
0.1818181818181818
 40
0.1818181818181818
 40
0.1818181818181818
 40
0.2727272727272727
 40
0.2727272727272727
 40
0.2727272727272727
 40
0.3636363636363636
 40
0.3636363636363636
 40
0.3636363636363636
 40
0.4545454545454546
 40
0.4545454545454546
 40
0.4545454545454546
 40
0.5454545454545454
 40
0.5454545454545454
 40
0.5454545454545454
 40
0.6363636363636364
 40
0.6363636363636364
 40
0.6363636363636364
 40
0.7272727272727273
 40
0.7272727272727273
 40
0.7272727272727273
 40
0.8181818181818182
 40
0.8181818181818182
 40
0.8181818181818182
 40
0.9090909090909092
 40
0.9090909090909092
 40
0.9090909090909092
 40
1.0
 40
1.0
 40
1.0
 40
1.0
 10
-2.6212
 20
19.3684
 30
0.0
 10
-2.666
 20
19.2428
 30
0.0
 10
-2.7062
 20
19.1126
 30
0.0
 10
-2.751
 20
19.0322
 30
0.0
 10
-2.9214
 20
18.8886
 30
0.0
 10
-3.1277
 20
18.8167
 30
0.0
 10
-3.3789
 20
18.8167
 30
0.0
 10
-3.6615
 20
18.8167
 30
0.0
 10
-3.9843
 20
18.8932
 30
0.0
 10
-4.2083
 20
18.8932
 30
0.0
 10
-4.2803
 20
18.8932
 30
0.0
 10
-4.3607
 20
18.7316
 30
0.0
 10
-4.4595
 20
18.5478
 30
0.0
 10
-4.4595
 20
18.5478
 30
0.0
 10
-4.4909
 20
18.5478
 30
0.0
 10
-4.4909
 20
18.5478
 30
0.0
 10
-4.4909
 20
18.5478
 30
0.0
 10
-4.6433
 20
18.8212
 30
0.0
 10
-4.6433
 20
18.8212
 30
0.0
 10
-4.6433
 20
19.0322
 30
0.0
 10
-4.5537
 20
19.319
 30
0.0
 10
-4.2355
 20
19.319
 30
0.0
 10
-3.9257
 20
19.319
 30
0.0
 10
-3.6029
 20
19.1846
 30
0.0
 10
-3.2625
 20
19.1846
 30
0.0
 10
-3.1411
 20
19.1846
 30
0.0
 10
-3.0201
 20
19.198
 30
0.0
 10
-2.8946
 20
19.2474
 30
0.0
 10
-2.8141
 20
19.2788
 30
0.0
 10
-2.7242
 20
19.3282
 30
0.0
 10
-2.6434
 20
19.3906
 30
0.0
 10
-2.6434
 20
19.3906
 30
0.0
 10
-2.6212
 20
19.3684
 30
0.0
 10
-2.6212
 20
19.3684
 30
0.0
  0
SPLINE
  5
68
330
1F
100
AcDbEntity
  8
Layer 1
 62
   250
100
AcDbSpline
210
0.0
220
0.0
230
1.0
 70
    11
 71
     3
 72
    74
 73
    70
 74
     0
 42
0.0000000001
 43
0.0000000001
 40
0.0
 40
0.0
 40
0.0
 40
0.0
 40
0.0434782608695652
 40
0.0434782608695652
 40
0.0434782608695652
 40
0.0869565217391304
 40
0.0869565217391304
 40
0.0869565217391304
 40
0.1304347826086956
 40
0.1304347826086956
 40
0.1304347826086956
 40
0.1739130434782609
 40
0.1739130434782609
 40
0.1739130434782609
 40
0.2173913043478261
 40
0.2173913043478261
 40
0.2173913043478261
 40
0.2608695652173913
 40
0.2608695652173913
 40
0.2608695652173913
 40
0.3043478260869565
 40
0.3043478260869565
 40
0.3043478260869565
 40
0.3478260869565217
 40
0.3478260869565217
 40
0.3478260869565217
 40
0.3913043478260869
 40
0.3913043478260869
 40
0.3913043478260869
 40
0.4347826086956522
 40
0.4347826086956522
 40
0.4347826086956522
 40
0.4782608695652174
 40
0.4782608695652174
 40
0.4782608695652174
 40
0.5217391304347826
 40
0.5217391304347826
 40
0.5217391304347826
 40
0.5652173913043478
 40
0.5652173913043478
 40
0.5652173913043478
 40
0.6086956521739131
 40
0.6086956521739131
 40
0.6086956521739131
 40
0.6521739130434783
 40
0.6521739130434783
 40
0.6521739130434783
 40
0.6956521739130435
 40
0.6956521739130435
 40
0.6956521739130435
 40
0.7391304347826086
 40
0.7391304347826086
 40
0.7391304347826086
 40
0.7826086956521738
 40
0.7826086956521738
 40
0.7826086956521738
 40
0.8260869565217391
 40
0.8260869565217391
 40
0.8260869565217391
 40
0.8695652173913043
 40
0.8695652173913043
 40
0.8695652173913043
 40
0.9130434782608695
 40
0.9130434782608695
 40
0.9130434782608695
 40
0.9565217391304348
 40
0.9565217391304348
 40
0.9565217391304348
 40
1.0
 40
1.0
 40
1.0
 40
1.0
 10
3.0874
 20
15.6422
 30
0.0
 10
3.0024
 20
16.0235
 30
0.0
 10
2.8726
 20
16.2027
 30
0.0
 10
2.7466
 20
16.2027
 30
0.0
 10
2.5498
 20
16.2027
 30
0.0
 10
2.2714
 20
16.0726
 30
0.0
 10
2.034
 20
15.8845
 30
0.0
 10
1.7829
 20
15.687
 30
0.0
 10
1.5945
 20
15.4672
 30
0.0
 10
1.5945
 20
15.306
 30
0.0
 10
1.5945
 20
14.907
 30
0.0
 10
2.76
 20
14.956
 30
0.0
 10
3.074
 20
14.7006
 30
0.0
 10
3.1908
 20
14.593
 30
0.0
 10
3.2712
 20
14.4494
 30
0.0
 10
3.2712
 20
14.1983
 30
0.0
 10
3.2712
 20
13.9605
 30
0.0
 10
3.11
 20
13.5661
 30
0.0
 10
2.9036
 20
13.3689
 30
0.0
 10
2.4644
 20
12.9561
 30
0.0
 10
1.7783
 20
12.6245
 30
0.0
 10
1.173
 20
12.6245
 30
0.0
 10
0.128
 20
12.6245
 30
0.0
 10
-0.3785
 20
13.3283
 30
0.0
 10
-0.3785
 20
14.2699
 30
0.0
 10
-0.3785
 20
14.6869
 30
0.0
 10
-0.2844
 20
15.046
 30
0.0
 10
-0.1408
 20
15.3776
 30
0.0
 10
-0.1408
 20
15.3776
 30
0.0
 10
0.0342
 20
15.3194
 30
0.0
 10
0.0342
 20
15.3194
 30
0.0
 10
-0.0646
 20
15.0188
 30
0.0
 10
-0.1048
 20
14.7634
 30
0.0
 10
-0.1048
 20
14.5345
 30
0.0
 10
-0.1048
 20
13.6871
 30
0.0
 10
0.4734
 20
13.2299
 30
0.0
 10
1.2135
 20
13.2299
 30
0.0
 10
1.4915
 20
13.2299
 30
0.0
 10
1.9709
 20
13.3375
 30
0.0
 10
2.4238
 20
13.6021
 30
0.0
 10
2.711
 20
13.7725
 30
0.0
 10
2.9798
 20
13.9831
 30
0.0
 10
2.9798
 20
14.0505
 30
0.0
 10
2.9798
 20
14.1849
 30
0.0
 10
2.6528
 20
14.2882
 30
0.0
 10
2.2806
 20
14.3418
 30
0.0
 10
1.8858
 20
14.4001
 30
0.0
 10
1.5765
 20
14.4854
 30
0.0
 10
1.4601
 20
14.6152
 30
0.0
 10
1.3659
 20
14.7186
 30
0.0
 10
1.294
 20
14.8438
 30
0.0
 10
1.294
 20
15.0188
 30
0.0
 10
1.294
 20
15.4718
 30
0.0
 10
1.4869
 20
15.8528
 30
0.0
 10
1.7917
 20
16.1714
 30
0.0
 10
2.1056
 20
16.4941
 30
0.0
 10
2.5946
 20
16.8081
 30
0.0
 10
2.9036
 20
16.8081
 30
0.0
 10
3.0472
 20
16.8081
 30
0.0
 10
3.1505
 20
16.7365
 30
0.0
 10
3.231
 20
16.5703
 30
0.0
 10
3.3026
 20
16.4179
 30
0.0
 10
3.3386
 20
16.2698
 30
0.0
 10
3.3386
 20
16.1488
 30
0.0
 10
3.3386
 20
16.0412
 30
0.0
 10
3.231
 20
15.808
 30
0.0
 10
3.1548
 20
15.651
 30
0.0
 10
3.1548
 20
15.651
 30
0.0
 10
3.0874
 20
15.6422
 30
0.0
 10
3.0874
 20
15.6422
 30
0.0
  0
SPLINE
  5
69
330
1F
100
AcDbEntity
  8
Layer 1
 62
   250
100
AcDbSpline
210
0.0
220
0.0
230
1.0
 70
    11
 71
     3
 72
    56
 73
    52
 74
     0
 42
0.0000000001
 43
0.0000000001
 40
0.0
 40
0.0
 40
0.0
 40
0.0
 40
0.0588235294117647
 40
0.0588235294117647
 40
0.0588235294117647
 40
0.1176470588235294
 40
0.1176470588235294
 40
0.1176470588235294
 40
0.1764705882352941
 40
0.1764705882352941
 40
0.1764705882352941
 40
0.2352941176470588
 40
0.2352941176470588
 40
0.2352941176470588
 40
0.2941176470588235
 40
0.2941176470588235
 40
0.2941176470588235
 40
0.3529411764705882
 40
0.3529411764705882
 40
0.3529411764705882
 40
0.4117647058823529
 40
0.4117647058823529
 40
0.4117647058823529
 40
0.4705882352941176
 40
0.4705882352941176
 40
0.4705882352941176
 40
0.5294117647058824
 40
0.5294117647058824
 40
0.5294117647058824
 40
0.5882352941176471
 40
0.5882352941176471
 40
0.5882352941176471
 40
0.6470588235294118
 40
0.6470588235294118
 40
0.6470588235294118
 40
0.7058823529411764
 40
0.7058823529411764
 40
0.7058823529411764
 40
0.7647058823529411
 40
0.7647058823529411
 40
0.7647058823529411
 40
0.8235294117647058
 40
0.8235294117647058
 40
0.8235294117647058
 40
0.8823529411764706
 40
0.8823529411764706
 40
0.8823529411764706
 40
0.9411764705882353
 40
0.9411764705882353
 40
0.9411764705882353
 40
1.0
 40
1.0
 40
1.0
 40
1.0
 10
5.1238
 20
15.4673
 30
0.0
 10
5.3796
 20
14.8528
 30
0.0
 10
5.6128
 20
14.4986
 30
0.0
 10
6.1327
 20
14.4986
 30
0.0
 10
6.1327
 20
14.4986
 30
0.0
 10
6.2135
 20
14.4986
 30
0.0
 10
6.2135
 20
14.4986
 30
0.0
 10
6.2135
 20
14.4986
 30
0.0
 10
6.2135
 20
13.9247
 30
0.0
 10
6.2135
 20
13.9247
 30
0.0
 10
6.2135
 20
13.9247
 30
0.0
 10
6.1193
 20
13.9247
 30
0.0
 10
6.1193
 20
13.9247
 30
0.0
 10
5.9221
 20
13.9247
 30
0.0
 10
5.7786
 20
13.9652
 30
0.0
 10
5.6664
 20
14.0682
 30
0.0
 10
5.6664
 20
14.0682
 30
0.0
 10
5.6484
 20
14.0682
 30
0.0
 10
5.6484
 20
14.0682
 30
0.0
 10
5.653
 20
14.0146
 30
0.0
 10
5.6576
 20
13.9606
 30
0.0
 10
5.6576
 20
13.9112
 30
0.0
 10
5.6576
 20
13.7006
 30
0.0
 10
5.5993
 20
13.4315
 30
0.0
 10
5.4783
 20
13.2163
 30
0.0
 10
5.1238
 20
12.5933
 30
0.0
 10
4.7382
 20
12.3241
 30
0.0
 10
4.4066
 20
12.3241
 30
0.0
 10
4.0704
 20
12.3241
 30
0.0
 10
3.6577
 20
12.4765
 30
0.0
 10
3.2855
 20
12.6737
 30
0.0
 10
3.2855
 20
12.6737
 30
0.0
 10
3.3525
 20
12.8261
 30
0.0
 10
3.3525
 20
12.8261
 30
0.0
 10
3.4739
 20
12.7679
 30
0.0
 10
3.6397
 20
12.7277
 30
0.0
 10
3.8683
 20
12.7277
 30
0.0
 10
4.4694
 20
12.7277
 30
0.0
 10
5.2586
 20
13.4092
 30
0.0
 10
5.357
 20
14.0728
 30
0.0
 10
5.3348
 20
14.1264
 30
0.0
 10
5.2942
 20
14.1984
 30
0.0
 10
5.236
 20
14.2746
 30
0.0
 10
5.061
 20
14.5212
 30
0.0
 10
4.9492
 20
14.7276
 30
0.0
 10
4.8458
 20
14.9428
 30
0.0
 10
4.9358
 20
15.1491
 30
0.0
 10
5.0162
 20
15.3149
 30
0.0
 10
5.0924
 20
15.4628
 30
0.0
 10
5.0924
 20
15.4628
 30
0.0
 10
5.1238
 20
15.4673
 30
0.0
 10
5.1238
 20
15.4673
 30
0.0
  0
SPLINE
  5
6A
330
1F
100
AcDbEntity
  8
Layer 1
 62
   250
100
AcDbSpline
210
0.0
220
0.0
230
1.0
 70
    11
 71
     3
 72
    17
 73
    13
 74
     0
 42
0.0000000001
 43
0.0000000001
 40
0.0
 40
0.0
 40
0.0
 40
0.0
 40
0.25
 40
0.25
 40
0.25
 40
0.5
 40
0.5
 40
0.5
 40
0.75
 40
0.75
 40
0.75
 40
1.0
 40
1.0
 40
1.0
 40
1.0
 10
9.2093
 20
14.4269
 30
0.0
 10
9.4605
 20
14.4269
 30
0.0
 10
9.6849
 20
14.5123
 30
0.0
 10
9.6849
 20
14.6287
 30
0.0
 10
9.6849
 20
14.9201
 30
0.0
 10
9.2859
 20
15.2387
 30
0.0
 10
8.7207
 20
15.5975
 30
0.0
 10
8.6851
 20
15.2387
 30
0.0
 10
8.5726
 20
14.8979
 30
0.0
 10
8.3757
 20
14.5525
 30
0.0
 10
8.6174
 20
14.4717
 30
0.0
 10
8.8819
 20
14.4269
 30
0.0
 10
9.2093
 20
14.4269
 30
0.0
  0
SPLINE
  5
6B
330
1F
100
AcDbEntity
  8
Layer 1
 62
   250
100
AcDbSpline
210
0.0
220
0.0
230
1.0
 70
    11
 71
     3
 72
    17
 73
    13
 74
     0
 42
0.0000000001
 43
0.0000000001
 40
0.0
 40
0.0
 40
0.0
 40
0.0
 40
0.25
 40
0.25
 40
0.25
 40
0.5
 40
0.5
 40
0.5
 40
0.75
 40
0.75
 40
0.75
 40
1.0
 40
1.0
 40
1.0
 40
1.0
 10
8.4205
 20
15.2609
 30
0.0
 10
8.4205
 20
15.6377
 30
0.0
 10
8.1513
 20
15.9739
 30
0.0
 10
7.9584
 20
15.9739
 30
0.0
 10
7.6222
 20
15.9739
 30
0.0
 10
7.2182
 20
15.4987
 30
0.0
 10
7.2182
 20
15.2655
 30
0.0
 10
7.2182
 20
15.1219
 30
0.0
 10
7.3844
 20
14.9113
 30
0.0
 10
7.7118
 20
14.7455
 30
0.0
 10
7.9316
 20
14.8217
 30
0.0
 10
8.4205
 20
15.0147
 30
0.0
 10
8.4205
 20
15.2609
 30
0.0
  0
SPLINE
  5
6C
330
1F
100
AcDbEntity
  8
Layer 1
 62
   250
100
AcDbSpline
210
0.0
220
0.0
230
1.0
 70
    11
 71
     3
 72
    50
 73
    46
 74
     0
 42
0.0000000001
 43
0.0000000001
 40
0.0
 40
0.0
 40
0.0
 40
0.0
 40
0.0666666666666667
 40
0.0666666666666667
 40
0.0666666666666667
 40
0.1333333333333333
 40
0.1333333333333333
 40
0.1333333333333333
 40
0.2
 40
0.2
 40
0.2
 40
0.2666666666666667
 40
0.2666666666666667
 40
0.2666666666666667
 40
0.3333333333333333
 40
0.3333333333333333
 40
0.3333333333333333
 40
0.4
 40
0.4
 40
0.4
 40
0.4666666666666667
 40
0.4666666666666667
 40
0.4666666666666667
 40
0.5333333333333333
 40
0.5333333333333333
 40
0.5333333333333333
 40
0.6
 40
0.6
 40
0.6
 40
0.6666666666666666
 40
0.6666666666666666
 40
0.6666666666666666
 40
0.7333333333333333
 40
0.7333333333333333
 40
0.7333333333333333
 40
0.8
 40
0.8
 40
0.8
 40
0.8666666666666667
 40
0.8666666666666667
 40
0.8666666666666667
 40
0.9333333333333333
 40
0.9333333333333333
 40
0.9333333333333333
 40
1.0
 40
1.0
 40
1.0
 40
1.0
 10
6.2947
 20
14.4989
 30
0.0
 10
6.5145
 20
14.4989
 30
0.0
 10
6.815
 20
14.5211
 30
0.0
 10
7.093
 20
14.6287
 30
0.0
 10
7.0214
 20
14.8171
 30
0.0
 10
6.9946
 20
15.0323
 30
0.0
 10
6.9946
 20
15.2429
 30
0.0
 10
6.9946
 20
15.5167
 30
0.0
 10
7.0796
 20
15.7858
 30
0.0
 10
7.2768
 20
16.0592
 30
0.0
 10
7.4024
 20
16.2296
 30
0.0
 10
7.5414
 20
16.3774
 30
0.0
 10
7.7164
 20
16.4762
 30
0.0
 10
7.7298
 20
16.6198
 30
0.0
 10
7.7566
 20
16.7722
 30
0.0
 10
7.7972
 20
16.9246
 30
0.0
 10
7.7972
 20
16.9246
 30
0.0
 10
7.8331
 20
16.9246
 30
0.0
 10
7.8331
 20
16.9246
 30
0.0
 10
8.2589
 20
16.5076
 30
0.0
 10
8.8911
 20
16.122
 30
0.0
 10
9.4111
 20
15.7276
 30
0.0
 10
9.8016
 20
15.4316
 30
0.0
 10
9.9671
 20
15.1625
 30
0.0
 10
9.9671
 20
14.7635
 30
0.0
 10
9.9671
 20
14.3193
 30
0.0
 10
9.6891
 20
13.9249
 30
0.0
 10
9.0749
 20
13.9249
 30
0.0
 10
8.7027
 20
13.9249
 30
0.0
 10
8.1334
 20
14.0413
 30
0.0
 10
7.546
 20
14.2297
 30
0.0
 10
7.0482
 20
14.0234
 30
0.0
 10
6.6626
 20
13.9249
 30
0.0
 10
6.3173
 20
13.9249
 30
0.0
 10
6.3173
 20
13.9249
 30
0.0
 10
6.2142
 20
13.9249
 30
0.0
 10
6.2142
 20
13.9249
 30
0.0
 10
5.9676
 20
13.9249
 30
0.0
 10
5.9003
 20
14.1041
 30
0.0
 10
5.9003
 20
14.2251
 30
0.0
 10
5.9003
 20
14.3327
 30
0.0
 10
5.9719
 20
14.4989
 30
0.0
 10
6.2142
 20
14.4989
 30
0.0
 10
6.2142
 20
14.4989
 30
0.0
 10
6.2947
 20
14.4989
 30
0.0
 10
6.2947
 20
14.4989
 30
0.0
  0
SPLINE
  5
6D
330
1F
100
AcDbEntity
  8
Layer 1
 62
   250
100
AcDbSpline
210
0.0
220
0.0
230
1.0
 70
    11
 71
     3
 72
    32
 73
    28
 74
     0
 42
0.0000000001
 43
0.0000000001
 40
0.0
 40
0.0
 40
0.0
 40
0.0
 40
0.1111111111111111
 40
0.1111111111111111
 40
0.1111111111111111
 40
0.2222222222222222
 40
0.2222222222222222
 40
0.2222222222222222
 40
0.3333333333333333
 40
0.3333333333333333
 40
0.3333333333333333
 40
0.4444444444444444
 40
0.4444444444444444
 40
0.4444444444444444
 40
0.5555555555555556
 40
0.5555555555555556
 40
0.5555555555555556
 40
0.6666666666666666
 40
0.6666666666666666
 40
0.6666666666666666
 40
0.7777777777777777
 40
0.7777777777777777
 40
0.7777777777777777
 40
0.8888888888888888
 40
0.8888888888888888
 40
0.8888888888888888
 40
1.0
 40
1.0
 40
1.0
 40
1.0
 10
10.7931
 20
13.8485
 30
0.0
 10
10.8379
 20
14.1311
 30
0.0
 10
10.8424
 20
14.4496
 30
0.0
 10
10.8424
 20
14.7452
 30
0.0
 10
10.8424
 20
14.7452
 30
0.0
 10
10.8424
 20
15.1848
 30
0.0
 10
10.8424
 20
15.1848
 30
0.0
 10
10.8424
 20
16.0054
 30
0.0
 10
10.7528
 20
17.1981
 30
0.0
 10
10.6809
 20
17.9739
 30
0.0
 10
10.8065
 20
18.1351
 30
0.0
 10
10.9811
 20
18.3238
 30
0.0
 10
11.1204
 20
18.4494
 30
0.0
 10
11.1204
 20
18.4494
 30
0.0
 10
11.1606
 20
18.4357
 30
0.0
 10
11.1606
 20
18.4357
 30
0.0
 10
11.2548
 20
17.4581
 30
0.0
 10
11.2771
 20
16.3239
 30
0.0
 10
11.2771
 20
15.279
 30
0.0
 10
11.2771
 20
15.0056
 30
0.0
 10
11.2682
 20
14.7364
 30
0.0
 10
11.2457
 20
14.5392
 30
0.0
 10
11.2323
 20
14.2926
 30
0.0
 10
11.1113
 20
14.1043
 30
0.0
 10
10.8513
 20
13.8171
 30
0.0
 10
10.8513
 20
13.8171
 30
0.0
 10
10.7931
 20
13.8485
 30
0.0
 10
10.7931
 20
13.8485
 30
0.0
  0
SPLINE
  5
6E
330
1F
100
AcDbEntity
  8
Layer 1
 62
   250
100
AcDbSpline
210
0.0
220
0.0
230
1.0
 70
    11
 71
     3
 72
    20
 73
    16
 74
     0
 42
0.0000000001
 43
0.0000000001
 40
0.0
 40
0.0
 40
0.0
 40
0.0
 40
0.2
 40
0.2
 40
0.2
 40
0.4
 40
0.4
 40
0.4
 40
0.6000000000000001
 40
0.6000000000000001
 40
0.6000000000000001
 40
0.8
 40
0.8
 40
0.8
 40
1.0
 40
1.0
 40
1.0
 40
1.0
 10
13.4881
 20
15.1535
 30
0.0
 10
13.3449
 20
15.3151
 30
0.0
 10
13.1787
 20
15.4043
 30
0.0
 10
13.0129
 20
15.4043
 30
0.0
 10
12.7618
 20
15.4043
 30
0.0
 10
12.5064
 20
15.1895
 30
0.0
 10
12.5064
 20
15.0099
 30
0.0
 10
12.5064
 20
14.7813
 30
0.0
 10
12.717
 20
14.6466
 30
0.0
 10
12.9953
 20
14.5658
 30
0.0
 10
13.2415
 20
14.4988
 30
0.0
 10
13.5104
 20
14.4988
 30
0.0
 10
13.8021
 20
14.4988
 30
0.0
 10
13.7527
 20
14.7499
 30
0.0
 10
13.6409
 20
14.9874
 30
0.0
 10
13.4881
 20
15.1535
 30
0.0
  0
SPLINE
  5
6F
330
1F
100
AcDbEntity
  8
Layer 1
 62
   250
100
AcDbSpline
210
0.0
220
0.0
230
1.0
 70
    11
 71
     3
 72
    50
 73
    46
 74
     0
 42
0.0000000001
 43
0.0000000001
 40
0.0
 40
0.0
 40
0.0
 40
0.0
 40
0.0666666666666667
 40
0.0666666666666667
 40
0.0666666666666667
 40
0.1333333333333333
 40
0.1333333333333333
 40
0.1333333333333333
 40
0.2
 40
0.2
 40
0.2
 40
0.2666666666666667
 40
0.2666666666666667
 40
0.2666666666666667
 40
0.3333333333333333
 40
0.3333333333333333
 40
0.3333333333333333
 40
0.4
 40
0.4
 40
0.4
 40
0.4666666666666667
 40
0.4666666666666667
 40
0.4666666666666667
 40
0.5333333333333333
 40
0.5333333333333333
 40
0.5333333333333333
 40
0.6
 40
0.6
 40
0.6
 40
0.6666666666666666
 40
0.6666666666666666
 40
0.6666666666666666
 40
0.7333333333333333
 40
0.7333333333333333
 40
0.7333333333333333
 40
0.8
 40
0.8
 40
0.8
 40
0.8666666666666667
 40
0.8666666666666667
 40
0.8666666666666667
 40
0.9333333333333333
 40
0.9333333333333333
 40
0.9333333333333333
 40
1.0
 40
1.0
 40
1.0
 40
1.0
 10
14.5062
 20
14.4988
 30
0.0
 10
14.5062
 20
14.4988
 30
0.0
 10
14.5062
 20
13.9248
 30
0.0
 10
14.5062
 20
13.9248
 30
0.0
 10
14.5062
 20
13.9248
 30
0.0
 10
14.1337
 20
13.9248
 30
0.0
 10
14.1337
 20
13.9248
 30
0.0
 10
14.1115
 20
13.6422
 30
0.0
 10
13.9813
 20
13.288
 30
0.0
 10
13.7929
 20
13.0058
 30
0.0
 10
13.4479
 20
12.4809
 30
0.0
 10
12.9501
 20
12.2389
 30
0.0
 10
12.7127
 20
12.2389
 30
0.0
 10
12.3046
 20
12.2389
 30
0.0
 10
11.8516
 20
12.4273
 30
0.0
 10
11.4212
 20
12.6915
 30
0.0
 10
11.4212
 20
12.6915
 30
0.0
 10
11.4971
 20
12.8396
 30
0.0
 10
11.4971
 20
12.8396
 30
0.0
 10
11.6724
 20
12.7455
 30
0.0
 10
11.8876
 20
12.6781
 30
0.0
 10
12.1567
 20
12.6781
 30
0.0
 10
12.6094
 20
12.6781
 30
0.0
 10
13.0175
 20
12.9024
 30
0.0
 10
13.4031
 20
13.2972
 30
0.0
 10
13.6183
 20
13.5166
 30
0.0
 10
13.7661
 20
13.6962
 30
0.0
 10
13.8243
 20
13.9248
 30
0.0
 10
13.8243
 20
13.9248
 30
0.0
 10
13.6049
 20
13.9248
 30
0.0
 10
13.6049
 20
13.9248
 30
0.0
 10
12.6898
 20
13.9248
 30
0.0
 10
12.2238
 20
14.2162
 30
0.0
 10
12.2238
 20
14.8441
 30
0.0
 10
12.2238
 20
15.1489
 30
0.0
 10
12.3222
 20
15.3821
 30
0.0
 10
12.4524
 20
15.5659
 30
0.0
 10
12.6228
 20
15.8125
 30
0.0
 10
12.8605
 20
15.9963
 30
0.0
 10
13.1428
 20
15.9963
 30
0.0
 10
13.5552
 20
15.9963
 30
0.0
 10
13.9813
 20
15.4181
 30
0.0
 10
14.1069
 20
14.4988
 30
0.0
 10
14.1069
 20
14.4988
 30
0.0
 10
14.5062
 20
14.4988
 30
0.0
 10
14.5062
 20
14.4988
 30
0.0
  0
SPLINE
  5
70
330
1F
100
AcDbEntity
  8
Layer 1
 62
   250
100
AcDbSpline
210
0.0
220
0.0
230
1.0
 70
    11
 71
     3
 72
    17
 73
    13
 74
     0
 42
0.0000000001
 43
0.0000000001
 40
0.0
 40
0.0
 40
0.0
 40
0.0
 40
0.25
 40
0.25
 40
0.25
 40
0.5
 40
0.5
 40
0.5
 40
0.75
 40
0.75
 40
0.75
 40
1.0
 40
1.0
 40
1.0
 40
1.0
 10
16.1478
 20
13.2566
 30
0.0
 10
16.3316
 20
13.1222
 30
0.0
 10
16.5108
 20
12.9607
 30
0.0
 10
16.6857
 20
12.7769
 30
0.0
 10
16.587
 20
12.6156
 30
0.0
 10
16.466
 20
12.4675
 30
0.0
 10
16.3136
 20
12.3376
 30
0.0
 10
16.1389
 20
12.5035
 30
0.0
 10
15.964
 20
12.6467
 30
0.0
 10
15.7844
 20
12.7994
 30
0.0
 10
15.9054
 20
12.9607
 30
0.0
 10
16.0264
 20
13.1176
 30
0.0
 10
16.1478
 20
13.2566
 30
0.0
  0
SPLINE
  5
71
330
1F
100
AcDbEntity
  8
Layer 1
 62
   250
100
AcDbSpline
210
0.0
220
0.0
230
1.0
 70
    11
 71
     3
 72
    68
 73
    64
 74
     0
 42
0.0000000001
 43
0.0000000001
 40
0.0
 40
0.0
 40
0.0
 40
0.0
 40
0.0476190476190476
 40
0.0476190476190476
 40
0.0476190476190476
 40
0.0952380952380952
 40
0.0952380952380952
 40
0.0952380952380952
 40
0.1428571428571428
 40
0.1428571428571428
 40
0.1428571428571428
 40
0.1904761904761905
 40
0.1904761904761905
 40
0.1904761904761905
 40
0.2380952380952381
 40
0.2380952380952381
 40
0.2380952380952381
 40
0.2857142857142857
 40
0.2857142857142857
 40
0.2857142857142857
 40
0.3333333333333333
 40
0.3333333333333333
 40
0.3333333333333333
 40
0.3809523809523809
 40
0.3809523809523809
 40
0.3809523809523809
 40
0.4285714285714285
 40
0.4285714285714285
 40
0.4285714285714285
 40
0.4761904761904762
 40
0.4761904761904762
 40
0.4761904761904762
 40
0.5238095238095237
 40
0.5238095238095237
 40
0.5238095238095237
 40
0.5714285714285714
 40
0.5714285714285714
 40
0.5714285714285714
 40
0.6190476190476191
 40
0.6190476190476191
 40
0.6190476190476191
 40
0.6666666666666666
 40
0.6666666666666666
 40
0.6666666666666666
 40
0.7142857142857142
 40
0.7142857142857142
 40
0.7142857142857142
 40
0.7619047619047619
 40
0.7619047619047619
 40
0.7619047619047619
 40
0.8095238095238095
 40
0.8095238095238095
 40
0.8095238095238095
 40
0.8571428571428571
 40
0.8571428571428571
 40
0.8571428571428571
 40
0.9047619047619047
 40
0.9047619047619047
 40
0.9047619047619047
 40
0.9523809523809523
 40
0.9523809523809523
 40
0.9523809523809523
 40
1.0
 40
1.0
 40
1.0
 40
1.0
 10
14.78
 20
14.4988
 30
0.0
 10
15.5064
 20
14.4988
 30
0.0
 10
16.2508
 20
14.7545
 30
0.0
 10
17.1743
 20
15.3105
 30
0.0
 10
17.1743
 20
15.3105
 30
0.0
 10
17.1789
 20
15.3285
 30
0.0
 10
17.1789
 20
15.3285
 30
0.0
 10
16.6586
 20
15.5211
 30
0.0
 10
16.1837
 20
15.6421
 30
0.0
 10
15.771
 20
15.6421
 30
0.0
 10
15.5156
 20
15.6421
 30
0.0
 10
15.3272
 20
15.5613
 30
0.0
 10
15.2013
 20
15.4177
 30
0.0
 10
15.2013
 20
15.4177
 30
0.0
 10
15.2556
 20
15.1937
 30
0.0
 10
15.2556
 20
15.1937
 30
0.0
 10
15.2556
 20
15.1937
 30
0.0
 10
15.1208
 20
14.7902
 30
0.0
 10
15.1208
 20
14.7902
 30
0.0
 10
15.1208
 20
14.7902
 30
0.0
 10
15.076
 20
14.7902
 30
0.0
 10
15.076
 20
14.7902
 30
0.0
 10
15.076
 20
14.7902
 30
0.0
 10
14.8562
 20
15.3821
 30
0.0
 10
14.8562
 20
15.3821
 30
0.0
 10
14.8919
 20
15.8799
 30
0.0
 10
15.2912
 20
16.1893
 30
0.0
 10
15.8296
 20
16.1893
 30
0.0
 10
16.1298
 20
16.1893
 30
0.0
 10
16.6004
 20
16.0817
 30
0.0
 10
17.3003
 20
15.7991
 30
0.0
 10
17.5151
 20
15.7137
 30
0.0
 10
17.7843
 20
15.6601
 30
0.0
 10
18.0665
 20
15.6555
 30
0.0
 10
18.0665
 20
15.6555
 30
0.0
 10
18.4302
 20
15.6601
 30
0.0
 10
18.4302
 20
15.6601
 30
0.0
 10
18.4302
 20
15.6601
 30
0.0
 10
18.4436
 20
15.6513
 30
0.0
 10
18.4436
 20
15.6513
 30
0.0
 10
18.4436
 20
15.6513
 30
0.0
 10
18.2059
 20
15.1803
 30
0.0
 10
18.2059
 20
15.1803
 30
0.0
 10
17.8294
 20
15.1895
 30
0.0
 10
17.5783
 20
15.1087
 30
0.0
 10
17.4301
 20
15.0145
 30
0.0
 10
17.4301
 20
15.0145
 30
0.0
 10
16.6815
 20
14.5256
 30
0.0
 10
16.6815
 20
14.5256
 30
0.0
 10
16.0804
 20
14.1354
 30
0.0
 10
15.439
 20
13.9248
 30
0.0
 10
14.7398
 20
13.9248
 30
0.0
 10
14.7398
 20
13.9248
 30
0.0
 10
14.5066
 20
13.9248
 30
0.0
 10
14.5066
 20
13.9248
 30
0.0
 10
14.2597
 20
13.9248
 30
0.0
 10
14.1927
 20
14.104
 30
0.0
 10
14.1927
 20
14.2254
 30
0.0
 10
14.1927
 20
14.333
 30
0.0
 10
14.2643
 20
14.4988
 30
0.0
 10
14.5066
 20
14.4988
 30
0.0
 10
14.5066
 20
14.4988
 30
0.0
 10
14.78
 20
14.4988
 30
0.0
 10
14.78
 20
14.4988
 30
0.0
  0
SPLINE
  5
72
330
1F
100
AcDbEntity
  8
Layer 1
 62
   250
100
AcDbSpline
210
0.0
220
0.0
230
1.0
 70
    11
 71
     3
 72
    17
 73
    13
 74
     0
 42
0.0000000001
 43
0.0000000001
 40
0.0
 40
0.0
 40
0.0
 40
0.0
 40
0.25
 40
0.25
 40
0.25
 40
0.5
 40
0.5
 40
0.5
 40
0.75
 40
0.75
 40
0.75
 40
1.0
 40
1.0
 40
1.0
 40
1.0
 10
-3.2906
 20
7.5979
 30
0.0
 10
-3.3834
 20
7.6861
 30
0.0
 10
-3.4649
 20
7.7584
 30
0.0
 10
-3.5552
 20
7.8332
 30
0.0
 10
-3.4963
 20
7.9143
 30
0.0
 10
-3.4331
 20
7.9891
 30
0.0
 10
-3.3767
 20
8.0477
 30
0.0
 10
-3.2839
 20
7.9754
 30
0.0
 10
-3.207
 20
7.9009
 30
0.0
 10
-3.1188
 20
7.8057
 30
0.0
 10
-3.1819
 20
7.7154
 30
0.0
 10
-3.2274
 20
7.6568
 30
0.0
 10
-3.2906
 20
7.5979
 30
0.0
  0
SPLINE
  5
73
330
1F
100
AcDbEntity
  8
Layer 1
 62
   250
100
AcDbSpline
210
0.0
220
0.0
230
1.0
 70
    11
 71
     3
 72
    17
 73
    13
 74
     0
 42
0.0000000001
 43
0.0000000001
 40
0.0
 40
0.0
 40
0.0
 40
0.0
 40
0.25
 40
0.25
 40
0.25
 40
0.5
 40
0.5
 40
0.5
 40
0.75
 40
0.75
 40
0.75
 40
1.0
 40
1.0
 40
1.0
 40
1.0
 10
-3.727
 20
7.5686
 30
0.0
 10
-3.8198
 20
7.6568
 30
0.0
 10
-3.9009
 20
7.7291
 30
0.0
 10
-3.9916
 20
7.8036
 30
0.0
 10
-3.9326
 20
7.8851
 30
0.0
 10
-3.8695
 20
7.9595
 30
0.0
 10
-3.8127
 20
8.0184
 30
0.0
 10
-3.7203
 20
7.9461
 30
0.0
 10
-3.6434
 20
7.8713
 30
0.0
 10
-3.5552
 20
7.7764
 30
0.0
 10
-3.6183
 20
7.6861
 30
0.0
 10
-3.6638
 20
7.6272
 30
0.0
 10
-3.727
 20
7.5686
 30
0.0
  0
SPLINE
  5
74
330
1F
100
AcDbEntity
  8
Layer 1
 62
   250
100
AcDbSpline
210
0.0
220
0.0
230
1.0
 70
    11
 71
     3
 72
    68
 73
    64
 74
     0
 42
0.0000000001
 43
0.0000000001
 40
0.0
 40
0.0
 40
0.0
 40
0.0
 40
0.0476190476190476
 40
0.0476190476190476
 40
0.0476190476190476
 40
0.0952380952380952
 40
0.0952380952380952
 40
0.0952380952380952
 40
0.1428571428571428
 40
0.1428571428571428
 40
0.1428571428571428
 40
0.1904761904761905
 40
0.1904761904761905
 40
0.1904761904761905
 40
0.2380952380952381
 40
0.2380952380952381
 40
0.2380952380952381
 40
0.2857142857142857
 40
0.2857142857142857
 40
0.2857142857142857
 40
0.3333333333333333
 40
0.3333333333333333
 40
0.3333333333333333
 40
0.3809523809523809
 40
0.3809523809523809
 40
0.3809523809523809
 40
0.4285714285714285
 40
0.4285714285714285
 40
0.4285714285714285
 40
0.4761904761904762
 40
0.4761904761904762
 40
0.4761904761904762
 40
0.5238095238095237
 40
0.5238095238095237
 40
0.5238095238095237
 40
0.5714285714285714
 40
0.5714285714285714
 40
0.5714285714285714
 40
0.6190476190476191
 40
0.6190476190476191
 40
0.6190476190476191
 40
0.6666666666666666
 40
0.6666666666666666
 40
0.6666666666666666
 40
0.7142857142857142
 40
0.7142857142857142
 40
0.7142857142857142
 40
0.7619047619047619
 40
0.7619047619047619
 40
0.7619047619047619
 40
0.8095238095238095
 40
0.8095238095238095
 40
0.8095238095238095
 40
0.8571428571428571
 40
0.8571428571428571
 40
0.8571428571428571
 40
0.9047619047619047
 40
0.9047619047619047
 40
0.9047619047619047
 40
0.9523809523809523
 40
0.9523809523809523
 40
0.9523809523809523
 40
1.0
 40
1.0
 40
1.0
 40
1.0
 10
-1.986
 20
6.1508
 30
0.0
 10
-1.986
 20
6.1508
 30
0.0
 10
-2.0382
 20
6.1508
 30
0.0
 10
-2.0382
 20
6.1508
 30
0.0
 10
-2.2598
 20
6.1508
 30
0.0
 10
-2.4132
 20
6.1938
 30
0.0
 10
-2.4993
 20
6.3477
 30
0.0
 10
-2.5737
 20
6.3025
 30
0.0
 10
-2.6891
 20
6.2482
 30
0.0
 10
-2.8521
 20
6.2009
 30
0.0
 10
-3.1142
 20
6.124
 30
0.0
 10
-3.449
 20
6.0605
 30
0.0
 10
-3.7291
 20
6.0605
 30
0.0
 10
-4.0388
 20
6.0605
 30
0.0
 10
-4.3055
 20
6.1081
 30
0.0
 10
-4.5045
 20
6.2348
 30
0.0
 10
-4.7059
 20
6.3635
 30
0.0
 10
-4.8368
 20
6.5713
 30
0.0
 10
-4.8368
 20
6.8475
 30
0.0
 10
-4.8368
 20
7.0306
 30
0.0
 10
-4.8008
 20
7.2113
 30
0.0
 10
-4.7035
 20
7.3943
 30
0.0
 10
-4.7035
 20
7.3943
 30
0.0
 10
-4.6131
 20
7.3559
 30
0.0
 10
-4.6131
 20
7.3559
 30
0.0
 10
-4.6562
 20
7.2271
 30
0.0
 10
-4.6788
 20
7.1118
 30
0.0
 10
-4.6788
 20
7.0123
 30
0.0
 10
-4.6788
 20
6.802
 30
0.0
 10
-4.5588
 20
6.6211
 30
0.0
 10
-4.3803
 20
6.5128
 30
0.0
 10
-4.1948
 20
6.402
 30
0.0
 10
-3.9439
 20
6.3681
 30
0.0
 10
-3.6614
 20
6.3681
 30
0.0
 10
-3.3968
 20
6.3681
 30
0.0
 10
-3.1392
 20
6.4087
 30
0.0
 10
-2.8881
 20
6.4672
 30
0.0
 10
-2.784
 20
6.4923
 30
0.0
 10
-2.6824
 20
6.5262
 30
0.0
 10
-2.5896
 20
6.5671
 30
0.0
 10
-2.5896
 20
6.5671
 30
0.0
 10
-2.4901
 20
6.8835
 30
0.0
 10
-2.4901
 20
6.8835
 30
0.0
 10
-2.4901
 20
6.8835
 30
0.0
 10
-2.3455
 20
6.9964
 30
0.0
 10
-2.3455
 20
6.9964
 30
0.0
 10
-2.3455
 20
6.9964
 30
0.0
 10
-2.3321
 20
6.9805
 30
0.0
 10
-2.3321
 20
6.9805
 30
0.0
 10
-2.3568
 20
6.9082
 30
0.0
 10
-2.3839
 20
6.7999
 30
0.0
 10
-2.3839
 20
6.7276
 30
0.0
 10
-2.3839
 20
6.6369
 30
0.0
 10
-2.366
 20
6.5713
 30
0.0
 10
-2.307
 20
6.5262
 30
0.0
 10
-2.2323
 20
6.4672
 30
0.0
 10
-2.1465
 20
6.4404
 30
0.0
 10
-2.0266
 20
6.4404
 30
0.0
 10
-2.0266
 20
6.4404
 30
0.0
 10
-1.986
 20
6.4404
 30
0.0
 10
-1.986
 20
6.4404
 30
0.0
 10
-1.986
 20
6.4404
 30
0.0
 10
-1.986
 20
6.1508
 30
0.0
 10
-1.986
 20
6.1508
 30
0.0
  0
SPLINE
  5
75
330
1F
100
AcDbEntity
  8
Layer 1
 62
   250
100
AcDbSpline
210
0.0
220
0.0
230
1.0
 70
    11
 71
     3
 72
    92
 73
    88
 74
     0
 42
0.0000000001
 43
0.0000000001
 40
0.0
 40
0.0
 40
0.0
 40
0.0
 40
0.0344827586206897
 40
0.0344827586206897
 40
0.0344827586206897
 40
0.0689655172413793
 40
0.0689655172413793
 40
0.0689655172413793
 40
0.103448275862069
 40
0.103448275862069
 40
0.103448275862069
 40
0.1379310344827586
 40
0.1379310344827586
 40
0.1379310344827586
 40
0.1724137931034483
 40
0.1724137931034483
 40
0.1724137931034483
 40
0.2068965517241379
 40
0.2068965517241379
 40
0.2068965517241379
 40
0.2413793103448276
 40
0.2413793103448276
 40
0.2413793103448276
 40
0.2758620689655172
 40
0.2758620689655172
 40
0.2758620689655172
 40
0.3103448275862069
 40
0.3103448275862069
 40
0.3103448275862069
 40
0.3448275862068966
 40
0.3448275862068966
 40
0.3448275862068966
 40
0.3793103448275862
 40
0.3793103448275862
 40
0.3793103448275862
 40
0.4137931034482759
 40
0.4137931034482759
 40
0.4137931034482759
 40
0.4482758620689655
 40
0.4482758620689655
 40
0.4482758620689655
 40
0.4827586206896551
 40
0.4827586206896551
 40
0.4827586206896551
 40
0.5172413793103449
 40
0.5172413793103449
 40
0.5172413793103449
 40
0.5517241379310345
 40
0.5517241379310345
 40
0.5517241379310345
 40
0.5862068965517241
 40
0.5862068965517241
 40
0.5862068965517241
 40
0.6206896551724138
 40
0.6206896551724138
 40
0.6206896551724138
 40
0.6551724137931034
 40
0.6551724137931034
 40
0.6551724137931034
 40
0.6896551724137931
 40
0.6896551724137931
 40
0.6896551724137931
 40
0.7241379310344828
 40
0.7241379310344828
 40
0.7241379310344828
 40
0.7586206896551724
 40
0.7586206896551724
 40
0.7586206896551724
 40
0.7931034482758621
 40
0.7931034482758621
 40
0.7931034482758621
 40
0.8275862068965517
 40
0.8275862068965517
 40
0.8275862068965517
 40
0.8620689655172413
 40
0.8620689655172413
 40
0.8620689655172413
 40
0.896551724137931
 40
0.896551724137931
 40
0.896551724137931
 40
0.9310344827586207
 40
0.9310344827586207
 40
0.9310344827586207
 40
0.9655172413793103
 40
0.9655172413793103
 40
0.9655172413793103
 40
1.0
 40
1.0
 40
1.0
 40
1.0
 10
-0.1652
 20
7.1185
 30
0.0
 10
-0.138
 20
6.9492
 30
0.0
 10
-0.1288
 20
6.8112
 30
0.0
 10
-0.1288
 20
6.716
 30
0.0
 10
-0.1288
 20
6.6144
 30
0.0
 10
-0.1698
 20
6.4856
 30
0.0
 10
-0.2103
 20
6.4063
 30
0.0
 10
-0.2964
 20
6.2641
 30
0.0
 10
-0.4139
 20
6.1575
 30
0.0
 10
-0.5451
 20
6.1575
 30
0.0
 10
-0.6425
 20
6.1575
 30
0.0
 10
-0.7462
 20
6.2299
 30
0.0
 10
-0.8277
 20
6.3456
 30
0.0
 10
-0.8277
 20
6.3456
 30
0.0
 10
-0.8457
 20
6.3456
 30
0.0
 10
-0.8457
 20
6.3456
 30
0.0
 10
-0.9473
 20
6.2348
 30
0.0
 10
-1.0743
 20
6.1508
 30
0.0
 10
-1.2415
 20
6.1508
 30
0.0
 10
-1.3657
 20
6.1508
 30
0.0
 10
-1.4447
 20
6.2098
 30
0.0
 10
-1.4585
 20
6.3431
 30
0.0
 10
-1.4585
 20
6.3431
 30
0.0
 10
-1.4673
 20
6.3431
 30
0.0
 10
-1.4673
 20
6.3431
 30
0.0
 10
-1.6056
 20
6.1826
 30
0.0
 10
-1.7954
 20
6.1508
 30
0.0
 10
-1.9492
 20
6.1508
 30
0.0
 10
-1.9492
 20
6.1508
 30
0.0
 10
-1.9876
 20
6.1508
 30
0.0
 10
-1.9876
 20
6.1508
 30
0.0
 10
-2.1118
 20
6.1508
 30
0.0
 10
-2.1457
 20
6.2415
 30
0.0
 10
-2.1457
 20
6.3025
 30
0.0
 10
-2.1457
 20
6.3565
 30
0.0
 10
-2.1097
 20
6.4405
 30
0.0
 10
-1.9876
 20
6.4405
 30
0.0
 10
-1.9876
 20
6.4405
 30
0.0
 10
-1.9107
 20
6.4405
 30
0.0
 10
-1.9107
 20
6.4405
 30
0.0
 10
-1.7047
 20
6.4426
 30
0.0
 10
-1.5421
 20
6.4944
 30
0.0
 10
-1.4334
 20
6.6507
 30
0.0
 10
-1.4334
 20
6.6507
 30
0.0
 10
-1.3092
 20
6.8292
 30
0.0
 10
-1.3092
 20
6.8292
 30
0.0
 10
-1.3092
 20
6.8292
 30
0.0
 10
-1.1353
 20
6.8903
 30
0.0
 10
-1.1353
 20
6.8903
 30
0.0
 10
-1.1353
 20
6.8903
 30
0.0
 10
-1.1262
 20
6.879
 30
0.0
 10
-1.1262
 20
6.879
 30
0.0
 10
-1.2165
 20
6.7343
 30
0.0
 10
-1.28
 20
6.6211
 30
0.0
 10
-1.28
 20
6.5534
 30
0.0
 10
-1.28
 20
6.4832
 30
0.0
 10
-1.2323
 20
6.4405
 30
0.0
 10
-1.1621
 20
6.4405
 30
0.0
 10
-1.0969
 20
6.4405
 30
0.0
 10
-1.0221
 20
6.463
 30
0.0
 10
-0.9611
 20
6.5061
 30
0.0
 10
-0.882
 20
6.5646
 30
0.0
 10
-0.8707
 20
6.6303
 30
0.0
 10
-0.8005
 20
6.8652
 30
0.0
 10
-0.8005
 20
6.8652
 30
0.0
 10
-0.6651
 20
6.9446
 30
0.0
 10
-0.6651
 20
6.9446
 30
0.0
 10
-0.6651
 20
6.9446
 30
0.0
 10
-0.6513
 20
6.9354
 30
0.0
 10
-0.6513
 20
6.9354
 30
0.0
 10
-0.6693
 20
6.8631
 30
0.0
 10
-0.6806
 20
6.7774
 30
0.0
 10
-0.6806
 20
6.7139
 30
0.0
 10
-0.6806
 20
6.5421
 30
0.0
 10
-0.5543
 20
6.4539
 30
0.0
 10
-0.4456
 20
6.4539
 30
0.0
 10
-0.3821
 20
6.4539
 30
0.0
 10
-0.3257
 20
6.4877
 30
0.0
 10
-0.3257
 20
6.5555
 30
0.0
 10
-0.3257
 20
6.6437
 30
0.0
 10
-0.3529
 20
6.7883
 30
0.0
 10
-0.3821
 20
6.922
 30
0.0
 10
-0.319
 20
6.9964
 30
0.0
 10
-0.2513
 20
7.0645
 30
0.0
 10
-0.1789
 20
7.1256
 30
0.0
 10
-0.1789
 20
7.1256
 30
0.0
 10
-0.1652
 20
7.1185
 30
0.0
 10
-0.1652
 20
7.1185
 30
0.0
  0
SPLINE
  5
76
330
1F
100
AcDbEntity
  8
Layer 1
 62
   250
100
AcDbSpline
210
0.0
220
0.0
230
1.0
 70
    11
 71
     3
 72
    17
 73
    13
 74
     0
 42
0.0000000001
 43
0.0000000001
 40
0.0
 40
0.0
 40
0.0
 40
0.0
 40
0.25
 40
0.25
 40
0.25
 40
0.5
 40
0.5
 40
0.5
 40
0.75
 40
0.75
 40
0.75
 40
1.0
 40
1.0
 40
1.0
 40
1.0
 10
0.7474
 20
7.1051
 30
0.0
 10
0.6412
 20
7.1051
 30
0.0
 10
0.4941
 20
6.9876
 30
0.0
 10
0.4941
 20
6.904
 30
0.0
 10
0.4941
 20
6.7636
 30
0.0
 10
0.6931
 20
6.6641
 30
0.0
 10
0.8786
 20
6.6641
 30
0.0
 10
0.9644
 20
6.6641
 30
0.0
 10
1.0526
 20
6.6733
 30
0.0
 10
1.1341
 20
6.6934
 30
0.0
 10
1.073
 20
6.922
 30
0.0
 10
0.9418
 20
7.1051
 30
0.0
 10
0.7474
 20
7.1051
 30
0.0
  0
SPLINE
  5
77
330
1F
100
AcDbEntity
  8
Layer 1
 62
   250
100
AcDbSpline
210
0.0
220
0.0
230
1.0
 70
    11
 71
     3
 72
    44
 73
    40
 74
     0
 42
0.0000000001
 43
0.0000000001
 40
0.0
 40
0.0
 40
0.0
 40
0.0
 40
0.0769230769230769
 40
0.0769230769230769
 40
0.0769230769230769
 40
0.1538461538461539
 40
0.1538461538461539
 40
0.1538461538461539
 40
0.2307692307692308
 40
0.2307692307692308
 40
0.2307692307692308
 40
0.3076923076923077
 40
0.3076923076923077
 40
0.3076923076923077
 40
0.3846153846153846
 40
0.3846153846153846
 40
0.3846153846153846
 40
0.4615384615384616
 40
0.4615384615384616
 40
0.4615384615384616
 40
0.5384615384615385
 40
0.5384615384615385
 40
0.5384615384615385
 40
0.6153846153846154
 40
0.6153846153846154
 40
0.6153846153846154
 40
0.6923076923076923
 40
0.6923076923076923
 40
0.6923076923076923
 40
0.7692307692307693
 40
0.7692307692307693
 40
0.7692307692307693
 40
0.8461538461538463
 40
0.8461538461538463
 40
0.8461538461538463
 40
0.9230769230769231
 40
0.9230769230769231
 40
0.9230769230769231
 40
1.0
 40
1.0
 40
1.0
 40
1.0
 10
0.8469
 20
6.3882
 30
0.0
 10
0.5823
 20
6.3882
 30
0.0
 10
0.3541
 20
6.5128
 30
0.0
 10
0.3541
 20
6.8133
 30
0.0
 10
0.3541
 20
6.9625
 30
0.0
 10
0.4105
 20
7.0892
 30
0.0
 10
0.4987
 20
7.2021
 30
0.0
 10
0.6028
 20
7.3153
 30
0.0
 10
0.7157
 20
7.3901
 30
0.0
 10
0.8219
 20
7.3901
 30
0.0
 10
0.9531
 20
7.3901
 30
0.0
 10
1.0751
 20
7.297
 30
0.0
 10
1.1633
 20
7.1343
 30
0.0
 10
1.2494
 20
6.9784
 30
0.0
 10
1.308
 20
6.7636
 30
0.0
 10
1.308
 20
6.5128
 30
0.0
 10
1.308
 20
6.3025
 30
0.0
 10
1.2561
 20
6.1035
 30
0.0
 10
1.1362
 20
5.918
 30
0.0
 10
0.9351
 20
5.6128
 30
0.0
 10
0.7428
 20
5.4883
 30
0.0
 10
0.5552
 20
5.4883
 30
0.0
 10
0.3474
 20
5.4883
 30
0.0
 10
0.1325
 20
5.5564
 30
0.0
 10
-0.0936
 20
5.7102
 30
0.0
 10
-0.0936
 20
5.7102
 30
0.0
 10
-0.0597
 20
5.7825
 30
0.0
 10
-0.0597
 20
5.7825
 30
0.0
 10
0.051
 20
5.7261
 30
0.0
 10
0.1593
 20
5.7056
 30
0.0
 10
0.2705
 20
5.7056
 30
0.0
 10
0.4987
 20
5.7056
 30
0.0
 10
0.727
 20
5.821
 30
0.0
 10
0.9351
 20
6.0517
 30
0.0
 10
1.0367
 20
6.1624
 30
0.0
 10
1.1316
 20
6.2958
 30
0.0
 10
1.1475
 20
6.4288
 30
0.0
 10
1.0505
 20
6.402
 30
0.0
 10
0.9485
 20
6.3882
 30
0.0
 10
0.8469
 20
6.3882
 30
0.0
  0
SPLINE
  5
78
330
1F
100
AcDbEntity
  8
Layer 1
 62
   250
100
AcDbSpline
210
0.0
220
0.0
230
1.0
 70
    11
 71
     3
 72
    50
 73
    46
 74
     0
 42
0.0000000001
 43
0.0000000001
 40
0.0
 40
0.0
 40
0.0
 40
0.0
 40
0.0666666666666667
 40
0.0666666666666667
 40
0.0666666666666667
 40
0.1333333333333333
 40
0.1333333333333333
 40
0.1333333333333333
 40
0.2
 40
0.2
 40
0.2
 40
0.2666666666666667
 40
0.2666666666666667
 40
0.2666666666666667
 40
0.3333333333333333
 40
0.3333333333333333
 40
0.3333333333333333
 40
0.4
 40
0.4
 40
0.4
 40
0.4666666666666667
 40
0.4666666666666667
 40
0.4666666666666667
 40
0.5333333333333333
 40
0.5333333333333333
 40
0.5333333333333333
 40
0.6
 40
0.6
 40
0.6
 40
0.6666666666666666
 40
0.6666666666666666
 40
0.6666666666666666
 40
0.7333333333333333
 40
0.7333333333333333
 40
0.7333333333333333
 40
0.8
 40
0.8
 40
0.8
 40
0.8666666666666667
 40
0.8666666666666667
 40
0.8666666666666667
 40
0.9333333333333333
 40
0.9333333333333333
 40
0.9333333333333333
 40
1.0
 40
1.0
 40
1.0
 40
1.0
 10
1.7956
 20
6.7659
 30
0.0
 10
1.8026
 20
6.5715
 30
0.0
 10
1.8837
 20
6.4177
 30
0.0
 10
2.1666
 20
6.4177
 30
0.0
 10
2.343
 20
6.4177
 30
0.0
 10
2.4919
 20
6.472
 30
0.0
 10
2.657
 20
6.5648
 30
0.0
 10
2.6863
 20
6.5807
 30
0.0
 10
2.7021
 20
6.6008
 30
0.0
 10
2.7021
 20
6.6188
 30
0.0
 10
2.7021
 20
6.7412
 30
0.0
 10
2.6231
 20
6.9014
 30
0.0
 10
2.4898
 20
7.0485
 30
0.0
 10
2.361
 20
7.1864
 30
0.0
 10
2.1888
 20
7.3085
 30
0.0
 10
2.0283
 20
7.39
 30
0.0
 10
1.974
 20
7.4171
 30
0.0
 10
1.956
 20
7.4464
 30
0.0
 10
1.956
 20
7.4736
 30
0.0
 10
1.956
 20
7.53
 30
0.0
 10
2.0195
 20
7.6479
 30
0.0
 10
2.0714
 20
7.7311
 30
0.0
 10
2.0714
 20
7.7311
 30
0.0
 10
2.0894
 20
7.7336
 30
0.0
 10
2.0894
 20
7.7336
 30
0.0
 10
2.2728
 20
7.6203
 30
0.0
 10
2.4785
 20
7.4531
 30
0.0
 10
2.6298
 20
7.2658
 30
0.0
 10
2.7677
 20
7.0936
 30
0.0
 10
2.8535
 20
6.9197
 30
0.0
 10
2.8535
 20
6.7296
 30
0.0
 10
2.8535
 20
6.5895
 30
0.0
 10
2.8171
 20
6.4562
 30
0.0
 10
2.7586
 20
6.3341
 30
0.0
 10
2.5575
 20
6.2142
 30
0.0
 10
2.343
 20
6.1239
 30
0.0
 10
2.1303
 20
6.1239
 30
0.0
 10
1.8724
 20
6.1239
 30
0.0
 10
1.6961
 20
6.266
 30
0.0
 10
1.6961
 20
6.6008
 30
0.0
 10
1.6961
 20
6.6371
 30
0.0
 10
1.6961
 20
6.6936
 30
0.0
 10
1.7074
 20
6.7659
 30
0.0
 10
1.7074
 20
6.7659
 30
0.0
 10
1.7956
 20
6.7659
 30
0.0
 10
1.7956
 20
6.7659
 30
0.0
  0
SPLINE
  5
79
330
1F
100
AcDbEntity
  8
Layer 1
 62
   250
100
AcDbSpline
210
0.0
220
0.0
230
1.0
 70
    11
 71
     3
 72
    17
 73
    13
 74
     0
 42
0.0000000001
 43
0.0000000001
 40
0.0
 40
0.0
 40
0.0
 40
0.0
 40
0.25
 40
0.25
 40
0.25
 40
0.5
 40
0.5
 40
0.5
 40
0.75
 40
0.75
 40
0.75
 40
1.0
 40
1.0
 40
1.0
 40
1.0
 10
4.9639
 20
7.7946
 30
0.0
 10
5.0567
 20
7.7269
 30
0.0
 10
5.1474
 20
7.6454
 30
0.0
 10
5.2356
 20
7.5526
 30
0.0
 10
5.1855
 20
7.4711
 30
0.0
 10
5.1244
 20
7.3967
 30
0.0
 10
5.0475
 20
7.3311
 30
0.0
 10
4.9593
 20
7.4147
 30
0.0
 10
4.8711
 20
7.487
 30
0.0
 10
4.7808
 20
7.5639
 30
0.0
 10
4.8419
 20
7.6454
 30
0.0
 10
4.9029
 20
7.7244
 30
0.0
 10
4.9639
 20
7.7946
 30
0.0
  0
SPLINE
  5
7A
330
1F
100
AcDbEntity
  8
Layer 1
 62
   250
100
AcDbSpline
210
0.0
220
0.0
230
1.0
 70
    11
 71
     3
 72
    68
 73
    64
 74
     0
 42
0.0000000001
 43
0.0000000001
 40
0.0
 40
0.0
 40
0.0
 40
0.0
 40
0.0476190476190476
 40
0.0476190476190476
 40
0.0476190476190476
 40
0.0952380952380952
 40
0.0952380952380952
 40
0.0952380952380952
 40
0.1428571428571428
 40
0.1428571428571428
 40
0.1428571428571428
 40
0.1904761904761905
 40
0.1904761904761905
 40
0.1904761904761905
 40
0.2380952380952381
 40
0.2380952380952381
 40
0.2380952380952381
 40
0.2857142857142857
 40
0.2857142857142857
 40
0.2857142857142857
 40
0.3333333333333333
 40
0.3333333333333333
 40
0.3333333333333333
 40
0.3809523809523809
 40
0.3809523809523809
 40
0.3809523809523809
 40
0.4285714285714285
 40
0.4285714285714285
 40
0.4285714285714285
 40
0.4761904761904762
 40
0.4761904761904762
 40
0.4761904761904762
 40
0.5238095238095237
 40
0.5238095238095237
 40
0.5238095238095237
 40
0.5714285714285714
 40
0.5714285714285714
 40
0.5714285714285714
 40
0.6190476190476191
 40
0.6190476190476191
 40
0.6190476190476191
 40
0.6666666666666666
 40
0.6666666666666666
 40
0.6666666666666666
 40
0.7142857142857142
 40
0.7142857142857142
 40
0.7142857142857142
 40
0.7619047619047619
 40
0.7619047619047619
 40
0.7619047619047619
 40
0.8095238095238095
 40
0.8095238095238095
 40
0.8095238095238095
 40
0.8571428571428571
 40
0.8571428571428571
 40
0.8571428571428571
 40
0.9047619047619047
 40
0.9047619047619047
 40
0.9047619047619047
 40
0.9523809523809523
 40
0.9523809523809523
 40
0.9523809523809523
 40
1.0
 40
1.0
 40
1.0
 40
1.0
 10
5.5019
 20
7.1049
 30
0.0
 10
5.5859
 20
6.9402
 30
0.0
 10
5.6331
 20
6.8245
 30
0.0
 10
5.6854
 20
6.671
 30
0.0
 10
5.7506
 20
6.472
 30
0.0
 10
5.8727
 20
6.4403
 30
0.0
 10
6.0921
 20
6.4403
 30
0.0
 10
6.0921
 20
6.4403
 30
0.0
 10
6.1239
 20
6.4403
 30
0.0
 10
6.1239
 20
6.4403
 30
0.0
 10
6.1239
 20
6.4403
 30
0.0
 10
6.1239
 20
6.151
 30
0.0
 10
6.1239
 20
6.151
 30
0.0
 10
6.1239
 20
6.151
 30
0.0
 10
6.0762
 20
6.151
 30
0.0
 10
6.0762
 20
6.151
 30
0.0
 10
5.9429
 20
6.151
 30
0.0
 10
5.8388
 20
6.1828
 30
0.0
 10
5.7531
 20
6.2526
 30
0.0
 10
5.7531
 20
6.2526
 30
0.0
 10
5.7464
 20
6.2526
 30
0.0
 10
5.7464
 20
6.2526
 30
0.0
 10
5.7351
 20
6.0244
 30
0.0
 10
5.667
 20
5.8116
 30
0.0
 10
5.606
 20
5.7305
 30
0.0
 10
5.4501
 20
5.527
 30
0.0
 10
5.1064
 20
5.3643
 30
0.0
 10
4.8394
 20
5.3643
 30
0.0
 10
4.4147
 20
5.3643
 30
0.0
 10
4.1458
 20
5.6469
 30
0.0
 10
4.1458
 20
6.0491
 30
0.0
 10
4.1458
 20
6.3362
 30
0.0
 10
4.2361
 20
6.5352
 30
0.0
 10
4.3399
 20
6.707
 30
0.0
 10
4.3399
 20
6.707
 30
0.0
 10
4.4259
 20
6.6597
 30
0.0
 10
4.4259
 20
6.6597
 30
0.0
 10
4.349
 20
6.5151
 30
0.0
 10
4.2993
 20
6.3408
 30
0.0
 10
4.2993
 20
6.2367
 30
0.0
 10
4.2993
 20
6.0448
 30
0.0
 10
4.3628
 20
5.9224
 30
0.0
 10
4.451
 20
5.8434
 30
0.0
 10
4.5388
 20
5.7598
 30
0.0
 10
4.7085
 20
5.6921
 30
0.0
 10
4.8782
 20
5.6921
 30
0.0
 10
5.0592
 20
5.6921
 30
0.0
 10
5.2828
 20
5.7778
 30
0.0
 10
5.4254
 20
5.8885
 30
0.0
 10
5.5248
 20
5.9655
 30
0.0
 10
5.5901
 20
6.0332
 30
0.0
 10
5.5901
 20
6.1214
 30
0.0
 10
5.5901
 20
6.212
 30
0.0
 10
5.5767
 20
6.3002
 30
0.0
 10
5.509
 20
6.4967
 30
0.0
 10
5.4366
 20
6.664
 30
0.0
 10
5.3802
 20
6.7797
 30
0.0
 10
5.3301
 20
6.8654
 30
0.0
 10
5.3756
 20
6.9469
 30
0.0
 10
5.4254
 20
7.0284
 30
0.0
 10
5.4843
 20
7.1049
 30
0.0
 10
5.4843
 20
7.1049
 30
0.0
 10
5.5019
 20
7.1049
 30
0.0
 10
5.5019
 20
7.1049
 30
0.0
  0
SPLINE
  5
7B
330
1F
100
AcDbEntity
  8
Layer 1
 62
   250
100
AcDbSpline
210
0.0
220
0.0
230
1.0
 70
    11
 71
     3
 72
    20
 73
    16
 74
     0
 42
0.0000000001
 43
0.0000000001
 40
0.0
 40
0.0
 40
0.0
 40
0.0
 40
0.2
 40
0.2
 40
0.2
 40
0.4
 40
0.4
 40
0.4
 40
0.6000000000000001
 40
0.6000000000000001
 40
0.6000000000000001
 40
0.8
 40
0.8
 40
0.8
 40
1.0
 40
1.0
 40
1.0
 40
1.0
 10
6.6858
 20
6.4403
 30
0.0
 10
7.1765
 20
6.4403
 30
0.0
 10
7.4884
 20
6.4901
 30
0.0
 10
7.7279
 20
6.6097
 30
0.0
 10
7.7939
 20
6.6414
 30
0.0
 10
7.839
 20
6.6799
 30
0.0
 10
7.8637
 20
6.7137
 30
0.0
 10
7.8616
 20
6.8742
 30
0.0
 10
7.676
 20
7.0619
 30
0.0
 10
7.4295
 20
7.0619
 30
0.0
 10
7.1381
 20
7.0619
 30
0.0
 10
6.8124
 20
6.8245
 30
0.0
 10
6.4872
 20
6.4403
 30
0.0
 10
6.4872
 20
6.4403
 30
0.0
 10
6.6858
 20
6.4403
 30
0.0
 10
6.6858
 20
6.4403
 30
0.0
  0
SPLINE
  5
7C
330
1F
100
AcDbEntity
  8
Layer 1
 62
   250
100
AcDbSpline
210
0.0
220
0.0
230
1.0
 70
    11
 71
     3
 72
    68
 73
    64
 74
     0
 42
0.0000000001
 43
0.0000000001
 40
0.0
 40
0.0
 40
0.0
 40
0.0
 40
0.0476190476190476
 40
0.0476190476190476
 40
0.0476190476190476
 40
0.0952380952380952
 40
0.0952380952380952
 40
0.0952380952380952
 40
0.1428571428571428
 40
0.1428571428571428
 40
0.1428571428571428
 40
0.1904761904761905
 40
0.1904761904761905
 40
0.1904761904761905
 40
0.2380952380952381
 40
0.2380952380952381
 40
0.2380952380952381
 40
0.2857142857142857
 40
0.2857142857142857
 40
0.2857142857142857
 40
0.3333333333333333
 40
0.3333333333333333
 40
0.3333333333333333
 40
0.3809523809523809
 40
0.3809523809523809
 40
0.3809523809523809
 40
0.4285714285714285
 40
0.4285714285714285
 40
0.4285714285714285
 40
0.4761904761904762
 40
0.4761904761904762
 40
0.4761904761904762
 40
0.5238095238095237
 40
0.5238095238095237
 40
0.5238095238095237
 40
0.5714285714285714
 40
0.5714285714285714
 40
0.5714285714285714
 40
0.6190476190476191
 40
0.6190476190476191
 40
0.6190476190476191
 40
0.6666666666666666
 40
0.6666666666666666
 40
0.6666666666666666
 40
0.7142857142857142
 40
0.7142857142857142
 40
0.7142857142857142
 40
0.7619047619047619
 40
0.7619047619047619
 40
0.7619047619047619
 40
0.8095238095238095
 40
0.8095238095238095
 40
0.8095238095238095
 40
0.8571428571428571
 40
0.8571428571428571
 40
0.8571428571428571
 40
0.9047619047619047
 40
0.9047619047619047
 40
0.9047619047619047
 40
0.9523809523809523
 40
0.9523809523809523
 40
0.9523809523809523
 40
1.0
 40
1.0
 40
1.0
 40
1.0
 10
6.3309
 20
6.4403
 30
0.0
 10
6.3309
 20
6.4403
 30
0.0
 10
6.453
 20
6.646
 30
0.0
 10
6.453
 20
6.646
 30
0.0
 10
6.4822
 20
6.7614
 30
0.0
 10
6.4872
 20
6.863
 30
0.0
 10
6.4872
 20
7.0958
 30
0.0
 10
6.4872
 20
7.4034
 30
0.0
 10
6.4554
 20
7.8758
 30
0.0
 10
6.43
 20
8.1337
 30
0.0
 10
6.4237
 20
8.2039
 30
0.0
 10
6.4166
 20
8.285
 30
0.0
 10
6.4166
 20
8.3552
 30
0.0
 10
6.4166
 20
8.4568
 30
0.0
 10
6.4801
 20
8.5291
 30
0.0
 10
6.593
 20
8.6152
 30
0.0
 10
6.593
 20
8.6152
 30
0.0
 10
6.6089
 20
8.5993
 30
0.0
 10
6.6089
 20
8.5993
 30
0.0
 10
6.6089
 20
8.4684
 30
0.0
 10
6.6745
 20
8.3055
 30
0.0
 10
6.8012
 20
8.1044
 30
0.0
 10
6.8012
 20
8.1044
 30
0.0
 10
6.654
 20
7.989
 30
0.0
 10
6.654
 20
7.989
 30
0.0
 10
6.6653
 20
7.7449
 30
0.0
 10
6.6745
 20
7.5008
 30
0.0
 10
6.6745
 20
7.2563
 30
0.0
 10
6.6745
 20
7.0577
 30
0.0
 10
6.6452
 20
6.9243
 30
0.0
 10
6.5955
 20
6.8044
 30
0.0
 10
6.5955
 20
6.8044
 30
0.0
 10
6.6047
 20
6.8044
 30
0.0
 10
6.6047
 20
6.8044
 30
0.0
 10
6.7715
 20
6.9737
 30
0.0
 10
6.9525
 20
7.1321
 30
0.0
 10
7.1021
 20
7.227
 30
0.0
 10
7.2284
 20
7.3064
 30
0.0
 10
7.3801
 20
7.3628
 30
0.0
 10
7.5268
 20
7.3628
 30
0.0
 10
7.6556
 20
7.3628
 30
0.0
 10
7.7822
 20
7.3131
 30
0.0
 10
7.8637
 20
7.2362
 30
0.0
 10
7.9678
 20
7.1388
 30
0.0
 10
8.0331
 20
7.0009
 30
0.0
 10
8.0331
 20
6.8361
 30
0.0
 10
8.0331
 20
6.7931
 30
0.0
 10
8.0062
 20
6.6823
 30
0.0
 10
7.9812
 20
6.5963
 30
0.0
 10
7.8683
 20
6.205
 30
0.0
 10
7.0791
 20
6.1511
 30
0.0
 10
6.6318
 20
6.1511
 30
0.0
 10
6.6318
 20
6.1511
 30
0.0
 10
6.1228
 20
6.1511
 30
0.0
 10
6.1228
 20
6.1511
 30
0.0
 10
5.9986
 20
6.1511
 30
0.0
 10
5.9647
 20
6.2414
 30
0.0
 10
5.9647
 20
6.3024
 30
0.0
 10
5.9647
 20
6.3567
 30
0.0
 10
6.0011
 20
6.4403
 30
0.0
 10
6.1228
 20
6.4403
 30
0.0
 10
6.1228
 20
6.4403
 30
0.0
 10
6.3309
 20
6.4403
 30
0.0
 10
6.3309
 20
6.4403
 30
0.0
  0
SPLINE
  5
7D
330
1F
100
AcDbEntity
  8
Layer 1
 62
   250
100
AcDbSpline
210
0.0
220
0.0
230
1.0
 70
    11
 71
     3
 72
    17
 73
    13
 74
     0
 42
0.0000000001
 43
0.0000000001
 40
0.0
 40
0.0
 40
0.0
 40
0.0
 40
0.25
 40
0.25
 40
0.25
 40
0.5
 40
0.5
 40
0.5
 40
0.75
 40
0.75
 40
0.75
 40
1.0
 40
1.0
 40
1.0
 40
1.0
 10
8.9482
 20
7.1051
 30
0.0
 10
8.8417
 20
7.1051
 30
0.0
 10
8.6949
 20
6.9876
 30
0.0
 10
8.6949
 20
6.904
 30
0.0
 10
8.6949
 20
6.7636
 30
0.0
 10
8.8939
 20
6.6641
 30
0.0
 10
9.0794
 20
6.6641
 30
0.0
 10
9.1652
 20
6.6641
 30
0.0
 10
9.2534
 20
6.6733
 30
0.0
 10
9.3348
 20
6.6934
 30
0.0
 10
9.2738
 20
6.922
 30
0.0
 10
9.1426
 20
7.1051
 30
0.0
 10
8.9482
 20
7.1051
 30
0.0
  0
SPLINE
  5
7E
330
1F
100
AcDbEntity
  8
Layer 1
 62
   250
100
AcDbSpline
210
0.0
220
0.0
230
1.0
 70
    11
 71
     3
 72
    44
 73
    40
 74
     0
 42
0.0000000001
 43
0.0000000001
 40
0.0
 40
0.0
 40
0.0
 40
0.0
 40
0.0769230769230769
 40
0.0769230769230769
 40
0.0769230769230769
 40
0.1538461538461539
 40
0.1538461538461539
 40
0.1538461538461539
 40
0.2307692307692308
 40
0.2307692307692308
 40
0.2307692307692308
 40
0.3076923076923077
 40
0.3076923076923077
 40
0.3076923076923077
 40
0.3846153846153846
 40
0.3846153846153846
 40
0.3846153846153846
 40
0.4615384615384616
 40
0.4615384615384616
 40
0.4615384615384616
 40
0.5384615384615385
 40
0.5384615384615385
 40
0.5384615384615385
 40
0.6153846153846154
 40
0.6153846153846154
 40
0.6153846153846154
 40
0.6923076923076923
 40
0.6923076923076923
 40
0.6923076923076923
 40
0.7692307692307693
 40
0.7692307692307693
 40
0.7692307692307693
 40
0.8461538461538463
 40
0.8461538461538463
 40
0.8461538461538463
 40
0.9230769230769231
 40
0.9230769230769231
 40
0.9230769230769231
 40
1.0
 40
1.0
 40
1.0
 40
1.0
 10
9.0477
 20
6.3882
 30
0.0
 10
8.7831
 20
6.3882
 30
0.0
 10
8.5549
 20
6.5128
 30
0.0
 10
8.5549
 20
6.8133
 30
0.0
 10
8.5549
 20
6.9625
 30
0.0
 10
8.6113
 20
7.0892
 30
0.0
 10
8.6995
 20
7.2021
 30
0.0
 10
8.8036
 20
7.3153
 30
0.0
 10
8.9164
 20
7.3901
 30
0.0
 10
9.023
 20
7.3901
 30
0.0
 10
9.1539
 20
7.3901
 30
0.0
 10
9.2759
 20
7.297
 30
0.0
 10
9.3641
 20
7.1343
 30
0.0
 10
9.4502
 20
6.9784
 30
0.0
 10
9.5088
 20
6.7636
 30
0.0
 10
9.5088
 20
6.5128
 30
0.0
 10
9.5088
 20
6.3025
 30
0.0
 10
9.4569
 20
6.1035
 30
0.0
 10
9.3373
 20
5.918
 30
0.0
 10
9.1359
 20
5.6128
 30
0.0
 10
8.9436
 20
5.4883
 30
0.0
 10
8.7559
 20
5.4883
 30
0.0
 10
8.5478
 20
5.4883
 30
0.0
 10
8.3333
 20
5.5564
 30
0.0
 10
8.1072
 20
5.7102
 30
0.0
 10
8.1072
 20
5.7102
 30
0.0
 10
8.141
 20
5.7825
 30
0.0
 10
8.141
 20
5.7825
 30
0.0
 10
8.2518
 20
5.7261
 30
0.0
 10
8.3605
 20
5.7056
 30
0.0
 10
8.4709
 20
5.7056
 30
0.0
 10
8.6995
 20
5.7056
 30
0.0
 10
8.9277
 20
5.821
 30
0.0
 10
9.1359
 20
6.0517
 30
0.0
 10
9.2375
 20
6.1624
 30
0.0
 10
9.3327
 20
6.2958
 30
0.0
 10
9.3482
 20
6.4288
 30
0.0
 10
9.2509
 20
6.402
 30
0.0
 10
9.1493
 20
6.3882
 30
0.0
 10
9.0477
 20
6.3882
 30
0.0
  0
SPLINE
  5
7F
330
1F
100
AcDbEntity
  8
Layer 1
 62
   250
100
AcDbSpline
210
0.0
220
0.0
230
1.0
 70
    11
 71
     3
 72
    23
 73
    19
 74
     0
 42
0.0000000001
 43
0.0000000001
 40
0.0
 40
0.0
 40
0.0
 40
0.0
 40
0.1666666666666667
 40
0.1666666666666667
 40
0.1666666666666667
 40
0.3333333333333333
 40
0.3333333333333333
 40
0.3333333333333333
 40
0.5
 40
0.5
 40
0.5
 40
0.6666666666666666
 40
0.6666666666666666
 40
0.6666666666666666
 40
0.8333333333333333
 40
0.8333333333333333
 40
0.8333333333333333
 40
1.0
 40
1.0
 40
1.0
 40
1.0
 10
-13.1303
 20
-9.844
 30
0.0
 10
-15.5108
 20
-6.2178
 30
0.0
 10
-14.0443
 20
-1.4733
 30
0.0
 10
-10.6873
 20
0.1153
 30
0.0
 10
-7.543
 20
1.6035
 30
0.0
 10
-3.2596
 20
0.0779
 30
0.0
 10
-1.6678
 20
-3.6429
 30
0.0
 10
-1.8869
 20
-3.2866
 30
0.0
 10
-3.6568
 20
-0.513
 30
0.0
 10
-6.8353
 20
-0.2604
 30
0.0
 10
-7.264
 20
-0.2262
 30
0.0
 10
-8.7562
 20
-0.1285
 30
0.0
 10
-10.2739
 20
-1.0196
 30
0.0
 10
-11.8959
 20
-1.9718
 30
0.0
 10
-12.5278
 20
-3.4545
 30
0.0
 10
-12.8484
 20
-4.2066
 30
0.0
 10
-13.8976
 20
-6.6687
 30
0.0
 10
-13.3758
 20
-8.9769
 30
0.0
 10
-13.1303
 20
-9.844
 30
0.0
  0
SPLINE
  5
80
330
1F
100
AcDbEntity
  8
Layer 1
 62
   250
100
AcDbSpline
210
0.0
220
0.0
230
1.0
 70
    11
 71
     3
 72
    17
 73
    13
 74
     0
 42
0.0000000001
 43
0.0000000001
 40
0.0
 40
0.0
 40
0.0
 40
0.0
 40
0.25
 40
0.25
 40
0.25
 40
0.5
 40
0.5
 40
0.5
 40
0.75
 40
0.75
 40
0.75
 40
1.0
 40
1.0
 40
1.0
 40
1.0
 10
-14.4344
 20
-7.0741
 30
0.0
 10
-14.5163
 20
-6.7983
 30
0.0
 10
-15.3841
 20
-3.6878
 30
0.0
 10
-13.3521
 20
-1.1884
 30
0.0
 10
-11.6887
 20
0.857
 30
0.0
 10
-8.7815
 20
1.6348
 30
0.0
 10
-6.1138
 20
0.7053
 30
0.0
 10
-6.3456
 20
0.7618
 30
0.0
 10
-9.8021
 20
1.5379
 30
0.0
 10
-12.4387
 20
-0.9855
 30
0.0
 10
-15.0027
 20
-3.4398
 30
0.0
 10
-14.4813
 20
-6.8028
 30
0.0
 10
-14.4344
 20
-7.0741
 30
0.0
  0
SPLINE
  5
81
330
1F
100
AcDbEntity
  8
Layer 1
 62
   250
100
AcDbSpline
210
0.0
220
0.0
230
1.0
 70
    11
 71
     3
 72
    14
 73
    10
 74
     0
 42
0.0000000001
 43
0.0000000001
 40
0.0
 40
0.0
 40
0.0
 40
0.0
 40
0.3333333333333333
 40
0.3333333333333333
 40
0.3333333333333333
 40
0.6666666666666666
 40
0.6666666666666666
 40
0.6666666666666666
 40
1.0
 40
1.0
 40
1.0
 40
1.0
 10
-15.9225
 20
2.0244
 30
0.0
 10
-15.9225
 20
2.0244
 30
0.0
 10
-14.1555
 20
2.9092
 30
0.0
 10
-14.1555
 20
2.9092
 30
0.0
 10
-14.1555
 20
2.9092
 30
0.0
 10
-11.8811
 20
0.5355
 30
0.0
 10
-11.8811
 20
0.5355
 30
0.0
 10
-11.8811
 20
0.5355
 30
0.0
 10
-15.9225
 20
2.0244
 30
0.0
 10
-15.9225
 20
2.0244
 30
0.0
  0
SPLINE
  5
82
330
1F
100
AcDbEntity
  8
Layer 1
 62
   250
100
AcDbSpline
210
0.0
220
0.0
230
1.0
 70
    11
 71
     3
 72
    14
 73
    10
 74
     0
 42
0.0000000001
 43
0.0000000001
 40
0.0
 40
0.0
 40
0.0
 40
0.0
 40
0.3333333333333333
 40
0.3333333333333333
 40
0.3333333333333333
 40
0.6666666666666666
 40
0.6666666666666666
 40
0.6666666666666666
 40
1.0
 40
1.0
 40
1.0
 40
1.0
 10
-12.3712
 20
3.8171
 30
0.0
 10
-12.3712
 20
3.8171
 30
0.0
 10
-13.9777
 20
2.9715
 30
0.0
 10
-13.9777
 20
2.9715
 30
0.0
 10
-13.9777
 20
2.9715
 30
0.0
 10
-11.5266
 20
0.5173
 30
0.0
 10
-11.5266
 20
0.5173
 30
0.0
 10
-11.5266
 20
0.5173
 30
0.0
 10
-12.3712
 20
3.8171
 30
0.0
 10
-12.3712
 20
3.8171
 30
0.0
  0
SPLINE
  5
83
330
1F
100
AcDbEntity
  8
Layer 1
 62
   250
100
AcDbSpline
210
0.0
220
0.0
230
1.0
 70
    11
 71
     3
 72
    14
 73
    10
 74
     0
 42
0.0000000001
 43
0.0000000001
 40
0.0
 40
0.0
 40
0.0
 40
0.0
 40
0.3333333333333333
 40
0.3333333333333333
 40
0.3333333333333333
 40
0.6666666666666666
 40
0.6666666666666666
 40
0.6666666666666666
 40
1.0
 40
1.0
 40
1.0
 40
1.0
 10
-12.2252
 20
3.9001
 30
0.0
 10
-12.2252
 20
3.9001
 30
0.0
 10
-10.1918
 20
4.764
 30
0.0
 10
-10.1918
 20
4.764
 30
0.0
 10
-10.1918
 20
4.764
 30
0.0
 10
-11.3923
 20
0.7859
 30
0.0
 10
-11.3923
 20
0.7859
 30
0.0
 10
-11.3923
 20
0.7859
 30
0.0
 10
-12.2252
 20
3.9001
 30
0.0
 10
-12.2252
 20
3.9001
 30
0.0
  0
SPLINE
  5
84
330
1F
100
AcDbEntity
  8
Layer 1
 62
   250
100
AcDbSpline
210
0.0
220
0.0
230
1.0
 70
    11
 71
     3
 72
    14
 73
    10
 74
     0
 42
0.0000000001
 43
0.0000000001
 40
0.0
 40
0.0
 40
0.0
 40
0.0
 40
0.3333333333333333
 40
0.3333333333333333
 40
0.3333333333333333
 40
0.6666666666666666
 40
0.6666666666666666
 40
0.6666666666666666
 40
1.0
 40
1.0
 40
1.0
 40
1.0
 10
-16.0273
 20
2.1672
 30
0.0
 10
-16.0273
 20
2.1672
 30
0.0
 10
-14.3011
 20
3.0054
 30
0.0
 10
-14.3011
 20
3.0054
 30
0.0
 10
-14.3011
 20
3.0054
 30
0.0
 10
-15.6181
 20
3.8171
 30
0.0
 10
-15.6181
 20
3.8171
 30
0.0
 10
-15.6181
 20
3.8171
 30
0.0
 10
-16.0273
 20
2.1672
 30
0.0
 10
-16.0273
 20
2.1672
 30
0.0
  0
SPLINE
  5
85
330
1F
100
AcDbEntity
  8
Layer 1
 62
   250
100
AcDbSpline
210
0.0
220
0.0
230
1.0
 70
    11
 71
     3
 72
    14
 73
    10
 74
     0
 42
0.0000000001
 43
0.0000000001
 40
0.0
 40
0.0
 40
0.0
 40
0.0
 40
0.3333333333333333
 40
0.3333333333333333
 40
0.3333333333333333
 40
0.6666666666666666
 40
0.6666666666666666
 40
0.6666666666666666
 40
1.0
 40
1.0
 40
1.0
 40
1.0
 10
-15.4836
 20
3.8951
 30
0.0
 10
-15.4836
 20
3.8951
 30
0.0
 10
-13.6979
 20
4.764
 30
0.0
 10
-13.6979
 20
4.764
 30
0.0
 10
-13.6979
 20
4.764
 30
0.0
 10
-14.112
 20
3.0844
 30
0.0
 10
-14.112
 20
3.0844
 30
0.0
 10
-14.112
 20
3.0844
 30
0.0
 10
-15.4836
 20
3.8951
 30
0.0
 10
-15.4836
 20
3.8951
 30
0.0
  0
SPLINE
  5
86
330
1F
100
AcDbEntity
  8
Layer 1
 62
   250
100
AcDbSpline
210
0.0
220
0.0
230
1.0
 70
    11
 71
     3
 72
    14
 73
    10
 74
     0
 42
0.0000000001
 43
0.0000000001
 40
0.0
 40
0.0
 40
0.0
 40
0.0
 40
0.3333333333333333
 40
0.3333333333333333
 40
0.3333333333333333
 40
0.6666666666666666
 40
0.6666666666666666
 40
0.6666666666666666
 40
1.0
 40
1.0
 40
1.0
 40
1.0
 10
-13.4979
 20
4.8756
 30
0.0
 10
-13.4979
 20
4.8756
 30
0.0
 10
-13.9826
 20
3.1463
 30
0.0
 10
-13.9826
 20
3.1463
 30
0.0
 10
-13.9826
 20
3.1463
 30
0.0
 10
-12.3598
 20
3.9862
 30
0.0
 10
-12.3598
 20
3.9862
 30
0.0
 10
-12.3598
 20
3.9862
 30
0.0
 10
-13.4979
 20
4.8756
 30
0.0
 10
-13.4979
 20
4.8756
 30
0.0
  0
SPLINE
  5
87
330
1F
100
AcDbEntity
  8
Layer 1
 62
   250
100
AcDbSpline
210
0.0
220
0.0
230
1.0
 70
    11
 71
     3
 72
    14
 73
    10
 74
     0
 42
0.0000000001
 43
0.0000000001
 40
0.0
 40
0.0
 40
0.0
 40
0.0
 40
0.3333333333333333
 40
0.3333333333333333
 40
0.3333333333333333
 40
0.6666666666666666
 40
0.6666666666666666
 40
0.6666666666666666
 40
1.0
 40
1.0
 40
1.0
 40
1.0
 10
-13.3112
 20
4.9896
 30
0.0
 10
-13.3112
 20
4.9896
 30
0.0
 10
-11.8408
 20
5.6299
 30
0.0
 10
-11.8408
 20
5.6299
 30
0.0
 10
-11.8408
 20
5.6299
 30
0.0
 10
-12.2677
 20
4.0816
 30
0.0
 10
-12.2677
 20
4.0816
 30
0.0
 10
-12.2677
 20
4.0816
 30
0.0
 10
-13.3112
 20
4.9896
 30
0.0
 10
-13.3112
 20
4.9896
 30
0.0
  0
SPLINE
  5
88
330
1F
100
AcDbEntity
  8
Layer 1
 62
   250
100
AcDbSpline
210
0.0
220
0.0
230
1.0
 70
    11
 71
     3
 72
    14
 73
    10
 74
     0
 42
0.0000000001
 43
0.0000000001
 40
0.0
 40
0.0
 40
0.0
 40
0.0
 40
0.3333333333333333
 40
0.3333333333333333
 40
0.3333333333333333
 40
0.6666666666666666
 40
0.6666666666666666
 40
0.6666666666666666
 40
1.0
 40
1.0
 40
1.0
 40
1.0
 10
-11.6801
 20
5.5985
 30
0.0
 10
-11.6801
 20
5.5985
 30
0.0
 10
-12.1397
 20
4.1088
 30
0.0
 10
-12.1397
 20
4.1088
 30
0.0
 10
-12.1397
 20
4.1088
 30
0.0
 10
-10.3265
 20
4.8545
 30
0.0
 10
-10.3265
 20
4.8545
 30
0.0
 10
-10.3265
 20
4.8545
 30
0.0
 10
-11.6801
 20
5.5985
 30
0.0
 10
-11.6801
 20
5.5985
 30
0.0
  0
SPLINE
  5
89
330
1F
100
AcDbEntity
  8
Layer 1
 62
   250
100
AcDbSpline
210
0.0
220
0.0
230
1.0
 70
    11
 71
     3
 72
    20
 73
    16
 74
     0
 42
0.0000000001
 43
0.0000000001
 40
0.0
 40
0.0
 40
0.0
 40
0.0
 40
0.2
 40
0.2
 40
0.2
 40
0.4
 40
0.4
 40
0.4
 40
0.6000000000000001
 40
0.6000000000000001
 40
0.6000000000000001
 40
0.8
 40
0.8
 40
0.8
 40
1.0
 40
1.0
 40
1.0
 40
1.0
 10
-7.9635
 20
-5.0636
 30
0.0
 10
-7.9635
 20
-5.0636
 30
0.0
 10
-7.9847
 20
-5.0636
 30
0.0
 10
-7.9847
 20
-5.0636
 30
0.0
 10
-7.9847
 20
-5.0636
 30
0.0
 10
-8.2348
 20
-5.6266
 30
0.0
 10
-8.2348
 20
-5.6266
 30
0.0
 10
-8.2348
 20
-5.6266
 30
0.0
 10
-8.9576
 20
-7.3157
 30
0.0
 10
-8.9576
 20
-7.3157
 30
0.0
 10
-8.9576
 20
-7.3157
 30
0.0
 10
-7.053
 20
-7.3157
 30
0.0
 10
-7.053
 20
-7.3157
 30
0.0
 10
-7.053
 20
-7.3157
 30
0.0
 10
-7.9635
 20
-5.0636
 30
0.0
 10
-7.9635
 20
-5.0636
 30
0.0
  0
SPLINE
  5
8A
330
1F
100
AcDbEntity
  8
Layer 1
 62
   250
100
AcDbSpline
210
0.0
220
0.0
230
1.0
 70
    11
 71
     3
 72
    71
 73
    67
 74
     0
 42
0.0000000001
 43
0.0000000001
 40
0.0
 40
0.0
 40
0.0
 40
0.0
 40
0.0454545454545455
 40
0.0454545454545455
 40
0.0454545454545455
 40
0.0909090909090909
 40
0.0909090909090909
 40
0.0909090909090909
 40
0.1363636363636364
 40
0.1363636363636364
 40
0.1363636363636364
 40
0.1818181818181818
 40
0.1818181818181818
 40
0.1818181818181818
 40
0.2272727272727273
 40
0.2272727272727273
 40
0.2272727272727273
 40
0.2727272727272727
 40
0.2727272727272727
 40
0.2727272727272727
 40
0.3181818181818182
 40
0.3181818181818182
 40
0.3181818181818182
 40
0.3636363636363636
 40
0.3636363636363636
 40
0.3636363636363636
 40
0.4090909090909091
 40
0.4090909090909091
 40
0.4090909090909091
 40
0.4545454545454546
 40
0.4545454545454546
 40
0.4545454545454546
 40
0.5
 40
0.5
 40
0.5
 40
0.5454545454545454
 40
0.5454545454545454
 40
0.5454545454545454
 40
0.5909090909090909
 40
0.5909090909090909
 40
0.5909090909090909
 40
0.6363636363636364
 40
0.6363636363636364
 40
0.6363636363636364
 40
0.6818181818181819
 40
0.6818181818181819
 40
0.6818181818181819
 40
0.7272727272727273
 40
0.7272727272727273
 40
0.7272727272727273
 40
0.7727272727272727
 40
0.7727272727272727
 40
0.7727272727272727
 40
0.8181818181818182
 40
0.8181818181818182
 40
0.8181818181818182
 40
0.8636363636363636
 40
0.8636363636363636
 40
0.8636363636363636
 40
0.9090909090909092
 40
0.9090909090909092
 40
0.9090909090909092
 40
0.9545454545454546
 40
0.9545454545454546
 40
0.9545454545454546
 40
1.0
 40
1.0
 40
1.0
 40
1.0
 10
-6.9419
 20
-9.8395
 30
0.0
 10
-6.9419
 20
-9.8395
 30
0.0
 10
-6.9419
 20
-9.5798
 30
0.0
 10
-6.9419
 20
-9.5798
 30
0.0
 10
-6.6173
 20
-9.5386
 30
0.0
 10
-6.4205
 20
-9.4867
 30
0.0
 10
-6.351
 20
-9.425
 30
0.0
 10
-6.2769
 20
-9.3594
 30
0.0
 10
-6.2744
 20
-9.2352
 30
0.0
 10
-6.3439
 20
-9.0539
 30
0.0
 10
-6.3439
 20
-9.0539
 30
0.0
 10
-6.5944
 20
-8.4478
 30
0.0
 10
-6.5944
 20
-8.4478
 30
0.0
 10
-6.6914
 20
-8.2125
 30
0.0
 10
-6.7937
 20
-7.9712
 30
0.0
 10
-6.8999
 20
-7.7239
 30
0.0
 10
-6.8999
 20
-7.7239
 30
0.0
 10
-9.1316
 20
-7.7239
 30
0.0
 10
-9.1316
 20
-7.7239
 30
0.0
 10
-9.2984
 20
-8.1197
 30
0.0
 10
-9.4466
 20
-8.4951
 30
0.0
 10
-9.5764
 20
-8.8496
 30
0.0
 10
-9.6875
 20
-9.1262
 30
0.0
 10
-9.7059
 20
-9.3075
 30
0.0
 10
-9.6318
 20
-9.3939
 30
0.0
 10
-9.5531
 20
-9.4807
 30
0.0
 10
-9.3192
 20
-9.5425
 30
0.0
 10
-8.9298
 20
-9.5798
 30
0.0
 10
-8.9298
 20
-9.5798
 30
0.0
 10
-8.9298
 20
-9.8395
 30
0.0
 10
-8.9298
 20
-9.8395
 30
0.0
 10
-8.9298
 20
-9.8395
 30
0.0
 10
-11.2239
 20
-9.8395
 30
0.0
 10
-11.2239
 20
-9.8395
 30
0.0
 10
-11.2239
 20
-9.8395
 30
0.0
 10
-11.2239
 20
-9.5798
 30
0.0
 10
-11.2239
 20
-9.5798
 30
0.0
 10
-10.8718
 20
-9.5301
 30
0.0
 10
-10.6355
 20
-9.4603
 30
0.0
 10
-10.5148
 20
-9.3692
 30
0.0
 10
-10.3712
 20
-9.2581
 30
0.0
 10
-10.2114
 20
-9.0087
 30
0.0
 10
-10.035
 20
-8.6206
 30
0.0
 10
-10.035
 20
-8.6206
 30
0.0
 10
-7.8524
 20
-3.9005
 30
0.0
 10
-7.8524
 20
-3.9005
 30
0.0
 10
-7.8524
 20
-3.9005
 30
0.0
 10
-7.4908
 20
-3.8204
 30
0.0
 10
-7.4908
 20
-3.8204
 30
0.0
 10
-7.4908
 20
-3.8204
 30
0.0
 10
-5.9823
 20
-7.4268
 30
0.0
 10
-5.9823
 20
-7.4268
 30
0.0
 10
-5.9823
 20
-7.4268
 30
0.0
 10
-5.468
 20
-8.6206
 30
0.0
 10
-5.468
 20
-8.6206
 30
0.0
 10
-5.3011
 20
-9.0168
 30
0.0
 10
-5.1508
 20
-9.2683
 30
0.0
 10
-5.0164
 20
-9.3756
 30
0.0
 10
-4.8912
 20
-9.479
 30
0.0
 10
-4.6569
 20
-9.5467
 30
0.0
 10
-4.314
 20
-9.5798
 30
0.0
 10
-4.314
 20
-9.5798
 30
0.0
 10
-4.314
 20
-9.8395
 30
0.0
 10
-4.314
 20
-9.8395
 30
0.0
 10
-4.314
 20
-9.8395
 30
0.0
 10
-6.9419
 20
-9.8395
 30
0.0
 10
-6.9419
 20
-9.8395
 30
0.0
  0
SPLINE
  5
8B
330
1F
100
AcDbEntity
  8
Layer 1
 62
   250
100
AcDbSpline
210
0.0
220
0.0
230
1.0
 70
    11
 71
     3
 72
    80
 73
    76
 74
     0
 42
0.0000000001
 43
0.0000000001
 40
0.0
 40
0.0
 40
0.0
 40
0.0
 40
0.04
 40
0.04
 40
0.04
 40
0.08
 40
0.08
 40
0.08
 40
0.12
 40
0.12
 40
0.12
 40
0.16
 40
0.16
 40
0.16
 40
0.2
 40
0.2
 40
0.2
 40
0.24
 40
0.24
 40
0.24
 40
0.28
 40
0.28
 40
0.28
 40
0.32
 40
0.32
 40
0.32
 40
0.36
 40
0.36
 40
0.36
 40
0.4
 40
0.4
 40
0.4
 40
0.44
 40
0.44
 40
0.44
 40
0.48
 40
0.48
 40
0.48
 40
0.52
 40
0.52
 40
0.52
 40
0.56
 40
0.56
 40
0.56
 40
0.6
 40
0.6
 40
0.6
 40
0.64
 40
0.64
 40
0.64
 40
0.68
 40
0.68
 40
0.68
 40
0.72
 40
0.72
 40
0.72
 40
0.76
 40
0.76
 40
0.76
 40
0.8
 40
0.8
 40
0.8
 40
0.84
 40
0.84
 40
0.84
 40
0.88
 40
0.88
 40
0.88
 40
0.92
 40
0.92
 40
0.92
 40
0.96
 40
0.96
 40
0.96
 40
1.0
 40
1.0
 40
1.0
 40
1.0
 10
-2.194
 20
-6.7648
 30
0.0
 10
-2.1012
 20
-6.6286
 30
0.0
 10
-2.0109
 20
-6.509
 30
0.0
 10
-1.9227
 20
-6.406
 30
0.0
 10
-1.8208
 20
-6.2825
 30
0.0
 10
-1.7213
 20
-6.1774
 30
0.0
 10
-1.6239
 20
-6.0906
 30
0.0
 10
-1.3921
 20
-5.8888
 30
0.0
 10
-1.1674
 20
-5.7872
 30
0.0
 10
-0.9498
 20
-5.7872
 30
0.0
 10
-0.7688
 20
-5.7872
 30
0.0
 10
-0.6185
 20
-5.837
 30
0.0
 10
-0.4979
 20
-5.9358
 30
0.0
 10
-0.3821
 20
-6.0268
 30
0.0
 10
-0.3239
 20
-6.1319
 30
0.0
 10
-0.3239
 20
-6.2515
 30
0.0
 10
-0.3239
 20
-6.4783
 30
0.0
 10
-0.4446
 20
-6.641
 30
0.0
 10
-0.6855
 20
-6.7404
 30
0.0
 10
-0.8012
 20
-6.7814
 30
0.0
 10
-0.894
 20
-6.7733
 30
0.0
 10
-0.9635
 20
-6.7154
 30
0.0
 10
-1.1163
 20
-6.5919
 30
0.0
 10
-1.2673
 20
-6.5298
 30
0.0
 10
-1.4154
 20
-6.5298
 30
0.0
 10
-1.7167
 20
-6.5298
 30
0.0
 10
-1.983
 20
-6.7796
 30
0.0
 10
-2.2148
 20
-7.2784
 30
0.0
 10
-2.2148
 20
-7.2784
 30
0.0
 10
-2.2148
 20
-8.8931
 30
0.0
 10
-2.2148
 20
-8.8931
 30
0.0
 10
-2.2148
 20
-9.1944
 30
0.0
 10
-2.1728
 20
-9.3796
 30
0.0
 10
-2.0896
 20
-9.4498
 30
0.0
 10
-2.0017
 20
-9.52
 30
0.0
 10
-1.7583
 20
-9.5694
 30
0.0
 10
-1.3597
 20
-9.5983
 30
0.0
 10
-1.3597
 20
-9.5983
 30
0.0
 10
-1.3597
 20
-9.8396
 30
0.0
 10
-1.3597
 20
-9.8396
 30
0.0
 10
-1.3597
 20
-9.8396
 30
0.0
 10
-3.8274
 20
-9.8396
 30
0.0
 10
-3.8274
 20
-9.8396
 30
0.0
 10
-3.8274
 20
-9.8396
 30
0.0
 10
-3.8274
 20
-9.5983
 30
0.0
 10
-3.8274
 20
-9.5983
 30
0.0
 10
-3.5078
 20
-9.5694
 30
0.0
 10
-3.3109
 20
-9.52
 30
0.0
 10
-3.2368
 20
-9.4498
 30
0.0
 10
-3.1532
 20
-9.3715
 30
0.0
 10
-3.1116
 20
-9.1859
 30
0.0
 10
-3.1116
 20
-8.8931
 30
0.0
 10
-3.1116
 20
-8.8931
 30
0.0
 10
-3.1116
 20
-7.0188
 30
0.0
 10
-3.1116
 20
-7.0188
 30
0.0
 10
-3.1116
 20
-6.7341
 30
0.0
 10
-3.144
 20
-6.5566
 30
0.0
 10
-3.2086
 20
-6.4864
 30
0.0
 10
-3.2739
 20
-6.4205
 30
0.0
 10
-3.452
 20
-6.369
 30
0.0
 10
-3.7441
 20
-6.3316
 30
0.0
 10
-3.7441
 20
-6.3316
 30
0.0
 10
-3.7441
 20
-6.1277
 30
0.0
 10
-3.7441
 20
-6.1277
 30
0.0
 10
-3.4707
 20
-6.0864
 30
0.0
 10
-3.2181
 20
-6.0391
 30
0.0
 10
-2.9863
 20
-5.9855
 30
0.0
 10
-2.7221
 20
-5.9234
 30
0.0
 10
-2.4649
 20
-5.8472
 30
0.0
 10
-2.2148
 20
-5.7565
 30
0.0
 10
-2.2148
 20
-5.7565
 30
0.0
 10
-2.2148
 20
-6.7648
 30
0.0
 10
-2.2148
 20
-6.7648
 30
0.0
 10
-2.2148
 20
-6.7648
 30
0.0
 10
-2.194
 20
-6.7648
 30
0.0
 10
-2.194
 20
-6.7648
 30
0.0
  0
SPLINE
  5
8C
330
1F
100
AcDbEntity
  8
Layer 1
 62
   250
100
AcDbSpline
210
0.0
220
0.0
230
1.0
 70
    11
 71
     3
 72
   158
 73
   154
 74
     0
 42
0.0000000001
 43
0.0000000001
 40
0.0
 40
0.0
 40
0.0
 40
0.0
 40
0.0196078431372549
 40
0.0196078431372549
 40
0.0196078431372549
 40
0.0392156862745098
 40
0.0392156862745098
 40
0.0392156862745098
 40
0.0588235294117647
 40
0.0588235294117647
 40
0.0588235294117647
 40
0.0784313725490196
 40
0.0784313725490196
 40
0.0784313725490196
 40
0.0980392156862745
 40
0.0980392156862745
 40
0.0980392156862745
 40
0.1176470588235294
 40
0.1176470588235294
 40
0.1176470588235294
 40
0.1372549019607843
 40
0.1372549019607843
 40
0.1372549019607843
 40
0.1568627450980392
 40
0.1568627450980392
 40
0.1568627450980392
 40
0.1764705882352941
 40
0.1764705882352941
 40
0.1764705882352941
 40
0.196078431372549
 40
0.196078431372549
 40
0.196078431372549
 40
0.2156862745098039
 40
0.2156862745098039
 40
0.2156862745098039
 40
0.2352941176470588
 40
0.2352941176470588
 40
0.2352941176470588
 40
0.2549019607843137
 40
0.2549019607843137
 40
0.2549019607843137
 40
0.2745098039215687
 40
0.2745098039215687
 40
0.2745098039215687
 40
0.2941176470588235
 40
0.2941176470588235
 40
0.2941176470588235
 40
0.3137254901960784
 40
0.3137254901960784
 40
0.3137254901960784
 40
0.3333333333333333
 40
0.3333333333333333
 40
0.3333333333333333
 40
0.3529411764705882
 40
0.3529411764705882
 40
0.3529411764705882
 40
0.3725490196078431
 40
0.3725490196078431
 40
0.3725490196078431
 40
0.392156862745098
 40
0.392156862745098
 40
0.392156862745098
 40
0.4117647058823529
 40
0.4117647058823529
 40
0.4117647058823529
 40
0.4313725490196079
 40
0.4313725490196079
 40
0.4313725490196079
 40
0.4509803921568628
 40
0.4509803921568628
 40
0.4509803921568628
 40
0.4705882352941176
 40
0.4705882352941176
 40
0.4705882352941176
 40
0.4901960784313725
 40
0.4901960784313725
 40
0.4901960784313725
 40
0.5098039215686274
 40
0.5098039215686274
 40
0.5098039215686274
 40
0.5294117647058824
 40
0.5294117647058824
 40
0.5294117647058824
 40
0.5490196078431373
 40
0.5490196078431373
 40
0.5490196078431373
 40
0.5686274509803921
 40
0.5686274509803921
 40
0.5686274509803921
 40
0.5882352941176471
 40
0.5882352941176471
 40
0.5882352941176471
 40
0.6078431372549019
 40
0.6078431372549019
 40
0.6078431372549019
 40
0.6274509803921569
 40
0.6274509803921569
 40
0.6274509803921569
 40
0.6470588235294118
 40
0.6470588235294118
 40
0.6470588235294118
 40
0.6666666666666666
 40
0.6666666666666666
 40
0.6666666666666666
 40
0.6862745098039216
 40
0.6862745098039216
 40
0.6862745098039216
 40
0.7058823529411764
 40
0.7058823529411764
 40
0.7058823529411764
 40
0.7254901960784313
 40
0.7254901960784313
 40
0.7254901960784313
 40
0.7450980392156863
 40
0.7450980392156863
 40
0.7450980392156863
 40
0.7647058823529411
 40
0.7647058823529411
 40
0.7647058823529411
 40
0.7843137254901961
 40
0.7843137254901961
 40
0.7843137254901961
 40
0.803921568627451
 40
0.803921568627451
 40
0.803921568627451
 40
0.8235294117647058
 40
0.8235294117647058
 40
0.8235294117647058
 40
0.8431372549019608
 40
0.8431372549019608
 40
0.8431372549019608
 40
0.8627450980392157
 40
0.8627450980392157
 40
0.8627450980392157
 40
0.8823529411764706
 40
0.8823529411764706
 40
0.8823529411764706
 40
0.9019607843137255
 40
0.9019607843137255
 40
0.9019607843137255
 40
0.9215686274509803
 40
0.9215686274509803
 40
0.9215686274509803
 40
0.9411764705882353
 40
0.9411764705882353
 40
0.9411764705882353
 40
0.9607843137254902
 40
0.9607843137254902
 40
0.9607843137254902
 40
0.9803921568627451
 40
0.9803921568627451
 40
0.9803921568627451
 40
1.0
 40
1.0
 40
1.0
 40
1.0
 10
5.8762
 20
-9.8395
 30
0.0
 10
5.8762
 20
-9.8395
 30
0.0
 10
5.8762
 20
-9.5982
 30
0.0
 10
5.8762
 20
-9.5982
 30
0.0
 10
6.1775
 20
-9.5693
 30
0.0
 10
6.3655
 20
-9.5199
 30
0.0
 10
6.4399
 20
-9.4501
 30
0.0
 10
6.5274
 20
-9.3629
 30
0.0
 10
6.5715
 20
-9.1654
 30
0.0
 10
6.5715
 20
-8.856
 30
0.0
 10
6.5715
 20
-8.856
 30
0.0
 10
6.5715
 20
-7.3958
 30
0.0
 10
6.5715
 20
-7.3958
 30
0.0
 10
6.5715
 20
-6.6991
 30
0.0
 10
6.2752
 20
-6.3502
 30
0.0
 10
5.6818
 20
-6.3502
 30
0.0
 10
5.371
 20
-6.3502
 30
0.0
 10
5.0052
 20
-6.5008
 30
0.0
 10
4.5836
 20
-6.8021
 30
0.0
 10
4.5836
 20
-6.8021
 30
0.0
 10
4.6044
 20
-6.969
 30
0.0
 10
4.6044
 20
-6.969
 30
0.0
 10
4.609
 20
-7.0395
 30
0.0
 10
4.6111
 20
-7.1094
 30
0.0
 10
4.6111
 20
-7.1796
 30
0.0
 10
4.6111
 20
-7.1796
 30
0.0
 10
4.6111
 20
-8.9177
 30
0.0
 10
4.6111
 20
-8.9177
 30
0.0
 10
4.6111
 20
-9.1943
 30
0.0
 10
4.6503
 20
-9.3714
 30
0.0
 10
4.7297
 20
-9.4501
 30
0.0
 10
4.8034
 20
-9.5199
 30
0.0
 10
4.9847
 20
-9.5693
 30
0.0
 10
5.2719
 20
-9.5982
 30
0.0
 10
5.2719
 20
-9.5982
 30
0.0
 10
5.2719
 20
-9.8395
 30
0.0
 10
5.2719
 20
-9.8395
 30
0.0
 10
5.2719
 20
-9.8395
 30
0.0
 10
2.999
 20
-9.8395
 30
0.0
 10
2.999
 20
-9.8395
 30
0.0
 10
2.999
 20
-9.8395
 30
0.0
 10
2.999
 20
-9.5982
 30
0.0
 10
2.999
 20
-9.5982
 30
0.0
 10
3.3136
 20
-9.5693
 30
0.0
 10
3.508
 20
-9.522
 30
0.0
 10
3.5824
 20
-9.4561
 30
0.0
 10
3.6657
 20
-9.3774
 30
0.0
 10
3.708
 20
-9.1943
 30
0.0
 10
3.708
 20
-8.9057
 30
0.0
 10
3.708
 20
-8.9057
 30
0.0
 10
3.708
 20
-7.3775
 30
0.0
 10
3.708
 20
-7.3775
 30
0.0
 10
3.708
 20
-6.6927
 30
0.0
 10
3.4156
 20
-6.3502
 30
0.0
 10
2.8314
 20
-6.3502
 30
0.0
 10
2.6557
 20
-6.3502
 30
0.0
 10
2.4656
 20
-6.3978
 30
0.0
 10
2.2616
 20
-6.4927
 30
0.0
 10
2.1135
 20
-6.5587
 30
0.0
 10
1.942
 20
-6.6596
 30
0.0
 10
1.7474
 20
-6.7958
 30
0.0
 10
1.7474
 20
-6.7958
 30
0.0
 10
1.7474
 20
-8.9057
 30
0.0
 10
1.7474
 20
-8.9057
 30
0.0
 10
1.7474
 20
-9.1901
 30
0.0
 10
1.7823
 20
-9.3714
 30
0.0
 10
1.8517
 20
-9.4501
 30
0.0
 10
1.912
 20
-9.5199
 30
0.0
 10
2.0648
 20
-9.5693
 30
0.0
 10
2.3107
 20
-9.5982
 30
0.0
 10
2.3107
 20
-9.5982
 30
0.0
 10
2.3107
 20
-9.8395
 30
0.0
 10
2.3107
 20
-9.8395
 30
0.0
 10
2.3107
 20
-9.8395
 30
0.0
 10
0.0862
 20
-9.8395
 30
0.0
 10
0.0862
 20
-9.8395
 30
0.0
 10
0.0862
 20
-9.8395
 30
0.0
 10
0.0862
 20
-9.5982
 30
0.0
 10
0.0862
 20
-9.5982
 30
0.0
 10
0.4241
 20
-9.5693
 30
0.0
 10
0.6354
 20
-9.5199
 30
0.0
 10
0.7187
 20
-9.4501
 30
0.0
 10
0.8065
 20
-9.3714
 30
0.0
 10
0.8506
 20
-9.1858
 30
0.0
 10
0.8506
 20
-8.893
 30
0.0
 10
0.8506
 20
-8.893
 30
0.0
 10
0.8506
 20
-7.0554
 30
0.0
 10
0.8506
 20
-7.0554
 30
0.0
 10
0.8506
 20
-6.7672
 30
0.0
 10
0.8203
 20
-6.5855
 30
0.0
 10
0.7603
 20
-6.5111
 30
0.0
 10
0.6954
 20
-6.4412
 30
0.0
 10
0.5173
 20
-6.3855
 30
0.0
 10
0.2252
 20
-6.3442
 30
0.0
 10
0.2252
 20
-6.3442
 30
0.0
 10
0.2252
 20
-6.1152
 30
0.0
 10
0.2252
 20
-6.1152
 30
0.0
 10
0.4753
 20
-6.0824
 30
0.0
 10
0.7208
 20
-6.0373
 30
0.0
 10
0.9618
 20
-5.9794
 30
0.0
 10
1.2493
 20
-5.9135
 30
0.0
 10
1.5065
 20
-5.839
 30
0.0
 10
1.7336
 20
-5.7565
 30
0.0
 10
1.7336
 20
-5.7565
 30
0.0
 10
1.7336
 20
-6.4987
 30
0.0
 10
1.7336
 20
-6.4987
 30
0.0
 10
1.7336
 20
-6.4987
 30
0.0
 10
2.081
 20
-6.2825
 30
0.0
 10
2.081
 20
-6.2825
 30
0.0
 10
2.2341
 20
-6.1833
 30
0.0
 10
2.3703
 20
-6.1008
 30
0.0
 10
2.491
 20
-6.0348
 30
0.0
 10
2.6441
 20
-5.9523
 30
0.0
 10
2.7806
 20
-5.8926
 30
0.0
 10
2.9009
 20
-5.8556
 30
0.0
 10
3.0452
 20
-5.8101
 30
0.0
 10
3.1933
 20
-5.7875
 30
0.0
 10
3.3461
 20
-5.7875
 30
0.0
 10
3.8837
 20
-5.7875
 30
0.0
 10
4.2679
 20
-6.0348
 30
0.0
 10
4.5004
 20
-6.5298
 30
0.0
 10
4.5004
 20
-6.5298
 30
0.0
 10
4.9445
 20
-6.2514
 30
0.0
 10
4.9445
 20
-6.2514
 30
0.0
 10
5.0006
 20
-6.2225
 30
0.0
 10
5.0701
 20
-6.1833
 30
0.0
 10
5.1534
 20
-6.1339
 30
0.0
 10
5.1534
 20
-6.1339
 30
0.0
 10
5.3485
 20
-6.0165
 30
0.0
 10
5.3485
 20
-6.0165
 30
0.0
 10
5.473
 20
-5.9463
 30
0.0
 10
5.5936
 20
-5.8926
 30
0.0
 10
5.7093
 20
-5.8556
 30
0.0
 10
5.8536
 20
-5.8101
 30
0.0
 10
5.9919
 20
-5.7875
 30
0.0
 10
6.127
 20
-5.7875
 30
0.0
 10
7.0256
 20
-5.7875
 30
0.0
 10
7.4754
 20
-6.2578
 30
0.0
 10
7.4754
 20
-7.1979
 30
0.0
 10
7.4754
 20
-7.1979
 30
0.0
 10
7.4754
 20
-8.9057
 30
0.0
 10
7.4754
 20
-8.9057
 30
0.0
 10
7.4754
 20
-9.1985
 30
0.0
 10
7.5127
 20
-9.3795
 30
0.0
 10
7.5865
 20
-9.4501
 30
0.0
 10
7.651
 20
-9.5157
 30
0.0
 10
7.8366
 20
-9.5654
 30
0.0
 10
8.1425
 20
-9.5982
 30
0.0
 10
8.1425
 20
-9.5982
 30
0.0
 10
8.1425
 20
-9.8395
 30
0.0
 10
8.1425
 20
-9.8395
 30
0.0
 10
8.1425
 20
-9.8395
 30
0.0
 10
5.8762
 20
-9.8395
 30
0.0
 10
5.8762
 20
-9.8395
 30
0.0
  0
SPLINE
  5
8D
330
1F
100
AcDbEntity
  8
Layer 1
 62
   250
100
AcDbSpline
210
0.0
220
0.0
230
1.0
 70
    11
 71
     3
 72
    26
 73
    22
 74
     0
 42
0.0000000001
 43
0.0000000001
 40
0.0
 40
0.0
 40
0.0
 40
0.0
 40
0.1428571428571428
 40
0.1428571428571428
 40
0.1428571428571428
 40
0.2857142857142857
 40
0.2857142857142857
 40
0.2857142857142857
 40
0.4285714285714285
 40
0.4285714285714285
 40
0.4285714285714285
 40
0.5714285714285714
 40
0.5714285714285714
 40
0.5714285714285714
 40
0.7142857142857142
 40
0.7142857142857142
 40
0.7142857142857142
 40
0.8571428571428571
 40
0.8571428571428571
 40
0.8571428571428571
 40
1.0
 40
1.0
 40
1.0
 40
1.0
 10
11.1596
 20
-7.6743
 30
0.0
 10
11.0626
 20
-7.7198
 30
0.0
 10
10.9232
 20
-7.7794
 30
0.0
 10
10.7423
 20
-7.8538
 30
0.0
 10
10.7423
 20
-7.8538
 30
0.0
 10
10.3186
 20
-8.0271
 30
0.0
 10
10.3186
 20
-8.0271
 30
0.0
 10
9.9016
 20
-8.1879
 30
0.0
 10
9.6931
 20
-8.4105
 30
0.0
 10
9.6931
 20
-8.6952
 30
0.0
 10
9.6931
 20
-8.9139
 30
0.0
 10
9.7739
 20
-9.0868
 30
0.0
 10
9.9362
 20
-9.2145
 30
0.0
 10
10.0706
 20
-9.3263
 30
0.0
 10
10.2258
 20
-9.3817
 30
0.0
 10
10.4022
 20
-9.3817
 30
0.0
 10
10.6844
 20
-9.3817
 30
0.0
 10
10.937
 20
-9.2829
 30
0.0
 10
11.1596
 20
-9.0847
 30
0.0
 10
11.1596
 20
-9.0847
 30
0.0
 10
11.1596
 20
-7.6743
 30
0.0
 10
11.1596
 20
-7.6743
 30
0.0
  0
SPLINE
  5
8E
330
1F
100
AcDbEntity
  8
Layer 1
 62
   250
100
AcDbSpline
210
0.0
220
0.0
230
1.0
 70
    11
 71
     3
 72
    86
 73
    82
 74
     0
 42
0.0000000001
 43
0.0000000001
 40
0.0
 40
0.0
 40
0.0
 40
0.0
 40
0.037037037037037
 40
0.037037037037037
 40
0.037037037037037
 40
0.0740740740740741
 40
0.0740740740740741
 40
0.0740740740740741
 40
0.1111111111111111
 40
0.1111111111111111
 40
0.1111111111111111
 40
0.1481481481481481
 40
0.1481481481481481
 40
0.1481481481481481
 40
0.1851851851851852
 40
0.1851851851851852
 40
0.1851851851851852
 40
0.2222222222222222
 40
0.2222222222222222
 40
0.2222222222222222
 40
0.2592592592592592
 40
0.2592592592592592
 40
0.2592592592592592
 40
0.2962962962962963
 40
0.2962962962962963
 40
0.2962962962962963
 40
0.3333333333333333
 40
0.3333333333333333
 40
0.3333333333333333
 40
0.3703703703703703
 40
0.3703703703703703
 40
0.3703703703703703
 40
0.4074074074074074
 40
0.4074074074074074
 40
0.4074074074074074
 40
0.4444444444444444
 40
0.4444444444444444
 40
0.4444444444444444
 40
0.4814814814814815
 40
0.4814814814814815
 40
0.4814814814814815
 40
0.5185185185185185
 40
0.5185185185185185
 40
0.5185185185185185
 40
0.5555555555555556
 40
0.5555555555555556
 40
0.5555555555555556
 40
0.5925925925925926
 40
0.5925925925925926
 40
0.5925925925925926
 40
0.6296296296296295
 40
0.6296296296296295
 40
0.6296296296296295
 40
0.6666666666666666
 40
0.6666666666666666
 40
0.6666666666666666
 40
0.7037037037037037
 40
0.7037037037037037
 40
0.7037037037037037
 40
0.7407407407407407
 40
0.7407407407407407
 40
0.7407407407407407
 40
0.7777777777777777
 40
0.7777777777777777
 40
0.7777777777777777
 40
0.8148148148148148
 40
0.8148148148148148
 40
0.8148148148148148
 40
0.8518518518518519
 40
0.8518518518518519
 40
0.8518518518518519
 40
0.8888888888888888
 40
0.8888888888888888
 40
0.8888888888888888
 40
0.9259259259259258
 40
0.9259259259259258
 40
0.9259259259259258
 40
0.9629629629629629
 40
0.9629629629629629
 40
0.9629629629629629
 40
1.0
 40
1.0
 40
1.0
 40
1.0
 10
11.9731
 20
-9.9448
 30
0.0
 10
11.7547
 20
-9.9448
 30
0.0
 10
11.5787
 20
-9.8851
 30
0.0
 10
11.4446
 20
-9.7655
 30
0.0
 10
11.3335
 20
-9.6703
 30
0.0
 10
11.2499
 20
-9.5426
 30
0.0
 10
11.1945
 20
-9.3817
 30
0.0
 10
11.1945
 20
-9.3817
 30
0.0
 10
10.5479
 20
-9.7532
 30
0.0
 10
10.5479
 20
-9.7532
 30
0.0
 10
10.3069
 20
-9.8809
 30
0.0
 10
10.1238
 20
-9.9448
 30
0.0
 10
9.9986
 20
-9.9448
 30
0.0
 10
9.6278
 20
-9.9448
 30
0.0
 10
9.3174
 20
-9.829
 30
0.0
 10
9.0673
 20
-9.5983
 30
0.0
 10
8.8355
 20
-9.3838
 30
0.0
 10
8.7198
 20
-9.1281
 30
0.0
 10
8.7198
 20
-8.831
 30
0.0
 10
8.7198
 20
-8.4021
 30
0.0
 10
8.9999
 20
-8.1075
 30
0.0
 10
9.5608
 20
-7.9463
 30
0.0
 10
9.9362
 20
-7.8433
 30
0.0
 10
10.2582
 20
-7.7424
 30
0.0
 10
10.5271
 20
-7.6432
 30
0.0
 10
10.8467
 20
-7.5321
 30
0.0
 10
11.0576
 20
-7.4372
 30
0.0
 10
11.1596
 20
-7.3585
 30
0.0
 10
11.1596
 20
-7.3585
 30
0.0
 10
11.1596
 20
-7.1977
 30
0.0
 10
11.1596
 20
-7.1977
 30
0.0
 10
11.1596
 20
-6.5341
 30
0.0
 10
10.8841
 20
-6.2018
 30
0.0
 10
10.3323
 20
-6.2018
 30
0.0
 10
10.1517
 20
-6.2018
 30
0.0
 10
10.0057
 20
-6.2558
 30
0.0
 10
9.8945
 20
-6.3627
 30
0.0
 10
9.7834
 20
-6.4618
 30
0.0
 10
9.679
 20
-6.666
 30
0.0
 10
9.5816
 20
-6.9754
 30
0.0
 10
9.5259
 20
-7.1236
 30
0.0
 10
9.4151
 20
-7.1977
 30
0.0
 10
9.2479
 20
-7.1977
 30
0.0
 10
9.1413
 20
-7.1977
 30
0.0
 10
9.0369
 20
-7.1589
 30
0.0
 10
8.935
 20
-7.0802
 30
0.0
 10
8.8288
 20
-6.9938
 30
0.0
 10
8.7752
 20
-6.8992
 30
0.0
 10
8.7752
 20
-6.7959
 30
0.0
 10
8.7752
 20
-6.6844
 30
0.0
 10
8.8866
 20
-6.5609
 30
0.0
 10
9.1092
 20
-6.4247
 30
0.0
 10
9.2945
 20
-6.3051
 30
0.0
 10
9.5234
 20
-6.1877
 30
0.0
 10
9.7972
 20
-6.072
 30
0.0
 10
10.1309
 20
-5.9277
 30
0.0
 10
10.4276
 20
-5.8328
 30
0.0
 10
10.6869
 20
-5.7873
 30
0.0
 10
11.0389
 20
-5.7873
 30
0.0
 10
11.3265
 20
-5.8638
 30
0.0
 10
11.5491
 20
-6.0166
 30
0.0
 10
11.7297
 20
-6.1527
 30
0.0
 10
11.8591
 20
-6.3175
 30
0.0
 10
11.9382
 20
-6.5112
 30
0.0
 10
12.0077
 20
-6.6886
 30
0.0
 10
12.0426
 20
-6.9052
 30
0.0
 10
12.0426
 20
-7.161
 30
0.0
 10
12.0426
 20
-7.161
 30
0.0
 10
12.0426
 20
-8.7876
 30
0.0
 10
12.0426
 20
-8.7876
 30
0.0
 10
12.0426
 20
-9.1468
 30
0.0
 10
12.1654
 20
-9.3263
 30
0.0
 10
12.4109
 20
-9.3263
 30
0.0
 10
12.5266
 20
-9.3263
 30
0.0
 10
12.6497
 20
-9.2932
 30
0.0
 10
12.7792
 20
-9.2269
 30
0.0
 10
12.7792
 20
-9.2269
 30
0.0
 10
12.8836
 20
-9.4685
 30
0.0
 10
12.8836
 20
-9.4685
 30
0.0
 10
12.8836
 20
-9.4685
 30
0.0
 10
11.9731
 20
-9.9448
 30
0.0
 10
11.9731
 20
-9.9448
 30
0.0
  0
SPLINE
  5
8F
330
1F
100
AcDbEntity
  8
Layer 1
 62
   250
100
AcDbSpline
210
0.0
220
0.0
230
1.0
 70
    11
 71
     3
 72
    98
 73
    94
 74
     0
 42
0.0000000001
 43
0.0000000001
 40
0.0
 40
0.0
 40
0.0
 40
0.0
 40
0.032258064516129
 40
0.032258064516129
 40
0.032258064516129
 40
0.0645161290322581
 40
0.0645161290322581
 40
0.0645161290322581
 40
0.0967741935483871
 40
0.0967741935483871
 40
0.0967741935483871
 40
0.1290322580645161
 40
0.1290322580645161
 40
0.1290322580645161
 40
0.1612903225806452
 40
0.1612903225806452
 40
0.1612903225806452
 40
0.1935483870967742
 40
0.1935483870967742
 40
0.1935483870967742
 40
0.2258064516129032
 40
0.2258064516129032
 40
0.2258064516129032
 40
0.2580645161290323
 40
0.2580645161290323
 40
0.2580645161290323
 40
0.2903225806451613
 40
0.2903225806451613
 40
0.2903225806451613
 40
0.3225806451612903
 40
0.3225806451612903
 40
0.3225806451612903
 40
0.3548387096774194
 40
0.3548387096774194
 40
0.3548387096774194
 40
0.3870967741935484
 40
0.3870967741935484
 40
0.3870967741935484
 40
0.4193548387096774
 40
0.4193548387096774
 40
0.4193548387096774
 40
0.4516129032258064
 40
0.4516129032258064
 40
0.4516129032258064
 40
0.4838709677419355
 40
0.4838709677419355
 40
0.4838709677419355
 40
0.5161290322580645
 40
0.5161290322580645
 40
0.5161290322580645
 40
0.5483870967741935
 40
0.5483870967741935
 40
0.5483870967741935
 40
0.5806451612903225
 40
0.5806451612903225
 40
0.5806451612903225
 40
0.6129032258064516
 40
0.6129032258064516
 40
0.6129032258064516
 40
0.6451612903225806
 40
0.6451612903225806
 40
0.6451612903225806
 40
0.6774193548387096
 40
0.6774193548387096
 40
0.6774193548387096
 40
0.7096774193548387
 40
0.7096774193548387
 40
0.7096774193548387
 40
0.7419354838709677
 40
0.7419354838709677
 40
0.7419354838709677
 40
0.7741935483870968
 40
0.7741935483870968
 40
0.7741935483870968
 40
0.8064516129032258
 40
0.8064516129032258
 40
0.8064516129032258
 40
0.8387096774193548
 40
0.8387096774193548
 40
0.8387096774193548
 40
0.8709677419354839
 40
0.8709677419354839
 40
0.8709677419354839
 40
0.9032258064516129
 40
0.9032258064516129
 40
0.9032258064516129
 40
0.9354838709677419
 40
0.9354838709677419
 40
0.9354838709677419
 40
0.967741935483871
 40
0.967741935483871
 40
0.967741935483871
 40
1.0
 40
1.0
 40
1.0
 40
1.0
 10
16.1367
 20
-9.8395
 30
0.0
 10
16.1367
 20
-9.8395
 30
0.0
 10
16.1367
 20
-9.5982
 30
0.0
 10
16.1367
 20
-9.5982
 30
0.0
 10
16.4334
 20
-9.5693
 30
0.0
 10
16.6161
 20
-9.5136
 30
0.0
 10
16.686
 20
-9.4314
 30
0.0
 10
16.7601
 20
-9.3488
 30
0.0
 10
16.7971
 20
-9.1488
 30
0.0
 10
16.7971
 20
-8.8313
 30
0.0
 10
16.7971
 20
-8.8313
 30
0.0
 10
16.7971
 20
-7.3588
 30
0.0
 10
16.7971
 20
-7.3588
 30
0.0
 10
16.7971
 20
-6.6864
 30
0.0
 10
16.4913
 20
-6.3502
 30
0.0
 10
15.8795
 20
-6.3502
 30
0.0
 10
15.7032
 20
-6.3502
 30
0.0
 10
15.5134
 20
-6.3957
 30
0.0
 10
15.3095
 20
-6.4864
 30
0.0
 10
15.1472
 20
-6.5608
 30
0.0
 10
14.9757
 20
-6.6638
 30
0.0
 10
14.7951
 20
-6.7958
 30
0.0
 10
14.7951
 20
-6.7958
 30
0.0
 10
14.7951
 20
-8.887
 30
0.0
 10
14.7951
 20
-8.887
 30
0.0
 10
14.7951
 20
-9.1922
 30
0.0
 10
14.83
 20
-9.3816
 30
0.0
 10
14.8992
 20
-9.4561
 30
0.0
 10
14.9644
 20
-9.522
 30
0.0
 10
15.1472
 20
-9.5693
 30
0.0
 10
15.4484
 20
-9.5982
 30
0.0
 10
15.4484
 20
-9.5982
 30
0.0
 10
15.4484
 20
-9.8395
 30
0.0
 10
15.4484
 20
-9.8395
 30
0.0
 10
15.4484
 20
-9.8395
 30
0.0
 10
13.1547
 20
-9.8395
 30
0.0
 10
13.1547
 20
-9.8395
 30
0.0
 10
13.1547
 20
-9.8395
 30
0.0
 10
13.1547
 20
-9.5982
 30
0.0
 10
13.1547
 20
-9.5982
 30
0.0
 10
13.5022
 20
-9.5612
 30
0.0
 10
13.7131
 20
-9.5076
 30
0.0
 10
13.7872
 20
-9.4374
 30
0.0
 10
13.8613
 20
-9.3629
 30
0.0
 10
13.8983
 20
-9.1756
 30
0.0
 10
13.8983
 20
-8.8747
 30
0.0
 10
13.8983
 20
-8.8747
 30
0.0
 10
13.8983
 20
-7.0554
 30
0.0
 10
13.8983
 20
-7.0554
 30
0.0
 10
13.8983
 20
-6.7672
 30
0.0
 10
13.8638
 20
-6.5855
 30
0.0
 10
13.7939
 20
-6.5111
 30
0.0
 10
13.7336
 20
-6.4454
 30
0.0
 10
13.5646
 20
-6.3897
 30
0.0
 10
13.2866
 20
-6.3442
 30
0.0
 10
13.2866
 20
-6.3442
 30
0.0
 10
13.2866
 20
-6.1152
 30
0.0
 10
13.2866
 20
-6.1152
 30
0.0
 10
13.5459
 20
-6.0782
 30
0.0
 10
13.7985
 20
-6.0309
 30
0.0
 10
14.0444
 20
-5.9731
 30
0.0
 10
14.3132
 20
-5.911
 30
0.0
 10
14.5633
 20
-5.839
 30
0.0
 10
14.7951
 20
-5.7565
 30
0.0
 10
14.7951
 20
-5.7565
 30
0.0
 10
14.7951
 20
-6.4864
 30
0.0
 10
14.7951
 20
-6.4864
 30
0.0
 10
14.7951
 20
-6.4864
 30
0.0
 10
15.1218
 20
-6.2761
 30
0.0
 10
15.1218
 20
-6.2761
 30
0.0
 10
15.247
 20
-6.1982
 30
0.0
 10
15.3698
 20
-6.1237
 30
0.0
 10
15.4901
 20
-6.0535
 30
0.0
 10
15.8009
 20
-5.8764
 30
0.0
 10
16.0856
 20
-5.7875
 30
0.0
 10
16.3452
 20
-5.7875
 30
0.0
 10
17.2395
 20
-5.7875
 30
0.0
 10
17.6872
 20
-6.2578
 30
0.0
 10
17.6872
 20
-7.1979
 30
0.0
 10
17.6872
 20
-7.1979
 30
0.0
 10
17.6872
 20
-8.887
 30
0.0
 10
17.6872
 20
-8.887
 30
0.0
 10
17.6872
 20
-9.1879
 30
0.0
 10
17.7214
 20
-9.3756
 30
0.0
 10
17.7909
 20
-9.4501
 30
0.0
 10
17.8558
 20
-9.5157
 30
0.0
 10
18.0414
 20
-9.5654
 30
0.0
 10
18.3472
 20
-9.5982
 30
0.0
 10
18.3472
 20
-9.5982
 30
0.0
 10
18.3472
 20
-9.8395
 30
0.0
 10
18.3472
 20
-9.8395
 30
0.0
 10
18.3472
 20
-9.8395
 30
0.0
 10
16.1367
 20
-9.8395
 30
0.0
 10
16.1367
 20
-9.8395
 30
0.0
  0
SPLINE
  5
90
330
1F
100
AcDbEntity
  8
Layer 1
 62
   250
100
AcDbSpline
210
0.0
220
0.0
230
1.0
 70
    11
 71
     3
 72
    56
 73
    52
 74
     0
 42
0.0000000001
 43
0.0000000001
 40
0.0
 40
0.0
 40
0.0
 40
0.0
 40
0.0588235294117647
 40
0.0588235294117647
 40
0.0588235294117647
 40
0.1176470588235294
 40
0.1176470588235294
 40
0.1176470588235294
 40
0.1764705882352941
 40
0.1764705882352941
 40
0.1764705882352941
 40
0.2352941176470588
 40
0.2352941176470588
 40
0.2352941176470588
 40
0.2941176470588235
 40
0.2941176470588235
 40
0.2941176470588235
 40
0.3529411764705882
 40
0.3529411764705882
 40
0.3529411764705882
 40
0.4117647058823529
 40
0.4117647058823529
 40
0.4117647058823529
 40
0.4705882352941176
 40
0.4705882352941176
 40
0.4705882352941176
 40
0.5294117647058824
 40
0.5294117647058824
 40
0.5294117647058824
 40
0.5882352941176471
 40
0.5882352941176471
 40
0.5882352941176471
 40
0.6470588235294118
 40
0.6470588235294118
 40
0.6470588235294118
 40
0.7058823529411764
 40
0.7058823529411764
 40
0.7058823529411764
 40
0.7647058823529411
 40
0.7647058823529411
 40
0.7647058823529411
 40
0.8235294117647058
 40
0.8235294117647058
 40
0.8235294117647058
 40
0.8823529411764706
 40
0.8823529411764706
 40
0.8823529411764706
 40
0.9411764705882353
 40
0.9411764705882353
 40
0.9411764705882353
 40
1.0
 40
1.0
 40
1.0
 40
1.0
 10
1.9991
 20
-0.9267
 30
0.0
 10
1.8048
 20
-0.9387
 30
0.0
 10
1.6849
 20
-0.9666
 30
0.0
 10
1.6401
 20
-1.0103
 30
0.0
 10
1.5935
 20
-1.0562
 30
0.0
 10
1.5699
 20
-1.1716
 30
0.0
 10
1.5699
 20
-1.3568
 30
0.0
 10
1.5699
 20
-1.3568
 30
0.0
 10
1.5699
 20
-2.9266
 30
0.0
 10
1.5699
 20
-2.9266
 30
0.0
 10
1.5699
 20
-3.2173
 30
0.0
 10
1.5395
 20
-3.4452
 30
0.0
 10
1.4796
 20
-3.6103
 30
0.0
 10
1.4101
 20
-3.7934
 30
0.0
 10
1.2884
 20
-3.9536
 30
0.0
 10
1.1137
 20
-4.0912
 30
0.0
 10
1.0333
 20
-4.1564
 30
0.0
 10
0.9493
 20
-4.2122
 30
0.0
 10
0.8622
 20
-4.258
 30
0.0
 10
0.7839
 20
-4.2979
 30
0.0
 10
0.7091
 20
-4.3279
 30
0.0
 10
0.6375
 20
-4.3476
 30
0.0
 10
0.6375
 20
-4.3476
 30
0.0
 10
0.5736
 20
-4.2164
 30
0.0
 10
0.5736
 20
-4.2164
 30
0.0
 10
0.8379
 20
-4.1049
 30
0.0
 10
0.9977
 20
-3.9148
 30
0.0
 10
1.0534
 20
-3.6463
 30
0.0
 10
1.0735
 20
-3.5408
 30
0.0
 10
1.088
 20
-3.4181
 30
0.0
 10
1.0972
 20
-3.2791
 30
0.0
 10
1.1039
 20
-3.1577
 30
0.0
 10
1.1074
 20
-2.9993
 30
0.0
 10
1.1074
 20
-2.8042
 30
0.0
 10
1.1074
 20
-2.8042
 30
0.0
 10
1.1074
 20
-1.3568
 30
0.0
 10
1.1074
 20
-1.3568
 30
0.0
 10
1.1074
 20
-1.1716
 30
0.0
 10
1.0827
 20
-1.0562
 30
0.0
 10
1.0333
 20
-1.0103
 30
0.0
 10
0.9864
 20
-0.9666
 30
0.0
 10
0.8612
 20
-0.9387
 30
0.0
 10
0.6576
 20
-0.9267
 30
0.0
 10
0.6576
 20
-0.9267
 30
0.0
 10
0.6576
 20
-0.7955
 30
0.0
 10
0.6576
 20
-0.7955
 30
0.0
 10
0.6576
 20
-0.7955
 30
0.0
 10
1.9991
 20
-0.7955
 30
0.0
 10
1.9991
 20
-0.7955
 30
0.0
 10
1.9991
 20
-0.7955
 30
0.0
 10
1.9991
 20
-0.9267
 30
0.0
 10
1.9991
 20
-0.9267
 30
0.0
  0
SPLINE
  5
91
330
1F
100
AcDbEntity
  8
Layer 1
 62
   250
100
AcDbSpline
210
0.0
220
0.0
230
1.0
 70
    11
 71
     3
 72
    29
 73
    25
 74
     0
 42
0.0000000001
 43
0.0000000001
 40
0.0
 40
0.0
 40
0.0
 40
0.0
 40
0.125
 40
0.125
 40
0.125
 40
0.25
 40
0.25
 40
0.25
 40
0.375
 40
0.375
 40
0.375
 40
0.5
 40
0.5
 40
0.5
 40
0.625
 40
0.625
 40
0.625
 40
0.75
 40
0.75
 40
0.75
 40
0.875
 40
0.875
 40
0.875
 40
1.0
 40
1.0
 40
1.0
 40
1.0
 10
3.1432
 20
-1.8431
 30
0.0
 10
3.0293
 20
-1.8431
 30
0.0
 10
2.9273
 20
-1.8869
 30
0.0
 10
2.8381
 20
-1.9743
 30
0.0
 10
2.7417
 20
-2.0703
 30
0.0
 10
2.6772
 20
-2.2044
 30
0.0
 10
2.6433
 20
-2.3776
 30
0.0
 10
2.6433
 20
-2.3776
 30
0.0
 10
3.0427
 20
-2.3776
 30
0.0
 10
3.0427
 20
-2.3776
 30
0.0
 10
3.1926
 20
-2.3755
 30
0.0
 10
3.3288
 20
-2.3726
 30
0.0
 10
3.4519
 20
-2.3684
 30
0.0
 10
3.5302
 20
-2.3663
 30
0.0
 10
3.569
 20
-2.3384
 30
0.0
 10
3.569
 20
-2.2848
 30
0.0
 10
3.569
 20
-2.1655
 30
0.0
 10
3.5313
 20
-2.0629
 30
0.0
 10
3.4551
 20
-1.9775
 30
0.0
 10
3.3746
 20
-1.8879
 30
0.0
 10
3.2716
 20
-1.8431
 30
0.0
 10
3.1467
 20
-1.8431
 30
0.0
 10
3.1467
 20
-1.8431
 30
0.0
 10
3.1432
 20
-1.8431
 30
0.0
 10
3.1432
 20
-1.8431
 30
0.0
  0
SPLINE
  5
92
330
1F
100
AcDbEntity
  8
Layer 1
 62
   250
100
AcDbSpline
210
0.0
220
0.0
230
1.0
 70
    11
 71
     3
 72
    62
 73
    58
 74
     0
 42
0.0000000001
 43
0.0000000001
 40
0.0
 40
0.0
 40
0.0
 40
0.0
 40
0.0526315789473684
 40
0.0526315789473684
 40
0.0526315789473684
 40
0.1052631578947368
 40
0.1052631578947368
 40
0.1052631578947368
 40
0.1578947368421053
 40
0.1578947368421053
 40
0.1578947368421053
 40
0.2105263157894737
 40
0.2105263157894737
 40
0.2105263157894737
 40
0.2631578947368421
 40
0.2631578947368421
 40
0.2631578947368421
 40
0.3157894736842105
 40
0.3157894736842105
 40
0.3157894736842105
 40
0.3684210526315789
 40
0.3684210526315789
 40
0.3684210526315789
 40
0.4210526315789473
 40
0.4210526315789473
 40
0.4210526315789473
 40
0.4736842105263158
 40
0.4736842105263158
 40
0.4736842105263158
 40
0.5263157894736842
 40
0.5263157894736842
 40
0.5263157894736842
 40
0.5789473684210527
 40
0.5789473684210527
 40
0.5789473684210527
 40
0.631578947368421
 40
0.631578947368421
 40
0.631578947368421
 40
0.6842105263157894
 40
0.6842105263157894
 40
0.6842105263157894
 40
0.7368421052631579
 40
0.7368421052631579
 40
0.7368421052631579
 40
0.7894736842105263
 40
0.7894736842105263
 40
0.7894736842105263
 40
0.8421052631578947
 40
0.8421052631578947
 40
0.8421052631578947
 40
0.894736842105263
 40
0.894736842105263
 40
0.894736842105263
 40
0.9473684210526315
 40
0.9473684210526315
 40
0.9473684210526315
 40
1.0
 40
1.0
 40
1.0
 40
1.0
 10
4.0086
 20
-3.2465
 30
0.0
 10
3.9324
 20
-3.3318
 30
0.0
 10
3.8509
 20
-3.4056
 30
0.0
 10
3.7637
 20
-3.4673
 30
0.0
 10
3.6875
 20
-3.5209
 30
0.0
 10
3.6092
 20
-3.5657
 30
0.0
 10
3.5291
 20
-3.6014
 30
0.0
 10
3.4593
 20
-3.6292
 30
0.0
 10
3.3901
 20
-3.6511
 30
0.0
 10
3.321
 20
-3.667
 30
0.0
 10
3.2653
 20
-3.679
 30
0.0
 10
3.2134
 20
-3.685
 30
0.0
 10
3.1665
 20
-3.685
 30
0.0
 10
2.8712
 20
-3.685
 30
0.0
 10
2.6324
 20
-3.5915
 30
0.0
 10
2.4486
 20
-3.4045
 30
0.0
 10
2.2768
 20
-3.2295
 30
0.0
 10
2.1907
 20
-3.0143
 30
0.0
 10
2.1907
 20
-2.7596
 30
0.0
 10
2.1907
 20
-2.4672
 30
0.0
 10
2.2969
 20
-2.2181
 30
0.0
 10
2.5093
 20
-2.0131
 30
0.0
 10
2.7375
 20
-1.7905
 30
0.0
 10
2.988
 20
-1.6791
 30
0.0
 10
3.2607
 20
-1.6791
 30
0.0
 10
3.2607
 20
-1.6791
 30
0.0
 10
3.2639
 20
-1.6791
 30
0.0
 10
3.2639
 20
-1.6791
 30
0.0
 10
3.4738
 20
-1.6791
 30
0.0
 10
3.6551
 20
-1.7475
 30
0.0
 10
3.8075
 20
-1.8847
 30
0.0
 10
3.9549
 20
-2.0181
 30
0.0
 10
4.0287
 20
-2.1737
 30
0.0
 10
4.0287
 20
-2.3504
 30
0.0
 10
4.0287
 20
-2.428
 30
0.0
 10
3.9895
 20
-2.4749
 30
0.0
 10
3.9116
 20
-2.4908
 30
0.0
 10
3.8509
 20
-2.4989
 30
0.0
 10
3.6964
 20
-2.5109
 30
0.0
 10
3.4484
 20
-2.5264
 30
0.0
 10
3.3164
 20
-2.5346
 30
0.0
 10
3.1845
 20
-2.5416
 30
0.0
 10
3.0525
 20
-2.5476
 30
0.0
 10
2.8984
 20
-2.5557
 30
0.0
 10
2.7537
 20
-2.5614
 30
0.0
 10
2.62
 20
-2.5656
 30
0.0
 10
2.6243
 20
-2.8281
 30
0.0
 10
2.7036
 20
-3.0323
 30
0.0
 10
2.8578
 20
-3.1773
 30
0.0
 10
2.9922
 20
-3.305
 30
0.0
 10
3.1552
 20
-3.3685
 30
0.0
 10
3.3478
 20
-3.3685
 30
0.0
 10
3.5556
 20
-3.3685
 30
0.0
 10
3.7482
 20
-3.2958
 30
0.0
 10
3.9246
 20
-3.1505
 30
0.0
 10
3.9246
 20
-3.1505
 30
0.0
 10
4.0086
 20
-3.2465
 30
0.0
 10
4.0086
 20
-3.2465
 30
0.0
  0
SPLINE
  5
93
330
1F
100
AcDbEntity
  8
Layer 1
 62
   250
100
AcDbSpline
210
0.0
220
0.0
230
1.0
 70
    11
 71
     3
 72
   122
 73
   118
 74
     0
 42
0.0000000001
 43
0.0000000001
 40
0.0
 40
0.0
 40
0.0
 40
0.0
 40
0.0256410256410256
 40
0.0256410256410256
 40
0.0256410256410256
 40
0.0512820512820513
 40
0.0512820512820513
 40
0.0512820512820513
 40
0.0769230769230769
 40
0.0769230769230769
 40
0.0769230769230769
 40
0.1025641025641026
 40
0.1025641025641026
 40
0.1025641025641026
 40
0.1282051282051282
 40
0.1282051282051282
 40
0.1282051282051282
 40
0.1538461538461539
 40
0.1538461538461539
 40
0.1538461538461539
 40
0.1794871794871795
 40
0.1794871794871795
 40
0.1794871794871795
 40
0.2051282051282051
 40
0.2051282051282051
 40
0.2051282051282051
 40
0.2307692307692308
 40
0.2307692307692308
 40
0.2307692307692308
 40
0.2564102564102564
 40
0.2564102564102564
 40
0.2564102564102564
 40
0.282051282051282
 40
0.282051282051282
 40
0.282051282051282
 40
0.3076923076923077
 40
0.3076923076923077
 40
0.3076923076923077
 40
0.3333333333333333
 40
0.3333333333333333
 40
0.3333333333333333
 40
0.358974358974359
 40
0.358974358974359
 40
0.358974358974359
 40
0.3846153846153846
 40
0.3846153846153846
 40
0.3846153846153846
 40
0.4102564102564102
 40
0.4102564102564102
 40
0.4102564102564102
 40
0.4358974358974359
 40
0.4358974358974359
 40
0.4358974358974359
 40
0.4615384615384615
 40
0.4615384615384615
 40
0.4615384615384615
 40
0.4871794871794872
 40
0.4871794871794872
 40
0.4871794871794872
 40
0.5128205128205128
 40
0.5128205128205128
 40
0.5128205128205128
 40
0.5384615384615384
 40
0.5384615384615384
 40
0.5384615384615384
 40
0.5641025641025641
 40
0.5641025641025641
 40
0.5641025641025641
 40
0.5897435897435898
 40
0.5897435897435898
 40
0.5897435897435898
 40
0.6153846153846154
 40
0.6153846153846154
 40
0.6153846153846154
 40
0.641025641025641
 40
0.641025641025641
 40
0.641025641025641
 40
0.6666666666666666
 40
0.6666666666666666
 40
0.6666666666666666
 40
0.6923076923076923
 40
0.6923076923076923
 40
0.6923076923076923
 40
0.717948717948718
 40
0.717948717948718
 40
0.717948717948718
 40
0.7435897435897436
 40
0.7435897435897436
 40
0.7435897435897436
 40
0.7692307692307692
 40
0.7692307692307692
 40
0.7692307692307692
 40
0.7948717948717948
 40
0.7948717948717948
 40
0.7948717948717948
 40
0.8205128205128205
 40
0.8205128205128205
 40
0.8205128205128205
 40
0.8461538461538461
 40
0.8461538461538461
 40
0.8461538461538461
 40
0.8717948717948718
 40
0.8717948717948718
 40
0.8717948717948718
 40
0.8974358974358974
 40
0.8974358974358974
 40
0.8974358974358974
 40
0.923076923076923
 40
0.923076923076923
 40
0.923076923076923
 40
0.9487179487179487
 40
0.9487179487179487
 40
0.9487179487179487
 40
0.9743589743589743
 40
0.9743589743589743
 40
0.9743589743589743
 40
1.0
 40
1.0
 40
1.0
 40
1.0
 10
7.7018
 20
-1.8462
 30
0.0
 10
7.5786
 20
-1.8642
 30
0.0
 10
7.4936
 20
-1.8931
 30
0.0
 10
7.4467
 20
-1.9326
 30
0.0
 10
7.404
 20
-1.9686
 30
0.0
 10
7.3564
 20
-2.0459
 30
0.0
 10
7.3024
 20
-2.1655
 30
0.0
 10
7.2668
 20
-2.2452
 30
0.0
 10
7.2241
 20
-2.3447
 30
0.0
 10
7.1751
 20
-2.4639
 30
0.0
 10
7.1751
 20
-2.4639
 30
0.0
 10
6.6921
 20
-3.6821
 30
0.0
 10
6.6921
 20
-3.6821
 30
0.0
 10
6.6921
 20
-3.6821
 30
0.0
 10
6.5447
 20
-3.6821
 30
0.0
 10
6.5447
 20
-3.6821
 30
0.0
 10
6.5447
 20
-3.6821
 30
0.0
 10
6.3901
 20
-3.336
 30
0.0
 10
6.3901
 20
-3.336
 30
0.0
 10
6.3901
 20
-3.336
 30
0.0
 10
5.9305
 20
-2.3507
 30
0.0
 10
5.9305
 20
-2.3507
 30
0.0
 10
5.9305
 20
-2.3507
 30
0.0
 10
5.6387
 20
-3.0044
 30
0.0
 10
5.6387
 20
-3.0044
 30
0.0
 10
5.5805
 20
-3.1317
 30
0.0
 10
5.5315
 20
-3.2432
 30
0.0
 10
5.4913
 20
-3.3385
 30
0.0
 10
5.4376
 20
-3.4602
 30
0.0
 10
5.3882
 20
-3.5745
 30
0.0
 10
5.3434
 20
-3.6821
 30
0.0
 10
5.3434
 20
-3.6821
 30
0.0
 10
5.1858
 20
-3.6821
 30
0.0
 10
5.1858
 20
-3.6821
 30
0.0
 10
5.1011
 20
-3.4372
 30
0.0
 10
5.0069
 20
-3.1794
 30
0.0
 10
4.9042
 20
-2.9088
 30
0.0
 10
4.9042
 20
-2.9088
 30
0.0
 10
4.7564
 20
-2.5207
 30
0.0
 10
4.7564
 20
-2.5207
 30
0.0
 10
4.7099
 20
-2.3955
 30
0.0
 10
4.6594
 20
-2.265
 30
0.0
 10
4.6058
 20
-2.1298
 30
0.0
 10
4.561
 20
-2.018
 30
0.0
 10
4.5187
 20
-1.9468
 30
0.0
 10
4.4781
 20
-1.9147
 30
0.0
 10
4.4357
 20
-1.8829
 30
0.0
 10
4.3564
 20
-1.86
 30
0.0
 10
4.24
 20
-1.8462
 30
0.0
 10
4.24
 20
-1.8462
 30
0.0
 10
4.24
 20
-1.7298
 30
0.0
 10
4.24
 20
-1.7298
 30
0.0
 10
4.24
 20
-1.7298
 30
0.0
 10
5.3032
 20
-1.7298
 30
0.0
 10
5.3032
 20
-1.7298
 30
0.0
 10
5.3032
 20
-1.7298
 30
0.0
 10
5.3032
 20
-1.8462
 30
0.0
 10
5.3032
 20
-1.8462
 30
0.0
 10
5.1533
 20
-1.8681
 30
0.0
 10
5.0651
 20
-1.8938
 30
0.0
 10
5.0383
 20
-1.9238
 30
0.0
 10
5.0115
 20
-1.9517
 30
0.0
 10
5.0171
 20
-2.0145
 30
0.0
 10
5.0552
 20
-2.1119
 30
0.0
 10
5.1067
 20
-2.2632
 30
0.0
 10
5.1649
 20
-2.4265
 30
0.0
 10
5.2295
 20
-2.6015
 30
0.0
 10
5.2835
 20
-2.749
 30
0.0
 10
5.3434
 20
-2.9098
 30
0.0
 10
5.4108
 20
-3.0852
 30
0.0
 10
5.4108
 20
-3.0852
 30
0.0
 10
5.4207
 20
-3.0852
 30
0.0
 10
5.4207
 20
-3.0852
 30
0.0
 10
5.4207
 20
-3.0852
 30
0.0
 10
5.5618
 20
-2.7747
 30
0.0
 10
5.5618
 20
-2.7747
 30
0.0
 10
5.5618
 20
-2.7747
 30
0.0
 10
5.7026
 20
-2.4491
 30
0.0
 10
5.7026
 20
-2.4491
 30
0.0
 10
5.7449
 20
-2.3517
 30
0.0
 10
5.7932
 20
-2.2371
 30
0.0
 10
5.8469
 20
-2.1059
 30
0.0
 10
5.8469
 20
-2.1059
 30
0.0
 10
5.9978
 20
-1.7506
 30
0.0
 10
5.9978
 20
-1.7506
 30
0.0
 10
5.9978
 20
-1.7506
 30
0.0
 10
6.1386
 20
-1.7506
 30
0.0
 10
6.1386
 20
-1.7506
 30
0.0
 10
6.2257
 20
-1.9573
 30
0.0
 10
6.3231
 20
-2.1803
 30
0.0
 10
6.4304
 20
-2.4191
 30
0.0
 10
6.4304
 20
-2.4191
 30
0.0
 10
6.739
 20
-3.1032
 30
0.0
 10
6.739
 20
-3.1032
 30
0.0
 10
6.739
 20
-3.1032
 30
0.0
 10
6.7493
 20
-3.1032
 30
0.0
 10
6.7493
 20
-3.1032
 30
0.0
 10
6.7493
 20
-3.1032
 30
0.0
 10
7.0071
 20
-2.3743
 30
0.0
 10
7.0071
 20
-2.3743
 30
0.0
 10
7.0364
 20
-2.283
 30
0.0
 10
7.0611
 20
-2.2015
 30
0.0
 10
7.0812
 20
-2.1298
 30
0.0
 10
7.1123
 20
-2.0244
 30
0.0
 10
7.1123
 20
-1.9559
 30
0.0
 10
7.0812
 20
-1.9238
 30
0.0
 10
7.0477
 20
-1.8921
 30
0.0
 10
6.9514
 20
-1.8663
 30
0.0
 10
6.7927
 20
-1.8462
 30
0.0
 10
6.7927
 20
-1.8462
 30
0.0
 10
6.7927
 20
-1.7298
 30
0.0
 10
6.7927
 20
-1.7298
 30
0.0
 10
6.7927
 20
-1.7298
 30
0.0
 10
7.7018
 20
-1.7298
 30
0.0
 10
7.7018
 20
-1.7298
 30
0.0
 10
7.7018
 20
-1.7298
 30
0.0
 10
7.7018
 20
-1.8462
 30
0.0
 10
7.7018
 20
-1.8462
 30
0.0
  0
SPLINE
  5
94
330
1F
100
AcDbEntity
  8
Layer 1
 62
   250
100
AcDbSpline
210
0.0
220
0.0
230
1.0
 70
    11
 71
     3
 72
    29
 73
    25
 74
     0
 42
0.0000000001
 43
0.0000000001
 40
0.0
 40
0.0
 40
0.0
 40
0.0
 40
0.125
 40
0.125
 40
0.125
 40
0.25
 40
0.25
 40
0.25
 40
0.375
 40
0.375
 40
0.375
 40
0.5
 40
0.5
 40
0.5
 40
0.625
 40
0.625
 40
0.625
 40
0.75
 40
0.75
 40
0.75
 40
0.875
 40
0.875
 40
0.875
 40
1.0
 40
1.0
 40
1.0
 40
1.0
 10
8.738
 20
-1.8431
 30
0.0
 10
8.6241
 20
-1.8431
 30
0.0
 10
8.5221
 20
-1.8869
 30
0.0
 10
8.4329
 20
-1.9743
 30
0.0
 10
8.3366
 20
-2.0703
 30
0.0
 10
8.272
 20
-2.2044
 30
0.0
 10
8.2382
 20
-2.3776
 30
0.0
 10
8.2382
 20
-2.3776
 30
0.0
 10
8.6375
 20
-2.3776
 30
0.0
 10
8.6375
 20
-2.3776
 30
0.0
 10
8.7874
 20
-2.3755
 30
0.0
 10
8.9236
 20
-2.3726
 30
0.0
 10
9.0467
 20
-2.3684
 30
0.0
 10
9.125
 20
-2.3663
 30
0.0
 10
9.1639
 20
-2.3384
 30
0.0
 10
9.1639
 20
-2.2848
 30
0.0
 10
9.1639
 20
-2.1655
 30
0.0
 10
9.1261
 20
-2.0629
 30
0.0
 10
9.0499
 20
-1.9775
 30
0.0
 10
8.9695
 20
-1.8879
 30
0.0
 10
8.8665
 20
-1.8431
 30
0.0
 10
8.7416
 20
-1.8431
 30
0.0
 10
8.7416
 20
-1.8431
 30
0.0
 10
8.738
 20
-1.8431
 30
0.0
 10
8.738
 20
-1.8431
 30
0.0
  0
SPLINE
  5
95
330
1F
100
AcDbEntity
  8
Layer 1
 62
   250
100
AcDbSpline
210
0.0
220
0.0
230
1.0
 70
    11
 71
     3
 72
    62
 73
    58
 74
     0
 42
0.0000000001
 43
0.0000000001
 40
0.0
 40
0.0
 40
0.0
 40
0.0
 40
0.0526315789473684
 40
0.0526315789473684
 40
0.0526315789473684
 40
0.1052631578947368
 40
0.1052631578947368
 40
0.1052631578947368
 40
0.1578947368421053
 40
0.1578947368421053
 40
0.1578947368421053
 40
0.2105263157894737
 40
0.2105263157894737
 40
0.2105263157894737
 40
0.2631578947368421
 40
0.2631578947368421
 40
0.2631578947368421
 40
0.3157894736842105
 40
0.3157894736842105
 40
0.3157894736842105
 40
0.3684210526315789
 40
0.3684210526315789
 40
0.3684210526315789
 40
0.4210526315789473
 40
0.4210526315789473
 40
0.4210526315789473
 40
0.4736842105263158
 40
0.4736842105263158
 40
0.4736842105263158
 40
0.5263157894736842
 40
0.5263157894736842
 40
0.5263157894736842
 40
0.5789473684210527
 40
0.5789473684210527
 40
0.5789473684210527
 40
0.631578947368421
 40
0.631578947368421
 40
0.631578947368421
 40
0.6842105263157894
 40
0.6842105263157894
 40
0.6842105263157894
 40
0.7368421052631579
 40
0.7368421052631579
 40
0.7368421052631579
 40
0.7894736842105263
 40
0.7894736842105263
 40
0.7894736842105263
 40
0.8421052631578947
 40
0.8421052631578947
 40
0.8421052631578947
 40
0.894736842105263
 40
0.894736842105263
 40
0.894736842105263
 40
0.9473684210526315
 40
0.9473684210526315
 40
0.9473684210526315
 40
1.0
 40
1.0
 40
1.0
 40
1.0
 10
9.6034
 20
-3.2465
 30
0.0
 10
9.5272
 20
-3.3318
 30
0.0
 10
9.4457
 20
-3.4056
 30
0.0
 10
9.3586
 20
-3.4673
 30
0.0
 10
9.2824
 20
-3.5209
 30
0.0
 10
9.2041
 20
-3.5657
 30
0.0
 10
9.124
 20
-3.6014
 30
0.0
 10
9.0541
 20
-3.6292
 30
0.0
 10
8.985
 20
-3.6511
 30
0.0
 10
8.9158
 20
-3.667
 30
0.0
 10
8.8601
 20
-3.679
 30
0.0
 10
8.8083
 20
-3.685
 30
0.0
 10
8.7613
 20
-3.685
 30
0.0
 10
8.4661
 20
-3.685
 30
0.0
 10
8.2272
 20
-3.5915
 30
0.0
 10
8.0434
 20
-3.4045
 30
0.0
 10
7.8716
 20
-3.2295
 30
0.0
 10
7.7855
 20
-3.0143
 30
0.0
 10
7.7855
 20
-2.7596
 30
0.0
 10
7.7855
 20
-2.4672
 30
0.0
 10
7.8917
 20
-2.2181
 30
0.0
 10
8.1041
 20
-2.0131
 30
0.0
 10
8.3324
 20
-1.7905
 30
0.0
 10
8.5828
 20
-1.6791
 30
0.0
 10
8.8555
 20
-1.6791
 30
0.0
 10
8.8555
 20
-1.6791
 30
0.0
 10
8.8587
 20
-1.6791
 30
0.0
 10
8.8587
 20
-1.6791
 30
0.0
 10
9.0686
 20
-1.6791
 30
0.0
 10
9.2499
 20
-1.7475
 30
0.0
 10
9.4023
 20
-1.8847
 30
0.0
 10
9.5498
 20
-2.0181
 30
0.0
 10
9.6235
 20
-2.1737
 30
0.0
 10
9.6235
 20
-2.3504
 30
0.0
 10
9.6235
 20
-2.428
 30
0.0
 10
9.5844
 20
-2.4749
 30
0.0
 10
9.5064
 20
-2.4908
 30
0.0
 10
9.4457
 20
-2.4989
 30
0.0
 10
9.2912
 20
-2.5109
 30
0.0
 10
9.0432
 20
-2.5264
 30
0.0
 10
8.9113
 20
-2.5346
 30
0.0
 10
8.7793
 20
-2.5416
 30
0.0
 10
8.6474
 20
-2.5476
 30
0.0
 10
8.4932
 20
-2.5557
 30
0.0
 10
8.3486
 20
-2.5614
 30
0.0
 10
8.2149
 20
-2.5656
 30
0.0
 10
8.2191
 20
-2.8281
 30
0.0
 10
8.2985
 20
-3.0323
 30
0.0
 10
8.4527
 20
-3.1773
 30
0.0
 10
8.5871
 20
-3.305
 30
0.0
 10
8.75
 20
-3.3685
 30
0.0
 10
8.9427
 20
-3.3685
 30
0.0
 10
9.1504
 20
-3.3685
 30
0.0
 10
9.3431
 20
-3.2958
 30
0.0
 10
9.5195
 20
-3.1505
 30
0.0
 10
9.5195
 20
-3.1505
 30
0.0
 10
9.6034
 20
-3.2465
 30
0.0
 10
9.6034
 20
-3.2465
 30
0.0
  0
SPLINE
  5
96
330
1F
100
AcDbEntity
  8
Layer 1
 62
   250
100
AcDbSpline
210
0.0
220
0.0
230
1.0
 70
    11
 71
     3
 72
    80
 73
    76
 74
     0
 42
0.0000000001
 43
0.0000000001
 40
0.0
 40
0.0
 40
0.0
 40
0.0
 40
0.04
 40
0.04
 40
0.04
 40
0.08
 40
0.08
 40
0.08
 40
0.12
 40
0.12
 40
0.12
 40
0.16
 40
0.16
 40
0.16
 40
0.2
 40
0.2
 40
0.2
 40
0.24
 40
0.24
 40
0.24
 40
0.28
 40
0.28
 40
0.28
 40
0.32
 40
0.32
 40
0.32
 40
0.36
 40
0.36
 40
0.36
 40
0.4
 40
0.4
 40
0.4
 40
0.44
 40
0.44
 40
0.44
 40
0.48
 40
0.48
 40
0.48
 40
0.52
 40
0.52
 40
0.52
 40
0.56
 40
0.56
 40
0.56
 40
0.6
 40
0.6
 40
0.6
 40
0.64
 40
0.64
 40
0.64
 40
0.68
 40
0.68
 40
0.68
 40
0.72
 40
0.72
 40
0.72
 40
0.76
 40
0.76
 40
0.76
 40
0.8
 40
0.8
 40
0.8
 40
0.84
 40
0.84
 40
0.84
 40
0.88
 40
0.88
 40
0.88
 40
0.92
 40
0.92
 40
0.92
 40
0.96
 40
0.96
 40
0.96
 40
1.0
 40
1.0
 40
1.0
 40
1.0
 10
10.6935
 20
-2.1508
 30
0.0
 10
10.7383
 20
-2.0848
 30
0.0
 10
10.782
 20
-2.0269
 30
0.0
 10
10.8244
 20
-1.9776
 30
0.0
 10
10.8738
 20
-1.9179
 30
0.0
 10
10.9214
 20
-1.8668
 30
0.0
 10
10.9687
 20
-1.8252
 30
0.0
 10
11.0805
 20
-1.7278
 30
0.0
 10
11.1888
 20
-1.6791
 30
0.0
 10
11.2939
 20
-1.6791
 30
0.0
 10
11.3811
 20
-1.6791
 30
0.0
 10
11.4537
 20
-1.7027
 30
0.0
 10
11.5119
 20
-1.7504
 30
0.0
 10
11.568
 20
-1.7945
 30
0.0
 10
11.5959
 20
-1.8453
 30
0.0
 10
11.5959
 20
-1.9028
 30
0.0
 10
11.5959
 20
-2.0121
 30
0.0
 10
11.538
 20
-2.0908
 30
0.0
 10
11.4213
 20
-2.1388
 30
0.0
 10
11.3655
 20
-2.1585
 30
0.0
 10
11.3207
 20
-2.1546
 30
0.0
 10
11.2876
 20
-2.1268
 30
0.0
 10
11.2138
 20
-2.0672
 30
0.0
 10
11.1412
 20
-2.0372
 30
0.0
 10
11.0692
 20
-2.0372
 30
0.0
 10
10.9239
 20
-2.0372
 30
0.0
 10
10.7954
 20
-2.1578
 30
0.0
 10
10.6836
 20
-2.3984
 30
0.0
 10
10.6836
 20
-2.3984
 30
0.0
 10
10.6836
 20
-3.1774
 30
0.0
 10
10.6836
 20
-3.1774
 30
0.0
 10
10.6836
 20
-3.3227
 30
0.0
 10
10.7037
 20
-3.4123
 30
0.0
 10
10.7439
 20
-3.4462
 30
0.0
 10
10.7866
 20
-3.48
 30
0.0
 10
10.9038
 20
-3.504
 30
0.0
 10
11.0964
 20
-3.5178
 30
0.0
 10
11.0964
 20
-3.5178
 30
0.0
 10
11.0964
 20
-3.6342
 30
0.0
 10
11.0964
 20
-3.6342
 30
0.0
 10
11.0964
 20
-3.6342
 30
0.0
 10
9.9054
 20
-3.6342
 30
0.0
 10
9.9054
 20
-3.6342
 30
0.0
 10
9.9054
 20
-3.6342
 30
0.0
 10
9.9054
 20
-3.5178
 30
0.0
 10
9.9054
 20
-3.5178
 30
0.0
 10
10.0596
 20
-3.504
 30
0.0
 10
10.1548
 20
-3.48
 30
0.0
 10
10.1904
 20
-3.4462
 30
0.0
 10
10.2307
 20
-3.4081
 30
0.0
 10
10.2508
 20
-3.3192
 30
0.0
 10
10.2508
 20
-3.1774
 30
0.0
 10
10.2508
 20
-3.1774
 30
0.0
 10
10.2508
 20
-2.2732
 30
0.0
 10
10.2508
 20
-2.2732
 30
0.0
 10
10.2508
 20
-2.1356
 30
0.0
 10
10.2352
 20
-2.0502
 30
0.0
 10
10.2038
 20
-2.0164
 30
0.0
 10
10.1724
 20
-1.9843
 30
0.0
 10
10.0864
 20
-1.9596
 30
0.0
 10
9.9456
 20
-1.9416
 30
0.0
 10
9.9456
 20
-1.9416
 30
0.0
 10
9.9456
 20
-1.8431
 30
0.0
 10
9.9456
 20
-1.8431
 30
0.0
 10
10.0775
 20
-1.823
 30
0.0
 10
10.1996
 20
-1.8005
 30
0.0
 10
10.3111
 20
-1.7747
 30
0.0
 10
10.4384
 20
-1.7447
 30
0.0
 10
10.563
 20
-1.7077
 30
0.0
 10
10.6836
 20
-1.6639
 30
0.0
 10
10.6836
 20
-1.6639
 30
0.0
 10
10.6836
 20
-2.1508
 30
0.0
 10
10.6836
 20
-2.1508
 30
0.0
 10
10.6836
 20
-2.1508
 30
0.0
 10
10.6935
 20
-2.1508
 30
0.0
 10
10.6935
 20
-2.1508
 30
0.0
  0
SPLINE
  5
97
330
1F
100
AcDbEntity
  8
Layer 1
 62
   250
100
AcDbSpline
210
0.0
220
0.0
230
1.0
 70
    11
 71
     3
 72
    29
 73
    25
 74
     0
 42
0.0000000001
 43
0.0000000001
 40
0.0
 40
0.0
 40
0.0
 40
0.0
 40
0.125
 40
0.125
 40
0.125
 40
0.25
 40
0.25
 40
0.25
 40
0.375
 40
0.375
 40
0.375
 40
0.5
 40
0.5
 40
0.5
 40
0.625
 40
0.625
 40
0.625
 40
0.75
 40
0.75
 40
0.75
 40
0.875
 40
0.875
 40
0.875
 40
1.0
 40
1.0
 40
1.0
 40
1.0
 10
12.7096
 20
-1.8431
 30
0.0
 10
12.5956
 20
-1.8431
 30
0.0
 10
12.4937
 20
-1.8869
 30
0.0
 10
12.4044
 20
-1.9743
 30
0.0
 10
12.3081
 20
-2.0703
 30
0.0
 10
12.2435
 20
-2.2044
 30
0.0
 10
12.2097
 20
-2.3776
 30
0.0
 10
12.2097
 20
-2.3776
 30
0.0
 10
12.609
 20
-2.3776
 30
0.0
 10
12.609
 20
-2.3776
 30
0.0
 10
12.7589
 20
-2.3755
 30
0.0
 10
12.8951
 20
-2.3726
 30
0.0
 10
13.0182
 20
-2.3684
 30
0.0
 10
13.0965
 20
-2.3663
 30
0.0
 10
13.1354
 20
-2.3384
 30
0.0
 10
13.1354
 20
-2.2848
 30
0.0
 10
13.1354
 20
-2.1655
 30
0.0
 10
13.0976
 20
-2.0629
 30
0.0
 10
13.0214
 20
-1.9775
 30
0.0
 10
12.941
 20
-1.8879
 30
0.0
 10
12.838
 20
-1.8431
 30
0.0
 10
12.7131
 20
-1.8431
 30
0.0
 10
12.7131
 20
-1.8431
 30
0.0
 10
12.7096
 20
-1.8431
 30
0.0
 10
12.7096
 20
-1.8431
 30
0.0
  0
SPLINE
  5
98
330
1F
100
AcDbEntity
  8
Layer 1
 62
   250
100
AcDbSpline
210
0.0
220
0.0
230
1.0
 70
    11
 71
     3
 72
    62
 73
    58
 74
     0
 42
0.0000000001
 43
0.0000000001
 40
0.0
 40
0.0
 40
0.0
 40
0.0
 40
0.0526315789473684
 40
0.0526315789473684
 40
0.0526315789473684
 40
0.1052631578947368
 40
0.1052631578947368
 40
0.1052631578947368
 40
0.1578947368421053
 40
0.1578947368421053
 40
0.1578947368421053
 40
0.2105263157894737
 40
0.2105263157894737
 40
0.2105263157894737
 40
0.2631578947368421
 40
0.2631578947368421
 40
0.2631578947368421
 40
0.3157894736842105
 40
0.3157894736842105
 40
0.3157894736842105
 40
0.3684210526315789
 40
0.3684210526315789
 40
0.3684210526315789
 40
0.4210526315789473
 40
0.4210526315789473
 40
0.4210526315789473
 40
0.4736842105263158
 40
0.4736842105263158
 40
0.4736842105263158
 40
0.5263157894736842
 40
0.5263157894736842
 40
0.5263157894736842
 40
0.5789473684210527
 40
0.5789473684210527
 40
0.5789473684210527
 40
0.631578947368421
 40
0.631578947368421
 40
0.631578947368421
 40
0.6842105263157894
 40
0.6842105263157894
 40
0.6842105263157894
 40
0.7368421052631579
 40
0.7368421052631579
 40
0.7368421052631579
 40
0.7894736842105263
 40
0.7894736842105263
 40
0.7894736842105263
 40
0.8421052631578947
 40
0.8421052631578947
 40
0.8421052631578947
 40
0.894736842105263
 40
0.894736842105263
 40
0.894736842105263
 40
0.9473684210526315
 40
0.9473684210526315
 40
0.9473684210526315
 40
1.0
 40
1.0
 40
1.0
 40
1.0
 10
13.5749
 20
-3.2465
 30
0.0
 10
13.4987
 20
-3.3318
 30
0.0
 10
13.4172
 20
-3.4056
 30
0.0
 10
13.3301
 20
-3.4673
 30
0.0
 10
13.2539
 20
-3.5209
 30
0.0
 10
13.1756
 20
-3.5657
 30
0.0
 10
13.0955
 20
-3.6014
 30
0.0
 10
13.0256
 20
-3.6292
 30
0.0
 10
12.9565
 20
-3.6511
 30
0.0
 10
12.8874
 20
-3.667
 30
0.0
 10
12.8316
 20
-3.679
 30
0.0
 10
12.7798
 20
-3.685
 30
0.0
 10
12.7328
 20
-3.685
 30
0.0
 10
12.4376
 20
-3.685
 30
0.0
 10
12.1987
 20
-3.5915
 30
0.0
 10
12.0149
 20
-3.4045
 30
0.0
 10
11.8431
 20
-3.2295
 30
0.0
 10
11.7571
 20
-3.0143
 30
0.0
 10
11.7571
 20
-2.7596
 30
0.0
 10
11.7571
 20
-2.4672
 30
0.0
 10
11.8632
 20
-2.2181
 30
0.0
 10
12.0756
 20
-2.0131
 30
0.0
 10
12.3039
 20
-1.7905
 30
0.0
 10
12.5543
 20
-1.6791
 30
0.0
 10
12.827
 20
-1.6791
 30
0.0
 10
12.827
 20
-1.6791
 30
0.0
 10
12.8302
 20
-1.6791
 30
0.0
 10
12.8302
 20
-1.6791
 30
0.0
 10
13.0401
 20
-1.6791
 30
0.0
 10
13.2214
 20
-1.7475
 30
0.0
 10
13.3738
 20
-1.8847
 30
0.0
 10
13.5213
 20
-2.0181
 30
0.0
 10
13.595
 20
-2.1737
 30
0.0
 10
13.595
 20
-2.3504
 30
0.0
 10
13.595
 20
-2.428
 30
0.0
 10
13.5559
 20
-2.4749
 30
0.0
 10
13.4779
 20
-2.4908
 30
0.0
 10
13.4172
 20
-2.4989
 30
0.0
 10
13.2627
 20
-2.5109
 30
0.0
 10
13.0147
 20
-2.5264
 30
0.0
 10
12.8828
 20
-2.5346
 30
0.0
 10
12.7508
 20
-2.5416
 30
0.0
 10
12.6189
 20
-2.5476
 30
0.0
 10
12.4647
 20
-2.5557
 30
0.0
 10
12.3201
 20
-2.5614
 30
0.0
 10
12.1864
 20
-2.5656
 30
0.0
 10
12.1906
 20
-2.8281
 30
0.0
 10
12.27
 20
-3.0323
 30
0.0
 10
12.4242
 20
-3.1773
 30
0.0
 10
12.5586
 20
-3.305
 30
0.0
 10
12.7215
 20
-3.3685
 30
0.0
 10
12.9142
 20
-3.3685
 30
0.0
 10
13.1219
 20
-3.3685
 30
0.0
 10
13.3146
 20
-3.2958
 30
0.0
 10
13.491
 20
-3.1505
 30
0.0
 10
13.491
 20
-3.1505
 30
0.0
 10
13.5749
 20
-3.2465
 30
0.0
 10
13.5749
 20
-3.2465
 30
0.0
  0
SPLINE
  5
99
330
1F
100
AcDbEntity
  8
Layer 1
 62
   250
100
AcDbSpline
210
0.0
220
0.0
230
1.0
 70
    11
 71
     3
 72
    80
 73
    76
 74
     0
 42
0.0000000001
 43
0.0000000001
 40
0.0
 40
0.0
 40
0.0
 40
0.0
 40
0.04
 40
0.04
 40
0.04
 40
0.08
 40
0.08
 40
0.08
 40
0.12
 40
0.12
 40
0.12
 40
0.16
 40
0.16
 40
0.16
 40
0.2
 40
0.2
 40
0.2
 40
0.24
 40
0.24
 40
0.24
 40
0.28
 40
0.28
 40
0.28
 40
0.32
 40
0.32
 40
0.32
 40
0.36
 40
0.36
 40
0.36
 40
0.4
 40
0.4
 40
0.4
 40
0.44
 40
0.44
 40
0.44
 40
0.48
 40
0.48
 40
0.48
 40
0.52
 40
0.52
 40
0.52
 40
0.56
 40
0.56
 40
0.56
 40
0.6
 40
0.6
 40
0.6
 40
0.64
 40
0.64
 40
0.64
 40
0.68
 40
0.68
 40
0.68
 40
0.72
 40
0.72
 40
0.72
 40
0.76
 40
0.76
 40
0.76
 40
0.8
 40
0.8
 40
0.8
 40
0.84
 40
0.84
 40
0.84
 40
0.88
 40
0.88
 40
0.88
 40
0.92
 40
0.92
 40
0.92
 40
0.96
 40
0.96
 40
0.96
 40
1.0
 40
1.0
 40
1.0
 40
1.0
 10
14.665
 20
-2.1508
 30
0.0
 10
14.7098
 20
-2.0848
 30
0.0
 10
14.7535
 20
-2.0269
 30
0.0
 10
14.7959
 20
-1.9776
 30
0.0
 10
14.8453
 20
-1.9179
 30
0.0
 10
14.8929
 20
-1.8668
 30
0.0
 10
14.9402
 20
-1.8252
 30
0.0
 10
15.052
 20
-1.7278
 30
0.0
 10
15.1603
 20
-1.6791
 30
0.0
 10
15.2654
 20
-1.6791
 30
0.0
 10
15.3526
 20
-1.6791
 30
0.0
 10
15.4252
 20
-1.7027
 30
0.0
 10
15.4834
 20
-1.7504
 30
0.0
 10
15.5395
 20
-1.7945
 30
0.0
 10
15.5674
 20
-1.8453
 30
0.0
 10
15.5674
 20
-1.9028
 30
0.0
 10
15.5674
 20
-2.0121
 30
0.0
 10
15.5095
 20
-2.0908
 30
0.0
 10
15.3928
 20
-2.1388
 30
0.0
 10
15.337
 20
-2.1585
 30
0.0
 10
15.2922
 20
-2.1546
 30
0.0
 10
15.2591
 20
-2.1268
 30
0.0
 10
15.1853
 20
-2.0672
 30
0.0
 10
15.1127
 20
-2.0372
 30
0.0
 10
15.0407
 20
-2.0372
 30
0.0
 10
14.8954
 20
-2.0372
 30
0.0
 10
14.767
 20
-2.1578
 30
0.0
 10
14.6551
 20
-2.3984
 30
0.0
 10
14.6551
 20
-2.3984
 30
0.0
 10
14.6551
 20
-3.1774
 30
0.0
 10
14.6551
 20
-3.1774
 30
0.0
 10
14.6551
 20
-3.3227
 30
0.0
 10
14.6752
 20
-3.4123
 30
0.0
 10
14.7154
 20
-3.4462
 30
0.0
 10
14.7581
 20
-3.48
 30
0.0
 10
14.8753
 20
-3.504
 30
0.0
 10
15.0679
 20
-3.5178
 30
0.0
 10
15.0679
 20
-3.5178
 30
0.0
 10
15.0679
 20
-3.6342
 30
0.0
 10
15.0679
 20
-3.6342
 30
0.0
 10
15.0679
 20
-3.6342
 30
0.0
 10
13.8769
 20
-3.6342
 30
0.0
 10
13.8769
 20
-3.6342
 30
0.0
 10
13.8769
 20
-3.6342
 30
0.0
 10
13.8769
 20
-3.5178
 30
0.0
 10
13.8769
 20
-3.5178
 30
0.0
 10
14.0311
 20
-3.504
 30
0.0
 10
14.1263
 20
-3.48
 30
0.0
 10
14.1619
 20
-3.4462
 30
0.0
 10
14.2022
 20
-3.4081
 30
0.0
 10
14.2223
 20
-3.3192
 30
0.0
 10
14.2223
 20
-3.1774
 30
0.0
 10
14.2223
 20
-3.1774
 30
0.0
 10
14.2223
 20
-2.2732
 30
0.0
 10
14.2223
 20
-2.2732
 30
0.0
 10
14.2223
 20
-2.1356
 30
0.0
 10
14.2067
 20
-2.0502
 30
0.0
 10
14.1753
 20
-2.0164
 30
0.0
 10
14.1439
 20
-1.9843
 30
0.0
 10
14.0579
 20
-1.9596
 30
0.0
 10
13.9171
 20
-1.9416
 30
0.0
 10
13.9171
 20
-1.9416
 30
0.0
 10
13.9171
 20
-1.8431
 30
0.0
 10
13.9171
 20
-1.8431
 30
0.0
 10
14.049
 20
-1.823
 30
0.0
 10
14.1711
 20
-1.8005
 30
0.0
 10
14.2826
 20
-1.7747
 30
0.0
 10
14.4099
 20
-1.7447
 30
0.0
 10
14.5345
 20
-1.7077
 30
0.0
 10
14.6551
 20
-1.6639
 30
0.0
 10
14.6551
 20
-1.6639
 30
0.0
 10
14.6551
 20
-2.1508
 30
0.0
 10
14.6551
 20
-2.1508
 30
0.0
 10
14.6551
 20
-2.1508
 30
0.0
 10
14.665
 20
-2.1508
 30
0.0
 10
14.665
 20
-2.1508
 30
0.0
  0
SPLINE
  5
9A
330
1F
100
AcDbEntity
  8
Layer 1
 62
   250
100
AcDbSpline
210
0.0
220
0.0
230
1.0
 70
    11
 71
     3
 72
    98
 73
    94
 74
     0
 42
0.0000000001
 43
0.0000000001
 40
0.0
 40
0.0
 40
0.0
 40
0.0
 40
0.032258064516129
 40
0.032258064516129
 40
0.032258064516129
 40
0.0645161290322581
 40
0.0645161290322581
 40
0.0645161290322581
 40
0.0967741935483871
 40
0.0967741935483871
 40
0.0967741935483871
 40
0.1290322580645161
 40
0.1290322580645161
 40
0.1290322580645161
 40
0.1612903225806452
 40
0.1612903225806452
 40
0.1612903225806452
 40
0.1935483870967742
 40
0.1935483870967742
 40
0.1935483870967742
 40
0.2258064516129032
 40
0.2258064516129032
 40
0.2258064516129032
 40
0.2580645161290323
 40
0.2580645161290323
 40
0.2580645161290323
 40
0.2903225806451613
 40
0.2903225806451613
 40
0.2903225806451613
 40
0.3225806451612903
 40
0.3225806451612903
 40
0.3225806451612903
 40
0.3548387096774194
 40
0.3548387096774194
 40
0.3548387096774194
 40
0.3870967741935484
 40
0.3870967741935484
 40
0.3870967741935484
 40
0.4193548387096774
 40
0.4193548387096774
 40
0.4193548387096774
 40
0.4516129032258064
 40
0.4516129032258064
 40
0.4516129032258064
 40
0.4838709677419355
 40
0.4838709677419355
 40
0.4838709677419355
 40
0.5161290322580645
 40
0.5161290322580645
 40
0.5161290322580645
 40
0.5483870967741935
 40
0.5483870967741935
 40
0.5483870967741935
 40
0.5806451612903225
 40
0.5806451612903225
 40
0.5806451612903225
 40
0.6129032258064516
 40
0.6129032258064516
 40
0.6129032258064516
 40
0.6451612903225806
 40
0.6451612903225806
 40
0.6451612903225806
 40
0.6774193548387096
 40
0.6774193548387096
 40
0.6774193548387096
 40
0.7096774193548387
 40
0.7096774193548387
 40
0.7096774193548387
 40
0.7419354838709677
 40
0.7419354838709677
 40
0.7419354838709677
 40
0.7741935483870968
 40
0.7741935483870968
 40
0.7741935483870968
 40
0.8064516129032258
 40
0.8064516129032258
 40
0.8064516129032258
 40
0.8387096774193548
 40
0.8387096774193548
 40
0.8387096774193548
 40
0.8709677419354839
 40
0.8709677419354839
 40
0.8709677419354839
 40
0.9032258064516129
 40
0.9032258064516129
 40
0.9032258064516129
 40
0.9354838709677419
 40
0.9354838709677419
 40
0.9354838709677419
 40
0.967741935483871
 40
0.967741935483871
 40
0.967741935483871
 40
1.0
 40
1.0
 40
1.0
 40
1.0
 10
18.1638
 20
-1.8462
 30
0.0
 10
18.0319
 20
-1.8642
 30
0.0
 10
17.9412
 20
-1.891
 30
0.0
 10
17.8918
 20
-1.927
 30
0.0
 10
17.8453
 20
-1.9605
 30
0.0
 10
17.7881
 20
-2.0413
 30
0.0
 10
17.7211
 20
-2.1687
 30
0.0
 10
17.6918
 20
-2.2205
 30
0.0
 10
17.6583
 20
-2.2858
 30
0.0
 10
17.6202
 20
-2.3655
 30
0.0
 10
17.6202
 20
-2.3655
 30
0.0
 10
17.0903
 20
-3.4641
 30
0.0
 10
17.0903
 20
-3.4641
 30
0.0
 10
16.9249
 20
-3.8024
 30
0.0
 10
16.8049
 20
-4.0564
 30
0.0
 10
16.7312
 20
-4.2253
 30
0.0
 10
16.6596
 20
-4.3823
 30
0.0
 10
16.6028
 20
-4.5259
 30
0.0
 10
16.5604
 20
-4.655
 30
0.0
 10
16.54
 20
-4.7249
 30
0.0
 10
16.4888
 20
-4.7598
 30
0.0
 10
16.4063
 20
-4.7598
 30
0.0
 10
16.3325
 20
-4.7598
 30
0.0
 10
16.2641
 20
-4.7365
 30
0.0
 10
16.2017
 20
-4.6907
 30
0.0
 10
16.1389
 20
-4.6434
 30
0.0
 10
16.1075
 20
-4.5912
 30
0.0
 10
16.1075
 20
-4.5358
 30
0.0
 10
16.1075
 20
-4.4779
 30
0.0
 10
16.1502
 20
-4.4243
 30
0.0
 10
16.2348
 20
-4.3746
 30
0.0
 10
16.3848
 20
-4.2948
 30
0.0
 10
16.5146
 20
-4.1664
 30
0.0
 10
16.6243
 20
-3.9893
 30
0.0
 10
16.6645
 20
-3.9237
 30
0.0
 10
16.698
 20
-3.8652
 30
0.0
 10
16.7248
 20
-3.8133
 30
0.0
 10
16.7248
 20
-3.8133
 30
0.0
 10
16.7718
 20
-3.7089
 30
0.0
 10
16.7718
 20
-3.7089
 30
0.0
 10
16.7961
 20
-3.6531
 30
0.0
 10
16.7929
 20
-3.5875
 30
0.0
 10
16.7615
 20
-3.512
 30
0.0
 10
16.6497
 20
-3.2372
 30
0.0
 10
16.5435
 20
-2.9846
 30
0.0
 10
16.443
 20
-2.7536
 30
0.0
 10
16.3336
 20
-2.4992
 30
0.0
 10
16.2461
 20
-2.3027
 30
0.0
 10
16.1816
 20
-2.1655
 30
0.0
 10
16.1255
 20
-2.048
 30
0.0
 10
16.074
 20
-1.9707
 30
0.0
 10
16.027
 20
-1.9326
 30
0.0
 10
15.9734
 20
-1.8931
 30
0.0
 10
15.8817
 20
-1.8642
 30
0.0
 10
15.7519
 20
-1.8462
 30
0.0
 10
15.7519
 20
-1.8462
 30
0.0
 10
15.7519
 20
-1.7298
 30
0.0
 10
15.7519
 20
-1.7298
 30
0.0
 10
15.7519
 20
-1.7298
 30
0.0
 10
16.8049
 20
-1.7298
 30
0.0
 10
16.8049
 20
-1.7298
 30
0.0
 10
16.8049
 20
-1.7298
 30
0.0
 10
16.812
 20
-1.8462
 30
0.0
 10
16.812
 20
-1.8462
 30
0.0
 10
16.6956
 20
-1.8642
 30
0.0
 10
16.6264
 20
-1.8878
 30
0.0
 10
16.6038
 20
-1.9178
 30
0.0
 10
16.5795
 20
-1.9457
 30
0.0
 10
16.583
 20
-1.9997
 30
0.0
 10
16.6141
 20
-2.079
 30
0.0
 10
16.6141
 20
-2.079
 30
0.0
 10
17.0635
 20
-3.1476
 30
0.0
 10
17.0635
 20
-3.1476
 30
0.0
 10
17.1281
 20
-3.016
 30
0.0
 10
17.2078
 20
-2.8389
 30
0.0
 10
17.3016
 20
-2.6163
 30
0.0
 10
17.3891
 20
-2.4075
 30
0.0
 10
17.4583
 20
-2.2332
 30
0.0
 10
17.5098
 20
-2.0939
 30
0.0
 10
17.5408
 20
-2.0124
 30
0.0
 10
17.5408
 20
-1.9559
 30
0.0
 10
17.5098
 20
-1.9238
 30
0.0
 10
17.4762
 20
-1.89
 30
0.0
 10
17.3912
 20
-1.8642
 30
0.0
 10
17.2547
 20
-1.8462
 30
0.0
 10
17.2547
 20
-1.8462
 30
0.0
 10
17.2547
 20
-1.7298
 30
0.0
 10
17.2547
 20
-1.7298
 30
0.0
 10
17.2547
 20
-1.7298
 30
0.0
 10
18.1638
 20
-1.7298
 30
0.0
 10
18.1638
 20
-1.7298
 30
0.0
 10
18.1638
 20
-1.7298
 30
0.0
 10
18.1638
 20
-1.8462
 30
0.0
 10
18.1638
 20
-1.8462
 30
0.0
  0
SPLINE
  5
9B
330
1F
100
AcDbEntity
  8
Layer 1
 62
   250
100
AcDbSpline
210
0.0
220
0.0
230
1.0
 70
    11
 71
     3
 72
    29
 73
    25
 74
     0
 42
0.0000000001
 43
0.0000000001
 40
0.0
 40
0.0
 40
0.0
 40
0.0
 40
0.125
 40
0.125
 40
0.125
 40
0.25
 40
0.25
 40
0.25
 40
0.375
 40
0.375
 40
0.375
 40
0.5
 40
0.5
 40
0.5
 40
0.625
 40
0.625
 40
0.625
 40
0.75
 40
0.75
 40
0.75
 40
0.875
 40
0.875
 40
0.875
 40
1.0
 40
1.0
 40
1.0
 40
1.0
 10
-9.3286
 20
-15.9973
 30
0.0
 10
-9.3286
 20
-16.1278
 30
0.0
 10
-9.3738
 20
-16.2382
 30
0.0
 10
-9.4637
 20
-16.3275
 30
0.0
 10
-9.554
 20
-16.4167
 30
0.0
 10
-9.6645
 20
-16.4612
 30
0.0
 10
-9.7953
 20
-16.4612
 30
0.0
 10
-9.9259
 20
-16.4612
 30
0.0
 10
-10.0359
 20
-16.4167
 30
0.0
 10
-10.1255
 20
-16.3275
 30
0.0
 10
-10.2148
 20
-16.2382
 30
0.0
 10
-10.2596
 20
-16.1278
 30
0.0
 10
-10.2596
 20
-15.9973
 30
0.0
 10
-10.2596
 20
-15.865
 30
0.0
 10
-10.2148
 20
-15.7542
 30
0.0
 10
-10.1255
 20
-15.6646
 30
0.0
 10
-10.0359
 20
-15.5754
 30
0.0
 10
-9.9259
 20
-15.5306
 30
0.0
 10
-9.7953
 20
-15.5306
 30
0.0
 10
-9.6645
 20
-15.5306
 30
0.0
 10
-9.554
 20
-15.5757
 30
0.0
 10
-9.4637
 20
-15.666
 30
0.0
 10
-9.3738
 20
-15.756
 30
0.0
 10
-9.3286
 20
-15.8664
 30
0.0
 10
-9.3286
 20
-15.9973
 30
0.0
  0
SPLINE
  5
9C
330
1F
100
AcDbEntity
  8
Layer 1
 62
   250
100
AcDbSpline
210
0.0
220
0.0
230
1.0
 70
    11
 71
     3
 72
    20
 73
    16
 74
     0
 42
0.0000000001
 43
0.0000000001
 40
0.0
 40
0.0
 40
0.0
 40
0.0
 40
0.2
 40
0.2
 40
0.2
 40
0.4
 40
0.4
 40
0.4
 40
0.6000000000000001
 40
0.6000000000000001
 40
0.6000000000000001
 40
0.8
 40
0.8
 40
0.8
 40
1.0
 40
1.0
 40
1.0
 40
1.0
 10
-6.9333
 20
-15.2129
 30
0.0
 10
-6.9333
 20
-14.8403
 30
0.0
 10
-7.026
 20
-14.6544
 30
0.0
 10
-7.2113
 20
-14.6544
 30
0.0
 10
-7.3023
 20
-14.6544
 30
0.0
 10
-7.3767
 20
-14.6858
 30
0.0
 10
-7.4346
 20
-14.7486
 30
0.0
 10
-7.4924
 20
-14.8114
 30
0.0
 10
-7.5213
 20
-14.8883
 30
0.0
 10
-7.5213
 20
-14.9797
 30
0.0
 10
-7.5213
 20
-15.1434
 30
0.0
 10
-7.3876
 20
-15.2252
 30
0.0
 10
-7.1192
 20
-15.2252
 30
0.0
 10
-7.0631
 20
-15.2252
 30
0.0
 10
-7.001
 20
-15.221
 30
0.0
 10
-6.9333
 20
-15.2129
 30
0.0
  0
SPLINE
  5
9D
330
1F
100
AcDbEntity
  8
Layer 1
 62
   250
100
AcDbSpline
210
0.0
220
0.0
230
1.0
 70
    11
 71
     3
 72
    38
 73
    34
 74
     0
 42
0.0000000001
 43
0.0000000001
 40
0.0
 40
0.0
 40
0.0
 40
0.0
 40
0.0909090909090909
 40
0.0909090909090909
 40
0.0909090909090909
 40
0.1818181818181818
 40
0.1818181818181818
 40
0.1818181818181818
 40
0.2727272727272727
 40
0.2727272727272727
 40
0.2727272727272727
 40
0.3636363636363636
 40
0.3636363636363636
 40
0.3636363636363636
 40
0.4545454545454546
 40
0.4545454545454546
 40
0.4545454545454546
 40
0.5454545454545454
 40
0.5454545454545454
 40
0.5454545454545454
 40
0.6363636363636364
 40
0.6363636363636364
 40
0.6363636363636364
 40
0.7272727272727273
 40
0.7272727272727273
 40
0.7272727272727273
 40
0.8181818181818182
 40
0.8181818181818182
 40
0.8181818181818182
 40
0.9090909090909092
 40
0.9090909090909092
 40
0.9090909090909092
 40
1.0
 40
1.0
 40
1.0
 40
1.0
 10
-6.1811
 20
-17.0275
 30
0.0
 10
-6.1811
 20
-17.2343
 30
0.0
 10
-6.2729
 20
-17.3376
 30
0.0
 10
-6.4567
 20
-17.3376
 30
0.0
 10
-6.5957
 20
-17.3376
 30
0.0
 10
-6.71
 20
-17.163
 30
0.0
 10
-6.7992
 20
-16.8138
 30
0.0
 10
-6.8786
 20
-16.5044
 30
0.0
 10
-6.9184
 20
-16.1643
 30
0.0
 10
-6.9184
 20
-15.7935
 30
0.0
 10
-7.3372
 20
-15.7935
 30
0.0
 10
-7.6275
 20
-15.724
 30
0.0
 10
-7.7895
 20
-15.5854
 30
0.0
 10
-7.9172
 20
-15.476
 30
0.0
 10
-7.9807
 20
-15.2979
 30
0.0
 10
-7.9807
 20
-15.0513
 30
0.0
 10
-7.9807
 20
-14.8033
 30
0.0
 10
-7.9062
 20
-14.5867
 30
0.0
 10
-7.7574
 20
-14.4011
 30
0.0
 10
-7.5968
 20
-14.2025
 30
0.0
 10
-7.395
 20
-14.103
 30
0.0
 10
-7.1516
 20
-14.103
 30
0.0
 10
-6.6884
 20
-14.103
 30
0.0
 10
-6.4567
 20
-14.4868
 30
0.0
 10
-6.4567
 20
-15.2548
 30
0.0
 10
-6.4567
 20
-15.6757
 30
0.0
 10
-6.4327
 20
-16.0154
 30
0.0
 10
-6.3847
 20
-16.2754
 30
0.0
 10
-6.3547
 20
-16.4342
 30
0.0
 10
-6.311
 20
-16.5898
 30
0.0
 10
-6.2531
 20
-16.7418
 30
0.0
 10
-6.2051
 20
-16.8677
 30
0.0
 10
-6.1811
 20
-16.963
 30
0.0
 10
-6.1811
 20
-17.0275
 30
0.0
  0
SPLINE
  5
9E
330
1F
100
AcDbEntity
  8
Layer 1
 62
   250
100
AcDbSpline
210
0.0
220
0.0
230
1.0
 70
    11
 71
     3
 72
    32
 73
    28
 74
     0
 42
0.0000000001
 43
0.0000000001
 40
0.0
 40
0.0
 40
0.0
 40
0.0
 40
0.1111111111111111
 40
0.1111111111111111
 40
0.1111111111111111
 40
0.2222222222222222
 40
0.2222222222222222
 40
0.2222222222222222
 40
0.3333333333333333
 40
0.3333333333333333
 40
0.3333333333333333
 40
0.4444444444444444
 40
0.4444444444444444
 40
0.4444444444444444
 40
0.5555555555555556
 40
0.5555555555555556
 40
0.5555555555555556
 40
0.6666666666666666
 40
0.6666666666666666
 40
0.6666666666666666
 40
0.7777777777777777
 40
0.7777777777777777
 40
0.7777777777777777
 40
0.8888888888888888
 40
0.8888888888888888
 40
0.8888888888888888
 40
1.0
 40
1.0
 40
1.0
 40
1.0
 10
-4.2297
 20
-17.375
 30
0.0
 10
-4.3871
 20
-17.375
 30
0.0
 10
-4.4608
 20
-17.2766
 30
0.0
 10
-4.4506
 20
-17.0794
 30
0.0
 10
-4.4424
 20
-16.9192
 30
0.0
 10
-4.4382
 20
-16.7643
 30
0.0
 10
-4.4382
 20
-16.6155
 30
0.0
 10
-4.4382
 20
-15.917
 30
0.0
 10
-4.5193
 20
-15.2583
 30
0.0
 10
-4.6816
 20
-14.6392
 30
0.0
 10
-4.6982
 20
-14.5764
 30
0.0
 10
-4.7063
 20
-14.5168
 30
0.0
 10
-4.7063
 20
-14.4607
 30
0.0
 10
-4.7063
 20
-14.2656
 30
0.0
 10
-4.6188
 20
-14.1675
 30
0.0
 10
-4.4431
 20
-14.1675
 30
0.0
 10
-4.296
 20
-14.1675
 30
0.0
 10
-4.1941
 20
-14.2727
 30
0.0
 10
-4.138
 20
-14.4829
 30
0.0
 10
-3.999
 20
-15.0026
 30
0.0
 10
-3.9295
 20
-15.6041
 30
0.0
 10
-3.9295
 20
-16.2877
 30
0.0
 10
-3.9295
 20
-16.6024
 30
0.0
 10
-3.9359
 20
-16.8106
 30
0.0
 10
-3.9493
 20
-16.9132
 30
0.0
 10
-3.9888
 20
-17.2208
 30
0.0
 10
-4.0826
 20
-17.375
 30
0.0
 10
-4.2297
 20
-17.375
 30
0.0
  0
SPLINE
  5
9F
330
1F
100
AcDbEntity
  8
Layer 1
 62
   250
100
AcDbSpline
210
0.0
220
0.0
230
1.0
 70
    11
 71
     3
 72
    59
 73
    55
 74
     0
 42
0.0000000001
 43
0.0000000001
 40
0.0
 40
0.0
 40
0.0
 40
0.0
 40
0.0555555555555556
 40
0.0555555555555556
 40
0.0555555555555556
 40
0.1111111111111111
 40
0.1111111111111111
 40
0.1111111111111111
 40
0.1666666666666667
 40
0.1666666666666667
 40
0.1666666666666667
 40
0.2222222222222222
 40
0.2222222222222222
 40
0.2222222222222222
 40
0.2777777777777778
 40
0.2777777777777778
 40
0.2777777777777778
 40
0.3333333333333333
 40
0.3333333333333333
 40
0.3333333333333333
 40
0.3888888888888888
 40
0.3888888888888888
 40
0.3888888888888888
 40
0.4444444444444444
 40
0.4444444444444444
 40
0.4444444444444444
 40
0.5
 40
0.5
 40
0.5
 40
0.5555555555555556
 40
0.5555555555555556
 40
0.5555555555555556
 40
0.611111111111111
 40
0.611111111111111
 40
0.611111111111111
 40
0.6666666666666666
 40
0.6666666666666666
 40
0.6666666666666666
 40
0.7222222222222222
 40
0.7222222222222222
 40
0.7222222222222222
 40
0.7777777777777777
 40
0.7777777777777777
 40
0.7777777777777777
 40
0.8333333333333333
 40
0.8333333333333333
 40
0.8333333333333333
 40
0.8888888888888888
 40
0.8888888888888888
 40
0.8888888888888888
 40
0.9444444444444444
 40
0.9444444444444444
 40
0.9444444444444444
 40
1.0
 40
1.0
 40
1.0
 40
1.0
 10
-0.4864
 20
-14.4484
 30
0.0
 10
-0.4864
 20
-14.743
 30
0.0
 10
-0.5425
 20
-14.9786
 30
0.0
 10
-0.6554
 20
-15.1557
 30
0.0
 10
-0.7891
 20
-15.3691
 30
0.0
 10
-0.9951
 20
-15.476
 30
0.0
 10
-1.2731
 20
-15.476
 30
0.0
 10
-1.4802
 20
-15.476
 30
0.0
 10
-1.6333
 20
-15.4231
 30
0.0
 10
-1.7324
 20
-15.3169
 30
0.0
 10
-1.6598
 20
-15.7276
 30
0.0
 10
-1.6234
 20
-16.165
 30
0.0
 10
-1.6234
 20
-16.6303
 30
0.0
 10
-1.6234
 20
-16.9729
 30
0.0
 10
-1.6499
 20
-17.1898
 30
0.0
 10
-1.7028
 20
-17.2805
 30
0.0
 10
-1.7391
 20
-17.3419
 30
0.0
 10
-1.8005
 20
-17.3726
 30
0.0
 10
-1.8866
 20
-17.3726
 30
0.0
 10
-2.0454
 20
-17.3726
 30
0.0
 10
-2.124
 20
-17.2798
 30
0.0
 10
-2.1223
 20
-17.0946
 30
0.0
 10
-2.1156
 20
-16.4691
 30
0.0
 10
-2.124
 20
-16.0486
 30
0.0
 10
-2.1473
 20
-15.8334
 30
0.0
 10
-2.1903
 20
-15.4312
 30
0.0
 10
-2.2761
 20
-15.0224
 30
0.0
 10
-2.4052
 20
-14.6071
 30
0.0
 10
-2.4267
 20
-14.5376
 30
0.0
 10
-2.4376
 20
-14.478
 30
0.0
 10
-2.4376
 20
-14.4283
 30
0.0
 10
-2.4376
 20
-14.2544
 30
0.0
 10
-2.3459
 20
-14.1676
 30
0.0
 10
-2.1621
 20
-14.1676
 30
0.0
 10
-2.0775
 20
-14.1676
 30
0.0
 10
-2.0115
 20
-14.2
 30
0.0
 10
-1.9635
 20
-14.2646
 30
0.0
 10
-1.937
 20
-14.2992
 30
0.0
 10
-1.9014
 20
-14.3722
 30
0.0
 10
-1.8566
 20
-14.483
 30
0.0
 10
-1.7476
 20
-14.7542
 30
0.0
 10
-1.562
 20
-14.8901
 30
0.0
 10
-1.3006
 20
-14.8901
 30
0.0
 10
-1.0773
 20
-14.8901
 30
0.0
 10
-0.9655
 20
-14.7461
 30
0.0
 10
-0.9655
 20
-14.4579
 30
0.0
 10
-0.9655
 20
-14.2297
 30
0.0
 10
-0.8879
 20
-14.1157
 30
0.0
 10
-0.732
 20
-14.1157
 30
0.0
 10
-0.6512
 20
-14.1157
 30
0.0
 10
-0.5884
 20
-14.1528
 30
0.0
 10
-0.5436
 20
-14.2272
 30
0.0
 10
-0.5055
 20
-14.2886
 30
0.0
 10
-0.4864
 20
-14.3623
 30
0.0
 10
-0.4864
 20
-14.4484
 30
0.0
  0
SPLINE
  5
A0
330
1F
100
AcDbEntity
  8
Layer 1
 62
   250
100
AcDbSpline
210
0.0
220
0.0
230
1.0
 70
    11
 71
     3
 72
    92
 73
    88
 74
     0
 42
0.0000000001
 43
0.0000000001
 40
0.0
 40
0.0
 40
0.0
 40
0.0
 40
0.0344827586206897
 40
0.0344827586206897
 40
0.0344827586206897
 40
0.0689655172413793
 40
0.0689655172413793
 40
0.0689655172413793
 40
0.103448275862069
 40
0.103448275862069
 40
0.103448275862069
 40
0.1379310344827586
 40
0.1379310344827586
 40
0.1379310344827586
 40
0.1724137931034483
 40
0.1724137931034483
 40
0.1724137931034483
 40
0.2068965517241379
 40
0.2068965517241379
 40
0.2068965517241379
 40
0.2413793103448276
 40
0.2413793103448276
 40
0.2413793103448276
 40
0.2758620689655172
 40
0.2758620689655172
 40
0.2758620689655172
 40
0.3103448275862069
 40
0.3103448275862069
 40
0.3103448275862069
 40
0.3448275862068966
 40
0.3448275862068966
 40
0.3448275862068966
 40
0.3793103448275862
 40
0.3793103448275862
 40
0.3793103448275862
 40
0.4137931034482759
 40
0.4137931034482759
 40
0.4137931034482759
 40
0.4482758620689655
 40
0.4482758620689655
 40
0.4482758620689655
 40
0.4827586206896551
 40
0.4827586206896551
 40
0.4827586206896551
 40
0.5172413793103449
 40
0.5172413793103449
 40
0.5172413793103449
 40
0.5517241379310345
 40
0.5517241379310345
 40
0.5517241379310345
 40
0.5862068965517241
 40
0.5862068965517241
 40
0.5862068965517241
 40
0.6206896551724138
 40
0.6206896551724138
 40
0.6206896551724138
 40
0.6551724137931034
 40
0.6551724137931034
 40
0.6551724137931034
 40
0.6896551724137931
 40
0.6896551724137931
 40
0.6896551724137931
 40
0.7241379310344828
 40
0.7241379310344828
 40
0.7241379310344828
 40
0.7586206896551724
 40
0.7586206896551724
 40
0.7586206896551724
 40
0.7931034482758621
 40
0.7931034482758621
 40
0.7931034482758621
 40
0.8275862068965517
 40
0.8275862068965517
 40
0.8275862068965517
 40
0.8620689655172413
 40
0.8620689655172413
 40
0.8620689655172413
 40
0.896551724137931
 40
0.896551724137931
 40
0.896551724137931
 40
0.9310344827586207
 40
0.9310344827586207
 40
0.9310344827586207
 40
0.9655172413793103
 40
0.9655172413793103
 40
0.9655172413793103
 40
1.0
 40
1.0
 40
1.0
 40
1.0
 10
2.3088
 20
-15.3641
 30
0.0
 10
2.1169
 20
-15.5151
 30
0.0
 10
1.8869
 20
-15.5902
 30
0.0
 10
1.6185
 20
-15.5902
 30
0.0
 10
1.3208
 20
-15.5902
 30
0.0
 10
1.0858
 20
-15.5355
 30
0.0
 10
0.9137
 20
-15.4265
 30
0.0
 10
0.9818
 20
-15.8104
 30
0.0
 10
1.0156
 20
-16.1956
 30
0.0
 10
1.0156
 20
-16.5829
 30
0.0
 10
1.0156
 20
-16.9523
 30
0.0
 10
0.9874
 20
-17.1844
 30
0.0
 10
0.9313
 20
-17.2807
 30
0.0
 10
0.8946
 20
-17.3418
 30
0.0
 10
0.8343
 20
-17.3725
 30
0.0
 10
0.75
 20
-17.3725
 30
0.0
 10
0.5944
 20
-17.3725
 30
0.0
 10
0.515
 20
-17.28
 30
0.0
 10
0.5115
 20
-17.0945
 30
0.0
 10
0.5115
 20
-17.0945
 30
0.0
 10
0.4868
 20
-15.9772
 30
0.0
 10
0.4868
 20
-15.9772
 30
0.0
 10
0.4272
 20
-15.5306
 30
0.0
 10
0.3327
 20
-15.145
 30
0.0
 10
0.2039
 20
-14.8205
 30
0.0
 10
0.1757
 20
-14.7496
 30
0.0
 10
0.1616
 20
-14.685
 30
0.0
 10
0.1616
 20
-14.6268
 30
0.0
 10
0.1616
 20
-14.546
 30
0.0
 10
0.1873
 20
-14.4793
 30
0.0
 10
0.2385
 20
-14.4271
 30
0.0
 10
0.29
 20
-14.3749
 30
0.0
 10
0.3559
 20
-14.3488
 30
0.0
 10
0.4371
 20
-14.3488
 30
0.0
 10
0.5217
 20
-14.3488
 30
0.0
 10
0.6142
 20
-14.4317
 30
0.0
 10
0.7151
 20
-14.5972
 30
0.0
 10
0.8361
 20
-14.7944
 30
0.0
 10
0.9451
 20
-14.9048
 30
0.0
 10
1.0428
 20
-14.9298
 30
0.0
 10
1.0297
 20
-14.8734
 30
0.0
 10
1.023
 20
-14.8173
 30
0.0
 10
1.023
 20
-14.7608
 30
0.0
 10
1.023
 20
-14.5823
 30
0.0
 10
1.0767
 20
-14.425
 30
0.0
 10
1.1843
 20
-14.2892
 30
0.0
 10
1.3021
 20
-14.1438
 30
0.0
 10
1.4474
 20
-14.0708
 30
0.0
 10
1.6214
 20
-14.0708
 30
0.0
 10
1.8034
 20
-14.0708
 30
0.0
 10
1.9515
 20
-14.1096
 30
0.0
 10
2.0658
 20
-14.1876
 30
0.0
 10
2.1617
 20
-14.2521
 30
0.0
 10
2.2093
 20
-14.3216
 30
0.0
 10
2.2093
 20
-14.3961
 30
0.0
 10
2.2093
 20
-14.492
 30
0.0
 10
2.1617
 20
-14.54
 30
0.0
 10
2.0658
 20
-14.54
 30
0.0
 10
2.0273
 20
-14.54
 30
0.0
 10
1.9705
 20
-14.5312
 30
0.0
 10
1.8943
 20
-14.5128
 30
0.0
 10
1.8182
 20
-14.4945
 30
0.0
 10
1.7611
 20
-14.4857
 30
0.0
 10
1.723
 20
-14.4857
 30
0.0
 10
1.6418
 20
-14.4857
 30
0.0
 10
1.5769
 20
-14.5125
 30
0.0
 10
1.5282
 20
-14.5661
 30
0.0
 10
1.4792
 20
-14.6201
 30
0.0
 10
1.4548
 20
-14.6882
 30
0.0
 10
1.4548
 20
-14.7707
 30
0.0
 10
1.4548
 20
-14.8617
 30
0.0
 10
1.4855
 20
-14.9337
 30
0.0
 10
1.5469
 20
-14.987
 30
0.0
 10
1.6079
 20
-15.0399
 30
0.0
 10
1.6849
 20
-15.0664
 30
0.0
 10
1.7776
 20
-15.0664
 30
0.0
 10
1.8421
 20
-15.0664
 30
0.0
 10
1.9342
 20
-15.0413
 30
0.0
 10
2.0531
 20
-14.9905
 30
0.0
 10
2.1719
 20
-14.9401
 30
0.0
 10
2.2499
 20
-14.915
 30
0.0
 10
2.2866
 20
-14.915
 30
0.0
 10
2.409
 20
-14.915
 30
0.0
 10
2.4704
 20
-14.976
 30
0.0
 10
2.4704
 20
-15.0985
 30
0.0
 10
2.4704
 20
-15.1912
 30
0.0
 10
2.4168
 20
-15.2798
 30
0.0
 10
2.3088
 20
-15.3641
 30
0.0
  0
SPLINE
  5
A1
330
1F
100
AcDbEntity
  8
Layer 1
 62
   250
100
AcDbSpline
210
0.0
220
0.0
230
1.0
 70
    11
 71
     3
 72
    32
 73
    28
 74
     0
 42
0.0000000001
 43
0.0000000001
 40
0.0
 40
0.0
 40
0.0
 40
0.0
 40
0.1111111111111111
 40
0.1111111111111111
 40
0.1111111111111111
 40
0.2222222222222222
 40
0.2222222222222222
 40
0.2222222222222222
 40
0.3333333333333333
 40
0.3333333333333333
 40
0.3333333333333333
 40
0.4444444444444444
 40
0.4444444444444444
 40
0.4444444444444444
 40
0.5555555555555556
 40
0.5555555555555556
 40
0.5555555555555556
 40
0.6666666666666666
 40
0.6666666666666666
 40
0.6666666666666666
 40
0.7777777777777777
 40
0.7777777777777777
 40
0.7777777777777777
 40
0.8888888888888888
 40
0.8888888888888888
 40
0.8888888888888888
 40
1.0
 40
1.0
 40
1.0
 40
1.0
 10
4.0737
 20
-17.375
 30
0.0
 10
3.9167
 20
-17.375
 30
0.0
 10
3.843
 20
-17.2766
 30
0.0
 10
3.8529
 20
-17.0794
 30
0.0
 10
3.861
 20
-16.9192
 30
0.0
 10
3.8652
 20
-16.7643
 30
0.0
 10
3.8652
 20
-16.6155
 30
0.0
 10
3.8652
 20
-15.917
 30
0.0
 10
3.7844
 20
-15.2583
 30
0.0
 10
3.6222
 20
-14.6392
 30
0.0
 10
3.6056
 20
-14.5764
 30
0.0
 10
3.5971
 20
-14.5168
 30
0.0
 10
3.5971
 20
-14.4607
 30
0.0
 10
3.5971
 20
-14.2656
 30
0.0
 10
3.6846
 20
-14.1675
 30
0.0
 10
3.8606
 20
-14.1675
 30
0.0
 10
4.0078
 20
-14.1675
 30
0.0
 10
4.1097
 20
-14.2727
 30
0.0
 10
4.1658
 20
-14.4829
 30
0.0
 10
4.3044
 20
-15.0026
 30
0.0
 10
4.3743
 20
-15.6041
 30
0.0
 10
4.3743
 20
-16.2877
 30
0.0
 10
4.3743
 20
-16.6024
 30
0.0
 10
4.3676
 20
-16.8106
 30
0.0
 10
4.3545
 20
-16.9132
 30
0.0
 10
4.3147
 20
-17.2208
 30
0.0
 10
4.2212
 20
-17.375
 30
0.0
 10
4.0737
 20
-17.375
 30
0.0
  0
SPLINE
  5
A2
330
1F
100
AcDbEntity
  8
Layer 1
 62
   250
100
AcDbSpline
210
0.0
220
0.0
230
1.0
 70
    11
 71
     3
 72
    92
 73
    88
 74
     0
 42
0.0000000001
 43
0.0000000001
 40
0.0
 40
0.0
 40
0.0
 40
0.0
 40
0.0344827586206897
 40
0.0344827586206897
 40
0.0344827586206897
 40
0.0689655172413793
 40
0.0689655172413793
 40
0.0689655172413793
 40
0.103448275862069
 40
0.103448275862069
 40
0.103448275862069
 40
0.1379310344827586
 40
0.1379310344827586
 40
0.1379310344827586
 40
0.1724137931034483
 40
0.1724137931034483
 40
0.1724137931034483
 40
0.2068965517241379
 40
0.2068965517241379
 40
0.2068965517241379
 40
0.2413793103448276
 40
0.2413793103448276
 40
0.2413793103448276
 40
0.2758620689655172
 40
0.2758620689655172
 40
0.2758620689655172
 40
0.3103448275862069
 40
0.3103448275862069
 40
0.3103448275862069
 40
0.3448275862068966
 40
0.3448275862068966
 40
0.3448275862068966
 40
0.3793103448275862
 40
0.3793103448275862
 40
0.3793103448275862
 40
0.4137931034482759
 40
0.4137931034482759
 40
0.4137931034482759
 40
0.4482758620689655
 40
0.4482758620689655
 40
0.4482758620689655
 40
0.4827586206896551
 40
0.4827586206896551
 40
0.4827586206896551
 40
0.5172413793103449
 40
0.5172413793103449
 40
0.5172413793103449
 40
0.5517241379310345
 40
0.5517241379310345
 40
0.5517241379310345
 40
0.5862068965517241
 40
0.5862068965517241
 40
0.5862068965517241
 40
0.6206896551724138
 40
0.6206896551724138
 40
0.6206896551724138
 40
0.6551724137931034
 40
0.6551724137931034
 40
0.6551724137931034
 40
0.6896551724137931
 40
0.6896551724137931
 40
0.6896551724137931
 40
0.7241379310344828
 40
0.7241379310344828
 40
0.7241379310344828
 40
0.7586206896551724
 40
0.7586206896551724
 40
0.7586206896551724
 40
0.7931034482758621
 40
0.7931034482758621
 40
0.7931034482758621
 40
0.8275862068965517
 40
0.8275862068965517
 40
0.8275862068965517
 40
0.8620689655172413
 40
0.8620689655172413
 40
0.8620689655172413
 40
0.896551724137931
 40
0.896551724137931
 40
0.896551724137931
 40
0.9310344827586207
 40
0.9310344827586207
 40
0.9310344827586207
 40
0.9655172413793103
 40
0.9655172413793103
 40
0.9655172413793103
 40
1.0
 40
1.0
 40
1.0
 40
1.0
 10
7.8444
 20
-15.3641
 30
0.0
 10
7.6525
 20
-15.5151
 30
0.0
 10
7.4225
 20
-15.5902
 30
0.0
 10
7.1544
 20
-15.5902
 30
0.0
 10
6.8566
 20
-15.5902
 30
0.0
 10
6.6213
 20
-15.5355
 30
0.0
 10
6.4495
 20
-15.4265
 30
0.0
 10
6.5172
 20
-15.8104
 30
0.0
 10
6.5511
 20
-16.1956
 30
0.0
 10
6.5511
 20
-16.5829
 30
0.0
 10
6.5511
 20
-16.9523
 30
0.0
 10
6.5232
 20
-17.1844
 30
0.0
 10
6.4668
 20
-17.2807
 30
0.0
 10
6.4305
 20
-17.3418
 30
0.0
 10
6.3698
 20
-17.3725
 30
0.0
 10
6.2855
 20
-17.3725
 30
0.0
 10
6.1302
 20
-17.3725
 30
0.0
 10
6.0505
 20
-17.28
 30
0.0
 10
6.0473
 20
-17.0945
 30
0.0
 10
6.0473
 20
-17.0945
 30
0.0
 10
6.0223
 20
-15.9772
 30
0.0
 10
6.0223
 20
-15.9772
 30
0.0
 10
5.963
 20
-15.5306
 30
0.0
 10
5.8685
 20
-15.145
 30
0.0
 10
5.7394
 20
-14.8205
 30
0.0
 10
5.7111
 20
-14.7496
 30
0.0
 10
5.6974
 20
-14.685
 30
0.0
 10
5.6974
 20
-14.6268
 30
0.0
 10
5.6974
 20
-14.546
 30
0.0
 10
5.7228
 20
-14.4793
 30
0.0
 10
5.7743
 20
-14.4271
 30
0.0
 10
5.8254
 20
-14.3749
 30
0.0
 10
5.8918
 20
-14.3488
 30
0.0
 10
5.9726
 20
-14.3488
 30
0.0
 10
6.0572
 20
-14.3488
 30
0.0
 10
6.1496
 20
-14.4317
 30
0.0
 10
6.2505
 20
-14.5972
 30
0.0
 10
6.3715
 20
-14.7944
 30
0.0
 10
6.4809
 20
-14.9048
 30
0.0
 10
6.5786
 20
-14.9298
 30
0.0
 10
6.5652
 20
-14.8734
 30
0.0
 10
6.5585
 20
-14.8173
 30
0.0
 10
6.5585
 20
-14.7608
 30
0.0
 10
6.5585
 20
-14.5823
 30
0.0
 10
6.6125
 20
-14.425
 30
0.0
 10
6.7197
 20
-14.2892
 30
0.0
 10
6.8376
 20
-14.1438
 30
0.0
 10
6.9833
 20
-14.0708
 30
0.0
 10
7.1568
 20
-14.0708
 30
0.0
 10
7.3389
 20
-14.0708
 30
0.0
 10
7.487
 20
-14.1096
 30
0.0
 10
7.6013
 20
-14.1876
 30
0.0
 10
7.6973
 20
-14.2521
 30
0.0
 10
7.7453
 20
-14.3216
 30
0.0
 10
7.7453
 20
-14.3961
 30
0.0
 10
7.7453
 20
-14.492
 30
0.0
 10
7.6973
 20
-14.54
 30
0.0
 10
7.6013
 20
-14.54
 30
0.0
 10
7.5632
 20
-14.54
 30
0.0
 10
7.5061
 20
-14.5312
 30
0.0
 10
7.4299
 20
-14.5128
 30
0.0
 10
7.3537
 20
-14.4945
 30
0.0
 10
7.2965
 20
-14.4857
 30
0.0
 10
7.2588
 20
-14.4857
 30
0.0
 10
7.1773
 20
-14.4857
 30
0.0
 10
7.1127
 20
-14.5125
 30
0.0
 10
7.0637
 20
-14.5661
 30
0.0
 10
7.0147
 20
-14.6201
 30
0.0
 10
6.9907
 20
-14.6882
 30
0.0
 10
6.9907
 20
-14.7707
 30
0.0
 10
6.9907
 20
-14.8617
 30
0.0
 10
7.021
 20
-14.9337
 30
0.0
 10
7.0824
 20
-14.987
 30
0.0
 10
7.1438
 20
-15.0399
 30
0.0
 10
7.2203
 20
-15.0664
 30
0.0
 10
7.3131
 20
-15.0664
 30
0.0
 10
7.378
 20
-15.0664
 30
0.0
 10
7.4697
 20
-15.0413
 30
0.0
 10
7.5886
 20
-14.9905
 30
0.0
 10
7.7079
 20
-14.9401
 30
0.0
 10
7.7858
 20
-14.915
 30
0.0
 10
7.8225
 20
-14.915
 30
0.0
 10
7.9446
 20
-14.915
 30
0.0
 10
8.006
 20
-14.976
 30
0.0
 10
8.006
 20
-15.0985
 30
0.0
 10
8.006
 20
-15.1912
 30
0.0
 10
7.9523
 20
-15.2798
 30
0.0
 10
7.8444
 20
-15.3641
 30
0.0
  0
SPLINE
  5
A3
330
1F
100
AcDbEntity
  8
Layer 1
 62
   250
100
AcDbSpline
210
0.0
220
0.0
230
1.0
 70
    11
 71
     3
 72
    59
 73
    55
 74
     0
 42
0.0000000001
 43
0.0000000001
 40
0.0
 40
0.0
 40
0.0
 40
0.0
 40
0.0555555555555556
 40
0.0555555555555556
 40
0.0555555555555556
 40
0.1111111111111111
 40
0.1111111111111111
 40
0.1111111111111111
 40
0.1666666666666667
 40
0.1666666666666667
 40
0.1666666666666667
 40
0.2222222222222222
 40
0.2222222222222222
 40
0.2222222222222222
 40
0.2777777777777778
 40
0.2777777777777778
 40
0.2777777777777778
 40
0.3333333333333333
 40
0.3333333333333333
 40
0.3333333333333333
 40
0.3888888888888888
 40
0.3888888888888888
 40
0.3888888888888888
 40
0.4444444444444444
 40
0.4444444444444444
 40
0.4444444444444444
 40
0.5
 40
0.5
 40
0.5
 40
0.5555555555555556
 40
0.5555555555555556
 40
0.5555555555555556
 40
0.611111111111111
 40
0.611111111111111
 40
0.611111111111111
 40
0.6666666666666666
 40
0.6666666666666666
 40
0.6666666666666666
 40
0.7222222222222222
 40
0.7222222222222222
 40
0.7222222222222222
 40
0.7777777777777777
 40
0.7777777777777777
 40
0.7777777777777777
 40
0.8333333333333333
 40
0.8333333333333333
 40
0.8333333333333333
 40
0.8888888888888888
 40
0.8888888888888888
 40
0.8888888888888888
 40
0.9444444444444444
 40
0.9444444444444444
 40
0.9444444444444444
 40
1.0
 40
1.0
 40
1.0
 40
1.0
 10
10.5849
 20
-14.4484
 30
0.0
 10
10.5849
 20
-14.743
 30
0.0
 10
10.5289
 20
-14.9786
 30
0.0
 10
10.416
 20
-15.1557
 30
0.0
 10
10.2823
 20
-15.3691
 30
0.0
 10
10.0762
 20
-15.476
 30
0.0
 10
9.7983
 20
-15.476
 30
0.0
 10
9.5912
 20
-15.476
 30
0.0
 10
9.4381
 20
-15.4231
 30
0.0
 10
9.3389
 20
-15.3169
 30
0.0
 10
9.4116
 20
-15.7276
 30
0.0
 10
9.4479
 20
-16.165
 30
0.0
 10
9.4479
 20
-16.6303
 30
0.0
 10
9.4479
 20
-16.9729
 30
0.0
 10
9.4215
 20
-17.1898
 30
0.0
 10
9.3686
 20
-17.2805
 30
0.0
 10
9.3322
 20
-17.3419
 30
0.0
 10
9.2708
 20
-17.3726
 30
0.0
 10
9.1848
 20
-17.3726
 30
0.0
 10
9.026
 20
-17.3726
 30
0.0
 10
8.9474
 20
-17.2798
 30
0.0
 10
8.9491
 20
-17.0946
 30
0.0
 10
8.9558
 20
-16.4691
 30
0.0
 10
8.9474
 20
-16.0486
 30
0.0
 10
8.9244
 20
-15.8334
 30
0.0
 10
8.8814
 20
-15.4312
 30
0.0
 10
8.7953
 20
-15.0224
 30
0.0
 10
8.6662
 20
-14.6071
 30
0.0
 10
8.6447
 20
-14.5376
 30
0.0
 10
8.6341
 20
-14.478
 30
0.0
 10
8.6341
 20
-14.4283
 30
0.0
 10
8.6341
 20
-14.2544
 30
0.0
 10
8.7255
 20
-14.1676
 30
0.0
 10
8.9093
 20
-14.1676
 30
0.0
 10
8.9936
 20
-14.1676
 30
0.0
 10
9.0599
 20
-14.2
 30
0.0
 10
9.1079
 20
-14.2646
 30
0.0
 10
9.1347
 20
-14.2992
 30
0.0
 10
9.17
 20
-14.3722
 30
0.0
 10
9.2148
 20
-14.483
 30
0.0
 10
9.3241
 20
-14.7542
 30
0.0
 10
9.5093
 20
-14.8901
 30
0.0
 10
9.7707
 20
-14.8901
 30
0.0
 10
9.994
 20
-14.8901
 30
0.0
 10
10.1059
 20
-14.7461
 30
0.0
 10
10.1059
 20
-14.4579
 30
0.0
 10
10.1059
 20
-14.2297
 30
0.0
 10
10.1835
 20
-14.1157
 30
0.0
 10
10.3394
 20
-14.1157
 30
0.0
 10
10.4202
 20
-14.1157
 30
0.0
 10
10.4833
 20
-14.1528
 30
0.0
 10
10.5278
 20
-14.2272
 30
0.0
 10
10.5659
 20
-14.2886
 30
0.0
 10
10.5849
 20
-14.3623
 30
0.0
 10
10.5849
 20
-14.4484
 30
0.0
  0
SPLINE
  5
A4
330
1F
100
AcDbEntity
  8
Layer 1
 62
   250
100
AcDbSpline
210
0.0
220
0.0
230
1.0
 70
    11
 71
     3
 72
    29
 73
    25
 74
     0
 42
0.0000000001
 43
0.0000000001
 40
0.0
 40
0.0
 40
0.0
 40
0.0
 40
0.125
 40
0.125
 40
0.125
 40
0.25
 40
0.25
 40
0.25
 40
0.375
 40
0.375
 40
0.375
 40
0.5
 40
0.5
 40
0.5
 40
0.625
 40
0.625
 40
0.625
 40
0.75
 40
0.75
 40
0.75
 40
0.875
 40
0.875
 40
0.875
 40
1.0
 40
1.0
 40
1.0
 40
1.0
 10
12.8143
 20
-15.9973
 30
0.0
 10
12.8143
 20
-16.1278
 30
0.0
 10
12.7691
 20
-16.2382
 30
0.0
 10
12.6788
 20
-16.3275
 30
0.0
 10
12.5885
 20
-16.4167
 30
0.0
 10
12.4781
 20
-16.4612
 30
0.0
 10
12.3476
 20
-16.4612
 30
0.0
 10
12.2167
 20
-16.4612
 30
0.0
 10
12.1066
 20
-16.4167
 30
0.0
 10
12.0174
 20
-16.3275
 30
0.0
 10
11.9278
 20
-16.2382
 30
0.0
 10
11.883
 20
-16.1278
 30
0.0
 10
11.883
 20
-15.9973
 30
0.0
 10
11.883
 20
-15.865
 30
0.0
 10
11.9278
 20
-15.7542
 30
0.0
 10
12.0174
 20
-15.6646
 30
0.0
 10
12.1066
 20
-15.5754
 30
0.0
 10
12.2167
 20
-15.5306
 30
0.0
 10
12.3476
 20
-15.5306
 30
0.0
 10
12.4781
 20
-15.5306
 30
0.0
 10
12.5885
 20
-15.5757
 30
0.0
 10
12.6788
 20
-15.666
 30
0.0
 10
12.7691
 20
-15.756
 30
0.0
 10
12.8143
 20
-15.8664
 30
0.0
 10
12.8143
 20
-15.9973
 30
0.0
  0
SPLINE
  5
A5
330
1F
100
AcDbEntity
  8
Layer 1
 62
   250
100
AcDbSpline
210
0.0
220
0.0
230
1.0
 70
    11
 71
     3
 72
    50
 73
    46
 74
     0
 42
0.0000000001
 43
0.0000000001
 40
0.0
 40
0.0
 40
0.0
 40
0.0
 40
0.0666666666666667
 40
0.0666666666666667
 40
0.0666666666666667
 40
0.1333333333333333
 40
0.1333333333333333
 40
0.1333333333333333
 40
0.2
 40
0.2
 40
0.2
 40
0.2666666666666667
 40
0.2666666666666667
 40
0.2666666666666667
 40
0.3333333333333333
 40
0.3333333333333333
 40
0.3333333333333333
 40
0.4
 40
0.4
 40
0.4
 40
0.4666666666666667
 40
0.4666666666666667
 40
0.4666666666666667
 40
0.5333333333333333
 40
0.5333333333333333
 40
0.5333333333333333
 40
0.6
 40
0.6
 40
0.6
 40
0.6666666666666666
 40
0.6666666666666666
 40
0.6666666666666666
 40
0.7333333333333333
 40
0.7333333333333333
 40
0.7333333333333333
 40
0.8
 40
0.8
 40
0.8
 40
0.8666666666666667
 40
0.8666666666666667
 40
0.8666666666666667
 40
0.9333333333333333
 40
0.9333333333333333
 40
0.9333333333333333
 40
1.0
 40
1.0
 40
1.0
 40
1.0
 10
14.1003
 20
-16.7122
 30
0.0
 10
14.2658
 20
-16.4691
 30
0.0
 10
14.4288
 20
-16.1213
 30
0.0
 10
14.5893
 20
-15.6697
 30
0.0
 10
14.7597
 20
-15.1899
 30
0.0
 10
14.8606
 20
-14.7849
 30
0.0
 10
14.892
 20
-14.4558
 30
0.0
 10
14.9086
 20
-14.2755
 30
0.0
 10
14.9915
 20
-14.1852
 30
0.0
 10
15.1403
 20
-14.1852
 30
0.0
 10
15.291
 20
-14.1852
 30
0.0
 10
15.3735
 20
-14.2755
 30
0.0
 10
15.3883
 20
-14.4558
 30
0.0
 10
15.4151
 20
-14.7867
 30
0.0
 10
15.5136
 20
-15.1899
 30
0.0
 10
15.684
 20
-15.6644
 30
0.0
 10
15.848
 20
-16.1195
 30
0.0
 10
16.011
 20
-16.4691
 30
0.0
 10
16.1729
 20
-16.7122
 30
0.0
 10
16.2477
 20
-16.8229
 30
0.0
 10
16.2847
 20
-16.9281
 30
0.0
 10
16.2847
 20
-17.0275
 30
0.0
 10
16.2847
 20
-17.097
 30
0.0
 10
16.265
 20
-17.1574
 30
0.0
 10
16.2251
 20
-17.2085
 30
0.0
 10
16.1853
 20
-17.26
 30
0.0
 10
16.1316
 20
-17.2858
 30
0.0
 10
16.0636
 20
-17.2858
 30
0.0
 10
15.9478
 20
-17.2858
 30
0.0
 10
15.8413
 20
-17.2121
 30
0.0
 10
15.7436
 20
-17.0646
 30
0.0
 10
15.3876
 20
-16.5284
 30
0.0
 10
15.1851
 20
-16.002
 30
0.0
 10
15.1357
 20
-15.4856
 30
0.0
 10
15.0659
 20
-16.0186
 30
0.0
 10
14.8641
 20
-16.5449
 30
0.0
 10
14.5297
 20
-17.0646
 30
0.0
 10
14.4355
 20
-17.2121
 30
0.0
 10
14.33
 20
-17.2858
 30
0.0
 10
14.2143
 20
-17.2858
 30
0.0
 10
14.0654
 20
-17.2858
 30
0.0
 10
13.991
 20
-17.1986
 30
0.0
 10
13.991
 20
-17.0251
 30
0.0
 10
13.991
 20
-16.9242
 30
0.0
 10
14.0273
 20
-16.8198
 30
0.0
 10
14.1003
 20
-16.7122
 30
0.0
  0
SPLINE
  5
A6
330
1F
100
AcDbEntity
  8
Layer 1
 62
   250
100
AcDbSpline
210
0.0
220
0.0
230
1.0
 70
    11
 71
     3
 72
    86
 73
    82
 74
     0
 42
0.0000000001
 43
0.0000000001
 40
0.0
 40
0.0
 40
0.0
 40
0.0
 40
0.037037037037037
 40
0.037037037037037
 40
0.037037037037037
 40
0.0740740740740741
 40
0.0740740740740741
 40
0.0740740740740741
 40
0.1111111111111111
 40
0.1111111111111111
 40
0.1111111111111111
 40
0.1481481481481481
 40
0.1481481481481481
 40
0.1481481481481481
 40
0.1851851851851852
 40
0.1851851851851852
 40
0.1851851851851852
 40
0.2222222222222222
 40
0.2222222222222222
 40
0.2222222222222222
 40
0.2592592592592592
 40
0.2592592592592592
 40
0.2592592592592592
 40
0.2962962962962963
 40
0.2962962962962963
 40
0.2962962962962963
 40
0.3333333333333333
 40
0.3333333333333333
 40
0.3333333333333333
 40
0.3703703703703703
 40
0.3703703703703703
 40
0.3703703703703703
 40
0.4074074074074074
 40
0.4074074074074074
 40
0.4074074074074074
 40
0.4444444444444444
 40
0.4444444444444444
 40
0.4444444444444444
 40
0.4814814814814815
 40
0.4814814814814815
 40
0.4814814814814815
 40
0.5185185185185185
 40
0.5185185185185185
 40
0.5185185185185185
 40
0.5555555555555556
 40
0.5555555555555556
 40
0.5555555555555556
 40
0.5925925925925926
 40
0.5925925925925926
 40
0.5925925925925926
 40
0.6296296296296295
 40
0.6296296296296295
 40
0.6296296296296295
 40
0.6666666666666666
 40
0.6666666666666666
 40
0.6666666666666666
 40
0.7037037037037037
 40
0.7037037037037037
 40
0.7037037037037037
 40
0.7407407407407407
 40
0.7407407407407407
 40
0.7407407407407407
 40
0.7777777777777777
 40
0.7777777777777777
 40
0.7777777777777777
 40
0.8148148148148148
 40
0.8148148148148148
 40
0.8148148148148148
 40
0.8518518518518519
 40
0.8518518518518519
 40
0.8518518518518519
 40
0.8888888888888888
 40
0.8888888888888888
 40
0.8888888888888888
 40
0.9259259259259258
 40
0.9259259259259258
 40
0.9259259259259258
 40
0.9629629629629629
 40
0.9629629629629629
 40
0.9629629629629629
 40
1.0
 40
1.0
 40
1.0
 40
1.0
 10
19.5395
 20
-14.488
 30
0.0
 10
19.5395
 20
-14.7413
 30
0.0
 10
19.494
 20
-14.948
 30
0.0
 10
19.4026
 20
-15.1085
 30
0.0
 10
19.2904
 20
-15.3089
 30
0.0
 10
18.7637
 20
-15.4088
 30
0.0
 10
18.5288
 20
-15.4088
 30
0.0
 10
18.3467
 20
-15.4088
 30
0.0
 10
18.2134
 20
-15.3393
 30
0.0
 10
18.1291
 20
-15.2006
 30
0.0
 10
18.043
 20
-15.3841
 30
0.0
 10
17.9107
 20
-15.4761
 30
0.0
 10
17.7318
 20
-15.4761
 30
0.0
 10
17.6242
 20
-15.4761
 30
0.0
 10
17.5241
 20
-15.4462
 30
0.0
 10
17.4313
 20
-15.3865
 30
0.0
 10
17.5128
 20
-15.734
 30
0.0
 10
17.5533
 20
-16.1372
 30
0.0
 10
17.5533
 20
-16.5955
 30
0.0
 10
17.5533
 20
-16.7906
 30
0.0
 10
17.5435
 20
-16.9529
 30
0.0
 10
17.5233
 20
-17.0823
 30
0.0
 10
17.4937
 20
-17.2757
 30
0.0
 10
17.415
 20
-17.3727
 30
0.0
 10
17.2877
 20
-17.3727
 30
0.0
 10
17.1487
 20
-17.3727
 30
0.0
 10
17.0774
 20
-17.2795
 30
0.0
 10
17.0743
 20
-17.094
 30
0.0
 10
17.0658
 20
-16.5105
 30
0.0
 10
17.0369
 20
-16.0639
 30
0.0
 10
16.9875
 20
-15.7541
 30
0.0
 10
16.949
 20
-15.51
 30
0.0
 10
16.8961
 20
-15.2948
 30
0.0
 10
16.828
 20
-15.1075
 30
0.0
 10
16.828
 20
-15.1075
 30
0.0
 10
16.647
 20
-14.6027
 30
0.0
 10
16.647
 20
-14.6027
 30
0.0
 10
16.6291
 20
-14.5515
 30
0.0
 10
16.6199
 20
-14.4958
 30
0.0
 10
16.6199
 20
-14.4365
 30
0.0
 10
16.6199
 20
-14.2541
 30
0.0
 10
16.7098
 20
-14.1627
 30
0.0
 10
16.8905
 20
-14.1627
 30
0.0
 10
17.0062
 20
-14.1627
 30
0.0
 10
17.1078
 20
-14.2686
 30
0.0
 10
17.1956
 20
-14.4802
 30
0.0
 10
17.2372
 20
-14.5787
 30
0.0
 10
17.2944
 20
-14.6669
 30
0.0
 10
17.3671
 20
-14.7452
 30
0.0
 10
17.4581
 20
-14.8418
 30
0.0
 10
17.5466
 20
-14.8902
 30
0.0
 10
17.6327
 20
-14.8902
 30
0.0
 10
17.808
 20
-14.8902
 30
0.0
 10
17.8959
 20
-14.7459
 30
0.0
 10
17.8959
 20
-14.458
 30
0.0
 10
17.8959
 20
-14.3804
 30
0.0
 10
17.9149
 20
-14.3134
 30
0.0
 10
17.953
 20
-14.2573
 30
0.0
 10
17.9957
 20
-14.1941
 30
0.0
 10
18.0546
 20
-14.1627
 30
0.0
 10
18.1291
 20
-14.1627
 30
0.0
 10
18.2829
 20
-14.1627
 30
0.0
 10
18.3598
 20
-14.2679
 30
0.0
 10
18.3598
 20
-14.4781
 30
0.0
 10
18.3598
 20
-14.602
 30
0.0
 10
18.3682
 20
-14.6852
 30
0.0
 10
18.3848
 20
-14.7265
 30
0.0
 10
18.4113
 20
-14.7942
 30
0.0
 10
18.4691
 20
-14.8281
 30
0.0
 10
18.5587
 20
-14.8281
 30
0.0
 10
18.6875
 20
-14.8281
 30
0.0
 10
19.1052
 20
-14.7106
 30
0.0
 10
19.1052
 20
-14.4757
 30
0.0
 10
19.1052
 20
-14.282
 30
0.0
 10
19.1736
 20
-14.1853
 30
0.0
 10
19.3112
 20
-14.1853
 30
0.0
 10
19.3853
 20
-14.1853
 30
0.0
 10
19.4435
 20
-14.2181
 30
0.0
 10
19.4848
 20
-14.2845
 30
0.0
 10
19.5211
 20
-14.3405
 30
0.0
 10
19.5395
 20
-14.4083
 30
0.0
 10
19.5395
 20
-14.488
 30
0.0
  0
SPLINE
  5
A7
330
1F
100
AcDbEntity
  8
Layer 1
 62
   250
100
AcDbSpline
210
0.0
220
0.0
230
1.0
 70
    11
 71
     3
 72
    47
 73
    43
 74
     0
 42
0.0000000001
 43
0.0000000001
 40
0.0
 40
0.0
 40
0.0
 40
0.0
 40
0.0714285714285714
 40
0.0714285714285714
 40
0.0714285714285714
 40
0.1428571428571428
 40
0.1428571428571428
 40
0.1428571428571428
 40
0.2142857142857143
 40
0.2142857142857143
 40
0.2142857142857143
 40
0.2857142857142857
 40
0.2857142857142857
 40
0.2857142857142857
 40
0.3571428571428571
 40
0.3571428571428571
 40
0.3571428571428571
 40
0.4285714285714285
 40
0.4285714285714285
 40
0.4285714285714285
 40
0.5
 40
0.5
 40
0.5
 40
0.5714285714285714
 40
0.5714285714285714
 40
0.5714285714285714
 40
0.6428571428571428
 40
0.6428571428571428
 40
0.6428571428571428
 40
0.7142857142857142
 40
0.7142857142857142
 40
0.7142857142857142
 40
0.7857142857142857
 40
0.7857142857142857
 40
0.7857142857142857
 40
0.8571428571428571
 40
0.8571428571428571
 40
0.8571428571428571
 40
0.9285714285714285
 40
0.9285714285714285
 40
0.9285714285714285
 40
1.0
 40
1.0
 40
1.0
 40
1.0
 10
-13.7246
 20
-14.1852
 30
0.0
 10
-13.7246
 20
-14.1852
 30
0.0
 10
-13.6857
 20
-14.1471
 30
0.0
 10
-13.6857
 20
-14.1471
 30
0.0
 10
-13.521
 20
-13.9848
 30
0.0
 10
-13.509
 20
-13.7227
 30
0.0
 10
-13.6582
 20
-13.5459
 30
0.0
 10
-13.6582
 20
-13.5459
 30
0.0
 10
-14.0562
 20
-13.0743
 30
0.0
 10
-14.0562
 20
-13.0743
 30
0.0
 10
-14.2163
 20
-12.8841
 30
0.0
 10
-14.5014
 20
-12.8633
 30
0.0
 10
-14.6873
 20
-13.0277
 30
0.0
 10
-14.6873
 20
-13.0277
 30
0.0
 10
-15.0295
 20
-13.3286
 30
0.0
 10
-15.0295
 20
-13.3286
 30
0.0
 10
-15.1473
 20
-13.4327
 30
0.0
 10
-15.2006
 20
-13.59
 30
0.0
 10
-15.172
 20
-13.7442
 30
0.0
 10
-15.0171
 20
-14.5746
 30
0.0
 10
-14.325
 20
-17.1471
 30
0.0
 10
-11.6957
 20
-17.1471
 30
0.0
 10
-11.6365
 20
-17.1471
 30
0.0
 10
-11.4671
 20
-17.0095
 30
0.0
 10
-11.307
 20
-16.8674
 30
0.0
 10
-11.1196
 20
-16.7001
 30
0.0
 10
-11.1069
 20
-16.4119
 30
0.0
 10
-11.2798
 20
-16.2302
 30
0.0
 10
-11.2798
 20
-16.2302
 30
0.0
 10
-11.7755
 20
-15.7095
 30
0.0
 10
-11.7755
 20
-15.7095
 30
0.0
 10
-11.9469
 20
-15.5296
 30
0.0
 10
-12.2334
 20
-15.5257
 30
0.0
 10
-12.409
 20
-15.7018
 30
0.0
 10
-12.566
 20
-15.8588
 30
0.0
 10
-12.8137
 20
-15.8768
 30
0.0
 10
-12.9901
 20
-15.7423
 30
0.0
 10
-13.2028
 20
-15.5804
 30
0.0
 10
-13.4914
 20
-15.2791
 30
0.0
 10
-13.8004
 20
-14.7189
 30
0.0
 10
-13.8964
 20
-14.5447
 30
0.0
 10
-13.8664
 20
-14.3249
 30
0.0
 10
-13.7246
 20
-14.1852
 30
0.0
  0
ENDSEC
  0
SECTION
  2
OBJECTS
  0
DICTIONARY
  5
C
330
0
100
AcDbDictionary
281
     1
  3
ACAD_DETAILVIEWSTYLE
350
AF
  3
ACAD_GROUP
350
D
  3
ACAD_LAYOUT
350
1A
  3
ACAD_MATERIAL
350
43
  3
ACAD_MLEADERSTYLE
350
5B
  3
ACAD_MLINESTYLE
350
17
  3
ACAD_PLOTSETTINGS
350
19
  3
ACAD_PLOTSTYLENAME
350
E
  3
ACAD_SCALELIST
350
47
  3
ACAD_SECTIONVIEWSTYLE
350
B0
  3
ACAD_TABLESTYLE
350
59
  3
ACAD_VISUALSTYLE
350
2A
  3
ACDB_RECOMPOSE_DATA
350
AC
  3
AcDbVariableDictionary
350
A8
  0
SUN
  5
5D
330
29
100
AcDbSun
 90
        1
290
     0
 63
     7
421
 16777215
 40
1.0
291
     1
 91
  2455826
 92
 54000000
292
     0
 70
     2
 71
   256
280
     1
  0
DICTIONARY
  5
AF
102
{ACAD_REACTORS
330
C
102
}
330
C
100
AcDbDictionary
281
     1
  0
DICTIONARY
  5
D
102
{ACAD_REACTORS
330
C
102
}
330
C
100
AcDbDictionary
281
     1
  0
DICTIONARY
  5
1A
102
{ACAD_REACTORS
330
C
102
}
330
C
100
AcDbDictionary
281
     1
  3
Layout1
350
1E
  3
Layout2
350
26
  3
Model
350
22
  0
DICTIONARY
  5
43
102
{ACAD_REACTORS
330
C
102
}
330
C
100
AcDbDictionary
281
     1
  3
ByBlock
350
45
  3
ByLayer
350
44
  3
Global
350
46
  0
DICTIONARY
  5
5B
102
{ACAD_REACTORS
330
C
102
}
330
C
100
AcDbDictionary
281
     1
  3
Standard
350
5C
  0
DICTIONARY
  5
17
102
{ACAD_REACTORS
330
C
102
}
330
C
100
AcDbDictionary
281
     1
  3
Standard
350
18
  0
DICTIONARY
  5
19
102
{ACAD_REACTORS
330
C
102
}
330
C
100
AcDbDictionary
281
     1
  0
ACDBDICTIONARYWDFLT
  5
E
102
{ACAD_REACTORS
330
C
102
}
330
C
100
AcDbDictionary
281
     1
  3
Normal
350
F
100
AcDbDictionaryWithDefault
340
F
  0
DICTIONARY
  5
47
102
{ACAD_REACTORS
330
C
102
}
330
C
100
AcDbDictionary
281
     1
  3
A0
350
48
  3
A1
350
49
  3
A2
350
4A
  3
A3
350
4B
  3
A4
350
4C
  3
A5
350
4D
  3
A6
350
4E
  3
A7
350
4F
  3
A8
350
50
  3
A9
350
51
  3
B1
350
52
  3
B2
350
53
  3
B3
350
54
  3
B4
350
55
  3
B5
350
56
  3
B6
350
57
  3
B7
350
58
  0
DICTIONARY
  5
B0
102
{ACAD_REACTORS
330
C
102
}
330
C
100
AcDbDictionary
281
     1
  0
DICTIONARY
  5
59
102
{ACAD_REACTORS
330
C
102
}
330
C
100
AcDbDictionary
281
     1
  3
Standard
350
5A
  0
DICTIONARY
  5
2A
102
{ACAD_REACTORS
330
C
102
}
330
C
100
AcDbDictionary
281
     1
  3
2dWireframe
350
2F
  3
Basic
350
32
  3
Brighten
350
36
  3
ColorChange
350
3A
  3
Conceptual
350
34
  3
Dim
350
35
  3
EdgeColorOff
350
3D
  3
Facepattern
350
39
  3
Flat
350
2B
  3
FlatWithEdges
350
2C
  3
Gouraud
350
2D
  3
GouraudWithEdges
350
2E
  3
Hidden
350
31
  3
JitterOff
350
3B
  3
Linepattern
350
38
  3
OverhangOff
350
3C
  3
Realistic
350
33
  3
Shaded
350
42
  3
Shaded with edges
350
41
  3
Shades of Gray
350
3E
  3
Sketchy
350
3F
  3
Thicken
350
37
  3
Wireframe
350
30
  3
X-Ray
350
40
  0
XRECORD
  5
AC
102
{ACAD_REACTORS
330
C
102
}
330
C
100
AcDbXrecord
280
     1
 90
        1
330
5A
  0
DICTIONARY
  5
A8
102
{ACAD_REACTORS
330
C
102
}
330
C
100
AcDbDictionary
281
     1
  3
CANNOSCALE
350
A9
  3
CMLEADERSTYLE
350
AE
  3
CTABLESTYLE
350
AD
  0
LAYOUT
  5
1E
102
{ACAD_REACTORS
330
1A
102
}
330
1A
100
AcDbPlotSettings
  1

  2
none_device
  4

  6

 40
0.0
 41
0.0
 42
0.0
 43
0.0
 44
0.0
 45
0.0
 46
0.0
 47
0.0
 48
0.0
 49
0.0
140
0.0
141
0.0
142
1.0
143
1.0
 70
   688
 72
     0
 73
     0
 74
     5
  7

 75
    16
 76
     0
 77
     2
 78
   300
147
1.0
148
0.0
149
0.0
100
AcDbLayout
  1
Layout1
 70
     1
 71
     1
 10
0.0
 20
0.0
 11
12.0
 21
9.0
 12
0.0
 22
0.0
 32
0.0
 14
1.000000000000000E+20
 24
1.000000000000000E+20
 34
1.000000000000000E+20
 15
-1.000000000000000E+20
 25
-1.000000000000000E+20
 35
-1.000000000000000E+20
146
0.0
 13
0.0
 23
0.0
 33
0.0
 16
1.0
 26
0.0
 36
0.0
 17
0.0
 27
1.0
 37
0.0
 76
     0
330
1B
  0
LAYOUT
  5
26
102
{ACAD_REACTORS
330
1A
102
}
330
1A
100
AcDbPlotSettings
  1

  2
none_device
  4

  6

 40
0.0
 41
0.0
 42
0.0
 43
0.0
 44
0.0
 45
0.0
 46
0.0
 47
0.0
 48
0.0
 49
0.0
140
0.0
141
0.0
142
1.0
143
1.0
 70
   688
 72
     0
 73
     0
 74
     5
  7

 75
    16
 76
     0
 77
     2
 78
   300
147
1.0
148
0.0
149
0.0
100
AcDbLayout
  1
Layout2
 70
     1
 71
     2
 10
0.0
 20
0.0
 11
0.0
 21
0.0
 12
0.0
 22
0.0
 32
0.0
 14
0.0
 24
0.0
 34
0.0
 15
0.0
 25
0.0
 35
0.0
146
0.0
 13
0.0
 23
0.0
 33
0.0
 16
1.0
 26
0.0
 36
0.0
 17
0.0
 27
1.0
 37
0.0
 76
     0
330
23
  0
LAYOUT
  5
22
102
{ACAD_REACTORS
330
1A
102
}
330
1A
100
AcDbPlotSettings
  1

  2
none_device
  4
Letter_(8.50_x_11.00_Inches)
  6

 40
6.35
 41
6.35
 42
6.35000508
 43
6.35000508
 44
215.9
 45
279.4
 46
0.0
 47
0.0
 48
0.0
 49
0.0
140
0.0
141
0.0
142
1.0
143
1.0
 70
  1712
 72
     0
 73
     0
 74
     0
  7

 75
     0
 76
     0
 77
     2
 78
   300
147
1.0
148
0.0
149
0.0
100
AcDbLayout
  1
Model
 70
     1
 71
     0
 10
0.0
 20
0.0
 11
12.0
 21
9.0
 12
0.0
 22
0.0
 32
0.0
 14
-16.0273
 24
-17.375
 34
0.0
 15
19.5395
 25
19.3906
 35
0.0
146
0.0
 13
0.0
 23
0.0
 33
0.0
 16
1.0
 26
0.0
 36
0.0
 17
0.0
 27
1.0
 37
0.0
 76
     0
330
1F
331
29
  0
MATERIAL
  5
45
102
{ACAD_REACTORS
330
43
102
}
330
43
100
AcDbMaterial
  1
ByBlock
 72
     1
 94
      127
  0
MATERIAL
  5
44
102
{ACAD_REACTORS
330
43
102
}
330
43
100
AcDbMaterial
  1
ByLayer
 72
     1
 94
      127
  0
MATERIAL
  5
46
102
{ACAD_REACTORS
330
43
102
}
330
43
100
AcDbMaterial
  1
Global
 72
     1
 94
      127
  0
MLEADERSTYLE
  5
5C
102
{ACAD_REACTORS
330
5B
102
}
330
5B
100
AcDbMLeaderStyle
179
     2
170
     2
171
     1
172
     0
 90
        2
 40
0.0
 41
0.0
173
     1
 91
-1056964608
340
14
 92
       -2
290
     1
 42
0.09
291
     1
 43
0.36
  3
Standard
341
0
 44
0.18
300

342
11
174
     1
178
     6
175
     1
176
     0
 93
-1056964608
 45
0.18
292
     0
297
     0
 46
0.18
343
0
 94
-1056964608
 47
1.0
 49
1.0
140
1.0
293
     1
141
0.0
294
     1
177
     0
142
1.0
295
     0
296
     0
143
0.125
271
     0
272
     9
273
     9
298
     0
  0
MLINESTYLE
  5
18
102
{ACAD_REACTORS
330
17
102
}
330
17
100
AcDbMlineStyle
  2
Standard
 70
     0
  3

 62
   256
 51
90.0
 52
90.0
 71
     2
 49
0.5
 62
   256
  6
BYLAYER
 49
-0.5
 62
   256
  6
BYLAYER
  0
ACDBPLACEHOLDER
  5
F
102
{ACAD_REACTORS
330
E
102
}
330
E
  0
SCALE
  5
48
102
{ACAD_REACTORS
330
47
102
}
330
47
100
AcDbScale
 70
     0
300
1:1
140
1.0
141
1.0
290
     1
  0
SCALE
  5
49
102
{ACAD_REACTORS
330
47
102
}
330
47
100
AcDbScale
 70
     0
300
1/128" = 1'-0"
140
0.0078125
141
12.0
290
     0
  0
SCALE
  5
4A
102
{ACAD_REACTORS
330
47
102
}
330
47
100
AcDbScale
 70
     0
300
1/64" = 1'-0"
140
0.015625
141
12.0
290
     0
  0
SCALE
  5
4B
102
{ACAD_REACTORS
330
47
102
}
330
47
100
AcDbScale
 70
     0
300
1/32" = 1'-0"
140
0.03125
141
12.0
290
     0
  0
SCALE
  5
4C
102
{ACAD_REACTORS
330
47
102
}
330
47
100
AcDbScale
 70
     0
300
1/16" = 1'-0"
140
0.0625
141
12.0
290
     0
  0
SCALE
  5
4D
102
{ACAD_REACTORS
330
47
102
}
330
47
100
AcDbScale
 70
     0
300
3/32" = 1'-0"
140
0.09375
141
12.0
290
     0
  0
SCALE
  5
4E
102
{ACAD_REACTORS
330
47
102
}
330
47
100
AcDbScale
 70
     0
300
1/8" = 1'-0"
140
0.125
141
12.0
290
     0
  0
SCALE
  5
4F
102
{ACAD_REACTORS
330
47
102
}
330
47
100
AcDbScale
 70
     0
300
3/16" = 1'-0"
140
0.1875
141
12.0
290
     0
  0
SCALE
  5
50
102
{ACAD_REACTORS
330
47
102
}
330
47
100
AcDbScale
 70
     0
300
1/4" = 1'-0"
140
0.25
141
12.0
290
     0
  0
SCALE
  5
51
102
{ACAD_REACTORS
330
47
102
}
330
47
100
AcDbScale
 70
     0
300
3/8" = 1'-0"
140
0.375
141
12.0
290
     0
  0
SCALE
  5
52
102
{ACAD_REACTORS
330
47
102
}
330
47
100
AcDbScale
 70
     0
300
1/2" = 1'-0"
140
0.5
141
12.0
290
     0
  0
SCALE
  5
53
102
{ACAD_REACTORS
330
47
102
}
330
47
100
AcDbScale
 70
     0
300
3/4" = 1'-0"
140
0.75
141
12.0
290
     0
  0
SCALE
  5
54
102
{ACAD_REACTORS
330
47
102
}
330
47
100
AcDbScale
 70
     0
300
1" = 1'-0"
140
1.0
141
12.0
290
     0
  0
SCALE
  5
55
102
{ACAD_REACTORS
330
47
102
}
330
47
100
AcDbScale
 70
     0
300
1-1/2" = 1'-0"
140
1.5
141
12.0
290
     0
  0
SCALE
  5
56
102
{ACAD_REACTORS
330
47
102
}
330
47
100
AcDbScale
 70
     0
300
3" = 1'-0"
140
3.0
141
12.0
290
     0
  0
SCALE
  5
57
102
{ACAD_REACTORS
330
47
102
}
330
47
100
AcDbScale
 70
     0
300
6" = 1'-0"
140
6.0
141
12.0
290
     0
  0
SCALE
  5
58
102
{ACAD_REACTORS
330
47
102
}
330
47
100
AcDbScale
 70
     0
300
1'-0" = 1'-0"
140
12.0
141
12.0
290
     0
  0
TABLESTYLE
  5
5A
102
{ACAD_REACTORS
330
59
102
}
102
{ACAD_XDICTIONARY
360
AA
102
}
330
59
100
AcDbTableStyle
  3
Standard
 70
     0
 71
     0
 40
0.06
 41
0.06
280
     0
281
     0
  7
Standard
140
0.18
170
     2
 62
     0
 63
   257
283
     0
 90
        4
 91
        0
  1

274
    -2
284
     1
 64
     0
275
    -2
285
     1
 65
     0
276
    -2
286
     1
 66
     0
277
    -2
287
     1
 67
     0
278
    -2
288
     1
 68
     0
279
    -2
289
     1
 69
     0
  7
Standard
140
0.25
170
     5
 62
     0
 63
   257
283
     0
 90
        4
 91
        0
  1

274
    -2
284
     1
 64
     0
275
    -2
285
     1
 65
     0
276
    -2
286
     1
 66
     0
277
    -2
287
     1
 67
     0
278
    -2
288
     1
 68
     0
279
    -2
289
     1
 69
     0
  7
Standard
140
0.18
170
     5
 62
     0
 63
   257
283
     0
 90
        4
 91
        0
  1

274
    -2
284
     1
 64
     0
275
    -2
285
     1
 65
     0
276
    -2
286
     1
 66
     0
277
    -2
287
     1
 67
     0
278
    -2
288
     1
 68
     0
279
    -2
289
     1
 69
     0
  0
VISUALSTYLE
  5
2F
102
{ACAD_REACTORS
330
2A
102
}
330
2A
100
AcDbVisualStyle
  2
2dWireframe
 70
     4
177
     3
291
     0
 70
    58
 90
        0
176
     1
 90
        2
176
     1
 90
        0
176
     1
 90
        0
176
     1
 40
0.6
176
     1
 40
30.0
176
     1
 62
     7
420
 16777215
176
     1
 90
        1
176
     1
 90
        4
176
     1
 62
     7
176
     1
 62
   257
176
     1
 90
        1
176
     1
 90
        1
176
     1
 40
1.0
176
     1
 90
        0
176
     1
 62
   257
176
     1
 40
1.0
176
     1
 90
        1
176
     1
 90
        6
176
     1
 90
        2
176
     1
 62
     7
176
     1
 90
        5
176
     1
 90
        0
176
     1
 90
        0
176
     1
290
     0
176
     1
 90
        1
176
     1
 40
0.0
176
     1
 90
        0
176
     1
290
     1
176
     1
290
     1
176
     1
290
     0
176
     1
290
     0
176
     1
290
     0
176
     1
290
     0
176
     1
290
     0
176
     1
290
     0
176
     1
290
     0
176
     1
 90
       50
176
     1
 40
0.0
176
     1
 40
1.0
176
     1
 90
        0
176
     1
 62
    18
420
        0
176
     1
 90
       50
176
     1
 90
        3
176
     1
 62
     5
420
      255
176
     1
290
     0
176
     1
 90
       50
176
     1
 90
       50
176
     1
 90
       50
176
     1
290
     0
176
     1
 90
       50
176
     1
 62
   256
176
     0
 40
1.0
176
     0
 90
        2
176
     1
  1
strokes_ogs.tif
176
     1
290
     0
176
     1
 40
1.0
176
     1
 40
1.0
176
     1
  0
VISUALSTYLE
  5
32
102
{ACAD_REACTORS
330
2A
102
}
330
2A
100
AcDbVisualStyle
  2
Basic
 70
     7
177
     3
291
     1
 70
    58
 90
        1
176
     1
 90
        0
176
     1
 90
        1
176
     1
 90
        0
176
     1
 40
0.6
176
     1
 40
30.0
176
     1
 62
     7
420
 16777215
176
     1
 90
        0
176
     1
 90
        4
176
     1
 62
     7
176
     1
 62
   257
176
     1
 90
        1
176
     1
 90
        1
176
     1
 40
1.0
176
     1
 90
        8
176
     1
 62
     7
176
     1
 40
1.0
176
     1
 90
        1
176
     1
 90
        6
176
     1
 90
        2
176
     1
 62
     7
176
     1
 90
        5
176
     1
 90
        0
176
     1
 90
        0
176
     1
290
     0
176
     1
 90
        1
176
     1
 40
0.0
176
     1
 90
        0
176
     1
290
     0
176
     1
290
     1
176
     1
290
     1
176
     1
290
     0
176
     1
290
     0
176
     1
290
     0
176
     1
290
     0
176
     1
290
     0
176
     1
290
     0
176
     1
 90
       50
176
     1
 40
0.0
176
     1
 40
1.0
176
     1
 90
        0
176
     1
 62
    18
420
        0
176
     1
 90
       50
176
     1
 90
        3
176
     1
 62
     5
420
      255
176
     1
290
     0
176
     1
 90
       50
176
     1
 90
       50
176
     1
 90
       50
176
     1
290
     0
176
     1
 90
       50
176
     1
 62
   256
176
     0
 40
1.0
176
     0
 90
        2
176
     1
  1
strokes_ogs.tif
176
     1
290
     0
176
     1
 40
1.0
176
     1
 40
1.0
176
     1
  0
VISUALSTYLE
  5
36
102
{ACAD_REACTORS
330
2A
102
}
330
2A
100
AcDbVisualStyle
  2
Brighten
 70
    12
177
     3
291
     1
 70
    58
 90
        2
176
     1
 90
        2
176
     1
 90
        0
176
     1
 90
        0
176
     1
 40
0.6
176
     1
 40
30.0
176
     1
 62
     7
420
 16777215
176
     1
 90
        1
176
     1
 90
        4
176
     1
 62
     7
176
     1
 62
   257
176
     1
 90
        1
176
     1
 90
        1
176
     1
 40
1.0
176
     1
 90
        8
176
     1
 62
     7
176
     1
 40
1.0
176
     1
 90
        1
176
     1
 90
        6
176
     1
 90
        2
176
     1
 62
     7
176
     1
 90
        5
176
     1
 90
        0
176
     1
 90
        0
176
     1
290
     0
176
     1
 90
        1
176
     1
 40
50.0
176
     1
 90
        0
176
     1
290
     0
176
     1
290
     1
176
     1
290
     1
176
     1
290
     0
176
     1
290
     0
176
     1
290
     0
176
     1
290
     0
176
     1
290
     0
176
     1
290
     0
176
     1
 90
       50
176
     1
 40
0.0
176
     1
 40
1.0
176
     1
 90
        0
176
     1
 62
    18
420
        0
176
     1
 90
       50
176
     1
 90
        3
176
     1
 62
     5
420
      255
176
     1
290
     0
176
     1
 90
       50
176
     1
 90
       50
176
     1
 90
       50
176
     1
290
     0
176
     1
 90
       50
176
     1
 62
   256
176
     0
 40
1.0
176
     0
 90
        2
176
     1
  1
strokes_ogs.tif
176
     1
290
     0
176
     1
 40
1.0
176
     1
 40
1.0
176
     1
  0
VISUALSTYLE
  5
3A
102
{ACAD_REACTORS
330
2A
102
}
330
2A
100
AcDbVisualStyle
  2
ColorChange
 70
    16
177
     3
291
     1
 70
    58
 90
        2
176
     1
 90
        2
176
     1
 90
        3
176
     1
 90
        0
176
     1
 40
0.6
176
     1
 40
30.0
176
     1
 62
     8
420
  8421504
176
     1
 90
        1
176
     1
 90
        4
176
     1
 62
     7
176
     1
 62
   257
176
     1
 90
        1
176
     1
 90
        1
176
     1
 40
1.0
176
     1
 90
        8
176
     1
 62
     8
420
  8421504
176
     1
 40
1.0
176
     1
 90
        1
176
     1
 90
        6
176
     1
 90
        2
176
     1
 62
     7
176
     1
 90
        5
176
     1
 90
        0
176
     1
 90
        0
176
     1
290
     0
176
     1
 90
        1
176
     1
 40
0.0
176
     1
 90
        0
176
     1
290
     0
176
     1
290
     1
176
     1
290
     1
176
     1
290
     0
176
     1
290
     0
176
     1
290
     0
176
     1
290
     0
176
     1
290
     0
176
     1
290
     0
176
     1
 90
       50
176
     1
 40
0.0
176
     1
 40
1.0
176
     1
 90
        0
176
     1
 62
    18
420
        0
176
     1
 90
       50
176
     1
 90
        3
176
     1
 62
     5
420
      255
176
     1
290
     0
176
     1
 90
       50
176
     1
 90
       50
176
     1
 90
       50
176
     1
290
     0
176
     1
 90
       50
176
     1
 62
   256
176
     0
 40
1.0
176
     0
 90
        2
176
     1
  1
strokes_ogs.tif
176
     1
290
     0
176
     1
 40
1.0
176
     1
 40
1.0
176
     1
  0
VISUALSTYLE
  5
34
102
{ACAD_REACTORS
330
2A
102
}
330
2A
100
AcDbVisualStyle
  2
Conceptual
 70
     9
177
     3
291
     0
 70
    58
 90
        3
176
     1
 90
        2
176
     1
 90
        0
176
     1
 90
        0
176
     1
 40
0.6
176
     1
 40
30.0
176
     1
 62
     7
420
 16777215
176
     1
 90
        2
176
     1
 90
        2
176
     1
 62
     7
176
     1
 62
   257
176
     1
 90
        1
176
     1
 90
        1
176
     1
 40
179.0
176
     1
 90
        8
176
     1
 62
     7
176
     1
 40
1.0
176
     1
 90
        1
176
     1
 90
        6
176
     1
 90
        2
176
     1
 62
     7
176
     1
 90
        3
176
     1
 90
        0
176
     1
 90
        0
176
     1
290
     0
176
     1
 90
        1
176
     1
 40
0.0
176
     1
 90
        0
176
     1
290
     0
176
     1
290
     1
176
     1
290
     1
176
     1
290
     0
176
     1
290
     0
176
     1
290
     0
176
     1
290
     0
176
     1
290
     0
176
     1
290
     0
176
     1
 90
       50
176
     1
 40
0.0
176
     1
 40
1.0
176
     1
 90
        0
176
     1
 62
    18
420
        0
176
     1
 90
       50
176
     1
 90
        3
176
     1
 62
     5
420
      255
176
     1
290
     0
176
     1
 90
       50
176
     1
 90
       50
176
     1
 90
       50
176
     1
290
     0
176
     1
 90
       50
176
     1
 62
   256
176
     0
 40
1.0
176
     0
 90
        2
176
     1
  1
strokes_ogs.tif
176
     1
290
     0
176
     1
 40
1.0
176
     1
 40
1.0
176
     1
  0
VISUALSTYLE
  5
35
102
{ACAD_REACTORS
330
2A
102
}
330
2A
100
AcDbVisualStyle
  2
Dim
 70
    11
177
     3
291
     1
 70
    58
 90
        2
176
     1
 90
        2
176
     1
 90
        0
176
     1
 90
        0
176
     1
 40
0.6
176
     1
 40
30.0
176
     1
 62
     7
420
 16777215
176
     1
 90
        1
176
     1
 90
        4
176
     1
 62
     7
176
     1
 62
   257
176
     1
 90
        1
176
     1
 90
        1
176
     1
 40
1.0
176
     1
 90
        8
176
     1
 62
     7
176
     1
 40
1.0
176
     1
 90
        1
176
     1
 90
        6
176
     1
 90
        2
176
     1
 62
     7
176
     1
 90
        5
176
     1
 90
        0
176
     1
 90
        0
176
     1
290
     0
176
     1
 90
        1
176
     1
 40
-50.0
176
     1
 90
        0
176
     1
290
     0
176
     1
290
     1
176
     1
290
     1
176
     1
290
     0
176
     1
290
     0
176
     1
290
     0
176
     1
290
     0
176
     1
290
     0
176
     1
290
     0
176
     1
 90
       50
176
     1
 40
0.0
176
     1
 40
1.0
176
     1
 90
        0
176
     1
 62
    18
420
        0
176
     1
 90
       50
176
     1
 90
        3
176
     1
 62
     5
420
      255
176
     1
290
     0
176
     1
 90
       50
176
     1
 90
       50
176
     1
 90
       50
176
     1
290
     0
176
     1
 90
       50
176
     1
 62
   256
176
     0
 40
1.0
176
     0
 90
        2
176
     1
  1
strokes_ogs.tif
176
     1
290
     0
176
     1
 40
1.0
176
     1
 40
1.0
176
     1
  0
VISUALSTYLE
  5
3D
102
{ACAD_REACTORS
330
2A
102
}
330
2A
100
AcDbVisualStyle
  2
EdgeColorOff
 70
    22
177
     3
291
     1
 70
    58
 90
        2
176
     0
 90
        2
176
     0
 90
        0
176
     0
 90
        0
176
     0
 40
0.6
176
     0
 40
30.0
176
     0
 62
     7
420
 16777215
176
     0
 90
        1
176
     0
 90
        4
176
     0
 62
     7
176
     0
 62
   257
176
     0
 90
        1
176
     0
 90
        1
176
     0
 40
1.0
176
     0
 90
        8
176
     2
 62
     7
176
     0
 40
1.0
176
     0
 90
        1
176
     0
 90
        6
176
     0
 90
        2
176
     0
 62
     7
176
     0
 90
        5
176
     0
 90
        0
176
     0
 90
        0
176
     0
290
     0
176
     0
 90
        1
176
     0
 40
0.0
176
     0
 90
        0
176
     0
290
     0
176
     0
290
     1
176
     0
290
     1
176
     0
290
     0
176
     0
290
     0
176
     0
290
     0
176
     0
290
     0
176
     0
290
     0
176
     0
290
     0
176
     0
 90
       50
176
     0
 40
0.0
176
     0
 40
1.0
176
     0
 90
        0
176
     0
 62
    18
420
        0
176
     0
 90
       50
176
     0
 90
        3
176
     0
 62
     5
420
      255
176
     0
290
     0
176
     0
 90
       50
176
     0
 90
       50
176
     0
 90
       50
176
     0
290
     0
176
     0
 90
       50
176
     0
 62
   256
176
     0
 40
1.0
176
     0
 90
        2
176
     0
  1
strokes_ogs.tif
176
     0
290
     0
176
     0
 40
1.0
176
     0
 40
1.0
176
     0
  0
VISUALSTYLE
  5
39
102
{ACAD_REACTORS
330
2A
102
}
330
2A
100
AcDbVisualStyle
  2
Facepattern
 70
    15
177
     3
291
     1
 70
    58
 90
        2
176
     1
 90
        2
176
     1
 90
        0
176
     1
 90
        0
176
     1
 40
0.6
176
     1
 40
30.0
176
     1
 62
     7
420
 16777215
176
     1
 90
        1
176
     1
 90
        4
176
     1
 62
     7
176
     1
 62
   257
176
     1
 90
        1
176
     1
 90
        1
176
     1
 40
1.0
176
     1
 90
        8
176
     1
 62
     7
176
     1
 40
1.0
176
     1
 90
        1
176
     1
 90
        6
176
     1
 90
        2
176
     1
 62
     7
176
     1
 90
        5
176
     1
 90
        0
176
     1
 90
        0
176
     1
290
     0
176
     1
 90
        1
176
     1
 40
0.0
176
     1
 90
        0
176
     1
290
     0
176
     1
290
     1
176
     1
290
     1
176
     1
290
     0
176
     1
290
     0
176
     1
290
     0
176
     1
290
     0
176
     1
290
     0
176
     1
290
     0
176
     1
 90
       50
176
     1
 40
0.0
176
     1
 40
1.0
176
     1
 90
        0
176
     1
 62
    18
420
        0
176
     1
 90
       50
176
     1
 90
        3
176
     1
 62
     5
420
      255
176
     1
290
     0
176
     1
 90
       50
176
     1
 90
       50
176
     1
 90
       50
176
     1
290
     0
176
     1
 90
       50
176
     1
 62
   256
176
     0
 40
1.0
176
     0
 90
        2
176
     1
  1
strokes_ogs.tif
176
     1
290
     0
176
     1
 40
1.0
176
     1
 40
1.0
176
     1
  0
VISUALSTYLE
  5
2B
102
{ACAD_REACTORS
330
2A
102
}
330
2A
100
AcDbVisualStyle
  2
Flat
 70
     0
177
     3
291
     1
 70
    58
 90
        2
176
     1
 90
        1
176
     1
 90
        1
176
     1
 90
        2
176
     1
 40
0.6
176
     1
 40
30.0
176
     1
 62
     7
420
 16777215
176
     1
 90
        0
176
     1
 90
        0
176
     1
 62
     7
176
     1
 62
   257
176
     1
 90
        1
176
     1
 90
        1
176
     1
 40
1.0
176
     1
 90
        8
176
     1
 62
     7
176
     1
 40
1.0
176
     1
 90
        1
176
     1
 90
        6
176
     1
 90
        2
176
     1
 62
     7
176
     1
 90
        5
176
     1
 90
        0
176
     1
 90
        0
176
     1
290
     0
176
     1
 90
       13
176
     1
 40
0.0
176
     1
 90
        0
176
     1
290
     0
176
     1
290
     1
176
     1
290
     1
176
     1
290
     0
176
     1
290
     0
176
     1
290
     0
176
     1
290
     0
176
     1
290
     0
176
     1
290
     0
176
     1
 90
       50
176
     1
 40
0.0
176
     1
 40
1.0
176
     1
 90
        0
176
     1
 62
    18
420
        0
176
     1
 90
       50
176
     1
 90
        3
176
     1
 62
     5
420
      255
176
     1
290
     0
176
     1
 90
       50
176
     1
 90
       50
176
     1
 90
       50
176
     1
290
     0
176
     1
 90
       50
176
     1
 62
   256
176
     0
 40
1.0
176
     0
 90
        2
176
     1
  1
strokes_ogs.tif
176
     1
290
     0
176
     1
 40
1.0
176
     1
 40
1.0
176
     1
  0
VISUALSTYLE
  5
2C
102
{ACAD_REACTORS
330
2A
102
}
330
2A
100
AcDbVisualStyle
  2
FlatWithEdges
 70
     1
177
     3
291
     1
 70
    58
 90
        2
176
     1
 90
        1
176
     1
 90
        1
176
     1
 90
        2
176
     1
 40
0.6
176
     1
 40
30.0
176
     1
 62
     7
420
 16777215
176
     1
 90
        1
176
     1
 90
        0
176
     1
 62
     7
176
     1
 62
   257
176
     1
 90
        1
176
     1
 90
        1
176
     1
 40
1.0
176
     1
 90
        0
176
     1
 62
   257
176
     1
 40
1.0
176
     1
 90
        1
176
     1
 90
        6
176
     1
 90
        2
176
     1
 62
     7
176
     1
 90
        5
176
     1
 90
        0
176
     1
 90
        0
176
     1
290
     0
176
     1
 90
       13
176
     1
 40
0.0
176
     1
 90
        0
176
     1
290
     0
176
     1
290
     1
176
     1
290
     1
176
     1
290
     0
176
     1
290
     0
176
     1
290
     0
176
     1
290
     0
176
     1
290
     0
176
     1
290
     0
176
     1
 90
       50
176
     1
 40
0.0
176
     1
 40
1.0
176
     1
 90
        0
176
     1
 62
    18
420
        0
176
     1
 90
       50
176
     1
 90
        3
176
     1
 62
     5
420
      255
176
     1
290
     0
176
     1
 90
       50
176
     1
 90
       50
176
     1
 90
       50
176
     1
290
     0
176
     1
 90
       50
176
     1
 62
   256
176
     0
 40
1.0
176
     0
 90
        2
176
     1
  1
strokes_ogs.tif
176
     1
290
     0
176
     1
 40
1.0
176
     1
 40
1.0
176
     1
  0
VISUALSTYLE
  5
2D
102
{ACAD_REACTORS
330
2A
102
}
330
2A
100
AcDbVisualStyle
  2
Gouraud
 70
     2
177
     3
291
     1
 70
    58
 90
        2
176
     1
 90
        2
176
     1
 90
        1
176
     1
 90
        2
176
     1
 40
0.6
176
     1
 40
30.0
176
     1
 62
     7
420
 16777215
176
     1
 90
        0
176
     1
 90
        0
176
     1
 62
     7
176
     1
 62
   257
176
     1
 90
        1
176
     1
 90
        1
176
     1
 40
1.0
176
     1
 90
        0
176
     1
 62
     7
176
     1
 40
1.0
176
     1
 90
        1
176
     1
 90
        6
176
     1
 90
        2
176
     1
 62
     7
176
     1
 90
        5
176
     1
 90
        0
176
     1
 90
        0
176
     1
290
     0
176
     1
 90
       13
176
     1
 40
0.0
176
     1
 90
        0
176
     1
290
     0
176
     1
290
     1
176
     1
290
     1
176
     1
290
     0
176
     1
290
     0
176
     1
290
     0
176
     1
290
     0
176
     1
290
     0
176
     1
290
     0
176
     1
 90
       50
176
     1
 40
0.0
176
     1
 40
1.0
176
     1
 90
        0
176
     1
 62
    18
420
        0
176
     1
 90
       50
176
     1
 90
        3
176
     1
 62
     5
420
      255
176
     1
290
     0
176
     1
 90
       50
176
     1
 90
       50
176
     1
 90
       50
176
     1
290
     0
176
     1
 90
       50
176
     1
 62
   256
176
     0
 40
1.0
176
     0
 90
        2
176
     1
  1
strokes_ogs.tif
176
     1
290
     0
176
     1
 40
1.0
176
     1
 40
1.0
176
     1
  0
VISUALSTYLE
  5
2E
102
{ACAD_REACTORS
330
2A
102
}
330
2A
100
AcDbVisualStyle
  2
GouraudWithEdges
 70
     3
177
     3
291
     1
 70
    58
 90
        2
176
     1
 90
        2
176
     1
 90
        1
176
     1
 90
        2
176
     1
 40
0.6
176
     1
 40
30.0
176
     1
 62
     7
420
 16777215
176
     1
 90
        1
176
     1
 90
        0
176
     1
 62
     7
176
     1
 62
   257
176
     1
 90
        1
176
     1
 90
        1
176
     1
 40
1.0
176
     1
 90
        0
176
     1
 62
   257
176
     1
 40
1.0
176
     1
 90
        1
176
     1
 90
        6
176
     1
 90
        2
176
     1
 62
     7
176
     1
 90
        5
176
     1
 90
        0
176
     1
 90
        0
176
     1
290
     0
176
     1
 90
       13
176
     1
 40
0.0
176
     1
 90
        0
176
     1
290
     0
176
     1
290
     1
176
     1
290
     1
176
     1
290
     0
176
     1
290
     0
176
     1
290
     0
176
     1
290
     0
176
     1
290
     0
176
     1
290
     0
176
     1
 90
       50
176
     1
 40
0.0
176
     1
 40
1.0
176
     1
 90
        0
176
     1
 62
    18
420
        0
176
     1
 90
       50
176
     1
 90
        3
176
     1
 62
     5
420
      255
176
     1
290
     0
176
     1
 90
       50
176
     1
 90
       50
176
     1
 90
       50
176
     1
290
     0
176
     1
 90
       50
176
     1
 62
   256
176
     0
 40
1.0
176
     0
 90
        2
176
     1
  1
strokes_ogs.tif
176
     1
290
     0
176
     1
 40
1.0
176
     1
 40
1.0
176
     1
  0
VISUALSTYLE
  5
31
102
{ACAD_REACTORS
330
2A
102
}
330
2A
100
AcDbVisualStyle
  2
Hidden
 70
     6
177
     3
291
     0
 70
    58
 90
        1
176
     1
 90
        2
176
     1
 90
        2
176
     1
 90
        0
176
     1
 40
0.6
176
     1
 40
30.0
176
     1
 62
     7
420
 16777215
176
     1
 90
        2
176
     1
 90
        2
176
     1
 62
     7
176
     1
 62
   257
176
     1
 90
        2
176
     1
 90
        1
176
     1
 40
40.0
176
     1
 90
        0
176
     1
 62
   257
176
     1
 40
1.0
176
     1
 90
        1
176
     1
 90
        6
176
     1
 90
        2
176
     1
 62
     7
176
     1
 90
        3
176
     1
 90
        0
176
     1
 90
        0
176
     1
290
     0
176
     1
 90
        1
176
     1
 40
0.0
176
     1
 90
        0
176
     1
290
     0
176
     1
290
     1
176
     1
290
     1
176
     1
290
     0
176
     1
290
     0
176
     1
290
     0
176
     1
290
     0
176
     1
290
     0
176
     1
290
     0
176
     1
 90
       50
176
     1
 40
0.0
176
     1
 40
1.0
176
     1
 90
        0
176
     1
 62
    18
420
        0
176
     1
 90
       50
176
     1
 90
        3
176
     1
 62
     5
420
      255
176
     1
290
     0
176
     1
 90
       50
176
     1
 90
       50
176
     1
 90
       50
176
     1
290
     0
176
     1
 90
       50
176
     1
 62
   256
176
     0
 40
1.0
176
     0
 90
        2
176
     1
  1
strokes_ogs.tif
176
     1
290
     0
176
     1
 40
1.0
176
     1
 40
1.0
176
     1
  0
VISUALSTYLE
  5
3B
102
{ACAD_REACTORS
330
2A
102
}
330
2A
100
AcDbVisualStyle
  2
JitterOff
 70
    20
177
     3
291
     1
 70
    58
 90
        2
176
     0
 90
        2
176
     0
 90
        0
176
     0
 90
        0
176
     0
 40
0.6
176
     0
 40
30.0
176
     0
 62
     7
420
 16777215
176
     0
 90
        1
176
     0
 90
        4
176
     0
 62
     7
176
     0
 62
   257
176
     0
 90
        1
176
     0
 90
        1
176
     0
 40
1.0
176
     0
 90
       10
176
     2
 62
     7
176
     0
 40
1.0
176
     0
 90
        1
176
     0
 90
        6
176
     0
 90
        2
176
     0
 62
     7
176
     0
 90
        5
176
     0
 90
        0
176
     0
 90
        0
176
     0
290
     0
176
     0
 90
        1
176
     0
 40
0.0
176
     0
 90
        0
176
     0
290
     0
176
     0
290
     1
176
     0
290
     1
176
     0
290
     0
176
     0
290
     0
176
     0
290
     0
176
     0
290
     0
176
     0
290
     0
176
     0
290
     0
176
     0
 90
       50
176
     0
 40
0.0
176
     0
 40
1.0
176
     0
 90
        0
176
     0
 62
    18
420
        0
176
     0
 90
       50
176
     0
 90
        3
176
     0
 62
     5
420
      255
176
     0
290
     0
176
     0
 90
       50
176
     0
 90
       50
176
     0
 90
       50
176
     0
290
     0
176
     0
 90
       50
176
     0
 62
   256
176
     0
 40
1.0
176
     0
 90
        2
176
     0
  1
strokes_ogs.tif
176
     0
290
     0
176
     0
 40
1.0
176
     0
 40
1.0
176
     0
  0
VISUALSTYLE
  5
38
102
{ACAD_REACTORS
330
2A
102
}
330
2A
100
AcDbVisualStyle
  2
Linepattern
 70
    14
177
     3
291
     1
 70
    58
 90
        2
176
     1
 90
        2
176
     1
 90
        0
176
     1
 90
        0
176
     1
 40
0.6
176
     1
 40
30.0
176
     1
 62
     7
420
 16777215
176
     1
 90
        1
176
     1
 90
        4
176
     1
 62
     7
176
     1
 62
   257
176
     1
 90
        7
176
     1
 90
        7
176
     1
 40
1.0
176
     1
 90
        8
176
     1
 62
     7
176
     1
 40
1.0
176
     1
 90
        1
176
     1
 90
        6
176
     1
 90
        2
176
     1
 62
     7
176
     1
 90
        5
176
     1
 90
        0
176
     1
 90
        0
176
     1
290
     0
176
     1
 90
        1
176
     1
 40
0.0
176
     1
 90
        0
176
     1
290
     0
176
     1
290
     1
176
     1
290
     1
176
     1
290
     0
176
     1
290
     0
176
     1
290
     0
176
     1
290
     0
176
     1
290
     0
176
     1
290
     0
176
     1
 90
       50
176
     1
 40
0.0
176
     1
 40
1.0
176
     1
 90
        0
176
     1
 62
    18
420
        0
176
     1
 90
       50
176
     1
 90
        3
176
     1
 62
     5
420
      255
176
     1
290
     0
176
     1
 90
       50
176
     1
 90
       50
176
     1
 90
       50
176
     1
290
     0
176
     1
 90
       50
176
     1
 62
   256
176
     0
 40
1.0
176
     0
 90
        2
176
     1
  1
strokes_ogs.tif
176
     1
290
     0
176
     1
 40
1.0
176
     1
 40
1.0
176
     1
  0
VISUALSTYLE
  5
3C
102
{ACAD_REACTORS
330
2A
102
}
330
2A
100
AcDbVisualStyle
  2
OverhangOff
 70
    21
177
     3
291
     1
 70
    58
 90
        2
176
     0
 90
        2
176
     0
 90
        0
176
     0
 90
        0
176
     0
 40
0.6
176
     0
 40
30.0
176
     0
 62
     7
420
 16777215
176
     0
 90
        1
176
     0
 90
        4
176
     0
 62
     7
176
     0
 62
   257
176
     0
 90
        1
176
     0
 90
        1
176
     0
 40
1.0
176
     0
 90
        9
176
     2
 62
     7
176
     0
 40
1.0
176
     0
 90
        1
176
     0
 90
        6
176
     0
 90
        2
176
     0
 62
     7
176
     0
 90
        5
176
     0
 90
        0
176
     0
 90
        0
176
     0
290
     0
176
     0
 90
        1
176
     0
 40
0.0
176
     0
 90
        0
176
     0
290
     0
176
     0
290
     1
176
     0
290
     1
176
     0
290
     0
176
     0
290
     0
176
     0
290
     0
176
     0
290
     0
176
     0
290
     0
176
     0
290
     0
176
     0
 90
       50
176
     0
 40
0.0
176
     0
 40
1.0
176
     0
 90
        0
176
     0
 62
    18
420
        0
176
     0
 90
       50
176
     0
 90
        3
176
     0
 62
     5
420
      255
176
     0
290
     0
176
     0
 90
       50
176
     0
 90
       50
176
     0
 90
       50
176
     0
290
     0
176
     0
 90
       50
176
     0
 62
   256
176
     0
 40
1.0
176
     0
 90
        2
176
     0
  1
strokes_ogs.tif
176
     0
290
     0
176
     0
 40
1.0
176
     0
 40
1.0
176
     0
  0
VISUALSTYLE
  5
33
102
{ACAD_REACTORS
330
2A
102
}
330
2A
100
AcDbVisualStyle
  2
Realistic
 70
     8
177
     3
291
     0
 70
    58
 90
        2
176
     1
 90
        3
176
     1
 90
        0
176
     1
 90
        2
176
     1
 40
0.6
176
     1
 40
30.0
176
     1
 62
     7
420
 16777215
176
     1
 90
        0
176
     1
 90
        0
176
     1
 62
     7
176
     1
 62
   257
176
     1
 90
        1
176
     1
 90
        1
176
     1
 40
1.0
176
     1
 90
        8
176
     1
 62
   257
176
     1
 40
1.0
176
     1
 90
        1
176
     1
 90
        6
176
     1
 90
        2
176
     1
 62
     7
176
     1
 90
        3
176
     1
 90
        0
176
     1
 90
        0
176
     1
290
     0
176
     1
 90
       13
176
     1
 40
0.0
176
     1
 90
        0
176
     1
290
     0
176
     1
290
     1
176
     1
290
     1
176
     1
290
     0
176
     1
290
     0
176
     1
290
     0
176
     1
290
     0
176
     1
290
     0
176
     1
290
     0
176
     1
 90
       50
176
     1
 40
0.0
176
     1
 40
1.0
176
     1
 90
        0
176
     1
 62
    18
420
        0
176
     1
 90
       50
176
     1
 90
        3
176
     1
 62
     5
420
      255
176
     1
290
     0
176
     1
 90
       50
176
     1
 90
       50
176
     1
 90
       50
176
     1
290
     0
176
     1
 90
       50
176
     1
 62
   256
176
     0
 40
1.0
176
     0
 90
        2
176
     1
  1
strokes_ogs.tif
176
     1
290
     0
176
     1
 40
1.0
176
     1
 40
1.0
176
     1
  0
VISUALSTYLE
  5
42
102
{ACAD_REACTORS
330
2A
102
}
330
2A
100
AcDbVisualStyle
  2
Shaded
 70
    27
177
     3
291
     0
 70
    58
 90
        2
176
     1
 90
        2
176
     1
 90
        1
176
     1
 90
        2
176
     1
 40
0.6
176
     1
 40
30.0
176
     1
 62
     7
420
 16777215
176
     1
 90
        0
176
     1
 90
        4
176
     1
 62
     7
176
     1
 62
   257
176
     1
 90
        1
176
     1
 90
        1
176
     1
 40
1.0
176
     1
 90
        8
176
     1
 62
   257
176
     1
 40
1.0
176
     1
 90
        1
176
     1
 90
        6
176
     1
 90
        2
176
     1
 62
     8
420
  7895160
176
     1
 90
        3
176
     1
 90
        0
176
     1
 90
        0
176
     1
290
     0
176
     1
 90
        5
176
     1
 40
0.0
176
     1
 90
        0
176
     1
290
     0
176
     1
290
     1
176
     1
290
     1
176
     1
290
     0
176
     1
290
     0
176
     1
290
     0
176
     1
290
     0
176
     1
290
     0
176
     1
290
     0
176
     1
 90
       50
176
     1
 40
0.0
176
     1
 40
1.0
176
     1
 90
        0
176
     1
 62
    18
420
        0
176
     1
 90
       50
176
     1
 90
        3
176
     1
 62
     5
420
      255
176
     1
290
     0
176
     1
 90
       50
176
     1
 90
       50
176
     1
 90
       50
176
     1
290
     0
176
     1
 90
       50
176
     1
 62
   256
176
     0
 40
1.0
176
     0
 90
        2
176
     1
  1
strokes_ogs.tif
176
     1
290
     0
176
     1
 40
1.0
176
     1
 40
1.0
176
     1
  0
VISUALSTYLE
  5
41
102
{ACAD_REACTORS
330
2A
102
}
330
2A
100
AcDbVisualStyle
  2
Shaded with edges
 70
    26
177
     3
291
     0
 70
    58
 90
        2
176
     1
 90
        2
176
     1
 90
        1
176
     1
 90
        2
176
     1
 40
0.6
176
     1
 40
30.0
176
     1
 62
     7
420
 16777215
176
     1
 90
        1
176
     1
 90
       10
176
     1
 62
     7
176
     1
 62
   257
176
     1
 90
        2
176
     1
 90
        1
176
     1
 40
1.0
176
     1
 90
        8
176
     1
 62
   257
176
     1
 40
1.0
176
     1
 90
        1
176
     1
 90
        6
176
     1
 90
        2
176
     1
 62
     7
176
     1
 90
        3
176
     1
 90
        0
176
     1
 90
        0
176
     1
290
     0
176
     1
 90
        5
176
     1
 40
0.0
176
     1
 90
        0
176
     1
290
     0
176
     1
290
     1
176
     1
290
     1
176
     1
290
     0
176
     1
290
     0
176
     1
290
     0
176
     1
290
     0
176
     1
290
     0
176
     1
290
     0
176
     1
 90
       50
176
     1
 40
0.0
176
     1
 40
1.0
176
     1
 90
        0
176
     1
 62
    18
420
        0
176
     1
 90
       50
176
     1
 90
        3
176
     1
 62
     5
420
      255
176
     1
290
     0
176
     1
 90
       50
176
     1
 90
       50
176
     1
 90
       50
176
     1
290
     0
176
     1
 90
       50
176
     1
 62
   256
176
     0
 40
1.0
176
     0
 90
        2
176
     1
  1
strokes_ogs.tif
176
     1
290
     0
176
     1
 40
1.0
176
     1
 40
1.0
176
     1
  0
VISUALSTYLE
  5
3E
102
{ACAD_REACTORS
330
2A
102
}
330
2A
100
AcDbVisualStyle
  2
Shades of Gray
 70
    23
177
     3
291
     0
 70
    58
 90
        2
176
     1
 90
        2
176
     1
 90
        3
176
     1
 90
        0
176
     1
 40
0.6
176
     1
 40
30.0
176
     1
 62
     7
420
 16777215
176
     1
 90
        2
176
     1
 90
        2
176
     1
 62
     7
176
     1
 62
     7
176
     1
 90
        1
176
     1
 90
        1
176
     1
 40
40.0
176
     1
 90
        8
176
     1
 62
     7
176
     1
 40
1.0
176
     1
 90
        1
176
     1
 90
        6
176
     1
 90
        2
176
     1
 62
     7
176
     1
 90
        3
176
     1
 90
        0
176
     1
 90
        0
176
     1
290
     0
176
     1
 90
        1
176
     1
 40
0.0
176
     1
 90
        0
176
     1
290
     0
176
     1
290
     1
176
     1
290
     1
176
     1
290
     0
176
     1
290
     0
176
     1
290
     0
176
     1
290
     0
176
     1
290
     0
176
     1
290
     0
176
     1
 90
       50
176
     1
 40
0.0
176
     1
 40
1.0
176
     1
 90
        0
176
     1
 62
    18
420
        0
176
     1
 90
       50
176
     1
 90
        3
176
     1
 62
     5
420
      255
176
     1
290
     0
176
     1
 90
       50
176
     1
 90
       50
176
     1
 90
       50
176
     1
290
     0
176
     1
 90
       50
176
     1
 62
   256
176
     0
 40
1.0
176
     0
 90
        2
176
     1
  1
strokes_ogs.tif
176
     1
290
     0
176
     1
 40
1.0
176
     1
 40
1.0
176
     1
  0
VISUALSTYLE
  5
3F
102
{ACAD_REACTORS
330
2A
102
}
330
2A
100
AcDbVisualStyle
  2
Sketchy
 70
    24
177
     3
291
     0
 70
    58
 90
        1
176
     1
 90
        2
176
     1
 90
        2
176
     1
 90
        0
176
     1
 40
0.6
176
     1
 40
30.0
176
     1
 62
     7
420
 16777215
176
     1
 90
        2
176
     1
 90
        2
176
     1
 62
     7
176
     1
 62
     7
176
     1
 90
        1
176
     1
 90
        1
176
     1
 40
40.0
176
     1
 90
       11
176
     1
 62
     7
176
     1
 40
1.0
176
     1
 90
        1
176
     1
 90
        6
176
     1
 90
        2
176
     1
 62
     7
176
     1
 90
        6
176
     1
 90
        0
176
     1
 90
        0
176
     1
290
     0
176
     1
 90
        1
176
     1
 40
0.0
176
     1
 90
        0
176
     1
290
     0
176
     1
290
     1
176
     1
290
     1
176
     1
290
     0
176
     1
290
     0
176
     1
290
     0
176
     1
290
     0
176
     1
290
     0
176
     1
290
     0
176
     1
 90
       50
176
     1
 40
0.0
176
     1
 40
1.0
176
     1
 90
        0
176
     1
 62
    18
420
        0
176
     1
 90
       50
176
     1
 90
        3
176
     1
 62
     5
420
      255
176
     1
290
     0
176
     1
 90
       50
176
     1
 90
       50
176
     1
 90
       50
176
     1
290
     0
176
     1
 90
       50
176
     1
 62
   256
176
     0
 40
1.0
176
     0
 90
        2
176
     1
  1
strokes_ogs.tif
176
     1
290
     0
176
     1
 40
1.0
176
     1
 40
1.0
176
     1
  0
VISUALSTYLE
  5
37
102
{ACAD_REACTORS
330
2A
102
}
330
2A
100
AcDbVisualStyle
  2
Thicken
 70
    13
177
     3
291
     1
 70
    58
 90
        2
176
     1
 90
        2
176
     1
 90
        0
176
     1
 90
        0
176
     1
 40
0.6
176
     1
 40
30.0
176
     1
 62
     7
420
 16777215
176
     1
 90
        1
176
     1
 90
        4
176
     1
 62
     7
176
     1
 62
   257
176
     1
 90
        1
176
     1
 90
        1
176
     1
 40
1.0
176
     1
 90
       12
176
     1
 62
     7
176
     1
 40
1.0
176
     1
 90
        1
176
     1
 90
        6
176
     1
 90
        2
176
     1
 62
     7
176
     1
 90
        5
176
     1
 90
        0
176
     1
 90
        0
176
     1
290
     0
176
     1
 90
        1
176
     1
 40
0.0
176
     1
 90
        0
176
     1
290
     0
176
     1
290
     1
176
     1
290
     1
176
     1
290
     0
176
     1
290
     0
176
     1
290
     0
176
     1
290
     0
176
     1
290
     0
176
     1
290
     0
176
     1
 90
       50
176
     1
 40
0.0
176
     1
 40
1.0
176
     1
 90
        0
176
     1
 62
    18
420
        0
176
     1
 90
       50
176
     1
 90
        3
176
     1
 62
     5
420
      255
176
     1
290
     0
176
     1
 90
       50
176
     1
 90
       50
176
     1
 90
       50
176
     1
290
     0
176
     1
 90
       50
176
     1
 62
   256
176
     0
 40
1.0
176
     0
 90
        2
176
     1
  1
strokes_ogs.tif
176
     1
290
     0
176
     1
 40
1.0
176
     1
 40
1.0
176
     1
  0
VISUALSTYLE
  5
30
102
{ACAD_REACTORS
330
2A
102
}
330
2A
100
AcDbVisualStyle
  2
Wireframe
 70
     5
177
     3
291
     0
 70
    58
 90
        0
176
     1
 90
        2
176
     1
 90
        0
176
     1
 90
        0
176
     1
 40
0.6
176
     1
 40
30.0
176
     1
 62
     7
420
 16777215
176
     1
 90
        1
176
     1
 90
        4
176
     1
 62
     7
176
     1
 62
   257
176
     1
 90
        1
176
     1
 90
        1
176
     1
 40
1.0
176
     1
 90
        0
176
     1
 62
   257
176
     1
 40
1.0
176
     1
 90
        1
176
     1
 90
        6
176
     1
 90
        2
176
     1
 62
     7
176
     1
 90
        3
176
     1
 90
        0
176
     1
 90
        0
176
     1
290
     0
176
     1
 90
        1
176
     1
 40
0.0
176
     1
 90
        0
176
     1
290
     0
176
     1
290
     1
176
     1
290
     1
176
     1
290
     0
176
     1
290
     0
176
     1
290
     0
176
     1
290
     0
176
     1
290
     0
176
     1
290
     0
176
     1
 90
       50
176
     1
 40
0.0
176
     1
 40
1.0
176
     1
 90
        0
176
     1
 62
    18
420
        0
176
     1
 90
       50
176
     1
 90
        3
176
     1
 62
     5
420
      255
176
     1
290
     0
176
     1
 90
       50
176
     1
 90
       50
176
     1
 90
       50
176
     1
290
     0
176
     1
 90
       50
176
     1
 62
   256
176
     0
 40
1.0
176
     0
 90
        2
176
     1
  1
strokes_ogs.tif
176
     1
290
     0
176
     1
 40
1.0
176
     1
 40
1.0
176
     1
  0
VISUALSTYLE
  5
40
102
{ACAD_REACTORS
330
2A
102
}
330
2A
100
AcDbVisualStyle
  2
X-Ray
 70
    25
177
     3
291
     0
 70
    58
 90
        2
176
     1
 90
        2
176
     1
 90
        1
176
     1
 90
        1
176
     1
 40
0.5
176
     1
 40
30.0
176
     1
 62
     7
420
 16777215
176
     1
 90
        1
176
     1
 90
        0
176
     1
 62
     7
176
     1
 62
   257
176
     1
 90
        1
176
     1
 90
        1
176
     1
 40
1.0
176
     1
 90
        8
176
     1
 62
     7
176
     1
 40
1.0
176
     1
 90
        1
176
     1
 90
        6
176
     1
 90
        2
176
     1
 62
     7
176
     1
 90
        3
176
     1
 90
        0
176
     1
 90
        0
176
     1
290
     0
176
     1
 90
       13
176
     1
 40
0.0
176
     1
 90
        0
176
     1
290
     0
176
     1
290
     1
176
     1
290
     1
176
     1
290
     0
176
     1
290
     0
176
     1
290
     0
176
     1
290
     0
176
     1
290
     0
176
     1
290
     0
176
     1
 90
       50
176
     1
 40
0.0
176
     1
 40
1.0
176
     1
 90
        0
176
     1
 62
    18
420
        0
176
     1
 90
       50
176
     1
 90
        3
176
     1
 62
     5
420
      255
176
     1
290
     0
176
     1
 90
       50
176
     1
 90
       50
176
     1
 90
       50
176
     1
290
     0
176
     1
 90
       50
176
     1
 62
   256
176
     0
 40
1.0
176
     0
 90
        2
176
     1
  1
strokes_ogs.tif
176
     1
290
     0
176
     1
 40
1.0
176
     1
 40
1.0
176
     1
  0
DICTIONARYVAR
  5
A9
102
{ACAD_REACTORS
330
A8
102
}
330
A8
100
DictionaryVariables
280
     0
  1
1:1
  0
DICTIONARYVAR
  5
AE
102
{ACAD_REACTORS
330
A8
102
}
330
A8
100
DictionaryVariables
280
     0
  1
Standard
  0
DICTIONARYVAR
  5
AD
102
{ACAD_REACTORS
330
A8
102
}
330
A8
100
DictionaryVariables
280
     0
  1
Standard
  0
DICTIONARY
  5
AA
330
5A
100
AcDbDictionary
280
     1
281
     1
  3
ACAD_ROUNDTRIP_2008_TABLESTYLE_CELLSTYLEMAP
360
AB
  0
CELLSTYLEMAP
  5
AB
102
{ACAD_REACTORS
330
AA
102
}
330
AA
100
AcDbCellStyleMap
 90
        3
300
CELLSTYLE
  1
TABLEFORMAT_BEGIN
 90
        5
170
     1
 91
        0
 92
    32768
 62
   257
 93
        1
300
CONTENTFORMAT
  1
CONTENTFORMAT_BEGIN
 90
        0
 91
        0
 92
        4
 93
        0
300

 40
0.0
140
1.0
 94
        5
 62
     0
340
11
144
0.25
309
CONTENTFORMAT_END
171
     1
301
MARGIN
  1
CELLMARGIN_BEGIN
 40
0.06
 40
0.06
 40
0.06
 40
0.06
 40
0.06
 40
0.06
309
CELLMARGIN_END
 94
        6
 95
        1
302
GRIDFORMAT
  1
GRIDFORMAT_BEGIN
 90
        0
 91
        1
 62
     0
 92
       -2
340
14
 93
        0
 40
0.045
309
GRIDFORMAT_END
 95
        2
302
GRIDFORMAT
  1
GRIDFORMAT_BEGIN
 90
        0
 91
        1
 62
     0
 92
       -2
340
14
 93
        0
 40
0.045
309
GRIDFORMAT_END
 95
        4
302
GRIDFORMAT
  1
GRIDFORMAT_BEGIN
 90
        0
 91
        1
 62
     0
 92
       -2
340
14
 93
        0
 40
0.045
309
GRIDFORMAT_END
 95
        8
302
GRIDFORMAT
  1
GRIDFORMAT_BEGIN
 90
        0
 91
        1
 62
     0
 92
       -2
340
14
 93
        0
 40
0.045
309
GRIDFORMAT_END
 95
       16
302
GRIDFORMAT
  1
GRIDFORMAT_BEGIN
 90
        0
 91
        1
 62
     0
 92
       -2
340
14
 93
        0
 40
0.045
309
GRIDFORMAT_END
 95
       32
302
GRIDFORMAT
  1
GRIDFORMAT_BEGIN
 90
        0
 91
        1
 62
     0
 92
       -2
340
14
 93
        0
 40
0.045
309
GRIDFORMAT_END
309
TABLEFORMAT_END
  1
CELLSTYLE_BEGIN
 90
        1
 91
        1
300
_TITLE
309
CELLSTYLE_END
300
CELLSTYLE
  1
TABLEFORMAT_BEGIN
 90
        5
170
     1
 91
        0
 92
        0
 62
   257
 93
        1
300
CONTENTFORMAT
  1
CONTENTFORMAT_BEGIN
 90
        0
 91
        0
 92
        4
 93
        0
300

 40
0.0
140
1.0
 94
        5
 62
     0
340
11
144
0.18
309
CONTENTFORMAT_END
171
     1
301
MARGIN
  1
CELLMARGIN_BEGIN
 40
0.06
 40
0.06
 40
0.06
 40
0.06
 40
0.06
 40
0.06
309
CELLMARGIN_END
 94
        6
 95
        1
302
GRIDFORMAT
  1
GRIDFORMAT_BEGIN
 90
        0
 91
        1
 62
     0
 92
       -2
340
14
 93
        0
 40
0.045
309
GRIDFORMAT_END
 95
        2
302
GRIDFORMAT
  1
GRIDFORMAT_BEGIN
 90
        0
 91
        1
 62
     0
 92
       -2
340
14
 93
        0
 40
0.045
309
GRIDFORMAT_END
 95
        4
302
GRIDFORMAT
  1
GRIDFORMAT_BEGIN
 90
        0
 91
        1
 62
     0
 92
       -2
340
14
 93
        0
 40
0.045
309
GRIDFORMAT_END
 95
        8
302
GRIDFORMAT
  1
GRIDFORMAT_BEGIN
 90
        0
 91
        1
 62
     0
 92
       -2
340
14
 93
        0
 40
0.045
309
GRIDFORMAT_END
 95
       16
302
GRIDFORMAT
  1
GRIDFORMAT_BEGIN
 90
        0
 91
        1
 62
     0
 92
       -2
340
14
 93
        0
 40
0.045
309
GRIDFORMAT_END
 95
       32
302
GRIDFORMAT
  1
GRIDFORMAT_BEGIN
 90
        0
 91
        1
 62
     0
 92
       -2
340
14
 93
        0
 40
0.045
309
GRIDFORMAT_END
309
TABLEFORMAT_END
  1
CELLSTYLE_BEGIN
 90
        2
 91
        1
300
_HEADER
309
CELLSTYLE_END
300
CELLSTYLE
  1
TABLEFORMAT_BEGIN
 90
        5
170
     1
 91
        0
 92
        0
 62
   257
 93
        1
300
CONTENTFORMAT
  1
CONTENTFORMAT_BEGIN
 90
        0
 91
        0
 92
        4
 93
        0
300

 40
0.0
140
1.0
 94
        2
 62
     0
340
11
144
0.18
309
CONTENTFORMAT_END
171
     1
301
MARGIN
  1
CELLMARGIN_BEGIN
 40
0.06
 40
0.06
 40
0.06
 40
0.06
 40
0.06
 40
0.06
309
CELLMARGIN_END
 94
        6
 95
        1
302
GRIDFORMAT
  1
GRIDFORMAT_BEGIN
 90
        0
 91
        1
 62
     0
 92
       -2
340
14
 93
        0
 40
0.045
309
GRIDFORMAT_END
 95
        2
302
GRIDFORMAT
  1
GRIDFORMAT_BEGIN
 90
        0
 91
        1
 62
     0
 92
       -2
340
14
 93
        0
 40
0.045
309
GRIDFORMAT_END
 95
        4
302
GRIDFORMAT
  1
GRIDFORMAT_BEGIN
 90
        0
 91
        1
 62
     0
 92
       -2
340
14
 93
        0
 40
0.045
309
GRIDFORMAT_END
 95
        8
302
GRIDFORMAT
  1
GRIDFORMAT_BEGIN
 90
        0
 91
        1
 62
     0
 92
       -2
340
14
 93
        0
 40
0.045
309
GRIDFORMAT_END
 95
       16
302
GRIDFORMAT
  1
GRIDFORMAT_BEGIN
 90
        0
 91
        1
 62
     0
 92
       -2
340
14
 93
        0
 40
0.045
309
GRIDFORMAT_END
 95
       32
302
GRIDFORMAT
  1
GRIDFORMAT_BEGIN
 90
        0
 91
        1
 62
     0
 92
       -2
340
14
 93
        0
 40
0.045
309
GRIDFORMAT_END
309
TABLEFORMAT_END
  1
CELLSTYLE_BEGIN
 90
        3
 91
        2
300
_DATA
309
CELLSTYLE_END
  0
ENDSEC
  0
EOF
