  0
SECTION
  2
HEADER
  9
$ACADVER
  1
AC1032
  9
$ACADMAINTVER
 90
       55
  9
$DWGCODEPAGE
  3
ANSI_1252
  9
$LASTSAVEDBY
  1
Abolfazl
  9
$REQUIREDVERSIONS
160
                 0
  9
$INSBASE
 10
0.0
 20
0.0
 30
0.0
  9
$EXTMIN
 10
-64.8851
 20
-38.4818
 30
0.0
  9
$EXTMAX
 10
69.7643
 20
31.5182
 30
0.0
  9
$LIMMIN
 10
0.0
 20
0.0
  9
$LIMMAX
 10
12.0
 20
9.0
  9
$ORTHOMODE
 70
     0
  9
$REGENMODE
 70
     1
  9
$FILLMODE
 70
     1
  9
$QTEXTMODE
 70
     0
  9
$MIRRTEXT
 70
     1
  9
$LTSCALE
 40
1.0
  9
$ATTMODE
 70
     1
  9
$TEXTSIZE
 40
0.2
  9
$TRACEWID
 40
0.05
  9
$TEXTSTYLE
  7
Standard
  9
$CLAYER
  8
0
  9
$CELTYPE
  6
ByLayer
  9
$CECOLOR
 62
   256
  9
$CELTSCALE
 40
1.0
  9
$DISPSILH
 70
     0
  9
$DIMSCALE
 40
1.0
  9
$DIMASZ
 40
0.18
  9
$DIMEXO
 40
0.0625
  9
$DIMDLI
 40
0.38
  9
$DIMRND
 40
0.0
  9
$DIMDLE
 40
0.0
  9
$DIMEXE
 40
0.18
  9
$DIMTP
 40
0.0
  9
$DIMTM
 40
0.0
  9
$DIMTXT
 40
0.18
  9
$DIMCEN
 40
0.09
  9
$DIMTSZ
 40
0.0
  9
$DIMTOL
 70
     0
  9
$DIMLIM
 70
     0
  9
$DIMTIH
 70
     1
  9
$DIMTOH
 70
     1
  9
$DIMSE1
 70
     0
  9
$DIMSE2
 70
     0
  9
$DIMTAD
 70
     0
  9
$DIMZIN
 70
     0
  9
$DIMBLK
  1

  9
$DIMASO
 70
     1
  9
$DIMSHO
 70
     1
  9
$DIMPOST
  1

  9
$DIMAPOST
  1

  9
$DIMALT
 70
     0
  9
$DIMALTD
 70
     2
  9
$DIMALTF
 40
25.4
  9
$DIMLFAC
 40
1.0
  9
$DIMTOFL
 70
     0
  9
$DIMTVP
 40
0.0
  9
$DIMTIX
 70
     0
  9
$DIMSOXD
 70
     0
  9
$DIMSAH
 70
     0
  9
$DIMBLK1
  1

  9
$DIMBLK2
  1

  9
$DIMSTYLE
  2
Standard
  9
$DIMCLRD
 70
     0
  9
$DIMCLRE
 70
     0
  9
$DIMCLRT
 70
     0
  9
$DIMTFAC
 40
1.0
  9
$DIMGAP
 40
0.09
  9
$DIMJUST
 70
     0
  9
$DIMSD1
 70
     0
  9
$DIMSD2
 70
     0
  9
$DIMTOLJ
 70
     1
  9
$DIMTZIN
 70
     0
  9
$DIMALTZ
 70
     0
  9
$DIMALTTZ
 70
     0
  9
$DIMUPT
 70
     0
  9
$DIMDEC
 70
     4
  9
$DIMTDEC
 70
     4
  9
$DIMALTU
 70
     2
  9
$DIMALTTD
 70
     2
  9
$DIMTXSTY
  7
Standard
  9
$DIMAUNIT
 70
     0
  9
$DIMADEC
 70
     0
  9
$DIMALTRND
 40
0.0
  9
$DIMAZIN
 70
     0
  9
$DIMDSEP
 70
    46
  9
$DIMATFIT
 70
     3
  9
$DIMFRAC
 70
     0
  9
$DIMLDRBLK
  1

  9
$DIMLUNIT
 70
     2
  9
$DIMLWD
 70
    -2
  9
$DIMLWE
 70
    -2
  9
$DIMTMOVE
 70
     0
  9
$DIMFXL
 40
1.0
  9
$DIMFXLON
 70
     0
  9
$DIMJOGANG
 40
0.7853981633974483
  9
$DIMTFILL
 70
     0
  9
$DIMTFILLCLR
 70
     0
  9
$DIMARCSYM
 70
     0
  9
$DIMLTYPE
  6

  9
$DIMLTEX1
  6

  9
$DIMLTEX2
  6

  9
$DIMTXTDIRECTION
 70
     0
  9
$LUNITS
 70
     2
  9
$LUPREC
 70
     4
  9
$SKETCHINC
 40
0.1
  9
$FILLETRAD
 40
0.0
  9
$AUNITS
 70
     0
  9
$AUPREC
 70
     0
  9
$MENU
  1
.
  9
$ELEVATION
 40
0.0
  9
$PELEVATION
 40
0.0
  9
$THICKNESS
 40
0.0
  9
$LIMCHECK
 70
     0
  9
$CHAMFERA
 40
0.0
  9
$CHAMFERB
 40
0.0
  9
$CHAMFERC
 40
0.0
  9
$CHAMFERD
 40
0.0
  9
$SKPOLY
 70
     0
  9
$TDCREATE
 40
2460467.445414653
  9
$TDUCREATE
 40
2460467.29958132
  9
$TDUPDATE
 40
2460467.445414757
  9
$TDUUPDATE
 40
2460467.299581424
  9
$TDINDWG
 40
0.0000000116
  9
$TDUSRTIMER
 40
0.0000000116
  9
$USRTIMER
 70
     1
  9
$ANGBASE
 50
0.0
  9
$ANGDIR
 70
     0
  9
$PDMODE
 70
     0
  9
$PDSIZE
 40
0.0
  9
$PLINEWID
 40
0.0
  9
$SPLFRAME
 70
     0
  9
$SPLINETYPE
 70
     6
  9
$SPLINESEGS
 70
     8
  9
$HANDSEED
  5
11D
  9
$SURFTAB1
 70
     6
  9
$SURFTAB2
 70
     6
  9
$SURFTYPE
 70
     6
  9
$SURFU
 70
     6
  9
$SURFV
 70
     6
  9
$UCSBASE
  2

  9
$UCSNAME
  2

  9
$UCSORG
 10
0.0
 20
0.0
 30
0.0
  9
$UCSXDIR
 10
1.0
 20
0.0
 30
0.0
  9
$UCSYDIR
 10
0.0
 20
1.0
 30
0.0
  9
$UCSORTHOREF
  2

  9
$UCSORTHOVIEW
 70
     0
  9
$UCSORGTOP
 10
0.0
 20
0.0
 30
0.0
  9
$UCSORGBOTTOM
 10
0.0
 20
0.0
 30
0.0
  9
$UCSORGLEFT
 10
0.0
 20
0.0
 30
0.0
  9
$UCSORGRIGHT
 10
0.0
 20
0.0
 30
0.0
  9
$UCSORGFRONT
 10
0.0
 20
0.0
 30
0.0
  9
$UCSORGBACK
 10
0.0
 20
0.0
 30
0.0
  9
$PUCSBASE
  2

  9
$PUCSNAME
  2

  9
$PUCSORG
 10
0.0
 20
0.0
 30
0.0
  9
$PUCSXDIR
 10
1.0
 20
0.0
 30
0.0
  9
$PUCSYDIR
 10
0.0
 20
1.0
 30
0.0
  9
$PUCSORTHOREF
  2

  9
$PUCSORTHOVIEW
 70
     0
  9
$PUCSORGTOP
 10
0.0
 20
0.0
 30
0.0
  9
$PUCSORGBOTTOM
 10
0.0
 20
0.0
 30
0.0
  9
$PUCSORGLEFT
 10
0.0
 20
0.0
 30
0.0
  9
$PUCSORGRIGHT
 10
0.0
 20
0.0
 30
0.0
  9
$PUCSORGFRONT
 10
0.0
 20
0.0
 30
0.0
  9
$PUCSORGBACK
 10
0.0
 20
0.0
 30
0.0
  9
$USERI1
 70
     0
  9
$USERI2
 70
     0
  9
$USERI3
 70
     0
  9
$USERI4
 70
     0
  9
$USERI5
 70
     0
  9
$USERR1
 40
0.0
  9
$USERR2
 40
0.0
  9
$USERR3
 40
0.0
  9
$USERR4
 40
0.0
  9
$USERR5
 40
0.0
  9
$WORLDVIEW
 70
     1
  9
$SHADEDGE
 70
     3
  9
$SHADEDIF
 70
    70
  9
$TILEMODE
 70
     1
  9
$MAXACTVP
 70
    64
  9
$PINSBASE
 10
0.0
 20
0.0
 30
0.0
  9
$PLIMCHECK
 70
     0
  9
$PEXTMIN
 10
1.000000000000000E+20
 20
1.000000000000000E+20
 30
1.000000000000000E+20
  9
$PEXTMAX
 10
-1.000000000000000E+20
 20
-1.000000000000000E+20
 30
-1.000000000000000E+20
  9
$PLIMMIN
 10
0.0
 20
0.0
  9
$PLIMMAX
 10
12.0
 20
9.0
  9
$UNITMODE
 70
     0
  9
$VISRETAIN
 70
     1
  9
$PLINEGEN
 70
     0
  9
$PSLTSCALE
 70
     1
  9
$TREEDEPTH
 70
  3020
  9
$CMLSTYLE
  2
Standard
  9
$CMLJUST
 70
     0
  9
$CMLSCALE
 40
1.0
  9
$PROXYGRAPHICS
 70
     1
  9
$MEASUREMENT
 70
     0
  9
$CELWEIGHT
370
    -1
  9
$ENDCAPS
280
     0
  9
$JOINSTYLE
280
     0
  9
$LWDISPLAY
290
     0
  9
$INSUNITS
 70
     4
  9
$HYPERLINKBASE
  1

  9
$STYLESHEET
  1

  9
$XEDIT
290
     1
  9
$CEPSNTYPE
380
     0
  9
$PSTYLEMODE
290
     1
  9
$FINGERPRINTGUID
  2
{0c6429a0-673a-485f-97fd-1c7a7eed1e55}
  9
$VERSIONGUID
  2
{FAEB1C32-E019-11D5-929B-00C0DF256EC4}
  9
$EXTNAMES
290
     1
  9
$PSVPSCALE
 40
0.0
  9
$OLESTARTUP
290
     0
  9
$SORTENTS
280
   127
  9
$INDEXCTL
280
     0
  9
$HIDETEXT
280
     1
  9
$XCLIPFRAME
280
     2
  9
$HALOGAP
280
     0
  9
$OBSCOLOR
 70
   257
  9
$OBSLTYPE
280
     0
  9
$INTERSECTIONDISPLAY
280
     0
  9
$INTERSECTIONCOLOR
 70
   257
  9
$DIMASSOC
280
     2
  9
$PROJECTNAME
  1

  9
$CAMERADISPLAY
290
     0
  9
$LENSLENGTH
 40
50.0
  9
$CAMERAHEIGHT
 40
0.0
  9
$STEPSPERSEC
 40
2.0
  9
$STEPSIZE
 40
6.0
  9
$3DDWFPREC
 40
2.0
  9
$PSOLWIDTH
 40
0.25
  9
$PSOLHEIGHT
 40
4.0
  9
$LOFTANG1
 40
1.570796326794897
  9
$LOFTANG2
 40
1.570796326794897
  9
$LOFTMAG1
 40
0.0
  9
$LOFTMAG2
 40
0.0
  9
$LOFTPARAM
 70
     7
  9
$LOFTNORMALS
280
     1
  9
$LATITUDE
 40
37.795
  9
$LONGITUDE
 40
-122.394
  9
$NORTHDIRECTION
 40
0.0
  9
$TIMEZONE
 70
 -8000
  9
$LIGHTGLYPHDISPLAY
280
     1
  9
$TILEMODELIGHTSYNCH
280
     1
  9
$CMATERIAL
347
44
  9
$SOLIDHIST
280
     0
  9
$SHOWHIST
280
     1
  9
$DWFFRAME
280
     2
  9
$DGNFRAME
280
     2
  9
$REALWORLDSCALE
290
     1
  9
$INTERFERECOLOR
 62
   256
  9
$CSHADOW
280
     0
  9
$SHADOWPLANELOCATION
 40
0.0
  0
ENDSEC
  0
SECTION
  2
CLASSES
  0
CLASS
  1
ACDBDICTIONARYWDFLT
  2
AcDbDictionaryWithDefault
  3
ObjectDBX Classes
 90
        0
 91
        3
280
     0
281
     0
  0
CLASS
  1
VISUALSTYLE
  2
AcDbVisualStyle
  3
ObjectDBX Classes
 90
     4095
 91
        3
280
     0
281
     0
  0
CLASS
  1
MATERIAL
  2
AcDbMaterial
  3
ObjectDBX Classes
 90
     1153
 91
        3
280
     0
281
     0
  0
CLASS
  1
SCALE
  2
AcDbScale
  3
ObjectDBX Classes
 90
     1153
 91
        3
280
     0
281
     0
  0
CLASS
  1
TABLESTYLE
  2
AcDbTableStyle
  3
ObjectDBX Classes
 90
     4095
 91
        3
280
     0
281
     0
  0
CLASS
  1
MLEADERSTYLE
  2
AcDbMLeaderStyle
  3
ACDB_MLEADERSTYLE_CLASS
 90
     4095
 91
        3
280
     0
281
     0
  0
CLASS
  1
SUN
  2
AcDbSun
  3
SCENEOE
 90
     1153
 91
        3
280
     0
281
     0
  0
CLASS
  1
DICTIONARYVAR
  2
AcDbDictionaryVar
  3
ObjectDBX Classes
 90
        0
 91
        3
280
     0
281
     0
  0
CLASS
  1
CELLSTYLEMAP
  2
AcDbCellStyleMap
  3
ObjectDBX Classes
 90
     1152
 91
        3
280
     0
281
     0
  0
ENDSEC
  0
SECTION
  2
TABLES
  0
TABLE
  2
VPORT
  5
8
330
0
100
AcDbSymbolTable
 70
     1
  0
VPORT
  5
29
330
8
100
AcDbSymbolTableRecord
100
AcDbViewportTableRecord
  2
*Active
 70
     0
 10
0.0
 20
0.0
 11
1.0
 21
1.0
 12
10.42990654205607
 22
4.5
 13
0.0
 23
0.0
 14
0.5
 24
0.5
 15
0.5
 25
0.5
 16
0.0
 26
0.0
 36
1.0
 17
0.0
 27
0.0
 37
0.0
 40
9.0
 41
1.972972972850329
 42
50.0
 43
0.0
 44
0.0
 50
0.0
 51
0.0
 71
     0
 72
   100
 73
     1
 74
     3
 75
     0
 76
     0
 77
     0
 78
     0
281
     0
 65
     1
110
0.0
120
0.0
130
0.0
111
1.0
121
0.0
131
0.0
112
0.0
122
1.0
132
0.0
 79
     0
146
0.0
348
2F
 60
     3
 61
     5
292
     1
282
     1
141
0.0
142
0.0
 63
   250
361
5D
  0
ENDTAB
  0
TABLE
  2
LTYPE
  5
5
330
0
100
AcDbSymbolTable
 70
     1
  0
LTYPE
  5
14
330
5
100
AcDbSymbolTableRecord
100
AcDbLinetypeTableRecord
  2
ByBlock
 70
     0
  3

 72
    65
 73
     0
 40
0.0
  0
LTYPE
  5
15
330
5
100
AcDbSymbolTableRecord
100
AcDbLinetypeTableRecord
  2
ByLayer
 70
     0
  3

 72
    65
 73
     0
 40
0.0
  0
LTYPE
  5
16
330
5
100
AcDbSymbolTableRecord
100
AcDbLinetypeTableRecord
  2
Continuous
 70
     0
  3
Solid line
 72
    65
 73
     0
 40
0.0
  0
ENDTAB
  0
TABLE
  2
LAYER
  5
2
330
0
100
AcDbSymbolTable
 70
     2
  0
LAYER
  5
10
330
2
100
AcDbSymbolTableRecord
100
AcDbLayerTableRecord
  2
0
 70
     0
 62
     7
  6
Continuous
370
    -3
390
F
347
46
348
0
  0
LAYER
  5
5F
330
2
100
AcDbSymbolTableRecord
100
AcDbLayerTableRecord
  2
Layer 1
 70
     0
 62
     7
  6
Continuous
370
    -3
390
F
347
46
348
0
  0
ENDTAB
  0
TABLE
  2
STYLE
  5
3
330
0
100
AcDbSymbolTable
 70
     1
  0
STYLE
  5
11
330
3
100
AcDbSymbolTableRecord
100
AcDbTextStyleTableRecord
  2
Standard
 70
     0
 40
0.0
 41
1.0
 50
0.0
 71
     0
 42
0.2
  3
txt
  4

  0
ENDTAB
  0
TABLE
  2
VIEW
  5
6
330
0
100
AcDbSymbolTable
 70
     0
  0
ENDTAB
  0
TABLE
  2
UCS
  5
7
330
0
100
AcDbSymbolTable
 70
     0
  0
ENDTAB
  0
TABLE
  2
APPID
  5
9
330
0
100
AcDbSymbolTable
 70
     2
  0
APPID
  5
12
330
9
100
AcDbSymbolTableRecord
100
AcDbRegAppTableRecord
  2
ACAD
 70
     0
  0
APPID
  5
5E
330
9
100
AcDbSymbolTableRecord
100
AcDbRegAppTableRecord
  2
ODA
 70
     0
  0
ENDTAB
  0
TABLE
  2
DIMSTYLE
  5
A
330
0
100
AcDbSymbolTable
 70
     1
100
AcDbDimStyleTable
  0
DIMSTYLE
105
27
330
A
100
AcDbSymbolTableRecord
100
AcDbDimStyleTableRecord
  2
Standard
 70
     0
178
     0
340
11
  0
ENDTAB
  0
TABLE
  2
BLOCK_RECORD
  5
1
330
0
100
AcDbSymbolTable
 70
     1
  0
BLOCK_RECORD
  5
1F
330
1
100
AcDbSymbolTableRecord
100
AcDbBlockTableRecord
  2
*Model_Space
340
22
 70
     0
280
     1
281
     0
  0
BLOCK_RECORD
  5
1B
330
1
100
AcDbSymbolTableRecord
100
AcDbBlockTableRecord
  2
*Paper_Space
340
1E
 70
     0
280
     1
281
     0
  0
BLOCK_RECORD
  5
23
330
1
100
AcDbSymbolTableRecord
100
AcDbBlockTableRecord
  2
*Paper_Space0
340
26
 70
     0
280
     1
281
     0
  0
ENDTAB
  0
ENDSEC
  0
SECTION
  2
BLOCKS
  0
BLOCK
  5
20
330
1F
100
AcDbEntity
  8
0
100
AcDbBlockBegin
  2
*Model_Space
 70
     0
 10
0.0
 20
0.0
 30
0.0
  3
*Model_Space
  1

  0
ENDBLK
  5
21
330
1F
100
AcDbEntity
  8
0
100
AcDbBlockEnd
  0
BLOCK
  5
1C
330
1B
100
AcDbEntity
 67
     1
  8
0
100
AcDbBlockBegin
  2
*Paper_Space
 70
     0
 10
0.0
 20
0.0
 30
0.0
  3
*Paper_Space
  1

  0
ENDBLK
  5
1D
330
1B
100
AcDbEntity
 67
     1
  8
0
100
AcDbBlockEnd
  0
BLOCK
  5
24
330
23
100
AcDbEntity
  8
0
100
AcDbBlockBegin
  2
*Paper_Space0
 70
     0
 10
0.0
 20
0.0
 30
0.0
  3
*Paper_Space0
  1

  0
ENDBLK
  5
25
330
23
100
AcDbEntity
  8
0
100
AcDbBlockEnd
  0
ENDSEC
  0
SECTION
  2
ENTITIES
  0
SPLINE
  5
60
330
1F
100
AcDbEntity
  8
Layer 1
 62
   250
100
AcDbSpline
210
0.0
220
0.0
230
1.0
 70
    11
 71
     3
 72
    17
 73
    13
 74
     0
 42
0.0000000001
 43
0.0000000001
 40
0.0
 40
0.0
 40
0.0
 40
0.0
 40
0.25
 40
0.25
 40
0.25
 40
0.5
 40
0.5
 40
0.5
 40
0.75
 40
0.75
 40
0.75
 40
1.0
 40
1.0
 40
1.0
 40
1.0
 10
31.8067
 20
31.5182
 30
0.0
 10
31.8067
 20
31.5182
 30
0.0
 10
31.8067
 20
0.2257
 30
0.0
 10
31.8067
 20
0.2257
 30
0.0
 10
31.8067
 20
0.2257
 30
0.0
 10
31.1468
 20
0.2257
 30
0.0
 10
31.1468
 20
0.2257
 30
0.0
 10
31.1468
 20
0.2257
 30
0.0
 10
31.1468
 20
31.5182
 30
0.0
 10
31.1468
 20
31.5182
 30
0.0
 10
31.1468
 20
31.5182
 30
0.0
 10
31.8067
 20
31.5182
 30
0.0
 10
31.8067
 20
31.5182
 30
0.0
  0
SPLINE
  5
61
330
1F
100
AcDbEntity
  8
Layer 1
 62
   250
100
AcDbSpline
210
0.0
220
0.0
230
1.0
 70
    11
 71
     3
 72
    65
 73
    61
 74
     0
 42
0.0000000001
 43
0.0000000001
 40
0.0
 40
0.0
 40
0.0
 40
0.0
 40
0.05
 40
0.05
 40
0.05
 40
0.1
 40
0.1
 40
0.1
 40
0.15
 40
0.15
 40
0.15
 40
0.2
 40
0.2
 40
0.2
 40
0.25
 40
0.25
 40
0.25
 40
0.3
 40
0.3
 40
0.3
 40
0.35
 40
0.35
 40
0.35
 40
0.4
 40
0.4
 40
0.4
 40
0.45
 40
0.45
 40
0.45
 40
0.5
 40
0.5
 40
0.5
 40
0.55
 40
0.55
 40
0.55
 40
0.6000000000000001
 40
0.6000000000000001
 40
0.6000000000000001
 40
0.65
 40
0.65
 40
0.65
 40
0.7000000000000001
 40
0.7000000000000001
 40
0.7000000000000001
 40
0.75
 40
0.75
 40
0.75
 40
0.8
 40
0.8
 40
0.8
 40
0.8500000000000001
 40
0.8500000000000001
 40
0.8500000000000001
 40
0.9
 40
0.9
 40
0.9
 40
0.9500000000000001
 40
0.9500000000000001
 40
0.9500000000000001
 40
1.0
 40
1.0
 40
1.0
 40
1.0
 10
29.5843
 20
28.0346
 30
0.0
 10
29.5843
 20
28.0346
 30
0.0
 10
26.4898
 20
28.2021
 30
0.0
 10
26.4898
 20
28.2021
 30
0.0
 10
26.4898
 20
28.2021
 30
0.0
 10
22.6847
 20
26.9337
 30
0.0
 10
22.6847
 20
26.9337
 30
0.0
 10
22.6847
 20
26.9337
 30
0.0
 10
24.5618
 20
26.3816
 30
0.0
 10
24.5618
 20
26.3816
 30
0.0
 10
24.5618
 20
26.3816
 30
0.0
 10
28.0984
 20
25.6237
 30
0.0
 10
28.0984
 20
25.6237
 30
0.0
 10
28.0984
 20
25.6237
 30
0.0
 10
29.6441
 20
25.6237
 30
0.0
 10
29.6441
 20
25.6237
 30
0.0
 10
29.6441
 20
25.6237
 30
0.0
 10
29.6441
 20
24.9638
 30
0.0
 10
29.6441
 20
24.9638
 30
0.0
 10
29.6441
 20
24.9638
 30
0.0
 10
28.3384
 20
24.9638
 30
0.0
 10
28.3384
 20
24.9638
 30
0.0
 10
28.3384
 20
24.9638
 30
0.0
 10
27.015
 20
18.035
 30
0.0
 10
27.015
 20
18.035
 30
0.0
 10
27.015
 20
18.035
 30
0.0
 10
29.903
 20
18.035
 30
0.0
 10
29.903
 20
18.035
 30
0.0
 10
29.903
 20
18.035
 30
0.0
 10
29.903
 20
17.3751
 30
0.0
 10
29.903
 20
17.3751
 30
0.0
 10
29.903
 20
17.3751
 30
0.0
 10
27.0127
 20
17.3751
 30
0.0
 10
27.0127
 20
17.3751
 30
0.0
 10
27.0127
 20
17.3751
 30
0.0
 10
29.4129
 20
4.4632
 30
0.0
 10
29.4129
 20
4.4632
 30
0.0
 10
29.4129
 20
4.4632
 30
0.0
 10
28.8343
 20
4.1963
 30
0.0
 10
28.8343
 20
4.1963
 30
0.0
 10
28.8343
 20
4.1963
 30
0.0
 10
14.644
 20
21.6745
 30
0.0
 10
14.644
 20
21.6745
 30
0.0
 10
14.644
 20
21.6745
 30
0.0
 10
21.3787
 20
27.1689
 30
0.0
 10
21.3787
 20
27.1689
 30
0.0
 10
21.3787
 20
27.1689
 30
0.0
 10
21.483
 20
27.2258
 30
0.0
 10
21.483
 20
27.2258
 30
0.0
 10
21.483
 20
27.2258
 30
0.0
 10
26.3432
 20
28.8458
 30
0.0
 10
26.3432
 20
28.8458
 30
0.0
 10
26.3432
 20
28.8458
 30
0.0
 10
26.4632
 20
28.8624
 30
0.0
 10
26.4632
 20
28.8624
 30
0.0
 10
26.4632
 20
28.8624
 30
0.0
 10
29.618
 20
28.6917
 30
0.0
 10
29.618
 20
28.6917
 30
0.0
 10
29.618
 20
28.6917
 30
0.0
 10
29.5843
 20
28.0346
 30
0.0
 10
29.5843
 20
28.0346
 30
0.0
  0
SPLINE
  5
62
330
1F
100
AcDbEntity
  8
Layer 1
 62
   250
100
AcDbSpline
210
0.0
220
0.0
230
1.0
 70
    11
 71
     3
 72
    17
 73
    13
 74
     0
 42
0.0000000001
 43
0.0000000001
 40
0.0
 40
0.0
 40
0.0
 40
0.0
 40
0.25
 40
0.25
 40
0.25
 40
0.5
 40
0.5
 40
0.5
 40
0.75
 40
0.75
 40
0.75
 40
1.0
 40
1.0
 40
1.0
 40
1.0
 10
21.6593
 20
26.5492
 30
0.0
 10
21.6593
 20
26.5492
 30
0.0
 10
15.7012
 20
21.6888
 30
0.0
 10
15.7012
 20
21.6888
 30
0.0
 10
15.7012
 20
21.6888
 30
0.0
 10
20.9999
 20
18.9276
 30
0.0
 10
20.9999
 20
18.9276
 30
0.0
 10
20.9999
 20
18.9276
 30
0.0
 10
24.0338
 20
25.851
 30
0.0
 10
24.0338
 20
25.851
 30
0.0
 10
24.0338
 20
25.851
 30
0.0
 10
21.6593
 20
26.5492
 30
0.0
 10
21.6593
 20
26.5492
 30
0.0
  0
SPLINE
  5
63
330
1F
100
AcDbEntity
  8
Layer 1
 62
   250
100
AcDbSpline
210
0.0
220
0.0
230
1.0
 70
    11
 71
     3
 72
    14
 73
    10
 74
     0
 42
0.0000000001
 43
0.0000000001
 40
0.0
 40
0.0
 40
0.0
 40
0.0
 40
0.3333333333333333
 40
0.3333333333333333
 40
0.3333333333333333
 40
0.6666666666666666
 40
0.6666666666666666
 40
0.6666666666666666
 40
1.0
 40
1.0
 40
1.0
 40
1.0
 10
16.3632
 20
20.6005
 30
0.0
 10
16.3632
 20
20.6005
 30
0.0
 10
26.8911
 20
7.6331
 30
0.0
 10
26.8911
 20
7.6331
 30
0.0
 10
26.8911
 20
7.6331
 30
0.0
 10
20.9211
 20
18.2251
 30
0.0
 10
20.9211
 20
18.2251
 30
0.0
 10
20.9211
 20
18.2251
 30
0.0
 10
16.3632
 20
20.6005
 30
0.0
 10
16.3632
 20
20.6005
 30
0.0
  0
SPLINE
  5
64
330
1F
100
AcDbEntity
  8
Layer 1
 62
   250
100
AcDbSpline
210
0.0
220
0.0
230
1.0
 70
    11
 71
     3
 72
    14
 73
    10
 74
     0
 42
0.0000000001
 43
0.0000000001
 40
0.0
 40
0.0
 40
0.0
 40
0.0
 40
0.3333333333333333
 40
0.3333333333333333
 40
0.3333333333333333
 40
0.6666666666666666
 40
0.6666666666666666
 40
0.6666666666666666
 40
1.0
 40
1.0
 40
1.0
 40
1.0
 10
28.4043
 20
6.2904
 30
0.0
 10
28.4043
 20
6.2904
 30
0.0
 10
26.3369
 20
17.412
 30
0.0
 10
26.3369
 20
17.412
 30
0.0
 10
26.3369
 20
17.412
 30
0.0
 10
21.7741
 20
18.0537
 30
0.0
 10
21.7741
 20
18.0537
 30
0.0
 10
21.7741
 20
18.0537
 30
0.0
 10
28.4043
 20
6.2904
 30
0.0
 10
28.4043
 20
6.2904
 30
0.0
  0
SPLINE
  5
65
330
1F
100
AcDbEntity
  8
Layer 1
 62
   250
100
AcDbSpline
210
0.0
220
0.0
230
1.0
 70
    11
 71
     3
 72
    17
 73
    13
 74
     0
 42
0.0000000001
 43
0.0000000001
 40
0.0
 40
0.0
 40
0.0
 40
0.0
 40
0.25
 40
0.25
 40
0.25
 40
0.5
 40
0.5
 40
0.5
 40
0.75
 40
0.75
 40
0.75
 40
1.0
 40
1.0
 40
1.0
 40
1.0
 10
26.3521
 20
18.0745
 30
0.0
 10
26.3521
 20
18.0745
 30
0.0
 10
27.6822
 20
25.0391
 30
0.0
 10
27.6822
 20
25.0391
 30
0.0
 10
27.6822
 20
25.0391
 30
0.0
 10
24.6785
 20
25.6829
 30
0.0
 10
24.6785
 20
25.6829
 30
0.0
 10
24.6785
 20
25.6829
 30
0.0
 10
21.6355
 20
18.7379
 30
0.0
 10
21.6355
 20
18.7379
 30
0.0
 10
21.6355
 20
18.7379
 30
0.0
 10
26.3521
 20
18.0745
 30
0.0
 10
26.3521
 20
18.0745
 30
0.0
  0
SPLINE
  5
66
330
1F
100
AcDbEntity
  8
Layer 1
 62
   250
100
AcDbSpline
210
0.0
220
0.0
230
1.0
 70
    11
 71
     3
 72
   149
 73
   145
 74
     0
 42
0.0000000001
 43
0.0000000001
 40
0.0
 40
0.0
 40
0.0
 40
0.0
 40
0.0208333333333333
 40
0.0208333333333333
 40
0.0208333333333333
 40
0.0416666666666667
 40
0.0416666666666667
 40
0.0416666666666667
 40
0.0625
 40
0.0625
 40
0.0625
 40
0.0833333333333333
 40
0.0833333333333333
 40
0.0833333333333333
 40
0.1041666666666667
 40
0.1041666666666667
 40
0.1041666666666667
 40
0.125
 40
0.125
 40
0.125
 40
0.1458333333333333
 40
0.1458333333333333
 40
0.1458333333333333
 40
0.1666666666666667
 40
0.1666666666666667
 40
0.1666666666666667
 40
0.1875
 40
0.1875
 40
0.1875
 40
0.2083333333333333
 40
0.2083333333333333
 40
0.2083333333333333
 40
0.2291666666666667
 40
0.2291666666666667
 40
0.2291666666666667
 40
0.25
 40
0.25
 40
0.25
 40
0.2708333333333333
 40
0.2708333333333333
 40
0.2708333333333333
 40
0.2916666666666666
 40
0.2916666666666666
 40
0.2916666666666666
 40
0.3125
 40
0.3125
 40
0.3125
 40
0.3333333333333333
 40
0.3333333333333333
 40
0.3333333333333333
 40
0.3541666666666666
 40
0.3541666666666666
 40
0.3541666666666666
 40
0.375
 40
0.375
 40
0.375
 40
0.3958333333333333
 40
0.3958333333333333
 40
0.3958333333333333
 40
0.4166666666666666
 40
0.4166666666666666
 40
0.4166666666666666
 40
0.4375
 40
0.4375
 40
0.4375
 40
0.4583333333333333
 40
0.4583333333333333
 40
0.4583333333333333
 40
0.4791666666666666
 40
0.4791666666666666
 40
0.4791666666666666
 40
0.5
 40
0.5
 40
0.5
 40
0.5208333333333333
 40
0.5208333333333333
 40
0.5208333333333333
 40
0.5416666666666666
 40
0.5416666666666666
 40
0.5416666666666666
 40
0.5625
 40
0.5625
 40
0.5625
 40
0.5833333333333333
 40
0.5833333333333333
 40
0.5833333333333333
 40
0.6041666666666666
 40
0.6041666666666666
 40
0.6041666666666666
 40
0.625
 40
0.625
 40
0.625
 40
0.6458333333333333
 40
0.6458333333333333
 40
0.6458333333333333
 40
0.6666666666666666
 40
0.6666666666666666
 40
0.6666666666666666
 40
0.6875
 40
0.6875
 40
0.6875
 40
0.7083333333333333
 40
0.7083333333333333
 40
0.7083333333333333
 40
0.7291666666666666
 40
0.7291666666666666
 40
0.7291666666666666
 40
0.75
 40
0.75
 40
0.75
 40
0.7708333333333333
 40
0.7708333333333333
 40
0.7708333333333333
 40
0.7916666666666666
 40
0.7916666666666666
 40
0.7916666666666666
 40
0.8125
 40
0.8125
 40
0.8125
 40
0.8333333333333333
 40
0.8333333333333333
 40
0.8333333333333333
 40
0.8541666666666666
 40
0.8541666666666666
 40
0.8541666666666666
 40
0.875
 40
0.875
 40
0.875
 40
0.8958333333333333
 40
0.8958333333333333
 40
0.8958333333333333
 40
0.9166666666666666
 40
0.9166666666666666
 40
0.9166666666666666
 40
0.9375
 40
0.9375
 40
0.9375
 40
0.9583333333333333
 40
0.9583333333333333
 40
0.9583333333333333
 40
0.9791666666666666
 40
0.9791666666666666
 40
0.9791666666666666
 40
1.0
 40
1.0
 40
1.0
 40
1.0
 10
40.2944
 20
19.6234
 30
0.0
 10
39.9632
 20
19.6234
 30
0.0
 10
39.7066
 20
19.7556
 30
0.0
 10
39.5247
 20
20.02
 30
0.0
 10
39.3334
 20
20.2998
 30
0.0
 10
39.1764
 20
20.8752
 30
0.0
 10
39.055
 20
21.746
 30
0.0
 10
39.0069
 20
21.337
 30
0.0
 10
38.9244
 20
20.9872
 30
0.0
 10
38.8094
 20
20.6979
 30
0.0
 10
38.7488
 20
20.5471
 30
0.0
 10
38.6258
 20
20.3512
 30
0.0
 10
38.4408
 20
20.1116
 30
0.0
 10
38.1826
 20
19.7711
 30
0.0
 10
37.9215
 20
19.541
 30
0.0
 10
37.6571
 20
19.4228
 30
0.0
 10
37.217
 20
19.2284
 30
0.0
 10
36.8468
 20
19.0512
 30
0.0
 10
36.5498
 20
18.8893
 30
0.0
 10
36.4348
 20
18.8287
 30
0.0
 10
36.3617
 20
18.7991
 30
0.0
 10
36.3305
 20
18.7991
 30
0.0
 10
36.3197
 20
18.7991
 30
0.0
 10
36.3134
 20
18.8023
 30
0.0
 10
36.3134
 20
18.8086
 30
0.0
 10
36.3134
 20
18.8412
 30
0.0
 10
36.3819
 20
18.9127
 30
0.0
 10
36.5188
 20
19.0216
 30
0.0
 10
37.004
 20
19.4072
 30
0.0
 10
37.3181
 20
19.6592
 30
0.0
 10
37.4611
 20
19.7788
 30
0.0
 10
37.8406
 20
20.0977
 30
0.0
 10
38.1174
 20
20.3605
 30
0.0
 10
38.2899
 20
20.5658
 30
0.0
 10
38.6274
 20
20.9731
 30
0.0
 10
38.8078
 20
21.2562
 30
0.0
 10
38.8327
 20
21.4132
 30
0.0
 10
38.8559
 20
21.5874
 30
0.0
 10
38.8684
 20
21.7974
 30
0.0
 10
38.8684
 20
22.043
 30
0.0
 10
38.8684
 20
22.6168
 30
0.0
 10
38.8031
 20
23.3415
 30
0.0
 10
38.6725
 20
24.2154
 30
0.0
 10
38.545
 20
24.8935
 30
0.0
 10
38.4097
 20
25.6228
 30
0.0
 10
38.2682
 20
26.4066
 30
0.0
 10
38.265
 20
26.4221
 30
0.0
 10
38.2992
 20
26.6226
 30
0.0
 10
38.3723
 20
27.0083
 30
0.0
 10
38.3817
 20
27.0627
 30
0.0
 10
38.3957
 20
27.0907
 30
0.0
 10
38.4128
 20
27.0907
 30
0.0
 10
38.4673
 20
27.0907
 30
0.0
 10
38.5527
 20
26.8606
 30
0.0
 10
38.6678
 20
26.4018
 30
0.0
 10
38.7657
 20
26.0021
 30
0.0
 10
38.8466
 20
25.6025
 30
0.0
 10
38.9104
 20
25.2044
 30
0.0
 10
39.055
 20
24.2932
 30
0.0
 10
39.2044
 20
23.1097
 30
0.0
 10
39.3566
 20
21.6558
 30
0.0
 10
39.4531
 20
20.7259
 30
0.0
 10
39.7657
 20
20.261
 30
0.0
 10
40.2944
 20
20.261
 30
0.0
 10
40.4157
 20
20.261
 30
0.0
 10
40.6691
 20
20.2843
 30
0.0
 10
41.0549
 20
20.3294
 30
0.0
 10
41.1155
 20
20.4335
 30
0.0
 10
41.187
 20
20.5424
 30
0.0
 10
41.2695
 20
20.6574
 30
0.0
 10
41.285
 20
20.7088
 30
0.0
 10
41.3037
 20
20.7927
 30
0.0
 10
41.3285
 20
20.9079
 30
0.0
 10
41.3627
 20
21.2671
 30
0.0
 10
41.3722
 20
21.4988
 30
0.0
 10
41.3611
 20
21.6045
 30
0.0
 10
41.3176
 20
22.0243
 30
0.0
 10
41.187
 20
22.9885
 30
0.0
 10
40.9693
 20
24.4985
 30
0.0
 10
40.9025
 20
24.9604
 30
0.0
 10
40.8495
 20
25.4097
 30
0.0
 10
40.8139
 20
25.8467
 30
0.0
 10
40.8107
 20
25.8778
 30
0.0
 10
40.7764
 20
25.9618
 30
0.0
 10
40.7096
 20
26.1017
 30
0.0
 10
40.6971
 20
26.1297
 30
0.0
 10
40.7547
 20
26.3272
 30
0.0
 10
40.8823
 20
26.6943
 30
0.0
 10
40.8884
 20
26.7128
 30
0.0
 10
40.8962
 20
26.7222
 30
0.0
 10
40.9055
 20
26.7253
 30
0.0
 10
40.9538
 20
26.7253
 30
0.0
 10
40.9957
 20
26.66
 30
0.0
 10
41.0331
 20
26.5294
 30
0.0
 10
41.1233
 20
26.3303
 30
0.0
 10
41.215
 20
26.1281
 30
0.0
 10
41.3052
 20
25.9244
 30
0.0
 10
41.442
 20
25.6149
 30
0.0
 10
41.5105
 20
25.4206
 30
0.0
 10
41.5105
 20
25.3413
 30
0.0
 10
41.5105
 20
25.3101
 30
0.0
 10
41.5012
 20
25.2946
 30
0.0
 10
41.4841
 20
25.2946
 30
0.0
 10
41.4684
 20
25.2946
 30
0.0
 10
41.4483
 20
25.304
 30
0.0
 10
41.4249
 20
25.3226
 30
0.0
 10
41.3611
 20
25.3677
 30
0.0
 10
41.2788
 20
25.444
 30
0.0
 10
41.1777
 20
25.5513
 30
0.0
 10
41.1746
 20
25.4891
 30
0.0
 10
41.2321
 20
25.108
 30
0.0
 10
41.3472
 20
24.4067
 30
0.0
 10
41.4871
 20
23.5872
 30
0.0
 10
41.5789
 20
22.8516
 30
0.0
 10
41.624
 20
22.2017
 30
0.0
 10
41.6303
 20
22.1379
 30
0.0
 10
41.6333
 20
22.0726
 30
0.0
 10
41.6333
 20
22.0058
 30
0.0
 10
41.6333
 20
21.6325
 30
0.0
 10
41.5665
 20
21.2578
 30
0.0
 10
41.4328
 20
20.8813
 30
0.0
 10
41.792
 20
21.348
 30
0.0
 10
42.1574
 20
21.7398
 30
0.0
 10
42.5321
 20
22.0571
 30
0.0
 10
42.9629
 20
22.4209
 30
0.0
 10
43.3191
 20
22.6029
 30
0.0
 10
43.602
 20
22.6029
 30
0.0
 10
43.9457
 20
22.6029
 30
0.0
 10
44.2458
 20
22.5127
 30
0.0
 10
44.504
 20
22.3338
 30
0.0
 10
44.6765
 20
22.2125
 30
0.0
 10
44.7824
 20
22.1052
 30
0.0
 10
44.8181
 20
22.0104
 30
0.0
 10
44.8398
 20
21.9373
 30
0.0
 10
44.8507
 20
21.8596
 30
0.0
 10
44.8507
 20
21.7787
 30
0.0
 10
44.8507
 20
21.4662
 30
0.0
 10
44.7434
 20
21.2065
 30
0.0
 10
44.5319
 20
20.9995
 30
0.0
 10
44.0451
 20
20.6202
 30
0.0
 10
43.2241
 20
20.2781
 30
0.0
 10
42.0672
 20
19.9749
 30
0.0
 10
41.1684
 20
19.74
 30
0.0
 10
40.5775
 20
19.6234
 30
0.0
 10
40.2944
 20
19.6234
 30
0.0
  0
SPLINE
  5
67
330
1F
100
AcDbEntity
  8
Layer 1
 62
   250
100
AcDbSpline
210
0.0
220
0.0
230
1.0
 70
    11
 71
     3
 72
   140
 73
   136
 74
     0
 42
0.0000000001
 43
0.0000000001
 40
0.0
 40
0.0
 40
0.0
 40
0.0
 40
0.0222222222222222
 40
0.0222222222222222
 40
0.0222222222222222
 40
0.0444444444444444
 40
0.0444444444444444
 40
0.0444444444444444
 40
0.0666666666666667
 40
0.0666666666666667
 40
0.0666666666666667
 40
0.0888888888888889
 40
0.0888888888888889
 40
0.0888888888888889
 40
0.1111111111111111
 40
0.1111111111111111
 40
0.1111111111111111
 40
0.1333333333333333
 40
0.1333333333333333
 40
0.1333333333333333
 40
0.1555555555555556
 40
0.1555555555555556
 40
0.1555555555555556
 40
0.1777777777777778
 40
0.1777777777777778
 40
0.1777777777777778
 40
0.2
 40
0.2
 40
0.2
 40
0.2222222222222222
 40
0.2222222222222222
 40
0.2222222222222222
 40
0.2444444444444445
 40
0.2444444444444445
 40
0.2444444444444445
 40
0.2666666666666667
 40
0.2666666666666667
 40
0.2666666666666667
 40
0.2888888888888889
 40
0.2888888888888889
 40
0.2888888888888889
 40
0.3111111111111111
 40
0.3111111111111111
 40
0.3111111111111111
 40
0.3333333333333334
 40
0.3333333333333334
 40
0.3333333333333334
 40
0.3555555555555556
 40
0.3555555555555556
 40
0.3555555555555556
 40
0.3777777777777778
 40
0.3777777777777778
 40
0.3777777777777778
 40
0.4
 40
0.4
 40
0.4
 40
0.4222222222222222
 40
0.4222222222222222
 40
0.4222222222222222
 40
0.4444444444444445
 40
0.4444444444444445
 40
0.4444444444444445
 40
0.4666666666666667
 40
0.4666666666666667
 40
0.4666666666666667
 40
0.4888888888888889
 40
0.4888888888888889
 40
0.4888888888888889
 40
0.5111111111111112
 40
0.5111111111111112
 40
0.5111111111111112
 40
0.5333333333333333
 40
0.5333333333333333
 40
0.5333333333333333
 40
0.5555555555555556
 40
0.5555555555555556
 40
0.5555555555555556
 40
0.5777777777777778
 40
0.5777777777777778
 40
0.5777777777777778
 40
0.6
 40
0.6
 40
0.6
 40
0.6222222222222222
 40
0.6222222222222222
 40
0.6222222222222222
 40
0.6444444444444445
 40
0.6444444444444445
 40
0.6444444444444445
 40
0.6666666666666667
 40
0.6666666666666667
 40
0.6666666666666667
 40
0.6888888888888889
 40
0.6888888888888889
 40
0.6888888888888889
 40
0.7111111111111111
 40
0.7111111111111111
 40
0.7111111111111111
 40
0.7333333333333334
 40
0.7333333333333334
 40
0.7333333333333334
 40
0.7555555555555555
 40
0.7555555555555555
 40
0.7555555555555555
 40
0.7777777777777778
 40
0.7777777777777778
 40
0.7777777777777778
 40
0.8
 40
0.8
 40
0.8
 40
0.8222222222222223
 40
0.8222222222222223
 40
0.8222222222222223
 40
0.8444444444444444
 40
0.8444444444444444
 40
0.8444444444444444
 40
0.8666666666666667
 40
0.8666666666666667
 40
0.8666666666666667
 40
0.888888888888889
 40
0.888888888888889
 40
0.888888888888889
 40
0.9111111111111111
 40
0.9111111111111111
 40
0.9111111111111111
 40
0.9333333333333333
 40
0.9333333333333333
 40
0.9333333333333333
 40
0.9555555555555556
 40
0.9555555555555556
 40
0.9555555555555556
 40
0.9777777777777779
 40
0.9777777777777779
 40
0.9777777777777779
 40
1.0
 40
1.0
 40
1.0
 40
1.0
 10
63.5783
 20
27.4825
 30
0.0
 10
63.5845
 20
27.439
 30
0.0
 10
63.5877
 20
27.3971
 30
0.0
 10
63.5877
 20
27.3551
 30
0.0
 10
63.5877
 20
27.0083
 30
0.0
 10
63.4027
 20
26.5869
 30
0.0
 10
63.0325
 20
26.0877
 30
0.0
 10
62.7681
 20
25.7488
 30
0.0
 10
62.5038
 20
25.4066
 30
0.0
 10
62.2394
 20
25.0629
 30
0.0
 10
62.2146
 20
25.024
 30
0.0
 10
62.1897
 20
24.9976
 30
0.0
 10
62.1617
 20
24.9852
 30
0.0
 10
62.1306
 20
24.9696
 30
0.0
 10
62.1166
 20
24.9789
 30
0.0
 10
62.1166
 20
25.0131
 30
0.0
 10
62.1166
 20
25.0397
 30
0.0
 10
62.126
 20
25.0769
 30
0.0
 10
62.143
 20
25.122
 30
0.0
 10
62.2255
 20
25.332
 30
0.0
 10
62.451
 20
25.6803
 30
0.0
 10
62.818
 20
26.1654
 30
0.0
 10
63.1398
 20
26.593
 30
0.0
 10
63.2984
 20
26.8622
 30
0.0
 10
63.2954
 20
26.9725
 30
0.0
 10
63.2938
 20
27.1094
 30
0.0
 10
63.1492
 20
27.1763
 30
0.0
 10
62.8631
 20
27.1763
 30
0.0
 10
62.3437
 20
27.1763
 30
0.0
 10
61.4044
 20
26.9492
 30
0.0
 10
60.0438
 20
26.4936
 30
0.0
 10
59.2662
 20
26.2324
 30
0.0
 10
58.4529
 20
25.8918
 30
0.0
 10
57.6054
 20
25.4734
 30
0.0
 10
56.7735
 20
25.0598
 30
0.0
 10
56.3193
 20
24.7768
 30
0.0
 10
56.2432
 20
24.626
 30
0.0
 10
56.237
 20
24.6167
 30
0.0
 10
56.2307
 20
24.601
 30
0.0
 10
56.2214
 20
24.5809
 30
0.0
 10
56.3147
 20
24.5078
 30
0.0
 10
56.4391
 20
24.4331
 30
0.0
 10
56.5946
 20
24.357
 30
0.0
 10
56.6863
 20
24.3149
 30
0.0
 10
56.7781
 20
24.2698
 30
0.0
 10
56.873
 20
24.2247
 30
0.0
 10
56.9942
 20
24.1548
 30
0.0
 10
57.055
 20
24.1051
 30
0.0
 10
57.055
 20
24.0739
 30
0.0
 10
57.055
 20
24.0475
 30
0.0
 10
57.0129
 20
24.035
 30
0.0
 10
56.932
 20
24.0381
 30
0.0
 10
56.8917
 20
24.0443
 30
0.0
 10
56.8216
 20
24.0537
 30
0.0
 10
56.7222
 20
24.0646
 30
0.0
 10
56.7828
 20
23.9464
 30
0.0
 10
57.212
 20
23.6028
 30
0.0
 10
58.0113
 20
23.0305
 30
0.0
 10
58.7981
 20
22.4628
 30
0.0
 10
59.2459
 20
22.0585
 30
0.0
 10
59.3548
 20
21.8191
 30
0.0
 10
59.3828
 20
21.4847
 30
0.0
 10
59.3969
 20
21.3417
 30
0.0
 10
59.3969
 20
21.3915
 30
0.0
 10
59.3969
 20
21.1084
 30
0.0
 10
59.3315
 20
20.8642
 30
0.0
 10
59.2008
 20
20.6574
 30
0.0
 10
59.1154
 20
20.5237
 30
0.0
 10
58.8805
 20
20.3325
 30
0.0
 10
58.4949
 20
20.0836
 30
0.0
 10
58.0447
 20
19.7929
 30
0.0
 10
57.6633
 20
19.6395
 30
0.0
 10
57.3504
 20
19.6245
 30
0.0
 10
57.3504
 20
19.6245
 30
0.0
 10
57.3504
 20
19.6234
 30
0.0
 10
57.3504
 20
19.6234
 30
0.0
 10
57.3504
 20
19.6234
 30
0.0
 10
57.3276
 20
19.6238
 30
0.0
 10
57.3276
 20
19.6238
 30
0.0
 10
57.3276
 20
19.6238
 30
0.0
 10
57.3006
 20
19.6234
 30
0.0
 10
57.3006
 20
19.6234
 30
0.0
 10
57.3006
 20
19.6234
 30
0.0
 10
57.3006
 20
19.6248
 30
0.0
 10
57.3006
 20
19.6248
 30
0.0
 10
57.0441
 20
19.6399
 30
0.0
 10
56.8041
 20
19.7716
 30
0.0
 10
56.5806
 20
20.02
 30
0.0
 10
56.4018
 20
20.2205
 30
0.0
 10
56.2789
 20
20.4319
 30
0.0
 10
56.212
 20
20.6528
 30
0.0
 10
56.1234
 20
20.9421
 30
0.0
 10
56.0394
 20
21.491
 30
0.0
 10
55.9571
 20
22.3027
 30
0.0
 10
55.8653
 20
23.2078
 30
0.0
 10
55.761
 20
24.0537
 30
0.0
 10
55.6428
 20
24.839
 30
0.0
 10
55.6086
 20
25.0707
 30
0.0
 10
55.5309
 20
25.3802
 30
0.0
 10
55.4097
 20
25.7689
 30
0.0
 10
55.3008
 20
26.1281
 30
0.0
 10
55.2464
 20
26.3164
 30
0.0
 10
55.2464
 20
26.3335
 30
0.0
 10
55.2883
 20
26.4764
 30
0.0
 10
55.3366
 20
26.66
 30
0.0
 10
55.3926
 20
26.8855
 30
0.0
 10
55.4002
 20
26.901
 30
0.0
 10
55.4127
 20
26.9087
 30
0.0
 10
55.4284
 20
26.9087
 30
0.0
 10
55.5045
 20
26.9087
 30
0.0
 10
55.6102
 20
26.6786
 30
0.0
 10
55.7471
 20
26.2199
 30
0.0
 10
55.8746
 20
25.7923
 30
0.0
 10
55.971
 20
25.3802
 30
0.0
 10
56.0348
 20
24.9852
 30
0.0
 10
56.0512
 20
24.88
 30
0.0
 10
56.0671
 20
24.7746
 30
0.0
 10
56.0825
 20
24.6687
 30
0.0
 10
56.0928
 20
24.677
 30
0.0
 10
56.1038
 20
24.6764
 30
0.0
 10
56.1157
 20
24.6664
 30
0.0
 10
56.1405
 20
24.8343
 30
0.0
 10
56.1872
 20
25.0069
 30
0.0
 10
56.2571
 20
25.1858
 30
0.0
 10
56.4733
 20
25.3646
 30
0.0
 10
56.9227
 20
25.632
 30
0.0
 10
57.6054
 20
25.9882
 30
0.0
 10
58.4078
 20
26.4096
 30
0.0
 10
59.1605
 20
26.7454
 30
0.0
 10
59.8648
 20
26.9943
 30
0.0
 10
61.2178
 20
27.4748
 30
0.0
 10
62.3141
 20
27.7376
 30
0.0
 10
63.1554
 20
27.7827
 30
0.0
 10
63.4104
 20
27.7952
 30
0.0
 10
63.5519
 20
27.6941
 30
0.0
 10
63.5783
 20
27.4825
 30
0.0
  0
SPLINE
  5
68
330
1F
100
AcDbEntity
  8
Layer 1
 62
   250
100
AcDbSpline
210
0.0
220
0.0
230
1.0
 70
    11
 71
     3
 72
    29
 73
    25
 74
     0
 42
0.0000000001
 43
0.0000000001
 40
0.0
 40
0.0
 40
0.0
 40
0.0
 40
0.125
 40
0.125
 40
0.125
 40
0.25
 40
0.25
 40
0.25
 40
0.375
 40
0.375
 40
0.375
 40
0.5
 40
0.5
 40
0.5
 40
0.625
 40
0.625
 40
0.625
 40
0.75
 40
0.75
 40
0.75
 40
0.875
 40
0.875
 40
0.875
 40
1.0
 40
1.0
 40
1.0
 40
1.0
 10
57.3319
 20
20.2614
 30
0.0
 10
57.685
 20
20.2701
 30
0.0
 10
58.1101
 20
20.427
 30
0.0
 10
58.6085
 20
20.7305
 30
0.0
 10
59.0796
 20
21.0166
 30
0.0
 10
59.3005
 20
21.194
 30
0.0
 10
59.2739
 20
21.2639
 30
0.0
 10
59.2242
 20
21.3883
 30
0.0
 10
58.7406
 20
21.8051
 30
0.0
 10
57.82
 20
22.5158
 30
0.0
 10
56.8892
 20
23.2347
 30
0.0
 10
56.3366
 20
23.7498
 30
0.0
 10
56.1647
 20
24.0607
 30
0.0
 10
56.2152
 20
23.6589
 30
0.0
 10
56.2586
 20
23.2518
 30
0.0
 10
56.2945
 20
22.8393
 30
0.0
 10
56.324
 20
22.4427
 30
0.0
 10
56.3567
 20
22.0446
 30
0.0
 10
56.3894
 20
21.6464
 30
0.0
 10
56.4469
 20
21.1847
 30
0.0
 10
56.5899
 20
20.8239
 30
0.0
 10
56.8184
 20
20.5658
 30
0.0
 10
56.9912
 20
20.3706
 30
0.0
 10
57.1623
 20
20.2682
 30
0.0
 10
57.3319
 20
20.2614
 30
0.0
  0
SPLINE
  5
69
330
1F
100
AcDbEntity
  8
Layer 1
 62
   250
100
AcDbSpline
210
0.0
220
0.0
230
1.0
 70
    11
 71
     3
 72
    32
 73
    28
 74
     0
 42
0.0000000001
 43
0.0000000001
 40
0.0
 40
0.0
 40
0.0
 40
0.0
 40
0.1111111111111111
 40
0.1111111111111111
 40
0.1111111111111111
 40
0.2222222222222222
 40
0.2222222222222222
 40
0.2222222222222222
 40
0.3333333333333333
 40
0.3333333333333333
 40
0.3333333333333333
 40
0.4444444444444444
 40
0.4444444444444444
 40
0.4444444444444444
 40
0.5555555555555556
 40
0.5555555555555556
 40
0.5555555555555556
 40
0.6666666666666666
 40
0.6666666666666666
 40
0.6666666666666666
 40
0.7777777777777777
 40
0.7777777777777777
 40
0.7777777777777777
 40
0.8888888888888888
 40
0.8888888888888888
 40
0.8888888888888888
 40
1.0
 40
1.0
 40
1.0
 40
1.0
 10
62.8412
 20
28.1606
 30
0.0
 10
62.8802
 20
28.1606
 30
0.0
 10
62.8972
 20
28.128
 30
0.0
 10
62.8911
 20
28.0611
 30
0.0
 10
62.8879
 20
27.9941
 30
0.0
 10
62.8677
 20
27.9601
 30
0.0
 10
62.8319
 20
27.9601
 30
0.0
 10
62.1182
 20
27.9661
 30
0.0
 10
60.9146
 20
27.6474
 30
0.0
 10
59.2226
 20
27.0037
 30
0.0
 10
57.6769
 20
26.4174
 30
0.0
 10
56.6646
 20
25.9461
 30
0.0
 10
56.184
 20
25.5916
 30
0.0
 10
56.1747
 20
25.5855
 30
0.0
 10
56.1655
 20
25.5823
 30
0.0
 10
56.153
 20
25.5823
 30
0.0
 10
56.083
 20
25.5823
 30
0.0
 10
56.0473
 20
25.6181
 30
0.0
 10
56.0473
 20
25.6912
 30
0.0
 10
56.0473
 20
25.7098
 30
0.0
 10
56.0535
 20
25.7238
 30
0.0
 10
56.0658
 20
25.7331
 30
0.0
 10
56.6336
 20
26.1422
 30
0.0
 10
57.7174
 20
26.6492
 30
0.0
 10
59.3144
 20
27.2494
 30
0.0
 10
61.0125
 20
27.887
 30
0.0
 10
62.1881
 20
28.1916
 30
0.0
 10
62.8412
 20
28.1606
 30
0.0
  0
SPLINE
  5
6A
330
1F
100
AcDbEntity
  8
Layer 1
 62
   250
100
AcDbSpline
210
0.0
220
0.0
230
1.0
 70
    11
 71
     3
 72
   242
 73
   238
 74
     0
 42
0.0000000001
 43
0.0000000001
 40
0.0
 40
0.0
 40
0.0
 40
0.0
 40
0.0126582278481013
 40
0.0126582278481013
 40
0.0126582278481013
 40
0.0253164556962025
 40
0.0253164556962025
 40
0.0253164556962025
 40
0.0379746835443038
 40
0.0379746835443038
 40
0.0379746835443038
 40
0.0506329113924051
 40
0.0506329113924051
 40
0.0506329113924051
 40
0.0632911392405063
 40
0.0632911392405063
 40
0.0632911392405063
 40
0.0759493670886076
 40
0.0759493670886076
 40
0.0759493670886076
 40
0.0886075949367089
 40
0.0886075949367089
 40
0.0886075949367089
 40
0.1012658227848101
 40
0.1012658227848101
 40
0.1012658227848101
 40
0.1139240506329114
 40
0.1139240506329114
 40
0.1139240506329114
 40
0.1265822784810127
 40
0.1265822784810127
 40
0.1265822784810127
 40
0.1392405063291139
 40
0.1392405063291139
 40
0.1392405063291139
 40
0.1518987341772152
 40
0.1518987341772152
 40
0.1518987341772152
 40
0.1645569620253164
 40
0.1645569620253164
 40
0.1645569620253164
 40
0.1772151898734177
 40
0.1772151898734177
 40
0.1772151898734177
 40
0.189873417721519
 40
0.189873417721519
 40
0.189873417721519
 40
0.2025316455696203
 40
0.2025316455696203
 40
0.2025316455696203
 40
0.2151898734177215
 40
0.2151898734177215
 40
0.2151898734177215
 40
0.2278481012658228
 40
0.2278481012658228
 40
0.2278481012658228
 40
0.2405063291139241
 40
0.2405063291139241
 40
0.2405063291139241
 40
0.2531645569620253
 40
0.2531645569620253
 40
0.2531645569620253
 40
0.2658227848101266
 40
0.2658227848101266
 40
0.2658227848101266
 40
0.2784810126582278
 40
0.2784810126582278
 40
0.2784810126582278
 40
0.2911392405063291
 40
0.2911392405063291
 40
0.2911392405063291
 40
0.3037974683544304
 40
0.3037974683544304
 40
0.3037974683544304
 40
0.3164556962025317
 40
0.3164556962025317
 40
0.3164556962025317
 40
0.3291139240506329
 40
0.3291139240506329
 40
0.3291139240506329
 40
0.3417721518987342
 40
0.3417721518987342
 40
0.3417721518987342
 40
0.3544303797468354
 40
0.3544303797468354
 40
0.3544303797468354
 40
0.3670886075949367
 40
0.3670886075949367
 40
0.3670886075949367
 40
0.3797468354430379
 40
0.3797468354430379
 40
0.3797468354430379
 40
0.3924050632911392
 40
0.3924050632911392
 40
0.3924050632911392
 40
0.4050632911392405
 40
0.4050632911392405
 40
0.4050632911392405
 40
0.4177215189873418
 40
0.4177215189873418
 40
0.4177215189873418
 40
0.4303797468354431
 40
0.4303797468354431
 40
0.4303797468354431
 40
0.4430379746835443
 40
0.4430379746835443
 40
0.4430379746835443
 40
0.4556962025316456
 40
0.4556962025316456
 40
0.4556962025316456
 40
0.4683544303797468
 40
0.4683544303797468
 40
0.4683544303797468
 40
0.4810126582278481
 40
0.4810126582278481
 40
0.4810126582278481
 40
0.4936708860759493
 40
0.4936708860759493
 40
0.4936708860759493
 40
0.5063291139240507
 40
0.5063291139240507
 40
0.5063291139240507
 40
0.5189873417721519
 40
0.5189873417721519
 40
0.5189873417721519
 40
0.5316455696202531
 40
0.5316455696202531
 40
0.5316455696202531
 40
0.5443037974683544
 40
0.5443037974683544
 40
0.5443037974683544
 40
0.5569620253164557
 40
0.5569620253164557
 40
0.5569620253164557
 40
0.569620253164557
 40
0.569620253164557
 40
0.569620253164557
 40
0.5822784810126582
 40
0.5822784810126582
 40
0.5822784810126582
 40
0.5949367088607594
 40
0.5949367088607594
 40
0.5949367088607594
 40
0.6075949367088608
 40
0.6075949367088608
 40
0.6075949367088608
 40
0.620253164556962
 40
0.620253164556962
 40
0.620253164556962
 40
0.6329113924050633
 40
0.6329113924050633
 40
0.6329113924050633
 40
0.6455696202531646
 40
0.6455696202531646
 40
0.6455696202531646
 40
0.6582278481012658
 40
0.6582278481012658
 40
0.6582278481012658
 40
0.6708860759493671
 40
0.6708860759493671
 40
0.6708860759493671
 40
0.6835443037974683
 40
0.6835443037974683
 40
0.6835443037974683
 40
0.6962025316455696
 40
0.6962025316455696
 40
0.6962025316455696
 40
0.7088607594936709
 40
0.7088607594936709
 40
0.7088607594936709
 40
0.7215189873417721
 40
0.7215189873417721
 40
0.7215189873417721
 40
0.7341772151898734
 40
0.7341772151898734
 40
0.7341772151898734
 40
0.7468354430379747
 40
0.7468354430379747
 40
0.7468354430379747
 40
0.7594936708860759
 40
0.7594936708860759
 40
0.7594936708860759
 40
0.7721518987341772
 40
0.7721518987341772
 40
0.7721518987341772
 40
0.7848101265822784
 40
0.7848101265822784
 40
0.7848101265822784
 40
0.7974683544303798
 40
0.7974683544303798
 40
0.7974683544303798
 40
0.810126582278481
 40
0.810126582278481
 40
0.810126582278481
 40
0.8227848101265822
 40
0.8227848101265822
 40
0.8227848101265822
 40
0.8354430379746836
 40
0.8354430379746836
 40
0.8354430379746836
 40
0.8481012658227848
 40
0.8481012658227848
 40
0.8481012658227848
 40
0.8607594936708861
 40
0.8607594936708861
 40
0.8607594936708861
 40
0.8734177215189873
 40
0.8734177215189873
 40
0.8734177215189873
 40
0.8860759493670886
 40
0.8860759493670886
 40
0.8860759493670886
 40
0.8987341772151899
 40
0.8987341772151899
 40
0.8987341772151899
 40
0.9113924050632911
 40
0.9113924050632911
 40
0.9113924050632911
 40
0.9240506329113924
 40
0.9240506329113924
 40
0.9240506329113924
 40
0.9367088607594937
 40
0.9367088607594937
 40
0.9367088607594937
 40
0.9493670886075949
 40
0.9493670886075949
 40
0.9493670886075949
 40
0.9620253164556962
 40
0.9620253164556962
 40
0.9620253164556962
 40
0.9746835443037974
 40
0.9746835443037974
 40
0.9746835443037974
 40
0.9873417721518987
 40
0.9873417721518987
 40
0.9873417721518987
 40
1.0
 40
1.0
 40
1.0
 40
1.0
 10
55.0831
 20
21.3728
 30
0.0
 10
55.094
 20
20.7897
 30
0.0
 10
55.0052
 20
20.3667
 30
0.0
 10
54.814
 20
20.1023
 30
0.0
 10
54.6004
 20
19.8085
 30
0.0
 10
54.3511
 20
19.6493
 30
0.0
 10
54.066
 20
19.6263
 30
0.0
 10
54.066
 20
19.6263
 30
0.0
 10
54.066
 20
19.6234
 30
0.0
 10
54.066
 20
19.6234
 30
0.0
 10
54.0469
 20
19.6228
 30
0.0
 10
54.0283
 20
19.6228
 30
0.0
 10
54.0103
 20
19.6235
 30
0.0
 10
54.0103
 20
19.6235
 30
0.0
 10
53.9929
 20
19.6234
 30
0.0
 10
53.9929
 20
19.6234
 30
0.0
 10
53.9929
 20
19.6234
 30
0.0
 10
53.9929
 20
19.6245
 30
0.0
 10
53.9929
 20
19.6245
 30
0.0
 10
53.9274
 20
19.6289
 30
0.0
 10
53.8696
 20
19.6419
 30
0.0
 10
53.8203
 20
19.6638
 30
0.0
 10
53.8483
 20
19.5301
 30
0.0
 10
53.8607
 20
19.4025
 30
0.0
 10
53.8607
 20
19.2813
 30
0.0
 10
53.8607
 20
19.0667
 30
0.0
 10
53.8063
 20
18.807
 30
0.0
 10
53.6974
 20
18.5021
 30
0.0
 10
53.6694
 20
18.426
 30
0.0
 10
53.5264
 20
18.2736
 30
0.0
 10
53.2651
 20
18.0419
 30
0.0
 10
52.9432
 20
17.7542
 30
0.0
 10
52.6057
 20
17.5178
 30
0.0
 10
52.2528
 20
17.3312
 30
0.0
 10
51.7832
 20
17.0855
 30
0.0
 10
51.3353
 20
16.9627
 30
0.0
 10
50.9139
 20
16.9627
 30
0.0
 10
50.2281
 20
16.9627
 30
0.0
 10
49.8845
 20
17.4059
 30
0.0
 10
49.8845
 20
18.2938
 30
0.0
 10
49.8845
 20
18.4164
 30
0.0
 10
49.8888
 20
18.5358
 30
0.0
 10
49.8974
 20
18.6521
 30
0.0
 10
49.626
 20
18.4831
 30
0.0
 10
49.344
 20
18.3335
 30
0.0
 10
49.0509
 20
18.2021
 30
0.0
 10
48.4413
 20
17.9283
 30
0.0
 10
47.8862
 20
17.793
 30
0.0
 10
47.3885
 20
17.7962
 30
0.0
 10
46.9204
 20
17.7993
 30
0.0
 10
46.5457
 20
17.9797
 30
0.0
 10
46.2627
 20
18.3389
 30
0.0
 10
46.0015
 20
18.6733
 30
0.0
 10
45.8801
 20
19.0745
 30
0.0
 10
45.8988
 20
19.541
 30
0.0
 10
45.9238
 20
20.1334
 30
0.0
 10
46.0528
 20
20.6637
 30
0.0
 10
46.286
 20
21.1318
 30
0.0
 10
46.4104
 20
21.3774
 30
0.0
 10
46.4976
 20
21.5002
 30
0.0
 10
46.5457
 20
21.5002
 30
0.0
 10
46.5582
 20
21.4972
 30
0.0
 10
46.5644
 20
21.4847
 30
0.0
 10
46.5644
 20
21.4646
 30
0.0
 10
46.5644
 20
21.3945
 30
0.0
 10
46.5177
 20
21.2639
 30
0.0
 10
46.4275
 20
21.0726
 30
0.0
 10
46.2113
 20
20.6264
 30
0.0
 10
46.1102
 20
20.1847
 30
0.0
 10
46.1227
 20
19.7508
 30
0.0
 10
46.1305
 20
19.39
 30
0.0
 10
46.2596
 20
19.0838
 30
0.0
 10
46.5099
 20
18.8349
 30
0.0
 10
46.7587
 20
18.5861
 30
0.0
 10
47.0605
 20
18.4617
 30
0.0
 10
47.4165
 20
18.4617
 30
0.0
 10
47.9422
 20
18.4617
 30
0.0
 10
48.5097
 20
18.5861
 30
0.0
 10
49.1194
 20
18.8349
 30
0.0
 10
49.4229
 20
18.9562
 30
0.0
 10
49.7123
 20
19.0981
 30
0.0
 10
49.988
 20
19.2598
 30
0.0
 10
50.0467
 20
19.512
 30
0.0
 10
50.1304
 20
19.7456
 30
0.0
 10
50.239
 20
19.9608
 30
0.0
 10
50.3028
 20
20.0883
 30
0.0
 10
50.3572
 20
20.1521
 30
0.0
 10
50.3991
 20
20.1521
 30
0.0
 10
50.4178
 20
20.1521
 30
0.0
 10
50.4271
 20
20.1334
 30
0.0
 10
50.4256
 20
20.0977
 30
0.0
 10
50.4271
 20
20.051
 30
0.0
 10
50.4085
 20
19.9858
 30
0.0
 10
50.3711
 20
19.9018
 30
0.0
 10
50.2964
 20
19.7286
 30
0.0
 10
50.2374
 20
19.5567
 30
0.0
 10
50.1943
 20
19.3863
 30
0.0
 10
50.2747
 20
19.4376
 30
0.0
 10
50.354
 20
19.4908
 30
0.0
 10
50.4319
 20
19.5456
 30
0.0
 10
50.7911
 20
19.7945
 30
0.0
 10
50.9527
 20
19.9421
 30
0.0
 10
50.9201
 20
19.9872
 30
0.0
 10
50.8641
 20
20.0665
 30
0.0
 10
50.6635
 20
20.1382
 30
0.0
 10
50.3183
 20
20.2018
 30
0.0
 10
49.875
 20
20.2874
 30
0.0
 10
49.5796
 20
20.3605
 30
0.0
 10
49.4335
 20
20.4211
 30
0.0
 10
49.1302
 20
20.5455
 30
0.0
 10
48.9778
 20
20.7228
 30
0.0
 10
48.9778
 20
20.953
 30
0.0
 10
48.9778
 20
21.561
 30
0.0
 10
49.2376
 20
22.169
 30
0.0
 10
49.7538
 20
22.7755
 30
0.0
 10
50.1271
 20
23.217
 30
0.0
 10
50.4567
 20
23.4363
 30
0.0
 10
50.7413
 20
23.4363
 30
0.0
 10
50.9761
 20
23.4363
 30
0.0
 10
51.0927
 20
23.2669
 30
0.0
 10
51.0927
 20
22.9263
 30
0.0
 10
51.0927
 20
22.665
 30
0.0
 10
51.0196
 20
22.5345
 30
0.0
 10
50.8734
 20
22.5345
 30
0.0
 10
50.861
 20
22.5345
 30
0.0
 10
50.8424
 20
22.581
 30
0.0
 10
50.8144
 20
22.6728
 30
0.0
 10
50.7879
 20
22.7662
 30
0.0
 10
50.7117
 20
22.8127
 30
0.0
 10
50.5873
 20
22.8127
 30
0.0
 10
50.3463
 20
22.8127
 30
0.0
 10
50.0617
 20
22.609
 30
0.0
 10
49.7304
 20
22.2017
 30
0.0
 10
49.3868
 20
21.7803
 30
0.0
 10
49.2158
 20
21.491
 30
0.0
 10
49.2158
 20
21.337
 30
0.0
 10
49.2158
 20
21.3277
 30
0.0
 10
49.2173
 20
21.32
 30
0.0
 10
49.2204
 20
21.3138
 30
0.0
 10
49.3417
 20
21.1411
 30
0.0
 10
49.5921
 20
21.0136
 30
0.0
 10
49.9715
 20
20.9312
 30
0.0
 10
50.5313
 20
20.8098
 30
0.0
 10
50.8579
 20
20.7291
 30
0.0
 10
50.9512
 20
20.6901
 30
0.0
 10
51.1036
 20
20.6264
 30
0.0
 10
51.1798
 20
20.4694
 30
0.0
 10
51.1798
 20
20.2205
 30
0.0
 10
51.1798
 20
20.0588
 30
0.0
 10
51.1503
 20
19.8815
 30
0.0
 10
51.0927
 20
19.6872
 30
0.0
 10
51.0508
 20
19.5472
 30
0.0
 10
50.8346
 20
19.3294
 30
0.0
 10
50.4458
 20
19.0309
 30
0.0
 10
50.3353
 20
18.9465
 30
0.0
 10
50.2228
 20
18.8657
 30
0.0
 10
50.1082
 20
18.7885
 30
0.0
 10
50.1072
 20
18.76
 30
0.0
 10
50.1068
 20
18.7314
 30
0.0
 10
50.1068
 20
18.7028
 30
0.0
 10
50.1068
 20
17.9688
 30
0.0
 10
50.3898
 20
17.6018
 30
0.0
 10
50.9543
 20
17.605
 30
0.0
 10
51.5406
 20
17.608
 30
0.0
 10
52.1501
 20
17.8164
 30
0.0
 10
52.7815
 20
18.2301
 30
0.0
 10
53.304
 20
18.5722
 30
0.0
 10
53.5933
 20
18.8381
 30
0.0
 10
53.6476
 20
19.0262
 30
0.0
 10
53.6539
 20
19.0512
 30
0.0
 10
53.6571
 20
19.076
 30
0.0
 10
53.6571
 20
19.1039
 30
0.0
 10
53.6571
 20
19.2735
 30
0.0
 10
53.5015
 20
19.5923
 30
0.0
 10
53.192
 20
20.0556
 30
0.0
 10
53.1827
 20
20.0681
 30
0.0
 10
53.1781
 20
20.0899
 30
0.0
 10
53.1781
 20
20.1195
 30
0.0
 10
53.1781
 20
20.1692
 30
0.0
 10
53.192
 20
20.264
 30
0.0
 10
53.2184
 20
20.404
 30
0.0
 10
53.2464
 20
20.5455
 30
0.0
 10
53.2605
 20
20.6373
 30
0.0
 10
53.2605
 20
20.6808
 30
0.0
 10
53.276
 20
20.7072
 30
0.0
 10
53.2963
 20
20.7104
 30
0.0
 10
53.3243
 20
20.6901
 30
0.0
 10
53.3942
 20
20.589
 30
0.0
 10
53.4938
 20
20.4585
 30
0.0
 10
53.6243
 20
20.2982
 30
0.0
 10
53.6447
 20
20.2749
 30
0.0
 10
53.7758
 20
20.2626
 30
0.0
 10
54.0164
 20
20.2611
 30
0.0
 10
54.2567
 20
20.2633
 30
0.0
 10
54.4368
 20
20.3004
 30
0.0
 10
54.5544
 20
20.3697
 30
0.0
 10
54.6507
 20
20.4257
 30
0.0
 10
54.7332
 20
20.5237
 30
0.0
 10
54.8
 20
20.6669
 30
0.0
 10
54.8063
 20
20.6761
 30
0.0
 10
54.8093
 20
20.6995
 30
0.0
 10
54.8093
 20
20.74
 30
0.0
 10
54.8093
 20
21.0182
 30
0.0
 10
54.6555
 20
22.34
 30
0.0
 10
54.3491
 20
24.7037
 30
0.0
 10
54.2977
 20
25.1096
 30
0.0
 10
54.2573
 20
25.5684
 30
0.0
 10
54.2309
 20
26.0784
 30
0.0
 10
54.2246
 20
26.0971
 30
0.0
 10
54.1966
 20
26.139
 30
0.0
 10
54.1485
 20
26.2059
 30
0.0
 10
54.1298
 20
26.2308
 30
0.0
 10
54.1205
 20
26.265
 30
0.0
 10
54.1205
 20
26.3069
 30
0.0
 10
54.1205
 20
26.3894
 30
0.0
 10
54.1703
 20
26.5822
 30
0.0
 10
54.2667
 20
26.8855
 30
0.0
 10
54.2729
 20
26.9073
 30
0.0
 10
54.2822
 20
26.9166
 30
0.0
 10
54.2947
 20
26.9166
 30
0.0
 10
54.3241
 20
26.9166
 30
0.0
 10
54.3678
 20
26.8481
 30
0.0
 10
54.4221
 20
26.7082
 30
0.0
 10
54.7348
 20
26.1157
 30
0.0
 10
54.8902
 20
25.7317
 30
0.0
 10
54.8902
 20
25.5559
 30
0.0
 10
54.8902
 20
25.5247
 30
0.0
 10
54.8824
 20
25.5092
 30
0.0
 10
54.8638
 20
25.5092
 30
0.0
 10
54.8482
 20
25.5092
 30
0.0
 10
54.828
 20
25.5185
 30
0.0
 10
54.8047
 20
25.5372
 30
0.0
 10
54.7984
 20
25.5434
 30
0.0
 10
54.7177
 20
25.6306
 30
0.0
 10
54.5621
 20
25.8016
 30
0.0
 10
54.7177
 20
24.6711
 30
0.0
 10
54.8902
 20
23.1953
 30
0.0
 10
55.0831
 20
21.3728
 30
0.0
  0
SPLINE
  5
6B
330
1F
100
AcDbEntity
  8
Layer 1
 62
   250
100
AcDbSpline
210
0.0
220
0.0
230
1.0
 70
    11
 71
     3
 72
    17
 73
    13
 74
     0
 42
0.0000000001
 43
0.0000000001
 40
0.0
 40
0.0
 40
0.0
 40
0.0
 40
0.25
 40
0.25
 40
0.25
 40
0.5
 40
0.5
 40
0.5
 40
0.75
 40
0.75
 40
0.75
 40
1.0
 40
1.0
 40
1.0
 40
1.0
 10
44.5273
 20
21.4599
 30
0.0
 10
44.2629
 20
21.8051
 30
0.0
 10
43.8975
 20
21.9792
 30
0.0
 10
43.4341
 20
21.9792
 30
0.0
 10
42.8804
 20
21.9792
 30
0.0
 10
42.1932
 20
21.4443
 30
0.0
 10
41.369
 20
20.3745
 30
0.0
 10
41.7608
 20
20.4351
 30
0.0
 10
42.1139
 20
20.5097
 30
0.0
 10
42.4264
 20
20.5984
 30
0.0
 10
43.2194
 20
20.8177
 30
0.0
 10
43.9193
 20
21.1038
 30
0.0
 10
44.5273
 20
21.4599
 30
0.0
  0
SPLINE
  5
6C
330
1F
100
AcDbEntity
  8
Layer 1
 62
   250
100
AcDbSpline
210
0.0
220
0.0
230
1.0
 70
    11
 71
     3
 72
    62
 73
    58
 74
     0
 42
0.0000000001
 43
0.0000000001
 40
0.0
 40
0.0
 40
0.0
 40
0.0
 40
0.0526315789473684
 40
0.0526315789473684
 40
0.0526315789473684
 40
0.1052631578947368
 40
0.1052631578947368
 40
0.1052631578947368
 40
0.1578947368421053
 40
0.1578947368421053
 40
0.1578947368421053
 40
0.2105263157894737
 40
0.2105263157894737
 40
0.2105263157894737
 40
0.2631578947368421
 40
0.2631578947368421
 40
0.2631578947368421
 40
0.3157894736842105
 40
0.3157894736842105
 40
0.3157894736842105
 40
0.3684210526315789
 40
0.3684210526315789
 40
0.3684210526315789
 40
0.4210526315789473
 40
0.4210526315789473
 40
0.4210526315789473
 40
0.4736842105263158
 40
0.4736842105263158
 40
0.4736842105263158
 40
0.5263157894736842
 40
0.5263157894736842
 40
0.5263157894736842
 40
0.5789473684210527
 40
0.5789473684210527
 40
0.5789473684210527
 40
0.631578947368421
 40
0.631578947368421
 40
0.631578947368421
 40
0.6842105263157894
 40
0.6842105263157894
 40
0.6842105263157894
 40
0.7368421052631579
 40
0.7368421052631579
 40
0.7368421052631579
 40
0.7894736842105263
 40
0.7894736842105263
 40
0.7894736842105263
 40
0.8421052631578947
 40
0.8421052631578947
 40
0.8421052631578947
 40
0.894736842105263
 40
0.894736842105263
 40
0.894736842105263
 40
0.9473684210526315
 40
0.9473684210526315
 40
0.9473684210526315
 40
1.0
 40
1.0
 40
1.0
 40
1.0
 10
38.7456
 20
21.774
 30
0.0
 10
38.7456
 20
21.5221
 30
0.0
 10
38.7316
 20
21.3961
 30
0.0
 10
38.7051
 20
21.3961
 30
0.0
 10
38.6896
 20
21.3961
 30
0.0
 10
38.6616
 20
21.4537
 30
0.0
 10
38.6227
 20
21.5687
 30
0.0
 10
38.5745
 20
21.7056
 30
0.0
 10
38.5388
 20
21.7911
 30
0.0
 10
38.5185
 20
21.8238
 30
0.0
 10
38.3304
 20
22.1302
 30
0.0
 10
38.1702
 20
22.3478
 30
0.0
 10
38.0397
 20
22.4753
 30
0.0
 10
37.7022
 20
22.7646
 30
0.0
 10
37.0382
 20
23.3851
 30
0.0
 10
36.0444
 20
24.3383
 30
0.0
 10
35.8719
 20
24.5062
 30
0.0
 10
35.6992
 20
24.6711
 30
0.0
 10
35.5298
 20
24.8359
 30
0.0
 10
35.3446
 20
25.0147
 30
0.0
 10
35.197
 20
25.1858
 30
0.0
 10
35.0881
 20
25.3506
 30
0.0
 10
35.0508
 20
25.4051
 30
0.0
 10
34.956
 20
25.4844
 30
0.0
 10
34.8004
 20
25.5869
 30
0.0
 10
34.8191
 20
25.6632
 30
0.0
 10
34.8191
 20
25.8513
 30
0.0
 10
34.8004
 20
26.1515
 30
0.0
 10
34.7942
 20
26.1608
 30
0.0
 10
34.7911
 20
26.1686
 30
0.0
 10
34.7911
 20
26.1748
 30
0.0
 10
34.7911
 20
26.1903
 30
0.0
 10
34.8284
 20
26.1732
 30
0.0
 10
34.8999
 20
26.1251
 30
0.0
 10
34.9498
 20
26.0939
 30
0.0
 10
34.9979
 20
26.0629
 30
0.0
 10
35.046
 20
26.0287
 30
0.0
 10
35.6386
 20
25.7192
 30
0.0
 10
35.9355
 20
25.5247
 30
0.0
 10
35.9355
 20
25.4454
 30
0.0
 10
35.9355
 20
25.4299
 30
0.0
 10
35.92
 20
25.4222
 30
0.0
 10
35.889
 20
25.4222
 30
0.0
 10
35.8687
 20
25.4222
 30
0.0
 10
35.8393
 20
25.4269
 30
0.0
 10
35.8034
 20
25.4361
 30
0.0
 10
35.7662
 20
25.4454
 30
0.0
 10
35.6883
 20
25.4579
 30
0.0
 10
35.5701
 20
25.4734
 30
0.0
 10
35.6432
 20
25.3491
 30
0.0
 10
35.9123
 20
25.0723
 30
0.0
 10
36.3772
 20
24.6447
 30
0.0
 10
37.3211
 20
23.7816
 30
0.0
 10
37.853
 20
23.2933
 30
0.0
 10
37.9712
 20
23.1814
 30
0.0
 10
38.4874
 20
22.6931
 30
0.0
 10
38.7456
 20
22.2234
 30
0.0
 10
38.7456
 20
21.774
 30
0.0
  0
SPLINE
  5
6D
330
1F
100
AcDbEntity
  8
Layer 1
 62
   250
100
AcDbSpline
210
0.0
220
0.0
230
1.0
 70
    11
 71
     3
 72
    98
 73
    94
 74
     0
 42
0.0000000001
 43
0.0000000001
 40
0.0
 40
0.0
 40
0.0
 40
0.0
 40
0.032258064516129
 40
0.032258064516129
 40
0.032258064516129
 40
0.0645161290322581
 40
0.0645161290322581
 40
0.0645161290322581
 40
0.0967741935483871
 40
0.0967741935483871
 40
0.0967741935483871
 40
0.1290322580645161
 40
0.1290322580645161
 40
0.1290322580645161
 40
0.1612903225806452
 40
0.1612903225806452
 40
0.1612903225806452
 40
0.1935483870967742
 40
0.1935483870967742
 40
0.1935483870967742
 40
0.2258064516129032
 40
0.2258064516129032
 40
0.2258064516129032
 40
0.2580645161290323
 40
0.2580645161290323
 40
0.2580645161290323
 40
0.2903225806451613
 40
0.2903225806451613
 40
0.2903225806451613
 40
0.3225806451612903
 40
0.3225806451612903
 40
0.3225806451612903
 40
0.3548387096774194
 40
0.3548387096774194
 40
0.3548387096774194
 40
0.3870967741935484
 40
0.3870967741935484
 40
0.3870967741935484
 40
0.4193548387096774
 40
0.4193548387096774
 40
0.4193548387096774
 40
0.4516129032258064
 40
0.4516129032258064
 40
0.4516129032258064
 40
0.4838709677419355
 40
0.4838709677419355
 40
0.4838709677419355
 40
0.5161290322580645
 40
0.5161290322580645
 40
0.5161290322580645
 40
0.5483870967741935
 40
0.5483870967741935
 40
0.5483870967741935
 40
0.5806451612903225
 40
0.5806451612903225
 40
0.5806451612903225
 40
0.6129032258064516
 40
0.6129032258064516
 40
0.6129032258064516
 40
0.6451612903225806
 40
0.6451612903225806
 40
0.6451612903225806
 40
0.6774193548387096
 40
0.6774193548387096
 40
0.6774193548387096
 40
0.7096774193548387
 40
0.7096774193548387
 40
0.7096774193548387
 40
0.7419354838709677
 40
0.7419354838709677
 40
0.7419354838709677
 40
0.7741935483870968
 40
0.7741935483870968
 40
0.7741935483870968
 40
0.8064516129032258
 40
0.8064516129032258
 40
0.8064516129032258
 40
0.8387096774193548
 40
0.8387096774193548
 40
0.8387096774193548
 40
0.8709677419354839
 40
0.8709677419354839
 40
0.8709677419354839
 40
0.9032258064516129
 40
0.9032258064516129
 40
0.9032258064516129
 40
0.9354838709677419
 40
0.9354838709677419
 40
0.9354838709677419
 40
0.967741935483871
 40
0.967741935483871
 40
0.967741935483871
 40
1.0
 40
1.0
 40
1.0
 40
1.0
 10
41.1881
 20
9.2409
 30
0.0
 10
41.2067
 20
9.1895
 30
0.0
 10
41.2161
 20
9.1289
 30
0.0
 10
41.2161
 20
9.0621
 30
0.0
 10
41.2161
 20
8.905
 30
0.0
 10
41.171
 20
8.7262
 30
0.0
 10
41.0792
 20
8.5255
 30
0.0
 10
40.9969
 20
8.3467
 30
0.0
 10
40.9206
 20
8.2332
 30
0.0
 10
40.8475
 20
8.1881
 30
0.0
 10
40.3157
 20
7.8601
 30
0.0
 10
39.7699
 20
7.6034
 30
0.0
 10
39.2116
 20
7.4184
 30
0.0
 10
38.9753
 20
7.339
 30
0.0
 10
38.574
 20
7.238
 30
0.0
 10
38.0095
 20
7.1135
 30
0.0
 10
37.4342
 20
6.9829
 30
0.0
 10
37.033
 20
6.9052
 30
0.0
 10
36.8013
 20
6.8804
 30
0.0
 10
36.708
 20
6.8804
 30
0.0
 10
36.5244
 20
6.9223
 30
0.0
 10
36.2554
 20
7.0032
 30
0.0
 10
35.9413
 20
7.098
 30
0.0
 10
35.7112
 20
7.1961
 30
0.0
 10
35.5618
 20
7.3002
 30
0.0
 10
35.5262
 20
7.3173
 30
0.0
 10
35.5075
 20
7.3298
 30
0.0
 10
35.5075
 20
7.336
 30
0.0
 10
35.5075
 20
7.3483
 30
0.0
 10
35.5914
 20
7.3654
 30
0.0
 10
35.7578
 20
7.3857
 30
0.0
 10
36.1372
 20
7.423
 30
0.0
 10
36.6613
 20
7.4759
 30
0.0
 10
37.33
 20
7.5458
 30
0.0
 10
37.4886
 20
7.7371
 30
0.0
 10
37.6022
 20
7.8957
 30
0.0
 10
37.672
 20
8.0202
 30
0.0
 10
37.6892
 20
8.1415
 30
0.0
 10
37.6986
 20
8.3654
 30
0.0
 10
37.6986
 20
8.6934
 30
0.0
 10
37.6986
 20
9.1833
 30
0.0
 10
37.6177
 20
9.9795
 30
0.0
 10
37.4528
 20
11.0851
 30
0.0
 10
37.2647
 20
12.3183
 30
0.0
 10
37.1636
 20
13.057
 30
0.0
 10
37.148
 20
13.2996
 30
0.0
 10
37.1294
 20
13.3447
 30
0.0
 10
37.0982
 20
13.3991
 30
0.0
 10
37.0517
 20
13.4597
 30
0.0
 10
37.0859
 20
13.5375
 30
0.0
 10
37.1419
 20
13.6805
 30
0.0
 10
37.2211
 20
13.8875
 30
0.0
 10
37.2273
 20
13.9511
 30
0.0
 10
37.243
 20
13.9837
 30
0.0
 10
37.2709
 20
13.9837
 30
0.0
 10
37.3004
 20
13.9837
 30
0.0
 10
37.3346
 20
13.9434
 30
0.0
 10
37.3704
 20
13.8641
 30
0.0
 10
37.6892
 20
13.1456
 30
0.0
 10
37.8494
 20
12.7274
 30
0.0
 10
37.8494
 20
12.6122
 30
0.0
 10
37.8494
 20
12.578
 30
0.0
 10
37.84
 20
12.5609
 30
0.0
 10
37.8214
 20
12.5609
 30
0.0
 10
37.8073
 20
12.5609
 30
0.0
 10
37.7856
 20
12.5703
 30
0.0
 10
37.7576
 20
12.5889
 30
0.0
 10
37.7157
 20
12.634
 30
0.0
 10
37.6348
 20
12.7165
 30
0.0
 10
37.5166
 20
12.8347
 30
0.0
 10
37.5897
 20
12.4101
 30
0.0
 10
37.6628
 20
11.9855
 30
0.0
 10
37.7359
 20
11.5641
 30
0.0
 10
37.8448
 20
10.883
 30
0.0
 10
37.9271
 20
10.2004
 30
0.0
 10
37.9815
 20
9.5146
 30
0.0
 10
37.9972
 20
9.328
 30
0.0
 10
37.9909
 20
9.0993
 30
0.0
 10
37.9629
 20
8.8257
 30
0.0
 10
37.9364
 20
8.5521
 30
0.0
 10
37.8975
 20
8.3546
 30
0.0
 10
37.8494
 20
8.2332
 30
0.0
 10
38.2444
 20
8.695
 30
0.0
 10
38.5134
 20
8.9936
 30
0.0
 10
38.6564
 20
9.1273
 30
0.0
 10
39.1929
 20
9.628
 30
0.0
 10
39.6703
 20
9.8769
 30
0.0
 10
40.0855
 20
9.8738
 30
0.0
 10
40.3297
 20
9.8706
 30
0.0
 10
40.5739
 20
9.7851
 30
0.0
 10
40.8195
 20
9.6188
 30
0.0
 10
41.0263
 20
9.4756
 30
0.0
 10
41.1491
 20
9.3498
 30
0.0
 10
41.1881
 20
9.2409
 30
0.0
  0
SPLINE
  5
6E
330
1F
100
AcDbEntity
  8
Layer 1
 62
   250
100
AcDbSpline
210
0.0
220
0.0
230
1.0
 70
    11
 71
     3
 72
    20
 73
    16
 74
     0
 42
0.0000000001
 43
0.0000000001
 40
0.0
 40
0.0
 40
0.0
 40
0.0
 40
0.2
 40
0.2
 40
0.2
 40
0.4
 40
0.4
 40
0.4
 40
0.6000000000000001
 40
0.6000000000000001
 40
0.6000000000000001
 40
0.8
 40
0.8
 40
0.8
 40
1.0
 40
1.0
 40
1.0
 40
1.0
 10
62.6894
 20
11.3231
 30
0.0
 10
62.6894
 20
11.2733
 30
0.0
 10
62.6692
 20
11.1924
 30
0.0
 10
62.6302
 20
11.0758
 30
0.0
 10
62.5805
 20
10.9343
 30
0.0
 10
62.5277
 20
10.8316
 30
0.0
 10
62.4701
 20
10.771
 30
0.0
 10
62.0689
 20
11.0027
 30
0.0
 10
61.8683
 20
11.1396
 30
0.0
 10
61.8683
 20
11.1862
 30
0.0
 10
61.9756
 20
11.5175
 30
0.0
 10
62.0518
 20
11.6823
 30
0.0
 10
62.0969
 20
11.6823
 30
0.0
 10
62.4919
 20
11.5067
 30
0.0
 10
62.6894
 20
11.3869
 30
0.0
 10
62.6894
 20
11.3231
 30
0.0
  0
SPLINE
  5
6F
330
1F
100
AcDbEntity
  8
Layer 1
 62
   250
100
AcDbSpline
210
0.0
220
0.0
230
1.0
 70
    11
 71
     3
 72
    26
 73
    22
 74
     0
 42
0.0000000001
 43
0.0000000001
 40
0.0
 40
0.0
 40
0.0
 40
0.0
 40
0.1428571428571428
 40
0.1428571428571428
 40
0.1428571428571428
 40
0.2857142857142857
 40
0.2857142857142857
 40
0.2857142857142857
 40
0.4285714285714285
 40
0.4285714285714285
 40
0.4285714285714285
 40
0.5714285714285714
 40
0.5714285714285714
 40
0.5714285714285714
 40
0.7142857142857142
 40
0.7142857142857142
 40
0.7142857142857142
 40
0.8571428571428571
 40
0.8571428571428571
 40
0.8571428571428571
 40
1.0
 40
1.0
 40
1.0
 40
1.0
 10
61.7781
 20
11.0634
 30
0.0
 10
61.7781
 20
10.9872
 30
0.0
 10
61.7594
 20
10.8954
 30
0.0
 10
61.7237
 20
10.7897
 30
0.0
 10
61.677
 20
10.6623
 30
0.0
 10
61.6257
 20
10.5985
 30
0.0
 10
61.5681
 20
10.5985
 30
0.0
 10
61.5402
 20
10.5985
 30
0.0
 10
61.4282
 20
10.656
 30
0.0
 10
61.2307
 20
10.771
 30
0.0
 10
61.0207
 20
10.8954
 30
0.0
 10
60.9166
 20
10.984
 30
0.0
 10
60.9166
 20
11.0354
 30
0.0
 10
60.9166
 20
11.0742
 30
0.0
 10
60.9927
 20
11.2625
 30
0.0
 10
61.1451
 20
11.5953
 30
0.0
 10
61.2353
 20
11.5051
 30
0.0
 10
61.3801
 20
11.4008
 30
0.0
 10
61.5776
 20
11.2858
 30
0.0
 10
61.7113
 20
11.2065
 30
0.0
 10
61.7781
 20
11.1334
 30
0.0
 10
61.7781
 20
11.0634
 30
0.0
  0
SPLINE
  5
70
330
1F
100
AcDbEntity
  8
Layer 1
 62
   250
100
AcDbSpline
210
0.0
220
0.0
230
1.0
 70
    11
 71
     3
 72
   287
 73
   283
 74
     0
 42
0.0000000001
 43
0.0000000001
 40
0.0
 40
0.0
 40
0.0
 40
0.0
 40
0.0106382978723404
 40
0.0106382978723404
 40
0.0106382978723404
 40
0.0212765957446809
 40
0.0212765957446809
 40
0.0212765957446809
 40
0.0319148936170213
 40
0.0319148936170213
 40
0.0319148936170213
 40
0.0425531914893617
 40
0.0425531914893617
 40
0.0425531914893617
 40
0.0531914893617021
 40
0.0531914893617021
 40
0.0531914893617021
 40
0.0638297872340425
 40
0.0638297872340425
 40
0.0638297872340425
 40
0.074468085106383
 40
0.074468085106383
 40
0.074468085106383
 40
0.0851063829787234
 40
0.0851063829787234
 40
0.0851063829787234
 40
0.0957446808510638
 40
0.0957446808510638
 40
0.0957446808510638
 40
0.1063829787234043
 40
0.1063829787234043
 40
0.1063829787234043
 40
0.1170212765957447
 40
0.1170212765957447
 40
0.1170212765957447
 40
0.1276595744680851
 40
0.1276595744680851
 40
0.1276595744680851
 40
0.1382978723404255
 40
0.1382978723404255
 40
0.1382978723404255
 40
0.148936170212766
 40
0.148936170212766
 40
0.148936170212766
 40
0.1595744680851064
 40
0.1595744680851064
 40
0.1595744680851064
 40
0.1702127659574468
 40
0.1702127659574468
 40
0.1702127659574468
 40
0.1808510638297872
 40
0.1808510638297872
 40
0.1808510638297872
 40
0.1914893617021277
 40
0.1914893617021277
 40
0.1914893617021277
 40
0.2021276595744681
 40
0.2021276595744681
 40
0.2021276595744681
 40
0.2127659574468085
 40
0.2127659574468085
 40
0.2127659574468085
 40
0.2234042553191489
 40
0.2234042553191489
 40
0.2234042553191489
 40
0.2340425531914894
 40
0.2340425531914894
 40
0.2340425531914894
 40
0.2446808510638298
 40
0.2446808510638298
 40
0.2446808510638298
 40
0.2553191489361702
 40
0.2553191489361702
 40
0.2553191489361702
 40
0.2659574468085106
 40
0.2659574468085106
 40
0.2659574468085106
 40
0.2765957446808511
 40
0.2765957446808511
 40
0.2765957446808511
 40
0.2872340425531915
 40
0.2872340425531915
 40
0.2872340425531915
 40
0.2978723404255319
 40
0.2978723404255319
 40
0.2978723404255319
 40
0.3085106382978723
 40
0.3085106382978723
 40
0.3085106382978723
 40
0.3191489361702128
 40
0.3191489361702128
 40
0.3191489361702128
 40
0.3297872340425532
 40
0.3297872340425532
 40
0.3297872340425532
 40
0.3404255319148936
 40
0.3404255319148936
 40
0.3404255319148936
 40
0.351063829787234
 40
0.351063829787234
 40
0.351063829787234
 40
0.3617021276595744
 40
0.3617021276595744
 40
0.3617021276595744
 40
0.3723404255319149
 40
0.3723404255319149
 40
0.3723404255319149
 40
0.3829787234042553
 40
0.3829787234042553
 40
0.3829787234042553
 40
0.3936170212765958
 40
0.3936170212765958
 40
0.3936170212765958
 40
0.4042553191489361
 40
0.4042553191489361
 40
0.4042553191489361
 40
0.4148936170212766
 40
0.4148936170212766
 40
0.4148936170212766
 40
0.425531914893617
 40
0.425531914893617
 40
0.425531914893617
 40
0.4361702127659574
 40
0.4361702127659574
 40
0.4361702127659574
 40
0.4468085106382979
 40
0.4468085106382979
 40
0.4468085106382979
 40
0.4574468085106383
 40
0.4574468085106383
 40
0.4574468085106383
 40
0.4680851063829787
 40
0.4680851063829787
 40
0.4680851063829787
 40
0.4787234042553191
 40
0.4787234042553191
 40
0.4787234042553191
 40
0.4893617021276596
 40
0.4893617021276596
 40
0.4893617021276596
 40
0.5
 40
0.5
 40
0.5
 40
0.5106382978723404
 40
0.5106382978723404
 40
0.5106382978723404
 40
0.5212765957446809
 40
0.5212765957446809
 40
0.5212765957446809
 40
0.5319148936170213
 40
0.5319148936170213
 40
0.5319148936170213
 40
0.5425531914893617
 40
0.5425531914893617
 40
0.5425531914893617
 40
0.5531914893617021
 40
0.5531914893617021
 40
0.5531914893617021
 40
0.5638297872340425
 40
0.5638297872340425
 40
0.5638297872340425
 40
0.5744680851063829
 40
0.5744680851063829
 40
0.5744680851063829
 40
0.5851063829787234
 40
0.5851063829787234
 40
0.5851063829787234
 40
0.5957446808510638
 40
0.5957446808510638
 40
0.5957446808510638
 40
0.6063829787234042
 40
0.6063829787234042
 40
0.6063829787234042
 40
0.6170212765957447
 40
0.6170212765957447
 40
0.6170212765957447
 40
0.6276595744680851
 40
0.6276595744680851
 40
0.6276595744680851
 40
0.6382978723404256
 40
0.6382978723404256
 40
0.6382978723404256
 40
0.648936170212766
 40
0.648936170212766
 40
0.648936170212766
 40
0.6595744680851063
 40
0.6595744680851063
 40
0.6595744680851063
 40
0.6702127659574468
 40
0.6702127659574468
 40
0.6702127659574468
 40
0.6808510638297872
 40
0.6808510638297872
 40
0.6808510638297872
 40
0.6914893617021276
 40
0.6914893617021276
 40
0.6914893617021276
 40
0.7021276595744681
 40
0.7021276595744681
 40
0.7021276595744681
 40
0.7127659574468085
 40
0.7127659574468085
 40
0.7127659574468085
 40
0.7234042553191489
 40
0.7234042553191489
 40
0.7234042553191489
 40
0.7340425531914894
 40
0.7340425531914894
 40
0.7340425531914894
 40
0.7446808510638298
 40
0.7446808510638298
 40
0.7446808510638298
 40
0.7553191489361702
 40
0.7553191489361702
 40
0.7553191489361702
 40
0.7659574468085106
 40
0.7659574468085106
 40
0.7659574468085106
 40
0.776595744680851
 40
0.776595744680851
 40
0.776595744680851
 40
0.7872340425531915
 40
0.7872340425531915
 40
0.7872340425531915
 40
0.7978723404255319
 40
0.7978723404255319
 40
0.7978723404255319
 40
0.8085106382978723
 40
0.8085106382978723
 40
0.8085106382978723
 40
0.8191489361702128
 40
0.8191489361702128
 40
0.8191489361702128
 40
0.8297872340425532
 40
0.8297872340425532
 40
0.8297872340425532
 40
0.8404255319148936
 40
0.8404255319148936
 40
0.8404255319148936
 40
0.851063829787234
 40
0.851063829787234
 40
0.851063829787234
 40
0.8617021276595744
 40
0.8617021276595744
 40
0.8617021276595744
 40
0.8723404255319148
 40
0.8723404255319148
 40
0.8723404255319148
 40
0.8829787234042553
 40
0.8829787234042553
 40
0.8829787234042553
 40
0.8936170212765957
 40
0.8936170212765957
 40
0.8936170212765957
 40
0.9042553191489362
 40
0.9042553191489362
 40
0.9042553191489362
 40
0.9148936170212766
 40
0.9148936170212766
 40
0.9148936170212766
 40
0.925531914893617
 40
0.925531914893617
 40
0.925531914893617
 40
0.9361702127659575
 40
0.9361702127659575
 40
0.9361702127659575
 40
0.9468085106382979
 40
0.9468085106382979
 40
0.9468085106382979
 40
0.9574468085106382
 40
0.9574468085106382
 40
0.9574468085106382
 40
0.9680851063829787
 40
0.9680851063829787
 40
0.9680851063829787
 40
0.9787234042553191
 40
0.9787234042553191
 40
0.9787234042553191
 40
0.9893617021276595
 40
0.9893617021276595
 40
0.9893617021276595
 40
1.0
 40
1.0
 40
1.0
 40
1.0
 10
62.8714
 20
8.5986
 30
0.0
 10
62.8714
 20
8.297
 30
0.0
 10
62.7983
 20
8.0155
 30
0.0
 10
62.6521
 20
7.7512
 30
0.0
 10
62.4157
 20
7.4961
 30
0.0
 10
62.1186
 20
7.2847
 30
0.0
 10
61.7641
 20
7.1182
 30
0.0
 10
61.4391
 20
6.9658
 30
0.0
 10
61.156
 20
6.8897
 30
0.0
 10
60.9166
 20
6.8897
 30
0.0
 10
60.9166
 20
6.8897
 30
0.0
 10
60.1375
 20
6.8897
 30
0.0
 10
60.1375
 20
6.8897
 30
0.0
 10
60.1375
 20
6.8897
 30
0.0
 10
59.3583
 20
6.8897
 30
0.0
 10
59.3583
 20
6.8897
 30
0.0
 10
59.3583
 20
6.8897
 30
0.0
 10
58.5792
 20
6.8897
 30
0.0
 10
58.5792
 20
6.8897
 30
0.0
 10
58.5792
 20
6.8897
 30
0.0
 10
57.8779
 20
6.8897
 30
0.0
 10
57.8779
 20
6.8897
 30
0.0
 10
57.8779
 20
6.8897
 30
0.0
 10
57.8737
 20
6.8897
 30
0.0
 10
57.8737
 20
6.8897
 30
0.0
 10
57.8737
 20
6.8897
 30
0.0
 10
57.8
 20
6.8897
 30
0.0
 10
57.8
 20
6.8897
 30
0.0
 10
57.8
 20
6.8897
 30
0.0
 10
57.8
 20
6.8972
 30
0.0
 10
57.8
 20
6.8972
 30
0.0
 10
57.7224
 20
6.9113
 30
0.0
 10
57.6295
 20
6.9449
 30
0.0
 10
57.5233
 20
6.9986
 30
0.0
 10
57.3522
 20
7.084
 30
0.0
 10
57.2278
 20
7.1836
 30
0.0
 10
57.1485
 20
7.3002
 30
0.0
 10
57.0848
 20
7.3966
 30
0.0
 10
57.0583
 20
7.5164
 30
0.0
 10
57.0677
 20
7.6594
 30
0.0
 10
56.9339
 20
7.3857
 30
0.0
 10
56.8251
 20
7.21
 30
0.0
 10
56.7442
 20
7.1307
 30
0.0
 10
56.5763
 20
6.9706
 30
0.0
 10
56.3757
 20
6.8897
 30
0.0
 10
56.1424
 20
6.8897
 30
0.0
 10
56.1424
 20
6.8897
 30
0.0
 10
55.3633
 20
6.8897
 30
0.0
 10
55.3633
 20
6.8897
 30
0.0
 10
55.3633
 20
6.8897
 30
0.0
 10
54.5841
 20
6.8897
 30
0.0
 10
54.5841
 20
6.8897
 30
0.0
 10
54.5841
 20
6.8897
 30
0.0
 10
53.805
 20
6.8897
 30
0.0
 10
53.805
 20
6.8897
 30
0.0
 10
53.805
 20
6.8897
 30
0.0
 10
53.0258
 20
6.8897
 30
0.0
 10
53.0258
 20
6.8897
 30
0.0
 10
53.0258
 20
6.8897
 30
0.0
 10
52.2467
 20
6.8897
 30
0.0
 10
52.2467
 20
6.8897
 30
0.0
 10
52.2467
 20
6.8897
 30
0.0
 10
51.4675
 20
6.8897
 30
0.0
 10
51.4675
 20
6.8897
 30
0.0
 10
51.4675
 20
6.8897
 30
0.0
 10
50.6884
 20
6.8897
 30
0.0
 10
50.6884
 20
6.8897
 30
0.0
 10
50.6884
 20
6.8897
 30
0.0
 10
49.9092
 20
6.8897
 30
0.0
 10
49.9092
 20
6.8897
 30
0.0
 10
49.9092
 20
6.8897
 30
0.0
 10
49.1301
 20
6.8897
 30
0.0
 10
49.1301
 20
6.8897
 30
0.0
 10
49.1301
 20
6.8897
 30
0.0
 10
48.351
 20
6.8897
 30
0.0
 10
48.351
 20
6.8897
 30
0.0
 10
48.351
 20
6.8897
 30
0.0
 10
47.5718
 20
6.8897
 30
0.0
 10
47.5718
 20
6.8897
 30
0.0
 10
47.5718
 20
6.8897
 30
0.0
 10
46.7927
 20
6.8897
 30
0.0
 10
46.7927
 20
6.8897
 30
0.0
 10
46.7927
 20
6.8897
 30
0.0
 10
46.0135
 20
6.8897
 30
0.0
 10
46.0135
 20
6.8897
 30
0.0
 10
46.0135
 20
6.8897
 30
0.0
 10
45.2888
 20
6.8897
 30
0.0
 10
45.2888
 20
6.8897
 30
0.0
 10
45.2706
 20
6.8891
 30
0.0
 10
45.2531
 20
6.8891
 30
0.0
 10
45.236
 20
6.8897
 30
0.0
 10
45.236
 20
6.8897
 30
0.0
 10
45.2344
 20
6.8897
 30
0.0
 10
45.2344
 20
6.8897
 30
0.0
 10
45.2344
 20
6.8897
 30
0.0
 10
45.2344
 20
6.8898
 30
0.0
 10
45.2344
 20
6.8898
 30
0.0
 10
45.1611
 20
6.8927
 30
0.0
 10
45.0971
 20
6.9062
 30
0.0
 10
45.0431
 20
6.9301
 30
0.0
 10
45.0711
 20
6.7964
 30
0.0
 10
45.0834
 20
6.6688
 30
0.0
 10
45.0834
 20
6.5476
 30
0.0
 10
45.0834
 20
6.333
 30
0.0
 10
45.029
 20
6.0732
 30
0.0
 10
44.9201
 20
5.7684
 30
0.0
 10
44.8922
 20
5.6923
 30
0.0
 10
44.7492
 20
5.5399
 30
0.0
 10
44.4879
 20
5.3082
 30
0.0
 10
44.1659
 20
5.0205
 30
0.0
 10
43.8285
 20
4.7841
 30
0.0
 10
43.4755
 20
4.5975
 30
0.0
 10
43.006
 20
4.3518
 30
0.0
 10
42.5581
 20
4.229
 30
0.0
 10
42.1367
 20
4.229
 30
0.0
 10
41.4509
 20
4.229
 30
0.0
 10
41.1072
 20
4.6721
 30
0.0
 10
41.1072
 20
5.56
 30
0.0
 10
41.1072
 20
6.2039
 30
0.0
 10
41.2254
 20
6.759
 30
0.0
 10
41.4618
 20
7.2271
 30
0.0
 10
41.5256
 20
7.3546
 30
0.0
 10
41.58
 20
7.4184
 30
0.0
 10
41.6219
 20
7.4184
 30
0.0
 10
41.6406
 20
7.4184
 30
0.0
 10
41.6498
 20
7.3997
 30
0.0
 10
41.6484
 20
7.364
 30
0.0
 10
41.6498
 20
7.3173
 30
0.0
 10
41.6313
 20
7.252
 30
0.0
 10
41.5939
 20
7.1681
 30
0.0
 10
41.4183
 20
6.7606
 30
0.0
 10
41.3295
 20
6.3609
 30
0.0
 10
41.3295
 20
5.9691
 30
0.0
 10
41.3295
 20
5.2351
 30
0.0
 10
41.6126
 20
4.8681
 30
0.0
 10
42.1771
 20
4.8712
 30
0.0
 10
42.7634
 20
4.8743
 30
0.0
 10
43.3729
 20
5.0827
 30
0.0
 10
44.0042
 20
5.4964
 30
0.0
 10
44.5267
 20
5.8385
 30
0.0
 10
44.816
 20
6.1044
 30
0.0
 10
44.8704
 20
6.2925
 30
0.0
 10
44.8766
 20
6.3174
 30
0.0
 10
44.8798
 20
6.3422
 30
0.0
 10
44.8798
 20
6.3702
 30
0.0
 10
44.8798
 20
6.5397
 30
0.0
 10
44.7242
 20
6.8586
 30
0.0
 10
44.4148
 20
7.3219
 30
0.0
 10
44.4055
 20
7.3344
 30
0.0
 10
44.4009
 20
7.3562
 30
0.0
 10
44.4009
 20
7.3857
 30
0.0
 10
44.4009
 20
7.4355
 30
0.0
 10
44.4148
 20
7.5303
 30
0.0
 10
44.4412
 20
7.6702
 30
0.0
 10
44.4692
 20
7.8118
 30
0.0
 10
44.4832
 20
7.9036
 30
0.0
 10
44.4832
 20
7.9471
 30
0.0
 10
44.4987
 20
7.9735
 30
0.0
 10
44.519
 20
7.9767
 30
0.0
 10
44.547
 20
7.9564
 30
0.0
 10
44.6169
 20
7.8553
 30
0.0
 10
44.7165
 20
7.7248
 30
0.0
 10
44.8471
 20
7.5645
 30
0.0
 10
44.8681
 20
7.5403
 30
0.0
 10
45.0074
 20
7.528
 30
0.0
 10
45.2637
 20
7.5273
 30
0.0
 10
45.2637
 20
7.5273
 30
0.0
 10
45.2761
 20
7.5273
 30
0.0
 10
45.2761
 20
7.5273
 30
0.0
 10
45.2761
 20
7.5273
 30
0.0
 10
45.2888
 20
7.5273
 30
0.0
 10
45.2888
 20
7.5273
 30
0.0
 10
45.2888
 20
7.5273
 30
0.0
 10
46.0135
 20
7.5273
 30
0.0
 10
46.0135
 20
7.5273
 30
0.0
 10
46.0135
 20
7.5273
 30
0.0
 10
46.7927
 20
7.5273
 30
0.0
 10
46.7927
 20
7.5273
 30
0.0
 10
46.7927
 20
7.5273
 30
0.0
 10
47.5718
 20
7.5273
 30
0.0
 10
47.5718
 20
7.5273
 30
0.0
 10
47.5718
 20
7.5273
 30
0.0
 10
48.351
 20
7.5273
 30
0.0
 10
48.351
 20
7.5273
 30
0.0
 10
48.351
 20
7.5273
 30
0.0
 10
49.1301
 20
7.5273
 30
0.0
 10
49.1301
 20
7.5273
 30
0.0
 10
49.1301
 20
7.5273
 30
0.0
 10
49.9092
 20
7.5273
 30
0.0
 10
49.9092
 20
7.5273
 30
0.0
 10
49.9092
 20
7.5273
 30
0.0
 10
50.6884
 20
7.5273
 30
0.0
 10
50.6884
 20
7.5273
 30
0.0
 10
50.6884
 20
7.5273
 30
0.0
 10
51.4675
 20
7.5273
 30
0.0
 10
51.4675
 20
7.5273
 30
0.0
 10
51.4675
 20
7.5273
 30
0.0
 10
52.2467
 20
7.5273
 30
0.0
 10
52.2467
 20
7.5273
 30
0.0
 10
52.2467
 20
7.5273
 30
0.0
 10
53.0258
 20
7.5273
 30
0.0
 10
53.0258
 20
7.5273
 30
0.0
 10
53.0258
 20
7.5273
 30
0.0
 10
53.805
 20
7.5273
 30
0.0
 10
53.805
 20
7.5273
 30
0.0
 10
53.805
 20
7.5273
 30
0.0
 10
54.5841
 20
7.5273
 30
0.0
 10
54.5841
 20
7.5273
 30
0.0
 10
54.5841
 20
7.5273
 30
0.0
 10
55.3633
 20
7.5273
 30
0.0
 10
55.3633
 20
7.5273
 30
0.0
 10
55.3633
 20
7.5273
 30
0.0
 10
56.1424
 20
7.5273
 30
0.0
 10
56.1424
 20
7.5273
 30
0.0
 10
56.4285
 20
7.5273
 30
0.0
 10
56.6385
 20
7.5754
 30
0.0
 10
56.7754
 20
7.6734
 30
0.0
 10
56.8126
 20
7.6982
 30
0.0
 10
56.8577
 20
7.7636
 30
0.0
 10
56.9121
 20
7.8693
 30
0.0
 10
56.9759
 20
7.9938
 30
0.0
 10
57.0148
 20
8.0637
 30
0.0
 10
57.0257
 20
8.0793
 30
0.0
 10
57.1781
 20
8.2768
 30
0.0
 10
57.2542
 20
8.3157
 30
0.0
 10
57.2542
 20
8.1975
 30
0.0
 10
57.2542
 20
8.1539
 30
0.0
 10
57.2419
 20
8.0979
 30
0.0
 10
57.2169
 20
8.028
 30
0.0
 10
57.2325
 20
7.9859
 30
0.0
 10
57.2574
 20
7.9332
 30
0.0
 10
57.2932
 20
7.8709
 30
0.0
 10
57.3273
 20
7.8087
 30
0.0
 10
57.4144
 20
7.7356
 30
0.0
 10
57.5544
 20
7.6531
 30
0.0
 10
57.6921
 20
7.5705
 30
0.0
 10
57.7983
 20
7.5286
 30
0.0
 10
57.8743
 20
7.5273
 30
0.0
 10
57.8743
 20
7.5273
 30
0.0
 10
57.8779
 20
7.5273
 30
0.0
 10
57.8779
 20
7.5273
 30
0.0
 10
57.8779
 20
7.5273
 30
0.0
 10
58.5792
 20
7.5273
 30
0.0
 10
58.5792
 20
7.5273
 30
0.0
 10
58.5792
 20
7.5273
 30
0.0
 10
59.3583
 20
7.5273
 30
0.0
 10
59.3583
 20
7.5273
 30
0.0
 10
59.3583
 20
7.5273
 30
0.0
 10
60.1375
 20
7.5273
 30
0.0
 10
60.1375
 20
7.5273
 30
0.0
 10
60.1375
 20
7.5273
 30
0.0
 10
60.9166
 20
7.5273
 30
0.0
 10
60.9166
 20
7.5273
 30
0.0
 10
61.2774
 20
7.5273
 30
0.0
 10
61.5931
 20
7.5847
 30
0.0
 10
61.859
 20
7.7014
 30
0.0
 10
62.1156
 20
7.8102
 30
0.0
 10
62.383
 20
7.9984
 30
0.0
 10
62.666
 20
8.2658
 30
0.0
 10
62.6179
 20
8.4385
 30
0.0
 10
62.4109
 20
8.5209
 30
0.0
 10
62.0471
 20
8.5116
 30
0.0
 10
61.7517
 20
8.5054
 30
0.0
 10
61.635
 20
8.5022
 30
0.0
 10
61.6958
 20
8.5022
 30
0.0
 10
61.5168
 20
8.5022
 30
0.0
 10
61.3893
 20
8.5334
 30
0.0
 10
61.3132
 20
8.594
 30
0.0
 10
61.2182
 20
8.6733
 30
0.0
 10
61.1685
 20
8.8211
 30
0.0
 10
61.1623
 20
9.0403
 30
0.0
 10
61.156
 20
9.3171
 30
0.0
 10
61.2369
 20
9.555
 30
0.0
 10
61.4049
 20
9.7557
 30
0.0
 10
61.5557
 20
9.9345
 30
0.0
 10
61.7206
 20
10.0246
 30
0.0
 10
61.8963
 20
10.0246
 30
0.0
 10
62.0626
 20
10.0246
 30
0.0
 10
62.2601
 20
9.8815
 30
0.0
 10
62.4888
 20
9.5954
 30
0.0
 10
62.7437
 20
9.2767
 30
0.0
 10
62.8714
 20
8.9439
 30
0.0
 10
62.8714
 20
8.5986
 30
0.0
  0
SPLINE
  5
71
330
1F
100
AcDbEntity
  8
Layer 1
 62
   250
100
AcDbSpline
210
0.0
220
0.0
230
1.0
 70
    11
 71
     3
 72
    23
 73
    19
 74
     0
 42
0.0000000001
 43
0.0000000001
 40
0.0
 40
0.0
 40
0.0
 40
0.0
 40
0.1666666666666667
 40
0.1666666666666667
 40
0.1666666666666667
 40
0.3333333333333333
 40
0.3333333333333333
 40
0.3333333333333333
 40
0.5
 40
0.5
 40
0.5
 40
0.6666666666666666
 40
0.6666666666666666
 40
0.6666666666666666
 40
0.8333333333333333
 40
0.8333333333333333
 40
0.8333333333333333
 40
1.0
 40
1.0
 40
1.0
 40
1.0
 10
62.2337
 20
9.076
 30
0.0
 10
62.1093
 20
9.2129
 30
0.0
 10
62.0409
 20
9.286
 30
0.0
 10
62.0284
 20
9.2954
 30
0.0
 10
61.9523
 20
9.359
 30
0.0
 10
61.8637
 20
9.3902
 30
0.0
 10
61.7641
 20
9.3902
 30
0.0
 10
61.6086
 20
9.3902
 30
0.0
 10
61.5277
 20
9.3202
 30
0.0
 10
61.5184
 20
9.1818
 30
0.0
 10
61.551
 20
9.1289
 30
0.0
 10
61.6304
 20
9.1025
 30
0.0
 10
61.7548
 20
9.0993
 30
0.0
 10
61.8434
 20
9.0993
 30
0.0
 10
61.9321
 20
9.1009
 30
0.0
 10
62.0238
 20
9.1041
 30
0.0
 10
62.0938
 20
9.0979
 30
0.0
 10
62.1637
 20
9.0885
 30
0.0
 10
62.2337
 20
9.076
 30
0.0
  0
SPLINE
  5
72
330
1F
100
AcDbEntity
  8
Layer 1
 62
   250
100
AcDbSpline
210
0.0
220
0.0
230
1.0
 70
    11
 71
     3
 72
    23
 73
    19
 74
     0
 42
0.0000000001
 43
0.0000000001
 40
0.0
 40
0.0
 40
0.0
 40
0.0
 40
0.1666666666666667
 40
0.1666666666666667
 40
0.1666666666666667
 40
0.3333333333333333
 40
0.3333333333333333
 40
0.3333333333333333
 40
0.5
 40
0.5
 40
0.5
 40
0.6666666666666666
 40
0.6666666666666666
 40
0.6666666666666666
 40
0.8333333333333333
 40
0.8333333333333333
 40
0.8333333333333333
 40
1.0
 40
1.0
 40
1.0
 40
1.0
 10
57.951
 20
5.7187
 30
0.0
 10
57.951
 20
5.6705
 30
0.0
 10
57.9307
 20
5.5866
 30
0.0
 10
57.8918
 20
5.4684
 30
0.0
 10
57.8437
 20
5.3253
 30
0.0
 10
57.7907
 20
5.2226
 30
0.0
 10
57.7317
 20
5.1589
 30
0.0
 10
57.6196
 20
5.2226
 30
0.0
 10
57.5062
 20
5.2848
 30
0.0
 10
57.3911
 20
5.3454
 30
0.0
 10
57.2419
 20
5.4356
 30
0.0
 10
57.1672
 20
5.5057
 30
0.0
 10
57.1672
 20
5.5554
 30
0.0
 10
57.2745
 20
5.8866
 30
0.0
 10
57.3492
 20
6.0515
 30
0.0
 10
57.3957
 20
6.0515
 30
0.0
 10
57.766
 20
5.8898
 30
0.0
 10
57.951
 20
5.7793
 30
0.0
 10
57.951
 20
5.7187
 30
0.0
  0
SPLINE
  5
73
330
1F
100
AcDbEntity
  8
Layer 1
 62
   250
100
AcDbSpline
210
0.0
220
0.0
230
1.0
 70
    11
 71
     3
 72
    26
 73
    22
 74
     0
 42
0.0000000001
 43
0.0000000001
 40
0.0
 40
0.0
 40
0.0
 40
0.0
 40
0.1428571428571428
 40
0.1428571428571428
 40
0.1428571428571428
 40
0.2857142857142857
 40
0.2857142857142857
 40
0.2857142857142857
 40
0.4285714285714285
 40
0.4285714285714285
 40
0.4285714285714285
 40
0.5714285714285714
 40
0.5714285714285714
 40
0.5714285714285714
 40
0.7142857142857142
 40
0.7142857142857142
 40
0.7142857142857142
 40
0.8571428571428571
 40
0.8571428571428571
 40
0.8571428571428571
 40
1.0
 40
1.0
 40
1.0
 40
1.0
 10
57.0537
 20
5.6456
 30
0.0
 10
57.0537
 20
5.5695
 30
0.0
 10
57.0335
 20
5.4793
 30
0.0
 10
56.9946
 20
5.372
 30
0.0
 10
56.9495
 20
5.2444
 30
0.0
 10
56.8966
 20
5.1807
 30
0.0
 10
56.839
 20
5.1807
 30
0.0
 10
56.8157
 20
5.1807
 30
0.0
 10
56.724
 20
5.2272
 30
0.0
 10
56.5654
 20
5.3174
 30
0.0
 10
56.3928
 20
5.4217
 30
0.0
 10
56.3057
 20
5.4978
 30
0.0
 10
56.3057
 20
5.5508
 30
0.0
 10
56.3057
 20
5.5989
 30
0.0
 10
56.3804
 20
5.7855
 30
0.0
 10
56.5296
 20
6.1105
 30
0.0
 10
56.6214
 20
6.0189
 30
0.0
 10
56.7474
 20
5.9271
 30
0.0
 10
56.9075
 20
5.8322
 30
0.0
 10
57.0055
 20
5.7779
 30
0.0
 10
57.0537
 20
5.7156
 30
0.0
 10
57.0537
 20
5.6456
 30
0.0
  0
SPLINE
  5
74
330
1F
100
AcDbEntity
  8
Layer 1
 62
   250
100
AcDbSpline
210
0.0
220
0.0
230
1.0
 70
    11
 71
     3
 72
    59
 73
    55
 74
     0
 42
0.0000000001
 43
0.0000000001
 40
0.0
 40
0.0
 40
0.0
 40
0.0
 40
0.0555555555555556
 40
0.0555555555555556
 40
0.0555555555555556
 40
0.1111111111111111
 40
0.1111111111111111
 40
0.1111111111111111
 40
0.1666666666666667
 40
0.1666666666666667
 40
0.1666666666666667
 40
0.2222222222222222
 40
0.2222222222222222
 40
0.2222222222222222
 40
0.2777777777777778
 40
0.2777777777777778
 40
0.2777777777777778
 40
0.3333333333333333
 40
0.3333333333333333
 40
0.3333333333333333
 40
0.3888888888888888
 40
0.3888888888888888
 40
0.3888888888888888
 40
0.4444444444444444
 40
0.4444444444444444
 40
0.4444444444444444
 40
0.5
 40
0.5
 40
0.5
 40
0.5555555555555556
 40
0.5555555555555556
 40
0.5555555555555556
 40
0.611111111111111
 40
0.611111111111111
 40
0.611111111111111
 40
0.6666666666666666
 40
0.6666666666666666
 40
0.6666666666666666
 40
0.7222222222222222
 40
0.7222222222222222
 40
0.7222222222222222
 40
0.7777777777777777
 40
0.7777777777777777
 40
0.7777777777777777
 40
0.8333333333333333
 40
0.8333333333333333
 40
0.8333333333333333
 40
0.8888888888888888
 40
0.8888888888888888
 40
0.8888888888888888
 40
0.9444444444444444
 40
0.9444444444444444
 40
0.9444444444444444
 40
1.0
 40
1.0
 40
1.0
 40
1.0
 10
42.1491
 20
8.3063
 30
0.0
 10
42.1616
 20
8.1539
 30
0.0
 10
42.1678
 20
8.0077
 30
0.0
 10
42.1678
 20
7.8647
 30
0.0
 10
42.1678
 20
7.3608
 30
0.0
 10
42.1087
 20
6.997
 30
0.0
 10
41.9905
 20
6.7761
 30
0.0
 10
41.9454
 20
6.6906
 30
0.0
 10
41.9112
 20
6.6486
 30
0.0
 10
41.8894
 20
6.6486
 30
0.0
 10
41.8568
 20
6.6486
 30
0.0
 10
41.8521
 20
6.7451
 30
0.0
 10
41.8769
 20
6.9394
 30
0.0
 10
41.9065
 20
7.185
 30
0.0
 10
41.9081
 20
7.4417
 30
0.0
 10
41.8817
 20
7.7091
 30
0.0
 10
41.7712
 20
8.5785
 30
0.0
 10
41.6204
 20
9.8847
 30
0.0
 10
41.4261
 20
11.6279
 30
0.0
 10
41.4012
 20
11.9466
 30
0.0
 10
41.3607
 20
12.407
 30
0.0
 10
41.3031
 20
13.0088
 30
0.0
 10
41.2938
 20
13.0415
 30
0.0
 10
41.2518
 20
13.1317
 30
0.0
 10
41.1787
 20
13.2762
 30
0.0
 10
41.1617
 20
13.3105
 30
0.0
 10
41.2099
 20
13.5033
 30
0.0
 10
41.325
 20
13.8547
 30
0.0
 10
41.3311
 20
13.8764
 30
0.0
 10
41.3405
 20
13.8875
 30
0.0
 10
41.353
 20
13.8875
 30
0.0
 10
41.3824
 20
13.8875
 30
0.0
 10
41.4261
 20
13.8221
 30
0.0
 10
41.4805
 20
13.6914
 30
0.0
 10
41.5737
 20
13.4908
 30
0.0
 10
41.6671
 20
13.2903
 30
0.0
 10
41.7588
 20
13.0896
 30
0.0
 10
41.9035
 20
12.7801
 30
0.0
 10
41.9766
 20
12.5874
 30
0.0
 10
41.9766
 20
12.5112
 30
0.0
 10
41.9766
 20
12.4878
 30
0.0
 10
41.9671
 20
12.4753
 30
0.0
 10
41.95
 20
12.4753
 30
0.0
 10
41.9377
 20
12.4753
 30
0.0
 10
41.9174
 20
12.4848
 30
0.0
 10
41.8894
 20
12.5019
 30
0.0
 10
41.8147
 20
12.5609
 30
0.0
 10
41.734
 20
12.6325
 30
0.0
 10
41.6484
 20
12.7211
 30
0.0
 10
41.6422
 20
12.6356
 30
0.0
 10
41.7044
 20
12.0773
 30
0.0
 10
41.835
 20
11.0448
 30
0.0
 10
41.9937
 20
9.8147
 30
0.0
 10
42.0978
 20
8.9018
 30
0.0
 10
42.1491
 20
8.3063
 30
0.0
  0
SPLINE
  5
75
330
1F
100
AcDbEntity
  8
Layer 1
 62
   250
100
AcDbSpline
210
0.0
220
0.0
230
1.0
 70
    11
 71
     3
 72
    20
 73
    16
 74
     0
 42
0.0000000001
 43
0.0000000001
 40
0.0
 40
0.0
 40
0.0
 40
0.0
 40
0.2
 40
0.2
 40
0.2
 40
0.4
 40
0.4
 40
0.4
 40
0.6000000000000001
 40
0.6000000000000001
 40
0.6000000000000001
 40
0.8
 40
0.8
 40
0.8
 40
1.0
 40
1.0
 40
1.0
 40
1.0
 10
40.9019
 20
8.7262
 30
0.0
 10
40.5552
 20
9.0776
 30
0.0
 10
40.2332
 20
9.2549
 30
0.0
 10
39.9363
 20
9.2549
 30
0.0
 10
39.5599
 20
9.2549
 30
0.0
 10
39.1245
 20
9.0357
 30
0.0
 10
38.6332
 20
8.5986
 30
0.0
 10
38.4776
 20
8.4619
 30
0.0
 10
38.1573
 20
8.1275
 30
0.0
 10
37.672
 20
7.5957
 30
0.0
 10
38.2273
 20
7.6843
 30
0.0
 10
38.8772
 20
7.8662
 30
0.0
 10
39.6222
 20
8.143
 30
0.0
 10
40.2691
 20
8.3856
 30
0.0
 10
40.6951
 20
8.58
 30
0.0
 10
40.9019
 20
8.7262
 30
0.0
  0
SPLINE
  5
76
330
1F
100
AcDbEntity
  8
Layer 1
 62
   250
100
AcDbSpline
210
0.0
220
0.0
230
1.0
 70
    11
 71
     3
 72
    29
 73
    25
 74
     0
 42
0.0000000001
 43
0.0000000001
 40
0.0
 40
0.0
 40
0.0
 40
0.0
 40
0.125
 40
0.125
 40
0.125
 40
0.25
 40
0.25
 40
0.25
 40
0.375
 40
0.375
 40
0.375
 40
0.5
 40
0.5
 40
0.5
 40
0.625
 40
0.625
 40
0.625
 40
0.75
 40
0.75
 40
0.75
 40
0.875
 40
0.875
 40
0.875
 40
1.0
 40
1.0
 40
1.0
 40
1.0
 10
24.8976
 20
-17.9322
 30
0.0
 10
24.8334
 20
-18.1305
 30
0.0
 10
24.7856
 20
-18.2916
 30
0.0
 10
24.7541
 20
-18.4152
 30
0.0
 10
24.7214
 20
-18.5377
 30
0.0
 10
24.6841
 20
-18.7151
 30
0.0
 10
24.641
 20
-18.9449
 30
0.0
 10
24.4473
 20
-18.8352
 30
0.0
 10
24.2944
 20
-18.7419
 30
0.0
 10
24.1859
 20
-18.6649
 30
0.0
 10
24.1124
 20
-18.6124
 30
0.0
 10
23.9783
 20
-18.5086
 30
0.0
 10
23.7846
 20
-18.3534
 30
0.0
 10
23.8324
 20
-18.1457
 30
0.0
 10
23.8767
 20
-17.9754
 30
0.0
 10
23.9165
 20
-17.8401
 30
0.0
 10
23.9561
 20
-17.7059
 30
0.0
 10
24.0157
 20
-17.5309
 30
0.0
 10
24.0927
 20
-17.3139
 30
0.0
 10
24.2209
 20
-17.4259
 30
0.0
 10
24.3493
 20
-17.5321
 30
0.0
 10
24.4799
 20
-17.6324
 30
0.0
 10
24.5662
 20
-17.6977
 30
0.0
 10
24.7063
 20
-17.798
 30
0.0
 10
24.8976
 20
-17.9322
 30
0.0
  0
SPLINE
  5
77
330
1F
100
AcDbEntity
  8
Layer 1
 62
   250
100
AcDbSpline
210
0.0
220
0.0
230
1.0
 70
    11
 71
     3
 72
    77
 73
    73
 74
     0
 42
0.0000000001
 43
0.0000000001
 40
0.0
 40
0.0
 40
0.0
 40
0.0
 40
0.0416666666666667
 40
0.0416666666666667
 40
0.0416666666666667
 40
0.0833333333333333
 40
0.0833333333333333
 40
0.0833333333333333
 40
0.125
 40
0.125
 40
0.125
 40
0.1666666666666667
 40
0.1666666666666667
 40
0.1666666666666667
 40
0.2083333333333333
 40
0.2083333333333333
 40
0.2083333333333333
 40
0.25
 40
0.25
 40
0.25
 40
0.2916666666666666
 40
0.2916666666666666
 40
0.2916666666666666
 40
0.3333333333333333
 40
0.3333333333333333
 40
0.3333333333333333
 40
0.375
 40
0.375
 40
0.375
 40
0.4166666666666666
 40
0.4166666666666666
 40
0.4166666666666666
 40
0.4583333333333333
 40
0.4583333333333333
 40
0.4583333333333333
 40
0.5
 40
0.5
 40
0.5
 40
0.5416666666666666
 40
0.5416666666666666
 40
0.5416666666666666
 40
0.5833333333333333
 40
0.5833333333333333
 40
0.5833333333333333
 40
0.625
 40
0.625
 40
0.625
 40
0.6666666666666666
 40
0.6666666666666666
 40
0.6666666666666666
 40
0.7083333333333333
 40
0.7083333333333333
 40
0.7083333333333333
 40
0.75
 40
0.75
 40
0.75
 40
0.7916666666666666
 40
0.7916666666666666
 40
0.7916666666666666
 40
0.8333333333333333
 40
0.8333333333333333
 40
0.8333333333333333
 40
0.875
 40
0.875
 40
0.875
 40
0.9166666666666666
 40
0.9166666666666666
 40
0.9166666666666666
 40
0.9583333333333333
 40
0.9583333333333333
 40
0.9583333333333333
 40
1.0
 40
1.0
 40
1.0
 40
1.0
 10
65.1282
 20
-19.4488
 30
0.0
 10
65.1282
 20
-19.0604
 30
0.0
 10
65.169
 20
-18.694
 30
0.0
 10
65.2495
 20
-18.3511
 30
0.0
 10
65.3301
 20
-18.0081
 30
0.0
 10
65.4631
 20
-17.686
 30
0.0
 10
65.6473
 20
-17.3839
 30
0.0
 10
65.3079
 20
-17.3839
 30
0.0
 10
65.0559
 20
-17.3478
 30
0.0
 10
64.8914
 20
-17.2766
 30
0.0
 10
64.7269
 20
-17.2043
 30
0.0
 10
64.6452
 20
-17.0981
 30
0.0
 10
64.6452
 20
-16.9569
 30
0.0
 10
64.6452
 20
-16.8507
 30
0.0
 10
64.6895
 20
-16.7143
 30
0.0
 10
64.7783
 20
-16.5498
 30
0.0
 10
64.868
 20
-16.3841
 30
0.0
 10
64.9976
 20
-16.201
 30
0.0
 10
65.169
 20
-15.998
 30
0.0
 10
65.3032
 20
-15.83
 30
0.0
 10
65.4374
 20
-15.6993
 30
0.0
 10
65.5727
 20
-15.606
 30
0.0
 10
65.7069
 20
-15.5126
 30
0.0
 10
65.8259
 20
-15.4659
 30
0.0
 10
65.9286
 20
-15.4659
 30
0.0
 10
66.0487
 20
-15.4659
 30
0.0
 10
66.1747
 20
-15.515
 30
0.0
 10
66.3065
 20
-15.6129
 30
0.0
 10
66.4372
 20
-15.7098
 30
0.0
 10
66.5876
 20
-15.8672
 30
0.0
 10
66.7592
 20
-16.0831
 30
0.0
 10
66.7592
 20
-16.0831
 30
0.0
 10
66.7253
 20
-16.1169
 30
0.0
 10
66.7253
 20
-16.1169
 30
0.0
 10
66.5586
 20
-16.0598
 30
0.0
 10
66.4313
 20
-16.0224
 30
0.0
 10
66.3439
 20
-16.0038
 30
0.0
 10
66.2564
 20
-15.9863
 30
0.0
 10
66.156
 20
-15.977
 30
0.0
 10
66.044
 20
-15.977
 30
0.0
 10
65.7593
 20
-15.977
 30
0.0
 10
65.5318
 20
-16.0155
 30
0.0
 10
65.3615
 20
-16.0912
 30
0.0
 10
65.1924
 20
-16.1683
 30
0.0
 10
65.1072
 20
-16.2639
 30
0.0
 10
65.1072
 20
-16.3771
 30
0.0
 10
65.1072
 20
-16.5007
 30
0.0
 10
65.169
 20
-16.5964
 30
0.0
 10
65.2916
 20
-16.6652
 30
0.0
 10
65.4152
 20
-16.7341
 30
0.0
 10
65.5844
 20
-16.7679
 30
0.0
 10
65.8014
 20
-16.7679
 30
0.0
 10
65.9973
 20
-16.7679
 30
0.0
 10
66.1759
 20
-16.7481
 30
0.0
 10
66.3357
 20
-16.7096
 30
0.0
 10
66.4967
 20
-16.6711
 30
0.0
 10
66.7171
 20
-16.5871
 30
0.0
 10
66.9971
 20
-16.46
 30
0.0
 10
66.9971
 20
-16.46
 30
0.0
 10
66.8432
 20
-17.1109
 30
0.0
 10
66.8432
 20
-17.1109
 30
0.0
 10
66.6203
 20
-17.188
 30
0.0
 10
66.401
 20
-17.3268
 30
0.0
 10
66.1876
 20
-17.5262
 30
0.0
 10
65.9507
 20
-17.7467
 30
0.0
 10
65.7547
 20
-18.0105
 30
0.0
 10
65.5995
 20
-18.3173
 30
0.0
 10
65.4246
 20
-18.6626
 30
0.0
 10
65.3137
 20
-19.0394
 30
0.0
 10
65.2682
 20
-19.4488
 30
0.0
 10
65.2682
 20
-19.4488
 30
0.0
 10
65.1282
 20
-19.4488
 30
0.0
 10
65.1282
 20
-19.4488
 30
0.0
  0
SPLINE
  5
78
330
1F
100
AcDbEntity
  8
Layer 1
 62
   250
100
AcDbSpline
210
0.0
220
0.0
230
1.0
 70
    11
 71
     3
 72
    65
 73
    61
 74
     0
 42
0.0000000001
 43
0.0000000001
 40
0.0
 40
0.0
 40
0.0
 40
0.0
 40
0.05
 40
0.05
 40
0.05
 40
0.1
 40
0.1
 40
0.1
 40
0.15
 40
0.15
 40
0.15
 40
0.2
 40
0.2
 40
0.2
 40
0.25
 40
0.25
 40
0.25
 40
0.3
 40
0.3
 40
0.3
 40
0.35
 40
0.35
 40
0.35
 40
0.4
 40
0.4
 40
0.4
 40
0.45
 40
0.45
 40
0.45
 40
0.5
 40
0.5
 40
0.5
 40
0.55
 40
0.55
 40
0.55
 40
0.6000000000000001
 40
0.6000000000000001
 40
0.6000000000000001
 40
0.65
 40
0.65
 40
0.65
 40
0.7000000000000001
 40
0.7000000000000001
 40
0.7000000000000001
 40
0.75
 40
0.75
 40
0.75
 40
0.8
 40
0.8
 40
0.8
 40
0.8500000000000001
 40
0.8500000000000001
 40
0.8500000000000001
 40
0.9
 40
0.9
 40
0.9
 40
0.9500000000000001
 40
0.9500000000000001
 40
0.9500000000000001
 40
1.0
 40
1.0
 40
1.0
 40
1.0
 10
63.0142
 20
-16.0096
 30
0.0
 10
63.0142
 20
-16.2605
 30
0.0
 10
62.9548
 20
-16.4611
 30
0.0
 10
62.8358
 20
-16.6127
 30
0.0
 10
62.7051
 20
-16.7772
 30
0.0
 10
62.5208
 20
-16.8589
 30
0.0
 10
62.2828
 20
-16.8589
 30
0.0
 10
62.2525
 20
-16.8589
 30
0.0
 10
62.1731
 20
-16.8496
 30
0.0
 10
62.0447
 20
-16.8309
 30
0.0
 10
62.1323
 20
-17.0141
 30
0.0
 10
62.1941
 20
-17.1588
 30
0.0
 10
62.2315
 20
-17.2661
 30
0.0
 10
62.2933
 20
-17.4458
 30
0.0
 10
62.3399
 20
-17.6557
 30
0.0
 10
62.3714
 20
-17.8972
 30
0.0
 10
62.4041
 20
-18.1399
 30
0.0
 10
62.4205
 20
-18.4631
 30
0.0
 10
62.4205
 20
-18.8691
 30
0.0
 10
62.4205
 20
-18.9391
 30
0.0
 10
62.4181
 20
-19.0546
 30
0.0
 10
62.4134
 20
-19.2155
 30
0.0
 10
62.4088
 20
-19.3765
 30
0.0
 10
62.4064
 20
-19.4629
 30
0.0
 10
62.4064
 20
-19.4769
 30
0.0
 10
62.4064
 20
-19.4769
 30
0.0
 10
62.3014
 20
-19.4769
 30
0.0
 10
62.3014
 20
-19.4769
 30
0.0
 10
62.1276
 20
-18.7407
 30
0.0
 10
62.0133
 20
-18.2764
 30
0.0
 10
61.9561
 20
-18.0827
 30
0.0
 10
61.8464
 20
-17.7035
 30
0.0
 10
61.7169
 20
-17.3746
 30
0.0
 10
61.5676
 20
-17.0923
 30
0.0
 10
61.4171
 20
-16.8111
 30
0.0
 10
61.1931
 20
-16.4832
 30
0.0
 10
60.8945
 20
-16.11
 30
0.0
 10
60.8945
 20
-16.11
 30
0.0
 10
61.1219
 20
-15.417
 30
0.0
 10
61.1219
 20
-15.417
 30
0.0
 10
61.2748
 20
-15.6339
 30
0.0
 10
61.4101
 20
-15.795
 30
0.0
 10
61.528
 20
-15.9
 30
0.0
 10
61.7438
 20
-16.0912
 30
0.0
 10
61.9725
 20
-16.1869
 30
0.0
 10
62.214
 20
-16.1869
 30
0.0
 10
62.4683
 20
-16.1869
 30
0.0
 10
62.6445
 20
-16.1018
 30
0.0
 10
62.7424
 20
-15.9303
 30
0.0
 10
62.7973
 20
-15.8369
 30
0.0
 10
62.8393
 20
-15.6678
 30
0.0
 10
62.8685
 20
-15.4239
 30
0.0
 10
62.8685
 20
-15.4239
 30
0.0
 10
62.9874
 20
-15.417
 30
0.0
 10
62.9874
 20
-15.417
 30
0.0
 10
62.9967
 20
-15.4975
 30
0.0
 10
63.0038
 20
-15.5896
 30
0.0
 10
63.0084
 20
-15.6958
 30
0.0
 10
63.0119
 20
-15.8019
 30
0.0
 10
63.0142
 20
-15.907
 30
0.0
 10
63.0142
 20
-16.0096
 30
0.0
  0
SPLINE
  5
79
330
1F
100
AcDbEntity
  8
Layer 1
 62
   250
100
AcDbSpline
210
0.0
220
0.0
230
1.0
 70
    11
 71
     3
 72
    47
 73
    43
 74
     0
 42
0.0000000001
 43
0.0000000001
 40
0.0
 40
0.0
 40
0.0
 40
0.0
 40
0.0714285714285714
 40
0.0714285714285714
 40
0.0714285714285714
 40
0.1428571428571428
 40
0.1428571428571428
 40
0.1428571428571428
 40
0.2142857142857143
 40
0.2142857142857143
 40
0.2142857142857143
 40
0.2857142857142857
 40
0.2857142857142857
 40
0.2857142857142857
 40
0.3571428571428571
 40
0.3571428571428571
 40
0.3571428571428571
 40
0.4285714285714285
 40
0.4285714285714285
 40
0.4285714285714285
 40
0.5
 40
0.5
 40
0.5
 40
0.5714285714285714
 40
0.5714285714285714
 40
0.5714285714285714
 40
0.6428571428571428
 40
0.6428571428571428
 40
0.6428571428571428
 40
0.7142857142857142
 40
0.7142857142857142
 40
0.7142857142857142
 40
0.7857142857142857
 40
0.7857142857142857
 40
0.7857142857142857
 40
0.8571428571428571
 40
0.8571428571428571
 40
0.8571428571428571
 40
0.9285714285714285
 40
0.9285714285714285
 40
0.9285714285714285
 40
1.0
 40
1.0
 40
1.0
 40
1.0
 10
59.8947
 20
-18.3336
 30
0.0
 10
59.8947
 20
-18.3336
 30
0.0
 10
59.7721
 20
-19.4139
 30
0.0
 10
59.7721
 20
-19.4139
 30
0.0
 10
59.435
 20
-19.065
 30
0.0
 10
59.1398
 20
-18.6322
 30
0.0
 10
58.8867
 20
-18.113
 30
0.0
 10
58.6335
 20
-17.5939
 30
0.0
 10
58.4515
 20
-17.0468
 30
0.0
 10
58.3395
 20
-16.4704
 30
0.0
 10
58.3395
 20
-16.4704
 30
0.0
 10
58.3161
 20
-16.4704
 30
0.0
 10
58.3161
 20
-16.4704
 30
0.0
 10
58.2182
 20
-16.9826
 30
0.0
 10
58.1319
 20
-17.3688
 30
0.0
 10
58.0595
 20
-17.6289
 30
0.0
 10
57.9639
 20
-17.9719
 30
0.0
 10
57.8472
 20
-18.2788
 30
0.0
 10
57.7107
 20
-18.5471
 30
0.0
 10
57.5672
 20
-18.8294
 30
0.0
 10
57.37
 20
-19.1257
 30
0.0
 10
57.1192
 20
-19.4349
 30
0.0
 10
57.1192
 20
-19.4349
 30
0.0
 10
57.1192
 20
-18.4572
 30
0.0
 10
57.1192
 20
-18.4572
 30
0.0
 10
57.4482
 20
-18.1551
 30
0.0
 10
57.7142
 20
-17.7608
 30
0.0
 10
57.9172
 20
-17.2754
 30
0.0
 10
58.1132
 20
-16.8041
 30
0.0
 10
58.2683
 20
-16.201
 30
0.0
 10
58.3827
 20
-15.4659
 30
0.0
 10
58.3827
 20
-15.4659
 30
0.0
 10
58.4456
 20
-15.4659
 30
0.0
 10
58.4456
 20
-15.4659
 30
0.0
 10
58.5623
 20
-16.0073
 30
0.0
 10
58.6918
 20
-16.4588
 30
0.0
 10
58.8354
 20
-16.8181
 30
0.0
 10
58.9695
 20
-17.1552
 30
0.0
 10
59.1282
 20
-17.4481
 30
0.0
 10
59.3102
 20
-17.6989
 30
0.0
 10
59.4607
 20
-17.9031
 30
0.0
 10
59.6555
 20
-18.1154
 30
0.0
 10
59.8947
 20
-18.3336
 30
0.0
  0
SPLINE
  5
7A
330
1F
100
AcDbEntity
  8
Layer 1
 62
   250
100
AcDbSpline
210
0.0
220
0.0
230
1.0
 70
    11
 71
     3
 72
    77
 73
    73
 74
     0
 42
0.0000000001
 43
0.0000000001
 40
0.0
 40
0.0
 40
0.0
 40
0.0
 40
0.0416666666666667
 40
0.0416666666666667
 40
0.0416666666666667
 40
0.0833333333333333
 40
0.0833333333333333
 40
0.0833333333333333
 40
0.125
 40
0.125
 40
0.125
 40
0.1666666666666667
 40
0.1666666666666667
 40
0.1666666666666667
 40
0.2083333333333333
 40
0.2083333333333333
 40
0.2083333333333333
 40
0.25
 40
0.25
 40
0.25
 40
0.2916666666666666
 40
0.2916666666666666
 40
0.2916666666666666
 40
0.3333333333333333
 40
0.3333333333333333
 40
0.3333333333333333
 40
0.375
 40
0.375
 40
0.375
 40
0.4166666666666666
 40
0.4166666666666666
 40
0.4166666666666666
 40
0.4583333333333333
 40
0.4583333333333333
 40
0.4583333333333333
 40
0.5
 40
0.5
 40
0.5
 40
0.5416666666666666
 40
0.5416666666666666
 40
0.5416666666666666
 40
0.5833333333333333
 40
0.5833333333333333
 40
0.5833333333333333
 40
0.625
 40
0.625
 40
0.625
 40
0.6666666666666666
 40
0.6666666666666666
 40
0.6666666666666666
 40
0.7083333333333333
 40
0.7083333333333333
 40
0.7083333333333333
 40
0.75
 40
0.75
 40
0.75
 40
0.7916666666666666
 40
0.7916666666666666
 40
0.7916666666666666
 40
0.8333333333333333
 40
0.8333333333333333
 40
0.8333333333333333
 40
0.875
 40
0.875
 40
0.875
 40
0.9166666666666666
 40
0.9166666666666666
 40
0.9166666666666666
 40
0.9583333333333333
 40
0.9583333333333333
 40
0.9583333333333333
 40
1.0
 40
1.0
 40
1.0
 40
1.0
 10
54.0859
 20
-19.4488
 30
0.0
 10
54.0859
 20
-19.0604
 30
0.0
 10
54.1267
 20
-18.694
 30
0.0
 10
54.2073
 20
-18.3511
 30
0.0
 10
54.2878
 20
-18.0081
 30
0.0
 10
54.4208
 20
-17.686
 30
0.0
 10
54.605
 20
-17.3839
 30
0.0
 10
54.2656
 20
-17.3839
 30
0.0
 10
54.0136
 20
-17.3478
 30
0.0
 10
53.8491
 20
-17.2766
 30
0.0
 10
53.6846
 20
-17.2043
 30
0.0
 10
53.603
 20
-17.0981
 30
0.0
 10
53.603
 20
-16.9569
 30
0.0
 10
53.603
 20
-16.8507
 30
0.0
 10
53.6473
 20
-16.7143
 30
0.0
 10
53.736
 20
-16.5498
 30
0.0
 10
53.8257
 20
-16.3841
 30
0.0
 10
53.9553
 20
-16.201
 30
0.0
 10
54.1267
 20
-15.998
 30
0.0
 10
54.2609
 20
-15.83
 30
0.0
 10
54.3951
 20
-15.6993
 30
0.0
 10
54.5304
 20
-15.606
 30
0.0
 10
54.6646
 20
-15.5126
 30
0.0
 10
54.7836
 20
-15.4659
 30
0.0
 10
54.8863
 20
-15.4659
 30
0.0
 10
55.0064
 20
-15.4659
 30
0.0
 10
55.1324
 20
-15.515
 30
0.0
 10
55.2642
 20
-15.6129
 30
0.0
 10
55.3949
 20
-15.7098
 30
0.0
 10
55.5453
 20
-15.8672
 30
0.0
 10
55.7169
 20
-16.0831
 30
0.0
 10
55.7169
 20
-16.0831
 30
0.0
 10
55.683
 20
-16.1169
 30
0.0
 10
55.683
 20
-16.1169
 30
0.0
 10
55.5163
 20
-16.0598
 30
0.0
 10
55.389
 20
-16.0224
 30
0.0
 10
55.3016
 20
-16.0038
 30
0.0
 10
55.2141
 20
-15.9863
 30
0.0
 10
55.1137
 20
-15.977
 30
0.0
 10
55.0017
 20
-15.977
 30
0.0
 10
54.717
 20
-15.977
 30
0.0
 10
54.4895
 20
-16.0155
 30
0.0
 10
54.3193
 20
-16.0912
 30
0.0
 10
54.1501
 20
-16.1683
 30
0.0
 10
54.0649
 20
-16.2639
 30
0.0
 10
54.0649
 20
-16.3771
 30
0.0
 10
54.0649
 20
-16.5007
 30
0.0
 10
54.1267
 20
-16.5964
 30
0.0
 10
54.2493
 20
-16.6652
 30
0.0
 10
54.3729
 20
-16.7341
 30
0.0
 10
54.5421
 20
-16.7679
 30
0.0
 10
54.7591
 20
-16.7679
 30
0.0
 10
54.955
 20
-16.7679
 30
0.0
 10
55.1336
 20
-16.7481
 30
0.0
 10
55.2934
 20
-16.7096
 30
0.0
 10
55.4544
 20
-16.6711
 30
0.0
 10
55.6748
 20
-16.5871
 30
0.0
 10
55.9548
 20
-16.46
 30
0.0
 10
55.9548
 20
-16.46
 30
0.0
 10
55.8009
 20
-17.1109
 30
0.0
 10
55.8009
 20
-17.1109
 30
0.0
 10
55.5781
 20
-17.188
 30
0.0
 10
55.3587
 20
-17.3268
 30
0.0
 10
55.1453
 20
-17.5262
 30
0.0
 10
54.9084
 20
-17.7467
 30
0.0
 10
54.7124
 20
-18.0105
 30
0.0
 10
54.5572
 20
-18.3173
 30
0.0
 10
54.3823
 20
-18.6626
 30
0.0
 10
54.2714
 20
-19.0394
 30
0.0
 10
54.2259
 20
-19.4488
 30
0.0
 10
54.2259
 20
-19.4488
 30
0.0
 10
54.0859
 20
-19.4488
 30
0.0
 10
54.0859
 20
-19.4488
 30
0.0
  0
SPLINE
  5
7B
330
1F
100
AcDbEntity
  8
Layer 1
 62
   250
100
AcDbSpline
210
0.0
220
0.0
230
1.0
 70
    11
 71
     3
 72
    89
 73
    85
 74
     0
 42
0.0000000001
 43
0.0000000001
 40
0.0
 40
0.0
 40
0.0
 40
0.0
 40
0.0357142857142857
 40
0.0357142857142857
 40
0.0357142857142857
 40
0.0714285714285714
 40
0.0714285714285714
 40
0.0714285714285714
 40
0.1071428571428571
 40
0.1071428571428571
 40
0.1071428571428571
 40
0.1428571428571428
 40
0.1428571428571428
 40
0.1428571428571428
 40
0.1785714285714285
 40
0.1785714285714285
 40
0.1785714285714285
 40
0.2142857142857143
 40
0.2142857142857143
 40
0.2142857142857143
 40
0.25
 40
0.25
 40
0.25
 40
0.2857142857142857
 40
0.2857142857142857
 40
0.2857142857142857
 40
0.3214285714285714
 40
0.3214285714285714
 40
0.3214285714285714
 40
0.3571428571428571
 40
0.3571428571428571
 40
0.3571428571428571
 40
0.3928571428571428
 40
0.3928571428571428
 40
0.3928571428571428
 40
0.4285714285714285
 40
0.4285714285714285
 40
0.4285714285714285
 40
0.4642857142857142
 40
0.4642857142857142
 40
0.4642857142857142
 40
0.5
 40
0.5
 40
0.5
 40
0.5357142857142857
 40
0.5357142857142857
 40
0.5357142857142857
 40
0.5714285714285714
 40
0.5714285714285714
 40
0.5714285714285714
 40
0.6071428571428571
 40
0.6071428571428571
 40
0.6071428571428571
 40
0.6428571428571428
 40
0.6428571428571428
 40
0.6428571428571428
 40
0.6785714285714285
 40
0.6785714285714285
 40
0.6785714285714285
 40
0.7142857142857142
 40
0.7142857142857142
 40
0.7142857142857142
 40
0.75
 40
0.75
 40
0.75
 40
0.7857142857142857
 40
0.7857142857142857
 40
0.7857142857142857
 40
0.8214285714285714
 40
0.8214285714285714
 40
0.8214285714285714
 40
0.8571428571428571
 40
0.8571428571428571
 40
0.8571428571428571
 40
0.8928571428571428
 40
0.8928571428571428
 40
0.8928571428571428
 40
0.9285714285714285
 40
0.9285714285714285
 40
0.9285714285714285
 40
0.9642857142857142
 40
0.9642857142857142
 40
0.9642857142857142
 40
1.0
 40
1.0
 40
1.0
 40
1.0
 10
47.4372
 20
-16.2849
 30
0.0
 10
47.4372
 20
-16.2849
 30
0.0
 10
47.6927
 20
-15.4659
 30
0.0
 10
47.6927
 20
-15.4659
 30
0.0
 10
47.8992
 20
-15.8334
 30
0.0
 10
48.045
 20
-16.0726
 30
0.0
 10
48.1302
 20
-16.1811
 30
0.0
 10
48.2141
 20
-16.2908
 30
0.0
 10
48.3378
 20
-16.3923
 30
0.0
 10
48.5012
 20
-16.4879
 30
0.0
 10
48.5327
 20
-16.1182
 30
0.0
 10
48.6026
 20
-15.8498
 30
0.0
 10
48.7112
 20
-15.6853
 30
0.0
 10
48.8197
 20
-15.5208
 30
0.0
 10
48.9771
 20
-15.438
 30
0.0
 10
49.1836
 20
-15.438
 30
0.0
 10
49.3224
 20
-15.438
 30
0.0
 10
49.4473
 20
-15.4718
 30
0.0
 10
49.5593
 20
-15.5394
 30
0.0
 10
49.662
 20
-15.6013
 30
0.0
 10
49.7682
 20
-15.6993
 30
0.0
 10
49.8802
 20
-15.8358
 30
0.0
 10
49.8802
 20
-15.8358
 30
0.0
 10
49.8534
 20
-15.8766
 30
0.0
 10
49.8534
 20
-15.8766
 30
0.0
 10
49.8417
 20
-15.8743
 30
0.0
 10
49.7985
 20
-15.8603
 30
0.0
 10
49.7239
 20
-15.8358
 30
0.0
 10
49.6119
 20
-15.7997
 30
0.0
 10
49.5045
 20
-15.7809
 30
0.0
 10
49.3995
 20
-15.7809
 30
0.0
 10
49.1883
 20
-15.7809
 30
0.0
 10
49.0192
 20
-15.8404
 30
0.0
 10
48.8908
 20
-15.9606
 30
0.0
 10
48.7626
 20
-16.0797
 30
0.0
 10
48.6645
 20
-16.2721
 30
0.0
 10
48.5992
 20
-16.5357
 30
0.0
 10
48.7146
 20
-16.572
 30
0.0
 10
48.8138
 20
-16.5988
 30
0.0
 10
48.8978
 20
-16.6163
 30
0.0
 10
48.9806
 20
-16.6338
 30
0.0
 10
49.0565
 20
-16.6419
 30
0.0
 10
49.1276
 20
-16.6419
 30
0.0
 10
49.3131
 20
-16.6419
 30
0.0
 10
49.4718
 20
-16.6105
 30
0.0
 10
49.6013
 20
-16.5463
 30
0.0
 10
49.7297
 20
-16.4821
 30
0.0
 10
49.8649
 20
-16.3655
 30
0.0
 10
50.0061
 20
-16.1939
 30
0.0
 10
50.0061
 20
-16.1939
 30
0.0
 10
50.0831
 20
-16.2207
 30
0.0
 10
50.0831
 20
-16.2207
 30
0.0
 10
50.019
 20
-16.5567
 30
0.0
 10
49.8999
 20
-16.8123
 30
0.0
 10
49.7239
 20
-16.9872
 30
0.0
 10
49.5477
 20
-17.1634
 30
0.0
 10
49.3202
 20
-17.2509
 30
0.0
 10
49.0437
 20
-17.2509
 30
0.0
 10
48.9095
 20
-17.2509
 30
0.0
 10
48.8033
 20
-17.2393
 30
0.0
 10
48.724
 20
-17.2148
 30
0.0
 10
48.6458
 20
-17.1915
 30
0.0
 10
48.5618
 20
-17.1459
 30
0.0
 10
48.4709
 20
-17.0795
 30
0.0
 10
48.5642
 20
-17.2987
 30
0.0
 10
48.6249
 20
-17.4819
 30
0.0
 10
48.6517
 20
-17.63
 30
0.0
 10
48.6727
 20
-17.7444
 30
0.0
 10
48.682
 20
-17.9229
 30
0.0
 10
48.682
 20
-18.1668
 30
0.0
 10
48.682
 20
-18.4911
 30
0.0
 10
48.6249
 20
-18.918
 30
0.0
 10
48.5082
 20
-19.4488
 30
0.0
 10
48.5082
 20
-19.4488
 30
0.0
 10
48.3892
 20
-19.4488
 30
0.0
 10
48.3892
 20
-19.4488
 30
0.0
 10
48.3892
 20
-18.9495
 30
0.0
 10
48.3449
 20
-18.4957
 30
0.0
 10
48.2562
 20
-18.0851
 30
0.0
 10
48.178
 20
-17.7234
 30
0.0
 10
48.0614
 20
-17.3804
 30
0.0
 10
47.9062
 20
-17.0572
 30
0.0
 10
47.7825
 20
-16.7995
 30
0.0
 10
47.6262
 20
-16.5428
 30
0.0
 10
47.4372
 20
-16.2849
 30
0.0
  0
SPLINE
  5
7C
330
1F
100
AcDbEntity
  8
Layer 1
 62
   250
100
AcDbSpline
210
0.0
220
0.0
230
1.0
 70
    11
 71
     3
 72
    47
 73
    43
 74
     0
 42
0.0000000001
 43
0.0000000001
 40
0.0
 40
0.0
 40
0.0
 40
0.0
 40
0.0714285714285714
 40
0.0714285714285714
 40
0.0714285714285714
 40
0.1428571428571428
 40
0.1428571428571428
 40
0.1428571428571428
 40
0.2142857142857143
 40
0.2142857142857143
 40
0.2142857142857143
 40
0.2857142857142857
 40
0.2857142857142857
 40
0.2857142857142857
 40
0.3571428571428571
 40
0.3571428571428571
 40
0.3571428571428571
 40
0.4285714285714285
 40
0.4285714285714285
 40
0.4285714285714285
 40
0.5
 40
0.5
 40
0.5
 40
0.5714285714285714
 40
0.5714285714285714
 40
0.5714285714285714
 40
0.6428571428571428
 40
0.6428571428571428
 40
0.6428571428571428
 40
0.7142857142857142
 40
0.7142857142857142
 40
0.7142857142857142
 40
0.7857142857142857
 40
0.7857142857142857
 40
0.7857142857142857
 40
0.8571428571428571
 40
0.8571428571428571
 40
0.8571428571428571
 40
0.9285714285714285
 40
0.9285714285714285
 40
0.9285714285714285
 40
1.0
 40
1.0
 40
1.0
 40
1.0
 10
44.6898
 20
-16.2709
 30
0.0
 10
44.6898
 20
-16.2709
 30
0.0
 10
44.9149
 20
-15.5219
 30
0.0
 10
44.9149
 20
-15.5219
 30
0.0
 10
45.3933
 20
-15.998
 30
0.0
 10
45.7514
 20
-16.4728
 30
0.0
 10
45.9905
 20
-16.9465
 30
0.0
 10
46.1994
 20
-17.3617
 30
0.0
 10
46.3044
 20
-17.7409
 30
0.0
 10
46.3044
 20
-18.0851
 30
0.0
 10
46.3044
 20
-18.358
 30
0.0
 10
46.2309
 20
-18.6135
 30
0.0
 10
46.0827
 20
-18.8539
 30
0.0
 10
45.9147
 20
-19.1245
 30
0.0
 10
45.7082
 20
-19.2598
 30
0.0
 10
45.4656
 20
-19.2598
 30
0.0
 10
45.4014
 20
-19.2598
 30
0.0
 10
45.3419
 20
-19.2518
 30
0.0
 10
45.2882
 20
-19.2365
 30
0.0
 10
45.2334
 20
-19.2202
 30
0.0
 10
45.1739
 20
-19.1863
 30
0.0
 10
45.1109
 20
-19.1339
 30
0.0
 10
45.0094
 20
-19.2191
 30
0.0
 10
44.909
 20
-19.2786
 30
0.0
 10
44.8064
 20
-19.3136
 30
0.0
 10
44.7049
 20
-19.3474
 30
0.0
 10
44.6011
 20
-19.3649
 30
0.0
 10
44.4937
 20
-19.3649
 30
0.0
 10
44.2755
 20
-19.3649
 30
0.0
 10
44.0982
 20
-19.3054
 30
0.0
 10
43.9583
 20
-19.1876
 30
0.0
 10
43.81
 20
-19.0615
 30
0.0
 10
43.7354
 20
-18.8912
 30
0.0
 10
43.7354
 20
-18.6743
 30
0.0
 10
43.7354
 20
-18.4164
 30
0.0
 10
43.8276
 20
-18.1259
 30
0.0
 10
44.0131
 20
-17.8004
 30
0.0
 10
44.1986
 20
-17.4761
 30
0.0
 10
44.5159
 20
-17.0538
 30
0.0
 10
44.9639
 20
-16.5346
 30
0.0
 10
44.9639
 20
-16.5346
 30
0.0
 10
44.6898
 20
-16.2709
 30
0.0
 10
44.6898
 20
-16.2709
 30
0.0
  0
SPLINE
  5
7D
330
1F
100
AcDbEntity
  8
Layer 1
 62
   250
100
AcDbSpline
210
0.0
220
0.0
230
1.0
 70
    11
 71
     3
 72
    44
 73
    40
 74
     0
 42
0.0000000001
 43
0.0000000001
 40
0.0
 40
0.0
 40
0.0
 40
0.0
 40
0.0769230769230769
 40
0.0769230769230769
 40
0.0769230769230769
 40
0.1538461538461539
 40
0.1538461538461539
 40
0.1538461538461539
 40
0.2307692307692308
 40
0.2307692307692308
 40
0.2307692307692308
 40
0.3076923076923077
 40
0.3076923076923077
 40
0.3076923076923077
 40
0.3846153846153846
 40
0.3846153846153846
 40
0.3846153846153846
 40
0.4615384615384616
 40
0.4615384615384616
 40
0.4615384615384616
 40
0.5384615384615385
 40
0.5384615384615385
 40
0.5384615384615385
 40
0.6153846153846154
 40
0.6153846153846154
 40
0.6153846153846154
 40
0.6923076923076923
 40
0.6923076923076923
 40
0.6923076923076923
 40
0.7692307692307693
 40
0.7692307692307693
 40
0.7692307692307693
 40
0.8461538461538463
 40
0.8461538461538463
 40
0.8461538461538463
 40
0.9230769230769231
 40
0.9230769230769231
 40
0.9230769230769231
 40
1.0
 40
1.0
 40
1.0
 40
1.0
 10
45.2369
 20
-18.4351
 30
0.0
 10
45.2859
 20
-18.4875
 30
0.0
 10
45.3547
 20
-18.5319
 30
0.0
 10
45.4422
 20
-18.5681
 30
0.0
 10
45.5297
 20
-18.6042
 30
0.0
 10
45.6184
 20
-18.6229
 30
0.0
 10
45.7094
 20
-18.6229
 30
0.0
 10
45.8191
 20
-18.6229
 30
0.0
 10
45.9101
 20
-18.5937
 30
0.0
 10
45.9836
 20
-18.5354
 30
0.0
 10
46.0571
 20
-18.4771
 30
0.0
 10
46.0943
 20
-18.4036
 30
0.0
 10
46.0943
 20
-18.3149
 30
0.0
 10
46.0943
 20
-18.1469
 30
0.0
 10
45.9952
 20
-17.9089
 30
0.0
 10
45.7981
 20
-17.601
 30
0.0
 10
45.6173
 20
-17.3186
 30
0.0
 10
45.3664
 20
-16.9966
 30
0.0
 10
45.0456
 20
-16.6361
 30
0.0
 10
44.9522
 20
-16.7341
 30
0.0
 10
44.8507
 20
-16.8601
 30
0.0
 10
44.7399
 20
-17.0118
 30
0.0
 10
44.594
 20
-17.2148
 30
0.0
 10
44.4762
 20
-17.4096
 30
0.0
 10
44.3864
 20
-17.5962
 30
0.0
 10
44.2744
 20
-17.8308
 30
0.0
 10
44.2184
 20
-18.0326
 30
0.0
 10
44.2184
 20
-18.2006
 30
0.0
 10
44.2184
 20
-18.3463
 30
0.0
 10
44.2569
 20
-18.4619
 30
0.0
 10
44.3351
 20
-18.5459
 30
0.0
 10
44.4121
 20
-18.6299
 30
0.0
 10
44.5218
 20
-18.6719
 30
0.0
 10
44.6606
 20
-18.6719
 30
0.0
 10
44.7586
 20
-18.6719
 30
0.0
 10
44.8484
 20
-18.6555
 30
0.0
 10
44.93
 20
-18.6241
 30
0.0
 10
45.0106
 20
-18.5926
 30
0.0
 10
45.1133
 20
-18.5296
 30
0.0
 10
45.2369
 20
-18.4351
 30
0.0
  0
SPLINE
  5
7E
330
1F
100
AcDbEntity
  8
Layer 1
 62
   250
100
AcDbSpline
210
0.0
220
0.0
230
1.0
 70
    11
 71
     3
 72
    38
 73
    34
 74
     0
 42
0.0000000001
 43
0.0000000001
 40
0.0
 40
0.0
 40
0.0
 40
0.0
 40
0.0909090909090909
 40
0.0909090909090909
 40
0.0909090909090909
 40
0.1818181818181818
 40
0.1818181818181818
 40
0.1818181818181818
 40
0.2727272727272727
 40
0.2727272727272727
 40
0.2727272727272727
 40
0.3636363636363636
 40
0.3636363636363636
 40
0.3636363636363636
 40
0.4545454545454546
 40
0.4545454545454546
 40
0.4545454545454546
 40
0.5454545454545454
 40
0.5454545454545454
 40
0.5454545454545454
 40
0.6363636363636364
 40
0.6363636363636364
 40
0.6363636363636364
 40
0.7272727272727273
 40
0.7272727272727273
 40
0.7272727272727273
 40
0.8181818181818182
 40
0.8181818181818182
 40
0.8181818181818182
 40
0.9090909090909092
 40
0.9090909090909092
 40
0.9090909090909092
 40
1.0
 40
1.0
 40
1.0
 40
1.0
 10
41.8291
 20
-18.0489
 30
0.0
 10
41.8291
 20
-18.2542
 30
0.0
 10
41.8128
 20
-18.4922
 30
0.0
 10
41.7813
 20
-18.7629
 30
0.0
 10
41.7743
 20
-18.8294
 30
0.0
 10
41.7428
 20
-19.0674
 30
0.0
 10
41.6857
 20
-19.4769
 30
0.0
 10
41.6857
 20
-19.4769
 30
0.0
 10
41.5666
 20
-19.4769
 30
0.0
 10
41.5666
 20
-19.4769
 30
0.0
 10
41.5666
 20
-19.422
 30
0.0
 10
41.5713
 20
-19.2634
 30
0.0
 10
41.5806
 20
-19.0021
 30
0.0
 10
41.5806
 20
-18.5179
 30
0.0
 10
41.5142
 20
-18.0665
 30
0.0
 10
41.3823
 20
-17.6475
 30
0.0
 10
41.2785
 20
-17.321
 30
0.0
 10
41.1373
 20
-17.0153
 30
0.0
 10
40.9564
 20
-16.7271
 30
0.0
 10
40.8655
 20
-16.5813
 30
0.0
 10
40.7348
 20
-16.4062
 30
0.0
 10
40.5657
 20
-16.201
 30
0.0
 10
40.5657
 20
-16.201
 30
0.0
 10
40.8982
 20
-15.4659
 30
0.0
 10
40.8982
 20
-15.4659
 30
0.0
 10
41.079
 20
-15.6818
 30
0.0
 10
41.2236
 20
-15.8825
 30
0.0
 10
41.3333
 20
-16.0668
 30
0.0
 10
41.4885
 20
-16.3293
 30
0.0
 10
41.6063
 20
-16.6058
 30
0.0
 10
41.6857
 20
-16.8974
 30
0.0
 10
41.7813
 20
-17.244
 30
0.0
 10
41.8291
 20
-17.6278
 30
0.0
 10
41.8291
 20
-18.0489
 30
0.0
  0
SPLINE
  5
7F
330
1F
100
AcDbEntity
  8
Layer 1
 62
   250
100
AcDbSpline
210
0.0
220
0.0
230
1.0
 70
    11
 71
     3
 72
    38
 73
    34
 74
     0
 42
0.0000000001
 43
0.0000000001
 40
0.0
 40
0.0
 40
0.0
 40
0.0
 40
0.0909090909090909
 40
0.0909090909090909
 40
0.0909090909090909
 40
0.1818181818181818
 40
0.1818181818181818
 40
0.1818181818181818
 40
0.2727272727272727
 40
0.2727272727272727
 40
0.2727272727272727
 40
0.3636363636363636
 40
0.3636363636363636
 40
0.3636363636363636
 40
0.4545454545454546
 40
0.4545454545454546
 40
0.4545454545454546
 40
0.5454545454545454
 40
0.5454545454545454
 40
0.5454545454545454
 40
0.6363636363636364
 40
0.6363636363636364
 40
0.6363636363636364
 40
0.7272727272727273
 40
0.7272727272727273
 40
0.7272727272727273
 40
0.8181818181818182
 40
0.8181818181818182
 40
0.8181818181818182
 40
0.9090909090909092
 40
0.9090909090909092
 40
0.9090909090909092
 40
1.0
 40
1.0
 40
1.0
 40
1.0
 10
35.8174
 20
-18.0489
 30
0.0
 10
35.8174
 20
-18.2542
 30
0.0
 10
35.8011
 20
-18.4922
 30
0.0
 10
35.7696
 20
-18.7629
 30
0.0
 10
35.7625
 20
-18.8294
 30
0.0
 10
35.7311
 20
-19.0674
 30
0.0
 10
35.6739
 20
-19.4769
 30
0.0
 10
35.6739
 20
-19.4769
 30
0.0
 10
35.5549
 20
-19.4769
 30
0.0
 10
35.5549
 20
-19.4769
 30
0.0
 10
35.5549
 20
-19.422
 30
0.0
 10
35.5596
 20
-19.2634
 30
0.0
 10
35.5689
 20
-19.0021
 30
0.0
 10
35.5689
 20
-18.5179
 30
0.0
 10
35.5024
 20
-18.0665
 30
0.0
 10
35.3705
 20
-17.6475
 30
0.0
 10
35.2667
 20
-17.321
 30
0.0
 10
35.1255
 20
-17.0153
 30
0.0
 10
34.9447
 20
-16.7271
 30
0.0
 10
34.8537
 20
-16.5813
 30
0.0
 10
34.7231
 20
-16.4062
 30
0.0
 10
34.5539
 20
-16.201
 30
0.0
 10
34.5539
 20
-16.201
 30
0.0
 10
34.8864
 20
-15.4659
 30
0.0
 10
34.8864
 20
-15.4659
 30
0.0
 10
35.0673
 20
-15.6818
 30
0.0
 10
35.2119
 20
-15.8825
 30
0.0
 10
35.3216
 20
-16.0668
 30
0.0
 10
35.4768
 20
-16.3293
 30
0.0
 10
35.5945
 20
-16.6058
 30
0.0
 10
35.6739
 20
-16.8974
 30
0.0
 10
35.7696
 20
-17.244
 30
0.0
 10
35.8174
 20
-17.6278
 30
0.0
 10
35.8174
 20
-18.0489
 30
0.0
  0
SPLINE
  5
80
330
1F
100
AcDbEntity
  8
Layer 1
 62
   250
100
AcDbSpline
210
0.0
220
0.0
230
1.0
 70
    11
 71
     3
 72
    38
 73
    34
 74
     0
 42
0.0000000001
 43
0.0000000001
 40
0.0
 40
0.0
 40
0.0
 40
0.0
 40
0.0909090909090909
 40
0.0909090909090909
 40
0.0909090909090909
 40
0.1818181818181818
 40
0.1818181818181818
 40
0.1818181818181818
 40
0.2727272727272727
 40
0.2727272727272727
 40
0.2727272727272727
 40
0.3636363636363636
 40
0.3636363636363636
 40
0.3636363636363636
 40
0.4545454545454546
 40
0.4545454545454546
 40
0.4545454545454546
 40
0.5454545454545454
 40
0.5454545454545454
 40
0.5454545454545454
 40
0.6363636363636364
 40
0.6363636363636364
 40
0.6363636363636364
 40
0.7272727272727273
 40
0.7272727272727273
 40
0.7272727272727273
 40
0.8181818181818182
 40
0.8181818181818182
 40
0.8181818181818182
 40
0.9090909090909092
 40
0.9090909090909092
 40
0.9090909090909092
 40
1.0
 40
1.0
 40
1.0
 40
1.0
 10
32.1366
 20
-18.0489
 30
0.0
 10
32.1366
 20
-18.2542
 30
0.0
 10
32.1203
 20
-18.4922
 30
0.0
 10
32.0888
 20
-18.7629
 30
0.0
 10
32.0818
 20
-18.8294
 30
0.0
 10
32.0503
 20
-19.0674
 30
0.0
 10
31.9932
 20
-19.4769
 30
0.0
 10
31.9932
 20
-19.4769
 30
0.0
 10
31.8741
 20
-19.4769
 30
0.0
 10
31.8741
 20
-19.4769
 30
0.0
 10
31.8741
 20
-19.422
 30
0.0
 10
31.8788
 20
-19.2634
 30
0.0
 10
31.8881
 20
-19.0021
 30
0.0
 10
31.8881
 20
-18.5179
 30
0.0
 10
31.8217
 20
-18.0665
 30
0.0
 10
31.6898
 20
-17.6475
 30
0.0
 10
31.586
 20
-17.321
 30
0.0
 10
31.4448
 20
-17.0153
 30
0.0
 10
31.2639
 20
-16.7271
 30
0.0
 10
31.173
 20
-16.5813
 30
0.0
 10
31.0423
 20
-16.4062
 30
0.0
 10
30.8732
 20
-16.201
 30
0.0
 10
30.8732
 20
-16.201
 30
0.0
 10
31.2057
 20
-15.4659
 30
0.0
 10
31.2057
 20
-15.4659
 30
0.0
 10
31.3865
 20
-15.6818
 30
0.0
 10
31.5311
 20
-15.8825
 30
0.0
 10
31.6408
 20
-16.0668
 30
0.0
 10
31.796
 20
-16.3293
 30
0.0
 10
31.9138
 20
-16.6058
 30
0.0
 10
31.9932
 20
-16.8974
 30
0.0
 10
32.0888
 20
-17.244
 30
0.0
 10
32.1366
 20
-17.6278
 30
0.0
 10
32.1366
 20
-18.0489
 30
0.0
  0
SPLINE
  5
81
330
1F
100
AcDbEntity
  8
Layer 1
 62
   250
100
AcDbSpline
210
0.0
220
0.0
230
1.0
 70
    11
 71
     3
 72
    50
 73
    46
 74
     0
 42
0.0000000001
 43
0.0000000001
 40
0.0
 40
0.0
 40
0.0
 40
0.0
 40
0.0666666666666667
 40
0.0666666666666667
 40
0.0666666666666667
 40
0.1333333333333333
 40
0.1333333333333333
 40
0.1333333333333333
 40
0.2
 40
0.2
 40
0.2
 40
0.2666666666666667
 40
0.2666666666666667
 40
0.2666666666666667
 40
0.3333333333333333
 40
0.3333333333333333
 40
0.3333333333333333
 40
0.4
 40
0.4
 40
0.4
 40
0.4666666666666667
 40
0.4666666666666667
 40
0.4666666666666667
 40
0.5333333333333333
 40
0.5333333333333333
 40
0.5333333333333333
 40
0.6
 40
0.6
 40
0.6
 40
0.6666666666666666
 40
0.6666666666666666
 40
0.6666666666666666
 40
0.7333333333333333
 40
0.7333333333333333
 40
0.7333333333333333
 40
0.8
 40
0.8
 40
0.8
 40
0.8666666666666667
 40
0.8666666666666667
 40
0.8666666666666667
 40
0.9333333333333333
 40
0.9333333333333333
 40
0.9333333333333333
 40
1.0
 40
1.0
 40
1.0
 40
1.0
 10
29.0473
 20
-18.7489
 30
0.0
 10
29.0473
 20
-18.7489
 30
0.0
 10
28.8408
 20
-19.4769
 30
0.0
 10
28.8408
 20
-19.4769
 30
0.0
 10
28.6122
 20
-19.3381
 30
0.0
 10
28.4605
 20
-19.1047
 30
0.0
 10
28.3882
 20
-18.7769
 30
0.0
 10
28.3287
 20
-18.5074
 30
0.0
 10
28.2983
 20
-18.0302
 30
0.0
 10
28.2983
 20
-17.3443
 30
0.0
 10
28.1444
 20
-17.3991
 30
0.0
 10
28.03
 20
-17.4352
 30
0.0
 10
27.953
 20
-17.4505
 30
0.0
 10
27.876
 20
-17.4667
 30
0.0
 10
27.8002
 20
-17.4749
 30
0.0
 10
27.7255
 20
-17.4749
 30
0.0
 10
27.4794
 20
-17.4749
 30
0.0
 10
27.2834
 20
-17.4235
 30
0.0
 10
27.1376
 20
-17.321
 30
0.0
 10
26.9917
 20
-17.2183
 30
0.0
 10
26.9194
 20
-17.0713
 30
0.0
 10
26.9194
 20
-16.8788
 30
0.0
 10
26.9194
 20
-16.7376
 30
0.0
 10
26.9532
 20
-16.5626
 30
0.0
 10
27.0209
 20
-16.3549
 30
0.0
 10
27.1072
 20
-16.0901
 30
0.0
 10
27.2239
 20
-15.8766
 30
0.0
 10
27.3686
 20
-15.7145
 30
0.0
 10
27.5541
 20
-15.5068
 30
0.0
 10
27.7734
 20
-15.403
 30
0.0
 10
28.0254
 20
-15.403
 30
0.0
 10
28.2132
 20
-15.403
 30
0.0
 10
28.3567
 20
-15.5022
 30
0.0
 10
28.4535
 20
-15.7005
 30
0.0
 10
28.5329
 20
-15.8603
 30
0.0
 10
28.5854
 20
-16.0983
 30
0.0
 10
28.611
 20
-16.4157
 30
0.0
 10
28.6262
 20
-16.6116
 30
0.0
 10
28.6343
 20
-16.9009
 30
0.0
 10
28.6343
 20
-17.2847
 30
0.0
 10
28.6799
 20
-17.8097
 30
0.0
 10
28.7405
 20
-18.1772
 30
0.0
 10
28.8175
 20
-18.3896
 30
0.0
 10
28.8514
 20
-18.4829
 30
0.0
 10
28.9283
 20
-18.6031
 30
0.0
 10
29.0473
 20
-18.7489
 30
0.0
  0
SPLINE
  5
82
330
1F
100
AcDbEntity
  8
Layer 1
 62
   250
100
AcDbSpline
210
0.0
220
0.0
230
1.0
 70
    11
 71
     3
 72
    29
 73
    25
 74
     0
 42
0.0000000001
 43
0.0000000001
 40
0.0
 40
0.0
 40
0.0
 40
0.0
 40
0.125
 40
0.125
 40
0.125
 40
0.25
 40
0.25
 40
0.25
 40
0.375
 40
0.375
 40
0.375
 40
0.5
 40
0.5
 40
0.5
 40
0.625
 40
0.625
 40
0.625
 40
0.75
 40
0.75
 40
0.75
 40
0.875
 40
0.875
 40
0.875
 40
1.0
 40
1.0
 40
1.0
 40
1.0
 10
28.2773
 20
-16.7446
 30
0.0
 10
28.2773
 20
-16.537
 30
0.0
 10
28.2517
 20
-16.3794
 30
0.0
 10
28.1992
 20
-16.2733
 30
0.0
 10
28.1281
 20
-16.1275
 30
0.0
 10
28.0021
 20
-16.054
 30
0.0
 10
27.8213
 20
-16.054
 30
0.0
 10
27.6847
 20
-16.054
 30
0.0
 10
27.5528
 20
-16.1053
 30
0.0
 10
27.4257
 20
-16.2079
 30
0.0
 10
27.2985
 20
-16.3106
 30
0.0
 10
27.2343
 20
-16.4062
 30
0.0
 10
27.2343
 20
-16.4949
 30
0.0
 10
27.2343
 20
-16.5906
 30
0.0
 10
27.2903
 20
-16.6652
 30
0.0
 10
27.4012
 20
-16.7178
 30
0.0
 10
27.5132
 20
-16.7703
 30
0.0
 10
27.6474
 20
-16.796
 30
0.0
 10
27.8072
 20
-16.796
 30
0.0
 10
27.8749
 20
-16.796
 30
0.0
 10
27.9577
 20
-16.7889
 30
0.0
 10
28.0557
 20
-16.7749
 30
0.0
 10
28.1537
 20
-16.7621
 30
0.0
 10
28.2272
 20
-16.7515
 30
0.0
 10
28.2773
 20
-16.7446
 30
0.0
  0
SPLINE
  5
83
330
1F
100
AcDbEntity
  8
Layer 1
 62
   250
100
AcDbSpline
210
0.0
220
0.0
230
1.0
 70
    11
 71
     3
 72
    92
 73
    88
 74
     0
 42
0.0000000001
 43
0.0000000001
 40
0.0
 40
0.0
 40
0.0
 40
0.0
 40
0.0344827586206897
 40
0.0344827586206897
 40
0.0344827586206897
 40
0.0689655172413793
 40
0.0689655172413793
 40
0.0689655172413793
 40
0.103448275862069
 40
0.103448275862069
 40
0.103448275862069
 40
0.1379310344827586
 40
0.1379310344827586
 40
0.1379310344827586
 40
0.1724137931034483
 40
0.1724137931034483
 40
0.1724137931034483
 40
0.2068965517241379
 40
0.2068965517241379
 40
0.2068965517241379
 40
0.2413793103448276
 40
0.2413793103448276
 40
0.2413793103448276
 40
0.2758620689655172
 40
0.2758620689655172
 40
0.2758620689655172
 40
0.3103448275862069
 40
0.3103448275862069
 40
0.3103448275862069
 40
0.3448275862068966
 40
0.3448275862068966
 40
0.3448275862068966
 40
0.3793103448275862
 40
0.3793103448275862
 40
0.3793103448275862
 40
0.4137931034482759
 40
0.4137931034482759
 40
0.4137931034482759
 40
0.4482758620689655
 40
0.4482758620689655
 40
0.4482758620689655
 40
0.4827586206896551
 40
0.4827586206896551
 40
0.4827586206896551
 40
0.5172413793103449
 40
0.5172413793103449
 40
0.5172413793103449
 40
0.5517241379310345
 40
0.5517241379310345
 40
0.5517241379310345
 40
0.5862068965517241
 40
0.5862068965517241
 40
0.5862068965517241
 40
0.6206896551724138
 40
0.6206896551724138
 40
0.6206896551724138
 40
0.6551724137931034
 40
0.6551724137931034
 40
0.6551724137931034
 40
0.6896551724137931
 40
0.6896551724137931
 40
0.6896551724137931
 40
0.7241379310344828
 40
0.7241379310344828
 40
0.7241379310344828
 40
0.7586206896551724
 40
0.7586206896551724
 40
0.7586206896551724
 40
0.7931034482758621
 40
0.7931034482758621
 40
0.7931034482758621
 40
0.8275862068965517
 40
0.8275862068965517
 40
0.8275862068965517
 40
0.8620689655172413
 40
0.8620689655172413
 40
0.8620689655172413
 40
0.896551724137931
 40
0.896551724137931
 40
0.896551724137931
 40
0.9310344827586207
 40
0.9310344827586207
 40
0.9310344827586207
 40
0.9655172413793103
 40
0.9655172413793103
 40
0.9655172413793103
 40
1.0
 40
1.0
 40
1.0
 40
1.0
 10
22.9506
 20
-26.6214
 30
0.0
 10
22.9506
 20
-26.6214
 30
0.0
 10
22.9506
 20
-26.169
 30
0.0
 10
22.9506
 20
-26.169
 30
0.0
 10
22.9506
 20
-26.169
 30
0.0
 10
24.5822
 20
-26.169
 30
0.0
 10
24.5822
 20
-26.169
 30
0.0
 10
24.5822
 20
-26.169
 30
0.0
 10
24.5822
 20
-27.5978
 30
0.0
 10
24.5822
 20
-27.5978
 30
0.0
 10
24.3318
 20
-27.7969
 30
0.0
 10
24.0733
 20
-27.9478
 30
0.0
 10
23.8068
 20
-28.0483
 30
0.0
 10
23.5402
 20
-28.1488
 30
0.0
 10
23.2665
 20
-28.199
 30
0.0
 10
22.9865
 20
-28.199
 30
0.0
 10
22.6079
 20
-28.199
 30
0.0
 10
22.2641
 20
-28.1182
 30
0.0
 10
21.9545
 20
-27.9558
 30
0.0
 10
21.6459
 20
-27.7942
 30
0.0
 10
21.4116
 20
-27.5592
 30
0.0
 10
21.2546
 20
-27.2531
 30
0.0
 10
21.0966
 20
-26.9462
 30
0.0
 10
21.0177
 20
-26.6035
 30
0.0
 10
21.0177
 20
-26.2256
 30
0.0
 10
21.0177
 20
-25.8505
 30
0.0
 10
21.0957
 20
-25.5005
 30
0.0
 10
21.2527
 20
-25.1747
 30
0.0
 10
21.4099
 20
-24.8499
 30
0.0
 10
21.6351
 20
-24.6085
 30
0.0
 10
21.9294
 20
-24.4515
 30
0.0
 10
22.2238
 20
-24.2935
 30
0.0
 10
22.563
 20
-24.2145
 30
0.0
 10
22.9471
 20
-24.2145
 30
0.0
 10
23.2252
 20
-24.2145
 30
0.0
 10
23.4775
 20
-24.2593
 30
0.0
 10
23.7027
 20
-24.35
 30
0.0
 10
23.928
 20
-24.4407
 30
0.0
 10
24.1048
 20
-24.5662
 30
0.0
 10
24.2322
 20
-24.7269
 30
0.0
 10
24.3604
 20
-24.8885
 30
0.0
 10
24.4574
 20
-25.0993
 30
0.0
 10
24.5238
 20
-25.3587
 30
0.0
 10
24.5238
 20
-25.3587
 30
0.0
 10
24.0635
 20
-25.4843
 30
0.0
 10
24.0635
 20
-25.4843
 30
0.0
 10
24.0051
 20
-25.2887
 30
0.0
 10
23.9334
 20
-25.1343
 30
0.0
 10
23.8481
 20
-25.0213
 30
0.0
 10
23.7619
 20
-24.9091
 30
0.0
 10
23.6399
 20
-24.8193
 30
0.0
 10
23.4802
 20
-24.752
 30
0.0
 10
23.3213
 20
-24.6848
 30
0.0
 10
23.1445
 20
-24.6506
 30
0.0
 10
22.9498
 20
-24.6506
 30
0.0
 10
22.7173
 20
-24.6506
 30
0.0
 10
22.5163
 20
-24.6865
 30
0.0
 10
22.3458
 20
-24.7574
 30
0.0
 10
22.1762
 20
-24.8283
 30
0.0
 10
22.0398
 20
-24.9217
 30
0.0
 10
21.9348
 20
-25.0384
 30
0.0
 10
21.8307
 20
-25.1541
 30
0.0
 10
21.7499
 20
-25.2815
 30
0.0
 10
21.6925
 20
-25.4197
 30
0.0
 10
21.5947
 20
-25.6593
 30
0.0
 10
21.5454
 20
-25.9178
 30
0.0
 10
21.5454
 20
-26.1969
 30
0.0
 10
21.5454
 20
-26.5414
 30
0.0
 10
21.6046
 20
-26.8295
 30
0.0
 10
21.7221
 20
-27.062
 30
0.0
 10
21.8406
 20
-27.2936
 30
0.0
 10
22.0129
 20
-27.4658
 30
0.0
 10
22.2382
 20
-27.578
 30
0.0
 10
22.4642
 20
-27.6902
 30
0.0
 10
22.7039
 20
-27.7467
 30
0.0
 10
22.9579
 20
-27.7467
 30
0.0
 10
23.1787
 20
-27.7467
 30
0.0
 10
23.394
 20
-27.7037
 30
0.0
 10
23.604
 20
-27.6184
 30
0.0
 10
23.814
 20
-27.5323
 30
0.0
 10
23.9728
 20
-27.4416
 30
0.0
 10
24.0814
 20
-27.3438
 30
0.0
 10
24.0814
 20
-27.3438
 30
0.0
 10
24.0814
 20
-26.6214
 30
0.0
 10
24.0814
 20
-26.6214
 30
0.0
 10
24.0814
 20
-26.6214
 30
0.0
 10
22.9506
 20
-26.6214
 30
0.0
 10
22.9506
 20
-26.6214
 30
0.0
  0
SPLINE
  5
84
330
1F
100
AcDbEntity
  8
Layer 1
 62
   250
100
AcDbSpline
210
0.0
220
0.0
230
1.0
 70
    11
 71
     3
 72
    59
 73
    55
 74
     0
 42
0.0000000001
 43
0.0000000001
 40
0.0
 40
0.0
 40
0.0
 40
0.0
 40
0.0555555555555556
 40
0.0555555555555556
 40
0.0555555555555556
 40
0.1111111111111111
 40
0.1111111111111111
 40
0.1111111111111111
 40
0.1666666666666667
 40
0.1666666666666667
 40
0.1666666666666667
 40
0.2222222222222222
 40
0.2222222222222222
 40
0.2222222222222222
 40
0.2777777777777778
 40
0.2777777777777778
 40
0.2777777777777778
 40
0.3333333333333333
 40
0.3333333333333333
 40
0.3333333333333333
 40
0.3888888888888888
 40
0.3888888888888888
 40
0.3888888888888888
 40
0.4444444444444444
 40
0.4444444444444444
 40
0.4444444444444444
 40
0.5
 40
0.5
 40
0.5
 40
0.5555555555555556
 40
0.5555555555555556
 40
0.5555555555555556
 40
0.611111111111111
 40
0.611111111111111
 40
0.611111111111111
 40
0.6666666666666666
 40
0.6666666666666666
 40
0.6666666666666666
 40
0.7222222222222222
 40
0.7222222222222222
 40
0.7222222222222222
 40
0.7777777777777777
 40
0.7777777777777777
 40
0.7777777777777777
 40
0.8333333333333333
 40
0.8333333333333333
 40
0.8333333333333333
 40
0.8888888888888888
 40
0.8888888888888888
 40
0.8888888888888888
 40
0.9444444444444444
 40
0.9444444444444444
 40
0.9444444444444444
 40
1.0
 40
1.0
 40
1.0
 40
1.0
 10
67.4553
 20
-29.2086
 30
0.0
 10
67.4553
 20
-29.2086
 30
0.0
 10
67.4014
 20
-28.7707
 30
0.0
 10
67.4014
 20
-28.7707
 30
0.0
 10
67.5056
 20
-28.7985
 30
0.0
 10
67.5953
 20
-28.8128
 30
0.0
 10
67.6724
 20
-28.8128
 30
0.0
 10
67.7783
 20
-28.8128
 30
0.0
 10
67.8627
 20
-28.7949
 30
0.0
 10
67.9255
 20
-28.7599
 30
0.0
 10
67.9893
 20
-28.7249
 30
0.0
 10
68.0412
 20
-28.6755
 30
0.0
 10
68.0817
 20
-28.6127
 30
0.0
 10
68.1113
 20
-28.5651
 30
0.0
 10
68.1598
 20
-28.4476
 30
0.0
 10
68.2261
 20
-28.2591
 30
0.0
 10
68.2351
 20
-28.2331
 30
0.0
 10
68.2486
 20
-28.1945
 30
0.0
 10
68.2684
 20
-28.1434
 30
0.0
 10
68.2684
 20
-28.1434
 30
0.0
 10
67.2076
 20
-25.3399
 30
0.0
 10
67.2076
 20
-25.3399
 30
0.0
 10
67.2076
 20
-25.3399
 30
0.0
 10
67.7137
 20
-25.3399
 30
0.0
 10
67.7137
 20
-25.3399
 30
0.0
 10
67.7137
 20
-25.3399
 30
0.0
 10
68.297
 20
-26.9534
 30
0.0
 10
68.297
 20
-26.9534
 30
0.0
 10
68.3733
 20
-27.1571
 30
0.0
 10
68.4406
 20
-27.3724
 30
0.0
 10
68.5007
 20
-27.5986
 30
0.0
 10
68.5555
 20
-27.3859
 30
0.0
 10
68.6201
 20
-27.176
 30
0.0
 10
68.6955
 20
-26.9696
 30
0.0
 10
68.6955
 20
-26.9696
 30
0.0
 10
69.2914
 20
-25.3399
 30
0.0
 10
69.2914
 20
-25.3399
 30
0.0
 10
69.2914
 20
-25.3399
 30
0.0
 10
69.7643
 20
-25.3399
 30
0.0
 10
69.7643
 20
-25.3399
 30
0.0
 10
69.7643
 20
-25.3399
 30
0.0
 10
68.7081
 20
-28.1828
 30
0.0
 10
68.7081
 20
-28.1828
 30
0.0
 10
68.5941
 20
-28.4889
 30
0.0
 10
68.5053
 20
-28.6988
 30
0.0
 10
68.4415
 20
-28.8147
 30
0.0
 10
68.3572
 20
-28.9698
 30
0.0
 10
68.2603
 20
-29.0839
 30
0.0
 10
68.1517
 20
-29.1566
 30
0.0
 10
68.0422
 20
-29.2292
 30
0.0
 10
67.9121
 20
-29.2651
 30
0.0
 10
67.7612
 20
-29.2651
 30
0.0
 10
67.6697
 20
-29.2651
 30
0.0
 10
67.5675
 20
-29.2463
 30
0.0
 10
67.4553
 20
-29.2086
 30
0.0
  0
SPLINE
  5
85
330
1F
100
AcDbEntity
  8
Layer 1
 62
   250
100
AcDbSpline
210
0.0
220
0.0
230
1.0
 70
    11
 71
     3
 72
    44
 73
    40
 74
     0
 42
0.0000000001
 43
0.0000000001
 40
0.0
 40
0.0
 40
0.0
 40
0.0
 40
0.0769230769230769
 40
0.0769230769230769
 40
0.0769230769230769
 40
0.1538461538461539
 40
0.1538461538461539
 40
0.1538461538461539
 40
0.2307692307692308
 40
0.2307692307692308
 40
0.2307692307692308
 40
0.3076923076923077
 40
0.3076923076923077
 40
0.3076923076923077
 40
0.3846153846153846
 40
0.3846153846153846
 40
0.3846153846153846
 40
0.4615384615384616
 40
0.4615384615384616
 40
0.4615384615384616
 40
0.5384615384615385
 40
0.5384615384615385
 40
0.5384615384615385
 40
0.6153846153846154
 40
0.6153846153846154
 40
0.6153846153846154
 40
0.6923076923076923
 40
0.6923076923076923
 40
0.6923076923076923
 40
0.7692307692307693
 40
0.7692307692307693
 40
0.7692307692307693
 40
0.8461538461538463
 40
0.8461538461538463
 40
0.8461538461538463
 40
0.9230769230769231
 40
0.9230769230769231
 40
0.9230769230769231
 40
1.0
 40
1.0
 40
1.0
 40
1.0
 10
65.6784
 20
-28.1344
 30
0.0
 10
65.6784
 20
-28.1344
 30
0.0
 10
65.6784
 20
-25.3399
 30
0.0
 10
65.6784
 20
-25.3399
 30
0.0
 10
65.6784
 20
-25.3399
 30
0.0
 10
66.1038
 20
-25.3399
 30
0.0
 10
66.1038
 20
-25.3399
 30
0.0
 10
66.1038
 20
-25.3399
 30
0.0
 10
66.1038
 20
-25.7679
 30
0.0
 10
66.1038
 20
-25.7679
 30
0.0
 10
66.2124
 20
-25.5696
 30
0.0
 10
66.3129
 20
-25.4385
 30
0.0
 10
66.4054
 20
-25.3757
 30
0.0
 10
66.4978
 20
-25.312
 30
0.0
 10
66.5991
 20
-25.2806
 30
0.0
 10
66.7096
 20
-25.2806
 30
0.0
 10
66.8693
 20
-25.2806
 30
0.0
 10
67.0317
 20
-25.3309
 30
0.0
 10
67.1968
 20
-25.4305
 30
0.0
 10
67.1968
 20
-25.4305
 30
0.0
 10
67.0281
 20
-25.8675
 30
0.0
 10
67.0281
 20
-25.8675
 30
0.0
 10
66.9133
 20
-25.8029
 30
0.0
 10
66.7984
 20
-25.7706
 30
0.0
 10
66.6835
 20
-25.7706
 30
0.0
 10
66.5803
 20
-25.7706
 30
0.0
 10
66.4879
 20
-25.8021
 30
0.0
 10
66.4062
 20
-25.864
 30
0.0
 10
66.3245
 20
-25.9259
 30
0.0
 10
66.2662
 20
-26.012
 30
0.0
 10
66.2312
 20
-26.1224
 30
0.0
 10
66.1782
 20
-26.2902
 30
0.0
 10
66.1523
 20
-26.4742
 30
0.0
 10
66.1523
 20
-26.6743
 30
0.0
 10
66.1523
 20
-26.6743
 30
0.0
 10
66.1523
 20
-28.1344
 30
0.0
 10
66.1523
 20
-28.1344
 30
0.0
 10
66.1523
 20
-28.1344
 30
0.0
 10
65.6784
 20
-28.1344
 30
0.0
 10
65.6784
 20
-28.1344
 30
0.0
  0
SPLINE
  5
86
330
1F
100
AcDbEntity
  8
Layer 1
 62
   250
100
AcDbSpline
210
0.0
220
0.0
230
1.0
 70
    11
 71
     3
 72
    50
 73
    46
 74
     0
 42
0.0000000001
 43
0.0000000001
 40
0.0
 40
0.0
 40
0.0
 40
0.0
 40
0.0666666666666667
 40
0.0666666666666667
 40
0.0666666666666667
 40
0.1333333333333333
 40
0.1333333333333333
 40
0.1333333333333333
 40
0.2
 40
0.2
 40
0.2
 40
0.2666666666666667
 40
0.2666666666666667
 40
0.2666666666666667
 40
0.3333333333333333
 40
0.3333333333333333
 40
0.3333333333333333
 40
0.4
 40
0.4
 40
0.4
 40
0.4666666666666667
 40
0.4666666666666667
 40
0.4666666666666667
 40
0.5333333333333333
 40
0.5333333333333333
 40
0.5333333333333333
 40
0.6
 40
0.6
 40
0.6
 40
0.6666666666666666
 40
0.6666666666666666
 40
0.6666666666666666
 40
0.7333333333333333
 40
0.7333333333333333
 40
0.7333333333333333
 40
0.8
 40
0.8
 40
0.8
 40
0.8666666666666667
 40
0.8666666666666667
 40
0.8666666666666667
 40
0.9333333333333333
 40
0.9333333333333333
 40
0.9333333333333333
 40
1.0
 40
1.0
 40
1.0
 40
1.0
 10
64.5952
 20
-27.2298
 30
0.0
 10
64.5952
 20
-27.2298
 30
0.0
 10
65.0852
 20
-27.2944
 30
0.0
 10
65.0852
 20
-27.2944
 30
0.0
 10
65.0089
 20
-27.5788
 30
0.0
 10
64.8662
 20
-27.8006
 30
0.0
 10
64.658
 20
-27.9576
 30
0.0
 10
64.4498
 20
-28.1146
 30
0.0
 10
64.1842
 20
-28.1936
 30
0.0
 10
63.8602
 20
-28.1936
 30
0.0
 10
63.4528
 20
-28.1936
 30
0.0
 10
63.1297
 20
-28.0679
 30
0.0
 10
62.891
 20
-27.8167
 30
0.0
 10
62.6523
 20
-27.5663
 30
0.0
 10
62.533
 20
-27.2137
 30
0.0
 10
62.533
 20
-26.7605
 30
0.0
 10
62.533
 20
-26.292
 30
0.0
 10
62.6532
 20
-25.9276
 30
0.0
 10
62.8947
 20
-25.6692
 30
0.0
 10
63.136
 20
-25.4099
 30
0.0
 10
63.4492
 20
-25.2806
 30
0.0
 10
63.8342
 20
-25.2806
 30
0.0
 10
64.2067
 20
-25.2806
 30
0.0
 10
64.5109
 20
-25.4072
 30
0.0
 10
64.7469
 20
-25.6611
 30
0.0
 10
64.9829
 20
-25.9151
 30
0.0
 10
65.1013
 20
-26.2722
 30
0.0
 10
65.1013
 20
-26.7326
 30
0.0
 10
65.1013
 20
-26.7605
 30
0.0
 10
65.1005
 20
-26.8026
 30
0.0
 10
65.0986
 20
-26.8583
 30
0.0
 10
65.0986
 20
-26.8583
 30
0.0
 10
63.0175
 20
-26.8583
 30
0.0
 10
63.0175
 20
-26.8583
 30
0.0
 10
63.0355
 20
-27.1643
 30
0.0
 10
63.1217
 20
-27.3995
 30
0.0
 10
63.2778
 20
-27.5619
 30
0.0
 10
63.433
 20
-27.7243
 30
0.0
 10
63.6278
 20
-27.8059
 30
0.0
 10
63.8602
 20
-27.8059
 30
0.0
 10
64.0334
 20
-27.8059
 30
0.0
 10
64.1815
 20
-27.7602
 30
0.0
 10
64.3036
 20
-27.6686
 30
0.0
 10
64.4265
 20
-27.5771
 30
0.0
 10
64.5234
 20
-27.4308
 30
0.0
 10
64.5952
 20
-27.2298
 30
0.0
  0
SPLINE
  5
87
330
1F
100
AcDbEntity
  8
Layer 1
 62
   250
100
AcDbSpline
210
0.0
220
0.0
230
1.0
 70
    11
 71
     3
 72
    20
 73
    16
 74
     0
 42
0.0000000001
 43
0.0000000001
 40
0.0
 40
0.0
 40
0.0
 40
0.0
 40
0.2
 40
0.2
 40
0.2
 40
0.4
 40
0.4
 40
0.4
 40
0.6000000000000001
 40
0.6000000000000001
 40
0.6000000000000001
 40
0.8
 40
0.8
 40
0.8
 40
1.0
 40
1.0
 40
1.0
 40
1.0
 10
63.0444
 20
-26.4705
 30
0.0
 10
63.0444
 20
-26.4705
 30
0.0
 10
64.6006
 20
-26.4705
 30
0.0
 10
64.6006
 20
-26.4705
 30
0.0
 10
64.5799
 20
-26.2355
 30
0.0
 10
64.5198
 20
-26.0596
 30
0.0
 10
64.422
 20
-25.942
 30
0.0
 10
64.2721
 20
-25.7598
 30
0.0
 10
64.0764
 20
-25.6683
 30
0.0
 10
63.8369
 20
-25.6683
 30
0.0
 10
63.6198
 20
-25.6683
 30
0.0
 10
63.4376
 20
-25.741
 30
0.0
 10
63.2895
 20
-25.8863
 30
0.0
 10
63.1423
 20
-26.0318
 30
0.0
 10
63.0606
 20
-26.2265
 30
0.0
 10
63.0444
 20
-26.4705
 30
0.0
  0
SPLINE
  5
88
330
1F
100
AcDbEntity
  8
Layer 1
 62
   250
100
AcDbSpline
210
0.0
220
0.0
230
1.0
 70
    11
 71
     3
 72
    17
 73
    13
 74
     0
 42
0.0000000001
 43
0.0000000001
 40
0.0
 40
0.0
 40
0.0
 40
0.0
 40
0.25
 40
0.25
 40
0.25
 40
0.5
 40
0.5
 40
0.5
 40
0.75
 40
0.75
 40
0.75
 40
1.0
 40
1.0
 40
1.0
 40
1.0
 10
61.482
 20
-28.1344
 30
0.0
 10
61.482
 20
-28.1344
 30
0.0
 10
61.482
 20
-24.2791
 30
0.0
 10
61.482
 20
-24.2791
 30
0.0
 10
61.482
 20
-24.2791
 30
0.0
 10
61.9559
 20
-24.2791
 30
0.0
 10
61.9559
 20
-24.2791
 30
0.0
 10
61.9559
 20
-24.2791
 30
0.0
 10
61.9559
 20
-28.1344
 30
0.0
 10
61.9559
 20
-28.1344
 30
0.0
 10
61.9559
 20
-28.1344
 30
0.0
 10
61.482
 20
-28.1344
 30
0.0
 10
61.482
 20
-28.1344
 30
0.0
  0
SPLINE
  5
89
330
1F
100
AcDbEntity
  8
Layer 1
 62
   250
100
AcDbSpline
210
0.0
220
0.0
230
1.0
 70
    11
 71
     3
 72
    17
 73
    13
 74
     0
 42
0.0000000001
 43
0.0000000001
 40
0.0
 40
0.0
 40
0.0
 40
0.0
 40
0.25
 40
0.25
 40
0.25
 40
0.5
 40
0.5
 40
0.5
 40
0.75
 40
0.75
 40
0.75
 40
1.0
 40
1.0
 40
1.0
 40
1.0
 10
60.2858
 20
-28.1344
 30
0.0
 10
60.2858
 20
-28.1344
 30
0.0
 10
60.2858
 20
-24.2791
 30
0.0
 10
60.2858
 20
-24.2791
 30
0.0
 10
60.2858
 20
-24.2791
 30
0.0
 10
60.7596
 20
-24.2791
 30
0.0
 10
60.7596
 20
-24.2791
 30
0.0
 10
60.7596
 20
-24.2791
 30
0.0
 10
60.7596
 20
-28.1344
 30
0.0
 10
60.7596
 20
-28.1344
 30
0.0
 10
60.7596
 20
-28.1344
 30
0.0
 10
60.2858
 20
-28.1344
 30
0.0
 10
60.2858
 20
-28.1344
 30
0.0
  0
SPLINE
  5
8A
330
1F
100
AcDbEntity
  8
Layer 1
 62
   250
100
AcDbSpline
210
0.0
220
0.0
230
1.0
 70
    11
 71
     3
 72
    86
 73
    82
 74
     0
 42
0.0000000001
 43
0.0000000001
 40
0.0
 40
0.0
 40
0.0
 40
0.0
 40
0.037037037037037
 40
0.037037037037037
 40
0.037037037037037
 40
0.0740740740740741
 40
0.0740740740740741
 40
0.0740740740740741
 40
0.1111111111111111
 40
0.1111111111111111
 40
0.1111111111111111
 40
0.1481481481481481
 40
0.1481481481481481
 40
0.1481481481481481
 40
0.1851851851851852
 40
0.1851851851851852
 40
0.1851851851851852
 40
0.2222222222222222
 40
0.2222222222222222
 40
0.2222222222222222
 40
0.2592592592592592
 40
0.2592592592592592
 40
0.2592592592592592
 40
0.2962962962962963
 40
0.2962962962962963
 40
0.2962962962962963
 40
0.3333333333333333
 40
0.3333333333333333
 40
0.3333333333333333
 40
0.3703703703703703
 40
0.3703703703703703
 40
0.3703703703703703
 40
0.4074074074074074
 40
0.4074074074074074
 40
0.4074074074074074
 40
0.4444444444444444
 40
0.4444444444444444
 40
0.4444444444444444
 40
0.4814814814814815
 40
0.4814814814814815
 40
0.4814814814814815
 40
0.5185185185185185
 40
0.5185185185185185
 40
0.5185185185185185
 40
0.5555555555555556
 40
0.5555555555555556
 40
0.5555555555555556
 40
0.5925925925925926
 40
0.5925925925925926
 40
0.5925925925925926
 40
0.6296296296296295
 40
0.6296296296296295
 40
0.6296296296296295
 40
0.6666666666666666
 40
0.6666666666666666
 40
0.6666666666666666
 40
0.7037037037037037
 40
0.7037037037037037
 40
0.7037037037037037
 40
0.7407407407407407
 40
0.7407407407407407
 40
0.7407407407407407
 40
0.7777777777777777
 40
0.7777777777777777
 40
0.7777777777777777
 40
0.8148148148148148
 40
0.8148148148148148
 40
0.8148148148148148
 40
0.8518518518518519
 40
0.8518518518518519
 40
0.8518518518518519
 40
0.8888888888888888
 40
0.8888888888888888
 40
0.8888888888888888
 40
0.9259259259259258
 40
0.9259259259259258
 40
0.9259259259259258
 40
0.9629629629629629
 40
0.9629629629629629
 40
0.9629629629629629
 40
1.0
 40
1.0
 40
1.0
 40
1.0
 10
59.1272
 20
-27.7844
 30
0.0
 10
58.9513
 20
-27.9343
 30
0.0
 10
58.7816
 20
-28.0393
 30
0.0
 10
58.6192
 20
-28.1012
 30
0.0
 10
58.4568
 20
-28.1631
 30
0.0
 10
58.2827
 20
-28.1936
 30
0.0
 10
58.0961
 20
-28.1936
 30
0.0
 10
57.7892
 20
-28.1936
 30
0.0
 10
57.5532
 20
-28.1192
 30
0.0
 10
57.388
 20
-27.9693
 30
0.0
 10
57.2229
 20
-27.8203
 30
0.0
 10
57.1404
 20
-27.6291
 30
0.0
 10
57.1404
 20
-27.3968
 30
0.0
 10
57.1404
 20
-27.2603
 30
0.0
 10
57.1717
 20
-27.1356
 30
0.0
 10
57.2336
 20
-27.0225
 30
0.0
 10
57.2964
 20
-26.9094
 30
0.0
 10
57.3781
 20
-26.8197
 30
0.0
 10
57.4786
 20
-26.7515
 30
0.0
 10
57.5801
 20
-26.6833
 30
0.0
 10
57.6931
 20
-26.6312
 30
0.0
 10
57.8197
 20
-26.5962
 30
0.0
 10
57.913
 20
-26.572
 30
0.0
 10
58.0538
 20
-26.5487
 30
0.0
 10
58.2414
 20
-26.5253
 30
0.0
 10
58.6238
 20
-26.4805
 30
0.0
 10
58.9065
 20
-26.4257
 30
0.0
 10
59.0868
 20
-26.3629
 30
0.0
 10
59.0885
 20
-26.2983
 30
0.0
 10
59.0895
 20
-26.257
 30
0.0
 10
59.0895
 20
-26.2399
 30
0.0
 10
59.0895
 20
-26.0479
 30
0.0
 10
59.0447
 20
-25.9124
 30
0.0
 10
58.9549
 20
-25.8334
 30
0.0
 10
58.8337
 20
-25.7266
 30
0.0
 10
58.6534
 20
-25.6737
 30
0.0
 10
58.4147
 20
-25.6737
 30
0.0
 10
58.1912
 20
-25.6737
 30
0.0
 10
58.0261
 20
-25.7132
 30
0.0
 10
57.9202
 20
-25.7913
 30
0.0
 10
57.8134
 20
-25.8693
 30
0.0
 10
57.7353
 20
-26.0075
 30
0.0
 10
57.6841
 20
-26.2068
 30
0.0
 10
57.6841
 20
-26.2068
 30
0.0
 10
57.2211
 20
-26.1421
 30
0.0
 10
57.2211
 20
-26.1421
 30
0.0
 10
57.2632
 20
-25.9438
 30
0.0
 10
57.3324
 20
-25.7831
 30
0.0
 10
57.4293
 20
-25.6611
 30
0.0
 10
57.5262
 20
-25.539
 30
0.0
 10
57.6662
 20
-25.4458
 30
0.0
 10
57.8493
 20
-25.3793
 30
0.0
 10
58.0315
 20
-25.3138
 30
0.0
 10
58.2441
 20
-25.2806
 30
0.0
 10
58.4847
 20
-25.2806
 30
0.0
 10
58.7234
 20
-25.2806
 30
0.0
 10
58.9181
 20
-25.3084
 30
0.0
 10
59.0679
 20
-25.3649
 30
0.0
 10
59.2169
 20
-25.4216
 30
0.0
 10
59.3273
 20
-25.4915
 30
0.0
 10
59.3973
 20
-25.5767
 30
0.0
 10
59.4673
 20
-25.662
 30
0.0
 10
59.5167
 20
-25.7697
 30
0.0
 10
59.5453
 20
-25.8999
 30
0.0
 10
59.5607
 20
-25.9806
 30
0.0
 10
59.5687
 20
-26.126
 30
0.0
 10
59.5687
 20
-26.335
 30
0.0
 10
59.5687
 20
-26.335
 30
0.0
 10
59.5687
 20
-26.9633
 30
0.0
 10
59.5687
 20
-26.9633
 30
0.0
 10
59.5687
 20
-27.4021
 30
0.0
 10
59.5786
 20
-27.6794
 30
0.0
 10
59.5983
 20
-27.7969
 30
0.0
 10
59.6172
 20
-27.9145
 30
0.0
 10
59.6566
 20
-28.0267
 30
0.0
 10
59.7141
 20
-28.1344
 30
0.0
 10
59.7141
 20
-28.1344
 30
0.0
 10
59.2188
 20
-28.1344
 30
0.0
 10
59.2188
 20
-28.1344
 30
0.0
 10
59.1711
 20
-28.0348
 30
0.0
 10
59.1406
 20
-27.9182
 30
0.0
 10
59.1272
 20
-27.7844
 30
0.0
  0
SPLINE
  5
8B
330
1F
100
AcDbEntity
  8
Layer 1
 62
   250
100
AcDbSpline
210
0.0
220
0.0
230
1.0
 70
    11
 71
     3
 72
    35
 73
    31
 74
     0
 42
0.0000000001
 43
0.0000000001
 40
0.0
 40
0.0
 40
0.0
 40
0.0
 40
0.1
 40
0.1
 40
0.1
 40
0.2
 40
0.2
 40
0.2
 40
0.3
 40
0.3
 40
0.3
 40
0.4
 40
0.4
 40
0.4
 40
0.5
 40
0.5
 40
0.5
 40
0.6000000000000001
 40
0.6000000000000001
 40
0.6000000000000001
 40
0.7000000000000001
 40
0.7000000000000001
 40
0.7000000000000001
 40
0.8
 40
0.8
 40
0.8
 40
0.9
 40
0.9
 40
0.9
 40
1.0
 40
1.0
 40
1.0
 40
1.0
 10
59.0895
 20
-26.7344
 30
0.0
 10
58.9172
 20
-26.8045
 30
0.0
 10
58.6588
 20
-26.8637
 30
0.0
 10
58.3142
 20
-26.9121
 30
0.0
 10
58.1185
 20
-26.94
 30
0.0
 10
57.9802
 20
-26.9713
 30
0.0
 10
57.8995
 20
-27.0063
 30
0.0
 10
57.8188
 20
-27.0413
 30
0.0
 10
57.7569
 20
-27.0925
 30
0.0
 10
57.7129
 20
-27.1589
 30
0.0
 10
57.6689
 20
-27.2262
 30
0.0
 10
57.6464
 20
-27.3007
 30
0.0
 10
57.6464
 20
-27.3832
 30
0.0
 10
57.6464
 20
-27.508
 30
0.0
 10
57.694
 20
-27.613
 30
0.0
 10
57.79
 20
-27.6964
 30
0.0
 10
57.886
 20
-27.7799
 30
0.0
 10
58.0261
 20
-27.8221
 30
0.0
 10
58.21
 20
-27.8221
 30
0.0
 10
58.3922
 20
-27.8221
 30
0.0
 10
58.5546
 20
-27.7826
 30
0.0
 10
58.6974
 20
-27.7027
 30
0.0
 10
58.8391
 20
-27.6238
 30
0.0
 10
58.9441
 20
-27.5152
 30
0.0
 10
59.0105
 20
-27.3778
 30
0.0
 10
59.0616
 20
-27.2711
 30
0.0
 10
59.0868
 20
-27.1141
 30
0.0
 10
59.0868
 20
-26.9067
 30
0.0
 10
59.0868
 20
-26.9067
 30
0.0
 10
59.0895
 20
-26.7344
 30
0.0
 10
59.0895
 20
-26.7344
 30
0.0
  0
SPLINE
  5
8C
330
1F
100
AcDbEntity
  8
Layer 1
 62
   250
100
AcDbSpline
210
0.0
220
0.0
230
1.0
 70
    11
 71
     3
 72
    92
 73
    88
 74
     0
 42
0.0000000001
 43
0.0000000001
 40
0.0
 40
0.0
 40
0.0
 40
0.0
 40
0.0344827586206897
 40
0.0344827586206897
 40
0.0344827586206897
 40
0.0689655172413793
 40
0.0689655172413793
 40
0.0689655172413793
 40
0.103448275862069
 40
0.103448275862069
 40
0.103448275862069
 40
0.1379310344827586
 40
0.1379310344827586
 40
0.1379310344827586
 40
0.1724137931034483
 40
0.1724137931034483
 40
0.1724137931034483
 40
0.2068965517241379
 40
0.2068965517241379
 40
0.2068965517241379
 40
0.2413793103448276
 40
0.2413793103448276
 40
0.2413793103448276
 40
0.2758620689655172
 40
0.2758620689655172
 40
0.2758620689655172
 40
0.3103448275862069
 40
0.3103448275862069
 40
0.3103448275862069
 40
0.3448275862068966
 40
0.3448275862068966
 40
0.3448275862068966
 40
0.3793103448275862
 40
0.3793103448275862
 40
0.3793103448275862
 40
0.4137931034482759
 40
0.4137931034482759
 40
0.4137931034482759
 40
0.4482758620689655
 40
0.4482758620689655
 40
0.4482758620689655
 40
0.4827586206896551
 40
0.4827586206896551
 40
0.4827586206896551
 40
0.5172413793103449
 40
0.5172413793103449
 40
0.5172413793103449
 40
0.5517241379310345
 40
0.5517241379310345
 40
0.5517241379310345
 40
0.5862068965517241
 40
0.5862068965517241
 40
0.5862068965517241
 40
0.6206896551724138
 40
0.6206896551724138
 40
0.6206896551724138
 40
0.6551724137931034
 40
0.6551724137931034
 40
0.6551724137931034
 40
0.6896551724137931
 40
0.6896551724137931
 40
0.6896551724137931
 40
0.7241379310344828
 40
0.7241379310344828
 40
0.7241379310344828
 40
0.7586206896551724
 40
0.7586206896551724
 40
0.7586206896551724
 40
0.7931034482758621
 40
0.7931034482758621
 40
0.7931034482758621
 40
0.8275862068965517
 40
0.8275862068965517
 40
0.8275862068965517
 40
0.8620689655172413
 40
0.8620689655172413
 40
0.8620689655172413
 40
0.896551724137931
 40
0.896551724137931
 40
0.896551724137931
 40
0.9310344827586207
 40
0.9310344827586207
 40
0.9310344827586207
 40
0.9655172413793103
 40
0.9655172413793103
 40
0.9655172413793103
 40
1.0
 40
1.0
 40
1.0
 40
1.0
 10
54.9767
 20
-26.6214
 30
0.0
 10
54.9767
 20
-26.6214
 30
0.0
 10
54.9767
 20
-26.169
 30
0.0
 10
54.9767
 20
-26.169
 30
0.0
 10
54.9767
 20
-26.169
 30
0.0
 10
56.6082
 20
-26.169
 30
0.0
 10
56.6082
 20
-26.169
 30
0.0
 10
56.6082
 20
-26.169
 30
0.0
 10
56.6082
 20
-27.5978
 30
0.0
 10
56.6082
 20
-27.5978
 30
0.0
 10
56.3578
 20
-27.7969
 30
0.0
 10
56.0993
 20
-27.9478
 30
0.0
 10
55.8328
 20
-28.0483
 30
0.0
 10
55.5663
 20
-28.1488
 30
0.0
 10
55.2926
 20
-28.199
 30
0.0
 10
55.0126
 20
-28.199
 30
0.0
 10
54.6339
 20
-28.199
 30
0.0
 10
54.2902
 20
-28.1182
 30
0.0
 10
53.9806
 20
-27.9558
 30
0.0
 10
53.6719
 20
-27.7942
 30
0.0
 10
53.4376
 20
-27.5592
 30
0.0
 10
53.2806
 20
-27.2531
 30
0.0
 10
53.1227
 20
-26.9462
 30
0.0
 10
53.0437
 20
-26.6035
 30
0.0
 10
53.0437
 20
-26.2256
 30
0.0
 10
53.0437
 20
-25.8505
 30
0.0
 10
53.1217
 20
-25.5005
 30
0.0
 10
53.2788
 20
-25.1747
 30
0.0
 10
53.4359
 20
-24.8499
 30
0.0
 10
53.6611
 20
-24.6085
 30
0.0
 10
53.9554
 20
-24.4515
 30
0.0
 10
54.2498
 20
-24.2935
 30
0.0
 10
54.589
 20
-24.2145
 30
0.0
 10
54.9731
 20
-24.2145
 30
0.0
 10
55.2513
 20
-24.2145
 30
0.0
 10
55.5035
 20
-24.2593
 30
0.0
 10
55.7288
 20
-24.35
 30
0.0
 10
55.954
 20
-24.4407
 30
0.0
 10
56.1308
 20
-24.5662
 30
0.0
 10
56.2582
 20
-24.7269
 30
0.0
 10
56.3865
 20
-24.8885
 30
0.0
 10
56.4835
 20
-25.0993
 30
0.0
 10
56.5498
 20
-25.3587
 30
0.0
 10
56.5498
 20
-25.3587
 30
0.0
 10
56.0895
 20
-25.4843
 30
0.0
 10
56.0895
 20
-25.4843
 30
0.0
 10
56.0311
 20
-25.2887
 30
0.0
 10
55.9594
 20
-25.1343
 30
0.0
 10
55.8741
 20
-25.0213
 30
0.0
 10
55.788
 20
-24.9091
 30
0.0
 10
55.6659
 20
-24.8193
 30
0.0
 10
55.5062
 20
-24.752
 30
0.0
 10
55.3473
 20
-24.6848
 30
0.0
 10
55.1705
 20
-24.6506
 30
0.0
 10
54.9758
 20
-24.6506
 30
0.0
 10
54.7433
 20
-24.6506
 30
0.0
 10
54.5423
 20
-24.6865
 30
0.0
 10
54.3718
 20
-24.7574
 30
0.0
 10
54.2022
 20
-24.8283
 30
0.0
 10
54.0659
 20
-24.9217
 30
0.0
 10
53.9608
 20
-25.0384
 30
0.0
 10
53.8568
 20
-25.1541
 30
0.0
 10
53.7759
 20
-25.2815
 30
0.0
 10
53.7186
 20
-25.4197
 30
0.0
 10
53.6208
 20
-25.6593
 30
0.0
 10
53.5714
 20
-25.9178
 30
0.0
 10
53.5714
 20
-26.1969
 30
0.0
 10
53.5714
 20
-26.5414
 30
0.0
 10
53.6306
 20
-26.8295
 30
0.0
 10
53.7482
 20
-27.062
 30
0.0
 10
53.8666
 20
-27.2936
 30
0.0
 10
54.0389
 20
-27.4658
 30
0.0
 10
54.2642
 20
-27.578
 30
0.0
 10
54.4903
 20
-27.6902
 30
0.0
 10
54.7299
 20
-27.7467
 30
0.0
 10
54.9839
 20
-27.7467
 30
0.0
 10
55.2047
 20
-27.7467
 30
0.0
 10
55.42
 20
-27.7037
 30
0.0
 10
55.63
 20
-27.6184
 30
0.0
 10
55.84
 20
-27.5323
 30
0.0
 10
55.9988
 20
-27.4416
 30
0.0
 10
56.1074
 20
-27.3438
 30
0.0
 10
56.1074
 20
-27.3438
 30
0.0
 10
56.1074
 20
-26.6214
 30
0.0
 10
56.1074
 20
-26.6214
 30
0.0
 10
56.1074
 20
-26.6214
 30
0.0
 10
54.9767
 20
-26.6214
 30
0.0
 10
54.9767
 20
-26.6214
 30
0.0
  0
SPLINE
  5
8D
330
1F
100
AcDbEntity
  8
Layer 1
 62
   250
100
AcDbSpline
210
0.0
220
0.0
230
1.0
 70
    11
 71
     3
 72
    17
 73
    13
 74
     0
 42
0.0000000001
 43
0.0000000001
 40
0.0
 40
0.0
 40
0.0
 40
0.0
 40
0.25
 40
0.25
 40
0.25
 40
0.5
 40
0.5
 40
0.5
 40
0.75
 40
0.75
 40
0.75
 40
1.0
 40
1.0
 40
1.0
 40
1.0
 10
49.6829
 20
-29.2059
 30
0.0
 10
49.6829
 20
-29.2059
 30
0.0
 10
49.6829
 20
-28.8666
 30
0.0
 10
49.6829
 20
-28.8666
 30
0.0
 10
49.6829
 20
-28.8666
 30
0.0
 10
52.8166
 20
-28.8666
 30
0.0
 10
52.8166
 20
-28.8666
 30
0.0
 10
52.8166
 20
-28.8666
 30
0.0
 10
52.8166
 20
-29.2059
 30
0.0
 10
52.8166
 20
-29.2059
 30
0.0
 10
52.8166
 20
-29.2059
 30
0.0
 10
49.6829
 20
-29.2059
 30
0.0
 10
49.6829
 20
-29.2059
 30
0.0
  0
SPLINE
  5
8E
330
1F
100
AcDbEntity
  8
Layer 1
 62
   250
100
AcDbSpline
210
0.0
220
0.0
230
1.0
 70
    11
 71
     3
 72
    47
 73
    43
 74
     0
 42
0.0000000001
 43
0.0000000001
 40
0.0
 40
0.0
 40
0.0
 40
0.0
 40
0.0714285714285714
 40
0.0714285714285714
 40
0.0714285714285714
 40
0.1428571428571428
 40
0.1428571428571428
 40
0.1428571428571428
 40
0.2142857142857143
 40
0.2142857142857143
 40
0.2142857142857143
 40
0.2857142857142857
 40
0.2857142857142857
 40
0.2857142857142857
 40
0.3571428571428571
 40
0.3571428571428571
 40
0.3571428571428571
 40
0.4285714285714285
 40
0.4285714285714285
 40
0.4285714285714285
 40
0.5
 40
0.5
 40
0.5
 40
0.5714285714285714
 40
0.5714285714285714
 40
0.5714285714285714
 40
0.6428571428571428
 40
0.6428571428571428
 40
0.6428571428571428
 40
0.7142857142857142
 40
0.7142857142857142
 40
0.7142857142857142
 40
0.7857142857142857
 40
0.7857142857142857
 40
0.7857142857142857
 40
0.8571428571428571
 40
0.8571428571428571
 40
0.8571428571428571
 40
0.9285714285714285
 40
0.9285714285714285
 40
0.9285714285714285
 40
1.0
 40
1.0
 40
1.0
 40
1.0
 10
48.9281
 20
-28.1344
 30
0.0
 10
48.9281
 20
-28.1344
 30
0.0
 10
48.9281
 20
-27.7799
 30
0.0
 10
48.9281
 20
-27.7799
 30
0.0
 10
48.7513
 20
-28.0554
 30
0.0
 10
48.491
 20
-28.1936
 30
0.0
 10
48.1474
 20
-28.1936
 30
0.0
 10
47.9248
 20
-28.1936
 30
0.0
 10
47.7202
 20
-28.1326
 30
0.0
 10
47.5344
 20
-28.0097
 30
0.0
 10
47.3478
 20
-27.8876
 30
0.0
 10
47.2033
 20
-27.7162
 30
0.0
 10
47.1001
 20
-27.4973
 30
0.0
 10
46.9978
 20
-27.2773
 30
0.0
 10
46.9466
 20
-27.0252
 30
0.0
 10
46.9466
 20
-26.7398
 30
0.0
 10
46.9466
 20
-26.4616
 30
0.0
 10
46.9932
 20
-26.2095
 30
0.0
 10
47.0857
 20
-25.9824
 30
0.0
 10
47.179
 20
-25.7562
 30
0.0
 10
47.3182
 20
-25.5821
 30
0.0
 10
47.5039
 20
-25.4619
 30
0.0
 10
47.6887
 20
-25.3407
 30
0.0
 10
47.897
 20
-25.2806
 30
0.0
 10
48.1259
 20
-25.2806
 30
0.0
 10
48.2945
 20
-25.2806
 30
0.0
 10
48.4444
 20
-25.3165
 30
0.0
 10
48.5754
 20
-25.3874
 30
0.0
 10
48.7064
 20
-25.4583
 30
0.0
 10
48.8133
 20
-25.5517
 30
0.0
 10
48.8958
 20
-25.6656
 30
0.0
 10
48.8958
 20
-25.6656
 30
0.0
 10
48.8958
 20
-24.2791
 30
0.0
 10
48.8958
 20
-24.2791
 30
0.0
 10
48.8958
 20
-24.2791
 30
0.0
 10
49.3696
 20
-24.2791
 30
0.0
 10
49.3696
 20
-24.2791
 30
0.0
 10
49.3696
 20
-24.2791
 30
0.0
 10
49.3696
 20
-28.1344
 30
0.0
 10
49.3696
 20
-28.1344
 30
0.0
 10
49.3696
 20
-28.1344
 30
0.0
 10
48.9281
 20
-28.1344
 30
0.0
 10
48.9281
 20
-28.1344
 30
0.0
  0
SPLINE
  5
8F
330
1F
100
AcDbEntity
  8
Layer 1
 62
   250
100
AcDbSpline
210
0.0
220
0.0
230
1.0
 70
    11
 71
     3
 72
    29
 73
    25
 74
     0
 42
0.0000000001
 43
0.0000000001
 40
0.0
 40
0.0
 40
0.0
 40
0.0
 40
0.125
 40
0.125
 40
0.125
 40
0.25
 40
0.25
 40
0.25
 40
0.375
 40
0.375
 40
0.375
 40
0.5
 40
0.5
 40
0.5
 40
0.625
 40
0.625
 40
0.625
 40
0.75
 40
0.75
 40
0.75
 40
0.875
 40
0.875
 40
0.875
 40
1.0
 40
1.0
 40
1.0
 40
1.0
 10
47.4312
 20
-26.7407
 30
0.0
 10
47.4312
 20
-27.0979
 30
0.0
 10
47.5065
 20
-27.3644
 30
0.0
 10
47.6583
 20
-27.5412
 30
0.0
 10
47.809
 20
-27.718
 30
0.0
 10
47.9876
 20
-27.8059
 30
0.0
 10
48.1931
 20
-27.8059
 30
0.0
 10
48.4004
 20
-27.8059
 30
0.0
 10
48.5763
 20
-27.7216
 30
0.0
 10
48.7217
 20
-27.5529
 30
0.0
 10
48.8662
 20
-27.3841
 30
0.0
 10
48.9388
 20
-27.1266
 30
0.0
 10
48.9388
 20
-26.7801
 30
0.0
 10
48.9388
 20
-26.3997
 30
0.0
 10
48.8652
 20
-26.1197
 30
0.0
 10
48.7172
 20
-25.9411
 30
0.0
 10
48.57
 20
-25.7625
 30
0.0
 10
48.3878
 20
-25.6737
 30
0.0
 10
48.1716
 20
-25.6737
 30
0.0
 10
47.9606
 20
-25.6737
 30
0.0
 10
47.7848
 20
-25.7589
 30
0.0
 10
47.643
 20
-25.9303
 30
0.0
 10
47.5021
 20
-26.1017
 30
0.0
 10
47.4312
 20
-26.3719
 30
0.0
 10
47.4312
 20
-26.7407
 30
0.0
  0
SPLINE
  5
90
330
1F
100
AcDbEntity
  8
Layer 1
 62
   250
100
AcDbSpline
210
0.0
220
0.0
230
1.0
 70
    11
 71
     3
 72
    17
 73
    13
 74
     0
 42
0.0000000001
 43
0.0000000001
 40
0.0
 40
0.0
 40
0.0
 40
0.0
 40
0.25
 40
0.25
 40
0.25
 40
0.5
 40
0.5
 40
0.5
 40
0.75
 40
0.75
 40
0.75
 40
1.0
 40
1.0
 40
1.0
 40
1.0
 10
45.9172
 20
-28.1344
 30
0.0
 10
45.9172
 20
-28.1344
 30
0.0
 10
45.9172
 20
-24.2791
 30
0.0
 10
45.9172
 20
-24.2791
 30
0.0
 10
45.9172
 20
-24.2791
 30
0.0
 10
46.3911
 20
-24.2791
 30
0.0
 10
46.3911
 20
-24.2791
 30
0.0
 10
46.3911
 20
-24.2791
 30
0.0
 10
46.3911
 20
-28.1344
 30
0.0
 10
46.3911
 20
-28.1344
 30
0.0
 10
46.3911
 20
-28.1344
 30
0.0
 10
45.9172
 20
-28.1344
 30
0.0
 10
45.9172
 20
-28.1344
 30
0.0
  0
SPLINE
  5
91
330
1F
100
AcDbEntity
  8
Layer 1
 62
   250
100
AcDbSpline
210
0.0
220
0.0
230
1.0
 70
    11
 71
     3
 72
    32
 73
    28
 74
     0
 42
0.0000000001
 43
0.0000000001
 40
0.0
 40
0.0
 40
0.0
 40
0.0
 40
0.1111111111111111
 40
0.1111111111111111
 40
0.1111111111111111
 40
0.2222222222222222
 40
0.2222222222222222
 40
0.2222222222222222
 40
0.3333333333333333
 40
0.3333333333333333
 40
0.3333333333333333
 40
0.4444444444444444
 40
0.4444444444444444
 40
0.4444444444444444
 40
0.5555555555555556
 40
0.5555555555555556
 40
0.5555555555555556
 40
0.6666666666666666
 40
0.6666666666666666
 40
0.6666666666666666
 40
0.7777777777777777
 40
0.7777777777777777
 40
0.7777777777777777
 40
0.8888888888888888
 40
0.8888888888888888
 40
0.8888888888888888
 40
1.0
 40
1.0
 40
1.0
 40
1.0
 10
42.7557
 20
-26.7371
 30
0.0
 10
42.7557
 20
-26.2211
 30
0.0
 10
42.8992
 20
-25.8388
 30
0.0
 10
43.1873
 20
-25.5902
 30
0.0
 10
43.4269
 20
-25.3838
 30
0.0
 10
43.7203
 20
-25.2806
 30
0.0
 10
44.0658
 20
-25.2806
 30
0.0
 10
44.449
 20
-25.2806
 30
0.0
 10
44.7632
 20
-25.4062
 30
0.0
 10
45.0073
 20
-25.6576
 30
0.0
 10
45.2504
 20
-25.908
 30
0.0
 10
45.3724
 20
-26.2552
 30
0.0
 10
45.3724
 20
-26.6976
 30
0.0
 10
45.3724
 20
-27.0566
 30
0.0
 10
45.3186
 20
-27.3384
 30
0.0
 10
45.211
 20
-27.5439
 30
0.0
 10
45.1032
 20
-27.7494
 30
0.0
 10
44.9462
 20
-27.9091
 30
0.0
 10
44.7398
 20
-28.0231
 30
0.0
 10
44.5343
 20
-28.1371
 30
0.0
 10
44.3091
 20
-28.1936
 30
0.0
 10
44.0658
 20
-28.1936
 30
0.0
 10
43.6745
 20
-28.1936
 30
0.0
 10
43.3587
 20
-28.0689
 30
0.0
 10
43.1172
 20
-27.8185
 30
0.0
 10
42.8759
 20
-27.5681
 30
0.0
 10
42.7557
 20
-27.2073
 30
0.0
 10
42.7557
 20
-26.7371
 30
0.0
  0
SPLINE
  5
92
330
1F
100
AcDbEntity
  8
Layer 1
 62
   250
100
AcDbSpline
210
0.0
220
0.0
230
1.0
 70
    11
 71
     3
 72
    29
 73
    25
 74
     0
 42
0.0000000001
 43
0.0000000001
 40
0.0
 40
0.0
 40
0.0
 40
0.0
 40
0.125
 40
0.125
 40
0.125
 40
0.25
 40
0.25
 40
0.25
 40
0.375
 40
0.375
 40
0.375
 40
0.5
 40
0.5
 40
0.5
 40
0.625
 40
0.625
 40
0.625
 40
0.75
 40
0.75
 40
0.75
 40
0.875
 40
0.875
 40
0.875
 40
1.0
 40
1.0
 40
1.0
 40
1.0
 10
43.2402
 20
-26.738
 30
0.0
 10
43.2402
 20
-27.0952
 30
0.0
 10
43.3183
 20
-27.3626
 30
0.0
 10
43.4745
 20
-27.5394
 30
0.0
 10
43.6315
 20
-27.7171
 30
0.0
 10
43.8281
 20
-27.8059
 30
0.0
 10
44.0658
 20
-27.8059
 30
0.0
 10
44.301
 20
-27.8059
 30
0.0
 10
44.4966
 20
-27.7171
 30
0.0
 10
44.6537
 20
-27.5385
 30
0.0
 10
44.8098
 20
-27.3599
 30
0.0
 10
44.8879
 20
-27.088
 30
0.0
 10
44.8879
 20
-26.7228
 30
0.0
 10
44.8879
 20
-26.3781
 30
0.0
 10
44.8089
 20
-26.1171
 30
0.0
 10
44.6519
 20
-25.9403
 30
0.0
 10
44.4948
 20
-25.7625
 30
0.0
 10
44.2991
 20
-25.6737
 30
0.0
 10
44.0658
 20
-25.6737
 30
0.0
 10
43.8281
 20
-25.6737
 30
0.0
 10
43.6315
 20
-25.7616
 30
0.0
 10
43.4745
 20
-25.9384
 30
0.0
 10
43.3183
 20
-26.1152
 30
0.0
 10
43.2402
 20
-26.3817
 30
0.0
 10
43.2402
 20
-26.738
 30
0.0
  0
SPLINE
  5
93
330
1F
100
AcDbEntity
  8
Layer 1
 62
   250
100
AcDbSpline
210
0.0
220
0.0
230
1.0
 70
    11
 71
     3
 72
    92
 73
    88
 74
     0
 42
0.0000000001
 43
0.0000000001
 40
0.0
 40
0.0
 40
0.0
 40
0.0
 40
0.0344827586206897
 40
0.0344827586206897
 40
0.0344827586206897
 40
0.0689655172413793
 40
0.0689655172413793
 40
0.0689655172413793
 40
0.103448275862069
 40
0.103448275862069
 40
0.103448275862069
 40
0.1379310344827586
 40
0.1379310344827586
 40
0.1379310344827586
 40
0.1724137931034483
 40
0.1724137931034483
 40
0.1724137931034483
 40
0.2068965517241379
 40
0.2068965517241379
 40
0.2068965517241379
 40
0.2413793103448276
 40
0.2413793103448276
 40
0.2413793103448276
 40
0.2758620689655172
 40
0.2758620689655172
 40
0.2758620689655172
 40
0.3103448275862069
 40
0.3103448275862069
 40
0.3103448275862069
 40
0.3448275862068966
 40
0.3448275862068966
 40
0.3448275862068966
 40
0.3793103448275862
 40
0.3793103448275862
 40
0.3793103448275862
 40
0.4137931034482759
 40
0.4137931034482759
 40
0.4137931034482759
 40
0.4482758620689655
 40
0.4482758620689655
 40
0.4482758620689655
 40
0.4827586206896551
 40
0.4827586206896551
 40
0.4827586206896551
 40
0.5172413793103449
 40
0.5172413793103449
 40
0.5172413793103449
 40
0.5517241379310345
 40
0.5517241379310345
 40
0.5517241379310345
 40
0.5862068965517241
 40
0.5862068965517241
 40
0.5862068965517241
 40
0.6206896551724138
 40
0.6206896551724138
 40
0.6206896551724138
 40
0.6551724137931034
 40
0.6551724137931034
 40
0.6551724137931034
 40
0.6896551724137931
 40
0.6896551724137931
 40
0.6896551724137931
 40
0.7241379310344828
 40
0.7241379310344828
 40
0.7241379310344828
 40
0.7586206896551724
 40
0.7586206896551724
 40
0.7586206896551724
 40
0.7931034482758621
 40
0.7931034482758621
 40
0.7931034482758621
 40
0.8275862068965517
 40
0.8275862068965517
 40
0.8275862068965517
 40
0.8620689655172413
 40
0.8620689655172413
 40
0.8620689655172413
 40
0.896551724137931
 40
0.896551724137931
 40
0.896551724137931
 40
0.9310344827586207
 40
0.9310344827586207
 40
0.9310344827586207
 40
0.9655172413793103
 40
0.9655172413793103
 40
0.9655172413793103
 40
1.0
 40
1.0
 40
1.0
 40
1.0
 10
40.6081
 20
-26.6214
 30
0.0
 10
40.6081
 20
-26.6214
 30
0.0
 10
40.6081
 20
-26.169
 30
0.0
 10
40.6081
 20
-26.169
 30
0.0
 10
40.6081
 20
-26.169
 30
0.0
 10
42.2397
 20
-26.169
 30
0.0
 10
42.2397
 20
-26.169
 30
0.0
 10
42.2397
 20
-26.169
 30
0.0
 10
42.2397
 20
-27.5978
 30
0.0
 10
42.2397
 20
-27.5978
 30
0.0
 10
41.9893
 20
-27.7969
 30
0.0
 10
41.7308
 20
-27.9478
 30
0.0
 10
41.4643
 20
-28.0483
 30
0.0
 10
41.1977
 20
-28.1488
 30
0.0
 10
40.924
 20
-28.199
 30
0.0
 10
40.644
 20
-28.199
 30
0.0
 10
40.2654
 20
-28.199
 30
0.0
 10
39.9216
 20
-28.1182
 30
0.0
 10
39.612
 20
-27.9558
 30
0.0
 10
39.3034
 20
-27.7942
 30
0.0
 10
39.0691
 20
-27.5592
 30
0.0
 10
38.9121
 20
-27.2531
 30
0.0
 10
38.7541
 20
-26.9462
 30
0.0
 10
38.6752
 20
-26.6035
 30
0.0
 10
38.6752
 20
-26.2256
 30
0.0
 10
38.6752
 20
-25.8505
 30
0.0
 10
38.7532
 20
-25.5005
 30
0.0
 10
38.9102
 20
-25.1747
 30
0.0
 10
39.0674
 20
-24.8499
 30
0.0
 10
39.2926
 20
-24.6085
 30
0.0
 10
39.5869
 20
-24.4515
 30
0.0
 10
39.8813
 20
-24.2935
 30
0.0
 10
40.2205
 20
-24.2145
 30
0.0
 10
40.6046
 20
-24.2145
 30
0.0
 10
40.8827
 20
-24.2145
 30
0.0
 10
41.135
 20
-24.2593
 30
0.0
 10
41.3602
 20
-24.35
 30
0.0
 10
41.5855
 20
-24.4407
 30
0.0
 10
41.7623
 20
-24.5662
 30
0.0
 10
41.8897
 20
-24.7269
 30
0.0
 10
42.018
 20
-24.8885
 30
0.0
 10
42.1149
 20
-25.0993
 30
0.0
 10
42.1813
 20
-25.3587
 30
0.0
 10
42.1813
 20
-25.3587
 30
0.0
 10
41.721
 20
-25.4843
 30
0.0
 10
41.721
 20
-25.4843
 30
0.0
 10
41.6626
 20
-25.2887
 30
0.0
 10
41.5909
 20
-25.1343
 30
0.0
 10
41.5056
 20
-25.0213
 30
0.0
 10
41.4194
 20
-24.9091
 30
0.0
 10
41.2974
 20
-24.8193
 30
0.0
 10
41.1377
 20
-24.752
 30
0.0
 10
40.9788
 20
-24.6848
 30
0.0
 10
40.802
 20
-24.6506
 30
0.0
 10
40.6073
 20
-24.6506
 30
0.0
 10
40.3748
 20
-24.6506
 30
0.0
 10
40.1738
 20
-24.6865
 30
0.0
 10
40.0033
 20
-24.7574
 30
0.0
 10
39.8337
 20
-24.8283
 30
0.0
 10
39.6973
 20
-24.9217
 30
0.0
 10
39.5923
 20
-25.0384
 30
0.0
 10
39.4882
 20
-25.1541
 30
0.0
 10
39.4074
 20
-25.2815
 30
0.0
 10
39.35
 20
-25.4197
 30
0.0
 10
39.2522
 20
-25.6593
 30
0.0
 10
39.2029
 20
-25.9178
 30
0.0
 10
39.2029
 20
-26.1969
 30
0.0
 10
39.2029
 20
-26.5414
 30
0.0
 10
39.2621
 20
-26.8295
 30
0.0
 10
39.3797
 20
-27.062
 30
0.0
 10
39.4981
 20
-27.2936
 30
0.0
 10
39.6704
 20
-27.4658
 30
0.0
 10
39.8957
 20
-27.578
 30
0.0
 10
40.1217
 20
-27.6902
 30
0.0
 10
40.3614
 20
-27.7467
 30
0.0
 10
40.6154
 20
-27.7467
 30
0.0
 10
40.8362
 20
-27.7467
 30
0.0
 10
41.0515
 20
-27.7037
 30
0.0
 10
41.2615
 20
-27.6184
 30
0.0
 10
41.4715
 20
-27.5323
 30
0.0
 10
41.6303
 20
-27.4416
 30
0.0
 10
41.7389
 20
-27.3438
 30
0.0
 10
41.7389
 20
-27.3438
 30
0.0
 10
41.7389
 20
-26.6214
 30
0.0
 10
41.7389
 20
-26.6214
 30
0.0
 10
41.7389
 20
-26.6214
 30
0.0
 10
40.6081
 20
-26.6214
 30
0.0
 10
40.6081
 20
-26.6214
 30
0.0
  0
SPLINE
  5
94
330
1F
100
AcDbEntity
  8
Layer 1
 62
   250
100
AcDbSpline
210
0.0
220
0.0
230
1.0
 70
    11
 71
     3
 72
    17
 73
    13
 74
     0
 42
0.0000000001
 43
0.0000000001
 40
0.0
 40
0.0
 40
0.0
 40
0.0
 40
0.25
 40
0.25
 40
0.25
 40
0.5
 40
0.5
 40
0.5
 40
0.75
 40
0.75
 40
0.75
 40
1.0
 40
1.0
 40
1.0
 40
1.0
 10
35.3143
 20
-29.2059
 30
0.0
 10
35.3143
 20
-29.2059
 30
0.0
 10
35.3143
 20
-28.8666
 30
0.0
 10
35.3143
 20
-28.8666
 30
0.0
 10
35.3143
 20
-28.8666
 30
0.0
 10
38.448
 20
-28.8666
 30
0.0
 10
38.448
 20
-28.8666
 30
0.0
 10
38.448
 20
-28.8666
 30
0.0
 10
38.448
 20
-29.2059
 30
0.0
 10
38.448
 20
-29.2059
 30
0.0
 10
38.448
 20
-29.2059
 30
0.0
 10
35.3143
 20
-29.2059
 30
0.0
 10
35.3143
 20
-29.2059
 30
0.0
  0
SPLINE
  5
95
330
1F
100
AcDbEntity
  8
Layer 1
 62
   250
100
AcDbSpline
210
0.0
220
0.0
230
1.0
 70
    11
 71
     3
 72
    65
 73
    61
 74
     0
 42
0.0000000001
 43
0.0000000001
 40
0.0
 40
0.0
 40
0.0
 40
0.0
 40
0.05
 40
0.05
 40
0.05
 40
0.1
 40
0.1
 40
0.1
 40
0.15
 40
0.15
 40
0.15
 40
0.2
 40
0.2
 40
0.2
 40
0.25
 40
0.25
 40
0.25
 40
0.3
 40
0.3
 40
0.3
 40
0.35
 40
0.35
 40
0.35
 40
0.4
 40
0.4
 40
0.4
 40
0.45
 40
0.45
 40
0.45
 40
0.5
 40
0.5
 40
0.5
 40
0.55
 40
0.55
 40
0.55
 40
0.6000000000000001
 40
0.6000000000000001
 40
0.6000000000000001
 40
0.65
 40
0.65
 40
0.65
 40
0.7000000000000001
 40
0.7000000000000001
 40
0.7000000000000001
 40
0.75
 40
0.75
 40
0.75
 40
0.8
 40
0.8
 40
0.8
 40
0.8500000000000001
 40
0.8500000000000001
 40
0.8500000000000001
 40
0.9
 40
0.9
 40
0.9
 40
0.9500000000000001
 40
0.9500000000000001
 40
0.9500000000000001
 40
1.0
 40
1.0
 40
1.0
 40
1.0
 10
35.283
 20
-27.7117
 30
0.0
 10
35.283
 20
-27.7117
 30
0.0
 10
35.3476
 20
-28.1299
 30
0.0
 10
35.3476
 20
-28.1299
 30
0.0
 10
35.2148
 20
-28.1577
 30
0.0
 10
35.0954
 20
-28.1721
 30
0.0
 10
34.9913
 20
-28.1721
 30
0.0
 10
34.8199
 20
-28.1721
 30
0.0
 10
34.6871
 20
-28.1452
 30
0.0
 10
34.5919
 20
-28.0904
 30
0.0
 10
34.4977
 20
-28.0356
 30
0.0
 10
34.4313
 20
-27.9647
 30
0.0
 10
34.3927
 20
-27.8759
 30
0.0
 10
34.3542
 20
-27.7871
 30
0.0
 10
34.3352
 20
-27.6005
 30
0.0
 10
34.3352
 20
-27.3159
 30
0.0
 10
34.3352
 20
-27.3159
 30
0.0
 10
34.3352
 20
-25.706
 30
0.0
 10
34.3352
 20
-25.706
 30
0.0
 10
34.3352
 20
-25.706
 30
0.0
 10
33.9853
 20
-25.706
 30
0.0
 10
33.9853
 20
-25.706
 30
0.0
 10
33.9853
 20
-25.706
 30
0.0
 10
33.9853
 20
-25.3399
 30
0.0
 10
33.9853
 20
-25.3399
 30
0.0
 10
33.9853
 20
-25.3399
 30
0.0
 10
34.3352
 20
-25.3399
 30
0.0
 10
34.3352
 20
-25.3399
 30
0.0
 10
34.3352
 20
-25.3399
 30
0.0
 10
34.3352
 20
-24.6488
 30
0.0
 10
34.3352
 20
-24.6488
 30
0.0
 10
34.3352
 20
-24.6488
 30
0.0
 10
34.8091
 20
-24.3644
 30
0.0
 10
34.8091
 20
-24.3644
 30
0.0
 10
34.8091
 20
-24.3644
 30
0.0
 10
34.8091
 20
-25.3399
 30
0.0
 10
34.8091
 20
-25.3399
 30
0.0
 10
34.8091
 20
-25.3399
 30
0.0
 10
35.283
 20
-25.3399
 30
0.0
 10
35.283
 20
-25.3399
 30
0.0
 10
35.283
 20
-25.3399
 30
0.0
 10
35.283
 20
-25.706
 30
0.0
 10
35.283
 20
-25.706
 30
0.0
 10
35.283
 20
-25.706
 30
0.0
 10
34.8091
 20
-25.706
 30
0.0
 10
34.8091
 20
-25.706
 30
0.0
 10
34.8091
 20
-25.706
 30
0.0
 10
34.8091
 20
-27.3428
 30
0.0
 10
34.8091
 20
-27.3428
 30
0.0
 10
34.8091
 20
-27.4783
 30
0.0
 10
34.8172
 20
-27.5654
 30
0.0
 10
34.8343
 20
-27.604
 30
0.0
 10
34.8504
 20
-27.6426
 30
0.0
 10
34.8773
 20
-27.6731
 30
0.0
 10
34.915
 20
-27.6964
 30
0.0
 10
34.9527
 20
-27.7189
 30
0.0
 10
35.0065
 20
-27.7306
 30
0.0
 10
35.0766
 20
-27.7306
 30
0.0
 10
35.1285
 20
-27.7306
 30
0.0
 10
35.1977
 20
-27.7243
 30
0.0
 10
35.283
 20
-27.7117
 30
0.0
  0
SPLINE
  5
96
330
1F
100
AcDbEntity
  8
Layer 1
 62
   250
100
AcDbSpline
210
0.0
220
0.0
230
1.0
 70
    11
 71
     3
 72
    86
 73
    82
 74
     0
 42
0.0000000001
 43
0.0000000001
 40
0.0
 40
0.0
 40
0.0
 40
0.0
 40
0.037037037037037
 40
0.037037037037037
 40
0.037037037037037
 40
0.0740740740740741
 40
0.0740740740740741
 40
0.0740740740740741
 40
0.1111111111111111
 40
0.1111111111111111
 40
0.1111111111111111
 40
0.1481481481481481
 40
0.1481481481481481
 40
0.1481481481481481
 40
0.1851851851851852
 40
0.1851851851851852
 40
0.1851851851851852
 40
0.2222222222222222
 40
0.2222222222222222
 40
0.2222222222222222
 40
0.2592592592592592
 40
0.2592592592592592
 40
0.2592592592592592
 40
0.2962962962962963
 40
0.2962962962962963
 40
0.2962962962962963
 40
0.3333333333333333
 40
0.3333333333333333
 40
0.3333333333333333
 40
0.3703703703703703
 40
0.3703703703703703
 40
0.3703703703703703
 40
0.4074074074074074
 40
0.4074074074074074
 40
0.4074074074074074
 40
0.4444444444444444
 40
0.4444444444444444
 40
0.4444444444444444
 40
0.4814814814814815
 40
0.4814814814814815
 40
0.4814814814814815
 40
0.5185185185185185
 40
0.5185185185185185
 40
0.5185185185185185
 40
0.5555555555555556
 40
0.5555555555555556
 40
0.5555555555555556
 40
0.5925925925925926
 40
0.5925925925925926
 40
0.5925925925925926
 40
0.6296296296296295
 40
0.6296296296296295
 40
0.6296296296296295
 40
0.6666666666666666
 40
0.6666666666666666
 40
0.6666666666666666
 40
0.7037037037037037
 40
0.7037037037037037
 40
0.7037037037037037
 40
0.7407407407407407
 40
0.7407407407407407
 40
0.7407407407407407
 40
0.7777777777777777
 40
0.7777777777777777
 40
0.7777777777777777
 40
0.8148148148148148
 40
0.8148148148148148
 40
0.8148148148148148
 40
0.8518518518518519
 40
0.8518518518518519
 40
0.8518518518518519
 40
0.8888888888888888
 40
0.8888888888888888
 40
0.8888888888888888
 40
0.9259259259259258
 40
0.9259259259259258
 40
0.9259259259259258
 40
0.9629629629629629
 40
0.9629629629629629
 40
0.9629629629629629
 40
1.0
 40
1.0
 40
1.0
 40
1.0
 10
33.0851
 20
-27.7844
 30
0.0
 10
32.9093
 20
-27.9343
 30
0.0
 10
32.7396
 20
-28.0393
 30
0.0
 10
32.5772
 20
-28.1012
 30
0.0
 10
32.4148
 20
-28.1631
 30
0.0
 10
32.2407
 20
-28.1936
 30
0.0
 10
32.054
 20
-28.1936
 30
0.0
 10
31.7471
 20
-28.1936
 30
0.0
 10
31.5111
 20
-28.1192
 30
0.0
 10
31.3459
 20
-27.9693
 30
0.0
 10
31.1808
 20
-27.8203
 30
0.0
 10
31.0983
 20
-27.6291
 30
0.0
 10
31.0983
 20
-27.3968
 30
0.0
 10
31.0983
 20
-27.2603
 30
0.0
 10
31.1297
 20
-27.1356
 30
0.0
 10
31.1916
 20
-27.0225
 30
0.0
 10
31.2544
 20
-26.9094
 30
0.0
 10
31.3361
 20
-26.8197
 30
0.0
 10
31.4366
 20
-26.7515
 30
0.0
 10
31.538
 20
-26.6833
 30
0.0
 10
31.6511
 20
-26.6312
 30
0.0
 10
31.7777
 20
-26.5962
 30
0.0
 10
31.8709
 20
-26.572
 30
0.0
 10
32.0118
 20
-26.5487
 30
0.0
 10
32.1994
 20
-26.5253
 30
0.0
 10
32.5817
 20
-26.4805
 30
0.0
 10
32.8644
 20
-26.4257
 30
0.0
 10
33.0447
 20
-26.3629
 30
0.0
 10
33.0465
 20
-26.2983
 30
0.0
 10
33.0474
 20
-26.257
 30
0.0
 10
33.0474
 20
-26.2399
 30
0.0
 10
33.0474
 20
-26.0479
 30
0.0
 10
33.0026
 20
-25.9124
 30
0.0
 10
32.9129
 20
-25.8334
 30
0.0
 10
32.7917
 20
-25.7266
 30
0.0
 10
32.6113
 20
-25.6737
 30
0.0
 10
32.3726
 20
-25.6737
 30
0.0
 10
32.1492
 20
-25.6737
 30
0.0
 10
31.9841
 20
-25.7132
 30
0.0
 10
31.8782
 20
-25.7913
 30
0.0
 10
31.7714
 20
-25.8693
 30
0.0
 10
31.6933
 20
-26.0075
 30
0.0
 10
31.6421
 20
-26.2068
 30
0.0
 10
31.6421
 20
-26.2068
 30
0.0
 10
31.1791
 20
-26.1421
 30
0.0
 10
31.1791
 20
-26.1421
 30
0.0
 10
31.2212
 20
-25.9438
 30
0.0
 10
31.2903
 20
-25.7831
 30
0.0
 10
31.3872
 20
-25.6611
 30
0.0
 10
31.4842
 20
-25.539
 30
0.0
 10
31.6242
 20
-25.4458
 30
0.0
 10
31.8073
 20
-25.3793
 30
0.0
 10
31.9895
 20
-25.3138
 30
0.0
 10
32.2021
 20
-25.2806
 30
0.0
 10
32.4426
 20
-25.2806
 30
0.0
 10
32.6813
 20
-25.2806
 30
0.0
 10
32.876
 20
-25.3084
 30
0.0
 10
33.0259
 20
-25.3649
 30
0.0
 10
33.1749
 20
-25.4216
 30
0.0
 10
33.2853
 20
-25.4915
 30
0.0
 10
33.3553
 20
-25.5767
 30
0.0
 10
33.4253
 20
-25.662
 30
0.0
 10
33.4746
 20
-25.7697
 30
0.0
 10
33.5033
 20
-25.8999
 30
0.0
 10
33.5186
 20
-25.9806
 30
0.0
 10
33.5267
 20
-26.126
 30
0.0
 10
33.5267
 20
-26.335
 30
0.0
 10
33.5267
 20
-26.335
 30
0.0
 10
33.5267
 20
-26.9633
 30
0.0
 10
33.5267
 20
-26.9633
 30
0.0
 10
33.5267
 20
-27.4021
 30
0.0
 10
33.5365
 20
-27.6794
 30
0.0
 10
33.5563
 20
-27.7969
 30
0.0
 10
33.5751
 20
-27.9145
 30
0.0
 10
33.6146
 20
-28.0267
 30
0.0
 10
33.672
 20
-28.1344
 30
0.0
 10
33.672
 20
-28.1344
 30
0.0
 10
33.1767
 20
-28.1344
 30
0.0
 10
33.1767
 20
-28.1344
 30
0.0
 10
33.1291
 20
-28.0348
 30
0.0
 10
33.0986
 20
-27.9182
 30
0.0
 10
33.0851
 20
-27.7844
 30
0.0
  0
SPLINE
  5
97
330
1F
100
AcDbEntity
  8
Layer 1
 62
   250
100
AcDbSpline
210
0.0
220
0.0
230
1.0
 70
    11
 71
     3
 72
    35
 73
    31
 74
     0
 42
0.0000000001
 43
0.0000000001
 40
0.0
 40
0.0
 40
0.0
 40
0.0
 40
0.1
 40
0.1
 40
0.1
 40
0.2
 40
0.2
 40
0.2
 40
0.3
 40
0.3
 40
0.3
 40
0.4
 40
0.4
 40
0.4
 40
0.5
 40
0.5
 40
0.5
 40
0.6000000000000001
 40
0.6000000000000001
 40
0.6000000000000001
 40
0.7000000000000001
 40
0.7000000000000001
 40
0.7000000000000001
 40
0.8
 40
0.8
 40
0.8
 40
0.9
 40
0.9
 40
0.9
 40
1.0
 40
1.0
 40
1.0
 40
1.0
 10
33.0474
 20
-26.7344
 30
0.0
 10
32.8752
 20
-26.8045
 30
0.0
 10
32.6167
 20
-26.8637
 30
0.0
 10
32.2721
 20
-26.9121
 30
0.0
 10
32.0765
 20
-26.94
 30
0.0
 10
31.9382
 20
-26.9713
 30
0.0
 10
31.8575
 20
-27.0063
 30
0.0
 10
31.7767
 20
-27.0413
 30
0.0
 10
31.7148
 20
-27.0925
 30
0.0
 10
31.6708
 20
-27.1589
 30
0.0
 10
31.6268
 20
-27.2262
 30
0.0
 10
31.6044
 20
-27.3007
 30
0.0
 10
31.6044
 20
-27.3832
 30
0.0
 10
31.6044
 20
-27.508
 30
0.0
 10
31.652
 20
-27.613
 30
0.0
 10
31.748
 20
-27.6964
 30
0.0
 10
31.844
 20
-27.7799
 30
0.0
 10
31.9841
 20
-27.8221
 30
0.0
 10
32.168
 20
-27.8221
 30
0.0
 10
32.3502
 20
-27.8221
 30
0.0
 10
32.5126
 20
-27.7826
 30
0.0
 10
32.6553
 20
-27.7027
 30
0.0
 10
32.797
 20
-27.6238
 30
0.0
 10
32.9021
 20
-27.5152
 30
0.0
 10
32.9685
 20
-27.3778
 30
0.0
 10
33.0196
 20
-27.2711
 30
0.0
 10
33.0447
 20
-27.1141
 30
0.0
 10
33.0447
 20
-26.9067
 30
0.0
 10
33.0447
 20
-26.9067
 30
0.0
 10
33.0474
 20
-26.7344
 30
0.0
 10
33.0474
 20
-26.7344
 30
0.0
  0
SPLINE
  5
98
330
1F
100
AcDbEntity
  8
Layer 1
 62
   250
100
AcDbSpline
210
0.0
220
0.0
230
1.0
 70
    11
 71
     3
 72
    44
 73
    40
 74
     0
 42
0.0000000001
 43
0.0000000001
 40
0.0
 40
0.0
 40
0.0
 40
0.0
 40
0.0769230769230769
 40
0.0769230769230769
 40
0.0769230769230769
 40
0.1538461538461539
 40
0.1538461538461539
 40
0.1538461538461539
 40
0.2307692307692308
 40
0.2307692307692308
 40
0.2307692307692308
 40
0.3076923076923077
 40
0.3076923076923077
 40
0.3076923076923077
 40
0.3846153846153846
 40
0.3846153846153846
 40
0.3846153846153846
 40
0.4615384615384616
 40
0.4615384615384616
 40
0.4615384615384616
 40
0.5384615384615385
 40
0.5384615384615385
 40
0.5384615384615385
 40
0.6153846153846154
 40
0.6153846153846154
 40
0.6153846153846154
 40
0.6923076923076923
 40
0.6923076923076923
 40
0.6923076923076923
 40
0.7692307692307693
 40
0.7692307692307693
 40
0.7692307692307693
 40
0.8461538461538463
 40
0.8461538461538463
 40
0.8461538461538463
 40
0.9230769230769231
 40
0.9230769230769231
 40
0.9230769230769231
 40
1.0
 40
1.0
 40
1.0
 40
1.0
 10
29.4614
 20
-28.1344
 30
0.0
 10
29.4614
 20
-28.1344
 30
0.0
 10
29.4614
 20
-25.3399
 30
0.0
 10
29.4614
 20
-25.3399
 30
0.0
 10
29.4614
 20
-25.3399
 30
0.0
 10
29.8868
 20
-25.3399
 30
0.0
 10
29.8868
 20
-25.3399
 30
0.0
 10
29.8868
 20
-25.3399
 30
0.0
 10
29.8868
 20
-25.7679
 30
0.0
 10
29.8868
 20
-25.7679
 30
0.0
 10
29.9954
 20
-25.5696
 30
0.0
 10
30.0959
 20
-25.4385
 30
0.0
 10
30.1884
 20
-25.3757
 30
0.0
 10
30.2808
 20
-25.312
 30
0.0
 10
30.3821
 20
-25.2806
 30
0.0
 10
30.4926
 20
-25.2806
 30
0.0
 10
30.6523
 20
-25.2806
 30
0.0
 10
30.8147
 20
-25.3309
 30
0.0
 10
30.9798
 20
-25.4305
 30
0.0
 10
30.9798
 20
-25.4305
 30
0.0
 10
30.8111
 20
-25.8675
 30
0.0
 10
30.8111
 20
-25.8675
 30
0.0
 10
30.6963
 20
-25.8029
 30
0.0
 10
30.5814
 20
-25.7706
 30
0.0
 10
30.4665
 20
-25.7706
 30
0.0
 10
30.3633
 20
-25.7706
 30
0.0
 10
30.2708
 20
-25.8021
 30
0.0
 10
30.1892
 20
-25.864
 30
0.0
 10
30.1075
 20
-25.9259
 30
0.0
 10
30.0492
 20
-26.012
 30
0.0
 10
30.0142
 20
-26.1224
 30
0.0
 10
29.9612
 20
-26.2902
 30
0.0
 10
29.9353
 20
-26.4742
 30
0.0
 10
29.9353
 20
-26.6743
 30
0.0
 10
29.9353
 20
-26.6743
 30
0.0
 10
29.9353
 20
-28.1344
 30
0.0
 10
29.9353
 20
-28.1344
 30
0.0
 10
29.9353
 20
-28.1344
 30
0.0
 10
29.4614
 20
-28.1344
 30
0.0
 10
29.4614
 20
-28.1344
 30
0.0
  0
SPLINE
  5
99
330
1F
100
AcDbEntity
  8
Layer 1
 62
   250
100
AcDbSpline
210
0.0
220
0.0
230
1.0
 70
    11
 71
     3
 72
    17
 73
    13
 74
     0
 42
0.0000000001
 43
0.0000000001
 40
0.0
 40
0.0
 40
0.0
 40
0.0
 40
0.25
 40
0.25
 40
0.25
 40
0.5
 40
0.5
 40
0.5
 40
0.75
 40
0.75
 40
0.75
 40
1.0
 40
1.0
 40
1.0
 40
1.0
 10
28.2705
 20
-24.8176
 30
0.0
 10
28.2705
 20
-24.8176
 30
0.0
 10
28.2705
 20
-24.2791
 30
0.0
 10
28.2705
 20
-24.2791
 30
0.0
 10
28.2705
 20
-24.2791
 30
0.0
 10
28.7444
 20
-24.2791
 30
0.0
 10
28.7444
 20
-24.2791
 30
0.0
 10
28.7444
 20
-24.2791
 30
0.0
 10
28.7444
 20
-24.8176
 30
0.0
 10
28.7444
 20
-24.8176
 30
0.0
 10
28.7444
 20
-24.8176
 30
0.0
 10
28.2705
 20
-24.8176
 30
0.0
 10
28.2705
 20
-24.8176
 30
0.0
  0
SPLINE
  5
9A
330
1F
100
AcDbEntity
  8
Layer 1
 62
   250
100
AcDbSpline
210
0.0
220
0.0
230
1.0
 70
    11
 71
     3
 72
    17
 73
    13
 74
     0
 42
0.0000000001
 43
0.0000000001
 40
0.0
 40
0.0
 40
0.0
 40
0.0
 40
0.25
 40
0.25
 40
0.25
 40
0.5
 40
0.5
 40
0.5
 40
0.75
 40
0.75
 40
0.75
 40
1.0
 40
1.0
 40
1.0
 40
1.0
 10
28.2705
 20
-28.1344
 30
0.0
 10
28.2705
 20
-28.1344
 30
0.0
 10
28.2705
 20
-25.3399
 30
0.0
 10
28.2705
 20
-25.3399
 30
0.0
 10
28.2705
 20
-25.3399
 30
0.0
 10
28.7444
 20
-25.3399
 30
0.0
 10
28.7444
 20
-25.3399
 30
0.0
 10
28.7444
 20
-25.3399
 30
0.0
 10
28.7444
 20
-28.1344
 30
0.0
 10
28.7444
 20
-28.1344
 30
0.0
 10
28.7444
 20
-28.1344
 30
0.0
 10
28.2705
 20
-28.1344
 30
0.0
 10
28.2705
 20
-28.1344
 30
0.0
  0
SPLINE
  5
9B
330
1F
100
AcDbEntity
  8
Layer 1
 62
   250
100
AcDbSpline
210
0.0
220
0.0
230
1.0
 70
    11
 71
     3
 72
    56
 73
    52
 74
     0
 42
0.0000000001
 43
0.0000000001
 40
0.0
 40
0.0
 40
0.0
 40
0.0
 40
0.0588235294117647
 40
0.0588235294117647
 40
0.0588235294117647
 40
0.1176470588235294
 40
0.1176470588235294
 40
0.1176470588235294
 40
0.1764705882352941
 40
0.1764705882352941
 40
0.1764705882352941
 40
0.2352941176470588
 40
0.2352941176470588
 40
0.2352941176470588
 40
0.2941176470588235
 40
0.2941176470588235
 40
0.2941176470588235
 40
0.3529411764705882
 40
0.3529411764705882
 40
0.3529411764705882
 40
0.4117647058823529
 40
0.4117647058823529
 40
0.4117647058823529
 40
0.4705882352941176
 40
0.4705882352941176
 40
0.4705882352941176
 40
0.5294117647058824
 40
0.5294117647058824
 40
0.5294117647058824
 40
0.5882352941176471
 40
0.5882352941176471
 40
0.5882352941176471
 40
0.6470588235294118
 40
0.6470588235294118
 40
0.6470588235294118
 40
0.7058823529411764
 40
0.7058823529411764
 40
0.7058823529411764
 40
0.7647058823529411
 40
0.7647058823529411
 40
0.7647058823529411
 40
0.8235294117647058
 40
0.8235294117647058
 40
0.8235294117647058
 40
0.8823529411764706
 40
0.8823529411764706
 40
0.8823529411764706
 40
0.9411764705882353
 40
0.9411764705882353
 40
0.9411764705882353
 40
1.0
 40
1.0
 40
1.0
 40
1.0
 10
25.2758
 20
-28.1344
 30
0.0
 10
25.2758
 20
-28.1344
 30
0.0
 10
25.2758
 20
-24.2791
 30
0.0
 10
25.2758
 20
-24.2791
 30
0.0
 10
25.2758
 20
-24.2791
 30
0.0
 10
25.7497
 20
-24.2791
 30
0.0
 10
25.7497
 20
-24.2791
 30
0.0
 10
25.7497
 20
-24.2791
 30
0.0
 10
25.7497
 20
-25.6665
 30
0.0
 10
25.7497
 20
-25.6665
 30
0.0
 10
25.9695
 20
-25.4089
 30
0.0
 10
26.2468
 20
-25.2806
 30
0.0
 10
26.5824
 20
-25.2806
 30
0.0
 10
26.788
 20
-25.2806
 30
0.0
 10
26.9666
 20
-25.321
 30
0.0
 10
27.1191
 20
-25.4027
 30
0.0
 10
27.2708
 20
-25.4843
 30
0.0
 10
27.3794
 20
-25.5965
 30
0.0
 10
27.4449
 20
-25.7401
 30
0.0
 10
27.5104
 20
-25.8836
 30
0.0
 10
27.5427
 20
-26.0928
 30
0.0
 10
27.5427
 20
-26.3656
 30
0.0
 10
27.5427
 20
-26.3656
 30
0.0
 10
27.5427
 20
-28.1344
 30
0.0
 10
27.5427
 20
-28.1344
 30
0.0
 10
27.5427
 20
-28.1344
 30
0.0
 10
27.0688
 20
-28.1344
 30
0.0
 10
27.0688
 20
-28.1344
 30
0.0
 10
27.0688
 20
-28.1344
 30
0.0
 10
27.0688
 20
-26.3673
 30
0.0
 10
27.0688
 20
-26.3673
 30
0.0
 10
27.0688
 20
-26.1313
 30
0.0
 10
27.0177
 20
-25.9591
 30
0.0
 10
26.9163
 20
-25.8513
 30
0.0
 10
26.814
 20
-25.7437
 30
0.0
 10
26.6704
 20
-25.6899
 30
0.0
 10
26.4838
 20
-25.6899
 30
0.0
 10
26.3447
 20
-25.6899
 30
0.0
 10
26.2136
 20
-25.7258
 30
0.0
 10
26.0906
 20
-25.7984
 30
0.0
 10
25.9678
 20
-25.8711
 30
0.0
 10
25.8807
 20
-25.9699
 30
0.0
 10
25.8277
 20
-26.0946
 30
0.0
 10
25.7757
 20
-26.2184
 30
0.0
 10
25.7497
 20
-26.3898
 30
0.0
 10
25.7497
 20
-26.6088
 30
0.0
 10
25.7497
 20
-26.6088
 30
0.0
 10
25.7497
 20
-28.1344
 30
0.0
 10
25.7497
 20
-28.1344
 30
0.0
 10
25.7497
 20
-28.1344
 30
0.0
 10
25.2758
 20
-28.1344
 30
0.0
 10
25.2758
 20
-28.1344
 30
0.0
  0
SPLINE
  5
9C
330
1F
100
AcDbEntity
  8
Layer 1
 62
   250
100
AcDbSpline
210
0.0
220
0.0
230
1.0
 70
    11
 71
     3
 72
    44
 73
    40
 74
     0
 42
0.0000000001
 43
0.0000000001
 40
0.0
 40
0.0
 40
0.0
 40
0.0
 40
0.0769230769230769
 40
0.0769230769230769
 40
0.0769230769230769
 40
0.1538461538461539
 40
0.1538461538461539
 40
0.1538461538461539
 40
0.2307692307692308
 40
0.2307692307692308
 40
0.2307692307692308
 40
0.3076923076923077
 40
0.3076923076923077
 40
0.3076923076923077
 40
0.3846153846153846
 40
0.3846153846153846
 40
0.3846153846153846
 40
0.4615384615384616
 40
0.4615384615384616
 40
0.4615384615384616
 40
0.5384615384615385
 40
0.5384615384615385
 40
0.5384615384615385
 40
0.6153846153846154
 40
0.6153846153846154
 40
0.6153846153846154
 40
0.6923076923076923
 40
0.6923076923076923
 40
0.6923076923076923
 40
0.7692307692307693
 40
0.7692307692307693
 40
0.7692307692307693
 40
0.8461538461538463
 40
0.8461538461538463
 40
0.8461538461538463
 40
0.9230769230769231
 40
0.9230769230769231
 40
0.9230769230769231
 40
1.0
 40
1.0
 40
1.0
 40
1.0
 10
9.01
 20
-26.1305
 30
0.0
 10
9.01
 20
-26.5399
 30
0.0
 10
9.011
 20
-26.95
 30
0.0
 10
9.0092
 20
-27.3598
 30
0.0
 10
9.0082
 20
-27.6743
 30
0.0
 10
9.1076
 20
-27.9559
 30
0.0
 10
9.3053
 20
-28.1954
 30
0.0
 10
9.5487
 20
-28.4896
 30
0.0
 10
9.8753
 20
-28.6212
 30
0.0
 10
10.254
 20
-28.6216
 30
0.0
 10
11.054
 20
-28.6234
 30
0.0
 10
11.8542
 20
-28.6234
 30
0.0
 10
12.6542
 20
-28.6212
 30
0.0
 10
12.7444
 20
-28.6206
 30
0.0
 10
12.8351
 20
-28.6109
 30
0.0
 10
12.9236
 20
-28.5943
 30
0.0
 10
13.5112
 20
-28.4801
 30
0.0
 10
13.8908
 20
-27.9656
 30
0.0
 10
13.8944
 20
-27.3824
 30
0.0
 10
13.9001
 20
-26.5462
 30
0.0
 10
13.8968
 20
-25.71
 30
0.0
 10
13.8954
 20
-24.8734
 30
0.0
 10
13.8951
 20
-24.6523
 30
0.0
 10
13.8431
 20
-24.44
 30
0.0
 10
13.7322
 20
-24.25
 30
0.0
 10
13.4942
 20
-23.8433
 30
0.0
 10
13.1281
 20
-23.6415
 30
0.0
 10
12.6601
 20
-23.6387
 30
0.0
 10
11.8544
 20
-23.6338
 30
0.0
 10
11.0485
 20
-23.6344
 30
0.0
 10
10.2428
 20
-23.6404
 30
0.0
 10
10.1097
 20
-23.6409
 30
0.0
 10
9.9711
 20
-23.6633
 30
0.0
 10
9.8442
 20
-23.704
 30
0.0
 10
9.3276
 20
-23.8716
 30
0.0
 10
9.0132
 20
-24.326
 30
0.0
 10
9.0102
 20
-24.8929
 30
0.0
 10
9.0082
 20
-25.3052
 30
0.0
 10
9.01
 20
-25.7182
 30
0.0
 10
9.01
 20
-26.1305
 30
0.0
  0
SPLINE
  5
9D
330
1F
100
AcDbEntity
  8
Layer 1
 62
   250
100
AcDbSpline
210
0.0
220
0.0
230
1.0
 70
    11
 71
     3
 72
    47
 73
    43
 74
     0
 42
0.0000000001
 43
0.0000000001
 40
0.0
 40
0.0
 40
0.0
 40
0.0
 40
0.0714285714285714
 40
0.0714285714285714
 40
0.0714285714285714
 40
0.1428571428571428
 40
0.1428571428571428
 40
0.1428571428571428
 40
0.2142857142857143
 40
0.2142857142857143
 40
0.2142857142857143
 40
0.2857142857142857
 40
0.2857142857142857
 40
0.2857142857142857
 40
0.3571428571428571
 40
0.3571428571428571
 40
0.3571428571428571
 40
0.4285714285714285
 40
0.4285714285714285
 40
0.4285714285714285
 40
0.5
 40
0.5
 40
0.5
 40
0.5714285714285714
 40
0.5714285714285714
 40
0.5714285714285714
 40
0.6428571428571428
 40
0.6428571428571428
 40
0.6428571428571428
 40
0.7142857142857142
 40
0.7142857142857142
 40
0.7142857142857142
 40
0.7857142857142857
 40
0.7857142857142857
 40
0.7857142857142857
 40
0.8571428571428571
 40
0.8571428571428571
 40
0.8571428571428571
 40
0.9285714285714285
 40
0.9285714285714285
 40
0.9285714285714285
 40
1.0
 40
1.0
 40
1.0
 40
1.0
 10
14.4383
 20
-26.1316
 30
0.0
 10
14.4383
 20
-26.5411
 30
0.0
 10
14.4405
 20
-26.9513
 30
0.0
 10
14.4375
 20
-27.3609
 30
0.0
 10
14.4336
 20
-27.9593
 30
0.0
 10
14.2006
 20
-28.4435
 30
0.0
 10
13.7282
 20
-28.8196
 30
0.0
 10
13.415
 20
-29.0685
 30
0.0
 10
13.063
 20
-29.1789
 30
0.0
 10
12.6718
 20
-29.1807
 30
0.0
 10
11.8607
 20
-29.183
 30
0.0
 10
11.0492
 20
-29.1807
 30
0.0
 10
10.2375
 20
-29.1819
 30
0.0
 10
9.8893
 20
-29.1819
 30
0.0
 10
9.5622
 20
-29.0988
 30
0.0
 10
9.278
 20
-28.8992
 30
0.0
 10
8.8416
 20
-28.593
 30
0.0
 10
8.5611
 20
-28.18
 30
0.0
 10
8.4866
 20
-27.6429
 30
0.0
 10
8.4736
 20
-27.5478
 30
0.0
 10
8.4685
 20
-27.4516
 30
0.0
 10
8.4685
 20
-27.3563
 30
0.0
 10
8.467
 20
-26.5363
 30
0.0
 10
8.468
 20
-25.7171
 30
0.0
 10
8.4674
 20
-24.8974
 30
0.0
 10
8.467
 20
-24.4038
 30
0.0
 10
8.6341
 20
-23.979
 30
0.0
 10
8.9735
 20
-23.6176
 30
0.0
 10
9.3118
 20
-23.2567
 30
0.0
 10
9.73
 20
-23.0834
 30
0.0
 10
10.217
 20
-23.08
 30
0.0
 10
11.0425
 20
-23.0739
 30
0.0
 10
11.8684
 20
-23.0769
 30
0.0
 10
12.6936
 20
-23.0794
 30
0.0
 10
13.1288
 20
-23.0808
 30
0.0
 10
13.5179
 20
-23.2231
 30
0.0
 10
13.8364
 20
-23.5185
 30
0.0
 10
14.2206
 20
-23.8757
 30
0.0
 10
14.4342
 20
-24.3192
 30
0.0
 10
14.4375
 20
-24.8518
 30
0.0
 10
14.4405
 20
-25.2779
 30
0.0
 10
14.4383
 20
-25.7048
 30
0.0
 10
14.4383
 20
-26.1316
 30
0.0
  0
SPLINE
  5
9E
330
1F
100
AcDbEntity
  8
Layer 1
 62
   250
100
AcDbSpline
210
0.0
220
0.0
230
1.0
 70
    11
 71
     3
 72
    17
 73
    13
 74
     0
 42
0.0000000001
 43
0.0000000001
 40
0.0
 40
0.0
 40
0.0
 40
0.0
 40
0.25
 40
0.25
 40
0.25
 40
0.5
 40
0.5
 40
0.5
 40
0.75
 40
0.75
 40
0.75
 40
1.0
 40
1.0
 40
1.0
 40
1.0
 10
11.4522
 20
-27.2316
 30
0.0
 10
12.0544
 20
-27.2322
 30
0.0
 10
12.5369
 20
-26.744
 30
0.0
 10
12.5382
 20
-26.1316
 30
0.0
 10
12.54
 20
-25.4758
 30
0.0
 10
12.0018
 20
-25.0158
 30
0.0
 10
11.4581
 20
-25.0125
 30
0.0
 10
10.9166
 20
-25.0094
 30
0.0
 10
10.367
 20
-25.4669
 30
0.0
 10
10.3675
 20
-26.1298
 30
0.0
 10
10.3677
 20
-26.7425
 30
0.0
 10
10.8488
 20
-27.2304
 30
0.0
 10
11.4522
 20
-27.2316
 30
0.0
  0
SPLINE
  5
9F
330
1F
100
AcDbEntity
  8
Layer 1
 62
   250
100
AcDbSpline
210
0.0
220
0.0
230
1.0
 70
    11
 71
     3
 72
    17
 73
    13
 74
     0
 42
0.0000000001
 43
0.0000000001
 40
0.0
 40
0.0
 40
0.0
 40
0.0
 40
0.25
 40
0.25
 40
0.25
 40
0.5
 40
0.5
 40
0.5
 40
0.75
 40
0.75
 40
0.75
 40
1.0
 40
1.0
 40
1.0
 40
1.0
 10
13.081
 20
-26.1333
 30
0.0
 10
13.0809
 20
-27.0255
 30
0.0
 10
12.3633
 20
-27.7961
 30
0.0
 10
11.447
 20
-27.7927
 30
0.0
 10
10.5346
 20
-27.7894
 30
0.0
 10
9.8189
 20
-27.0164
 30
0.0
 10
9.8248
 20
-26.1209
 30
0.0
 10
9.8306
 20
-25.2224
 30
0.0
 10
10.5292
 20
-24.4679
 30
0.0
 10
11.4548
 20
-24.4683
 30
0.0
 10
12.3815
 20
-24.4693
 30
0.0
 10
13.082
 20
-25.23
 30
0.0
 10
13.081
 20
-26.1333
 30
0.0
  0
SPLINE
  5
A0
330
1F
100
AcDbEntity
  8
Layer 1
 62
   250
100
AcDbSpline
210
0.0
220
0.0
230
1.0
 70
    11
 71
     3
 72
    17
 73
    13
 74
     0
 42
0.0000000001
 43
0.0000000001
 40
0.0
 40
0.0
 40
0.0
 40
0.0
 40
0.25
 40
0.25
 40
0.25
 40
0.5
 40
0.5
 40
0.5
 40
0.75
 40
0.75
 40
0.75
 40
1.0
 40
1.0
 40
1.0
 40
1.0
 10
12.8104
 20
-24.4924
 30
0.0
 10
12.8173
 20
-24.3505
 30
0.0
 10
12.9114
 20
-24.228
 30
0.0
 10
13.06
 20
-24.2303
 30
0.0
 10
13.2039
 20
-24.2321
 30
0.0
 10
13.2977
 20
-24.3555
 30
0.0
 10
13.3009
 20
-24.4924
 30
0.0
 10
13.3041
 20
-24.6303
 30
0.0
 10
13.1938
 20
-24.7394
 30
0.0
 10
13.056
 20
-24.7394
 30
0.0
 10
12.9179
 20
-24.7394
 30
0.0
 10
12.8102
 20
-24.6311
 30
0.0
 10
12.8104
 20
-24.4924
 30
0.0
  0
SPLINE
  5
A1
330
1F
100
AcDbEntity
  8
Layer 1
 62
   250
100
AcDbSpline
210
0.0
220
0.0
230
1.0
 70
    11
 71
     3
 72
    17
 73
    13
 74
     0
 42
0.0000000001
 43
0.0000000001
 40
0.0
 40
0.0
 40
0.0
 40
0.0
 40
0.25
 40
0.25
 40
0.25
 40
0.5
 40
0.5
 40
0.5
 40
0.75
 40
0.75
 40
0.75
 40
1.0
 40
1.0
 40
1.0
 40
1.0
 10
11.694
 20
-20.702
 30
0.0
 10
11.694
 20
-20.8232
 30
0.0
 10
11.5959
 20
-20.9208
 30
0.0
 10
11.4755
 20
-20.9208
 30
0.0
 10
11.3545
 20
-20.9208
 30
0.0
 10
11.2563
 20
-20.8232
 30
0.0
 10
11.2563
 20
-20.702
 30
0.0
 10
11.2563
 20
-20.5815
 30
0.0
 10
11.3545
 20
-20.4839
 30
0.0
 10
11.4755
 20
-20.4839
 30
0.0
 10
11.5959
 20
-20.4839
 30
0.0
 10
11.694
 20
-20.5815
 30
0.0
 10
11.694
 20
-20.702
 30
0.0
  0
SPLINE
  5
A2
330
1F
100
AcDbEntity
  8
Layer 1
 62
   250
100
AcDbSpline
210
0.0
220
0.0
230
1.0
 70
    11
 71
     3
 72
    17
 73
    13
 74
     0
 42
0.0000000001
 43
0.0000000001
 40
0.0
 40
0.0
 40
0.0
 40
0.0
 40
0.25
 40
0.25
 40
0.25
 40
0.5
 40
0.5
 40
0.5
 40
0.75
 40
0.75
 40
0.75
 40
1.0
 40
1.0
 40
1.0
 40
1.0
 10
12.1982
 20
-14.4172
 30
0.0
 10
12.1982
 20
-14.4172
 30
0.0
 10
10.7077
 20
-14.4172
 30
0.0
 10
10.7077
 20
-14.4172
 30
0.0
 10
10.7077
 20
-14.4172
 30
0.0
 10
10.7077
 20
-14.2164
 30
0.0
 10
10.7077
 20
-14.2164
 30
0.0
 10
10.7077
 20
-14.2164
 30
0.0
 10
12.1982
 20
-14.2164
 30
0.0
 10
12.1982
 20
-14.2164
 30
0.0
 10
12.1982
 20
-14.2164
 30
0.0
 10
12.1982
 20
-14.4172
 30
0.0
 10
12.1982
 20
-14.4172
 30
0.0
  0
SPLINE
  5
A3
330
1F
100
AcDbEntity
  8
Layer 1
 62
   250
100
AcDbSpline
210
0.0
220
0.0
230
1.0
 70
    11
 71
     3
 72
    17
 73
    13
 74
     0
 42
0.0000000001
 43
0.0000000001
 40
0.0
 40
0.0
 40
0.0
 40
0.0
 40
0.25
 40
0.25
 40
0.25
 40
0.5
 40
0.5
 40
0.5
 40
0.75
 40
0.75
 40
0.75
 40
1.0
 40
1.0
 40
1.0
 40
1.0
 10
13.2958
 20
-20.329
 30
0.0
 10
13.2958
 20
-20.329
 30
0.0
 10
9.6548
 20
-20.329
 30
0.0
 10
9.6548
 20
-20.329
 30
0.0
 10
9.6548
 20
-20.329
 30
0.0
 10
9.6548
 20
-14.807
 30
0.0
 10
9.6548
 20
-14.807
 30
0.0
 10
9.6548
 20
-14.807
 30
0.0
 10
13.2958
 20
-14.807
 30
0.0
 10
13.2958
 20
-14.807
 30
0.0
 10
13.2958
 20
-14.807
 30
0.0
 10
13.2958
 20
-20.329
 30
0.0
 10
13.2958
 20
-20.329
 30
0.0
  0
SPLINE
  5
A4
330
1F
100
AcDbEntity
  8
Layer 1
 62
   250
100
AcDbSpline
210
0.0
220
0.0
230
1.0
 70
    11
 71
     3
 72
    29
 73
    25
 74
     0
 42
0.0000000001
 43
0.0000000001
 40
0.0
 40
0.0
 40
0.0
 40
0.0
 40
0.125
 40
0.125
 40
0.125
 40
0.25
 40
0.25
 40
0.25
 40
0.375
 40
0.375
 40
0.375
 40
0.5
 40
0.5
 40
0.5
 40
0.625
 40
0.625
 40
0.625
 40
0.75
 40
0.75
 40
0.75
 40
0.875
 40
0.875
 40
0.875
 40
1.0
 40
1.0
 40
1.0
 40
1.0
 10
12.2985
 20
-21.0565
 30
0.0
 10
12.2985
 20
-21.0565
 30
0.0
 10
10.6074
 20
-21.0565
 30
0.0
 10
10.6074
 20
-21.0565
 30
0.0
 10
9.9167
 20
-21.0565
 30
0.0
 10
9.3565
 20
-20.4958
 30
0.0
 10
9.3565
 20
-19.8052
 30
0.0
 10
9.3565
 20
-19.8052
 30
0.0
 10
9.3565
 20
-15.0746
 30
0.0
 10
9.3565
 20
-15.0746
 30
0.0
 10
9.3565
 20
-14.3828
 30
0.0
 10
9.9167
 20
-13.823
 30
0.0
 10
10.6074
 20
-13.823
 30
0.0
 10
10.6074
 20
-13.823
 30
0.0
 10
12.2985
 20
-13.823
 30
0.0
 10
12.2985
 20
-13.823
 30
0.0
 10
12.9896
 20
-13.823
 30
0.0
 10
13.5497
 20
-14.3828
 30
0.0
 10
13.5497
 20
-15.0746
 30
0.0
 10
13.5497
 20
-15.0746
 30
0.0
 10
13.5497
 20
-19.8052
 30
0.0
 10
13.5497
 20
-19.8052
 30
0.0
 10
13.5497
 20
-20.4958
 30
0.0
 10
12.9896
 20
-21.0565
 30
0.0
 10
12.2985
 20
-21.0565
 30
0.0
  0
SPLINE
  5
A5
330
1F
100
AcDbEntity
  8
Layer 1
 62
   250
100
AcDbSpline
210
0.0
220
0.0
230
1.0
 70
    11
 71
     3
 72
    47
 73
    43
 74
     0
 42
0.0000000001
 43
0.0000000001
 40
0.0
 40
0.0
 40
0.0
 40
0.0
 40
0.0714285714285714
 40
0.0714285714285714
 40
0.0714285714285714
 40
0.1428571428571428
 40
0.1428571428571428
 40
0.1428571428571428
 40
0.2142857142857143
 40
0.2142857142857143
 40
0.2142857142857143
 40
0.2857142857142857
 40
0.2857142857142857
 40
0.2857142857142857
 40
0.3571428571428571
 40
0.3571428571428571
 40
0.3571428571428571
 40
0.4285714285714285
 40
0.4285714285714285
 40
0.4285714285714285
 40
0.5
 40
0.5
 40
0.5
 40
0.5714285714285714
 40
0.5714285714285714
 40
0.5714285714285714
 40
0.6428571428571428
 40
0.6428571428571428
 40
0.6428571428571428
 40
0.7142857142857142
 40
0.7142857142857142
 40
0.7142857142857142
 40
0.7857142857142857
 40
0.7857142857142857
 40
0.7857142857142857
 40
0.8571428571428571
 40
0.8571428571428571
 40
0.8571428571428571
 40
0.9285714285714285
 40
0.9285714285714285
 40
0.9285714285714285
 40
1.0
 40
1.0
 40
1.0
 40
1.0
 10
10.7887
 20
-7.5347
 30
0.0
 10
10.7887
 20
-7.5347
 30
0.0
 10
10.8351
 20
-7.489
 30
0.0
 10
10.8351
 20
-7.489
 30
0.0
 10
11.032
 20
-7.2948
 30
0.0
 10
11.0469
 20
-6.9818
 30
0.0
 10
10.8678
 20
-6.7707
 30
0.0
 10
10.8678
 20
-6.7707
 30
0.0
 10
10.3924
 20
-6.2063
 30
0.0
 10
10.3924
 20
-6.2063
 30
0.0
 10
10.2004
 20
-5.9794
 30
0.0
 10
9.8602
 20
-5.9544
 30
0.0
 10
9.6378
 20
-6.1502
 30
0.0
 10
9.6378
 20
-6.1502
 30
0.0
 10
9.2284
 20
-6.5109
 30
0.0
 10
9.2284
 20
-6.5109
 30
0.0
 10
9.0877
 20
-6.6348
 30
0.0
 10
9.0237
 20
-6.8225
 30
0.0
 10
9.0585
 20
-7.0074
 30
0.0
 10
9.2434
 20
-7.9994
 30
0.0
 10
10.0707
 20
-11.0753
 30
0.0
 10
13.2146
 20
-11.0753
 30
0.0
 10
13.2854
 20
-11.0753
 30
0.0
 10
13.4881
 20
-10.9113
 30
0.0
 10
13.6793
 20
-10.7413
 30
0.0
 10
13.9032
 20
-10.5413
 30
0.0
 10
13.918
 20
-10.1968
 30
0.0
 10
13.7115
 20
-9.9799
 30
0.0
 10
13.7115
 20
-9.9799
 30
0.0
 10
13.119
 20
-9.357
 30
0.0
 10
13.119
 20
-9.357
 30
0.0
 10
12.9144
 20
-9.1415
 30
0.0
 10
12.5718
 20
-9.137
 30
0.0
 10
12.3613
 20
-9.3477
 30
0.0
 10
12.1736
 20
-9.5354
 30
0.0
 10
11.8778
 20
-9.5567
 30
0.0
 10
11.6667
 20
-9.3962
 30
0.0
 10
11.4125
 20
-9.2029
 30
0.0
 10
11.0671
 20
-8.8427
 30
0.0
 10
10.698
 20
-8.1727
 30
0.0
 10
10.5831
 20
-7.9641
 30
0.0
 10
10.6191
 20
-7.7015
 30
0.0
 10
10.7887
 20
-7.5347
 30
0.0
  0
SPLINE
  5
A6
330
1F
100
AcDbEntity
  8
Layer 1
 62
   250
100
AcDbSpline
210
0.0
220
0.0
230
1.0
 70
    11
 71
     3
 72
    29
 73
    25
 74
     0
 42
0.0000000001
 43
0.0000000001
 40
0.0
 40
0.0
 40
0.0
 40
0.0
 40
0.125
 40
0.125
 40
0.125
 40
0.25
 40
0.25
 40
0.25
 40
0.375
 40
0.375
 40
0.375
 40
0.5
 40
0.5
 40
0.5
 40
0.625
 40
0.625
 40
0.625
 40
0.75
 40
0.75
 40
0.75
 40
0.875
 40
0.875
 40
0.875
 40
1.0
 40
1.0
 40
1.0
 40
1.0
 10
26.2142
 20
-9.0869
 30
0.0
 10
26.1501
 20
-9.2853
 30
0.0
 10
26.1022
 20
-9.4463
 30
0.0
 10
26.0708
 20
-9.5699
 30
0.0
 10
26.0381
 20
-9.6925
 30
0.0
 10
26.0008
 20
-9.8698
 30
0.0
 10
25.9576
 20
-10.0996
 30
0.0
 10
25.764
 20
-9.99
 30
0.0
 10
25.6111
 20
-9.8966
 30
0.0
 10
25.5026
 20
-9.8196
 30
0.0
 10
25.4291
 20
-9.7671
 30
0.0
 10
25.295
 20
-9.6633
 30
0.0
 10
25.1013
 20
-9.5081
 30
0.0
 10
25.1491
 20
-9.3005
 30
0.0
 10
25.1934
 20
-9.1301
 30
0.0
 10
25.2332
 20
-8.9948
 30
0.0
 10
25.2728
 20
-8.8607
 30
0.0
 10
25.3323
 20
-8.6856
 30
0.0
 10
25.4093
 20
-8.4687
 30
0.0
 10
25.5376
 20
-8.5807
 30
0.0
 10
25.6659
 20
-8.6869
 30
0.0
 10
25.7966
 20
-8.7872
 30
0.0
 10
25.8829
 20
-8.8525
 30
0.0
 10
26.0229
 20
-8.9528
 30
0.0
 10
26.2142
 20
-9.0869
 30
0.0
  0
SPLINE
  5
A7
330
1F
100
AcDbEntity
  8
Layer 1
 62
   250
100
AcDbSpline
210
0.0
220
0.0
230
1.0
 70
    11
 71
     3
 72
    65
 73
    61
 74
     0
 42
0.0000000001
 43
0.0000000001
 40
0.0
 40
0.0
 40
0.0
 40
0.0
 40
0.05
 40
0.05
 40
0.05
 40
0.1
 40
0.1
 40
0.1
 40
0.15
 40
0.15
 40
0.15
 40
0.2
 40
0.2
 40
0.2
 40
0.25
 40
0.25
 40
0.25
 40
0.3
 40
0.3
 40
0.3
 40
0.35
 40
0.35
 40
0.35
 40
0.4
 40
0.4
 40
0.4
 40
0.45
 40
0.45
 40
0.45
 40
0.5
 40
0.5
 40
0.5
 40
0.55
 40
0.55
 40
0.55
 40
0.6000000000000001
 40
0.6000000000000001
 40
0.6000000000000001
 40
0.65
 40
0.65
 40
0.65
 40
0.7000000000000001
 40
0.7000000000000001
 40
0.7000000000000001
 40
0.75
 40
0.75
 40
0.75
 40
0.8
 40
0.8
 40
0.8
 40
0.8500000000000001
 40
0.8500000000000001
 40
0.8500000000000001
 40
0.9
 40
0.9
 40
0.9
 40
0.9500000000000001
 40
0.9500000000000001
 40
0.9500000000000001
 40
1.0
 40
1.0
 40
1.0
 40
1.0
 10
65.6807
 20
-7.1643
 30
0.0
 10
65.6807
 20
-7.4152
 30
0.0
 10
65.6213
 20
-7.6158
 30
0.0
 10
65.5022
 20
-7.7675
 30
0.0
 10
65.3716
 20
-7.932
 30
0.0
 10
65.1872
 20
-8.0136
 30
0.0
 10
64.9493
 20
-8.0136
 30
0.0
 10
64.9189
 20
-8.0136
 30
0.0
 10
64.8395
 20
-8.0043
 30
0.0
 10
64.7112
 20
-7.9857
 30
0.0
 10
64.7988
 20
-8.1688
 30
0.0
 10
64.8605
 20
-8.3135
 30
0.0
 10
64.8979
 20
-8.4208
 30
0.0
 10
64.9597
 20
-8.6005
 30
0.0
 10
65.0064
 20
-8.8105
 30
0.0
 10
65.0379
 20
-9.052
 30
0.0
 10
65.0706
 20
-9.2947
 30
0.0
 10
65.0869
 20
-9.6179
 30
0.0
 10
65.0869
 20
-10.0238
 30
0.0
 10
65.0869
 20
-10.0938
 30
0.0
 10
65.0845
 20
-10.2093
 30
0.0
 10
65.0799
 20
-10.3703
 30
0.0
 10
65.0752
 20
-10.5312
 30
0.0
 10
65.0729
 20
-10.6177
 30
0.0
 10
65.0729
 20
-10.6316
 30
0.0
 10
65.0729
 20
-10.6316
 30
0.0
 10
64.9679
 20
-10.6316
 30
0.0
 10
64.9679
 20
-10.6316
 30
0.0
 10
64.7941
 20
-9.8955
 30
0.0
 10
64.6797
 20
-9.4311
 30
0.0
 10
64.6226
 20
-9.2374
 30
0.0
 10
64.5129
 20
-8.8583
 30
0.0
 10
64.3834
 20
-8.5293
 30
0.0
 10
64.2341
 20
-8.2471
 30
0.0
 10
64.0836
 20
-7.9658
 30
0.0
 10
63.8596
 20
-7.638
 30
0.0
 10
63.561
 20
-7.2647
 30
0.0
 10
63.561
 20
-7.2647
 30
0.0
 10
63.7884
 20
-6.5717
 30
0.0
 10
63.7884
 20
-6.5717
 30
0.0
 10
63.9413
 20
-6.7887
 30
0.0
 10
64.0766
 20
-6.9497
 30
0.0
 10
64.1945
 20
-7.0547
 30
0.0
 10
64.4103
 20
-7.246
 30
0.0
 10
64.6389
 20
-7.3416
 30
0.0
 10
64.8804
 20
-7.3416
 30
0.0
 10
65.1348
 20
-7.3416
 30
0.0
 10
65.3109
 20
-7.2566
 30
0.0
 10
65.4088
 20
-7.085
 30
0.0
 10
65.4637
 20
-6.9917
 30
0.0
 10
65.5057
 20
-6.8225
 30
0.0
 10
65.5349
 20
-6.5787
 30
0.0
 10
65.5349
 20
-6.5787
 30
0.0
 10
65.6539
 20
-6.5717
 30
0.0
 10
65.6539
 20
-6.5717
 30
0.0
 10
65.6632
 20
-6.6523
 30
0.0
 10
65.6702
 20
-6.7444
 30
0.0
 10
65.6749
 20
-6.8506
 30
0.0
 10
65.6784
 20
-6.9567
 30
0.0
 10
65.6807
 20
-7.0617
 30
0.0
 10
65.6807
 20
-7.1643
 30
0.0
  0
SPLINE
  5
A8
330
1F
100
AcDbEntity
  8
Layer 1
 62
   250
100
AcDbSpline
210
0.0
220
0.0
230
1.0
 70
    11
 71
     3
 72
    41
 73
    37
 74
     0
 42
0.0000000001
 43
0.0000000001
 40
0.0
 40
0.0
 40
0.0
 40
0.0
 40
0.0833333333333333
 40
0.0833333333333333
 40
0.0833333333333333
 40
0.1666666666666667
 40
0.1666666666666667
 40
0.1666666666666667
 40
0.25
 40
0.25
 40
0.25
 40
0.3333333333333333
 40
0.3333333333333333
 40
0.3333333333333333
 40
0.4166666666666666
 40
0.4166666666666666
 40
0.4166666666666666
 40
0.5
 40
0.5
 40
0.5
 40
0.5833333333333333
 40
0.5833333333333333
 40
0.5833333333333333
 40
0.6666666666666666
 40
0.6666666666666666
 40
0.6666666666666666
 40
0.75
 40
0.75
 40
0.75
 40
0.8333333333333333
 40
0.8333333333333333
 40
0.8333333333333333
 40
0.9166666666666666
 40
0.9166666666666666
 40
0.9166666666666666
 40
1.0
 40
1.0
 40
1.0
 40
1.0
 10
62.4724
 20
-6.6557
 30
0.0
 10
62.4724
 20
-6.6557
 30
0.0
 10
62.4456
 20
-7.6369
 30
0.0
 10
62.4456
 20
-7.6369
 30
0.0
 10
62.1085
 20
-7.981
 30
0.0
 10
61.8401
 20
-8.3917
 30
0.0
 10
61.6418
 20
-8.8688
 30
0.0
 10
61.4423
 20
-9.3459
 30
0.0
 10
61.2964
 20
-9.9328
 30
0.0
 10
61.2031
 20
-10.6316
 30
0.0
 10
61.2031
 20
-10.6316
 30
0.0
 10
61.1541
 20
-10.6316
 30
0.0
 10
61.1541
 20
-10.6316
 30
0.0
 10
61.0083
 20
-9.9316
 30
0.0
 10
60.8216
 20
-9.36
 30
0.0
 10
60.5953
 20
-8.9167
 30
0.0
 10
60.369
 20
-8.4745
 30
0.0
 10
60.0691
 20
-8.086
 30
0.0
 10
59.6981
 20
-7.7535
 30
0.0
 10
59.6981
 20
-7.7535
 30
0.0
 10
59.8207
 20
-6.6697
 30
0.0
 10
59.8207
 20
-6.6697
 30
0.0
 10
60.1742
 20
-7.0827
 30
0.0
 10
60.4658
 20
-7.5272
 30
0.0
 10
60.6957
 20
-8.0043
 30
0.0
 10
60.9197
 20
-8.4675
 30
0.0
 10
61.1028
 20
-9.0006
 30
0.0
 10
61.2462
 20
-9.6026
 30
0.0
 10
61.2462
 20
-9.6026
 30
0.0
 10
61.2801
 20
-9.6026
 30
0.0
 10
61.2801
 20
-9.6026
 30
0.0
 10
61.3699
 20
-8.968
 30
0.0
 10
61.5158
 20
-8.4034
 30
0.0
 10
61.7188
 20
-7.9087
 30
0.0
 10
61.916
 20
-7.4292
 30
0.0
 10
62.1668
 20
-7.0115
 30
0.0
 10
62.4724
 20
-6.6557
 30
0.0
  0
SPLINE
  5
A9
330
1F
100
AcDbEntity
  8
Layer 1
 62
   250
100
AcDbSpline
210
0.0
220
0.0
230
1.0
 70
    11
 71
     3
 72
    77
 73
    73
 74
     0
 42
0.0000000001
 43
0.0000000001
 40
0.0
 40
0.0
 40
0.0
 40
0.0
 40
0.0416666666666667
 40
0.0416666666666667
 40
0.0416666666666667
 40
0.0833333333333333
 40
0.0833333333333333
 40
0.0833333333333333
 40
0.125
 40
0.125
 40
0.125
 40
0.1666666666666667
 40
0.1666666666666667
 40
0.1666666666666667
 40
0.2083333333333333
 40
0.2083333333333333
 40
0.2083333333333333
 40
0.25
 40
0.25
 40
0.25
 40
0.2916666666666666
 40
0.2916666666666666
 40
0.2916666666666666
 40
0.3333333333333333
 40
0.3333333333333333
 40
0.3333333333333333
 40
0.375
 40
0.375
 40
0.375
 40
0.4166666666666666
 40
0.4166666666666666
 40
0.4166666666666666
 40
0.4583333333333333
 40
0.4583333333333333
 40
0.4583333333333333
 40
0.5
 40
0.5
 40
0.5
 40
0.5416666666666666
 40
0.5416666666666666
 40
0.5416666666666666
 40
0.5833333333333333
 40
0.5833333333333333
 40
0.5833333333333333
 40
0.625
 40
0.625
 40
0.625
 40
0.6666666666666666
 40
0.6666666666666666
 40
0.6666666666666666
 40
0.7083333333333333
 40
0.7083333333333333
 40
0.7083333333333333
 40
0.75
 40
0.75
 40
0.75
 40
0.7916666666666666
 40
0.7916666666666666
 40
0.7916666666666666
 40
0.8333333333333333
 40
0.8333333333333333
 40
0.8333333333333333
 40
0.875
 40
0.875
 40
0.875
 40
0.9166666666666666
 40
0.9166666666666666
 40
0.9166666666666666
 40
0.9583333333333333
 40
0.9583333333333333
 40
0.9583333333333333
 40
1.0
 40
1.0
 40
1.0
 40
1.0
 10
56.7524
 20
-10.6036
 30
0.0
 10
56.7524
 20
-10.2151
 30
0.0
 10
56.7932
 20
-9.8488
 30
0.0
 10
56.8737
 20
-9.5059
 30
0.0
 10
56.9542
 20
-9.1628
 30
0.0
 10
57.0873
 20
-8.8408
 30
0.0
 10
57.2715
 20
-8.5386
 30
0.0
 10
56.9321
 20
-8.5386
 30
0.0
 10
56.68
 20
-8.5025
 30
0.0
 10
56.5156
 20
-8.4313
 30
0.0
 10
56.3511
 20
-8.3591
 30
0.0
 10
56.2694
 20
-8.2528
 30
0.0
 10
56.2694
 20
-8.1117
 30
0.0
 10
56.2694
 20
-8.0055
 30
0.0
 10
56.3137
 20
-7.869
 30
0.0
 10
56.4024
 20
-7.7045
 30
0.0
 10
56.4922
 20
-7.5388
 30
0.0
 10
56.6218
 20
-7.3557
 30
0.0
 10
56.7932
 20
-7.1527
 30
0.0
 10
56.9273
 20
-6.9847
 30
0.0
 10
57.0616
 20
-6.854
 30
0.0
 10
57.1969
 20
-6.7607
 30
0.0
 10
57.331
 20
-6.6674
 30
0.0
 10
57.4501
 20
-6.6207
 30
0.0
 10
57.5527
 20
-6.6207
 30
0.0
 10
57.6728
 20
-6.6207
 30
0.0
 10
57.7989
 20
-6.6697
 30
0.0
 10
57.9307
 20
-6.7677
 30
0.0
 10
58.0614
 20
-6.8646
 30
0.0
 10
58.2118
 20
-7.022
 30
0.0
 10
58.3833
 20
-7.2378
 30
0.0
 10
58.3833
 20
-7.2378
 30
0.0
 10
58.3495
 20
-7.2717
 30
0.0
 10
58.3495
 20
-7.2717
 30
0.0
 10
58.1827
 20
-7.2145
 30
0.0
 10
58.0555
 20
-7.1772
 30
0.0
 10
57.968
 20
-7.1585
 30
0.0
 10
57.8806
 20
-7.141
 30
0.0
 10
57.7802
 20
-7.1317
 30
0.0
 10
57.6682
 20
-7.1317
 30
0.0
 10
57.3835
 20
-7.1317
 30
0.0
 10
57.156
 20
-7.1702
 30
0.0
 10
56.9857
 20
-7.246
 30
0.0
 10
56.8166
 20
-7.323
 30
0.0
 10
56.7314
 20
-7.4186
 30
0.0
 10
56.7314
 20
-7.5319
 30
0.0
 10
56.7314
 20
-7.6555
 30
0.0
 10
56.7932
 20
-7.7511
 30
0.0
 10
56.9157
 20
-7.82
 30
0.0
 10
57.0393
 20
-7.8888
 30
0.0
 10
57.2086
 20
-7.9226
 30
0.0
 10
57.4255
 20
-7.9226
 30
0.0
 10
57.6215
 20
-7.9226
 30
0.0
 10
57.8
 20
-7.9029
 30
0.0
 10
57.9599
 20
-7.8644
 30
0.0
 10
58.1208
 20
-7.8259
 30
0.0
 10
58.3413
 20
-7.7418
 30
0.0
 10
58.6213
 20
-7.6147
 30
0.0
 10
58.6213
 20
-7.6147
 30
0.0
 10
58.4674
 20
-8.2657
 30
0.0
 10
58.4674
 20
-8.2657
 30
0.0
 10
58.2445
 20
-8.3427
 30
0.0
 10
58.0252
 20
-8.4815
 30
0.0
 10
57.8117
 20
-8.681
 30
0.0
 10
57.5749
 20
-8.9015
 30
0.0
 10
57.3788
 20
-9.1652
 30
0.0
 10
57.2237
 20
-9.472
 30
0.0
 10
57.0487
 20
-9.8173
 30
0.0
 10
56.9379
 20
-10.1941
 30
0.0
 10
56.8923
 20
-10.6036
 30
0.0
 10
56.8923
 20
-10.6036
 30
0.0
 10
56.7524
 20
-10.6036
 30
0.0
 10
56.7524
 20
-10.6036
 30
0.0
  0
SPLINE
  5
AA
330
1F
100
AcDbEntity
  8
Layer 1
 62
   250
100
AcDbSpline
210
0.0
220
0.0
230
1.0
 70
    11
 71
     3
 72
    86
 73
    82
 74
     0
 42
0.0000000001
 43
0.0000000001
 40
0.0
 40
0.0
 40
0.0
 40
0.0
 40
0.037037037037037
 40
0.037037037037037
 40
0.037037037037037
 40
0.0740740740740741
 40
0.0740740740740741
 40
0.0740740740740741
 40
0.1111111111111111
 40
0.1111111111111111
 40
0.1111111111111111
 40
0.1481481481481481
 40
0.1481481481481481
 40
0.1481481481481481
 40
0.1851851851851852
 40
0.1851851851851852
 40
0.1851851851851852
 40
0.2222222222222222
 40
0.2222222222222222
 40
0.2222222222222222
 40
0.2592592592592592
 40
0.2592592592592592
 40
0.2592592592592592
 40
0.2962962962962963
 40
0.2962962962962963
 40
0.2962962962962963
 40
0.3333333333333333
 40
0.3333333333333333
 40
0.3333333333333333
 40
0.3703703703703703
 40
0.3703703703703703
 40
0.3703703703703703
 40
0.4074074074074074
 40
0.4074074074074074
 40
0.4074074074074074
 40
0.4444444444444444
 40
0.4444444444444444
 40
0.4444444444444444
 40
0.4814814814814815
 40
0.4814814814814815
 40
0.4814814814814815
 40
0.5185185185185185
 40
0.5185185185185185
 40
0.5185185185185185
 40
0.5555555555555556
 40
0.5555555555555556
 40
0.5555555555555556
 40
0.5925925925925926
 40
0.5925925925925926
 40
0.5925925925925926
 40
0.6296296296296295
 40
0.6296296296296295
 40
0.6296296296296295
 40
0.6666666666666666
 40
0.6666666666666666
 40
0.6666666666666666
 40
0.7037037037037037
 40
0.7037037037037037
 40
0.7037037037037037
 40
0.7407407407407407
 40
0.7407407407407407
 40
0.7407407407407407
 40
0.7777777777777777
 40
0.7777777777777777
 40
0.7777777777777777
 40
0.8148148148148148
 40
0.8148148148148148
 40
0.8148148148148148
 40
0.8518518518518519
 40
0.8518518518518519
 40
0.8518518518518519
 40
0.8888888888888888
 40
0.8888888888888888
 40
0.8888888888888888
 40
0.9259259259259258
 40
0.9259259259259258
 40
0.9259259259259258
 40
0.9629629629629629
 40
0.9629629629629629
 40
0.9629629629629629
 40
1.0
 40
1.0
 40
1.0
 40
1.0
 10
55.203
 20
-6.917
 30
0.0
 10
55.203
 20
-7.2028
 30
0.0
 10
55.1483
 20
-7.4199
 30
0.0
 10
55.0397
 20
-7.5704
 30
0.0
 10
54.9301
 20
-7.7208
 30
0.0
 10
54.7632
 20
-7.7967
 30
0.0
 10
54.5358
 20
-7.7967
 30
0.0
 10
54.4051
 20
-7.7967
 30
0.0
 10
54.2919
 20
-7.7757
 30
0.0
 10
54.195
 20
-7.7349
 30
0.0
 10
54.0994
 20
-7.694
 30
0.0
 10
54.0283
 20
-7.6322
 30
0.0
 10
53.9816
 20
-7.5481
 30
0.0
 10
53.9046
 20
-7.6765
 30
0.0
 10
53.8054
 20
-7.7734
 30
0.0
 10
53.6864
 20
-7.8387
 30
0.0
 10
53.5674
 20
-7.904
 30
0.0
 10
53.424
 20
-7.9367
 30
0.0
 10
53.2571
 20
-7.9367
 30
0.0
 10
53.3423
 20
-8.1023
 30
0.0
 10
53.403
 20
-8.2307
 30
0.0
 10
53.4391
 20
-8.3193
 30
0.0
 10
53.5057
 20
-8.4804
 30
0.0
 10
53.5569
 20
-8.653
 30
0.0
 10
53.5931
 20
-8.835
 30
0.0
 10
53.6281
 20
-9.017
 30
0.0
 10
53.6467
 20
-9.2374
 30
0.0
 10
53.6467
 20
-9.4942
 30
0.0
 10
53.6467
 20
-9.6376
 30
0.0
 10
53.6398
 20
-9.7764
 30
0.0
 10
53.627
 20
-9.9094
 30
0.0
 10
53.6153
 20
-10.0425
 30
0.0
 10
53.5814
 20
-10.2828
 30
0.0
 10
53.5266
 20
-10.6316
 30
0.0
 10
53.5266
 20
-10.6316
 30
0.0
 10
53.3866
 20
-10.6316
 30
0.0
 10
53.3866
 20
-10.6316
 30
0.0
 10
53.3866
 20
-10.1312
 30
0.0
 10
53.3551
 20
-9.7204
 30
0.0
 10
53.291
 20
-9.3997
 30
0.0
 10
53.2268
 20
-9.0789
 30
0.0
 10
53.1171
 20
-8.7673
 30
0.0
 10
52.9619
 20
-8.464
 30
0.0
 10
52.8441
 20
-8.2342
 30
0.0
 10
52.6353
 20
-7.8994
 30
0.0
 10
52.3366
 20
-7.4607
 30
0.0
 10
52.3366
 20
-7.4607
 30
0.0
 10
52.5851
 20
-6.6487
 30
0.0
 10
52.5851
 20
-6.6487
 30
0.0
 10
52.7029
 20
-6.8435
 30
0.0
 10
52.8301
 20
-6.9917
 30
0.0
 10
52.9666
 20
-7.0908
 30
0.0
 10
53.1195
 20
-7.2017
 30
0.0
 10
53.2886
 20
-7.2577
 30
0.0
 10
53.4741
 20
-7.2577
 30
0.0
 10
53.6678
 20
-7.2577
 30
0.0
 10
53.8183
 20
-7.1912
 30
0.0
 10
53.928
 20
-7.0582
 30
0.0
 10
54.0201
 20
-6.9438
 30
0.0
 10
54.0854
 20
-6.7817
 30
0.0
 10
54.1215
 20
-6.5717
 30
0.0
 10
54.1215
 20
-6.5717
 30
0.0
 10
54.2406
 20
-6.5717
 30
0.0
 10
54.2406
 20
-6.5717
 30
0.0
 10
54.2592
 20
-6.7817
 30
0.0
 10
54.3001
 20
-6.9275
 30
0.0
 10
54.3643
 20
-7.0127
 30
0.0
 10
54.4285
 20
-7.0967
 30
0.0
 10
54.5194
 20
-7.1387
 30
0.0
 10
54.6384
 20
-7.1387
 30
0.0
 10
54.8776
 20
-7.1387
 30
0.0
 10
55.0211
 20
-6.9497
 30
0.0
 10
55.0666
 20
-6.5717
 30
0.0
 10
55.0666
 20
-6.5717
 30
0.0
 10
55.1855
 20
-6.5717
 30
0.0
 10
55.1855
 20
-6.5717
 30
0.0
 10
55.1855
 20
-6.6218
 30
0.0
 10
55.1879
 20
-6.6884
 30
0.0
 10
55.1937
 20
-6.7723
 30
0.0
 10
55.1996
 20
-6.8552
 30
0.0
 10
55.203
 20
-6.9031
 30
0.0
 10
55.203
 20
-6.917
 30
0.0
  0
SPLINE
  5
AB
330
1F
100
AcDbEntity
  8
Layer 1
 62
   250
100
AcDbSpline
210
0.0
220
0.0
230
1.0
 70
    11
 71
     3
 72
    86
 73
    82
 74
     0
 42
0.0000000001
 43
0.0000000001
 40
0.0
 40
0.0
 40
0.0
 40
0.0
 40
0.037037037037037
 40
0.037037037037037
 40
0.037037037037037
 40
0.0740740740740741
 40
0.0740740740740741
 40
0.0740740740740741
 40
0.1111111111111111
 40
0.1111111111111111
 40
0.1111111111111111
 40
0.1481481481481481
 40
0.1481481481481481
 40
0.1481481481481481
 40
0.1851851851851852
 40
0.1851851851851852
 40
0.1851851851851852
 40
0.2222222222222222
 40
0.2222222222222222
 40
0.2222222222222222
 40
0.2592592592592592
 40
0.2592592592592592
 40
0.2592592592592592
 40
0.2962962962962963
 40
0.2962962962962963
 40
0.2962962962962963
 40
0.3333333333333333
 40
0.3333333333333333
 40
0.3333333333333333
 40
0.3703703703703703
 40
0.3703703703703703
 40
0.3703703703703703
 40
0.4074074074074074
 40
0.4074074074074074
 40
0.4074074074074074
 40
0.4444444444444444
 40
0.4444444444444444
 40
0.4444444444444444
 40
0.4814814814814815
 40
0.4814814814814815
 40
0.4814814814814815
 40
0.5185185185185185
 40
0.5185185185185185
 40
0.5185185185185185
 40
0.5555555555555556
 40
0.5555555555555556
 40
0.5555555555555556
 40
0.5925925925925926
 40
0.5925925925925926
 40
0.5925925925925926
 40
0.6296296296296295
 40
0.6296296296296295
 40
0.6296296296296295
 40
0.6666666666666666
 40
0.6666666666666666
 40
0.6666666666666666
 40
0.7037037037037037
 40
0.7037037037037037
 40
0.7037037037037037
 40
0.7407407407407407
 40
0.7407407407407407
 40
0.7407407407407407
 40
0.7777777777777777
 40
0.7777777777777777
 40
0.7777777777777777
 40
0.8148148148148148
 40
0.8148148148148148
 40
0.8148148148148148
 40
0.8518518518518519
 40
0.8518518518518519
 40
0.8518518518518519
 40
0.8888888888888888
 40
0.8888888888888888
 40
0.8888888888888888
 40
0.9259259259259258
 40
0.9259259259259258
 40
0.9259259259259258
 40
0.9629629629629629
 40
0.9629629629629629
 40
0.9629629629629629
 40
1.0
 40
1.0
 40
1.0
 40
1.0
 10
51.5223
 20
-6.917
 30
0.0
 10
51.5223
 20
-7.2028
 30
0.0
 10
51.4675
 20
-7.4199
 30
0.0
 10
51.3589
 20
-7.5704
 30
0.0
 10
51.2493
 20
-7.7208
 30
0.0
 10
51.0824
 20
-7.7967
 30
0.0
 10
50.855
 20
-7.7967
 30
0.0
 10
50.7243
 20
-7.7967
 30
0.0
 10
50.6112
 20
-7.7757
 30
0.0
 10
50.5143
 20
-7.7349
 30
0.0
 10
50.4186
 20
-7.694
 30
0.0
 10
50.3475
 20
-7.6322
 30
0.0
 10
50.3008
 20
-7.5481
 30
0.0
 10
50.2238
 20
-7.6765
 30
0.0
 10
50.1247
 20
-7.7734
 30
0.0
 10
50.0056
 20
-7.8387
 30
0.0
 10
49.8867
 20
-7.904
 30
0.0
 10
49.7432
 20
-7.9367
 30
0.0
 10
49.5764
 20
-7.9367
 30
0.0
 10
49.6615
 20
-8.1023
 30
0.0
 10
49.7222
 20
-8.2307
 30
0.0
 10
49.7583
 20
-8.3193
 30
0.0
 10
49.8249
 20
-8.4804
 30
0.0
 10
49.8761
 20
-8.653
 30
0.0
 10
49.9124
 20
-8.835
 30
0.0
 10
49.9473
 20
-9.017
 30
0.0
 10
49.966
 20
-9.2374
 30
0.0
 10
49.966
 20
-9.4942
 30
0.0
 10
49.966
 20
-9.6376
 30
0.0
 10
49.959
 20
-9.7764
 30
0.0
 10
49.9462
 20
-9.9094
 30
0.0
 10
49.9345
 20
-10.0425
 30
0.0
 10
49.9007
 20
-10.2828
 30
0.0
 10
49.8458
 20
-10.6316
 30
0.0
 10
49.8458
 20
-10.6316
 30
0.0
 10
49.7059
 20
-10.6316
 30
0.0
 10
49.7059
 20
-10.6316
 30
0.0
 10
49.7059
 20
-10.1312
 30
0.0
 10
49.6744
 20
-9.7204
 30
0.0
 10
49.6102
 20
-9.3997
 30
0.0
 10
49.546
 20
-9.0789
 30
0.0
 10
49.4363
 20
-8.7673
 30
0.0
 10
49.2811
 20
-8.464
 30
0.0
 10
49.1633
 20
-8.2342
 30
0.0
 10
48.9546
 20
-7.8994
 30
0.0
 10
48.6558
 20
-7.4607
 30
0.0
 10
48.6558
 20
-7.4607
 30
0.0
 10
48.9044
 20
-6.6487
 30
0.0
 10
48.9044
 20
-6.6487
 30
0.0
 10
49.0222
 20
-6.8435
 30
0.0
 10
49.1494
 20
-6.9917
 30
0.0
 10
49.2858
 20
-7.0908
 30
0.0
 10
49.4387
 20
-7.2017
 30
0.0
 10
49.6078
 20
-7.2577
 30
0.0
 10
49.7933
 20
-7.2577
 30
0.0
 10
49.987
 20
-7.2577
 30
0.0
 10
50.1375
 20
-7.1912
 30
0.0
 10
50.2472
 20
-7.0582
 30
0.0
 10
50.3393
 20
-6.9438
 30
0.0
 10
50.4047
 20
-6.7817
 30
0.0
 10
50.4408
 20
-6.5717
 30
0.0
 10
50.4408
 20
-6.5717
 30
0.0
 10
50.5598
 20
-6.5717
 30
0.0
 10
50.5598
 20
-6.5717
 30
0.0
 10
50.5785
 20
-6.7817
 30
0.0
 10
50.6193
 20
-6.9275
 30
0.0
 10
50.6835
 20
-7.0127
 30
0.0
 10
50.7477
 20
-7.0967
 30
0.0
 10
50.8387
 20
-7.1387
 30
0.0
 10
50.9576
 20
-7.1387
 30
0.0
 10
51.1968
 20
-7.1387
 30
0.0
 10
51.3403
 20
-6.9497
 30
0.0
 10
51.3858
 20
-6.5717
 30
0.0
 10
51.3858
 20
-6.5717
 30
0.0
 10
51.5048
 20
-6.5717
 30
0.0
 10
51.5048
 20
-6.5717
 30
0.0
 10
51.5048
 20
-6.6218
 30
0.0
 10
51.5072
 20
-6.6884
 30
0.0
 10
51.513
 20
-6.7723
 30
0.0
 10
51.5189
 20
-6.8552
 30
0.0
 10
51.5223
 20
-6.9031
 30
0.0
 10
51.5223
 20
-6.917
 30
0.0
  0
SPLINE
  5
AC
330
1F
100
AcDbEntity
  8
Layer 1
 62
   250
100
AcDbSpline
210
0.0
220
0.0
230
1.0
 70
    11
 71
     3
 72
    77
 73
    73
 74
     0
 42
0.0000000001
 43
0.0000000001
 40
0.0
 40
0.0
 40
0.0
 40
0.0
 40
0.0416666666666667
 40
0.0416666666666667
 40
0.0416666666666667
 40
0.0833333333333333
 40
0.0833333333333333
 40
0.0833333333333333
 40
0.125
 40
0.125
 40
0.125
 40
0.1666666666666667
 40
0.1666666666666667
 40
0.1666666666666667
 40
0.2083333333333333
 40
0.2083333333333333
 40
0.2083333333333333
 40
0.25
 40
0.25
 40
0.25
 40
0.2916666666666666
 40
0.2916666666666666
 40
0.2916666666666666
 40
0.3333333333333333
 40
0.3333333333333333
 40
0.3333333333333333
 40
0.375
 40
0.375
 40
0.375
 40
0.4166666666666666
 40
0.4166666666666666
 40
0.4166666666666666
 40
0.4583333333333333
 40
0.4583333333333333
 40
0.4583333333333333
 40
0.5
 40
0.5
 40
0.5
 40
0.5416666666666666
 40
0.5416666666666666
 40
0.5416666666666666
 40
0.5833333333333333
 40
0.5833333333333333
 40
0.5833333333333333
 40
0.625
 40
0.625
 40
0.625
 40
0.6666666666666666
 40
0.6666666666666666
 40
0.6666666666666666
 40
0.7083333333333333
 40
0.7083333333333333
 40
0.7083333333333333
 40
0.75
 40
0.75
 40
0.75
 40
0.7916666666666666
 40
0.7916666666666666
 40
0.7916666666666666
 40
0.8333333333333333
 40
0.8333333333333333
 40
0.8333333333333333
 40
0.875
 40
0.875
 40
0.875
 40
0.9166666666666666
 40
0.9166666666666666
 40
0.9166666666666666
 40
0.9583333333333333
 40
0.9583333333333333
 40
0.9583333333333333
 40
1.0
 40
1.0
 40
1.0
 40
1.0
 10
45.7101
 20
-10.6036
 30
0.0
 10
45.7101
 20
-10.2151
 30
0.0
 10
45.7509
 20
-9.8488
 30
0.0
 10
45.8314
 20
-9.5059
 30
0.0
 10
45.9119
 20
-9.1628
 30
0.0
 10
46.045
 20
-8.8408
 30
0.0
 10
46.2292
 20
-8.5386
 30
0.0
 10
45.8898
 20
-8.5386
 30
0.0
 10
45.6377
 20
-8.5025
 30
0.0
 10
45.4733
 20
-8.4313
 30
0.0
 10
45.3088
 20
-8.3591
 30
0.0
 10
45.2271
 20
-8.2528
 30
0.0
 10
45.2271
 20
-8.1117
 30
0.0
 10
45.2271
 20
-8.0055
 30
0.0
 10
45.2714
 20
-7.869
 30
0.0
 10
45.3601
 20
-7.7045
 30
0.0
 10
45.4499
 20
-7.5388
 30
0.0
 10
45.5795
 20
-7.3557
 30
0.0
 10
45.7509
 20
-7.1527
 30
0.0
 10
45.885
 20
-6.9847
 30
0.0
 10
46.0193
 20
-6.854
 30
0.0
 10
46.1546
 20
-6.7607
 30
0.0
 10
46.2887
 20
-6.6674
 30
0.0
 10
46.4078
 20
-6.6207
 30
0.0
 10
46.5105
 20
-6.6207
 30
0.0
 10
46.6305
 20
-6.6207
 30
0.0
 10
46.7566
 20
-6.6697
 30
0.0
 10
46.8884
 20
-6.7677
 30
0.0
 10
47.0191
 20
-6.8646
 30
0.0
 10
47.1695
 20
-7.022
 30
0.0
 10
47.341
 20
-7.2378
 30
0.0
 10
47.341
 20
-7.2378
 30
0.0
 10
47.3072
 20
-7.2717
 30
0.0
 10
47.3072
 20
-7.2717
 30
0.0
 10
47.1404
 20
-7.2145
 30
0.0
 10
47.0132
 20
-7.1772
 30
0.0
 10
46.9257
 20
-7.1585
 30
0.0
 10
46.8383
 20
-7.141
 30
0.0
 10
46.7379
 20
-7.1317
 30
0.0
 10
46.6259
 20
-7.1317
 30
0.0
 10
46.3412
 20
-7.1317
 30
0.0
 10
46.1137
 20
-7.1702
 30
0.0
 10
45.9434
 20
-7.246
 30
0.0
 10
45.7743
 20
-7.323
 30
0.0
 10
45.6891
 20
-7.4186
 30
0.0
 10
45.6891
 20
-7.5319
 30
0.0
 10
45.6891
 20
-7.6555
 30
0.0
 10
45.7509
 20
-7.7511
 30
0.0
 10
45.8734
 20
-7.82
 30
0.0
 10
45.997
 20
-7.8888
 30
0.0
 10
46.1663
 20
-7.9226
 30
0.0
 10
46.3832
 20
-7.9226
 30
0.0
 10
46.5792
 20
-7.9226
 30
0.0
 10
46.7577
 20
-7.9029
 30
0.0
 10
46.9176
 20
-7.8644
 30
0.0
 10
47.0785
 20
-7.8259
 30
0.0
 10
47.299
 20
-7.7418
 30
0.0
 10
47.579
 20
-7.6147
 30
0.0
 10
47.579
 20
-7.6147
 30
0.0
 10
47.4251
 20
-8.2657
 30
0.0
 10
47.4251
 20
-8.2657
 30
0.0
 10
47.2022
 20
-8.3427
 30
0.0
 10
46.9829
 20
-8.4815
 30
0.0
 10
46.7694
 20
-8.681
 30
0.0
 10
46.5326
 20
-8.9015
 30
0.0
 10
46.3366
 20
-9.1652
 30
0.0
 10
46.1814
 20
-9.472
 30
0.0
 10
46.0065
 20
-9.8173
 30
0.0
 10
45.8956
 20
-10.1941
 30
0.0
 10
45.85
 20
-10.6036
 30
0.0
 10
45.85
 20
-10.6036
 30
0.0
 10
45.7101
 20
-10.6036
 30
0.0
 10
45.7101
 20
-10.6036
 30
0.0
  0
SPLINE
  5
AD
330
1F
100
AcDbEntity
  8
Layer 1
 62
   250
100
AcDbSpline
210
0.0
220
0.0
230
1.0
 70
    11
 71
     3
 72
    89
 73
    85
 74
     0
 42
0.0000000001
 43
0.0000000001
 40
0.0
 40
0.0
 40
0.0
 40
0.0
 40
0.0357142857142857
 40
0.0357142857142857
 40
0.0357142857142857
 40
0.0714285714285714
 40
0.0714285714285714
 40
0.0714285714285714
 40
0.1071428571428571
 40
0.1071428571428571
 40
0.1071428571428571
 40
0.1428571428571428
 40
0.1428571428571428
 40
0.1428571428571428
 40
0.1785714285714285
 40
0.1785714285714285
 40
0.1785714285714285
 40
0.2142857142857143
 40
0.2142857142857143
 40
0.2142857142857143
 40
0.25
 40
0.25
 40
0.25
 40
0.2857142857142857
 40
0.2857142857142857
 40
0.2857142857142857
 40
0.3214285714285714
 40
0.3214285714285714
 40
0.3214285714285714
 40
0.3571428571428571
 40
0.3571428571428571
 40
0.3571428571428571
 40
0.3928571428571428
 40
0.3928571428571428
 40
0.3928571428571428
 40
0.4285714285714285
 40
0.4285714285714285
 40
0.4285714285714285
 40
0.4642857142857142
 40
0.4642857142857142
 40
0.4642857142857142
 40
0.5
 40
0.5
 40
0.5
 40
0.5357142857142857
 40
0.5357142857142857
 40
0.5357142857142857
 40
0.5714285714285714
 40
0.5714285714285714
 40
0.5714285714285714
 40
0.6071428571428571
 40
0.6071428571428571
 40
0.6071428571428571
 40
0.6428571428571428
 40
0.6428571428571428
 40
0.6428571428571428
 40
0.6785714285714285
 40
0.6785714285714285
 40
0.6785714285714285
 40
0.7142857142857142
 40
0.7142857142857142
 40
0.7142857142857142
 40
0.75
 40
0.75
 40
0.75
 40
0.7857142857142857
 40
0.7857142857142857
 40
0.7857142857142857
 40
0.8214285714285714
 40
0.8214285714285714
 40
0.8214285714285714
 40
0.8571428571428571
 40
0.8571428571428571
 40
0.8571428571428571
 40
0.8928571428571428
 40
0.8928571428571428
 40
0.8928571428571428
 40
0.9285714285714285
 40
0.9285714285714285
 40
0.9285714285714285
 40
0.9642857142857142
 40
0.9642857142857142
 40
0.9642857142857142
 40
1.0
 40
1.0
 40
1.0
 40
1.0
 10
41.3923
 20
-7.4397
 30
0.0
 10
41.3923
 20
-7.4397
 30
0.0
 10
41.6478
 20
-6.6207
 30
0.0
 10
41.6478
 20
-6.6207
 30
0.0
 10
41.8543
 20
-6.9881
 30
0.0
 10
42.0001
 20
-7.2274
 30
0.0
 10
42.0853
 20
-7.3358
 30
0.0
 10
42.1693
 20
-7.4456
 30
0.0
 10
42.293
 20
-7.547
 30
0.0
 10
42.4563
 20
-7.6426
 30
0.0
 10
42.4878
 20
-7.2729
 30
0.0
 10
42.5578
 20
-7.0045
 30
0.0
 10
42.6663
 20
-6.84
 30
0.0
 10
42.7748
 20
-6.6755
 30
0.0
 10
42.9323
 20
-6.5927
 30
0.0
 10
43.1388
 20
-6.5927
 30
0.0
 10
43.2776
 20
-6.5927
 30
0.0
 10
43.4024
 20
-6.6266
 30
0.0
 10
43.5144
 20
-6.6942
 30
0.0
 10
43.6171
 20
-6.7561
 30
0.0
 10
43.7233
 20
-6.854
 30
0.0
 10
43.8353
 20
-6.9905
 30
0.0
 10
43.8353
 20
-6.9905
 30
0.0
 10
43.8085
 20
-7.0313
 30
0.0
 10
43.8085
 20
-7.0313
 30
0.0
 10
43.7968
 20
-7.029
 30
0.0
 10
43.7536
 20
-7.0151
 30
0.0
 10
43.679
 20
-6.9905
 30
0.0
 10
43.567
 20
-6.9544
 30
0.0
 10
43.4597
 20
-6.9357
 30
0.0
 10
43.3546
 20
-6.9357
 30
0.0
 10
43.1434
 20
-6.9357
 30
0.0
 10
42.9743
 20
-6.9952
 30
0.0
 10
42.8459
 20
-7.1154
 30
0.0
 10
42.7177
 20
-7.2344
 30
0.0
 10
42.6197
 20
-7.4268
 30
0.0
 10
42.5543
 20
-7.6905
 30
0.0
 10
42.6698
 20
-7.7267
 30
0.0
 10
42.7689
 20
-7.7535
 30
0.0
 10
42.853
 20
-7.771
 30
0.0
 10
42.9358
 20
-7.7885
 30
0.0
 10
43.0117
 20
-7.7967
 30
0.0
 10
43.0828
 20
-7.7967
 30
0.0
 10
43.2683
 20
-7.7967
 30
0.0
 10
43.4269
 20
-7.7652
 30
0.0
 10
43.5564
 20
-7.701
 30
0.0
 10
43.6848
 20
-7.6369
 30
0.0
 10
43.8201
 20
-7.5202
 30
0.0
 10
43.9613
 20
-7.3487
 30
0.0
 10
43.9613
 20
-7.3487
 30
0.0
 10
44.0383
 20
-7.3755
 30
0.0
 10
44.0383
 20
-7.3755
 30
0.0
 10
43.9741
 20
-7.7115
 30
0.0
 10
43.8551
 20
-7.9671
 30
0.0
 10
43.679
 20
-8.142
 30
0.0
 10
43.5028
 20
-8.3182
 30
0.0
 10
43.2753
 20
-8.4056
 30
0.0
 10
42.9988
 20
-8.4056
 30
0.0
 10
42.8647
 20
-8.4056
 30
0.0
 10
42.7585
 20
-8.394
 30
0.0
 10
42.6792
 20
-8.3695
 30
0.0
 10
42.6009
 20
-8.3462
 30
0.0
 10
42.517
 20
-8.3007
 30
0.0
 10
42.426
 20
-8.2342
 30
0.0
 10
42.5194
 20
-8.4535
 30
0.0
 10
42.58
 20
-8.6367
 30
0.0
 10
42.6068
 20
-8.7848
 30
0.0
 10
42.6278
 20
-8.8992
 30
0.0
 10
42.6372
 20
-9.0776
 30
0.0
 10
42.6372
 20
-9.3215
 30
0.0
 10
42.6372
 20
-9.6458
 30
0.0
 10
42.58
 20
-10.0728
 30
0.0
 10
42.4634
 20
-10.6036
 30
0.0
 10
42.4634
 20
-10.6036
 30
0.0
 10
42.3443
 20
-10.6036
 30
0.0
 10
42.3443
 20
-10.6036
 30
0.0
 10
42.3443
 20
-10.1043
 30
0.0
 10
42.3
 20
-9.6505
 30
0.0
 10
42.2113
 20
-9.2398
 30
0.0
 10
42.1332
 20
-8.8782
 30
0.0
 10
42.0165
 20
-8.5351
 30
0.0
 10
41.8613
 20
-8.212
 30
0.0
 10
41.7376
 20
-7.9542
 30
0.0
 10
41.5813
 20
-7.6975
 30
0.0
 10
41.3923
 20
-7.4397
 30
0.0
  0
SPLINE
  5
AE
330
1F
100
AcDbEntity
  8
Layer 1
 62
   250
100
AcDbSpline
210
0.0
220
0.0
230
1.0
 70
    11
 71
     3
 72
    86
 73
    82
 74
     0
 42
0.0000000001
 43
0.0000000001
 40
0.0
 40
0.0
 40
0.0
 40
0.0
 40
0.037037037037037
 40
0.037037037037037
 40
0.037037037037037
 40
0.0740740740740741
 40
0.0740740740740741
 40
0.0740740740740741
 40
0.1111111111111111
 40
0.1111111111111111
 40
0.1111111111111111
 40
0.1481481481481481
 40
0.1481481481481481
 40
0.1481481481481481
 40
0.1851851851851852
 40
0.1851851851851852
 40
0.1851851851851852
 40
0.2222222222222222
 40
0.2222222222222222
 40
0.2222222222222222
 40
0.2592592592592592
 40
0.2592592592592592
 40
0.2592592592592592
 40
0.2962962962962963
 40
0.2962962962962963
 40
0.2962962962962963
 40
0.3333333333333333
 40
0.3333333333333333
 40
0.3333333333333333
 40
0.3703703703703703
 40
0.3703703703703703
 40
0.3703703703703703
 40
0.4074074074074074
 40
0.4074074074074074
 40
0.4074074074074074
 40
0.4444444444444444
 40
0.4444444444444444
 40
0.4444444444444444
 40
0.4814814814814815
 40
0.4814814814814815
 40
0.4814814814814815
 40
0.5185185185185185
 40
0.5185185185185185
 40
0.5185185185185185
 40
0.5555555555555556
 40
0.5555555555555556
 40
0.5555555555555556
 40
0.5925925925925926
 40
0.5925925925925926
 40
0.5925925925925926
 40
0.6296296296296295
 40
0.6296296296296295
 40
0.6296296296296295
 40
0.6666666666666666
 40
0.6666666666666666
 40
0.6666666666666666
 40
0.7037037037037037
 40
0.7037037037037037
 40
0.7037037037037037
 40
0.7407407407407407
 40
0.7407407407407407
 40
0.7407407407407407
 40
0.7777777777777777
 40
0.7777777777777777
 40
0.7777777777777777
 40
0.8148148148148148
 40
0.8148148148148148
 40
0.8148148148148148
 40
0.8518518518518519
 40
0.8518518518518519
 40
0.8518518518518519
 40
0.8888888888888888
 40
0.8888888888888888
 40
0.8888888888888888
 40
0.9259259259259258
 40
0.9259259259259258
 40
0.9259259259259258
 40
0.9629629629629629
 40
0.9629629629629629
 40
0.9629629629629629
 40
1.0
 40
1.0
 40
1.0
 40
1.0
 10
40.48
 20
-6.917
 30
0.0
 10
40.48
 20
-7.2028
 30
0.0
 10
40.4252
 20
-7.4199
 30
0.0
 10
40.3166
 20
-7.5704
 30
0.0
 10
40.207
 20
-7.7208
 30
0.0
 10
40.0402
 20
-7.7967
 30
0.0
 10
39.8127
 20
-7.7967
 30
0.0
 10
39.682
 20
-7.7967
 30
0.0
 10
39.5689
 20
-7.7757
 30
0.0
 10
39.472
 20
-7.7349
 30
0.0
 10
39.3763
 20
-7.694
 30
0.0
 10
39.3052
 20
-7.6322
 30
0.0
 10
39.2585
 20
-7.5481
 30
0.0
 10
39.1815
 20
-7.6765
 30
0.0
 10
39.0824
 20
-7.7734
 30
0.0
 10
38.9633
 20
-7.8387
 30
0.0
 10
38.8444
 20
-7.904
 30
0.0
 10
38.7009
 20
-7.9367
 30
0.0
 10
38.5341
 20
-7.9367
 30
0.0
 10
38.6193
 20
-8.1023
 30
0.0
 10
38.6799
 20
-8.2307
 30
0.0
 10
38.716
 20
-8.3193
 30
0.0
 10
38.7826
 20
-8.4804
 30
0.0
 10
38.8338
 20
-8.653
 30
0.0
 10
38.8701
 20
-8.835
 30
0.0
 10
38.9051
 20
-9.017
 30
0.0
 10
38.9237
 20
-9.2374
 30
0.0
 10
38.9237
 20
-9.4942
 30
0.0
 10
38.9237
 20
-9.6376
 30
0.0
 10
38.9167
 20
-9.7764
 30
0.0
 10
38.9039
 20
-9.9094
 30
0.0
 10
38.8922
 20
-10.0425
 30
0.0
 10
38.8584
 20
-10.2828
 30
0.0
 10
38.8035
 20
-10.6316
 30
0.0
 10
38.8035
 20
-10.6316
 30
0.0
 10
38.6636
 20
-10.6316
 30
0.0
 10
38.6636
 20
-10.6316
 30
0.0
 10
38.6636
 20
-10.1312
 30
0.0
 10
38.6321
 20
-9.7204
 30
0.0
 10
38.5679
 20
-9.3997
 30
0.0
 10
38.5037
 20
-9.0789
 30
0.0
 10
38.394
 20
-8.7673
 30
0.0
 10
38.2389
 20
-8.464
 30
0.0
 10
38.1211
 20
-8.2342
 30
0.0
 10
37.9123
 20
-7.8994
 30
0.0
 10
37.6135
 20
-7.4607
 30
0.0
 10
37.6135
 20
-7.4607
 30
0.0
 10
37.8621
 20
-6.6487
 30
0.0
 10
37.8621
 20
-6.6487
 30
0.0
 10
37.9799
 20
-6.8435
 30
0.0
 10
38.1071
 20
-6.9917
 30
0.0
 10
38.2435
 20
-7.0908
 30
0.0
 10
38.3964
 20
-7.2017
 30
0.0
 10
38.5655
 20
-7.2577
 30
0.0
 10
38.751
 20
-7.2577
 30
0.0
 10
38.9447
 20
-7.2577
 30
0.0
 10
39.0952
 20
-7.1912
 30
0.0
 10
39.2049
 20
-7.0582
 30
0.0
 10
39.297
 20
-6.9438
 30
0.0
 10
39.3624
 20
-6.7817
 30
0.0
 10
39.3985
 20
-6.5717
 30
0.0
 10
39.3985
 20
-6.5717
 30
0.0
 10
39.5175
 20
-6.5717
 30
0.0
 10
39.5175
 20
-6.5717
 30
0.0
 10
39.5362
 20
-6.7817
 30
0.0
 10
39.577
 20
-6.9275
 30
0.0
 10
39.6412
 20
-7.0127
 30
0.0
 10
39.7054
 20
-7.0967
 30
0.0
 10
39.7964
 20
-7.1387
 30
0.0
 10
39.9153
 20
-7.1387
 30
0.0
 10
40.1545
 20
-7.1387
 30
0.0
 10
40.298
 20
-6.9497
 30
0.0
 10
40.3435
 20
-6.5717
 30
0.0
 10
40.3435
 20
-6.5717
 30
0.0
 10
40.4625
 20
-6.5717
 30
0.0
 10
40.4625
 20
-6.5717
 30
0.0
 10
40.4625
 20
-6.6218
 30
0.0
 10
40.4649
 20
-6.6884
 30
0.0
 10
40.4707
 20
-6.7723
 30
0.0
 10
40.4766
 20
-6.8552
 30
0.0
 10
40.48
 20
-6.9031
 30
0.0
 10
40.48
 20
-6.917
 30
0.0
  0
SPLINE
  5
AF
330
1F
100
AcDbEntity
  8
Layer 1
 62
   250
100
AcDbSpline
210
0.0
220
0.0
230
1.0
 70
    11
 71
     3
 72
    17
 73
    13
 74
     0
 42
0.0000000001
 43
0.0000000001
 40
0.0
 40
0.0
 40
0.0
 40
0.0
 40
0.25
 40
0.25
 40
0.25
 40
0.5
 40
0.5
 40
0.5
 40
0.75
 40
0.75
 40
0.75
 40
1.0
 40
1.0
 40
1.0
 40
1.0
 10
35.0586
 20
-10.1276
 30
0.0
 10
35.0586
 20
-10.1276
 30
0.0
 10
35.0586
 20
-9.5116
 30
0.0
 10
35.0586
 20
-9.5116
 30
0.0
 10
35.0586
 20
-9.5116
 30
0.0
 10
36.9626
 20
-9.5116
 30
0.0
 10
36.9626
 20
-9.5116
 30
0.0
 10
36.9626
 20
-9.5116
 30
0.0
 10
36.9626
 20
-10.1276
 30
0.0
 10
36.9626
 20
-10.1276
 30
0.0
 10
36.9626
 20
-10.1276
 30
0.0
 10
35.0586
 20
-10.1276
 30
0.0
 10
35.0586
 20
-10.1276
 30
0.0
  0
SPLINE
  5
B0
330
1F
100
AcDbEntity
  8
Layer 1
 62
   250
100
AcDbSpline
210
0.0
220
0.0
230
1.0
 70
    11
 71
     3
 72
    38
 73
    34
 74
     0
 42
0.0000000001
 43
0.0000000001
 40
0.0
 40
0.0
 40
0.0
 40
0.0
 40
0.0909090909090909
 40
0.0909090909090909
 40
0.0909090909090909
 40
0.1818181818181818
 40
0.1818181818181818
 40
0.1818181818181818
 40
0.2727272727272727
 40
0.2727272727272727
 40
0.2727272727272727
 40
0.3636363636363636
 40
0.3636363636363636
 40
0.3636363636363636
 40
0.4545454545454546
 40
0.4545454545454546
 40
0.4545454545454546
 40
0.5454545454545454
 40
0.5454545454545454
 40
0.5454545454545454
 40
0.6363636363636364
 40
0.6363636363636364
 40
0.6363636363636364
 40
0.7272727272727273
 40
0.7272727272727273
 40
0.7272727272727273
 40
0.8181818181818182
 40
0.8181818181818182
 40
0.8181818181818182
 40
0.9090909090909092
 40
0.9090909090909092
 40
0.9090909090909092
 40
1.0
 40
1.0
 40
1.0
 40
1.0
 10
33.4533
 20
-9.2036
 30
0.0
 10
33.4533
 20
-9.409
 30
0.0
 10
33.437
 20
-9.6469
 30
0.0
 10
33.4055
 20
-9.9176
 30
0.0
 10
33.3984
 20
-9.9842
 30
0.0
 10
33.367
 20
-10.2222
 30
0.0
 10
33.3098
 20
-10.6316
 30
0.0
 10
33.3098
 20
-10.6316
 30
0.0
 10
33.1908
 20
-10.6316
 30
0.0
 10
33.1908
 20
-10.6316
 30
0.0
 10
33.1908
 20
-10.5768
 30
0.0
 10
33.1955
 20
-10.4181
 30
0.0
 10
33.2048
 20
-10.1568
 30
0.0
 10
33.2048
 20
-9.6726
 30
0.0
 10
33.1383
 20
-9.2212
 30
0.0
 10
33.0065
 20
-8.8023
 30
0.0
 10
32.9026
 20
-8.4757
 30
0.0
 10
32.7614
 20
-8.17
 30
0.0
 10
32.5806
 20
-7.8819
 30
0.0
 10
32.4896
 20
-7.736
 30
0.0
 10
32.359
 20
-7.561
 30
0.0
 10
32.1898
 20
-7.3557
 30
0.0
 10
32.1898
 20
-7.3557
 30
0.0
 10
32.5223
 20
-6.6207
 30
0.0
 10
32.5223
 20
-6.6207
 30
0.0
 10
32.7032
 20
-6.8365
 30
0.0
 10
32.8478
 20
-7.0372
 30
0.0
 10
32.9575
 20
-7.2216
 30
0.0
 10
33.1127
 20
-7.4841
 30
0.0
 10
33.2304
 20
-7.7605
 30
0.0
 10
33.3098
 20
-8.0521
 30
0.0
 10
33.4055
 20
-8.3987
 30
0.0
 10
33.4533
 20
-8.7825
 30
0.0
 10
33.4533
 20
-9.2036
 30
0.0
  0
SPLINE
  5
B1
330
1F
100
AcDbEntity
  8
Layer 1
 62
   250
100
AcDbSpline
210
0.0
220
0.0
230
1.0
 70
    11
 71
     3
 72
    38
 73
    34
 74
     0
 42
0.0000000001
 43
0.0000000001
 40
0.0
 40
0.0
 40
0.0
 40
0.0
 40
0.0909090909090909
 40
0.0909090909090909
 40
0.0909090909090909
 40
0.1818181818181818
 40
0.1818181818181818
 40
0.1818181818181818
 40
0.2727272727272727
 40
0.2727272727272727
 40
0.2727272727272727
 40
0.3636363636363636
 40
0.3636363636363636
 40
0.3636363636363636
 40
0.4545454545454546
 40
0.4545454545454546
 40
0.4545454545454546
 40
0.5454545454545454
 40
0.5454545454545454
 40
0.5454545454545454
 40
0.6363636363636364
 40
0.6363636363636364
 40
0.6363636363636364
 40
0.7272727272727273
 40
0.7272727272727273
 40
0.7272727272727273
 40
0.8181818181818182
 40
0.8181818181818182
 40
0.8181818181818182
 40
0.9090909090909092
 40
0.9090909090909092
 40
0.9090909090909092
 40
1.0
 40
1.0
 40
1.0
 40
1.0
 10
29.7725
 20
-9.2036
 30
0.0
 10
29.7725
 20
-9.409
 30
0.0
 10
29.7562
 20
-9.6469
 30
0.0
 10
29.7247
 20
-9.9176
 30
0.0
 10
29.7177
 20
-9.9842
 30
0.0
 10
29.6862
 20
-10.2222
 30
0.0
 10
29.6291
 20
-10.6316
 30
0.0
 10
29.6291
 20
-10.6316
 30
0.0
 10
29.51
 20
-10.6316
 30
0.0
 10
29.51
 20
-10.6316
 30
0.0
 10
29.51
 20
-10.5768
 30
0.0
 10
29.5147
 20
-10.4181
 30
0.0
 10
29.524
 20
-10.1568
 30
0.0
 10
29.524
 20
-9.6726
 30
0.0
 10
29.4576
 20
-9.2212
 30
0.0
 10
29.3257
 20
-8.8023
 30
0.0
 10
29.2219
 20
-8.4757
 30
0.0
 10
29.0807
 20
-8.17
 30
0.0
 10
28.8998
 20
-7.8819
 30
0.0
 10
28.8089
 20
-7.736
 30
0.0
 10
28.6782
 20
-7.561
 30
0.0
 10
28.5091
 20
-7.3557
 30
0.0
 10
28.5091
 20
-7.3557
 30
0.0
 10
28.8416
 20
-6.6207
 30
0.0
 10
28.8416
 20
-6.6207
 30
0.0
 10
29.0224
 20
-6.8365
 30
0.0
 10
29.167
 20
-7.0372
 30
0.0
 10
29.2767
 20
-7.2216
 30
0.0
 10
29.4319
 20
-7.4841
 30
0.0
 10
29.5497
 20
-7.7605
 30
0.0
 10
29.6291
 20
-8.0521
 30
0.0
 10
29.7247
 20
-8.3987
 30
0.0
 10
29.7725
 20
-8.7825
 30
0.0
 10
29.7725
 20
-9.2036
 30
0.0
  0
SPLINE
  5
B2
330
1F
100
AcDbEntity
  8
Layer 1
 62
   250
100
AcDbSpline
210
0.0
220
0.0
230
1.0
 70
    11
 71
     3
 72
    77
 73
    73
 74
     0
 42
0.0000000001
 43
0.0000000001
 40
0.0
 40
0.0
 40
0.0
 40
0.0
 40
0.0416666666666667
 40
0.0416666666666667
 40
0.0416666666666667
 40
0.0833333333333333
 40
0.0833333333333333
 40
0.0833333333333333
 40
0.125
 40
0.125
 40
0.125
 40
0.1666666666666667
 40
0.1666666666666667
 40
0.1666666666666667
 40
0.2083333333333333
 40
0.2083333333333333
 40
0.2083333333333333
 40
0.25
 40
0.25
 40
0.25
 40
0.2916666666666666
 40
0.2916666666666666
 40
0.2916666666666666
 40
0.3333333333333333
 40
0.3333333333333333
 40
0.3333333333333333
 40
0.375
 40
0.375
 40
0.375
 40
0.4166666666666666
 40
0.4166666666666666
 40
0.4166666666666666
 40
0.4583333333333333
 40
0.4583333333333333
 40
0.4583333333333333
 40
0.5
 40
0.5
 40
0.5
 40
0.5416666666666666
 40
0.5416666666666666
 40
0.5416666666666666
 40
0.5833333333333333
 40
0.5833333333333333
 40
0.5833333333333333
 40
0.625
 40
0.625
 40
0.625
 40
0.6666666666666666
 40
0.6666666666666666
 40
0.6666666666666666
 40
0.7083333333333333
 40
0.7083333333333333
 40
0.7083333333333333
 40
0.75
 40
0.75
 40
0.75
 40
0.7916666666666666
 40
0.7916666666666666
 40
0.7916666666666666
 40
0.8333333333333333
 40
0.8333333333333333
 40
0.8333333333333333
 40
0.875
 40
0.875
 40
0.875
 40
0.9166666666666666
 40
0.9166666666666666
 40
0.9166666666666666
 40
0.9583333333333333
 40
0.9583333333333333
 40
0.9583333333333333
 40
1.0
 40
1.0
 40
1.0
 40
1.0
 10
11.868
 20
-36.7552
 30
0.0
 10
12.1681
 20
-36.7935
 30
0.0
 10
12.4738
 20
-36.8444
 30
0.0
 10
12.7726
 20
-36.9247
 30
0.0
 10
12.9829
 20
-36.984
 30
0.0
 10
13.1885
 20
-37.0629
 30
0.0
 10
13.3764
 20
-37.1684
 30
0.0
 10
13.5544
 20
-37.2707
 30
0.0
 10
13.7511
 20
-37.4263
 30
0.0
 10
13.746
 20
-37.612
 30
0.0
 10
13.7261
 20
-37.7954
 30
0.0
 10
13.5222
 20
-37.92
 30
0.0
 10
13.3365
 20
-38.0004
 30
0.0
 10
13.143
 20
-38.0827
 30
0.0
 10
12.9333
 20
-38.1316
 30
0.0
 10
12.723
 20
-38.1734
 30
0.0
 10
12.3007
 20
-38.253
 30
0.0
 10
11.8661
 20
-38.2743
 30
0.0
 10
11.4347
 20
-38.2609
 30
0.0
 10
11.0038
 20
-38.2525
 30
0.0
 10
10.5705
 20
-38.2094
 30
0.0
 10
10.1532
 20
-38.1085
 30
0.0
 10
9.9455
 20
-38.0569
 30
0.0
 10
9.7384
 20
-37.9966
 30
0.0
 10
9.5489
 20
-37.904
 30
0.0
 10
9.3681
 20
-37.8152
 30
0.0
 10
9.1702
 20
-37.6802
 30
0.0
 10
9.1592
 20
-37.4963
 30
0.0
 10
9.1643
 20
-37.3098
 30
0.0
 10
9.3681
 20
-37.1638
 30
0.0
 10
9.5514
 20
-37.0713
 30
0.0
 10
9.745
 20
-36.9756
 30
0.0
 10
9.9539
 20
-36.9067
 30
0.0
 10
10.1667
 20
-36.8579
 30
0.0
 10
10.4264
 20
-36.8025
 30
0.0
 10
10.6906
 20
-36.7685
 30
0.0
 10
10.9531
 20
-36.7454
 30
0.0
 10
10.6855
 20
-36.7503
 30
0.0
 10
10.4213
 20
-36.7778
 30
0.0
 10
10.1604
 20
-36.8271
 30
0.0
 10
9.9449
 20
-36.87
 30
0.0
 10
9.7282
 20
-36.9202
 30
0.0
 10
9.5225
 20
-37.0084
 30
0.0
 10
9.3309
 20
-37.0989
 30
0.0
 10
9.086
 20
-37.2172
 30
0.0
 10
9.0493
 20
-37.4937
 30
0.0
 10
9.0562
 20
-37.7728
 30
0.0
 10
9.2936
 20
-37.9251
 30
0.0
 10
9.4782
 20
-38.0371
 30
0.0
 10
9.6774
 20
-38.1489
 30
0.0
 10
9.8895
 20
-38.2293
 30
0.0
 10
10.1056
 20
-38.2911
 30
0.0
 10
10.5389
 20
-38.4074
 30
0.0
 10
10.9839
 20
-38.4626
 30
0.0
 10
11.4294
 20
-38.4814
 30
0.0
 10
11.8757
 20
-38.4857
 30
0.0
 10
12.3226
 20
-38.4524
 30
0.0
 10
12.761
 20
-38.3585
 30
0.0
 10
12.9801
 20
-38.3089
 30
0.0
 10
13.1963
 20
-38.239
 30
0.0
 10
13.4013
 20
-38.138
 30
0.0
 10
13.5911
 20
-38.035
 30
0.0
 10
13.8353
 20
-37.8949
 30
0.0
 10
13.8572
 20
-37.6153
 30
0.0
 10
13.8348
 20
-37.3381
 30
0.0
 10
13.5957
 20
-37.2063
 30
0.0
 10
13.409
 20
-37.1066
 30
0.0
 10
13.2078
 20
-37.0084
 30
0.0
 10
12.9944
 20
-36.9466
 30
0.0
 10
12.781
 20
-36.8932
 30
0.0
 10
12.4806
 20
-36.8206
 30
0.0
 10
12.175
 20
-36.7774
 30
0.0
 10
11.868
 20
-36.7552
 30
0.0
  0
SPLINE
  5
B3
330
1F
100
AcDbEntity
  8
Layer 1
 62
   250
100
AcDbSpline
210
0.0
220
0.0
230
1.0
 70
    11
 71
     3
 72
    23
 73
    19
 74
     0
 42
0.0000000001
 43
0.0000000001
 40
0.0
 40
0.0
 40
0.0
 40
0.0
 40
0.1666666666666667
 40
0.1666666666666667
 40
0.1666666666666667
 40
0.3333333333333333
 40
0.3333333333333333
 40
0.3333333333333333
 40
0.5
 40
0.5
 40
0.5
 40
0.6666666666666666
 40
0.6666666666666666
 40
0.6666666666666666
 40
0.8333333333333333
 40
0.8333333333333333
 40
0.8333333333333333
 40
1.0
 40
1.0
 40
1.0
 40
1.0
 10
9.6991
 20
-34.9652
 30
0.0
 10
9.6991
 20
-34.9652
 30
0.0
 10
11.4294
 20
-37.3601
 30
0.0
 10
11.4294
 20
-37.3601
 30
0.0
 10
11.4294
 20
-37.3601
 30
0.0
 10
13.0662
 20
-34.8738
 30
0.0
 10
13.0662
 20
-34.8738
 30
0.0
 10
13.3299
 20
-34.4739
 30
0.0
 10
13.438
 20
-33.9871
 30
0.0
 10
13.3427
 20
-33.5171
 30
0.0
 10
13.1872
 20
-32.7507
 30
0.0
 10
12.7197
 20
-31.7305
 30
0.0
 10
11.333
 20
-31.7575
 30
0.0
 10
11.333
 20
-31.7575
 30
0.0
 10
9.9435
 20
-31.7054
 30
0.0
 10
9.4266
 20
-33.3373
 30
0.0
 10
9.2511
 20
-33.8895
 30
0.0
 10
9.3597
 20
-34.4951
 30
0.0
 10
9.6991
 20
-34.9652
 30
0.0
  0
SPLINE
  5
B4
330
1F
100
AcDbEntity
  8
Layer 1
 62
   250
100
AcDbSpline
210
0.0
220
0.0
230
1.0
 70
    11
 71
     3
 72
    17
 73
    13
 74
     0
 42
0.0000000001
 43
0.0000000001
 40
0.0
 40
0.0
 40
0.0
 40
0.0
 40
0.25
 40
0.25
 40
0.25
 40
0.5
 40
0.5
 40
0.5
 40
0.75
 40
0.75
 40
0.75
 40
1.0
 40
1.0
 40
1.0
 40
1.0
 10
12.4329
 20
-33.8783
 30
0.0
 10
12.4329
 20
-34.4654
 30
0.0
 10
11.9564
 20
-34.9418
 30
0.0
 10
11.3689
 20
-34.9418
 30
0.0
 10
10.7811
 20
-34.9418
 30
0.0
 10
10.3047
 20
-34.4654
 30
0.0
 10
10.3047
 20
-33.8783
 30
0.0
 10
10.3047
 20
-33.2906
 30
0.0
 10
10.7811
 20
-32.8142
 30
0.0
 10
11.3689
 20
-32.8142
 30
0.0
 10
11.9564
 20
-32.8142
 30
0.0
 10
12.4329
 20
-33.2906
 30
0.0
 10
12.4329
 20
-33.8783
 30
0.0
  0
SPLINE
  5
B5
330
1F
100
AcDbEntity
  8
Layer 1
 62
   250
100
AcDbSpline
210
0.0
220
0.0
230
1.0
 70
    11
 71
     3
 72
    59
 73
    55
 74
     0
 42
0.0000000001
 43
0.0000000001
 40
0.0
 40
0.0
 40
0.0
 40
0.0
 40
0.0555555555555556
 40
0.0555555555555556
 40
0.0555555555555556
 40
0.1111111111111111
 40
0.1111111111111111
 40
0.1111111111111111
 40
0.1666666666666667
 40
0.1666666666666667
 40
0.1666666666666667
 40
0.2222222222222222
 40
0.2222222222222222
 40
0.2222222222222222
 40
0.2777777777777778
 40
0.2777777777777778
 40
0.2777777777777778
 40
0.3333333333333333
 40
0.3333333333333333
 40
0.3333333333333333
 40
0.3888888888888888
 40
0.3888888888888888
 40
0.3888888888888888
 40
0.4444444444444444
 40
0.4444444444444444
 40
0.4444444444444444
 40
0.5
 40
0.5
 40
0.5
 40
0.5555555555555556
 40
0.5555555555555556
 40
0.5555555555555556
 40
0.611111111111111
 40
0.611111111111111
 40
0.611111111111111
 40
0.6666666666666666
 40
0.6666666666666666
 40
0.6666666666666666
 40
0.7222222222222222
 40
0.7222222222222222
 40
0.7222222222222222
 40
0.7777777777777777
 40
0.7777777777777777
 40
0.7777777777777777
 40
0.8333333333333333
 40
0.8333333333333333
 40
0.8333333333333333
 40
0.8888888888888888
 40
0.8888888888888888
 40
0.8888888888888888
 40
0.9444444444444444
 40
0.9444444444444444
 40
0.9444444444444444
 40
1.0
 40
1.0
 40
1.0
 40
1.0
 10
23.7435
 20
-35.8267
 30
0.0
 10
23.7435
 20
-36.3078
 30
0.0
 10
23.6124
 20
-36.6446
 30
0.0
 10
23.3493
 20
-36.8371
 30
0.0
 10
23.1606
 20
-36.9761
 30
0.0
 10
22.8872
 20
-37.046
 30
0.0
 10
22.5295
 20
-37.046
 30
0.0
 10
22.2182
 20
-37.046
 30
0.0
 10
21.9689
 20
-36.9826
 30
0.0
 10
21.7816
 20
-36.8567
 30
0.0
 10
21.5622
 20
-36.7098
 30
0.0
 10
21.4526
 20
-36.4892
 30
0.0
 10
21.4526
 20
-36.1942
 30
0.0
 10
21.4526
 20
-36.018
 30
0.0
 10
21.4781
 20
-35.8378
 30
0.0
 10
21.529
 20
-35.6525
 30
0.0
 10
21.5942
 20
-35.4168
 30
0.0
 10
21.6771
 20
-35.2987
 30
0.0
 10
21.7776
 20
-35.2987
 30
0.0
 10
21.8592
 20
-35.2987
 30
0.0
 10
21.9004
 20
-35.3686
 30
0.0
 10
21.9004
 20
-35.5076
 30
0.0
 10
21.9004
 20
-35.5422
 30
0.0
 10
21.8925
 20
-35.5951
 30
0.0
 10
21.8781
 20
-35.6662
 30
0.0
 10
21.8631
 20
-35.7373
 30
0.0
 10
21.856
 20
-35.7902
 30
0.0
 10
21.856
 20
-35.8261
 30
0.0
 10
21.856
 20
-36.0885
 30
0.0
 10
22.1072
 20
-36.2197
 30
0.0
 10
22.6099
 20
-36.2197
 30
0.0
 10
23.1255
 20
-36.2197
 30
0.0
 10
23.3833
 20
-36.1251
 30
0.0
 10
23.3833
 20
-35.9357
 30
0.0
 10
23.3833
 20
-35.894
 30
0.0
 10
23.3271
 20
-35.8052
 30
0.0
 10
23.2143
 20
-35.6694
 30
0.0
 10
23.1071
 20
-35.5408
 30
0.0
 10
23.023
 20
-35.4561
 30
0.0
 10
22.9629
 20
-35.4168
 30
0.0
 10
22.9629
 20
-35.4168
 30
0.0
 10
23.2808
 20
-34.7935
 30
0.0
 10
23.2808
 20
-34.7935
 30
0.0
 10
23.301
 20
-34.7531
 30
0.0
 10
23.3174
 20
-34.7322
 30
0.0
 10
23.3284
 20
-34.7322
 30
0.0
 10
23.3389
 20
-34.7322
 30
0.0
 10
23.3618
 20
-34.7511
 30
0.0
 10
23.3976
 20
-34.7883
 30
0.0
 10
23.474
 20
-34.8686
 30
0.0
 10
23.5464
 20
-34.9958
 30
0.0
 10
23.6156
 20
-35.1708
 30
0.0
 10
23.7011
 20
-35.3888
 30
0.0
 10
23.7435
 20
-35.6074
 30
0.0
 10
23.7435
 20
-35.8267
 30
0.0
  0
SPLINE
  5
B6
330
1F
100
AcDbEntity
  8
Layer 1
 62
   250
100
AcDbSpline
210
0.0
220
0.0
230
1.0
 70
    11
 71
     3
 72
    17
 73
    13
 74
     0
 42
0.0000000001
 43
0.0000000001
 40
0.0
 40
0.0
 40
0.0
 40
0.0
 40
0.25
 40
0.25
 40
0.25
 40
0.5
 40
0.5
 40
0.5
 40
0.75
 40
0.75
 40
0.75
 40
1.0
 40
1.0
 40
1.0
 40
1.0
 10
69.3294
 20
-33.2904
 30
0.0
 10
69.3294
 20
-33.2904
 30
0.0
 10
69.3086
 20
-33.4685
 30
0.0
 10
69.3086
 20
-33.4685
 30
0.0
 10
69.3086
 20
-33.4685
 30
0.0
 10
67.8381
 20
-33.9463
 30
0.0
 10
67.8381
 20
-33.9463
 30
0.0
 10
67.8381
 20
-33.9463
 30
0.0
 10
67.8746
 20
-33.7388
 30
0.0
 10
67.8746
 20
-33.7388
 30
0.0
 10
67.8746
 20
-33.7388
 30
0.0
 10
69.3294
 20
-33.2904
 30
0.0
 10
69.3294
 20
-33.2904
 30
0.0
  0
SPLINE
  5
B7
330
1F
100
AcDbEntity
  8
Layer 1
 62
   250
100
AcDbSpline
210
0.0
220
0.0
230
1.0
 70
    11
 71
     3
 72
   122
 73
   118
 74
     0
 42
0.0000000001
 43
0.0000000001
 40
0.0
 40
0.0
 40
0.0
 40
0.0
 40
0.0256410256410256
 40
0.0256410256410256
 40
0.0256410256410256
 40
0.0512820512820513
 40
0.0512820512820513
 40
0.0512820512820513
 40
0.0769230769230769
 40
0.0769230769230769
 40
0.0769230769230769
 40
0.1025641025641026
 40
0.1025641025641026
 40
0.1025641025641026
 40
0.1282051282051282
 40
0.1282051282051282
 40
0.1282051282051282
 40
0.1538461538461539
 40
0.1538461538461539
 40
0.1538461538461539
 40
0.1794871794871795
 40
0.1794871794871795
 40
0.1794871794871795
 40
0.2051282051282051
 40
0.2051282051282051
 40
0.2051282051282051
 40
0.2307692307692308
 40
0.2307692307692308
 40
0.2307692307692308
 40
0.2564102564102564
 40
0.2564102564102564
 40
0.2564102564102564
 40
0.282051282051282
 40
0.282051282051282
 40
0.282051282051282
 40
0.3076923076923077
 40
0.3076923076923077
 40
0.3076923076923077
 40
0.3333333333333333
 40
0.3333333333333333
 40
0.3333333333333333
 40
0.358974358974359
 40
0.358974358974359
 40
0.358974358974359
 40
0.3846153846153846
 40
0.3846153846153846
 40
0.3846153846153846
 40
0.4102564102564102
 40
0.4102564102564102
 40
0.4102564102564102
 40
0.4358974358974359
 40
0.4358974358974359
 40
0.4358974358974359
 40
0.4615384615384615
 40
0.4615384615384615
 40
0.4615384615384615
 40
0.4871794871794872
 40
0.4871794871794872
 40
0.4871794871794872
 40
0.5128205128205128
 40
0.5128205128205128
 40
0.5128205128205128
 40
0.5384615384615384
 40
0.5384615384615384
 40
0.5384615384615384
 40
0.5641025641025641
 40
0.5641025641025641
 40
0.5641025641025641
 40
0.5897435897435898
 40
0.5897435897435898
 40
0.5897435897435898
 40
0.6153846153846154
 40
0.6153846153846154
 40
0.6153846153846154
 40
0.641025641025641
 40
0.641025641025641
 40
0.641025641025641
 40
0.6666666666666666
 40
0.6666666666666666
 40
0.6666666666666666
 40
0.6923076923076923
 40
0.6923076923076923
 40
0.6923076923076923
 40
0.717948717948718
 40
0.717948717948718
 40
0.717948717948718
 40
0.7435897435897436
 40
0.7435897435897436
 40
0.7435897435897436
 40
0.7692307692307692
 40
0.7692307692307692
 40
0.7692307692307692
 40
0.7948717948717948
 40
0.7948717948717948
 40
0.7948717948717948
 40
0.8205128205128205
 40
0.8205128205128205
 40
0.8205128205128205
 40
0.8461538461538461
 40
0.8461538461538461
 40
0.8461538461538461
 40
0.8717948717948718
 40
0.8717948717948718
 40
0.8717948717948718
 40
0.8974358974358974
 40
0.8974358974358974
 40
0.8974358974358974
 40
0.923076923076923
 40
0.923076923076923
 40
0.923076923076923
 40
0.9487179487179487
 40
0.9487179487179487
 40
0.9487179487179487
 40
0.9743589743589743
 40
0.9743589743589743
 40
0.9743589743589743
 40
1.0
 40
1.0
 40
1.0
 40
1.0
 10
69.2994
 20
-33.6428
 30
0.0
 10
69.2994
 20
-33.6428
 30
0.0
 10
69.259
 20
-34.165
 30
0.0
 10
69.259
 20
-34.165
 30
0.0
 10
69.2564
 20
-34.1918
 30
0.0
 10
69.2538
 20
-34.208
 30
0.0
 10
69.2512
 20
-34.2127
 30
0.0
 10
69.2466
 20
-34.2218
 30
0.0
 10
69.2329
 20
-34.2297
 30
0.0
 10
69.2113
 20
-34.2362
 30
0.0
 10
69.2113
 20
-34.2362
 30
0.0
 10
68.4581
 20
-34.4424
 30
0.0
 10
68.4581
 20
-34.4424
 30
0.0
 10
68.652
 20
-34.6748
 30
0.0
 10
68.7485
 20
-34.9162
 30
0.0
 10
68.7485
 20
-35.1676
 30
0.0
 10
68.7485
 20
-35.5389
 30
0.0
 10
68.6278
 20
-35.8
 30
0.0
 10
68.3857
 20
-35.9507
 30
0.0
 10
68.2486
 20
-36.0362
 30
0.0
 10
68.09
 20
-36.0787
 30
0.0
 10
67.9105
 20
-36.0787
 30
0.0
 10
67.9105
 20
-36.0787
 30
0.0
 10
67.7121
 20
-36.0787
 30
0.0
 10
67.7121
 20
-36.0787
 30
0.0
 10
67.7121
 20
-36.0787
 30
0.0
 10
67.607
 20
-36.0787
 30
0.0
 10
67.607
 20
-36.0787
 30
0.0
 10
67.607
 20
-36.0787
 30
0.0
 10
67.6045
 20
-36.0787
 30
0.0
 10
67.6045
 20
-36.0787
 30
0.0
 10
67.6045
 20
-36.0787
 30
0.0
 10
67.6022
 20
-36.0787
 30
0.0
 10
67.6022
 20
-36.0787
 30
0.0
 10
67.6022
 20
-36.0787
 30
0.0
 10
67.6011
 20
-36.0787
 30
0.0
 10
67.6011
 20
-36.0787
 30
0.0
 10
67.5513
 20
-36.0774
 30
0.0
 10
67.5056
 20
-36.0624
 30
0.0
 10
67.4654
 20
-36.033
 30
0.0
 10
67.4654
 20
-36.033
 30
0.0
 10
67.4654
 20
-36.2007
 30
0.0
 10
67.4654
 20
-36.2007
 30
0.0
 10
67.4654
 20
-36.3411
 30
0.0
 10
67.4262
 20
-36.4971
 30
0.0
 10
67.3485
 20
-36.6707
 30
0.0
 10
67.2814
 20
-36.8221
 30
0.0
 10
67.2069
 20
-36.9409
 30
0.0
 10
67.1266
 20
-37.0277
 30
0.0
 10
67.0986
 20
-37.0584
 30
0.0
 10
67.0601
 20
-37.0734
 30
0.0
 10
67.0098
 20
-37.0734
 30
0.0
 10
67.0098
 20
-37.0734
 30
0.0
 10
66.1123
 20
-37.0734
 30
0.0
 10
66.1123
 20
-37.0734
 30
0.0
 10
66.0066
 20
-37.0734
 30
0.0
 10
65.9537
 20
-37.0303
 30
0.0
 10
65.9537
 20
-36.9435
 30
0.0
 10
65.9537
 20
-36.8965
 30
0.0
 10
65.976
 20
-36.862
 30
0.0
 10
66.021
 20
-36.8404
 30
0.0
 10
66.1893
 20
-36.7601
 30
0.0
 10
66.3976
 20
-36.6347
 30
0.0
 10
66.6456
 20
-36.4657
 30
0.0
 10
66.9674
 20
-36.2465
 30
0.0
 10
67.1286
 20
-36.0904
 30
0.0
 10
67.1286
 20
-35.9971
 30
0.0
 10
67.1286
 20
-35.9207
 30
0.0
 10
66.9844
 20
-35.7491
 30
0.0
 10
66.6959
 20
-35.4814
 30
0.0
 10
66.6959
 20
-35.4814
 30
0.0
 10
67.002
 20
-34.8509
 30
0.0
 10
67.002
 20
-34.8509
 30
0.0
 10
67.0209
 20
-34.8124
 30
0.0
 10
67.0444
 20
-34.8079
 30
0.0
 10
67.0731
 20
-34.8373
 30
0.0
 10
67.1939
 20
-34.9639
 30
0.0
 10
67.2781
 20
-35.0454
 30
0.0
 10
67.3257
 20
-35.0827
 30
0.0
 10
67.431
 20
-35.1655
 30
0.0
 10
67.5352
 20
-35.2079
 30
0.0
 10
67.6381
 20
-35.2093
 30
0.0
 10
67.6381
 20
-35.2093
 30
0.0
 10
67.6429
 20
-35.2093
 30
0.0
 10
67.6429
 20
-35.2093
 30
0.0
 10
67.6429
 20
-35.2093
 30
0.0
 10
67.7121
 20
-35.2093
 30
0.0
 10
67.7121
 20
-35.2093
 30
0.0
 10
67.7121
 20
-35.2093
 30
0.0
 10
67.7806
 20
-35.2093
 30
0.0
 10
67.7806
 20
-35.2093
 30
0.0
 10
67.9621
 20
-35.2093
 30
0.0
 10
68.0998
 20
-35.1988
 30
0.0
 10
68.1944
 20
-35.1786
 30
0.0
 10
68.2349
 20
-35.1694
 30
0.0
 10
68.2551
 20
-35.1506
 30
0.0
 10
68.2551
 20
-35.1212
 30
0.0
 10
68.2551
 20
-35.1048
 30
0.0
 10
68.2466
 20
-35.0859
 30
0.0
 10
68.2304
 20
-35.0657
 30
0.0
 10
68.1605
 20
-34.9789
 30
0.0
 10
67.9934
 20
-34.8144
 30
0.0
 10
67.7291
 20
-34.5723
 30
0.0
 10
67.7291
 20
-34.5723
 30
0.0
 10
67.8191
 20
-34.0919
 30
0.0
 10
67.8191
 20
-34.0919
 30
0.0
 10
67.8191
 20
-34.0847
 30
0.0
 10
67.8244
 20
-34.0749
 30
0.0
 10
67.8341
 20
-34.0632
 30
0.0
 10
67.8341
 20
-34.0632
 30
0.0
 10
69.2668
 20
-33.6043
 30
0.0
 10
69.2668
 20
-33.6043
 30
0.0
 10
69.2832
 20
-33.5991
 30
0.0
 10
69.2935
 20
-33.5978
 30
0.0
 10
69.2975
 20
-33.6004
 30
0.0
 10
69.3002
 20
-33.6069
 30
0.0
 10
69.3008
 20
-33.6206
 30
0.0
 10
69.2994
 20
-33.6428
 30
0.0
  0
SPLINE
  5
B8
330
1F
100
AcDbEntity
  8
Layer 1
 62
   250
100
AcDbSpline
210
0.0
220
0.0
230
1.0
 70
    11
 71
     3
 72
   152
 73
   148
 74
     0
 42
0.0000000001
 43
0.0000000001
 40
0.0
 40
0.0
 40
0.0
 40
0.0
 40
0.0204081632653061
 40
0.0204081632653061
 40
0.0204081632653061
 40
0.0408163265306122
 40
0.0408163265306122
 40
0.0408163265306122
 40
0.0612244897959184
 40
0.0612244897959184
 40
0.0612244897959184
 40
0.0816326530612245
 40
0.0816326530612245
 40
0.0816326530612245
 40
0.1020408163265306
 40
0.1020408163265306
 40
0.1020408163265306
 40
0.1224489795918367
 40
0.1224489795918367
 40
0.1224489795918367
 40
0.1428571428571428
 40
0.1428571428571428
 40
0.1428571428571428
 40
0.163265306122449
 40
0.163265306122449
 40
0.163265306122449
 40
0.1836734693877551
 40
0.1836734693877551
 40
0.1836734693877551
 40
0.2040816326530612
 40
0.2040816326530612
 40
0.2040816326530612
 40
0.2244897959183673
 40
0.2244897959183673
 40
0.2244897959183673
 40
0.2448979591836735
 40
0.2448979591836735
 40
0.2448979591836735
 40
0.2653061224489796
 40
0.2653061224489796
 40
0.2653061224489796
 40
0.2857142857142857
 40
0.2857142857142857
 40
0.2857142857142857
 40
0.3061224489795918
 40
0.3061224489795918
 40
0.3061224489795918
 40
0.3265306122448979
 40
0.3265306122448979
 40
0.3265306122448979
 40
0.3469387755102041
 40
0.3469387755102041
 40
0.3469387755102041
 40
0.3673469387755102
 40
0.3673469387755102
 40
0.3673469387755102
 40
0.3877551020408163
 40
0.3877551020408163
 40
0.3877551020408163
 40
0.4081632653061224
 40
0.4081632653061224
 40
0.4081632653061224
 40
0.4285714285714285
 40
0.4285714285714285
 40
0.4285714285714285
 40
0.4489795918367346
 40
0.4489795918367346
 40
0.4489795918367346
 40
0.4693877551020408
 40
0.4693877551020408
 40
0.4693877551020408
 40
0.4897959183673469
 40
0.4897959183673469
 40
0.4897959183673469
 40
0.5102040816326531
 40
0.5102040816326531
 40
0.5102040816326531
 40
0.5306122448979591
 40
0.5306122448979591
 40
0.5306122448979591
 40
0.5510204081632653
 40
0.5510204081632653
 40
0.5510204081632653
 40
0.5714285714285714
 40
0.5714285714285714
 40
0.5714285714285714
 40
0.5918367346938775
 40
0.5918367346938775
 40
0.5918367346938775
 40
0.6122448979591836
 40
0.6122448979591836
 40
0.6122448979591836
 40
0.6326530612244897
 40
0.6326530612244897
 40
0.6326530612244897
 40
0.6530612244897959
 40
0.6530612244897959
 40
0.6530612244897959
 40
0.673469387755102
 40
0.673469387755102
 40
0.673469387755102
 40
0.6938775510204082
 40
0.6938775510204082
 40
0.6938775510204082
 40
0.7142857142857142
 40
0.7142857142857142
 40
0.7142857142857142
 40
0.7346938775510203
 40
0.7346938775510203
 40
0.7346938775510203
 40
0.7551020408163265
 40
0.7551020408163265
 40
0.7551020408163265
 40
0.7755102040816326
 40
0.7755102040816326
 40
0.7755102040816326
 40
0.7959183673469387
 40
0.7959183673469387
 40
0.7959183673469387
 40
0.8163265306122448
 40
0.8163265306122448
 40
0.8163265306122448
 40
0.836734693877551
 40
0.836734693877551
 40
0.836734693877551
 40
0.8571428571428571
 40
0.8571428571428571
 40
0.8571428571428571
 40
0.8775510204081632
 40
0.8775510204081632
 40
0.8775510204081632
 40
0.8979591836734693
 40
0.8979591836734693
 40
0.8979591836734693
 40
0.9183673469387754
 40
0.9183673469387754
 40
0.9183673469387754
 40
0.9387755102040816
 40
0.9387755102040816
 40
0.9387755102040816
 40
0.9591836734693877
 40
0.9591836734693877
 40
0.9591836734693877
 40
0.9795918367346939
 40
0.9795918367346939
 40
0.9795918367346939
 40
1.0
 40
1.0
 40
1.0
 40
1.0
 10
65.7723
 20
-34.8875
 30
0.0
 10
65.7723
 20
-34.8875
 30
0.0
 10
65.5549
 20
-35.4032
 30
0.0
 10
65.5549
 20
-35.4032
 30
0.0
 10
65.348
 20
-35.3992
 30
0.0
 10
65.1842
 20
-35.4259
 30
0.0
 10
65.0634
 20
-35.4834
 30
0.0
 10
64.9805
 20
-35.5226
 30
0.0
 10
64.8663
 20
-35.6016
 30
0.0
 10
64.7208
 20
-35.7191
 30
0.0
 10
64.5753
 20
-35.8358
 30
0.0
 10
64.4604
 20
-35.9148
 30
0.0
 10
64.3749
 20
-35.9541
 30
0.0
 10
64.194
 20
-36.0369
 30
0.0
 10
63.9924
 20
-36.0787
 30
0.0
 10
63.7705
 20
-36.0787
 30
0.0
 10
63.7705
 20
-36.0787
 30
0.0
 10
63.5284
 20
-36.0787
 30
0.0
 10
63.5284
 20
-36.0787
 30
0.0
 10
63.5284
 20
-36.0787
 30
0.0
 10
63.4206
 20
-36.0787
 30
0.0
 10
63.4206
 20
-36.0787
 30
0.0
 10
63.4206
 20
-36.0787
 30
0.0
 10
63.4101
 20
-36.0787
 30
0.0
 10
63.4101
 20
-36.0787
 30
0.0
 10
63.3704
 20
-36.0787
 30
0.0
 10
63.3246
 20
-36.048
 30
0.0
 10
63.2725
 20
-35.9867
 30
0.0
 10
63.2059
 20
-35.9083
 30
0.0
 10
63.1374
 20
-35.8509
 30
0.0
 10
63.0662
 20
-35.815
 30
0.0
 10
62.9422
 20
-35.7537
 30
0.0
 10
62.7745
 20
-35.723
 30
0.0
 10
62.563
 20
-35.723
 30
0.0
 10
62.441
 20
-35.723
 30
0.0
 10
62.3397
 20
-35.7367
 30
0.0
 10
62.2609
 20
-35.7647
 30
0.0
 10
62.2139
 20
-35.7811
 30
0.0
 10
62.1904
 20
-35.7973
 30
0.0
 10
62.1904
 20
-35.8137
 30
0.0
 10
62.1904
 20
-35.8443
 30
0.0
 10
62.2627
 20
-35.8593
 30
0.0
 10
62.407
 20
-35.8593
 30
0.0
 10
62.6406
 20
-35.8593
 30
0.0
 10
62.8006
 20
-35.8724
 30
0.0
 10
62.8874
 20
-35.8978
 30
0.0
 10
63.0623
 20
-35.9488
 30
0.0
 10
63.1498
 20
-36.0617
 30
0.0
 10
63.1498
 20
-36.238
 30
0.0
 10
63.1498
 20
-36.7842
 30
0.0
 10
62.706
 20
-37.0577
 30
0.0
 10
61.8182
 20
-37.0577
 30
0.0
 10
61.3118
 20
-37.0577
 30
0.0
 10
60.9672
 20
-36.9376
 30
0.0
 10
60.7844
 20
-36.6967
 30
0.0
 10
60.68
 20
-36.5577
 30
0.0
 10
60.6278
 20
-36.3626
 30
0.0
 10
60.6278
 20
-36.11
 30
0.0
 10
60.6278
 20
-35.9371
 30
0.0
 10
60.6637
 20
-35.7549
 30
0.0
 10
60.7348
 20
-35.5637
 30
0.0
 10
60.8098
 20
-35.3613
 30
0.0
 10
60.8876
 20
-35.2602
 30
0.0
 10
60.9685
 20
-35.2602
 30
0.0
 10
61.069
 20
-35.2602
 30
0.0
 10
61.1192
 20
-35.3169
 30
0.0
 10
61.1192
 20
-35.4306
 30
0.0
 10
61.1192
 20
-35.4697
 30
0.0
 10
61.1133
 20
-35.5278
 30
0.0
 10
61.101
 20
-35.6042
 30
0.0
 10
61.0886
 20
-35.6812
 30
0.0
 10
61.0821
 20
-35.7386
 30
0.0
 10
61.0821
 20
-35.7784
 30
0.0
 10
61.0821
 20
-36.1407
 30
0.0
 10
61.396
 20
-36.3215
 30
0.0
 10
62.0239
 20
-36.3215
 30
0.0
 10
62.3574
 20
-36.3215
 30
0.0
 10
62.6146
 20
-36.3026
 30
0.0
 10
62.7954
 20
-36.2641
 30
0.0
 10
62.8619
 20
-36.2503
 30
0.0
 10
62.8952
 20
-36.2327
 30
0.0
 10
62.8952
 20
-36.2112
 30
0.0
 10
62.8952
 20
-36.1903
 30
0.0
 10
62.8619
 20
-36.1778
 30
0.0
 10
62.7954
 20
-36.1727
 30
0.0
 10
62.6805
 20
-36.1622
 30
0.0
 10
62.5617
 20
-36.157
 30
0.0
 10
62.4377
 20
-36.157
 30
0.0
 10
62.2484
 20
-36.157
 30
0.0
 10
62.1172
 20
-36.1446
 30
0.0
 10
62.0435
 20
-36.1211
 30
0.0
 10
61.9195
 20
-36.08
 30
0.0
 10
61.8575
 20
-35.9977
 30
0.0
 10
61.8575
 20
-35.8731
 30
0.0
 10
61.8575
 20
-35.612
 30
0.0
 10
62.0447
 20
-35.4267
 30
0.0
 10
62.4194
 20
-35.3163
 30
0.0
 10
62.6602
 20
-35.2452
 30
0.0
 10
62.9507
 20
-35.2093
 30
0.0
 10
63.2895
 20
-35.2093
 30
0.0
 10
63.2895
 20
-35.2093
 30
0.0
 10
63.4206
 20
-35.2093
 30
0.0
 10
63.4206
 20
-35.2093
 30
0.0
 10
63.4206
 20
-35.2093
 30
0.0
 10
63.5284
 20
-35.2093
 30
0.0
 10
63.5284
 20
-35.2093
 30
0.0
 10
63.5284
 20
-35.2093
 30
0.0
 10
63.8586
 20
-35.2093
 30
0.0
 10
63.8586
 20
-35.2093
 30
0.0
 10
64.2521
 20
-35.2093
 30
0.0
 10
64.5439
 20
-35.1734
 30
0.0
 10
64.7325
 20
-35.1023
 30
0.0
 10
64.7325
 20
-35.1023
 30
0.0
 10
64.352
 20
-34.943
 30
0.0
 10
64.352
 20
-34.943
 30
0.0
 10
64.2208
 20
-34.8882
 30
0.0
 10
64.1243
 20
-34.8608
 30
0.0
 10
64.0629
 20
-34.8608
 30
0.0
 10
64.0094
 20
-34.8608
 30
0.0
 10
63.9421
 20
-34.8875
 30
0.0
 10
63.8611
 20
-34.9411
 30
0.0
 10
63.7803
 20
-34.9946
 30
0.0
 10
63.732
 20
-35.0213
 30
0.0
 10
63.715
 20
-35.0213
 30
0.0
 10
63.6425
 20
-35.0213
 30
0.0
 10
63.606
 20
-34.9789
 30
0.0
 10
63.606
 20
-34.8947
 30
0.0
 10
63.606
 20
-34.802
 30
0.0
 10
63.6674
 20
-34.6702
 30
0.0
 10
63.7894
 20
-34.5012
 30
0.0
 10
63.9428
 20
-34.289
 30
0.0
 10
64.1111
 20
-34.1833
 30
0.0
 10
64.2945
 20
-34.1833
 30
0.0
 10
64.4231
 20
-34.1833
 30
0.0
 10
64.5838
 20
-34.2439
 30
0.0
 10
64.7763
 20
-34.3654
 30
0.0
 10
65.0236
 20
-34.5207
 30
0.0
 10
65.1992
 20
-34.6173
 30
0.0
 10
65.3023
 20
-34.6545
 30
0.0
 10
65.3892
 20
-34.6852
 30
0.0
 10
65.5328
 20
-34.7224
 30
0.0
 10
65.7344
 20
-34.7674
 30
0.0
 10
65.7735
 20
-34.7759
 30
0.0
 10
65.7938
 20
-34.7922
 30
0.0
 10
65.7938
 20
-34.8151
 30
0.0
 10
65.7938
 20
-34.8301
 30
0.0
 10
65.7867
 20
-34.8549
 30
0.0
 10
65.7723
 20
-34.8875
 30
0.0
  0
SPLINE
  5
B9
330
1F
100
AcDbEntity
  8
Layer 1
 62
   250
100
AcDbSpline
210
0.0
220
0.0
230
1.0
 70
    11
 71
     3
 72
    29
 73
    25
 74
     0
 42
0.0000000001
 43
0.0000000001
 40
0.0
 40
0.0
 40
0.0
 40
0.0
 40
0.125
 40
0.125
 40
0.125
 40
0.25
 40
0.25
 40
0.25
 40
0.375
 40
0.375
 40
0.375
 40
0.5
 40
0.5
 40
0.5
 40
0.625
 40
0.625
 40
0.625
 40
0.75
 40
0.75
 40
0.75
 40
0.875
 40
0.875
 40
0.875
 40
1.0
 40
1.0
 40
1.0
 40
1.0
 10
65.0014
 20
-36.6641
 30
0.0
 10
65.019
 20
-36.6811
 30
0.0
 10
65.019
 20
-36.6987
 30
0.0
 10
65.0001
 20
-36.717
 30
0.0
 10
65.0001
 20
-36.717
 30
0.0
 10
64.7417
 20
-36.9755
 30
0.0
 10
64.7417
 20
-36.9755
 30
0.0
 10
64.724
 20
-36.9931
 30
0.0
 10
64.7058
 20
-36.9931
 30
0.0
 10
64.6862
 20
-36.9755
 30
0.0
 10
64.6862
 20
-36.9755
 30
0.0
 10
64.4264
 20
-36.721
 30
0.0
 10
64.4264
 20
-36.721
 30
0.0
 10
64.4049
 20
-36.7007
 30
0.0
 10
64.4069
 20
-36.6785
 30
0.0
 10
64.4329
 20
-36.6531
 30
0.0
 10
64.4329
 20
-36.6531
 30
0.0
 10
64.6712
 20
-36.4096
 30
0.0
 10
64.6712
 20
-36.4096
 30
0.0
 10
64.6934
 20
-36.3867
 30
0.0
 10
64.7163
 20
-36.3867
 30
0.0
 10
64.739
 20
-36.4083
 30
0.0
 10
64.739
 20
-36.4083
 30
0.0
 10
65.0014
 20
-36.6641
 30
0.0
 10
65.0014
 20
-36.6641
 30
0.0
  0
SPLINE
  5
BA
330
1F
100
AcDbEntity
  8
Layer 1
 62
   250
100
AcDbSpline
210
0.0
220
0.0
230
1.0
 70
    11
 71
     3
 72
   212
 73
   208
 74
     0
 42
0.0000000001
 43
0.0000000001
 40
0.0
 40
0.0
 40
0.0
 40
0.0
 40
0.0144927536231884
 40
0.0144927536231884
 40
0.0144927536231884
 40
0.0289855072463768
 40
0.0289855072463768
 40
0.0289855072463768
 40
0.0434782608695652
 40
0.0434782608695652
 40
0.0434782608695652
 40
0.0579710144927536
 40
0.0579710144927536
 40
0.0579710144927536
 40
0.072463768115942
 40
0.072463768115942
 40
0.072463768115942
 40
0.0869565217391304
 40
0.0869565217391304
 40
0.0869565217391304
 40
0.1014492753623188
 40
0.1014492753623188
 40
0.1014492753623188
 40
0.1159420289855072
 40
0.1159420289855072
 40
0.1159420289855072
 40
0.1304347826086956
 40
0.1304347826086956
 40
0.1304347826086956
 40
0.1449275362318841
 40
0.1449275362318841
 40
0.1449275362318841
 40
0.1594202898550725
 40
0.1594202898550725
 40
0.1594202898550725
 40
0.1739130434782609
 40
0.1739130434782609
 40
0.1739130434782609
 40
0.1884057971014493
 40
0.1884057971014493
 40
0.1884057971014493
 40
0.2028985507246377
 40
0.2028985507246377
 40
0.2028985507246377
 40
0.2173913043478261
 40
0.2173913043478261
 40
0.2173913043478261
 40
0.2318840579710145
 40
0.2318840579710145
 40
0.2318840579710145
 40
0.2463768115942029
 40
0.2463768115942029
 40
0.2463768115942029
 40
0.2608695652173913
 40
0.2608695652173913
 40
0.2608695652173913
 40
0.2753623188405797
 40
0.2753623188405797
 40
0.2753623188405797
 40
0.2898550724637681
 40
0.2898550724637681
 40
0.2898550724637681
 40
0.3043478260869565
 40
0.3043478260869565
 40
0.3043478260869565
 40
0.318840579710145
 40
0.318840579710145
 40
0.318840579710145
 40
0.3333333333333333
 40
0.3333333333333333
 40
0.3333333333333333
 40
0.3478260869565217
 40
0.3478260869565217
 40
0.3478260869565217
 40
0.3623188405797101
 40
0.3623188405797101
 40
0.3623188405797101
 40
0.3768115942028986
 40
0.3768115942028986
 40
0.3768115942028986
 40
0.391304347826087
 40
0.391304347826087
 40
0.391304347826087
 40
0.4057971014492754
 40
0.4057971014492754
 40
0.4057971014492754
 40
0.4202898550724637
 40
0.4202898550724637
 40
0.4202898550724637
 40
0.4347826086956522
 40
0.4347826086956522
 40
0.4347826086956522
 40
0.4492753623188406
 40
0.4492753623188406
 40
0.4492753623188406
 40
0.463768115942029
 40
0.463768115942029
 40
0.463768115942029
 40
0.4782608695652174
 40
0.4782608695652174
 40
0.4782608695652174
 40
0.4927536231884058
 40
0.4927536231884058
 40
0.4927536231884058
 40
0.5072463768115942
 40
0.5072463768115942
 40
0.5072463768115942
 40
0.5217391304347826
 40
0.5217391304347826
 40
0.5217391304347826
 40
0.5362318840579711
 40
0.5362318840579711
 40
0.5362318840579711
 40
0.5507246376811594
 40
0.5507246376811594
 40
0.5507246376811594
 40
0.5652173913043478
 40
0.5652173913043478
 40
0.5652173913043478
 40
0.5797101449275363
 40
0.5797101449275363
 40
0.5797101449275363
 40
0.5942028985507246
 40
0.5942028985507246
 40
0.5942028985507246
 40
0.6086956521739131
 40
0.6086956521739131
 40
0.6086956521739131
 40
0.6231884057971014
 40
0.6231884057971014
 40
0.6231884057971014
 40
0.6376811594202899
 40
0.6376811594202899
 40
0.6376811594202899
 40
0.6521739130434783
 40
0.6521739130434783
 40
0.6521739130434783
 40
0.6666666666666666
 40
0.6666666666666666
 40
0.6666666666666666
 40
0.6811594202898551
 40
0.6811594202898551
 40
0.6811594202898551
 40
0.6956521739130435
 40
0.6956521739130435
 40
0.6956521739130435
 40
0.7101449275362319
 40
0.7101449275362319
 40
0.7101449275362319
 40
0.7246376811594203
 40
0.7246376811594203
 40
0.7246376811594203
 40
0.7391304347826088
 40
0.7391304347826088
 40
0.7391304347826088
 40
0.7536231884057971
 40
0.7536231884057971
 40
0.7536231884057971
 40
0.7681159420289855
 40
0.7681159420289855
 40
0.7681159420289855
 40
0.782608695652174
 40
0.782608695652174
 40
0.782608695652174
 40
0.7971014492753623
 40
0.7971014492753623
 40
0.7971014492753623
 40
0.8115942028985508
 40
0.8115942028985508
 40
0.8115942028985508
 40
0.8260869565217391
 40
0.8260869565217391
 40
0.8260869565217391
 40
0.8405797101449275
 40
0.8405797101449275
 40
0.8405797101449275
 40
0.855072463768116
 40
0.855072463768116
 40
0.855072463768116
 40
0.8695652173913043
 40
0.8695652173913043
 40
0.8695652173913043
 40
0.8840579710144928
 40
0.8840579710144928
 40
0.8840579710144928
 40
0.8985507246376812
 40
0.8985507246376812
 40
0.8985507246376812
 40
0.9130434782608696
 40
0.9130434782608696
 40
0.9130434782608696
 40
0.927536231884058
 40
0.927536231884058
 40
0.927536231884058
 40
0.9420289855072463
 40
0.9420289855072463
 40
0.9420289855072463
 40
0.9565217391304348
 40
0.9565217391304348
 40
0.9565217391304348
 40
0.9710144927536232
 40
0.9710144927536232
 40
0.9710144927536232
 40
0.9855072463768116
 40
0.9855072463768116
 40
0.9855072463768116
 40
1.0
 40
1.0
 40
1.0
 40
1.0
 10
59.6344
 20
-35.4769
 30
0.0
 10
59.6344
 20
-35.644
 30
0.0
 10
59.5808
 20
-35.7863
 30
0.0
 10
59.4738
 20
-35.9051
 30
0.0
 10
59.3641
 20
-36.0284
 30
0.0
 10
59.2264
 20
-36.0904
 30
0.0
 10
59.0606
 20
-36.0904
 30
0.0
 10
58.8518
 20
-36.0904
 30
0.0
 10
58.6814
 20
-35.9899
 30
0.0
 10
58.5502
 20
-35.7882
 30
0.0
 10
58.4621
 20
-35.9821
 30
0.0
 10
58.3446
 20
-36.0787
 30
0.0
 10
58.1984
 20
-36.0787
 30
0.0
 10
58.1984
 20
-36.0787
 30
0.0
 10
58.1899
 20
-36.0787
 30
0.0
 10
58.1899
 20
-36.0787
 30
0.0
 10
58.1899
 20
-36.0787
 30
0.0
 10
58.0757
 20
-36.0787
 30
0.0
 10
58.0757
 20
-36.0787
 30
0.0
 10
58.0757
 20
-36.0787
 30
0.0
 10
57.8152
 20
-36.0787
 30
0.0
 10
57.8152
 20
-36.0787
 30
0.0
 10
57.4713
 20
-36.0787
 30
0.0
 10
57.2468
 20
-35.8816
 30
0.0
 10
57.1423
 20
-35.488
 30
0.0
 10
56.9994
 20
-35.676
 30
0.0
 10
56.8134
 20
-35.8222
 30
0.0
 10
56.5837
 20
-35.9272
 30
0.0
 10
56.3637
 20
-36.0284
 30
0.0
 10
56.1313
 20
-36.0787
 30
0.0
 10
55.8879
 20
-36.0787
 30
0.0
 10
55.8879
 20
-36.0787
 30
0.0
 10
55.7932
 20
-36.0787
 30
0.0
 10
55.7932
 20
-36.0787
 30
0.0
 10
55.7932
 20
-36.0787
 30
0.0
 10
55.6966
 20
-36.0787
 30
0.0
 10
55.6966
 20
-36.0787
 30
0.0
 10
55.6966
 20
-36.0787
 30
0.0
 10
55.6881
 20
-36.0787
 30
0.0
 10
55.6881
 20
-36.0787
 30
0.0
 10
55.5929
 20
-36.0787
 30
0.0
 10
55.4995
 20
-36.0441
 30
0.0
 10
55.4094
 20
-35.9749
 30
0.0
 10
55.3382
 20
-35.9194
 30
0.0
 10
55.2828
 20
-35.8587
 30
0.0
 10
55.243
 20
-35.7915
 30
0.0
 10
55.1091
 20
-35.9827
 30
0.0
 10
54.9506
 20
-36.0787
 30
0.0
 10
54.7659
 20
-36.0787
 30
0.0
 10
54.7659
 20
-36.0787
 30
0.0
 10
54.73
 20
-36.0787
 30
0.0
 10
54.73
 20
-36.0787
 30
0.0
 10
54.73
 20
-36.0787
 30
0.0
 10
54.6262
 20
-36.0787
 30
0.0
 10
54.6262
 20
-36.0787
 30
0.0
 10
54.6262
 20
-36.0787
 30
0.0
 10
54.5348
 20
-36.0787
 30
0.0
 10
54.5348
 20
-36.0787
 30
0.0
 10
54.2548
 20
-36.0787
 30
0.0
 10
54.0747
 20
-35.9279
 30
0.0
 10
53.9957
 20
-35.6257
 30
0.0
 10
53.9408
 20
-35.7543
 30
0.0
 10
53.8815
 20
-35.8189
 30
0.0
 10
53.8182
 20
-35.8189
 30
0.0
 10
53.6993
 20
-35.8189
 30
0.0
 10
53.5629
 20
-35.7876
 30
0.0
 10
53.4089
 20
-35.7249
 30
0.0
 10
53.2033
 20
-35.6421
 30
0.0
 10
53.1008
 20
-35.5343
 30
0.0
 10
53.1008
 20
-35.4012
 30
0.0
 10
53.1008
 20
-35.2576
 30
0.0
 10
53.1531
 20
-35.1114
 30
0.0
 10
53.2574
 20
-34.9632
 30
0.0
 10
53.2666
 20
-34.9508
 30
0.0
 10
53.4233
 20
-34.8118
 30
0.0
 10
53.7281
 20
-34.5462
 30
0.0
 10
53.7281
 20
-34.5462
 30
0.0
 10
53.6916
 20
-34.3817
 30
0.0
 10
53.6916
 20
-34.3817
 30
0.0
 10
53.6916
 20
-34.3817
 30
0.0
 10
54.1373
 20
-33.932
 30
0.0
 10
54.1373
 20
-33.932
 30
0.0
 10
54.155
 20
-33.9144
 30
0.0
 10
54.17
 20
-33.9053
 30
0.0
 10
54.1811
 20
-33.9053
 30
0.0
 10
54.1953
 20
-33.9053
 30
0.0
 10
54.2052
 20
-33.9215
 30
0.0
 10
54.2117
 20
-33.9548
 30
0.0
 10
54.2117
 20
-33.9548
 30
0.0
 10
54.3932
 20
-34.9411
 30
0.0
 10
54.3932
 20
-34.9411
 30
0.0
 10
54.4265
 20
-35.1199
 30
0.0
 10
54.497
 20
-35.2093
 30
0.0
 10
54.604
 20
-35.2093
 30
0.0
 10
54.604
 20
-35.2093
 30
0.0
 10
54.6262
 20
-35.2093
 30
0.0
 10
54.6262
 20
-35.2093
 30
0.0
 10
54.6262
 20
-35.2093
 30
0.0
 10
54.73
 20
-35.2093
 30
0.0
 10
54.73
 20
-35.2093
 30
0.0
 10
54.73
 20
-35.2093
 30
0.0
 10
54.7371
 20
-35.2093
 30
0.0
 10
54.7371
 20
-35.2093
 30
0.0
 10
54.8834
 20
-35.2093
 30
0.0
 10
54.9525
 20
-35.1101
 30
0.0
 10
54.9434
 20
-34.911
 30
0.0
 10
54.9434
 20
-34.911
 30
0.0
 10
54.8827
 20
-33.6285
 30
0.0
 10
54.8827
 20
-33.6285
 30
0.0
 10
54.8814
 20
-33.6043
 30
0.0
 10
54.8872
 20
-33.588
 30
0.0
 10
54.9016
 20
-33.5789
 30
0.0
 10
54.9016
 20
-33.5789
 30
0.0
 10
55.4831
 20
-33.2043
 30
0.0
 10
55.4831
 20
-33.2043
 30
0.0
 10
55.5021
 20
-33.1911
 30
0.0
 10
55.5139
 20
-33.1873
 30
0.0
 10
55.5191
 20
-33.1925
 30
0.0
 10
55.5216
 20
-33.1964
 30
0.0
 10
55.523
 20
-33.2108
 30
0.0
 10
55.523
 20
-33.2363
 30
0.0
 10
55.523
 20
-33.2363
 30
0.0
 10
55.523
 20
-34.9664
 30
0.0
 10
55.523
 20
-34.9664
 30
0.0
 10
55.523
 20
-35.0278
 30
0.0
 10
55.5386
 20
-35.0821
 30
0.0
 10
55.5694
 20
-35.129
 30
0.0
 10
55.6028
 20
-35.1818
 30
0.0
 10
55.6489
 20
-35.2085
 30
0.0
 10
55.7063
 20
-35.2093
 30
0.0
 10
55.7063
 20
-35.2093
 30
0.0
 10
55.709
 20
-35.2093
 30
0.0
 10
55.709
 20
-35.2093
 30
0.0
 10
55.709
 20
-35.2093
 30
0.0
 10
55.7932
 20
-35.2093
 30
0.0
 10
55.7932
 20
-35.2093
 30
0.0
 10
55.7932
 20
-35.2093
 30
0.0
 10
56.0275
 20
-35.2093
 30
0.0
 10
56.0275
 20
-35.2093
 30
0.0
 10
56.3983
 20
-35.2093
 30
0.0
 10
56.722
 20
-35.1427
 30
0.0
 10
56.9987
 20
-35.0102
 30
0.0
 10
56.6684
 20
-34.9103
 30
0.0
 10
56.4596
 20
-34.8608
 30
0.0
 10
56.3715
 20
-34.8608
 30
0.0
 10
56.299
 20
-34.8608
 30
0.0
 10
56.2253
 20
-34.8947
 30
0.0
 10
56.1495
 20
-34.9619
 30
0.0
 10
56.0745
 20
-35.0298
 30
0.0
 10
56.019
 20
-35.0631
 30
0.0
 10
55.9831
 20
-35.0631
 30
0.0
 10
55.9107
 20
-35.0631
 30
0.0
 10
55.8741
 20
-35.0109
 30
0.0
 10
55.8741
 20
-34.9064
 30
0.0
 10
55.8741
 20
-34.7922
 30
0.0
 10
55.9238
 20
-34.6479
 30
0.0
 10
56.0216
 20
-34.4744
 30
0.0
 10
56.1476
 20
-34.2518
 30
0.0
 10
56.3017
 20
-34.1402
 30
0.0
 10
56.4824
 20
-34.1402
 30
0.0
 10
56.5987
 20
-34.1402
 30
0.0
 10
56.799
 20
-34.1892
 30
0.0
 10
57.0849
 20
-34.287
 30
0.0
 10
57.3701
 20
-34.3849
 30
0.0
 10
57.5894
 20
-34.4339
 30
0.0
 10
57.7428
 20
-34.4339
 30
0.0
 10
57.7428
 20
-34.4339
 30
0.0
 10
57.9628
 20
-34.4339
 30
0.0
 10
57.9628
 20
-34.4339
 30
0.0
 10
58.0084
 20
-34.4339
 30
0.0
 10
58.0313
 20
-34.4437
 30
0.0
 10
58.0313
 20
-34.4627
 30
0.0
 10
58.0313
 20
-34.4737
 30
0.0
 10
58.0261
 20
-34.4959
 30
0.0
 10
58.0163
 20
-34.5273
 30
0.0
 10
58.0163
 20
-34.5273
 30
0.0
 10
57.8309
 20
-35.1114
 30
0.0
 10
57.8309
 20
-35.1114
 30
0.0
 10
57.8309
 20
-35.1114
 30
0.0
 10
57.4752
 20
-35.1114
 30
0.0
 10
57.4752
 20
-35.1114
 30
0.0
 10
57.5333
 20
-35.1767
 30
0.0
 10
57.6541
 20
-35.2093
 30
0.0
 10
57.8362
 20
-35.2093
 30
0.0
 10
57.8362
 20
-35.2093
 30
0.0
 10
58.0757
 20
-35.2093
 30
0.0
 10
58.0757
 20
-35.2093
 30
0.0
 10
58.0757
 20
-35.2093
 30
0.0
 10
58.139
 20
-35.2093
 30
0.0
 10
58.139
 20
-35.2093
 30
0.0
 10
58.139
 20
-35.2093
 30
0.0
 10
58.1465
 20
-35.2093
 30
0.0
 10
58.1465
 20
-35.2093
 30
0.0
 10
58.3015
 20
-35.2077
 30
0.0
 10
58.3826
 20
-35.1575
 30
0.0
 10
58.389
 20
-35.0586
 30
0.0
 10
58.3969
 20
-34.9241
 30
0.0
 10
58.434
 20
-34.8072
 30
0.0
 10
58.5019
 20
-34.7067
 30
0.0
 10
58.6037
 20
-34.5533
 30
0.0
 10
58.7559
 20
-34.4769
 30
0.0
 10
58.9569
 20
-34.4769
 30
0.0
 10
59.1996
 20
-34.4769
 30
0.0
 10
59.3811
 20
-34.6043
 30
0.0
 10
59.5025
 20
-34.8594
 30
0.0
 10
59.5906
 20
-35.0442
 30
0.0
 10
59.6344
 20
-35.2498
 30
0.0
 10
59.6344
 20
-35.4769
 30
0.0
  0
SPLINE
  5
BB
330
1F
100
AcDbEntity
  8
Layer 1
 62
   250
100
AcDbSpline
210
0.0
220
0.0
230
1.0
 70
    11
 71
     3
 72
    26
 73
    22
 74
     0
 42
0.0000000001
 43
0.0000000001
 40
0.0
 40
0.0
 40
0.0
 40
0.0
 40
0.1428571428571428
 40
0.1428571428571428
 40
0.1428571428571428
 40
0.2857142857142857
 40
0.2857142857142857
 40
0.2857142857142857
 40
0.4285714285714285
 40
0.4285714285714285
 40
0.4285714285714285
 40
0.5714285714285714
 40
0.5714285714285714
 40
0.5714285714285714
 40
0.7142857142857142
 40
0.7142857142857142
 40
0.7142857142857142
 40
0.8571428571428571
 40
0.8571428571428571
 40
0.8571428571428571
 40
1.0
 40
1.0
 40
1.0
 40
1.0
 10
59.3328
 20
-35.3216
 30
0.0
 10
59.3328
 20
-35.2399
 30
0.0
 10
59.3106
 20
-35.1525
 30
0.0
 10
59.2663
 20
-35.0578
 30
0.0
 10
59.2128
 20
-34.9449
 30
0.0
 10
59.15
 20
-34.8882
 30
0.0
 10
59.0789
 20
-34.8882
 30
0.0
 10
59.0404
 20
-34.8882
 30
0.0
 10
59.009
 20
-34.9032
 30
0.0
 10
58.9836
 20
-34.9332
 30
0.0
 10
58.9581
 20
-34.9632
 30
0.0
 10
58.9451
 20
-34.9978
 30
0.0
 10
58.9451
 20
-35.0369
 30
0.0
 10
58.9451
 20
-35.1336
 30
0.0
 10
58.966
 20
-35.2282
 30
0.0
 10
59.0084
 20
-35.3196
 30
0.0
 10
59.0619
 20
-35.4364
 30
0.0
 10
59.1344
 20
-35.4952
 30
0.0
 10
59.2258
 20
-35.4952
 30
0.0
 10
59.2969
 20
-35.4952
 30
0.0
 10
59.3328
 20
-35.4371
 30
0.0
 10
59.3328
 20
-35.3216
 30
0.0
  0
SPLINE
  5
BC
330
1F
100
AcDbEntity
  8
Layer 1
 62
   250
100
AcDbSpline
210
0.0
220
0.0
230
1.0
 70
    11
 71
     3
 72
    14
 73
    10
 74
     0
 42
0.0000000001
 43
0.0000000001
 40
0.0
 40
0.0
 40
0.0
 40
0.0
 40
0.3333333333333333
 40
0.3333333333333333
 40
0.3333333333333333
 40
0.6666666666666666
 40
0.6666666666666666
 40
0.6666666666666666
 40
1.0
 40
1.0
 40
1.0
 40
1.0
 10
53.9154
 20
-35.2276
 30
0.0
 10
53.9154
 20
-35.2276
 30
0.0
 10
53.8083
 20
-34.8379
 30
0.0
 10
53.8083
 20
-34.8379
 30
0.0
 10
53.6308
 20
-34.9704
 30
0.0
 10
53.5427
 20
-35.0631
 30
0.0
 10
53.5427
 20
-35.1166
 30
0.0
 10
53.5427
 20
-35.1767
 30
0.0
 10
53.6667
 20
-35.2138
 30
0.0
 10
53.9154
 20
-35.2276
 30
0.0
  0
SPLINE
  5
BD
330
1F
100
AcDbEntity
  8
Layer 1
 62
   250
100
AcDbSpline
210
0.0
220
0.0
230
1.0
 70
    11
 71
     3
 72
    41
 73
    37
 74
     0
 42
0.0000000001
 43
0.0000000001
 40
0.0
 40
0.0
 40
0.0
 40
0.0
 40
0.0833333333333333
 40
0.0833333333333333
 40
0.0833333333333333
 40
0.1666666666666667
 40
0.1666666666666667
 40
0.1666666666666667
 40
0.25
 40
0.25
 40
0.25
 40
0.3333333333333333
 40
0.3333333333333333
 40
0.3333333333333333
 40
0.4166666666666666
 40
0.4166666666666666
 40
0.4166666666666666
 40
0.5
 40
0.5
 40
0.5
 40
0.5833333333333333
 40
0.5833333333333333
 40
0.5833333333333333
 40
0.6666666666666666
 40
0.6666666666666666
 40
0.6666666666666666
 40
0.75
 40
0.75
 40
0.75
 40
0.8333333333333333
 40
0.8333333333333333
 40
0.8333333333333333
 40
0.9166666666666666
 40
0.9166666666666666
 40
0.9166666666666666
 40
1.0
 40
1.0
 40
1.0
 40
1.0
 10
52.0963
 20
-35.6401
 30
0.0
 10
52.0963
 20
-35.7654
 30
0.0
 10
52.0565
 20
-35.8698
 30
0.0
 10
51.9769
 20
-35.9533
 30
0.0
 10
51.8973
 20
-36.0369
 30
0.0
 10
51.7961
 20
-36.0787
 30
0.0
 10
51.6721
 20
-36.0787
 30
0.0
 10
51.5396
 20
-36.0787
 30
0.0
 10
51.4319
 20
-36.0265
 30
0.0
 10
51.3496
 20
-35.9213
 30
0.0
 10
51.2733
 20
-35.8261
 30
0.0
 10
51.2348
 20
-35.7099
 30
0.0
 10
51.2348
 20
-35.5728
 30
0.0
 10
51.2348
 20
-35.4097
 30
0.0
 10
51.2864
 20
-35.2217
 30
0.0
 10
51.3895
 20
-35.0096
 30
0.0
 10
51.475
 20
-34.8347
 30
0.0
 10
51.5788
 20
-34.6728
 30
0.0
 10
51.7014
 20
-34.5233
 30
0.0
 10
51.815
 20
-34.3856
 30
0.0
 10
51.8946
 20
-34.3164
 30
0.0
 10
51.9404
 20
-34.3164
 30
0.0
 10
52.0324
 20
-34.3164
 30
0.0
 10
52.078
 20
-34.3562
 30
0.0
 10
52.078
 20
-34.4352
 30
0.0
 10
52.078
 20
-34.475
 30
0.0
 10
52.0272
 20
-34.5651
 30
0.0
 10
51.9253
 20
-34.7074
 30
0.0
 10
51.8104
 20
-34.8667
 30
0.0
 10
51.7334
 20
-35.0266
 30
0.0
 10
51.6936
 20
-35.1858
 30
0.0
 10
51.8261
 20
-35.1858
 30
0.0
 10
51.9273
 20
-35.2296
 30
0.0
 10
51.9971
 20
-35.3163
 30
0.0
 10
52.063
 20
-35.3966
 30
0.0
 10
52.0963
 20
-35.5049
 30
0.0
 10
52.0963
 20
-35.6401
 30
0.0
  0
SPLINE
  5
BE
330
1F
100
AcDbEntity
  8
Layer 1
 62
   250
100
AcDbSpline
210
0.0
220
0.0
230
1.0
 70
    11
 71
     3
 72
   143
 73
   139
 74
     0
 42
0.0000000001
 43
0.0000000001
 40
0.0
 40
0.0
 40
0.0
 40
0.0
 40
0.0217391304347826
 40
0.0217391304347826
 40
0.0217391304347826
 40
0.0434782608695652
 40
0.0434782608695652
 40
0.0434782608695652
 40
0.0652173913043478
 40
0.0652173913043478
 40
0.0652173913043478
 40
0.0869565217391304
 40
0.0869565217391304
 40
0.0869565217391304
 40
0.108695652173913
 40
0.108695652173913
 40
0.108695652173913
 40
0.1304347826086956
 40
0.1304347826086956
 40
0.1304347826086956
 40
0.1521739130434783
 40
0.1521739130434783
 40
0.1521739130434783
 40
0.1739130434782609
 40
0.1739130434782609
 40
0.1739130434782609
 40
0.1956521739130435
 40
0.1956521739130435
 40
0.1956521739130435
 40
0.2173913043478261
 40
0.2173913043478261
 40
0.2173913043478261
 40
0.2391304347826087
 40
0.2391304347826087
 40
0.2391304347826087
 40
0.2608695652173913
 40
0.2608695652173913
 40
0.2608695652173913
 40
0.2826086956521739
 40
0.2826086956521739
 40
0.2826086956521739
 40
0.3043478260869565
 40
0.3043478260869565
 40
0.3043478260869565
 40
0.3260869565217391
 40
0.3260869565217391
 40
0.3260869565217391
 40
0.3478260869565217
 40
0.3478260869565217
 40
0.3478260869565217
 40
0.3695652173913043
 40
0.3695652173913043
 40
0.3695652173913043
 40
0.3913043478260869
 40
0.3913043478260869
 40
0.3913043478260869
 40
0.4130434782608696
 40
0.4130434782608696
 40
0.4130434782608696
 40
0.4347826086956522
 40
0.4347826086956522
 40
0.4347826086956522
 40
0.4565217391304348
 40
0.4565217391304348
 40
0.4565217391304348
 40
0.4782608695652174
 40
0.4782608695652174
 40
0.4782608695652174
 40
0.5
 40
0.5
 40
0.5
 40
0.5217391304347826
 40
0.5217391304347826
 40
0.5217391304347826
 40
0.5434782608695652
 40
0.5434782608695652
 40
0.5434782608695652
 40
0.5652173913043478
 40
0.5652173913043478
 40
0.5652173913043478
 40
0.5869565217391304
 40
0.5869565217391304
 40
0.5869565217391304
 40
0.6086956521739131
 40
0.6086956521739131
 40
0.6086956521739131
 40
0.6304347826086957
 40
0.6304347826086957
 40
0.6304347826086957
 40
0.6521739130434783
 40
0.6521739130434783
 40
0.6521739130434783
 40
0.6739130434782609
 40
0.6739130434782609
 40
0.6739130434782609
 40
0.6956521739130435
 40
0.6956521739130435
 40
0.6956521739130435
 40
0.717391304347826
 40
0.717391304347826
 40
0.717391304347826
 40
0.7391304347826086
 40
0.7391304347826086
 40
0.7391304347826086
 40
0.7608695652173912
 40
0.7608695652173912
 40
0.7608695652173912
 40
0.7826086956521738
 40
0.7826086956521738
 40
0.7826086956521738
 40
0.8043478260869565
 40
0.8043478260869565
 40
0.8043478260869565
 40
0.8260869565217391
 40
0.8260869565217391
 40
0.8260869565217391
 40
0.8478260869565217
 40
0.8478260869565217
 40
0.8478260869565217
 40
0.8695652173913043
 40
0.8695652173913043
 40
0.8695652173913043
 40
0.8913043478260869
 40
0.8913043478260869
 40
0.8913043478260869
 40
0.9130434782608695
 40
0.9130434782608695
 40
0.9130434782608695
 40
0.9347826086956521
 40
0.9347826086956521
 40
0.9347826086956521
 40
0.9565217391304348
 40
0.9565217391304348
 40
0.9565217391304348
 40
0.9782608695652174
 40
0.9782608695652174
 40
0.9782608695652174
 40
1.0
 40
1.0
 40
1.0
 40
1.0
 10
50.1121
 20
-34.8875
 30
0.0
 10
50.1121
 20
-34.8875
 30
0.0
 10
49.8948
 20
-35.4032
 30
0.0
 10
49.8948
 20
-35.4032
 30
0.0
 10
49.6878
 20
-35.3992
 30
0.0
 10
49.5241
 20
-35.4259
 30
0.0
 10
49.4033
 20
-35.4834
 30
0.0
 10
49.3204
 20
-35.5226
 30
0.0
 10
49.2062
 20
-35.6016
 30
0.0
 10
49.0607
 20
-35.7191
 30
0.0
 10
48.9151
 20
-35.8358
 30
0.0
 10
48.8002
 20
-35.9148
 30
0.0
 10
48.7147
 20
-35.9541
 30
0.0
 10
48.5339
 20
-36.0369
 30
0.0
 10
48.3323
 20
-36.0787
 30
0.0
 10
48.1103
 20
-36.0787
 30
0.0
 10
48.1103
 20
-36.0787
 30
0.0
 10
47.8714
 20
-36.0787
 30
0.0
 10
47.8714
 20
-36.0787
 30
0.0
 10
47.8714
 20
-36.0787
 30
0.0
 10
47.7605
 20
-36.0787
 30
0.0
 10
47.7605
 20
-36.0787
 30
0.0
 10
47.7605
 20
-36.0787
 30
0.0
 10
47.7239
 20
-36.0787
 30
0.0
 10
47.7239
 20
-36.0787
 30
0.0
 10
47.5406
 20
-36.0787
 30
0.0
 10
47.3989
 20
-35.9926
 30
0.0
 10
47.2978
 20
-35.8202
 30
0.0
 10
47.1985
 20
-35.9926
 30
0.0
 10
47.0478
 20
-36.0787
 30
0.0
 10
46.8448
 20
-36.0787
 30
0.0
 10
46.8448
 20
-36.0787
 30
0.0
 10
46.7638
 20
-36.0787
 30
0.0
 10
46.7638
 20
-36.0787
 30
0.0
 10
46.7638
 20
-36.0787
 30
0.0
 10
46.6574
 20
-36.0787
 30
0.0
 10
46.6574
 20
-36.0787
 30
0.0
 10
46.6574
 20
-36.0787
 30
0.0
 10
46.557
 20
-36.0787
 30
0.0
 10
46.557
 20
-36.0787
 30
0.0
 10
46.0786
 20
-36.0787
 30
0.0
 10
45.8397
 20
-35.8287
 30
0.0
 10
45.8397
 20
-35.3281
 30
0.0
 10
45.8397
 20
-35.1147
 30
0.0
 10
45.8318
 20
-34.8347
 30
0.0
 10
45.8162
 20
-34.4874
 30
0.0
 10
45.7998
 20
-34.1206
 30
0.0
 10
45.7829
 20
-33.8784
 30
0.0
 10
45.7653
 20
-33.7597
 30
0.0
 10
45.7562
 20
-33.7009
 30
0.0
 10
45.7666
 20
-33.6585
 30
0.0
 10
45.7959
 20
-33.633
 30
0.0
 10
45.7959
 20
-33.633
 30
0.0
 10
46.3514
 20
-33.2408
 30
0.0
 10
46.3514
 20
-33.2408
 30
0.0
 10
46.3899
 20
-33.214
 30
0.0
 10
46.416
 20
-33.2003
 30
0.0
 10
46.4297
 20
-33.2003
 30
0.0
 10
46.4461
 20
-33.2003
 30
0.0
 10
46.4546
 20
-33.2153
 30
0.0
 10
46.4546
 20
-33.246
 30
0.0
 10
46.4546
 20
-33.246
 30
0.0
 10
46.4546
 20
-34.9338
 30
0.0
 10
46.4546
 20
-34.9338
 30
0.0
 10
46.4546
 20
-35.102
 30
0.0
 10
46.5223
 20
-35.1945
 30
0.0
 10
46.6574
 20
-35.2106
 30
0.0
 10
46.6574
 20
-35.2106
 30
0.0
 10
46.6574
 20
-35.2093
 30
0.0
 10
46.6574
 20
-35.2093
 30
0.0
 10
46.6574
 20
-35.2093
 30
0.0
 10
46.7782
 20
-35.2093
 30
0.0
 10
46.7782
 20
-35.2093
 30
0.0
 10
46.9139
 20
-35.2093
 30
0.0
 10
47.0093
 20
-35.1682
 30
0.0
 10
47.0628
 20
-35.0866
 30
0.0
 10
47.0758
 20
-35.0677
 30
0.0
 10
47.1013
 20
-34.9926
 30
0.0
 10
47.1392
 20
-34.8621
 30
0.0
 10
47.1633
 20
-34.7804
 30
0.0
 10
47.2077
 20
-34.7393
 30
0.0
 10
47.271
 20
-34.7393
 30
0.0
 10
47.3323
 20
-34.7393
 30
0.0
 10
47.3722
 20
-34.7804
 30
0.0
 10
47.3898
 20
-34.8621
 30
0.0
 10
47.4178
 20
-34.9874
 30
0.0
 10
47.4387
 20
-35.0624
 30
0.0
 10
47.4531
 20
-35.0866
 30
0.0
 10
47.5014
 20
-35.1682
 30
0.0
 10
47.5914
 20
-35.2093
 30
0.0
 10
47.7239
 20
-35.2093
 30
0.0
 10
47.7239
 20
-35.2093
 30
0.0
 10
47.7605
 20
-35.2093
 30
0.0
 10
47.7605
 20
-35.2093
 30
0.0
 10
47.7605
 20
-35.2093
 30
0.0
 10
47.8714
 20
-35.2093
 30
0.0
 10
47.8714
 20
-35.2093
 30
0.0
 10
47.8714
 20
-35.2093
 30
0.0
 10
48.1984
 20
-35.2093
 30
0.0
 10
48.1984
 20
-35.2093
 30
0.0
 10
48.592
 20
-35.2093
 30
0.0
 10
48.8838
 20
-35.1734
 30
0.0
 10
49.0724
 20
-35.1023
 30
0.0
 10
49.0724
 20
-35.1023
 30
0.0
 10
48.6919
 20
-34.943
 30
0.0
 10
48.6919
 20
-34.943
 30
0.0
 10
48.5607
 20
-34.8882
 30
0.0
 10
48.4641
 20
-34.8608
 30
0.0
 10
48.4027
 20
-34.8608
 30
0.0
 10
48.3492
 20
-34.8608
 30
0.0
 10
48.2819
 20
-34.8875
 30
0.0
 10
48.201
 20
-34.9411
 30
0.0
 10
48.1202
 20
-34.9946
 30
0.0
 10
48.0718
 20
-35.0213
 30
0.0
 10
48.0548
 20
-35.0213
 30
0.0
 10
47.9824
 20
-35.0213
 30
0.0
 10
47.9458
 20
-34.9789
 30
0.0
 10
47.9458
 20
-34.8947
 30
0.0
 10
47.9458
 20
-34.802
 30
0.0
 10
48.0072
 20
-34.6702
 30
0.0
 10
48.1293
 20
-34.5012
 30
0.0
 10
48.2827
 20
-34.289
 30
0.0
 10
48.451
 20
-34.1833
 30
0.0
 10
48.6344
 20
-34.1833
 30
0.0
 10
48.763
 20
-34.1833
 30
0.0
 10
48.9236
 20
-34.2439
 30
0.0
 10
49.1161
 20
-34.3654
 30
0.0
 10
49.3634
 20
-34.5207
 30
0.0
 10
49.5391
 20
-34.6173
 30
0.0
 10
49.6422
 20
-34.6545
 30
0.0
 10
49.729
 20
-34.6852
 30
0.0
 10
49.8726
 20
-34.7224
 30
0.0
 10
50.0742
 20
-34.7674
 30
0.0
 10
50.1134
 20
-34.7759
 30
0.0
 10
50.1337
 20
-34.7922
 30
0.0
 10
50.1337
 20
-34.8151
 30
0.0
 10
50.1337
 20
-34.8301
 30
0.0
 10
50.1265
 20
-34.8549
 30
0.0
 10
50.1121
 20
-34.8875
 30
0.0
  0
SPLINE
  5
BF
330
1F
100
AcDbEntity
  8
Layer 1
 62
   250
100
AcDbSpline
210
0.0
220
0.0
230
1.0
 70
    11
 71
     3
 72
    29
 73
    25
 74
     0
 42
0.0000000001
 43
0.0000000001
 40
0.0
 40
0.0
 40
0.0
 40
0.0
 40
0.125
 40
0.125
 40
0.125
 40
0.25
 40
0.25
 40
0.25
 40
0.375
 40
0.375
 40
0.375
 40
0.5
 40
0.5
 40
0.5
 40
0.625
 40
0.625
 40
0.625
 40
0.75
 40
0.75
 40
0.75
 40
0.875
 40
0.875
 40
0.875
 40
1.0
 40
1.0
 40
1.0
 40
1.0
 10
49.2153
 20
-33.5201
 30
0.0
 10
49.2336
 20
-33.5371
 30
0.0
 10
49.2336
 20
-33.5554
 30
0.0
 10
49.2153
 20
-33.5749
 30
0.0
 10
49.2153
 20
-33.5749
 30
0.0
 10
48.9588
 20
-33.8328
 30
0.0
 10
48.9588
 20
-33.8328
 30
0.0
 10
48.9406
 20
-33.8504
 30
0.0
 10
48.9216
 20
-33.8504
 30
0.0
 10
48.9014
 20
-33.8321
 30
0.0
 10
48.9014
 20
-33.8321
 30
0.0
 10
48.6423
 20
-33.5775
 30
0.0
 10
48.6423
 20
-33.5775
 30
0.0
 10
48.6227
 20
-33.5586
 30
0.0
 10
48.6247
 20
-33.5364
 30
0.0
 10
48.6474
 20
-33.5123
 30
0.0
 10
48.6474
 20
-33.5123
 30
0.0
 10
48.887
 20
-33.2669
 30
0.0
 10
48.887
 20
-33.2669
 30
0.0
 10
48.9073
 20
-33.2454
 30
0.0
 10
48.9288
 20
-33.2454
 30
0.0
 10
48.9517
 20
-33.2669
 30
0.0
 10
48.9517
 20
-33.2669
 30
0.0
 10
49.2153
 20
-33.5201
 30
0.0
 10
49.2153
 20
-33.5201
 30
0.0
  0
SPLINE
  5
C0
330
1F
100
AcDbEntity
  8
Layer 1
 62
   250
100
AcDbSpline
210
0.0
220
0.0
230
1.0
 70
    11
 71
     3
 72
    47
 73
    43
 74
     0
 42
0.0000000001
 43
0.0000000001
 40
0.0
 40
0.0
 40
0.0
 40
0.0
 40
0.0714285714285714
 40
0.0714285714285714
 40
0.0714285714285714
 40
0.1428571428571428
 40
0.1428571428571428
 40
0.1428571428571428
 40
0.2142857142857143
 40
0.2142857142857143
 40
0.2142857142857143
 40
0.2857142857142857
 40
0.2857142857142857
 40
0.2857142857142857
 40
0.3571428571428571
 40
0.3571428571428571
 40
0.3571428571428571
 40
0.4285714285714285
 40
0.4285714285714285
 40
0.4285714285714285
 40
0.5
 40
0.5
 40
0.5
 40
0.5714285714285714
 40
0.5714285714285714
 40
0.5714285714285714
 40
0.6428571428571428
 40
0.6428571428571428
 40
0.6428571428571428
 40
0.7142857142857142
 40
0.7142857142857142
 40
0.7142857142857142
 40
0.7857142857142857
 40
0.7857142857142857
 40
0.7857142857142857
 40
0.8571428571428571
 40
0.8571428571428571
 40
0.8571428571428571
 40
0.9285714285714285
 40
0.9285714285714285
 40
0.9285714285714285
 40
1.0
 40
1.0
 40
1.0
 40
1.0
 10
47.7488
 20
-36.6393
 30
0.0
 10
47.7671
 20
-36.6531
 30
0.0
 10
47.7664
 20
-36.6687
 30
0.0
 10
47.7474
 20
-36.687
 30
0.0
 10
47.7474
 20
-36.687
 30
0.0
 10
47.5197
 20
-36.9089
 30
0.0
 10
47.5197
 20
-36.9089
 30
0.0
 10
47.5033
 20
-36.9252
 30
0.0
 10
47.487
 20
-36.9252
 30
0.0
 10
47.4701
 20
-36.9089
 30
0.0
 10
47.4701
 20
-36.9089
 30
0.0
 10
47.2559
 20
-36.702
 30
0.0
 10
47.2559
 20
-36.702
 30
0.0
 10
47.2559
 20
-36.702
 30
0.0
 10
47.0458
 20
-36.9089
 30
0.0
 10
47.0458
 20
-36.9089
 30
0.0
 10
47.0288
 20
-36.9252
 30
0.0
 10
47.0125
 20
-36.9252
 30
0.0
 10
46.9962
 20
-36.9089
 30
0.0
 10
46.9962
 20
-36.9089
 30
0.0
 10
46.7684
 20
-36.689
 30
0.0
 10
46.7684
 20
-36.689
 30
0.0
 10
46.7495
 20
-36.6707
 30
0.0
 10
46.7508
 20
-36.6505
 30
0.0
 10
46.7737
 20
-36.627
 30
0.0
 10
46.7737
 20
-36.627
 30
0.0
 10
46.9838
 20
-36.4148
 30
0.0
 10
46.9838
 20
-36.4148
 30
0.0
 10
47.0034
 20
-36.3952
 30
0.0
 10
47.0229
 20
-36.3952
 30
0.0
 10
47.0425
 20
-36.4148
 30
0.0
 10
47.0425
 20
-36.4148
 30
0.0
 10
47.2553
 20
-36.6205
 30
0.0
 10
47.2553
 20
-36.6205
 30
0.0
 10
47.2553
 20
-36.6205
 30
0.0
 10
47.4589
 20
-36.4155
 30
0.0
 10
47.4589
 20
-36.4155
 30
0.0
 10
47.4779
 20
-36.3966
 30
0.0
 10
47.4974
 20
-36.3966
 30
0.0
 10
47.5177
 20
-36.4155
 30
0.0
 10
47.5177
 20
-36.4155
 30
0.0
 10
47.7488
 20
-36.6393
 30
0.0
 10
47.7488
 20
-36.6393
 30
0.0
  0
SPLINE
  5
C1
330
1F
100
AcDbEntity
  8
Layer 1
 62
   250
100
AcDbSpline
210
0.0
220
0.0
230
1.0
 70
    11
 71
     3
 72
    77
 73
    73
 74
     0
 42
0.0000000001
 43
0.0000000001
 40
0.0
 40
0.0
 40
0.0
 40
0.0
 40
0.0416666666666667
 40
0.0416666666666667
 40
0.0416666666666667
 40
0.0833333333333333
 40
0.0833333333333333
 40
0.0833333333333333
 40
0.125
 40
0.125
 40
0.125
 40
0.1666666666666667
 40
0.1666666666666667
 40
0.1666666666666667
 40
0.2083333333333333
 40
0.2083333333333333
 40
0.2083333333333333
 40
0.25
 40
0.25
 40
0.25
 40
0.2916666666666666
 40
0.2916666666666666
 40
0.2916666666666666
 40
0.3333333333333333
 40
0.3333333333333333
 40
0.3333333333333333
 40
0.375
 40
0.375
 40
0.375
 40
0.4166666666666666
 40
0.4166666666666666
 40
0.4166666666666666
 40
0.4583333333333333
 40
0.4583333333333333
 40
0.4583333333333333
 40
0.5
 40
0.5
 40
0.5
 40
0.5416666666666666
 40
0.5416666666666666
 40
0.5416666666666666
 40
0.5833333333333333
 40
0.5833333333333333
 40
0.5833333333333333
 40
0.625
 40
0.625
 40
0.625
 40
0.6666666666666666
 40
0.6666666666666666
 40
0.6666666666666666
 40
0.7083333333333333
 40
0.7083333333333333
 40
0.7083333333333333
 40
0.75
 40
0.75
 40
0.75
 40
0.7916666666666666
 40
0.7916666666666666
 40
0.7916666666666666
 40
0.8333333333333333
 40
0.8333333333333333
 40
0.8333333333333333
 40
0.875
 40
0.875
 40
0.875
 40
0.9166666666666666
 40
0.9166666666666666
 40
0.9166666666666666
 40
0.9583333333333333
 40
0.9583333333333333
 40
0.9583333333333333
 40
1.0
 40
1.0
 40
1.0
 40
1.0
 10
45.5303
 20
-35.0736
 30
0.0
 10
45.5303
 20
-35.4286
 30
0.0
 10
45.48
 20
-35.6786
 30
0.0
 10
45.3789
 20
-35.8241
 30
0.0
 10
45.2614
 20
-35.9938
 30
0.0
 10
45.0446
 20
-36.0787
 30
0.0
 10
44.7281
 20
-36.0787
 30
0.0
 10
44.7281
 20
-36.0787
 30
0.0
 10
44.685
 20
-36.0787
 30
0.0
 10
44.685
 20
-36.0787
 30
0.0
 10
44.685
 20
-36.0787
 30
0.0
 10
44.5786
 20
-36.0787
 30
0.0
 10
44.5786
 20
-36.0787
 30
0.0
 10
44.5786
 20
-36.0787
 30
0.0
 10
44.4782
 20
-36.0787
 30
0.0
 10
44.4782
 20
-36.0787
 30
0.0
 10
43.9998
 20
-36.0787
 30
0.0
 10
43.7609
 20
-35.8287
 30
0.0
 10
43.7609
 20
-35.3281
 30
0.0
 10
43.7609
 20
-35.1147
 30
0.0
 10
43.753
 20
-34.8347
 30
0.0
 10
43.7374
 20
-34.4874
 30
0.0
 10
43.721
 20
-34.1206
 30
0.0
 10
43.704
 20
-33.8784
 30
0.0
 10
43.6865
 20
-33.7597
 30
0.0
 10
43.6773
 20
-33.7009
 30
0.0
 10
43.6878
 20
-33.6585
 30
0.0
 10
43.7171
 20
-33.633
 30
0.0
 10
43.7171
 20
-33.633
 30
0.0
 10
44.2725
 20
-33.2408
 30
0.0
 10
44.2725
 20
-33.2408
 30
0.0
 10
44.311
 20
-33.214
 30
0.0
 10
44.3372
 20
-33.2003
 30
0.0
 10
44.3509
 20
-33.2003
 30
0.0
 10
44.3672
 20
-33.2003
 30
0.0
 10
44.3757
 20
-33.2153
 30
0.0
 10
44.3757
 20
-33.246
 30
0.0
 10
44.3757
 20
-33.246
 30
0.0
 10
44.3757
 20
-34.9338
 30
0.0
 10
44.3757
 20
-34.9338
 30
0.0
 10
44.3757
 20
-35.102
 30
0.0
 10
44.4434
 20
-35.1945
 30
0.0
 10
44.5786
 20
-35.2106
 30
0.0
 10
44.5786
 20
-35.2106
 30
0.0
 10
44.5786
 20
-35.2093
 30
0.0
 10
44.5786
 20
-35.2093
 30
0.0
 10
44.5786
 20
-35.2093
 30
0.0
 10
45.0101
 20
-35.2093
 30
0.0
 10
45.0101
 20
-35.2093
 30
0.0
 10
45.0851
 20
-35.2093
 30
0.0
 10
45.123
 20
-35.1884
 30
0.0
 10
45.123
 20
-35.1459
 30
0.0
 10
45.123
 20
-35.1244
 30
0.0
 10
45.1119
 20
-35.0997
 30
0.0
 10
45.0904
 20
-35.0716
 30
0.0
 10
45.0114
 20
-34.9698
 30
0.0
 10
44.9095
 20
-34.8627
 30
0.0
 10
44.7849
 20
-34.7518
 30
0.0
 10
44.7666
 20
-34.7342
 30
0.0
 10
44.7666
 20
-34.7113
 30
0.0
 10
44.7849
 20
-34.6832
 30
0.0
 10
44.7849
 20
-34.6832
 30
0.0
 10
45.1413
 20
-34.1663
 30
0.0
 10
45.1413
 20
-34.1663
 30
0.0
 10
45.1609
 20
-34.1383
 30
0.0
 10
45.1745
 20
-34.1245
 30
0.0
 10
45.1836
 20
-34.1245
 30
0.0
 10
45.1948
 20
-34.1245
 30
0.0
 10
45.2111
 20
-34.1375
 30
0.0
 10
45.2314
 20
-34.163
 30
0.0
 10
45.4304
 20
-34.4078
 30
0.0
 10
45.5303
 20
-34.7113
 30
0.0
 10
45.5303
 20
-35.0736
 30
0.0
  0
SPLINE
  5
C2
330
1F
100
AcDbEntity
  8
Layer 1
 62
   250
100
AcDbSpline
210
0.0
220
0.0
230
1.0
 70
    11
 71
     3
 72
    29
 73
    25
 74
     0
 42
0.0000000001
 43
0.0000000001
 40
0.0
 40
0.0
 40
0.0
 40
0.0
 40
0.125
 40
0.125
 40
0.125
 40
0.25
 40
0.25
 40
0.25
 40
0.375
 40
0.375
 40
0.375
 40
0.5
 40
0.5
 40
0.5
 40
0.625
 40
0.625
 40
0.625
 40
0.75
 40
0.75
 40
0.75
 40
0.875
 40
0.875
 40
0.875
 40
1.0
 40
1.0
 40
1.0
 40
1.0
 10
45.3913
 20
-36.6335
 30
0.0
 10
45.4108
 20
-36.6491
 30
0.0
 10
45.4101
 20
-36.6675
 30
0.0
 10
45.3893
 20
-36.689
 30
0.0
 10
45.3893
 20
-36.689
 30
0.0
 10
45.1315
 20
-36.9441
 30
0.0
 10
45.1315
 20
-36.9441
 30
0.0
 10
45.1132
 20
-36.9617
 30
0.0
 10
45.0949
 20
-36.9617
 30
0.0
 10
45.076
 20
-36.9441
 30
0.0
 10
45.076
 20
-36.9441
 30
0.0
 10
44.8156
 20
-36.6922
 30
0.0
 10
44.8156
 20
-36.6922
 30
0.0
 10
44.794
 20
-36.672
 30
0.0
 10
44.796
 20
-36.6485
 30
0.0
 10
44.8208
 20
-36.623
 30
0.0
 10
44.8208
 20
-36.623
 30
0.0
 10
45.0629
 20
-36.3835
 30
0.0
 10
45.0629
 20
-36.3835
 30
0.0
 10
45.0845
 20
-36.3606
 30
0.0
 10
45.106
 20
-36.3593
 30
0.0
 10
45.1289
 20
-36.3796
 30
0.0
 10
45.1289
 20
-36.3796
 30
0.0
 10
45.3913
 20
-36.6335
 30
0.0
 10
45.3913
 20
-36.6335
 30
0.0
  0
SPLINE
  5
C3
330
1F
100
AcDbEntity
  8
Layer 1
 62
   250
100
AcDbSpline
210
0.0
220
0.0
230
1.0
 70
    11
 71
     3
 72
    59
 73
    55
 74
     0
 42
0.0000000001
 43
0.0000000001
 40
0.0
 40
0.0
 40
0.0
 40
0.0
 40
0.0555555555555556
 40
0.0555555555555556
 40
0.0555555555555556
 40
0.1111111111111111
 40
0.1111111111111111
 40
0.1111111111111111
 40
0.1666666666666667
 40
0.1666666666666667
 40
0.1666666666666667
 40
0.2222222222222222
 40
0.2222222222222222
 40
0.2222222222222222
 40
0.2777777777777778
 40
0.2777777777777778
 40
0.2777777777777778
 40
0.3333333333333333
 40
0.3333333333333333
 40
0.3333333333333333
 40
0.3888888888888888
 40
0.3888888888888888
 40
0.3888888888888888
 40
0.4444444444444444
 40
0.4444444444444444
 40
0.4444444444444444
 40
0.5
 40
0.5
 40
0.5
 40
0.5555555555555556
 40
0.5555555555555556
 40
0.5555555555555556
 40
0.611111111111111
 40
0.611111111111111
 40
0.611111111111111
 40
0.6666666666666666
 40
0.6666666666666666
 40
0.6666666666666666
 40
0.7222222222222222
 40
0.7222222222222222
 40
0.7222222222222222
 40
0.7777777777777777
 40
0.7777777777777777
 40
0.7777777777777777
 40
0.8333333333333333
 40
0.8333333333333333
 40
0.8333333333333333
 40
0.8888888888888888
 40
0.8888888888888888
 40
0.8888888888888888
 40
0.9444444444444444
 40
0.9444444444444444
 40
0.9444444444444444
 40
1.0
 40
1.0
 40
1.0
 40
1.0
 10
43.4456
 20
-35.8267
 30
0.0
 10
43.4456
 20
-36.3078
 30
0.0
 10
43.3144
 20
-36.6446
 30
0.0
 10
43.0514
 20
-36.8371
 30
0.0
 10
42.8627
 20
-36.9761
 30
0.0
 10
42.5892
 20
-37.046
 30
0.0
 10
42.2316
 20
-37.046
 30
0.0
 10
41.9202
 20
-37.046
 30
0.0
 10
41.671
 20
-36.9826
 30
0.0
 10
41.4836
 20
-36.8567
 30
0.0
 10
41.2643
 20
-36.7098
 30
0.0
 10
41.1547
 20
-36.4892
 30
0.0
 10
41.1547
 20
-36.1942
 30
0.0
 10
41.1547
 20
-36.018
 30
0.0
 10
41.1801
 20
-35.8378
 30
0.0
 10
41.2311
 20
-35.6525
 30
0.0
 10
41.2963
 20
-35.4168
 30
0.0
 10
41.3792
 20
-35.2987
 30
0.0
 10
41.4797
 20
-35.2987
 30
0.0
 10
41.5613
 20
-35.2987
 30
0.0
 10
41.6025
 20
-35.3686
 30
0.0
 10
41.6025
 20
-35.5076
 30
0.0
 10
41.6025
 20
-35.5422
 30
0.0
 10
41.5946
 20
-35.5951
 30
0.0
 10
41.5802
 20
-35.6662
 30
0.0
 10
41.5652
 20
-35.7373
 30
0.0
 10
41.558
 20
-35.7902
 30
0.0
 10
41.558
 20
-35.8261
 30
0.0
 10
41.558
 20
-36.0885
 30
0.0
 10
41.8093
 20
-36.2197
 30
0.0
 10
42.3119
 20
-36.2197
 30
0.0
 10
42.8275
 20
-36.2197
 30
0.0
 10
43.0854
 20
-36.1251
 30
0.0
 10
43.0854
 20
-35.9357
 30
0.0
 10
43.0854
 20
-35.894
 30
0.0
 10
43.0292
 20
-35.8052
 30
0.0
 10
42.9163
 20
-35.6694
 30
0.0
 10
42.8092
 20
-35.5408
 30
0.0
 10
42.725
 20
-35.4561
 30
0.0
 10
42.665
 20
-35.4168
 30
0.0
 10
42.665
 20
-35.4168
 30
0.0
 10
42.9829
 20
-34.7935
 30
0.0
 10
42.9829
 20
-34.7935
 30
0.0
 10
43.0031
 20
-34.7531
 30
0.0
 10
43.0194
 20
-34.7322
 30
0.0
 10
43.0305
 20
-34.7322
 30
0.0
 10
43.041
 20
-34.7322
 30
0.0
 10
43.0638
 20
-34.7511
 30
0.0
 10
43.0996
 20
-34.7883
 30
0.0
 10
43.176
 20
-34.8686
 30
0.0
 10
43.2485
 20
-34.9958
 30
0.0
 10
43.3176
 20
-35.1708
 30
0.0
 10
43.4031
 20
-35.3888
 30
0.0
 10
43.4456
 20
-35.6074
 30
0.0
 10
43.4456
 20
-35.8267
 30
0.0
  0
SPLINE
  5
C4
330
1F
100
AcDbEntity
  8
Layer 1
 62
   250
100
AcDbSpline
210
0.0
220
0.0
230
1.0
 70
    11
 71
     3
 72
    32
 73
    28
 74
     0
 42
0.0000000001
 43
0.0000000001
 40
0.0
 40
0.0
 40
0.0
 40
0.0
 40
0.1111111111111111
 40
0.1111111111111111
 40
0.1111111111111111
 40
0.2222222222222222
 40
0.2222222222222222
 40
0.2222222222222222
 40
0.3333333333333333
 40
0.3333333333333333
 40
0.3333333333333333
 40
0.4444444444444444
 40
0.4444444444444444
 40
0.4444444444444444
 40
0.5555555555555556
 40
0.5555555555555556
 40
0.5555555555555556
 40
0.6666666666666666
 40
0.6666666666666666
 40
0.6666666666666666
 40
0.7777777777777777
 40
0.7777777777777777
 40
0.7777777777777777
 40
0.8888888888888888
 40
0.8888888888888888
 40
0.8888888888888888
 40
1.0
 40
1.0
 40
1.0
 40
1.0
 10
42.4509
 20
-34.6023
 30
0.0
 10
42.46
 20
-34.6114
 30
0.0
 10
42.4646
 20
-34.6193
 30
0.0
 10
42.4646
 20
-34.6271
 30
0.0
 10
42.4646
 20
-34.6356
 30
0.0
 10
42.4594
 20
-34.6447
 30
0.0
 10
42.4482
 20
-34.6552
 30
0.0
 10
42.4482
 20
-34.6552
 30
0.0
 10
42.1931
 20
-34.9123
 30
0.0
 10
42.1931
 20
-34.9123
 30
0.0
 10
42.1755
 20
-34.9293
 30
0.0
 10
42.1579
 20
-34.9287
 30
0.0
 10
42.139
 20
-34.911
 30
0.0
 10
42.139
 20
-34.911
 30
0.0
 10
41.8785
 20
-34.6591
 30
0.0
 10
41.8785
 20
-34.6591
 30
0.0
 10
41.8563
 20
-34.6388
 30
0.0
 10
41.8582
 20
-34.616
 30
0.0
 10
41.8831
 20
-34.5912
 30
0.0
 10
41.8831
 20
-34.5912
 30
0.0
 10
42.1239
 20
-34.3478
 30
0.0
 10
42.1239
 20
-34.3478
 30
0.0
 10
42.1448
 20
-34.3275
 30
0.0
 10
42.1657
 20
-34.3275
 30
0.0
 10
42.1872
 20
-34.3478
 30
0.0
 10
42.1872
 20
-34.3478
 30
0.0
 10
42.4509
 20
-34.6023
 30
0.0
 10
42.4509
 20
-34.6023
 30
0.0
  0
SPLINE
  5
C5
330
1F
100
AcDbEntity
  8
Layer 1
 62
   250
100
AcDbSpline
210
0.0
220
0.0
230
1.0
 70
    11
 71
     3
 72
    92
 73
    88
 74
     0
 42
0.0000000001
 43
0.0000000001
 40
0.0
 40
0.0
 40
0.0
 40
0.0
 40
0.0344827586206897
 40
0.0344827586206897
 40
0.0344827586206897
 40
0.0689655172413793
 40
0.0689655172413793
 40
0.0689655172413793
 40
0.103448275862069
 40
0.103448275862069
 40
0.103448275862069
 40
0.1379310344827586
 40
0.1379310344827586
 40
0.1379310344827586
 40
0.1724137931034483
 40
0.1724137931034483
 40
0.1724137931034483
 40
0.2068965517241379
 40
0.2068965517241379
 40
0.2068965517241379
 40
0.2413793103448276
 40
0.2413793103448276
 40
0.2413793103448276
 40
0.2758620689655172
 40
0.2758620689655172
 40
0.2758620689655172
 40
0.3103448275862069
 40
0.3103448275862069
 40
0.3103448275862069
 40
0.3448275862068966
 40
0.3448275862068966
 40
0.3448275862068966
 40
0.3793103448275862
 40
0.3793103448275862
 40
0.3793103448275862
 40
0.4137931034482759
 40
0.4137931034482759
 40
0.4137931034482759
 40
0.4482758620689655
 40
0.4482758620689655
 40
0.4482758620689655
 40
0.4827586206896551
 40
0.4827586206896551
 40
0.4827586206896551
 40
0.5172413793103449
 40
0.5172413793103449
 40
0.5172413793103449
 40
0.5517241379310345
 40
0.5517241379310345
 40
0.5517241379310345
 40
0.5862068965517241
 40
0.5862068965517241
 40
0.5862068965517241
 40
0.6206896551724138
 40
0.6206896551724138
 40
0.6206896551724138
 40
0.6551724137931034
 40
0.6551724137931034
 40
0.6551724137931034
 40
0.6896551724137931
 40
0.6896551724137931
 40
0.6896551724137931
 40
0.7241379310344828
 40
0.7241379310344828
 40
0.7241379310344828
 40
0.7586206896551724
 40
0.7586206896551724
 40
0.7586206896551724
 40
0.7931034482758621
 40
0.7931034482758621
 40
0.7931034482758621
 40
0.8275862068965517
 40
0.8275862068965517
 40
0.8275862068965517
 40
0.8620689655172413
 40
0.8620689655172413
 40
0.8620689655172413
 40
0.896551724137931
 40
0.896551724137931
 40
0.896551724137931
 40
0.9310344827586207
 40
0.9310344827586207
 40
0.9310344827586207
 40
0.9655172413793103
 40
0.9655172413793103
 40
0.9655172413793103
 40
1.0
 40
1.0
 40
1.0
 40
1.0
 10
40.1749
 20
-34.8248
 30
0.0
 10
40.1749
 20
-35.0997
 30
0.0
 10
40.0791
 20
-35.3607
 30
0.0
 10
39.8864
 20
-35.6081
 30
0.0
 10
39.6483
 20
-35.9142
 30
0.0
 10
39.3298
 20
-36.067
 30
0.0
 10
38.9309
 20
-36.067
 30
0.0
 10
38.8115
 20
-36.067
 30
0.0
 10
38.6868
 20
-36.0473
 30
0.0
 10
38.5583
 20
-36.0076
 30
0.0
 10
38.412
 20
-35.9632
 30
0.0
 10
38.307
 20
-35.9044
 30
0.0
 10
38.243
 20
-35.832
 30
0.0
 10
38.1399
 20
-35.9965
 30
0.0
 10
38.0204
 20
-36.0787
 30
0.0
 10
37.884
 20
-36.0787
 30
0.0
 10
37.884
 20
-36.0787
 30
0.0
 10
37.8259
 20
-36.0787
 30
0.0
 10
37.8259
 20
-36.0787
 30
0.0
 10
37.8259
 20
-36.0787
 30
0.0
 10
37.7195
 20
-36.0787
 30
0.0
 10
37.7195
 20
-36.0787
 30
0.0
 10
37.7195
 20
-36.0787
 30
0.0
 10
37.6191
 20
-36.0787
 30
0.0
 10
37.6191
 20
-36.0787
 30
0.0
 10
37.1407
 20
-36.0787
 30
0.0
 10
36.9018
 20
-35.8287
 30
0.0
 10
36.9018
 20
-35.3281
 30
0.0
 10
36.9018
 20
-35.1147
 30
0.0
 10
36.8939
 20
-34.8347
 30
0.0
 10
36.8783
 20
-34.4874
 30
0.0
 10
36.8619
 20
-34.1206
 30
0.0
 10
36.845
 20
-33.8784
 30
0.0
 10
36.8274
 20
-33.7597
 30
0.0
 10
36.8183
 20
-33.7009
 30
0.0
 10
36.8287
 20
-33.6585
 30
0.0
 10
36.858
 20
-33.633
 30
0.0
 10
36.858
 20
-33.633
 30
0.0
 10
37.4135
 20
-33.2408
 30
0.0
 10
37.4135
 20
-33.2408
 30
0.0
 10
37.452
 20
-33.214
 30
0.0
 10
37.4781
 20
-33.2003
 30
0.0
 10
37.4918
 20
-33.2003
 30
0.0
 10
37.5082
 20
-33.2003
 30
0.0
 10
37.5167
 20
-33.2153
 30
0.0
 10
37.5167
 20
-33.246
 30
0.0
 10
37.5167
 20
-33.246
 30
0.0
 10
37.5167
 20
-34.9338
 30
0.0
 10
37.5167
 20
-34.9338
 30
0.0
 10
37.5167
 20
-35.102
 30
0.0
 10
37.5843
 20
-35.1945
 30
0.0
 10
37.7195
 20
-35.2106
 30
0.0
 10
37.7195
 20
-35.2106
 30
0.0
 10
37.7195
 20
-35.2093
 30
0.0
 10
37.7195
 20
-35.2093
 30
0.0
 10
37.7195
 20
-35.2093
 30
0.0
 10
37.8611
 20
-35.2093
 30
0.0
 10
37.8611
 20
-35.2093
 30
0.0
 10
37.9428
 20
-35.2093
 30
0.0
 10
38.0035
 20
-35.1708
 30
0.0
 10
38.0446
 20
-35.0944
 30
0.0
 10
38.053
 20
-35.0774
 30
0.0
 10
38.0779
 20
-35.0057
 30
0.0
 10
38.119
 20
-34.8777
 30
0.0
 10
38.1431
 20
-34.8013
 30
0.0
 10
38.1764
 20
-34.7628
 30
0.0
 10
38.2183
 20
-34.7628
 30
0.0
 10
38.2678
 20
-34.7628
 30
0.0
 10
38.3135
 20
-34.8347
 30
0.0
 10
38.3546
 20
-34.9769
 30
0.0
 10
38.3964
 20
-35.1199
 30
0.0
 10
38.4466
 20
-35.1917
 30
0.0
 10
38.5067
 20
-35.1917
 30
0.0
 10
38.5171
 20
-35.1917
 30
0.0
 10
38.585
 20
-35.1147
 30
0.0
 10
38.711
 20
-34.9619
 30
0.0
 10
38.8618
 20
-34.7798
 30
0.0
 10
39.0002
 20
-34.6388
 30
0.0
 10
39.128
 20
-34.5377
 30
0.0
 10
39.3213
 20
-34.3849
 30
0.0
 10
39.5027
 20
-34.3085
 30
0.0
 10
39.6704
 20
-34.3085
 30
0.0
 10
39.831
 20
-34.3085
 30
0.0
 10
39.9583
 20
-34.3667
 30
0.0
 10
40.0529
 20
-34.4822
 30
0.0
 10
40.1346
 20
-34.5834
 30
0.0
 10
40.1749
 20
-34.6969
 30
0.0
 10
40.1749
 20
-34.8248
 30
0.0
  0
SPLINE
  5
C6
330
1F
100
AcDbEntity
  8
Layer 1
 62
   250
100
AcDbSpline
210
0.0
220
0.0
230
1.0
 70
    11
 71
     3
 72
    20
 73
    16
 74
     0
 42
0.0000000001
 43
0.0000000001
 40
0.0
 40
0.0
 40
0.0
 40
0.0
 40
0.2
 40
0.2
 40
0.2
 40
0.4
 40
0.4
 40
0.4
 40
0.6000000000000001
 40
0.6000000000000001
 40
0.6000000000000001
 40
0.8
 40
0.8
 40
0.8
 40
1.0
 40
1.0
 40
1.0
 40
1.0
 10
39.6816
 20
-35.1068
 30
0.0
 10
39.6816
 20
-34.9613
 30
0.0
 10
39.5941
 20
-34.8882
 30
0.0
 10
39.4198
 20
-34.8882
 30
0.0
 10
39.2488
 20
-34.8882
 30
0.0
 10
39.0289
 20
-35.02
 30
0.0
 10
38.7599
 20
-35.2837
 30
0.0
 10
38.8187
 20
-35.2863
 30
0.0
 10
38.8762
 20
-35.2876
 30
0.0
 10
38.9315
 20
-35.2876
 30
0.0
 10
39.1627
 20
-35.2876
 30
0.0
 10
39.3507
 20
-35.2661
 30
0.0
 10
39.4962
 20
-35.223
 30
0.0
 10
39.6195
 20
-35.1864
 30
0.0
 10
39.6816
 20
-35.1473
 30
0.0
 10
39.6816
 20
-35.1068
 30
0.0
  0
SPLINE
  5
C7
330
1F
100
AcDbEntity
  8
Layer 1
 62
   250
100
AcDbSpline
210
0.0
220
0.0
230
1.0
 70
    11
 71
     3
 72
   125
 73
   121
 74
     0
 42
0.0000000001
 43
0.0000000001
 40
0.0
 40
0.0
 40
0.0
 40
0.0
 40
0.025
 40
0.025
 40
0.025
 40
0.05
 40
0.05
 40
0.05
 40
0.075
 40
0.075
 40
0.075
 40
0.1
 40
0.1
 40
0.1
 40
0.125
 40
0.125
 40
0.125
 40
0.15
 40
0.15
 40
0.15
 40
0.175
 40
0.175
 40
0.175
 40
0.2
 40
0.2
 40
0.2
 40
0.225
 40
0.225
 40
0.225
 40
0.25
 40
0.25
 40
0.25
 40
0.275
 40
0.275
 40
0.275
 40
0.3
 40
0.3
 40
0.3
 40
0.325
 40
0.325
 40
0.325
 40
0.35
 40
0.35
 40
0.35
 40
0.375
 40
0.375
 40
0.375
 40
0.4
 40
0.4
 40
0.4
 40
0.425
 40
0.425
 40
0.425
 40
0.45
 40
0.45
 40
0.45
 40
0.475
 40
0.475
 40
0.475
 40
0.5
 40
0.5
 40
0.5
 40
0.525
 40
0.525
 40
0.525
 40
0.55
 40
0.55
 40
0.55
 40
0.5750000000000001
 40
0.5750000000000001
 40
0.5750000000000001
 40
0.6000000000000001
 40
0.6000000000000001
 40
0.6000000000000001
 40
0.625
 40
0.625
 40
0.625
 40
0.65
 40
0.65
 40
0.65
 40
0.675
 40
0.675
 40
0.675
 40
0.7000000000000001
 40
0.7000000000000001
 40
0.7000000000000001
 40
0.7250000000000001
 40
0.7250000000000001
 40
0.7250000000000001
 40
0.75
 40
0.75
 40
0.75
 40
0.775
 40
0.775
 40
0.775
 40
0.8
 40
0.8
 40
0.8
 40
0.8250000000000001
 40
0.8250000000000001
 40
0.8250000000000001
 40
0.8500000000000001
 40
0.8500000000000001
 40
0.8500000000000001
 40
0.875
 40
0.875
 40
0.875
 40
0.9
 40
0.9
 40
0.9
 40
0.925
 40
0.925
 40
0.925
 40
0.9500000000000001
 40
0.9500000000000001
 40
0.9500000000000001
 40
0.9750000000000001
 40
0.9750000000000001
 40
0.9750000000000001
 40
1.0
 40
1.0
 40
1.0
 40
1.0
 10
36.5715
 20
-34.8875
 30
0.0
 10
36.5715
 20
-34.8875
 30
0.0
 10
36.3541
 20
-35.4032
 30
0.0
 10
36.3541
 20
-35.4032
 30
0.0
 10
36.1472
 20
-35.3992
 30
0.0
 10
35.9834
 20
-35.4259
 30
0.0
 10
35.8626
 20
-35.4834
 30
0.0
 10
35.7797
 20
-35.5226
 30
0.0
 10
35.6656
 20
-35.6016
 30
0.0
 10
35.52
 20
-35.7191
 30
0.0
 10
35.3745
 20
-35.8358
 30
0.0
 10
35.2596
 20
-35.9148
 30
0.0
 10
35.1741
 20
-35.9541
 30
0.0
 10
34.9932
 20
-36.0369
 30
0.0
 10
34.7916
 20
-36.0787
 30
0.0
 10
34.5697
 20
-36.0787
 30
0.0
 10
34.5697
 20
-36.0787
 30
0.0
 10
34.3262
 20
-36.0787
 30
0.0
 10
34.3262
 20
-36.0787
 30
0.0
 10
34.3262
 20
-36.0787
 30
0.0
 10
34.2198
 20
-36.0787
 30
0.0
 10
34.2198
 20
-36.0787
 30
0.0
 10
34.2198
 20
-36.0787
 30
0.0
 10
34.2002
 20
-36.0787
 30
0.0
 10
34.2002
 20
-36.0787
 30
0.0
 10
33.9907
 20
-36.0787
 30
0.0
 10
33.8328
 20
-35.9677
 30
0.0
 10
33.7258
 20
-35.7458
 30
0.0
 10
33.4183
 20
-36.0408
 30
0.0
 10
32.9601
 20
-36.1883
 30
0.0
 10
32.3511
 20
-36.1883
 30
0.0
 10
32.0156
 20
-36.1883
 30
0.0
 10
31.7664
 20
-36.1211
 30
0.0
 10
31.6031
 20
-35.9873
 30
0.0
 10
31.425
 20
-35.8398
 30
0.0
 10
31.3356
 20
-35.6016
 30
0.0
 10
31.3356
 20
-35.2739
 30
0.0
 10
31.3356
 20
-35.1441
 30
0.0
 10
31.3539
 20
-35.0109
 30
0.0
 10
31.3911
 20
-34.8744
 30
0.0
 10
31.4355
 20
-34.7087
 30
0.0
 10
31.4941
 20
-34.6258
 30
0.0
 10
31.5666
 20
-34.6258
 30
0.0
 10
31.6476
 20
-34.6258
 30
0.0
 10
31.6906
 20
-34.6884
 30
0.0
 10
31.6971
 20
-34.8131
 30
0.0
 10
31.7056
 20
-34.9776
 30
0.0
 10
31.7435
 20
-35.0944
 30
0.0
 10
31.8101
 20
-35.1629
 30
0.0
 10
31.9309
 20
-35.2876
 30
0.0
 10
32.1704
 20
-35.3503
 30
0.0
 10
32.5286
 20
-35.3503
 30
0.0
 10
32.9099
 20
-35.3503
 30
0.0
 10
33.2212
 20
-35.3001
 30
0.0
 10
33.462
 20
-35.1995
 30
0.0
 10
33.6174
 20
-35.1349
 30
0.0
 10
33.7532
 20
-35.0409
 30
0.0
 10
33.8693
 20
-34.9176
 30
0.0
 10
33.9633
 20
-34.817
 30
0.0
 10
34.0227
 20
-34.7668
 30
0.0
 10
34.0468
 20
-34.7668
 30
0.0
 10
34.1147
 20
-34.7668
 30
0.0
 10
34.1487
 20
-34.8092
 30
0.0
 10
34.1487
 20
-34.8934
 30
0.0
 10
34.1487
 20
-34.9214
 30
0.0
 10
34.1375
 20
-34.9664
 30
0.0
 10
34.1167
 20
-35.0285
 30
0.0
 10
34.0958
 20
-35.0905
 30
0.0
 10
34.0769
 20
-35.1342
 30
0.0
 10
34.0605
 20
-35.1597
 30
0.0
 10
34.0873
 20
-35.1929
 30
0.0
 10
34.1357
 20
-35.2093
 30
0.0
 10
34.2054
 20
-35.2093
 30
0.0
 10
34.2054
 20
-35.2093
 30
0.0
 10
34.2198
 20
-35.2093
 30
0.0
 10
34.2198
 20
-35.2093
 30
0.0
 10
34.2198
 20
-35.2093
 30
0.0
 10
34.3262
 20
-35.2093
 30
0.0
 10
34.3262
 20
-35.2093
 30
0.0
 10
34.3262
 20
-35.2093
 30
0.0
 10
34.6578
 20
-35.2093
 30
0.0
 10
34.6578
 20
-35.2093
 30
0.0
 10
35.0513
 20
-35.2093
 30
0.0
 10
35.3431
 20
-35.1734
 30
0.0
 10
35.5317
 20
-35.1023
 30
0.0
 10
35.5317
 20
-35.1023
 30
0.0
 10
35.1512
 20
-34.943
 30
0.0
 10
35.1512
 20
-34.943
 30
0.0
 10
35.0201
 20
-34.8882
 30
0.0
 10
34.9235
 20
-34.8608
 30
0.0
 10
34.8621
 20
-34.8608
 30
0.0
 10
34.8086
 20
-34.8608
 30
0.0
 10
34.7413
 20
-34.8875
 30
0.0
 10
34.6604
 20
-34.9411
 30
0.0
 10
34.5795
 20
-34.9946
 30
0.0
 10
34.5312
 20
-35.0213
 30
0.0
 10
34.5142
 20
-35.0213
 30
0.0
 10
34.4417
 20
-35.0213
 30
0.0
 10
34.4052
 20
-34.9789
 30
0.0
 10
34.4052
 20
-34.8947
 30
0.0
 10
34.4052
 20
-34.802
 30
0.0
 10
34.4666
 20
-34.6702
 30
0.0
 10
34.5886
 20
-34.5012
 30
0.0
 10
34.742
 20
-34.289
 30
0.0
 10
34.9103
 20
-34.1833
 30
0.0
 10
35.0938
 20
-34.1833
 30
0.0
 10
35.2223
 20
-34.1833
 30
0.0
 10
35.383
 20
-34.2439
 30
0.0
 10
35.5755
 20
-34.3654
 30
0.0
 10
35.8228
 20
-34.5207
 30
0.0
 10
35.9984
 20
-34.6173
 30
0.0
 10
36.1015
 20
-34.6545
 30
0.0
 10
36.1884
 20
-34.6852
 30
0.0
 10
36.332
 20
-34.7224
 30
0.0
 10
36.5336
 20
-34.7674
 30
0.0
 10
36.5727
 20
-34.7759
 30
0.0
 10
36.593
 20
-34.7922
 30
0.0
 10
36.593
 20
-34.8151
 30
0.0
 10
36.593
 20
-34.8301
 30
0.0
 10
36.5859
 20
-34.8549
 30
0.0
 10
36.5715
 20
-34.8875
 30
0.0
  0
SPLINE
  5
C8
330
1F
100
AcDbEntity
  8
Layer 1
 62
   250
100
AcDbSpline
210
0.0
220
0.0
230
1.0
 70
    11
 71
     3
 72
    29
 73
    25
 74
     0
 42
0.0000000001
 43
0.0000000001
 40
0.0
 40
0.0
 40
0.0
 40
0.0
 40
0.125
 40
0.125
 40
0.125
 40
0.25
 40
0.25
 40
0.25
 40
0.375
 40
0.375
 40
0.375
 40
0.5
 40
0.5
 40
0.5
 40
0.625
 40
0.625
 40
0.625
 40
0.75
 40
0.75
 40
0.75
 40
0.875
 40
0.875
 40
0.875
 40
1.0
 40
1.0
 40
1.0
 40
1.0
 10
32.8641
 20
-36.6341
 30
0.0
 10
32.8818
 20
-36.6511
 30
0.0
 10
32.8811
 20
-36.6693
 30
0.0
 10
32.8615
 20
-36.689
 30
0.0
 10
32.8615
 20
-36.689
 30
0.0
 10
32.6031
 20
-36.9441
 30
0.0
 10
32.6031
 20
-36.9441
 30
0.0
 10
32.5855
 20
-36.9617
 30
0.0
 10
32.5671
 20
-36.9617
 30
0.0
 10
32.5476
 20
-36.9441
 30
0.0
 10
32.5476
 20
-36.9441
 30
0.0
 10
32.2879
 20
-36.6922
 30
0.0
 10
32.2879
 20
-36.6922
 30
0.0
 10
32.2663
 20
-36.672
 30
0.0
 10
32.2683
 20
-36.6485
 30
0.0
 10
32.293
 20
-36.623
 30
0.0
 10
32.293
 20
-36.623
 30
0.0
 10
32.5352
 20
-36.3835
 30
0.0
 10
32.5352
 20
-36.3835
 30
0.0
 10
32.5555
 20
-36.362
 30
0.0
 10
32.5764
 20
-36.362
 30
0.0
 10
32.5979
 20
-36.3822
 30
0.0
 10
32.5979
 20
-36.3822
 30
0.0
 10
32.8641
 20
-36.6341
 30
0.0
 10
32.8641
 20
-36.6341
 30
0.0
  0
SPLINE
  5
C9
330
1F
100
AcDbEntity
  8
Layer 1
 62
   250
100
AcDbSpline
210
0.0
220
0.0
230
1.0
 70
    11
 71
     3
 72
    35
 73
    31
 74
     0
 42
0.0000000001
 43
0.0000000001
 40
0.0
 40
0.0
 40
0.0
 40
0.0
 40
0.1
 40
0.1
 40
0.1
 40
0.2
 40
0.2
 40
0.2
 40
0.3
 40
0.3
 40
0.3
 40
0.4
 40
0.4
 40
0.4
 40
0.5
 40
0.5
 40
0.5
 40
0.6000000000000001
 40
0.6000000000000001
 40
0.6000000000000001
 40
0.7000000000000001
 40
0.7000000000000001
 40
0.7000000000000001
 40
0.8
 40
0.8
 40
0.8
 40
0.9
 40
0.9
 40
0.9
 40
1.0
 40
1.0
 40
1.0
 40
1.0
 10
30.3331
 20
-35.0813
 30
0.0
 10
30.3331
 20
-35.1929
 30
0.0
 10
30.3161
 20
-35.3353
 30
0.0
 10
30.2815
 20
-35.5076
 30
0.0
 10
30.2456
 20
-35.6883
 30
0.0
 10
30.2065
 20
-35.8254
 30
0.0
 10
30.1627
 20
-35.9181
 30
0.0
 10
30.1092
 20
-36.0303
 30
0.0
 10
30.059
 20
-36.0865
 30
0.0
 10
30.012
 20
-36.0865
 30
0.0
 10
29.961
 20
-36.0865
 30
0.0
 10
29.9166
 20
-36.0186
 30
0.0
 10
29.8801
 20
-35.8822
 30
0.0
 10
29.8279
 20
-35.6897
 30
0.0
 10
29.717
 20
-35.0266
 30
0.0
 10
29.5472
 20
-33.8922
 30
0.0
 10
29.5472
 20
-33.8922
 30
0.0
 10
30.1249
 20
-33.2636
 30
0.0
 10
30.1249
 20
-33.2636
 30
0.0
 10
30.1607
 20
-33.2238
 30
0.0
 10
30.1849
 20
-33.2043
 30
0.0
 10
30.1974
 20
-33.2043
 30
0.0
 10
30.2077
 20
-33.2043
 30
0.0
 10
30.2162
 20
-33.2219
 30
0.0
 10
30.2241
 20
-33.2578
 30
0.0
 10
30.2802
 20
-33.5116
 30
0.0
 10
30.3148
 20
-33.8138
 30
0.0
 10
30.3272
 20
-34.1657
 30
0.0
 10
30.3311
 20
-34.2727
 30
0.0
 10
30.3331
 20
-34.5782
 30
0.0
 10
30.3331
 20
-35.0813
 30
0.0
  0
SPLINE
  5
CA
330
1F
100
AcDbEntity
  8
Layer 1
 62
   250
100
AcDbSpline
210
0.0
220
0.0
230
1.0
 70
    11
 71
     3
 72
   110
 73
   106
 74
     0
 42
0.0000000001
 43
0.0000000001
 40
0.0
 40
0.0
 40
0.0
 40
0.0
 40
0.0285714285714286
 40
0.0285714285714286
 40
0.0285714285714286
 40
0.0571428571428571
 40
0.0571428571428571
 40
0.0571428571428571
 40
0.0857142857142857
 40
0.0857142857142857
 40
0.0857142857142857
 40
0.1142857142857143
 40
0.1142857142857143
 40
0.1142857142857143
 40
0.1428571428571428
 40
0.1428571428571428
 40
0.1428571428571428
 40
0.1714285714285714
 40
0.1714285714285714
 40
0.1714285714285714
 40
0.2
 40
0.2
 40
0.2
 40
0.2285714285714286
 40
0.2285714285714286
 40
0.2285714285714286
 40
0.2571428571428571
 40
0.2571428571428571
 40
0.2571428571428571
 40
0.2857142857142857
 40
0.2857142857142857
 40
0.2857142857142857
 40
0.3142857142857143
 40
0.3142857142857143
 40
0.3142857142857143
 40
0.3428571428571429
 40
0.3428571428571429
 40
0.3428571428571429
 40
0.3714285714285714
 40
0.3714285714285714
 40
0.3714285714285714
 40
0.4
 40
0.4
 40
0.4
 40
0.4285714285714285
 40
0.4285714285714285
 40
0.4285714285714285
 40
0.4571428571428571
 40
0.4571428571428571
 40
0.4571428571428571
 40
0.4857142857142857
 40
0.4857142857142857
 40
0.4857142857142857
 40
0.5142857142857142
 40
0.5142857142857142
 40
0.5142857142857142
 40
0.5428571428571428
 40
0.5428571428571428
 40
0.5428571428571428
 40
0.5714285714285714
 40
0.5714285714285714
 40
0.5714285714285714
 40
0.6
 40
0.6
 40
0.6
 40
0.6285714285714286
 40
0.6285714285714286
 40
0.6285714285714286
 40
0.6571428571428571
 40
0.6571428571428571
 40
0.6571428571428571
 40
0.6857142857142857
 40
0.6857142857142857
 40
0.6857142857142857
 40
0.7142857142857143
 40
0.7142857142857143
 40
0.7142857142857143
 40
0.7428571428571429
 40
0.7428571428571429
 40
0.7428571428571429
 40
0.7714285714285714
 40
0.7714285714285714
 40
0.7714285714285714
 40
0.7999999999999999
 40
0.7999999999999999
 40
0.7999999999999999
 40
0.8285714285714285
 40
0.8285714285714285
 40
0.8285714285714285
 40
0.8571428571428571
 40
0.8571428571428571
 40
0.8571428571428571
 40
0.8857142857142857
 40
0.8857142857142857
 40
0.8857142857142857
 40
0.9142857142857143
 40
0.9142857142857143
 40
0.9142857142857143
 40
0.9428571428571428
 40
0.9428571428571428
 40
0.9428571428571428
 40
0.9714285714285714
 40
0.9714285714285714
 40
0.9714285714285714
 40
1.0
 40
1.0
 40
1.0
 40
1.0
 10
29.2999
 20
-33.9007
 30
0.0
 10
29.3149
 20
-33.9353
 30
0.0
 10
29.3228
 20
-33.9627
 30
0.0
 10
29.3228
 20
-33.9829
 30
0.0
 10
29.3228
 20
-34.0109
 30
0.0
 10
29.3045
 20
-34.0247
 30
0.0
 10
29.2673
 20
-34.0247
 30
0.0
 10
29.2353
 20
-34.0247
 30
0.0
 10
29.1838
 20
-34.0142
 30
0.0
 10
29.1126
 20
-33.9927
 30
0.0
 10
29.1126
 20
-33.9927
 30
0.0
 10
29.157
 20
-35.1714
 30
0.0
 10
29.157
 20
-35.1714
 30
0.0
 10
29.17
 20
-35.4958
 30
0.0
 10
29.1086
 20
-35.7367
 30
0.0
 10
28.9735
 20
-35.8946
 30
0.0
 10
28.8691
 20
-36.0173
 30
0.0
 10
28.736
 20
-36.0787
 30
0.0
 10
28.5728
 20
-36.0787
 30
0.0
 10
28.5728
 20
-36.0787
 30
0.0
 10
28.3476
 20
-36.0787
 30
0.0
 10
28.3476
 20
-36.0787
 30
0.0
 10
28.3476
 20
-36.0787
 30
0.0
 10
28.2425
 20
-36.0787
 30
0.0
 10
28.2425
 20
-36.0787
 30
0.0
 10
28.2425
 20
-36.0787
 30
0.0
 10
28.2406
 20
-36.0787
 30
0.0
 10
28.2406
 20
-36.0787
 30
0.0
 10
28.1892
 20
-36.0783
 30
0.0
 10
28.1421
 20
-36.0633
 30
0.0
 10
28.1009
 20
-36.033
 30
0.0
 10
28.1009
 20
-36.033
 30
0.0
 10
28.1009
 20
-36.2007
 30
0.0
 10
28.1009
 20
-36.2007
 30
0.0
 10
28.1009
 20
-36.3411
 30
0.0
 10
28.0617
 20
-36.4971
 30
0.0
 10
27.9841
 20
-36.6707
 30
0.0
 10
27.9169
 20
-36.8221
 30
0.0
 10
27.8425
 20
-36.9409
 30
0.0
 10
27.7621
 20
-37.0277
 30
0.0
 10
27.7341
 20
-37.0584
 30
0.0
 10
27.6956
 20
-37.0734
 30
0.0
 10
27.6453
 20
-37.0734
 30
0.0
 10
27.6453
 20
-37.0734
 30
0.0
 10
26.7478
 20
-37.0734
 30
0.0
 10
26.7478
 20
-37.0734
 30
0.0
 10
26.6422
 20
-37.0734
 30
0.0
 10
26.5893
 20
-37.0303
 30
0.0
 10
26.5893
 20
-36.9435
 30
0.0
 10
26.5893
 20
-36.8965
 30
0.0
 10
26.6115
 20
-36.862
 30
0.0
 10
26.6565
 20
-36.8404
 30
0.0
 10
26.8248
 20
-36.7601
 30
0.0
 10
27.0331
 20
-36.6355
 30
0.0
 10
27.2811
 20
-36.4657
 30
0.0
 10
27.6029
 20
-36.2465
 30
0.0
 10
27.7641
 20
-36.0904
 30
0.0
 10
27.7641
 20
-35.9977
 30
0.0
 10
27.7641
 20
-35.9213
 30
0.0
 10
27.6199
 20
-35.7491
 30
0.0
 10
27.3314
 20
-35.4814
 30
0.0
 10
27.3314
 20
-35.4814
 30
0.0
 10
27.6375
 20
-34.8509
 30
0.0
 10
27.6375
 20
-34.8509
 30
0.0
 10
27.6565
 20
-34.8131
 30
0.0
 10
27.68
 20
-34.8085
 30
0.0
 10
27.7086
 20
-34.8379
 30
0.0
 10
27.8294
 20
-34.9639
 30
0.0
 10
27.9136
 20
-35.0462
 30
0.0
 10
27.9612
 20
-35.0827
 30
0.0
 10
28.0666
 20
-35.1655
 30
0.0
 10
28.1707
 20
-35.2079
 30
0.0
 10
28.2736
 20
-35.2093
 30
0.0
 10
28.2736
 20
-35.2093
 30
0.0
 10
28.2785
 20
-35.2093
 30
0.0
 10
28.2785
 20
-35.2093
 30
0.0
 10
28.2785
 20
-35.2093
 30
0.0
 10
28.3476
 20
-35.2093
 30
0.0
 10
28.3476
 20
-35.2093
 30
0.0
 10
28.3476
 20
-35.2093
 30
0.0
 10
28.3515
 20
-35.2093
 30
0.0
 10
28.3515
 20
-35.2093
 30
0.0
 10
28.4481
 20
-35.2093
 30
0.0
 10
28.516
 20
-35.2028
 30
0.0
 10
28.5539
 20
-35.1903
 30
0.0
 10
28.6165
 20
-35.1694
 30
0.0
 10
28.6479
 20
-35.1258
 30
0.0
 10
28.6479
 20
-35.0578
 30
0.0
 10
28.6479
 20
-34.9534
 30
0.0
 10
28.6211
 20
-34.7577
 30
0.0
 10
28.5676
 20
-34.4704
 30
0.0
 10
28.5101
 20
-34.1643
 30
0.0
 10
28.4475
 20
-33.8895
 30
0.0
 10
28.3803
 20
-33.6474
 30
0.0
 10
28.3803
 20
-33.6474
 30
0.0
 10
28.86
 20
-33.2225
 30
0.0
 10
28.86
 20
-33.2225
 30
0.0
 10
28.9038
 20
-33.184
 30
0.0
 10
28.9324
 20
-33.165
 30
0.0
 10
28.9461
 20
-33.165
 30
0.0
 10
28.9611
 20
-33.165
 30
0.0
 10
28.9828
 20
-33.1944
 30
0.0
 10
29.0095
 20
-33.2531
 30
0.0
 10
29.0095
 20
-33.2531
 30
0.0
 10
29.2999
 20
-33.9007
 30
0.0
 10
29.2999
 20
-33.9007
 30
0.0
  0
SPLINE
  5
CB
330
1F
100
AcDbEntity
  8
Layer 1
 62
   250
100
AcDbSpline
210
0.0
220
0.0
230
1.0
 70
    11
 71
     3
 72
    29
 73
    25
 74
     0
 42
0.0000000001
 43
0.0000000001
 40
0.0
 40
0.0
 40
0.0
 40
0.0
 40
0.125
 40
0.125
 40
0.125
 40
0.25
 40
0.25
 40
0.25
 40
0.375
 40
0.375
 40
0.375
 40
0.5
 40
0.5
 40
0.5
 40
0.625
 40
0.625
 40
0.625
 40
0.75
 40
0.75
 40
0.75
 40
0.875
 40
0.875
 40
0.875
 40
1.0
 40
1.0
 40
1.0
 40
1.0
 10
27.7882
 20
-34.1324
 30
0.0
 10
27.8059
 20
-34.148
 30
0.0
 10
27.8046
 20
-34.165
 30
0.0
 10
27.7837
 20
-34.1827
 30
0.0
 10
27.7837
 20
-34.1827
 30
0.0
 10
27.5285
 20
-34.4443
 30
0.0
 10
27.5285
 20
-34.4443
 30
0.0
 10
27.5115
 20
-34.46
 30
0.0
 10
27.4939
 20
-34.4593
 30
0.0
 10
27.477
 20
-34.4411
 30
0.0
 10
27.477
 20
-34.4411
 30
0.0
 10
27.212
 20
-34.1878
 30
0.0
 10
27.212
 20
-34.1878
 30
0.0
 10
27.1917
 20
-34.1695
 30
0.0
 10
27.1937
 20
-34.1474
 30
0.0
 10
27.2185
 20
-34.1225
 30
0.0
 10
27.2185
 20
-34.1225
 30
0.0
 10
27.4573
 20
-33.8778
 30
0.0
 10
27.4573
 20
-33.8778
 30
0.0
 10
27.4776
 20
-33.8563
 30
0.0
 10
27.4997
 20
-33.8563
 30
0.0
 10
27.5226
 20
-33.8778
 30
0.0
 10
27.5226
 20
-33.8778
 30
0.0
 10
27.7882
 20
-34.1324
 30
0.0
 10
27.7882
 20
-34.1324
 30
0.0
  0
SPLINE
  5
CC
330
1F
100
AcDbEntity
  8
Layer 1
 62
   250
100
AcDbSpline
210
0.0
220
0.0
230
1.0
 70
    11
 71
     3
 72
    74
 73
    70
 74
     0
 42
0.0000000001
 43
0.0000000001
 40
0.0
 40
0.0
 40
0.0
 40
0.0
 40
0.0434782608695652
 40
0.0434782608695652
 40
0.0434782608695652
 40
0.0869565217391304
 40
0.0869565217391304
 40
0.0869565217391304
 40
0.1304347826086956
 40
0.1304347826086956
 40
0.1304347826086956
 40
0.1739130434782609
 40
0.1739130434782609
 40
0.1739130434782609
 40
0.2173913043478261
 40
0.2173913043478261
 40
0.2173913043478261
 40
0.2608695652173913
 40
0.2608695652173913
 40
0.2608695652173913
 40
0.3043478260869565
 40
0.3043478260869565
 40
0.3043478260869565
 40
0.3478260869565217
 40
0.3478260869565217
 40
0.3478260869565217
 40
0.3913043478260869
 40
0.3913043478260869
 40
0.3913043478260869
 40
0.4347826086956522
 40
0.4347826086956522
 40
0.4347826086956522
 40
0.4782608695652174
 40
0.4782608695652174
 40
0.4782608695652174
 40
0.5217391304347826
 40
0.5217391304347826
 40
0.5217391304347826
 40
0.5652173913043478
 40
0.5652173913043478
 40
0.5652173913043478
 40
0.6086956521739131
 40
0.6086956521739131
 40
0.6086956521739131
 40
0.6521739130434783
 40
0.6521739130434783
 40
0.6521739130434783
 40
0.6956521739130435
 40
0.6956521739130435
 40
0.6956521739130435
 40
0.7391304347826086
 40
0.7391304347826086
 40
0.7391304347826086
 40
0.7826086956521738
 40
0.7826086956521738
 40
0.7826086956521738
 40
0.8260869565217391
 40
0.8260869565217391
 40
0.8260869565217391
 40
0.8695652173913043
 40
0.8695652173913043
 40
0.8695652173913043
 40
0.9130434782608695
 40
0.9130434782608695
 40
0.9130434782608695
 40
0.9565217391304348
 40
0.9565217391304348
 40
0.9565217391304348
 40
1.0
 40
1.0
 40
1.0
 40
1.0
 10
26.4313
 20
-35.4769
 30
0.0
 10
26.4313
 20
-35.644
 30
0.0
 10
26.3778
 20
-35.7863
 30
0.0
 10
26.2708
 20
-35.9051
 30
0.0
 10
26.161
 20
-36.0284
 30
0.0
 10
26.0234
 20
-36.0904
 30
0.0
 10
25.8575
 20
-36.0904
 30
0.0
 10
25.6488
 20
-36.0904
 30
0.0
 10
25.4784
 20
-35.9899
 30
0.0
 10
25.3471
 20
-35.7882
 30
0.0
 10
25.259
 20
-35.9821
 30
0.0
 10
25.1415
 20
-36.0787
 30
0.0
 10
24.9954
 20
-36.0787
 30
0.0
 10
24.9954
 20
-36.0787
 30
0.0
 10
24.983
 20
-36.0787
 30
0.0
 10
24.983
 20
-36.0787
 30
0.0
 10
24.983
 20
-36.0787
 30
0.0
 10
24.8726
 20
-36.0787
 30
0.0
 10
24.8726
 20
-36.0787
 30
0.0
 10
24.8726
 20
-36.0787
 30
0.0
 10
24.7762
 20
-36.0787
 30
0.0
 10
24.7762
 20
-36.0787
 30
0.0
 10
24.2977
 20
-36.0787
 30
0.0
 10
24.0588
 20
-35.8287
 30
0.0
 10
24.0588
 20
-35.3281
 30
0.0
 10
24.0588
 20
-35.1147
 30
0.0
 10
24.0509
 20
-34.8347
 30
0.0
 10
24.0353
 20
-34.4874
 30
0.0
 10
24.019
 20
-34.1206
 30
0.0
 10
24.002
 20
-33.8784
 30
0.0
 10
23.9844
 20
-33.7597
 30
0.0
 10
23.9753
 20
-33.7009
 30
0.0
 10
23.9857
 20
-33.6585
 30
0.0
 10
24.015
 20
-33.633
 30
0.0
 10
24.015
 20
-33.633
 30
0.0
 10
24.5705
 20
-33.2408
 30
0.0
 10
24.5705
 20
-33.2408
 30
0.0
 10
24.609
 20
-33.214
 30
0.0
 10
24.6352
 20
-33.2003
 30
0.0
 10
24.6488
 20
-33.2003
 30
0.0
 10
24.6652
 20
-33.2003
 30
0.0
 10
24.6737
 20
-33.2153
 30
0.0
 10
24.6737
 20
-33.246
 30
0.0
 10
24.6737
 20
-33.246
 30
0.0
 10
24.6737
 20
-34.9338
 30
0.0
 10
24.6737
 20
-34.9338
 30
0.0
 10
24.6737
 20
-35.1004
 30
0.0
 10
24.7401
 20
-35.1928
 30
0.0
 10
24.8726
 20
-35.2102
 30
0.0
 10
24.8726
 20
-35.2102
 30
0.0
 10
24.8726
 20
-35.2093
 30
0.0
 10
24.8726
 20
-35.2093
 30
0.0
 10
24.8726
 20
-35.2093
 30
0.0
 10
24.936
 20
-35.2093
 30
0.0
 10
24.936
 20
-35.2093
 30
0.0
 10
25.0959
 20
-35.2093
 30
0.0
 10
25.1794
 20
-35.1591
 30
0.0
 10
25.186
 20
-35.0586
 30
0.0
 10
25.1938
 20
-34.9241
 30
0.0
 10
25.231
 20
-34.8072
 30
0.0
 10
25.2989
 20
-34.7067
 30
0.0
 10
25.4006
 20
-34.5533
 30
0.0
 10
25.5528
 20
-34.4769
 30
0.0
 10
25.7538
 20
-34.4769
 30
0.0
 10
25.9966
 20
-34.4769
 30
0.0
 10
26.178
 20
-34.6043
 30
0.0
 10
26.2994
 20
-34.8594
 30
0.0
 10
26.3875
 20
-35.0442
 30
0.0
 10
26.4313
 20
-35.2498
 30
0.0
 10
26.4313
 20
-35.4769
 30
0.0
  0
SPLINE
  5
CD
330
1F
100
AcDbEntity
  8
Layer 1
 62
   250
100
AcDbSpline
210
0.0
220
0.0
230
1.0
 70
    11
 71
     3
 72
    26
 73
    22
 74
     0
 42
0.0000000001
 43
0.0000000001
 40
0.0
 40
0.0
 40
0.0
 40
0.0
 40
0.1428571428571428
 40
0.1428571428571428
 40
0.1428571428571428
 40
0.2857142857142857
 40
0.2857142857142857
 40
0.2857142857142857
 40
0.4285714285714285
 40
0.4285714285714285
 40
0.4285714285714285
 40
0.5714285714285714
 40
0.5714285714285714
 40
0.5714285714285714
 40
0.7142857142857142
 40
0.7142857142857142
 40
0.7142857142857142
 40
0.8571428571428571
 40
0.8571428571428571
 40
0.8571428571428571
 40
1.0
 40
1.0
 40
1.0
 40
1.0
 10
26.1298
 20
-35.3216
 30
0.0
 10
26.1298
 20
-35.2399
 30
0.0
 10
26.1075
 20
-35.1525
 30
0.0
 10
26.0632
 20
-35.0578
 30
0.0
 10
26.0097
 20
-34.9449
 30
0.0
 10
25.947
 20
-34.8882
 30
0.0
 10
25.8759
 20
-34.8882
 30
0.0
 10
25.8374
 20
-34.8882
 30
0.0
 10
25.806
 20
-34.9032
 30
0.0
 10
25.7805
 20
-34.9332
 30
0.0
 10
25.7551
 20
-34.9632
 30
0.0
 10
25.742
 20
-34.9978
 30
0.0
 10
25.742
 20
-35.0369
 30
0.0
 10
25.742
 20
-35.1336
 30
0.0
 10
25.7629
 20
-35.2282
 30
0.0
 10
25.8054
 20
-35.3196
 30
0.0
 10
25.8589
 20
-35.4364
 30
0.0
 10
25.9313
 20
-35.4952
 30
0.0
 10
26.0227
 20
-35.4952
 30
0.0
 10
26.0939
 20
-35.4952
 30
0.0
 10
26.1298
 20
-35.4371
 30
0.0
 10
26.1298
 20
-35.3216
 30
0.0
  0
SPLINE
  5
CE
330
1F
100
AcDbEntity
  8
Layer 1
 62
   250
100
AcDbSpline
210
0.0
220
0.0
230
1.0
 70
    11
 71
     3
 72
    32
 73
    28
 74
     0
 42
0.0000000001
 43
0.0000000001
 40
0.0
 40
0.0
 40
0.0
 40
0.0
 40
0.1111111111111111
 40
0.1111111111111111
 40
0.1111111111111111
 40
0.2222222222222222
 40
0.2222222222222222
 40
0.2222222222222222
 40
0.3333333333333333
 40
0.3333333333333333
 40
0.3333333333333333
 40
0.4444444444444444
 40
0.4444444444444444
 40
0.4444444444444444
 40
0.5555555555555556
 40
0.5555555555555556
 40
0.5555555555555556
 40
0.6666666666666666
 40
0.6666666666666666
 40
0.6666666666666666
 40
0.7777777777777777
 40
0.7777777777777777
 40
0.7777777777777777
 40
0.8888888888888888
 40
0.8888888888888888
 40
0.8888888888888888
 40
1.0
 40
1.0
 40
1.0
 40
1.0
 10
22.7489
 20
-34.6023
 30
0.0
 10
22.758
 20
-34.6114
 30
0.0
 10
22.7625
 20
-34.6193
 30
0.0
 10
22.7625
 20
-34.6271
 30
0.0
 10
22.7625
 20
-34.6356
 30
0.0
 10
22.7574
 20
-34.6447
 30
0.0
 10
22.7462
 20
-34.6552
 30
0.0
 10
22.7462
 20
-34.6552
 30
0.0
 10
22.491
 20
-34.9123
 30
0.0
 10
22.491
 20
-34.9123
 30
0.0
 10
22.4734
 20
-34.9293
 30
0.0
 10
22.4558
 20
-34.9287
 30
0.0
 10
22.4369
 20
-34.911
 30
0.0
 10
22.4369
 20
-34.911
 30
0.0
 10
22.1765
 20
-34.6591
 30
0.0
 10
22.1765
 20
-34.6591
 30
0.0
 10
22.1542
 20
-34.6388
 30
0.0
 10
22.1562
 20
-34.616
 30
0.0
 10
22.181
 20
-34.5912
 30
0.0
 10
22.181
 20
-34.5912
 30
0.0
 10
22.4219
 20
-34.3478
 30
0.0
 10
22.4219
 20
-34.3478
 30
0.0
 10
22.4427
 20
-34.3275
 30
0.0
 10
22.4636
 20
-34.3275
 30
0.0
 10
22.4851
 20
-34.3478
 30
0.0
 10
22.4851
 20
-34.3478
 30
0.0
 10
22.7489
 20
-34.6023
 30
0.0
 10
22.7489
 20
-34.6023
 30
0.0
  0
SPLINE
  5
CF
330
1F
100
AcDbEntity
  8
Layer 1
 62
   250
100
AcDbSpline
210
0.0
220
0.0
230
1.0
 70
    11
 71
     3
 72
    17
 73
    13
 74
     0
 42
0.0000000001
 43
0.0000000001
 40
0.0
 40
0.0
 40
0.0
 40
0.0
 40
0.25
 40
0.25
 40
0.25
 40
0.5
 40
0.5
 40
0.5
 40
0.75
 40
0.75
 40
0.75
 40
1.0
 40
1.0
 40
1.0
 40
1.0
 10
-48.3504
 20
25.5116
 30
0.0
 10
-48.3504
 20
25.5116
 30
0.0
 10
-48.3504
 20
-0.0277
 30
0.0
 10
-48.3504
 20
-0.0277
 30
0.0
 10
-48.3504
 20
-0.0277
 30
0.0
 10
-48.889
 20
-0.0277
 30
0.0
 10
-48.889
 20
-0.0277
 30
0.0
 10
-48.889
 20
-0.0277
 30
0.0
 10
-48.889
 20
25.5116
 30
0.0
 10
-48.889
 20
25.5116
 30
0.0
 10
-48.889
 20
25.5116
 30
0.0
 10
-48.3504
 20
25.5116
 30
0.0
 10
-48.3504
 20
25.5116
 30
0.0
  0
SPLINE
  5
D0
330
1F
100
AcDbEntity
  8
Layer 1
 62
   250
100
AcDbSpline
210
0.0
220
0.0
230
1.0
 70
    11
 71
     3
 72
    65
 73
    61
 74
     0
 42
0.0000000001
 43
0.0000000001
 40
0.0
 40
0.0
 40
0.0
 40
0.0
 40
0.05
 40
0.05
 40
0.05
 40
0.1
 40
0.1
 40
0.1
 40
0.15
 40
0.15
 40
0.15
 40
0.2
 40
0.2
 40
0.2
 40
0.25
 40
0.25
 40
0.25
 40
0.3
 40
0.3
 40
0.3
 40
0.35
 40
0.35
 40
0.35
 40
0.4
 40
0.4
 40
0.4
 40
0.45
 40
0.45
 40
0.45
 40
0.5
 40
0.5
 40
0.5
 40
0.55
 40
0.55
 40
0.55
 40
0.6000000000000001
 40
0.6000000000000001
 40
0.6000000000000001
 40
0.65
 40
0.65
 40
0.65
 40
0.7000000000000001
 40
0.7000000000000001
 40
0.7000000000000001
 40
0.75
 40
0.75
 40
0.75
 40
0.8
 40
0.8
 40
0.8
 40
0.8500000000000001
 40
0.8500000000000001
 40
0.8500000000000001
 40
0.9
 40
0.9
 40
0.9
 40
0.9500000000000001
 40
0.9500000000000001
 40
0.9500000000000001
 40
1.0
 40
1.0
 40
1.0
 40
1.0
 10
-50.1643
 20
22.6685
 30
0.0
 10
-50.1643
 20
22.6685
 30
0.0
 10
-52.6898
 20
22.8051
 30
0.0
 10
-52.6898
 20
22.8051
 30
0.0
 10
-52.6898
 20
22.8051
 30
0.0
 10
-55.7953
 20
21.77
 30
0.0
 10
-55.7953
 20
21.77
 30
0.0
 10
-55.7953
 20
21.77
 30
0.0
 10
-54.2634
 20
21.3194
 30
0.0
 10
-54.2634
 20
21.3194
 30
0.0
 10
-54.2634
 20
21.3194
 30
0.0
 10
-51.3769
 20
20.7008
 30
0.0
 10
-51.3769
 20
20.7008
 30
0.0
 10
-51.3769
 20
20.7008
 30
0.0
 10
-50.1154
 20
20.7008
 30
0.0
 10
-50.1154
 20
20.7008
 30
0.0
 10
-50.1154
 20
20.7008
 30
0.0
 10
-50.1154
 20
20.1622
 30
0.0
 10
-50.1154
 20
20.1622
 30
0.0
 10
-50.1154
 20
20.1622
 30
0.0
 10
-51.1811
 20
20.1622
 30
0.0
 10
-51.1811
 20
20.1622
 30
0.0
 10
-51.1811
 20
20.1622
 30
0.0
 10
-52.2612
 20
14.5073
 30
0.0
 10
-52.2612
 20
14.5073
 30
0.0
 10
-52.2612
 20
14.5073
 30
0.0
 10
-49.9042
 20
14.5073
 30
0.0
 10
-49.9042
 20
14.5073
 30
0.0
 10
-49.9042
 20
14.5073
 30
0.0
 10
-49.9042
 20
13.9687
 30
0.0
 10
-49.9042
 20
13.9687
 30
0.0
 10
-49.9042
 20
13.9687
 30
0.0
 10
-52.2631
 20
13.9687
 30
0.0
 10
-52.2631
 20
13.9687
 30
0.0
 10
-52.2631
 20
13.9687
 30
0.0
 10
-50.3042
 20
3.4307
 30
0.0
 10
-50.3042
 20
3.4307
 30
0.0
 10
-50.3042
 20
3.4307
 30
0.0
 10
-50.7763
 20
3.2129
 30
0.0
 10
-50.7763
 20
3.2129
 30
0.0
 10
-50.7763
 20
3.2129
 30
0.0
 10
-62.3577
 20
17.4777
 30
0.0
 10
-62.3577
 20
17.4777
 30
0.0
 10
-62.3577
 20
17.4777
 30
0.0
 10
-56.8612
 20
21.962
 30
0.0
 10
-56.8612
 20
21.962
 30
0.0
 10
-56.8612
 20
21.962
 30
0.0
 10
-56.7761
 20
22.0083
 30
0.0
 10
-56.7761
 20
22.0083
 30
0.0
 10
-56.7761
 20
22.0083
 30
0.0
 10
-52.8095
 20
23.3306
 30
0.0
 10
-52.8095
 20
23.3306
 30
0.0
 10
-52.8095
 20
23.3306
 30
0.0
 10
-52.7116
 20
23.3441
 30
0.0
 10
-52.7116
 20
23.3441
 30
0.0
 10
-52.7116
 20
23.3441
 30
0.0
 10
-50.1368
 20
23.2048
 30
0.0
 10
-50.1368
 20
23.2048
 30
0.0
 10
-50.1368
 20
23.2048
 30
0.0
 10
-50.1643
 20
22.6685
 30
0.0
 10
-50.1643
 20
22.6685
 30
0.0
  0
SPLINE
  5
D1
330
1F
100
AcDbEntity
  8
Layer 1
 62
   250
100
AcDbSpline
210
0.0
220
0.0
230
1.0
 70
    11
 71
     3
 72
    17
 73
    13
 74
     0
 42
0.0000000001
 43
0.0000000001
 40
0.0
 40
0.0
 40
0.0
 40
0.0
 40
0.25
 40
0.25
 40
0.25
 40
0.5
 40
0.5
 40
0.5
 40
0.75
 40
0.75
 40
0.75
 40
1.0
 40
1.0
 40
1.0
 40
1.0
 10
-56.6322
 20
21.4562
 30
0.0
 10
-56.6322
 20
21.4562
 30
0.0
 10
-61.4949
 20
17.4894
 30
0.0
 10
-61.4949
 20
17.4894
 30
0.0
 10
-61.4949
 20
17.4894
 30
0.0
 10
-57.1704
 20
15.2358
 30
0.0
 10
-57.1704
 20
15.2358
 30
0.0
 10
-57.1704
 20
15.2358
 30
0.0
 10
-54.6943
 20
20.8863
 30
0.0
 10
-54.6943
 20
20.8863
 30
0.0
 10
-54.6943
 20
20.8863
 30
0.0
 10
-56.6322
 20
21.4562
 30
0.0
 10
-56.6322
 20
21.4562
 30
0.0
  0
SPLINE
  5
D2
330
1F
100
AcDbEntity
  8
Layer 1
 62
   250
100
AcDbSpline
210
0.0
220
0.0
230
1.0
 70
    11
 71
     3
 72
    14
 73
    10
 74
     0
 42
0.0000000001
 43
0.0000000001
 40
0.0
 40
0.0
 40
0.0
 40
0.0
 40
0.3333333333333333
 40
0.3333333333333333
 40
0.3333333333333333
 40
0.6666666666666666
 40
0.6666666666666666
 40
0.6666666666666666
 40
1.0
 40
1.0
 40
1.0
 40
1.0
 10
-60.9546
 20
16.6011
 30
0.0
 10
-60.9546
 20
16.6011
 30
0.0
 10
-52.3623
 20
6.0179
 30
0.0
 10
-52.3623
 20
6.0179
 30
0.0
 10
-52.3623
 20
6.0179
 30
0.0
 10
-57.2347
 20
14.6625
 30
0.0
 10
-57.2347
 20
14.6625
 30
0.0
 10
-57.2347
 20
14.6625
 30
0.0
 10
-60.9546
 20
16.6011
 30
0.0
 10
-60.9546
 20
16.6011
 30
0.0
  0
SPLINE
  5
D3
330
1F
100
AcDbEntity
  8
Layer 1
 62
   250
100
AcDbSpline
210
0.0
220
0.0
230
1.0
 70
    11
 71
     3
 72
    14
 73
    10
 74
     0
 42
0.0000000001
 43
0.0000000001
 40
0.0
 40
0.0
 40
0.0
 40
0.0
 40
0.3333333333333333
 40
0.3333333333333333
 40
0.3333333333333333
 40
0.6666666666666666
 40
0.6666666666666666
 40
0.6666666666666666
 40
1.0
 40
1.0
 40
1.0
 40
1.0
 10
-51.1273
 20
4.922
 30
0.0
 10
-51.1273
 20
4.922
 30
0.0
 10
-52.8146
 20
13.9989
 30
0.0
 10
-52.8146
 20
13.9989
 30
0.0
 10
-52.8146
 20
13.9989
 30
0.0
 10
-56.5385
 20
14.5226
 30
0.0
 10
-56.5385
 20
14.5226
 30
0.0
 10
-56.5385
 20
14.5226
 30
0.0
 10
-51.1273
 20
4.922
 30
0.0
 10
-51.1273
 20
4.922
 30
0.0
  0
SPLINE
  5
D4
330
1F
100
AcDbEntity
  8
Layer 1
 62
   250
100
AcDbSpline
210
0.0
220
0.0
230
1.0
 70
    11
 71
     3
 72
    17
 73
    13
 74
     0
 42
0.0000000001
 43
0.0000000001
 40
0.0
 40
0.0
 40
0.0
 40
0.0
 40
0.25
 40
0.25
 40
0.25
 40
0.5
 40
0.5
 40
0.5
 40
0.75
 40
0.75
 40
0.75
 40
1.0
 40
1.0
 40
1.0
 40
1.0
 10
-52.8022
 20
14.5396
 30
0.0
 10
-52.8022
 20
14.5396
 30
0.0
 10
-51.7167
 20
20.2237
 30
0.0
 10
-51.7167
 20
20.2237
 30
0.0
 10
-51.7167
 20
20.2237
 30
0.0
 10
-54.1681
 20
20.7491
 30
0.0
 10
-54.1681
 20
20.7491
 30
0.0
 10
-54.1681
 20
20.7491
 30
0.0
 10
-56.6517
 20
15.081
 30
0.0
 10
-56.6517
 20
15.081
 30
0.0
 10
-56.6517
 20
15.081
 30
0.0
 10
-52.8022
 20
14.5396
 30
0.0
 10
-52.8022
 20
14.5396
 30
0.0
  0
SPLINE
  5
D5
330
1F
100
AcDbEntity
  8
Layer 1
 62
   250
100
AcDbSpline
210
0.0
220
0.0
230
1.0
 70
    11
 71
     3
 72
   149
 73
   145
 74
     0
 42
0.0000000001
 43
0.0000000001
 40
0.0
 40
0.0
 40
0.0
 40
0.0
 40
0.0208333333333333
 40
0.0208333333333333
 40
0.0208333333333333
 40
0.0416666666666667
 40
0.0416666666666667
 40
0.0416666666666667
 40
0.0625
 40
0.0625
 40
0.0625
 40
0.0833333333333333
 40
0.0833333333333333
 40
0.0833333333333333
 40
0.1041666666666667
 40
0.1041666666666667
 40
0.1041666666666667
 40
0.125
 40
0.125
 40
0.125
 40
0.1458333333333333
 40
0.1458333333333333
 40
0.1458333333333333
 40
0.1666666666666667
 40
0.1666666666666667
 40
0.1666666666666667
 40
0.1875
 40
0.1875
 40
0.1875
 40
0.2083333333333333
 40
0.2083333333333333
 40
0.2083333333333333
 40
0.2291666666666667
 40
0.2291666666666667
 40
0.2291666666666667
 40
0.25
 40
0.25
 40
0.25
 40
0.2708333333333333
 40
0.2708333333333333
 40
0.2708333333333333
 40
0.2916666666666666
 40
0.2916666666666666
 40
0.2916666666666666
 40
0.3125
 40
0.3125
 40
0.3125
 40
0.3333333333333333
 40
0.3333333333333333
 40
0.3333333333333333
 40
0.3541666666666666
 40
0.3541666666666666
 40
0.3541666666666666
 40
0.375
 40
0.375
 40
0.375
 40
0.3958333333333333
 40
0.3958333333333333
 40
0.3958333333333333
 40
0.4166666666666666
 40
0.4166666666666666
 40
0.4166666666666666
 40
0.4375
 40
0.4375
 40
0.4375
 40
0.4583333333333333
 40
0.4583333333333333
 40
0.4583333333333333
 40
0.4791666666666666
 40
0.4791666666666666
 40
0.4791666666666666
 40
0.5
 40
0.5
 40
0.5
 40
0.5208333333333333
 40
0.5208333333333333
 40
0.5208333333333333
 40
0.5416666666666666
 40
0.5416666666666666
 40
0.5416666666666666
 40
0.5625
 40
0.5625
 40
0.5625
 40
0.5833333333333333
 40
0.5833333333333333
 40
0.5833333333333333
 40
0.6041666666666666
 40
0.6041666666666666
 40
0.6041666666666666
 40
0.625
 40
0.625
 40
0.625
 40
0.6458333333333333
 40
0.6458333333333333
 40
0.6458333333333333
 40
0.6666666666666666
 40
0.6666666666666666
 40
0.6666666666666666
 40
0.6875
 40
0.6875
 40
0.6875
 40
0.7083333333333333
 40
0.7083333333333333
 40
0.7083333333333333
 40
0.7291666666666666
 40
0.7291666666666666
 40
0.7291666666666666
 40
0.75
 40
0.75
 40
0.75
 40
0.7708333333333333
 40
0.7708333333333333
 40
0.7708333333333333
 40
0.7916666666666666
 40
0.7916666666666666
 40
0.7916666666666666
 40
0.8125
 40
0.8125
 40
0.8125
 40
0.8333333333333333
 40
0.8333333333333333
 40
0.8333333333333333
 40
0.8541666666666666
 40
0.8541666666666666
 40
0.8541666666666666
 40
0.875
 40
0.875
 40
0.875
 40
0.8958333333333333
 40
0.8958333333333333
 40
0.8958333333333333
 40
0.9166666666666666
 40
0.9166666666666666
 40
0.9166666666666666
 40
0.9375
 40
0.9375
 40
0.9375
 40
0.9583333333333333
 40
0.9583333333333333
 40
0.9583333333333333
 40
0.9791666666666666
 40
0.9791666666666666
 40
0.9791666666666666
 40
1.0
 40
1.0
 40
1.0
 40
1.0
 10
-41.4232
 20
15.8037
 30
0.0
 10
-41.6935
 20
15.8037
 30
0.0
 10
-41.903
 20
15.9116
 30
0.0
 10
-42.0514
 20
16.1274
 30
0.0
 10
-42.2075
 20
16.3558
 30
0.0
 10
-42.3357
 20
16.8254
 30
0.0
 10
-42.4348
 20
17.5361
 30
0.0
 10
-42.4741
 20
17.2022
 30
0.0
 10
-42.5414
 20
16.9168
 30
0.0
 10
-42.6353
 20
16.6806
 30
0.0
 10
-42.6847
 20
16.5576
 30
0.0
 10
-42.7851
 20
16.3977
 30
0.0
 10
-42.9361
 20
16.2022
 30
0.0
 10
-43.1468
 20
15.9243
 30
0.0
 10
-43.3599
 20
15.7364
 30
0.0
 10
-43.5757
 20
15.64
 30
0.0
 10
-43.9349
 20
15.4813
 30
0.0
 10
-44.237
 20
15.3367
 30
0.0
 10
-44.4794
 20
15.2046
 30
0.0
 10
-44.5732
 20
15.1551
 30
0.0
 10
-44.6329
 20
15.131
 30
0.0
 10
-44.6583
 20
15.131
 30
0.0
 10
-44.6672
 20
15.131
 30
0.0
 10
-44.6723
 20
15.1336
 30
0.0
 10
-44.6723
 20
15.1387
 30
0.0
 10
-44.6723
 20
15.1653
 30
0.0
 10
-44.6164
 20
15.2236
 30
0.0
 10
-44.5047
 20
15.3125
 30
0.0
 10
-44.1087
 20
15.6272
 30
0.0
 10
-43.8524
 20
15.8329
 30
0.0
 10
-43.7357
 20
15.9305
 30
0.0
 10
-43.426
 20
16.1908
 30
0.0
 10
-43.2
 20
16.4052
 30
0.0
 10
-43.0592
 20
16.5728
 30
0.0
 10
-42.7838
 20
16.9053
 30
0.0
 10
-42.6366
 20
17.1363
 30
0.0
 10
-42.6162
 20
17.2645
 30
0.0
 10
-42.5973
 20
17.4066
 30
0.0
 10
-42.5871
 20
17.578
 30
0.0
 10
-42.5871
 20
17.7785
 30
0.0
 10
-42.5871
 20
18.2468
 30
0.0
 10
-42.6403
 20
18.8382
 30
0.0
 10
-42.747
 20
19.5515
 30
0.0
 10
-42.851
 20
20.1049
 30
0.0
 10
-42.9614
 20
20.7001
 30
0.0
 10
-43.0769
 20
21.3398
 30
0.0
 10
-43.0795
 20
21.3524
 30
0.0
 10
-43.0516
 20
21.5161
 30
0.0
 10
-42.992
 20
21.8309
 30
0.0
 10
-42.9843
 20
21.8753
 30
0.0
 10
-42.9729
 20
21.8981
 30
0.0
 10
-42.9589
 20
21.8981
 30
0.0
 10
-42.9144
 20
21.8981
 30
0.0
 10
-42.8447
 20
21.7103
 30
0.0
 10
-42.7508
 20
21.3358
 30
0.0
 10
-42.6709
 20
21.0097
 30
0.0
 10
-42.6048
 20
20.6835
 30
0.0
 10
-42.5528
 20
20.3586
 30
0.0
 10
-42.4348
 20
19.6149
 30
0.0
 10
-42.3129
 20
18.6491
 30
0.0
 10
-42.1886
 20
17.4625
 30
0.0
 10
-42.1099
 20
16.7035
 30
0.0
 10
-41.8547
 20
16.3241
 30
0.0
 10
-41.4232
 20
16.3241
 30
0.0
 10
-41.3243
 20
16.3241
 30
0.0
 10
-41.1174
 20
16.3431
 30
0.0
 10
-40.8026
 20
16.3799
 30
0.0
 10
-40.7531
 20
16.4649
 30
0.0
 10
-40.6948
 20
16.5538
 30
0.0
 10
-40.6274
 20
16.6476
 30
0.0
 10
-40.6148
 20
16.6895
 30
0.0
 10
-40.5995
 20
16.758
 30
0.0
 10
-40.5793
 20
16.852
 30
0.0
 10
-40.5513
 20
17.1452
 30
0.0
 10
-40.5437
 20
17.3343
 30
0.0
 10
-40.5526
 20
17.4206
 30
0.0
 10
-40.5882
 20
17.7632
 30
0.0
 10
-40.6948
 20
18.5501
 30
0.0
 10
-40.8724
 20
19.7825
 30
0.0
 10
-40.927
 20
20.1594
 30
0.0
 10
-40.9702
 20
20.5262
 30
0.0
 10
-40.9993
 20
20.8828
 30
0.0
 10
-41.0019
 20
20.9082
 30
0.0
 10
-41.0298
 20
20.9768
 30
0.0
 10
-41.0844
 20
21.091
 30
0.0
 10
-41.0946
 20
21.1138
 30
0.0
 10
-41.0476
 20
21.275
 30
0.0
 10
-40.9434
 20
21.5746
 30
0.0
 10
-40.9385
 20
21.5897
 30
0.0
 10
-40.9321
 20
21.5974
 30
0.0
 10
-40.9245
 20
21.5999
 30
0.0
 10
-40.8851
 20
21.5999
 30
0.0
 10
-40.8509
 20
21.5466
 30
0.0
 10
-40.8204
 20
21.44
 30
0.0
 10
-40.7467
 20
21.2775
 30
0.0
 10
-40.6719
 20
21.1125
 30
0.0
 10
-40.5983
 20
20.9462
 30
0.0
 10
-40.4866
 20
20.6937
 30
0.0
 10
-40.4307
 20
20.5351
 30
0.0
 10
-40.4307
 20
20.4703
 30
0.0
 10
-40.4307
 20
20.4449
 30
0.0
 10
-40.4383
 20
20.4322
 30
0.0
 10
-40.4523
 20
20.4322
 30
0.0
 10
-40.4651
 20
20.4322
 30
0.0
 10
-40.4815
 20
20.4399
 30
0.0
 10
-40.5006
 20
20.4551
 30
0.0
 10
-40.5526
 20
20.4919
 30
0.0
 10
-40.6199
 20
20.5541
 30
0.0
 10
-40.7024
 20
20.6417
 30
0.0
 10
-40.7048
 20
20.5909
 30
0.0
 10
-40.658
 20
20.2799
 30
0.0
 10
-40.564
 20
19.7076
 30
0.0
 10
-40.4498
 20
19.0388
 30
0.0
 10
-40.3749
 20
18.4384
 30
0.0
 10
-40.3381
 20
17.9079
 30
0.0
 10
-40.333
 20
17.8559
 30
0.0
 10
-40.3305
 20
17.8026
 30
0.0
 10
-40.3305
 20
17.7481
 30
0.0
 10
-40.3305
 20
17.4434
 30
0.0
 10
-40.3851
 20
17.1376
 30
0.0
 10
-40.4942
 20
16.8304
 30
0.0
 10
-40.201
 20
17.2112
 30
0.0
 10
-39.9028
 20
17.531
 30
0.0
 10
-39.597
 20
17.7899
 30
0.0
 10
-39.2454
 20
18.0869
 30
0.0
 10
-38.9547
 20
18.2354
 30
0.0
 10
-38.7238
 20
18.2354
 30
0.0
 10
-38.4433
 20
18.2354
 30
0.0
 10
-38.1983
 20
18.1618
 30
0.0
 10
-37.9876
 20
18.0158
 30
0.0
 10
-37.8468
 20
17.9168
 30
0.0
 10
-37.7604
 20
17.8292
 30
0.0
 10
-37.7313
 20
17.7518
 30
0.0
 10
-37.7135
 20
17.6922
 30
0.0
 10
-37.7047
 20
17.6288
 30
0.0
 10
-37.7047
 20
17.5627
 30
0.0
 10
-37.7047
 20
17.3077
 30
0.0
 10
-37.7922
 20
17.0957
 30
0.0
 10
-37.9648
 20
16.9268
 30
0.0
 10
-38.3621
 20
16.6172
 30
0.0
 10
-39.0322
 20
16.338
 30
0.0
 10
-39.9764
 20
16.0906
 30
0.0
 10
-40.7099
 20
15.8988
 30
0.0
 10
-41.1922
 20
15.8037
 30
0.0
 10
-41.4232
 20
15.8037
 30
0.0
  0
SPLINE
  5
D6
330
1F
100
AcDbEntity
  8
Layer 1
 62
   250
100
AcDbSpline
210
0.0
220
0.0
230
1.0
 70
    11
 71
     3
 72
   140
 73
   136
 74
     0
 42
0.0000000001
 43
0.0000000001
 40
0.0
 40
0.0
 40
0.0
 40
0.0
 40
0.0222222222222222
 40
0.0222222222222222
 40
0.0222222222222222
 40
0.0444444444444444
 40
0.0444444444444444
 40
0.0444444444444444
 40
0.0666666666666667
 40
0.0666666666666667
 40
0.0666666666666667
 40
0.0888888888888889
 40
0.0888888888888889
 40
0.0888888888888889
 40
0.1111111111111111
 40
0.1111111111111111
 40
0.1111111111111111
 40
0.1333333333333333
 40
0.1333333333333333
 40
0.1333333333333333
 40
0.1555555555555556
 40
0.1555555555555556
 40
0.1555555555555556
 40
0.1777777777777778
 40
0.1777777777777778
 40
0.1777777777777778
 40
0.2
 40
0.2
 40
0.2
 40
0.2222222222222222
 40
0.2222222222222222
 40
0.2222222222222222
 40
0.2444444444444445
 40
0.2444444444444445
 40
0.2444444444444445
 40
0.2666666666666667
 40
0.2666666666666667
 40
0.2666666666666667
 40
0.2888888888888889
 40
0.2888888888888889
 40
0.2888888888888889
 40
0.3111111111111111
 40
0.3111111111111111
 40
0.3111111111111111
 40
0.3333333333333334
 40
0.3333333333333334
 40
0.3333333333333334
 40
0.3555555555555556
 40
0.3555555555555556
 40
0.3555555555555556
 40
0.3777777777777778
 40
0.3777777777777778
 40
0.3777777777777778
 40
0.4
 40
0.4
 40
0.4
 40
0.4222222222222222
 40
0.4222222222222222
 40
0.4222222222222222
 40
0.4444444444444445
 40
0.4444444444444445
 40
0.4444444444444445
 40
0.4666666666666667
 40
0.4666666666666667
 40
0.4666666666666667
 40
0.4888888888888889
 40
0.4888888888888889
 40
0.4888888888888889
 40
0.5111111111111112
 40
0.5111111111111112
 40
0.5111111111111112
 40
0.5333333333333333
 40
0.5333333333333333
 40
0.5333333333333333
 40
0.5555555555555556
 40
0.5555555555555556
 40
0.5555555555555556
 40
0.5777777777777778
 40
0.5777777777777778
 40
0.5777777777777778
 40
0.6
 40
0.6
 40
0.6
 40
0.6222222222222222
 40
0.6222222222222222
 40
0.6222222222222222
 40
0.6444444444444445
 40
0.6444444444444445
 40
0.6444444444444445
 40
0.6666666666666667
 40
0.6666666666666667
 40
0.6666666666666667
 40
0.6888888888888889
 40
0.6888888888888889
 40
0.6888888888888889
 40
0.7111111111111111
 40
0.7111111111111111
 40
0.7111111111111111
 40
0.7333333333333334
 40
0.7333333333333334
 40
0.7333333333333334
 40
0.7555555555555555
 40
0.7555555555555555
 40
0.7555555555555555
 40
0.7777777777777778
 40
0.7777777777777778
 40
0.7777777777777778
 40
0.8
 40
0.8
 40
0.8
 40
0.8222222222222223
 40
0.8222222222222223
 40
0.8222222222222223
 40
0.8444444444444444
 40
0.8444444444444444
 40
0.8444444444444444
 40
0.8666666666666667
 40
0.8666666666666667
 40
0.8666666666666667
 40
0.888888888888889
 40
0.888888888888889
 40
0.888888888888889
 40
0.9111111111111111
 40
0.9111111111111111
 40
0.9111111111111111
 40
0.9333333333333333
 40
0.9333333333333333
 40
0.9333333333333333
 40
0.9555555555555556
 40
0.9555555555555556
 40
0.9555555555555556
 40
0.9777777777777779
 40
0.9777777777777779
 40
0.9777777777777779
 40
1.0
 40
1.0
 40
1.0
 40
1.0
 10
-22.4202
 20
22.2179
 30
0.0
 10
-22.4151
 20
22.1824
 30
0.0
 10
-22.4125
 20
22.1482
 30
0.0
 10
-22.4125
 20
22.1139
 30
0.0
 10
-22.4125
 20
21.8309
 30
0.0
 10
-22.5635
 20
21.487
 30
0.0
 10
-22.8657
 20
21.0795
 30
0.0
 10
-23.0814
 20
20.8029
 30
0.0
 10
-23.2972
 20
20.5236
 30
0.0
 10
-23.5129
 20
20.2431
 30
0.0
 10
-23.5332
 20
20.2114
 30
0.0
 10
-23.5535
 20
20.1899
 30
0.0
 10
-23.5764
 20
20.1797
 30
0.0
 10
-23.6017
 20
20.167
 30
0.0
 10
-23.6132
 20
20.1746
 30
0.0
 10
-23.6132
 20
20.2025
 30
0.0
 10
-23.6132
 20
20.2242
 30
0.0
 10
-23.6055
 20
20.2546
 30
0.0
 10
-23.5916
 20
20.2914
 30
0.0
 10
-23.5243
 20
20.4628
 30
0.0
 10
-23.3403
 20
20.7471
 30
0.0
 10
-23.0407
 20
21.1429
 30
0.0
 10
-22.7781
 20
21.4919
 30
0.0
 10
-22.6486
 20
21.7116
 30
0.0
 10
-22.6511
 20
21.8017
 30
0.0
 10
-22.6524
 20
21.9134
 30
0.0
 10
-22.7704
 20
21.968
 30
0.0
 10
-23.0039
 20
21.968
 30
0.0
 10
-23.4278
 20
21.968
 30
0.0
 10
-24.1944
 20
21.7826
 30
0.0
 10
-25.3049
 20
21.4108
 30
0.0
 10
-25.9395
 20
21.1976
 30
0.0
 10
-26.6033
 20
20.9196
 30
0.0
 10
-27.2949
 20
20.5782
 30
0.0
 10
-27.9739
 20
20.2406
 30
0.0
 10
-28.3446
 20
20.0096
 30
0.0
 10
-28.4067
 20
19.8865
 30
0.0
 10
-28.4118
 20
19.879
 30
0.0
 10
-28.4169
 20
19.8662
 30
0.0
 10
-28.4245
 20
19.8497
 30
0.0
 10
-28.3484
 20
19.7901
 30
0.0
 10
-28.2468
 20
19.7291
 30
0.0
 10
-28.1199
 20
19.667
 30
0.0
 10
-28.045
 20
19.6327
 30
0.0
 10
-27.9701
 20
19.5959
 30
0.0
 10
-27.8927
 20
19.559
 30
0.0
 10
-27.7938
 20
19.502
 30
0.0
 10
-27.7442
 20
19.4614
 30
0.0
 10
-27.7442
 20
19.436
 30
0.0
 10
-27.7442
 20
19.4144
 30
0.0
 10
-27.7785
 20
19.4042
 30
0.0
 10
-27.8445
 20
19.4067
 30
0.0
 10
-27.8775
 20
19.4118
 30
0.0
 10
-27.9346
 20
19.4195
 30
0.0
 10
-28.0158
 20
19.4284
 30
0.0
 10
-27.9663
 20
19.3319
 30
0.0
 10
-27.616
 20
19.0514
 30
0.0
 10
-26.9637
 20
18.5844
 30
0.0
 10
-26.3215
 20
18.1211
 30
0.0
 10
-25.956
 20
17.7911
 30
0.0
 10
-25.8672
 20
17.5957
 30
0.0
 10
-25.8443
 20
17.3228
 30
0.0
 10
-25.8328
 20
17.2061
 30
0.0
 10
-25.8328
 20
17.2467
 30
0.0
 10
-25.8328
 20
17.0157
 30
0.0
 10
-25.8862
 20
16.8164
 30
0.0
 10
-25.9928
 20
16.6476
 30
0.0
 10
-26.0625
 20
16.5385
 30
0.0
 10
-26.2543
 20
16.3824
 30
0.0
 10
-26.569
 20
16.1793
 30
0.0
 10
-26.9364
 20
15.942
 30
0.0
 10
-27.2477
 20
15.8168
 30
0.0
 10
-27.5031
 20
15.8046
 30
0.0
 10
-27.5031
 20
15.8046
 30
0.0
 10
-27.5031
 20
15.8037
 30
0.0
 10
-27.5031
 20
15.8037
 30
0.0
 10
-27.5031
 20
15.8037
 30
0.0
 10
-27.5217
 20
15.804
 30
0.0
 10
-27.5217
 20
15.804
 30
0.0
 10
-27.5217
 20
15.804
 30
0.0
 10
-27.5437
 20
15.8037
 30
0.0
 10
-27.5437
 20
15.8037
 30
0.0
 10
-27.5437
 20
15.8037
 30
0.0
 10
-27.5437
 20
15.8049
 30
0.0
 10
-27.5437
 20
15.8049
 30
0.0
 10
-27.7531
 20
15.8172
 30
0.0
 10
-27.9489
 20
15.9246
 30
0.0
 10
-28.1313
 20
16.1274
 30
0.0
 10
-28.2772
 20
16.291
 30
0.0
 10
-28.3776
 20
16.4636
 30
0.0
 10
-28.4322
 20
16.6438
 30
0.0
 10
-28.5045
 20
16.88
 30
0.0
 10
-28.573
 20
17.3279
 30
0.0
 10
-28.6402
 20
17.9904
 30
0.0
 10
-28.7151
 20
18.7291
 30
0.0
 10
-28.8002
 20
19.4195
 30
0.0
 10
-28.8967
 20
20.0604
 30
0.0
 10
-28.9246
 20
20.2495
 30
0.0
 10
-28.988
 20
20.5021
 30
0.0
 10
-29.087
 20
20.8194
 30
0.0
 10
-29.1759
 20
21.1125
 30
0.0
 10
-29.2203
 20
21.2661
 30
0.0
 10
-29.2203
 20
21.2801
 30
0.0
 10
-29.186
 20
21.3968
 30
0.0
 10
-29.1466
 20
21.5466
 30
0.0
 10
-29.101
 20
21.7307
 30
0.0
 10
-29.0947
 20
21.7433
 30
0.0
 10
-29.0845
 20
21.7496
 30
0.0
 10
-29.0717
 20
21.7496
 30
0.0
 10
-29.0096
 20
21.7496
 30
0.0
 10
-28.9233
 20
21.5618
 30
0.0
 10
-28.8116
 20
21.1874
 30
0.0
 10
-28.7076
 20
20.8384
 30
0.0
 10
-28.6289
 20
20.5021
 30
0.0
 10
-28.5768
 20
20.1797
 30
0.0
 10
-28.5634
 20
20.0939
 30
0.0
 10
-28.5504
 20
20.0078
 30
0.0
 10
-28.5378
 20
19.9214
 30
0.0
 10
-28.5294
 20
19.9282
 30
0.0
 10
-28.5204
 20
19.9277
 30
0.0
 10
-28.5107
 20
19.9195
 30
0.0
 10
-28.4905
 20
20.0566
 30
0.0
 10
-28.4524
 20
20.1974
 30
0.0
 10
-28.3954
 20
20.3435
 30
0.0
 10
-28.2189
 20
20.4894
 30
0.0
 10
-27.8521
 20
20.7076
 30
0.0
 10
-27.2949
 20
20.9983
 30
0.0
 10
-26.6401
 20
21.3422
 30
0.0
 10
-26.0257
 20
21.6163
 30
0.0
 10
-25.4509
 20
21.8194
 30
0.0
 10
-24.3467
 20
22.2116
 30
0.0
 10
-23.452
 20
22.4261
 30
0.0
 10
-22.7653
 20
22.4629
 30
0.0
 10
-22.5572
 20
22.4731
 30
0.0
 10
-22.4417
 20
22.3906
 30
0.0
 10
-22.4202
 20
22.2179
 30
0.0
  0
SPLINE
  5
D7
330
1F
100
AcDbEntity
  8
Layer 1
 62
   250
100
AcDbSpline
210
0.0
220
0.0
230
1.0
 70
    11
 71
     3
 72
    29
 73
    25
 74
     0
 42
0.0000000001
 43
0.0000000001
 40
0.0
 40
0.0
 40
0.0
 40
0.0
 40
0.125
 40
0.125
 40
0.125
 40
0.25
 40
0.25
 40
0.25
 40
0.375
 40
0.375
 40
0.375
 40
0.5
 40
0.5
 40
0.5
 40
0.625
 40
0.625
 40
0.625
 40
0.75
 40
0.75
 40
0.75
 40
0.875
 40
0.875
 40
0.875
 40
1.0
 40
1.0
 40
1.0
 40
1.0
 10
-27.5181
 20
16.3244
 30
0.0
 10
-27.23
 20
16.3315
 30
0.0
 10
-26.8831
 20
16.4596
 30
0.0
 10
-26.4763
 20
16.7073
 30
0.0
 10
-26.0918
 20
16.9408
 30
0.0
 10
-25.9115
 20
17.0855
 30
0.0
 10
-25.9332
 20
17.1426
 30
0.0
 10
-25.9738
 20
17.2441
 30
0.0
 10
-26.3685
 20
17.5843
 30
0.0
 10
-27.1198
 20
18.1643
 30
0.0
 10
-27.8795
 20
18.7511
 30
0.0
 10
-28.3305
 20
19.1715
 30
0.0
 10
-28.4707
 20
19.4252
 30
0.0
 10
-28.4296
 20
19.0972
 30
0.0
 10
-28.3942
 20
18.765
 30
0.0
 10
-28.3648
 20
18.4283
 30
0.0
 10
-28.3408
 20
18.1046
 30
0.0
 10
-28.314
 20
17.7798
 30
0.0
 10
-28.2874
 20
17.4548
 30
0.0
 10
-28.2404
 20
17.078
 30
0.0
 10
-28.1237
 20
16.7835
 30
0.0
 10
-27.9372
 20
16.5728
 30
0.0
 10
-27.7963
 20
16.4135
 30
0.0
 10
-27.6566
 20
16.33
 30
0.0
 10
-27.5181
 20
16.3244
 30
0.0
  0
SPLINE
  5
D8
330
1F
100
AcDbEntity
  8
Layer 1
 62
   250
100
AcDbSpline
210
0.0
220
0.0
230
1.0
 70
    11
 71
     3
 72
    32
 73
    28
 74
     0
 42
0.0000000001
 43
0.0000000001
 40
0.0
 40
0.0
 40
0.0
 40
0.0
 40
0.1111111111111111
 40
0.1111111111111111
 40
0.1111111111111111
 40
0.2222222222222222
 40
0.2222222222222222
 40
0.2222222222222222
 40
0.3333333333333333
 40
0.3333333333333333
 40
0.3333333333333333
 40
0.4444444444444444
 40
0.4444444444444444
 40
0.4444444444444444
 40
0.5555555555555556
 40
0.5555555555555556
 40
0.5555555555555556
 40
0.6666666666666666
 40
0.6666666666666666
 40
0.6666666666666666
 40
0.7777777777777777
 40
0.7777777777777777
 40
0.7777777777777777
 40
0.8888888888888888
 40
0.8888888888888888
 40
0.8888888888888888
 40
1.0
 40
1.0
 40
1.0
 40
1.0
 10
-23.0218
 20
22.7713
 30
0.0
 10
-22.9899
 20
22.7713
 30
0.0
 10
-22.9761
 20
22.7447
 30
0.0
 10
-22.9811
 20
22.6901
 30
0.0
 10
-22.9837
 20
22.6355
 30
0.0
 10
-23.0001
 20
22.6076
 30
0.0
 10
-23.0293
 20
22.6076
 30
0.0
 10
-23.6119
 20
22.6126
 30
0.0
 10
-24.5942
 20
22.3525
 30
0.0
 10
-25.9751
 20
21.8271
 30
0.0
 10
-27.2366
 20
21.3486
 30
0.0
 10
-28.0628
 20
20.964
 30
0.0
 10
-28.455
 20
20.6746
 30
0.0
 10
-28.4626
 20
20.6696
 30
0.0
 10
-28.4701
 20
20.667
 30
0.0
 10
-28.4803
 20
20.667
 30
0.0
 10
-28.5375
 20
20.667
 30
0.0
 10
-28.5666
 20
20.6963
 30
0.0
 10
-28.5666
 20
20.7559
 30
0.0
 10
-28.5666
 20
20.7711
 30
0.0
 10
-28.5615
 20
20.7826
 30
0.0
 10
-28.5515
 20
20.7901
 30
0.0
 10
-28.0881
 20
21.124
 30
0.0
 10
-27.2036
 20
21.5378
 30
0.0
 10
-25.9002
 20
22.0276
 30
0.0
 10
-24.5143
 20
22.548
 30
0.0
 10
-23.5548
 20
22.7966
 30
0.0
 10
-23.0218
 20
22.7713
 30
0.0
  0
SPLINE
  5
D9
330
1F
100
AcDbEntity
  8
Layer 1
 62
   250
100
AcDbSpline
210
0.0
220
0.0
230
1.0
 70
    11
 71
     3
 72
   242
 73
   238
 74
     0
 42
0.0000000001
 43
0.0000000001
 40
0.0
 40
0.0
 40
0.0
 40
0.0
 40
0.0126582278481013
 40
0.0126582278481013
 40
0.0126582278481013
 40
0.0253164556962025
 40
0.0253164556962025
 40
0.0253164556962025
 40
0.0379746835443038
 40
0.0379746835443038
 40
0.0379746835443038
 40
0.0506329113924051
 40
0.0506329113924051
 40
0.0506329113924051
 40
0.0632911392405063
 40
0.0632911392405063
 40
0.0632911392405063
 40
0.0759493670886076
 40
0.0759493670886076
 40
0.0759493670886076
 40
0.0886075949367089
 40
0.0886075949367089
 40
0.0886075949367089
 40
0.1012658227848101
 40
0.1012658227848101
 40
0.1012658227848101
 40
0.1139240506329114
 40
0.1139240506329114
 40
0.1139240506329114
 40
0.1265822784810127
 40
0.1265822784810127
 40
0.1265822784810127
 40
0.1392405063291139
 40
0.1392405063291139
 40
0.1392405063291139
 40
0.1518987341772152
 40
0.1518987341772152
 40
0.1518987341772152
 40
0.1645569620253164
 40
0.1645569620253164
 40
0.1645569620253164
 40
0.1772151898734177
 40
0.1772151898734177
 40
0.1772151898734177
 40
0.189873417721519
 40
0.189873417721519
 40
0.189873417721519
 40
0.2025316455696203
 40
0.2025316455696203
 40
0.2025316455696203
 40
0.2151898734177215
 40
0.2151898734177215
 40
0.2151898734177215
 40
0.2278481012658228
 40
0.2278481012658228
 40
0.2278481012658228
 40
0.2405063291139241
 40
0.2405063291139241
 40
0.2405063291139241
 40
0.2531645569620253
 40
0.2531645569620253
 40
0.2531645569620253
 40
0.2658227848101266
 40
0.2658227848101266
 40
0.2658227848101266
 40
0.2784810126582278
 40
0.2784810126582278
 40
0.2784810126582278
 40
0.2911392405063291
 40
0.2911392405063291
 40
0.2911392405063291
 40
0.3037974683544304
 40
0.3037974683544304
 40
0.3037974683544304
 40
0.3164556962025317
 40
0.3164556962025317
 40
0.3164556962025317
 40
0.3291139240506329
 40
0.3291139240506329
 40
0.3291139240506329
 40
0.3417721518987342
 40
0.3417721518987342
 40
0.3417721518987342
 40
0.3544303797468354
 40
0.3544303797468354
 40
0.3544303797468354
 40
0.3670886075949367
 40
0.3670886075949367
 40
0.3670886075949367
 40
0.3797468354430379
 40
0.3797468354430379
 40
0.3797468354430379
 40
0.3924050632911392
 40
0.3924050632911392
 40
0.3924050632911392
 40
0.4050632911392405
 40
0.4050632911392405
 40
0.4050632911392405
 40
0.4177215189873418
 40
0.4177215189873418
 40
0.4177215189873418
 40
0.4303797468354431
 40
0.4303797468354431
 40
0.4303797468354431
 40
0.4430379746835443
 40
0.4430379746835443
 40
0.4430379746835443
 40
0.4556962025316456
 40
0.4556962025316456
 40
0.4556962025316456
 40
0.4683544303797468
 40
0.4683544303797468
 40
0.4683544303797468
 40
0.4810126582278481
 40
0.4810126582278481
 40
0.4810126582278481
 40
0.4936708860759493
 40
0.4936708860759493
 40
0.4936708860759493
 40
0.5063291139240507
 40
0.5063291139240507
 40
0.5063291139240507
 40
0.5189873417721519
 40
0.5189873417721519
 40
0.5189873417721519
 40
0.5316455696202531
 40
0.5316455696202531
 40
0.5316455696202531
 40
0.5443037974683544
 40
0.5443037974683544
 40
0.5443037974683544
 40
0.5569620253164557
 40
0.5569620253164557
 40
0.5569620253164557
 40
0.569620253164557
 40
0.569620253164557
 40
0.569620253164557
 40
0.5822784810126582
 40
0.5822784810126582
 40
0.5822784810126582
 40
0.5949367088607594
 40
0.5949367088607594
 40
0.5949367088607594
 40
0.6075949367088608
 40
0.6075949367088608
 40
0.6075949367088608
 40
0.620253164556962
 40
0.620253164556962
 40
0.620253164556962
 40
0.6329113924050633
 40
0.6329113924050633
 40
0.6329113924050633
 40
0.6455696202531646
 40
0.6455696202531646
 40
0.6455696202531646
 40
0.6582278481012658
 40
0.6582278481012658
 40
0.6582278481012658
 40
0.6708860759493671
 40
0.6708860759493671
 40
0.6708860759493671
 40
0.6835443037974683
 40
0.6835443037974683
 40
0.6835443037974683
 40
0.6962025316455696
 40
0.6962025316455696
 40
0.6962025316455696
 40
0.7088607594936709
 40
0.7088607594936709
 40
0.7088607594936709
 40
0.7215189873417721
 40
0.7215189873417721
 40
0.7215189873417721
 40
0.7341772151898734
 40
0.7341772151898734
 40
0.7341772151898734
 40
0.7468354430379747
 40
0.7468354430379747
 40
0.7468354430379747
 40
0.7594936708860759
 40
0.7594936708860759
 40
0.7594936708860759
 40
0.7721518987341772
 40
0.7721518987341772
 40
0.7721518987341772
 40
0.7848101265822784
 40
0.7848101265822784
 40
0.7848101265822784
 40
0.7974683544303798
 40
0.7974683544303798
 40
0.7974683544303798
 40
0.810126582278481
 40
0.810126582278481
 40
0.810126582278481
 40
0.8227848101265822
 40
0.8227848101265822
 40
0.8227848101265822
 40
0.8354430379746836
 40
0.8354430379746836
 40
0.8354430379746836
 40
0.8481012658227848
 40
0.8481012658227848
 40
0.8481012658227848
 40
0.8607594936708861
 40
0.8607594936708861
 40
0.8607594936708861
 40
0.8734177215189873
 40
0.8734177215189873
 40
0.8734177215189873
 40
0.8860759493670886
 40
0.8860759493670886
 40
0.8860759493670886
 40
0.8987341772151899
 40
0.8987341772151899
 40
0.8987341772151899
 40
0.9113924050632911
 40
0.9113924050632911
 40
0.9113924050632911
 40
0.9240506329113924
 40
0.9240506329113924
 40
0.9240506329113924
 40
0.9367088607594937
 40
0.9367088607594937
 40
0.9367088607594937
 40
0.9493670886075949
 40
0.9493670886075949
 40
0.9493670886075949
 40
0.9620253164556962
 40
0.9620253164556962
 40
0.9620253164556962
 40
0.9746835443037974
 40
0.9746835443037974
 40
0.9746835443037974
 40
0.9873417721518987
 40
0.9873417721518987
 40
0.9873417721518987
 40
1.0
 40
1.0
 40
1.0
 40
1.0
 10
-29.3535
 20
17.2315
 30
0.0
 10
-29.3446
 20
16.7556
 30
0.0
 10
-29.4171
 20
16.4103
 30
0.0
 10
-29.5732
 20
16.1946
 30
0.0
 10
-29.7475
 20
15.9548
 30
0.0
 10
-29.9509
 20
15.8249
 30
0.0
 10
-30.1836
 20
15.806
 30
0.0
 10
-30.1836
 20
15.806
 30
0.0
 10
-30.1836
 20
15.8037
 30
0.0
 10
-30.1836
 20
15.8037
 30
0.0
 10
-30.1992
 20
15.8032
 30
0.0
 10
-30.2144
 20
15.8032
 30
0.0
 10
-30.2291
 20
15.8038
 30
0.0
 10
-30.2291
 20
15.8038
 30
0.0
 10
-30.2433
 20
15.8037
 30
0.0
 10
-30.2433
 20
15.8037
 30
0.0
 10
-30.2433
 20
15.8037
 30
0.0
 10
-30.2433
 20
15.8046
 30
0.0
 10
-30.2433
 20
15.8046
 30
0.0
 10
-30.2968
 20
15.8082
 30
0.0
 10
-30.3439
 20
15.8188
 30
0.0
 10
-30.3841
 20
15.8367
 30
0.0
 10
-30.3613
 20
15.7276
 30
0.0
 10
-30.3512
 20
15.6234
 30
0.0
 10
-30.3512
 20
15.5245
 30
0.0
 10
-30.3512
 20
15.3493
 30
0.0
 10
-30.3956
 20
15.1374
 30
0.0
 10
-30.4845
 20
14.8886
 30
0.0
 10
-30.5073
 20
14.8265
 30
0.0
 10
-30.624
 20
14.7021
 30
0.0
 10
-30.8373
 20
14.5129
 30
0.0
 10
-31.1
 20
14.2781
 30
0.0
 10
-31.3754
 20
14.0852
 30
0.0
 10
-31.6635
 20
13.9329
 30
0.0
 10
-32.0467
 20
13.7324
 30
0.0
 10
-32.4123
 20
13.6322
 30
0.0
 10
-32.7562
 20
13.6322
 30
0.0
 10
-33.3159
 20
13.6322
 30
0.0
 10
-33.5964
 20
13.9939
 30
0.0
 10
-33.5964
 20
14.7185
 30
0.0
 10
-33.5964
 20
14.8186
 30
0.0
 10
-33.5928
 20
14.916
 30
0.0
 10
-33.5858
 20
15.011
 30
0.0
 10
-33.8073
 20
14.8731
 30
0.0
 10
-34.0375
 20
14.7509
 30
0.0
 10
-34.2767
 20
14.6437
 30
0.0
 10
-34.7742
 20
14.4203
 30
0.0
 10
-35.2272
 20
14.3099
 30
0.0
 10
-35.6334
 20
14.3125
 30
0.0
 10
-36.0155
 20
14.3149
 30
0.0
 10
-36.3213
 20
14.4622
 30
0.0
 10
-36.5523
 20
14.7553
 30
0.0
 10
-36.7654
 20
15.0282
 30
0.0
 10
-36.8645
 20
15.3557
 30
0.0
 10
-36.8492
 20
15.7364
 30
0.0
 10
-36.8289
 20
16.2199
 30
0.0
 10
-36.7235
 20
16.6527
 30
0.0
 10
-36.5332
 20
17.0348
 30
0.0
 10
-36.4317
 20
17.2352
 30
0.0
 10
-36.3606
 20
17.3355
 30
0.0
 10
-36.3213
 20
17.3355
 30
0.0
 10
-36.3111
 20
17.333
 30
0.0
 10
-36.306
 20
17.3228
 30
0.0
 10
-36.306
 20
17.3064
 30
0.0
 10
-36.306
 20
17.2492
 30
0.0
 10
-36.3441
 20
17.1426
 30
0.0
 10
-36.4177
 20
16.9865
 30
0.0
 10
-36.5942
 20
16.6223
 30
0.0
 10
-36.6767
 20
16.2618
 30
0.0
 10
-36.6665
 20
15.9077
 30
0.0
 10
-36.6601
 20
15.6132
 30
0.0
 10
-36.5548
 20
15.3633
 30
0.0
 10
-36.3505
 20
15.1602
 30
0.0
 10
-36.1474
 20
14.9571
 30
0.0
 10
-35.9011
 20
14.8556
 30
0.0
 10
-35.6106
 20
14.8556
 30
0.0
 10
-35.1816
 20
14.8556
 30
0.0
 10
-34.7183
 20
14.9571
 30
0.0
 10
-34.2208
 20
15.1602
 30
0.0
 10
-33.9731
 20
15.2591
 30
0.0
 10
-33.7369
 20
15.375
 30
0.0
 10
-33.5119
 20
15.507
 30
0.0
 10
-33.4639
 20
15.7128
 30
0.0
 10
-33.3957
 20
15.9034
 30
0.0
 10
-33.307
 20
16.0791
 30
0.0
 10
-33.2549
 20
16.1831
 30
0.0
 10
-33.2106
 20
16.2352
 30
0.0
 10
-33.1763
 20
16.2352
 30
0.0
 10
-33.1611
 20
16.2352
 30
0.0
 10
-33.1535
 20
16.2199
 30
0.0
 10
-33.1547
 20
16.1908
 30
0.0
 10
-33.1535
 20
16.1527
 30
0.0
 10
-33.1687
 20
16.0994
 30
0.0
 10
-33.1992
 20
16.0309
 30
0.0
 10
-33.2601
 20
15.8896
 30
0.0
 10
-33.3083
 20
15.7492
 30
0.0
 10
-33.3435
 20
15.6102
 30
0.0
 10
-33.2779
 20
15.6521
 30
0.0
 10
-33.2132
 20
15.6955
 30
0.0
 10
-33.1496
 20
15.7402
 30
0.0
 10
-32.8564
 20
15.9433
 30
0.0
 10
-32.7245
 20
16.0638
 30
0.0
 10
-32.7511
 20
16.1006
 30
0.0
 10
-32.7968
 20
16.1654
 30
0.0
 10
-32.9606
 20
16.2238
 30
0.0
 10
-33.2423
 20
16.2758
 30
0.0
 10
-33.6041
 20
16.3456
 30
0.0
 10
-33.8451
 20
16.4052
 30
0.0
 10
-33.9644
 20
16.4547
 30
0.0
 10
-34.2119
 20
16.5563
 30
0.0
 10
-34.3363
 20
16.701
 30
0.0
 10
-34.3363
 20
16.8888
 30
0.0
 10
-34.3363
 20
17.3851
 30
0.0
 10
-34.1243
 20
17.8813
 30
0.0
 10
-33.703
 20
18.3763
 30
0.0
 10
-33.3984
 20
18.7366
 30
0.0
 10
-33.1294
 20
18.9156
 30
0.0
 10
-32.897
 20
18.9156
 30
0.0
 10
-32.7054
 20
18.9156
 30
0.0
 10
-32.6103
 20
18.7773
 30
0.0
 10
-32.6103
 20
18.4993
 30
0.0
 10
-32.6103
 20
18.2861
 30
0.0
 10
-32.6699
 20
18.1796
 30
0.0
 10
-32.7892
 20
18.1796
 30
0.0
 10
-32.7994
 20
18.1796
 30
0.0
 10
-32.8146
 20
18.2175
 30
0.0
 10
-32.8374
 20
18.2925
 30
0.0
 10
-32.8591
 20
18.3687
 30
0.0
 10
-32.9212
 20
18.4067
 30
0.0
 10
-33.0227
 20
18.4067
 30
0.0
 10
-33.2194
 20
18.4067
 30
0.0
 10
-33.4517
 20
18.2404
 30
0.0
 10
-33.7221
 20
17.9079
 30
0.0
 10
-34.0026
 20
17.564
 30
0.0
 10
-34.1421
 20
17.3279
 30
0.0
 10
-34.1421
 20
17.2022
 30
0.0
 10
-34.1421
 20
17.1946
 30
0.0
 10
-34.1409
 20
17.1884
 30
0.0
 10
-34.1383
 20
17.1833
 30
0.0
 10
-34.0394
 20
17.0423
 30
0.0
 10
-33.835
 20
16.9383
 30
0.0
 10
-33.5254
 20
16.8711
 30
0.0
 10
-33.0684
 20
16.772
 30
0.0
 10
-32.8019
 20
16.7061
 30
0.0
 10
-32.7258
 20
16.6743
 30
0.0
 10
-32.6014
 20
16.6223
 30
0.0
 10
-32.5392
 20
16.4941
 30
0.0
 10
-32.5392
 20
16.291
 30
0.0
 10
-32.5392
 20
16.1591
 30
0.0
 10
-32.5633
 20
16.0143
 30
0.0
 10
-32.6103
 20
15.8557
 30
0.0
 10
-32.6445
 20
15.7415
 30
0.0
 10
-32.8209
 20
15.5638
 30
0.0
 10
-33.1382
 20
15.3201
 30
0.0
 10
-33.2284
 20
15.2512
 30
0.0
 10
-33.3203
 20
15.1853
 30
0.0
 10
-33.4138
 20
15.1223
 30
0.0
 10
-33.4146
 20
15.099
 30
0.0
 10
-33.4149
 20
15.0757
 30
0.0
 10
-33.4149
 20
15.0524
 30
0.0
 10
-33.4149
 20
14.4533
 30
0.0
 10
-33.1839
 20
14.1537
 30
0.0
 10
-32.7232
 20
14.1564
 30
0.0
 10
-32.2447
 20
14.1588
 30
0.0
 10
-31.7473
 20
14.3289
 30
0.0
 10
-31.232
 20
14.6666
 30
0.0
 10
-30.8056
 20
14.9457
 30
0.0
 10
-30.5694
 20
15.1628
 30
0.0
 10
-30.5251
 20
15.3163
 30
0.0
 10
-30.52
 20
15.3367
 30
0.0
 10
-30.5174
 20
15.3569
 30
0.0
 10
-30.5174
 20
15.3797
 30
0.0
 10
-30.5174
 20
15.5181
 30
0.0
 10
-30.6444
 20
15.7783
 30
0.0
 10
-30.8969
 20
16.1565
 30
0.0
 10
-30.9045
 20
16.1667
 30
0.0
 10
-30.9083
 20
16.1844
 30
0.0
 10
-30.9083
 20
16.2085
 30
0.0
 10
-30.9083
 20
16.2491
 30
0.0
 10
-30.8969
 20
16.3265
 30
0.0
 10
-30.8754
 20
16.4408
 30
0.0
 10
-30.8525
 20
16.5563
 30
0.0
 10
-30.8411
 20
16.6312
 30
0.0
 10
-30.8411
 20
16.6667
 30
0.0
 10
-30.8284
 20
16.6882
 30
0.0
 10
-30.8118
 20
16.6908
 30
0.0
 10
-30.789
 20
16.6743
 30
0.0
 10
-30.7319
 20
16.5918
 30
0.0
 10
-30.6506
 20
16.4853
 30
0.0
 10
-30.5441
 20
16.3545
 30
0.0
 10
-30.5274
 20
16.3354
 30
0.0
 10
-30.4204
 20
16.3254
 30
0.0
 10
-30.2241
 20
16.3242
 30
0.0
 10
-30.028
 20
16.326
 30
0.0
 10
-29.881
 20
16.3562
 30
0.0
 10
-29.785
 20
16.4128
 30
0.0
 10
-29.7064
 20
16.4585
 30
0.0
 10
-29.6391
 20
16.5385
 30
0.0
 10
-29.5845
 20
16.6553
 30
0.0
 10
-29.5794
 20
16.6629
 30
0.0
 10
-29.577
 20
16.6819
 30
0.0
 10
-29.577
 20
16.715
 30
0.0
 10
-29.577
 20
16.9421
 30
0.0
 10
-29.7025
 20
18.0208
 30
0.0
 10
-29.9526
 20
19.95
 30
0.0
 10
-29.9945
 20
20.2812
 30
0.0
 10
-30.0275
 20
20.6557
 30
0.0
 10
-30.0491
 20
21.0719
 30
0.0
 10
-30.0541
 20
21.0872
 30
0.0
 10
-30.077
 20
21.1214
 30
0.0
 10
-30.1163
 20
21.176
 30
0.0
 10
-30.1315
 20
21.1963
 30
0.0
 10
-30.1391
 20
21.2242
 30
0.0
 10
-30.1391
 20
21.2584
 30
0.0
 10
-30.1391
 20
21.3258
 30
0.0
 10
-30.0985
 20
21.4831
 30
0.0
 10
-30.0198
 20
21.7307
 30
0.0
 10
-30.0147
 20
21.7484
 30
0.0
 10
-30.0072
 20
21.756
 30
0.0
 10
-29.997
 20
21.756
 30
0.0
 10
-29.973
 20
21.756
 30
0.0
 10
-29.9373
 20
21.7001
 30
0.0
 10
-29.893
 20
21.5859
 30
0.0
 10
-29.6378
 20
21.1023
 30
0.0
 10
-29.5109
 20
20.7889
 30
0.0
 10
-29.5109
 20
20.6455
 30
0.0
 10
-29.5109
 20
20.6201
 30
0.0
 10
-29.5173
 20
20.6074
 30
0.0
 10
-29.5325
 20
20.6074
 30
0.0
 10
-29.5452
 20
20.6074
 30
0.0
 10
-29.5617
 20
20.615
 30
0.0
 10
-29.5807
 20
20.6302
 30
0.0
 10
-29.5858
 20
20.6353
 30
0.0
 10
-29.6518
 20
20.7065
 30
0.0
 10
-29.7787
 20
20.846
 30
0.0
 10
-29.6518
 20
19.9233
 30
0.0
 10
-29.5109
 20
18.7189
 30
0.0
 10
-29.3535
 20
17.2315
 30
0.0
  0
SPLINE
  5
DA
330
1F
100
AcDbEntity
  8
Layer 1
 62
   250
100
AcDbSpline
210
0.0
220
0.0
230
1.0
 70
    11
 71
     3
 72
    17
 73
    13
 74
     0
 42
0.0000000001
 43
0.0000000001
 40
0.0
 40
0.0
 40
0.0
 40
0.0
 40
0.25
 40
0.25
 40
0.25
 40
0.5
 40
0.5
 40
0.5
 40
0.75
 40
0.75
 40
0.75
 40
1.0
 40
1.0
 40
1.0
 40
1.0
 10
-37.9686
 20
17.3026
 30
0.0
 10
-38.1843
 20
17.5843
 30
0.0
 10
-38.4826
 20
17.7264
 30
0.0
 10
-38.8608
 20
17.7264
 30
0.0
 10
-39.3127
 20
17.7264
 30
0.0
 10
-39.8736
 20
17.2898
 30
0.0
 10
-40.5463
 20
16.4167
 30
0.0
 10
-40.2265
 20
16.4662
 30
0.0
 10
-39.9383
 20
16.527
 30
0.0
 10
-39.6832
 20
16.5995
 30
0.0
 10
-39.036
 20
16.7784
 30
0.0
 10
-38.4648
 20
17.0119
 30
0.0
 10
-37.9686
 20
17.3026
 30
0.0
  0
SPLINE
  5
DB
330
1F
100
AcDbEntity
  8
Layer 1
 62
   250
100
AcDbSpline
210
0.0
220
0.0
230
1.0
 70
    11
 71
     3
 72
    62
 73
    58
 74
     0
 42
0.0000000001
 43
0.0000000001
 40
0.0
 40
0.0
 40
0.0
 40
0.0
 40
0.0526315789473684
 40
0.0526315789473684
 40
0.0526315789473684
 40
0.1052631578947368
 40
0.1052631578947368
 40
0.1052631578947368
 40
0.1578947368421053
 40
0.1578947368421053
 40
0.1578947368421053
 40
0.2105263157894737
 40
0.2105263157894737
 40
0.2105263157894737
 40
0.2631578947368421
 40
0.2631578947368421
 40
0.2631578947368421
 40
0.3157894736842105
 40
0.3157894736842105
 40
0.3157894736842105
 40
0.3684210526315789
 40
0.3684210526315789
 40
0.3684210526315789
 40
0.4210526315789473
 40
0.4210526315789473
 40
0.4210526315789473
 40
0.4736842105263158
 40
0.4736842105263158
 40
0.4736842105263158
 40
0.5263157894736842
 40
0.5263157894736842
 40
0.5263157894736842
 40
0.5789473684210527
 40
0.5789473684210527
 40
0.5789473684210527
 40
0.631578947368421
 40
0.631578947368421
 40
0.631578947368421
 40
0.6842105263157894
 40
0.6842105263157894
 40
0.6842105263157894
 40
0.7368421052631579
 40
0.7368421052631579
 40
0.7368421052631579
 40
0.7894736842105263
 40
0.7894736842105263
 40
0.7894736842105263
 40
0.8421052631578947
 40
0.8421052631578947
 40
0.8421052631578947
 40
0.894736842105263
 40
0.894736842105263
 40
0.894736842105263
 40
0.9473684210526315
 40
0.9473684210526315
 40
0.9473684210526315
 40
1.0
 40
1.0
 40
1.0
 40
1.0
 10
-42.6873
 20
17.5589
 30
0.0
 10
-42.6873
 20
17.3534
 30
0.0
 10
-42.6987
 20
17.2505
 30
0.0
 10
-42.7204
 20
17.2505
 30
0.0
 10
-42.733
 20
17.2505
 30
0.0
 10
-42.7559
 20
17.2975
 30
0.0
 10
-42.7876
 20
17.3913
 30
0.0
 10
-42.827
 20
17.5031
 30
0.0
 10
-42.8561
 20
17.5729
 30
0.0
 10
-42.8727
 20
17.5995
 30
0.0
 10
-43.0262
 20
17.8496
 30
0.0
 10
-43.1569
 20
18.0272
 30
0.0
 10
-43.2635
 20
18.1313
 30
0.0
 10
-43.5389
 20
18.3674
 30
0.0
 10
-44.0808
 20
18.8738
 30
0.0
 10
-44.8918
 20
19.6517
 30
0.0
 10
-45.0327
 20
19.7888
 30
0.0
 10
-45.1736
 20
19.9233
 30
0.0
 10
-45.3119
 20
20.0579
 30
0.0
 10
-45.463
 20
20.2038
 30
0.0
 10
-45.5835
 20
20.3435
 30
0.0
 10
-45.6724
 20
20.4779
 30
0.0
 10
-45.7028
 20
20.5224
 30
0.0
 10
-45.7802
 20
20.5872
 30
0.0
 10
-45.9072
 20
20.6708
 30
0.0
 10
-45.8919
 20
20.7331
 30
0.0
 10
-45.8919
 20
20.8866
 30
0.0
 10
-45.9072
 20
21.1316
 30
0.0
 10
-45.9123
 20
21.1391
 30
0.0
 10
-45.9147
 20
21.1455
 30
0.0
 10
-45.9147
 20
21.1506
 30
0.0
 10
-45.9147
 20
21.1633
 30
0.0
 10
-45.8843
 20
21.1493
 30
0.0
 10
-45.826
 20
21.11
 30
0.0
 10
-45.7853
 20
21.0846
 30
0.0
 10
-45.746
 20
21.0593
 30
0.0
 10
-45.7067
 20
21.0313
 30
0.0
 10
-45.2231
 20
20.7788
 30
0.0
 10
-44.9807
 20
20.6201
 30
0.0
 10
-44.9807
 20
20.5553
 30
0.0
 10
-44.9807
 20
20.5427
 30
0.0
 10
-44.9934
 20
20.5364
 30
0.0
 10
-45.0187
 20
20.5364
 30
0.0
 10
-45.0353
 20
20.5364
 30
0.0
 10
-45.0593
 20
20.5402
 30
0.0
 10
-45.0885
 20
20.5477
 30
0.0
 10
-45.119
 20
20.5553
 30
0.0
 10
-45.1825
 20
20.5655
 30
0.0
 10
-45.279
 20
20.5782
 30
0.0
 10
-45.2193
 20
20.4767
 30
0.0
 10
-44.9997
 20
20.2508
 30
0.0
 10
-44.6202
 20
19.9018
 30
0.0
 10
-43.8499
 20
19.1974
 30
0.0
 10
-43.4158
 20
18.7989
 30
0.0
 10
-43.3193
 20
18.7075
 30
0.0
 10
-42.898
 20
18.309
 30
0.0
 10
-42.6873
 20
17.9257
 30
0.0
 10
-42.6873
 20
17.5589
 30
0.0
  0
SPLINE
  5
DC
330
1F
100
AcDbEntity
  8
Layer 1
 62
   250
100
AcDbSpline
210
0.0
220
0.0
230
1.0
 70
    11
 71
     3
 72
    98
 73
    94
 74
     0
 42
0.0000000001
 43
0.0000000001
 40
0.0
 40
0.0
 40
0.0
 40
0.0
 40
0.032258064516129
 40
0.032258064516129
 40
0.032258064516129
 40
0.0645161290322581
 40
0.0645161290322581
 40
0.0645161290322581
 40
0.0967741935483871
 40
0.0967741935483871
 40
0.0967741935483871
 40
0.1290322580645161
 40
0.1290322580645161
 40
0.1290322580645161
 40
0.1612903225806452
 40
0.1612903225806452
 40
0.1612903225806452
 40
0.1935483870967742
 40
0.1935483870967742
 40
0.1935483870967742
 40
0.2258064516129032
 40
0.2258064516129032
 40
0.2258064516129032
 40
0.2580645161290323
 40
0.2580645161290323
 40
0.2580645161290323
 40
0.2903225806451613
 40
0.2903225806451613
 40
0.2903225806451613
 40
0.3225806451612903
 40
0.3225806451612903
 40
0.3225806451612903
 40
0.3548387096774194
 40
0.3548387096774194
 40
0.3548387096774194
 40
0.3870967741935484
 40
0.3870967741935484
 40
0.3870967741935484
 40
0.4193548387096774
 40
0.4193548387096774
 40
0.4193548387096774
 40
0.4516129032258064
 40
0.4516129032258064
 40
0.4516129032258064
 40
0.4838709677419355
 40
0.4838709677419355
 40
0.4838709677419355
 40
0.5161290322580645
 40
0.5161290322580645
 40
0.5161290322580645
 40
0.5483870967741935
 40
0.5483870967741935
 40
0.5483870967741935
 40
0.5806451612903225
 40
0.5806451612903225
 40
0.5806451612903225
 40
0.6129032258064516
 40
0.6129032258064516
 40
0.6129032258064516
 40
0.6451612903225806
 40
0.6451612903225806
 40
0.6451612903225806
 40
0.6774193548387096
 40
0.6774193548387096
 40
0.6774193548387096
 40
0.7096774193548387
 40
0.7096774193548387
 40
0.7096774193548387
 40
0.7419354838709677
 40
0.7419354838709677
 40
0.7419354838709677
 40
0.7741935483870968
 40
0.7741935483870968
 40
0.7741935483870968
 40
0.8064516129032258
 40
0.8064516129032258
 40
0.8064516129032258
 40
0.8387096774193548
 40
0.8387096774193548
 40
0.8387096774193548
 40
0.8709677419354839
 40
0.8709677419354839
 40
0.8709677419354839
 40
0.9032258064516129
 40
0.9032258064516129
 40
0.9032258064516129
 40
0.9354838709677419
 40
0.9354838709677419
 40
0.9354838709677419
 40
0.967741935483871
 40
0.967741935483871
 40
0.967741935483871
 40
1.0
 40
1.0
 40
1.0
 40
1.0
 10
-40.6938
 20
7.33
 30
0.0
 10
-40.6787
 20
7.2881
 30
0.0
 10
-40.671
 20
7.2386
 30
0.0
 10
-40.671
 20
7.1841
 30
0.0
 10
-40.671
 20
7.0559
 30
0.0
 10
-40.7078
 20
6.91
 30
0.0
 10
-40.7827
 20
6.7462
 30
0.0
 10
-40.8499
 20
6.6003
 30
0.0
 10
-40.9122
 20
6.5076
 30
0.0
 10
-40.9718
 20
6.4708
 30
0.0
 10
-41.4058
 20
6.2031
 30
0.0
 10
-41.8513
 20
5.9936
 30
0.0
 10
-42.307
 20
5.8426
 30
0.0
 10
-42.4999
 20
5.7778
 30
0.0
 10
-42.8273
 20
5.6954
 30
0.0
 10
-43.2881
 20
5.5938
 30
0.0
 10
-43.7576
 20
5.4872
 30
0.0
 10
-44.0851
 20
5.4237
 30
0.0
 10
-44.2742
 20
5.4035
 30
0.0
 10
-44.3503
 20
5.4035
 30
0.0
 10
-44.5001
 20
5.4377
 30
0.0
 10
-44.7196
 20
5.5037
 30
0.0
 10
-44.976
 20
5.5812
 30
0.0
 10
-45.1638
 20
5.6612
 30
0.0
 10
-45.2857
 20
5.7461
 30
0.0
 10
-45.3148
 20
5.7601
 30
0.0
 10
-45.3301
 20
5.7703
 30
0.0
 10
-45.3301
 20
5.7754
 30
0.0
 10
-45.3301
 20
5.7854
 30
0.0
 10
-45.2616
 20
5.7994
 30
0.0
 10
-45.1258
 20
5.816
 30
0.0
 10
-44.8161
 20
5.8464
 30
0.0
 10
-44.3884
 20
5.8896
 30
0.0
 10
-43.8427
 20
5.9466
 30
0.0
 10
-43.7132
 20
6.1027
 30
0.0
 10
-43.6205
 20
6.2322
 30
0.0
 10
-43.5635
 20
6.3337
 30
0.0
 10
-43.5495
 20
6.4328
 30
0.0
 10
-43.5418
 20
6.6155
 30
0.0
 10
-43.5418
 20
6.8832
 30
0.0
 10
-43.5418
 20
7.283
 30
0.0
 10
-43.6079
 20
7.9329
 30
0.0
 10
-43.7424
 20
8.8352
 30
0.0
 10
-43.8959
 20
9.8416
 30
0.0
 10
-43.9784
 20
10.4445
 30
0.0
 10
-43.9912
 20
10.6425
 30
0.0
 10
-44.0063
 20
10.6793
 30
0.0
 10
-44.0318
 20
10.7237
 30
0.0
 10
-44.0698
 20
10.7732
 30
0.0
 10
-44.0419
 20
10.8367
 30
0.0
 10
-43.9962
 20
10.9534
 30
0.0
 10
-43.9315
 20
11.1223
 30
0.0
 10
-43.9265
 20
11.1743
 30
0.0
 10
-43.9137
 20
11.2009
 30
0.0
 10
-43.8908
 20
11.2009
 30
0.0
 10
-43.8668
 20
11.2009
 30
0.0
 10
-43.8389
 20
11.168
 30
0.0
 10
-43.8096
 20
11.1033
 30
0.0
 10
-43.5495
 20
10.5168
 30
0.0
 10
-43.4187
 20
10.1755
 30
0.0
 10
-43.4187
 20
10.0815
 30
0.0
 10
-43.4187
 20
10.0536
 30
0.0
 10
-43.4264
 20
10.0396
 30
0.0
 10
-43.4416
 20
10.0396
 30
0.0
 10
-43.4531
 20
10.0396
 30
0.0
 10
-43.4708
 20
10.0473
 30
0.0
 10
-43.4937
 20
10.0625
 30
0.0
 10
-43.5279
 20
10.0993
 30
0.0
 10
-43.5939
 20
10.1666
 30
0.0
 10
-43.6904
 20
10.2631
 30
0.0
 10
-43.6307
 20
9.9166
 30
0.0
 10
-43.5711
 20
9.57
 30
0.0
 10
-43.5114
 20
9.2261
 30
0.0
 10
-43.4225
 20
8.6702
 30
0.0
 10
-43.3553
 20
8.1131
 30
0.0
 10
-43.3109
 20
7.5535
 30
0.0
 10
-43.2981
 20
7.4011
 30
0.0
 10
-43.3032
 20
7.2145
 30
0.0
 10
-43.3261
 20
6.9912
 30
0.0
 10
-43.3477
 20
6.7679
 30
0.0
 10
-43.3794
 20
6.6067
 30
0.0
 10
-43.4187
 20
6.5076
 30
0.0
 10
-43.0964
 20
6.8845
 30
0.0
 10
-42.8768
 20
7.1282
 30
0.0
 10
-42.7601
 20
7.2373
 30
0.0
 10
-42.3222
 20
7.646
 30
0.0
 10
-41.9326
 20
7.8491
 30
0.0
 10
-41.5938
 20
7.8466
 30
0.0
 10
-41.3945
 20
7.844
 30
0.0
 10
-41.1952
 20
7.7742
 30
0.0
 10
-40.9947
 20
7.6384
 30
0.0
 10
-40.8259
 20
7.5216
 30
0.0
 10
-40.7257
 20
7.4189
 30
0.0
 10
-40.6938
 20
7.33
 30
0.0
  0
SPLINE
  5
DD
330
1F
100
AcDbEntity
  8
Layer 1
 62
   250
100
AcDbSpline
210
0.0
220
0.0
230
1.0
 70
    11
 71
     3
 72
    20
 73
    16
 74
     0
 42
0.0000000001
 43
0.0000000001
 40
0.0
 40
0.0
 40
0.0
 40
0.0
 40
0.2
 40
0.2
 40
0.2
 40
0.4
 40
0.4
 40
0.4
 40
0.6000000000000001
 40
0.6000000000000001
 40
0.6000000000000001
 40
0.8
 40
0.8
 40
0.8
 40
1.0
 40
1.0
 40
1.0
 40
1.0
 10
-23.1457
 20
9.0294
 30
0.0
 10
-23.1457
 20
8.9888
 30
0.0
 10
-23.1621
 20
8.9228
 30
0.0
 10
-23.194
 20
8.8276
 30
0.0
 10
-23.2346
 20
8.7121
 30
0.0
 10
-23.2776
 20
8.6283
 30
0.0
 10
-23.3246
 20
8.5788
 30
0.0
 10
-23.6521
 20
8.768
 30
0.0
 10
-23.8158
 20
8.8797
 30
0.0
 10
-23.8158
 20
8.9177
 30
0.0
 10
-23.7282
 20
9.1881
 30
0.0
 10
-23.6661
 20
9.3226
 30
0.0
 10
-23.6293
 20
9.3226
 30
0.0
 10
-23.3069
 20
9.1792
 30
0.0
 10
-23.1457
 20
9.0815
 30
0.0
 10
-23.1457
 20
9.0294
 30
0.0
  0
SPLINE
  5
DE
330
1F
100
AcDbEntity
  8
Layer 1
 62
   250
100
AcDbSpline
210
0.0
220
0.0
230
1.0
 70
    11
 71
     3
 72
    26
 73
    22
 74
     0
 42
0.0000000001
 43
0.0000000001
 40
0.0
 40
0.0
 40
0.0
 40
0.0
 40
0.1428571428571428
 40
0.1428571428571428
 40
0.1428571428571428
 40
0.2857142857142857
 40
0.2857142857142857
 40
0.2857142857142857
 40
0.4285714285714285
 40
0.4285714285714285
 40
0.4285714285714285
 40
0.5714285714285714
 40
0.5714285714285714
 40
0.5714285714285714
 40
0.7142857142857142
 40
0.7142857142857142
 40
0.7142857142857142
 40
0.8571428571428571
 40
0.8571428571428571
 40
0.8571428571428571
 40
1.0
 40
1.0
 40
1.0
 40
1.0
 10
-23.8894
 20
8.8174
 30
0.0
 10
-23.8894
 20
8.7553
 30
0.0
 10
-23.9047
 20
8.6804
 30
0.0
 10
-23.9338
 20
8.5941
 30
0.0
 10
-23.9719
 20
8.4901
 30
0.0
 10
-24.0138
 20
8.438
 30
0.0
 10
-24.0608
 20
8.438
 30
0.0
 10
-24.0836
 20
8.438
 30
0.0
 10
-24.175
 20
8.485
 30
0.0
 10
-24.3362
 20
8.5788
 30
0.0
 10
-24.5075
 20
8.6804
 30
0.0
 10
-24.5925
 20
8.7527
 30
0.0
 10
-24.5925
 20
8.7946
 30
0.0
 10
-24.5925
 20
8.8263
 30
0.0
 10
-24.5304
 20
8.9799
 30
0.0
 10
-24.406
 20
9.2516
 30
0.0
 10
-24.3324
 20
9.1779
 30
0.0
 10
-24.2143
 20
9.0928
 30
0.0
 10
-24.0531
 20
8.999
 30
0.0
 10
-23.944
 20
8.9343
 30
0.0
 10
-23.8894
 20
8.8746
 30
0.0
 10
-23.8894
 20
8.8174
 30
0.0
  0
SPLINE
  5
DF
330
1F
100
AcDbEntity
  8
Layer 1
 62
   250
100
AcDbSpline
210
0.0
220
0.0
230
1.0
 70
    11
 71
     3
 72
   287
 73
   283
 74
     0
 42
0.0000000001
 43
0.0000000001
 40
0.0
 40
0.0
 40
0.0
 40
0.0
 40
0.0106382978723404
 40
0.0106382978723404
 40
0.0106382978723404
 40
0.0212765957446809
 40
0.0212765957446809
 40
0.0212765957446809
 40
0.0319148936170213
 40
0.0319148936170213
 40
0.0319148936170213
 40
0.0425531914893617
 40
0.0425531914893617
 40
0.0425531914893617
 40
0.0531914893617021
 40
0.0531914893617021
 40
0.0531914893617021
 40
0.0638297872340425
 40
0.0638297872340425
 40
0.0638297872340425
 40
0.074468085106383
 40
0.074468085106383
 40
0.074468085106383
 40
0.0851063829787234
 40
0.0851063829787234
 40
0.0851063829787234
 40
0.0957446808510638
 40
0.0957446808510638
 40
0.0957446808510638
 40
0.1063829787234043
 40
0.1063829787234043
 40
0.1063829787234043
 40
0.1170212765957447
 40
0.1170212765957447
 40
0.1170212765957447
 40
0.1276595744680851
 40
0.1276595744680851
 40
0.1276595744680851
 40
0.1382978723404255
 40
0.1382978723404255
 40
0.1382978723404255
 40
0.148936170212766
 40
0.148936170212766
 40
0.148936170212766
 40
0.1595744680851064
 40
0.1595744680851064
 40
0.1595744680851064
 40
0.1702127659574468
 40
0.1702127659574468
 40
0.1702127659574468
 40
0.1808510638297872
 40
0.1808510638297872
 40
0.1808510638297872
 40
0.1914893617021277
 40
0.1914893617021277
 40
0.1914893617021277
 40
0.2021276595744681
 40
0.2021276595744681
 40
0.2021276595744681
 40
0.2127659574468085
 40
0.2127659574468085
 40
0.2127659574468085
 40
0.2234042553191489
 40
0.2234042553191489
 40
0.2234042553191489
 40
0.2340425531914894
 40
0.2340425531914894
 40
0.2340425531914894
 40
0.2446808510638298
 40
0.2446808510638298
 40
0.2446808510638298
 40
0.2553191489361702
 40
0.2553191489361702
 40
0.2553191489361702
 40
0.2659574468085106
 40
0.2659574468085106
 40
0.2659574468085106
 40
0.2765957446808511
 40
0.2765957446808511
 40
0.2765957446808511
 40
0.2872340425531915
 40
0.2872340425531915
 40
0.2872340425531915
 40
0.2978723404255319
 40
0.2978723404255319
 40
0.2978723404255319
 40
0.3085106382978723
 40
0.3085106382978723
 40
0.3085106382978723
 40
0.3191489361702128
 40
0.3191489361702128
 40
0.3191489361702128
 40
0.3297872340425532
 40
0.3297872340425532
 40
0.3297872340425532
 40
0.3404255319148936
 40
0.3404255319148936
 40
0.3404255319148936
 40
0.351063829787234
 40
0.351063829787234
 40
0.351063829787234
 40
0.3617021276595744
 40
0.3617021276595744
 40
0.3617021276595744
 40
0.3723404255319149
 40
0.3723404255319149
 40
0.3723404255319149
 40
0.3829787234042553
 40
0.3829787234042553
 40
0.3829787234042553
 40
0.3936170212765958
 40
0.3936170212765958
 40
0.3936170212765958
 40
0.4042553191489361
 40
0.4042553191489361
 40
0.4042553191489361
 40
0.4148936170212766
 40
0.4148936170212766
 40
0.4148936170212766
 40
0.425531914893617
 40
0.425531914893617
 40
0.425531914893617
 40
0.4361702127659574
 40
0.4361702127659574
 40
0.4361702127659574
 40
0.4468085106382979
 40
0.4468085106382979
 40
0.4468085106382979
 40
0.4574468085106383
 40
0.4574468085106383
 40
0.4574468085106383
 40
0.4680851063829787
 40
0.4680851063829787
 40
0.4680851063829787
 40
0.4787234042553191
 40
0.4787234042553191
 40
0.4787234042553191
 40
0.4893617021276596
 40
0.4893617021276596
 40
0.4893617021276596
 40
0.5
 40
0.5
 40
0.5
 40
0.5106382978723404
 40
0.5106382978723404
 40
0.5106382978723404
 40
0.5212765957446809
 40
0.5212765957446809
 40
0.5212765957446809
 40
0.5319148936170213
 40
0.5319148936170213
 40
0.5319148936170213
 40
0.5425531914893617
 40
0.5425531914893617
 40
0.5425531914893617
 40
0.5531914893617021
 40
0.5531914893617021
 40
0.5531914893617021
 40
0.5638297872340425
 40
0.5638297872340425
 40
0.5638297872340425
 40
0.5744680851063829
 40
0.5744680851063829
 40
0.5744680851063829
 40
0.5851063829787234
 40
0.5851063829787234
 40
0.5851063829787234
 40
0.5957446808510638
 40
0.5957446808510638
 40
0.5957446808510638
 40
0.6063829787234042
 40
0.6063829787234042
 40
0.6063829787234042
 40
0.6170212765957447
 40
0.6170212765957447
 40
0.6170212765957447
 40
0.6276595744680851
 40
0.6276595744680851
 40
0.6276595744680851
 40
0.6382978723404256
 40
0.6382978723404256
 40
0.6382978723404256
 40
0.648936170212766
 40
0.648936170212766
 40
0.648936170212766
 40
0.6595744680851063
 40
0.6595744680851063
 40
0.6595744680851063
 40
0.6702127659574468
 40
0.6702127659574468
 40
0.6702127659574468
 40
0.6808510638297872
 40
0.6808510638297872
 40
0.6808510638297872
 40
0.6914893617021276
 40
0.6914893617021276
 40
0.6914893617021276
 40
0.7021276595744681
 40
0.7021276595744681
 40
0.7021276595744681
 40
0.7127659574468085
 40
0.7127659574468085
 40
0.7127659574468085
 40
0.7234042553191489
 40
0.7234042553191489
 40
0.7234042553191489
 40
0.7340425531914894
 40
0.7340425531914894
 40
0.7340425531914894
 40
0.7446808510638298
 40
0.7446808510638298
 40
0.7446808510638298
 40
0.7553191489361702
 40
0.7553191489361702
 40
0.7553191489361702
 40
0.7659574468085106
 40
0.7659574468085106
 40
0.7659574468085106
 40
0.776595744680851
 40
0.776595744680851
 40
0.776595744680851
 40
0.7872340425531915
 40
0.7872340425531915
 40
0.7872340425531915
 40
0.7978723404255319
 40
0.7978723404255319
 40
0.7978723404255319
 40
0.8085106382978723
 40
0.8085106382978723
 40
0.8085106382978723
 40
0.8191489361702128
 40
0.8191489361702128
 40
0.8191489361702128
 40
0.8297872340425532
 40
0.8297872340425532
 40
0.8297872340425532
 40
0.8404255319148936
 40
0.8404255319148936
 40
0.8404255319148936
 40
0.851063829787234
 40
0.851063829787234
 40
0.851063829787234
 40
0.8617021276595744
 40
0.8617021276595744
 40
0.8617021276595744
 40
0.8723404255319148
 40
0.8723404255319148
 40
0.8723404255319148
 40
0.8829787234042553
 40
0.8829787234042553
 40
0.8829787234042553
 40
0.8936170212765957
 40
0.8936170212765957
 40
0.8936170212765957
 40
0.9042553191489362
 40
0.9042553191489362
 40
0.9042553191489362
 40
0.9148936170212766
 40
0.9148936170212766
 40
0.9148936170212766
 40
0.925531914893617
 40
0.925531914893617
 40
0.925531914893617
 40
0.9361702127659575
 40
0.9361702127659575
 40
0.9361702127659575
 40
0.9468085106382979
 40
0.9468085106382979
 40
0.9468085106382979
 40
0.9574468085106382
 40
0.9574468085106382
 40
0.9574468085106382
 40
0.9680851063829787
 40
0.9680851063829787
 40
0.9680851063829787
 40
0.9787234042553191
 40
0.9787234042553191
 40
0.9787234042553191
 40
0.9893617021276595
 40
0.9893617021276595
 40
0.9893617021276595
 40
1.0
 40
1.0
 40
1.0
 40
1.0
 10
-22.9972
 20
6.8058
 30
0.0
 10
-22.9972
 20
6.5597
 30
0.0
 10
-23.0568
 20
6.33
 30
0.0
 10
-23.1761
 20
6.1142
 30
0.0
 10
-23.369
 20
5.906
 30
0.0
 10
-23.6115
 20
5.7335
 30
0.0
 10
-23.9009
 20
5.5976
 30
0.0
 10
-24.1661
 20
5.4732
 30
0.0
 10
-24.3971
 20
5.4111
 30
0.0
 10
-24.5925
 20
5.4111
 30
0.0
 10
-24.5925
 20
5.4111
 30
0.0
 10
-25.2284
 20
5.4111
 30
0.0
 10
-25.2284
 20
5.4111
 30
0.0
 10
-25.2284
 20
5.4111
 30
0.0
 10
-25.8643
 20
5.4111
 30
0.0
 10
-25.8643
 20
5.4111
 30
0.0
 10
-25.8643
 20
5.4111
 30
0.0
 10
-26.5002
 20
5.4111
 30
0.0
 10
-26.5002
 20
5.4111
 30
0.0
 10
-26.5002
 20
5.4111
 30
0.0
 10
-27.0725
 20
5.4111
 30
0.0
 10
-27.0725
 20
5.4111
 30
0.0
 10
-27.0725
 20
5.4111
 30
0.0
 10
-27.076
 20
5.4111
 30
0.0
 10
-27.076
 20
5.4111
 30
0.0
 10
-27.076
 20
5.4111
 30
0.0
 10
-27.1361
 20
5.4111
 30
0.0
 10
-27.1361
 20
5.4111
 30
0.0
 10
-27.1361
 20
5.4111
 30
0.0
 10
-27.1361
 20
5.4172
 30
0.0
 10
-27.1361
 20
5.4172
 30
0.0
 10
-27.1994
 20
5.4287
 30
0.0
 10
-27.2753
 20
5.4562
 30
0.0
 10
-27.3619
 20
5.5
 30
0.0
 10
-27.5016
 20
5.5697
 30
0.0
 10
-27.6031
 20
5.651
 30
0.0
 10
-27.6679
 20
5.7461
 30
0.0
 10
-27.7198
 20
5.8248
 30
0.0
 10
-27.7415
 20
5.9226
 30
0.0
 10
-27.7338
 20
6.0393
 30
0.0
 10
-27.843
 20
5.816
 30
0.0
 10
-27.9318
 20
5.6725
 30
0.0
 10
-27.9978
 20
5.6078
 30
0.0
 10
-28.1349
 20
5.4771
 30
0.0
 10
-28.2985
 20
5.4111
 30
0.0
 10
-28.489
 20
5.4111
 30
0.0
 10
-28.489
 20
5.4111
 30
0.0
 10
-29.1249
 20
5.4111
 30
0.0
 10
-29.1249
 20
5.4111
 30
0.0
 10
-29.1249
 20
5.4111
 30
0.0
 10
-29.7608
 20
5.4111
 30
0.0
 10
-29.7608
 20
5.4111
 30
0.0
 10
-29.7608
 20
5.4111
 30
0.0
 10
-30.3967
 20
5.4111
 30
0.0
 10
-30.3967
 20
5.4111
 30
0.0
 10
-30.3967
 20
5.4111
 30
0.0
 10
-31.0326
 20
5.4111
 30
0.0
 10
-31.0326
 20
5.4111
 30
0.0
 10
-31.0326
 20
5.4111
 30
0.0
 10
-31.6684
 20
5.4111
 30
0.0
 10
-31.6684
 20
5.4111
 30
0.0
 10
-31.6684
 20
5.4111
 30
0.0
 10
-32.3043
 20
5.4111
 30
0.0
 10
-32.3043
 20
5.4111
 30
0.0
 10
-32.3043
 20
5.4111
 30
0.0
 10
-32.9402
 20
5.4111
 30
0.0
 10
-32.9402
 20
5.4111
 30
0.0
 10
-32.9402
 20
5.4111
 30
0.0
 10
-33.5761
 20
5.4111
 30
0.0
 10
-33.5761
 20
5.4111
 30
0.0
 10
-33.5761
 20
5.4111
 30
0.0
 10
-34.212
 20
5.4111
 30
0.0
 10
-34.212
 20
5.4111
 30
0.0
 10
-34.212
 20
5.4111
 30
0.0
 10
-34.8479
 20
5.4111
 30
0.0
 10
-34.8479
 20
5.4111
 30
0.0
 10
-34.8479
 20
5.4111
 30
0.0
 10
-35.4838
 20
5.4111
 30
0.0
 10
-35.4838
 20
5.4111
 30
0.0
 10
-35.4838
 20
5.4111
 30
0.0
 10
-36.1197
 20
5.4111
 30
0.0
 10
-36.1197
 20
5.4111
 30
0.0
 10
-36.1197
 20
5.4111
 30
0.0
 10
-36.7556
 20
5.4111
 30
0.0
 10
-36.7556
 20
5.4111
 30
0.0
 10
-36.7556
 20
5.4111
 30
0.0
 10
-37.3471
 20
5.4111
 30
0.0
 10
-37.3471
 20
5.4111
 30
0.0
 10
-37.3619
 20
5.4106
 30
0.0
 10
-37.3762
 20
5.4106
 30
0.0
 10
-37.3902
 20
5.4111
 30
0.0
 10
-37.3902
 20
5.4111
 30
0.0
 10
-37.3915
 20
5.4111
 30
0.0
 10
-37.3915
 20
5.4111
 30
0.0
 10
-37.3915
 20
5.4111
 30
0.0
 10
-37.3915
 20
5.4112
 30
0.0
 10
-37.3915
 20
5.4112
 30
0.0
 10
-37.4513
 20
5.4136
 30
0.0
 10
-37.5036
 20
5.4246
 30
0.0
 10
-37.5476
 20
5.4441
 30
0.0
 10
-37.5248
 20
5.335
 30
0.0
 10
-37.5147
 20
5.2308
 30
0.0
 10
-37.5147
 20
5.1319
 30
0.0
 10
-37.5147
 20
4.9567
 30
0.0
 10
-37.5591
 20
4.7448
 30
0.0
 10
-37.648
 20
4.496
 30
0.0
 10
-37.6708
 20
4.4339
 30
0.0
 10
-37.7875
 20
4.3095
 30
0.0
 10
-38.0008
 20
4.1204
 30
0.0
 10
-38.2635
 20
3.8855
 30
0.0
 10
-38.5389
 20
3.6926
 30
0.0
 10
-38.827
 20
3.5403
 30
0.0
 10
-39.2102
 20
3.3398
 30
0.0
 10
-39.5758
 20
3.2396
 30
0.0
 10
-39.9197
 20
3.2396
 30
0.0
 10
-40.4794
 20
3.2396
 30
0.0
 10
-40.7599
 20
3.6013
 30
0.0
 10
-40.7599
 20
4.3259
 30
0.0
 10
-40.7599
 20
4.8514
 30
0.0
 10
-40.6634
 20
5.3044
 30
0.0
 10
-40.4705
 20
5.6865
 30
0.0
 10
-40.4184
 20
5.7905
 30
0.0
 10
-40.3741
 20
5.8426
 30
0.0
 10
-40.3399
 20
5.8426
 30
0.0
 10
-40.3246
 20
5.8426
 30
0.0
 10
-40.317
 20
5.8273
 30
0.0
 10
-40.3182
 20
5.7982
 30
0.0
 10
-40.317
 20
5.7601
 30
0.0
 10
-40.3322
 20
5.7068
 30
0.0
 10
-40.3627
 20
5.6383
 30
0.0
 10
-40.506
 20
5.3057
 30
0.0
 10
-40.5784
 20
4.9796
 30
0.0
 10
-40.5784
 20
4.6598
 30
0.0
 10
-40.5784
 20
4.0607
 30
0.0
 10
-40.3474
 20
3.7612
 30
0.0
 10
-39.8867
 20
3.7638
 30
0.0
 10
-39.4082
 20
3.7662
 30
0.0
 10
-38.9108
 20
3.9363
 30
0.0
 10
-38.3955
 20
4.274
 30
0.0
 10
-37.9691
 20
4.5532
 30
0.0
 10
-37.733
 20
4.7702
 30
0.0
 10
-37.6886
 20
4.9237
 30
0.0
 10
-37.6835
 20
4.9441
 30
0.0
 10
-37.6809
 20
4.9643
 30
0.0
 10
-37.6809
 20
4.9871
 30
0.0
 10
-37.6809
 20
5.1255
 30
0.0
 10
-37.8079
 20
5.3858
 30
0.0
 10
-38.0604
 20
5.7639
 30
0.0
 10
-38.068
 20
5.7741
 30
0.0
 10
-38.0718
 20
5.7918
 30
0.0
 10
-38.0718
 20
5.816
 30
0.0
 10
-38.0718
 20
5.8566
 30
0.0
 10
-38.0604
 20
5.934
 30
0.0
 10
-38.0389
 20
6.0482
 30
0.0
 10
-38.016
 20
6.1637
 30
0.0
 10
-38.0046
 20
6.2386
 30
0.0
 10
-38.0046
 20
6.2741
 30
0.0
 10
-37.9919
 20
6.2956
 30
0.0
 10
-37.9753
 20
6.2982
 30
0.0
 10
-37.9525
 20
6.2817
 30
0.0
 10
-37.8954
 20
6.1992
 30
0.0
 10
-37.8141
 20
6.0927
 30
0.0
 10
-37.7076
 20
5.9619
 30
0.0
 10
-37.6905
 20
5.9421
 30
0.0
 10
-37.5767
 20
5.9321
 30
0.0
 10
-37.3676
 20
5.9315
 30
0.0
 10
-37.3676
 20
5.9315
 30
0.0
 10
-37.3574
 20
5.9315
 30
0.0
 10
-37.3574
 20
5.9315
 30
0.0
 10
-37.3574
 20
5.9315
 30
0.0
 10
-37.3471
 20
5.9315
 30
0.0
 10
-37.3471
 20
5.9315
 30
0.0
 10
-37.3471
 20
5.9315
 30
0.0
 10
-36.7556
 20
5.9315
 30
0.0
 10
-36.7556
 20
5.9315
 30
0.0
 10
-36.7556
 20
5.9315
 30
0.0
 10
-36.1197
 20
5.9315
 30
0.0
 10
-36.1197
 20
5.9315
 30
0.0
 10
-36.1197
 20
5.9315
 30
0.0
 10
-35.4838
 20
5.9315
 30
0.0
 10
-35.4838
 20
5.9315
 30
0.0
 10
-35.4838
 20
5.9315
 30
0.0
 10
-34.8479
 20
5.9315
 30
0.0
 10
-34.8479
 20
5.9315
 30
0.0
 10
-34.8479
 20
5.9315
 30
0.0
 10
-34.212
 20
5.9315
 30
0.0
 10
-34.212
 20
5.9315
 30
0.0
 10
-34.212
 20
5.9315
 30
0.0
 10
-33.5761
 20
5.9315
 30
0.0
 10
-33.5761
 20
5.9315
 30
0.0
 10
-33.5761
 20
5.9315
 30
0.0
 10
-32.9402
 20
5.9315
 30
0.0
 10
-32.9402
 20
5.9315
 30
0.0
 10
-32.9402
 20
5.9315
 30
0.0
 10
-32.3043
 20
5.9315
 30
0.0
 10
-32.3043
 20
5.9315
 30
0.0
 10
-32.3043
 20
5.9315
 30
0.0
 10
-31.6684
 20
5.9315
 30
0.0
 10
-31.6684
 20
5.9315
 30
0.0
 10
-31.6684
 20
5.9315
 30
0.0
 10
-31.0326
 20
5.9315
 30
0.0
 10
-31.0326
 20
5.9315
 30
0.0
 10
-31.0326
 20
5.9315
 30
0.0
 10
-30.3967
 20
5.9315
 30
0.0
 10
-30.3967
 20
5.9315
 30
0.0
 10
-30.3967
 20
5.9315
 30
0.0
 10
-29.7608
 20
5.9315
 30
0.0
 10
-29.7608
 20
5.9315
 30
0.0
 10
-29.7608
 20
5.9315
 30
0.0
 10
-29.1249
 20
5.9315
 30
0.0
 10
-29.1249
 20
5.9315
 30
0.0
 10
-29.1249
 20
5.9315
 30
0.0
 10
-28.489
 20
5.9315
 30
0.0
 10
-28.489
 20
5.9315
 30
0.0
 10
-28.2555
 20
5.9315
 30
0.0
 10
-28.0841
 20
5.9708
 30
0.0
 10
-27.9724
 20
6.0508
 30
0.0
 10
-27.942
 20
6.071
 30
0.0
 10
-27.9051
 20
6.1244
 30
0.0
 10
-27.8608
 20
6.2107
 30
0.0
 10
-27.8087
 20
6.3122
 30
0.0
 10
-27.777
 20
6.3692
 30
0.0
 10
-27.7681
 20
6.382
 30
0.0
 10
-27.6437
 20
6.5432
 30
0.0
 10
-27.5816
 20
6.5749
 30
0.0
 10
-27.5816
 20
6.4785
 30
0.0
 10
-27.5816
 20
6.4429
 30
0.0
 10
-27.5916
 20
6.3972
 30
0.0
 10
-27.612
 20
6.3401
 30
0.0
 10
-27.5993
 20
6.3058
 30
0.0
 10
-27.579
 20
6.2627
 30
0.0
 10
-27.5497
 20
6.212
 30
0.0
 10
-27.5219
 20
6.1612
 30
0.0
 10
-27.4508
 20
6.1015
 30
0.0
 10
-27.3366
 20
6.0342
 30
0.0
 10
-27.2242
 20
5.9667
 30
0.0
 10
-27.1375
 20
5.9325
 30
0.0
 10
-27.0755
 20
5.9315
 30
0.0
 10
-27.0755
 20
5.9315
 30
0.0
 10
-27.0725
 20
5.9315
 30
0.0
 10
-27.0725
 20
5.9315
 30
0.0
 10
-27.0725
 20
5.9315
 30
0.0
 10
-26.5002
 20
5.9315
 30
0.0
 10
-26.5002
 20
5.9315
 30
0.0
 10
-26.5002
 20
5.9315
 30
0.0
 10
-25.8643
 20
5.9315
 30
0.0
 10
-25.8643
 20
5.9315
 30
0.0
 10
-25.8643
 20
5.9315
 30
0.0
 10
-25.2284
 20
5.9315
 30
0.0
 10
-25.2284
 20
5.9315
 30
0.0
 10
-25.2284
 20
5.9315
 30
0.0
 10
-24.5925
 20
5.9315
 30
0.0
 10
-24.5925
 20
5.9315
 30
0.0
 10
-24.2981
 20
5.9315
 30
0.0
 10
-24.0404
 20
5.9783
 30
0.0
 10
-23.8234
 20
6.0736
 30
0.0
 10
-23.614
 20
6.1624
 30
0.0
 10
-23.3958
 20
6.316
 30
0.0
 10
-23.1647
 20
6.5342
 30
0.0
 10
-23.204
 20
6.6752
 30
0.0
 10
-23.3729
 20
6.7424
 30
0.0
 10
-23.6699
 20
6.7348
 30
0.0
 10
-23.9109
 20
6.7297
 30
0.0
 10
-24.0062
 20
6.7271
 30
0.0
 10
-23.9566
 20
6.7271
 30
0.0
 10
-24.1027
 20
6.7271
 30
0.0
 10
-24.2067
 20
6.7526
 30
0.0
 10
-24.2688
 20
6.8021
 30
0.0
 10
-24.3464
 20
6.8668
 30
0.0
 10
-24.3869
 20
6.9874
 30
0.0
 10
-24.392
 20
7.1663
 30
0.0
 10
-24.3971
 20
7.3923
 30
0.0
 10
-24.3311
 20
7.5864
 30
0.0
 10
-24.194
 20
7.7502
 30
0.0
 10
-24.0709
 20
7.8961
 30
0.0
 10
-23.9364
 20
7.9697
 30
0.0
 10
-23.7929
 20
7.9697
 30
0.0
 10
-23.6572
 20
7.9697
 30
0.0
 10
-23.496
 20
7.8529
 30
0.0
 10
-23.3094
 20
7.6194
 30
0.0
 10
-23.1013
 20
7.3592
 30
0.0
 10
-22.9972
 20
7.0876
 30
0.0
 10
-22.9972
 20
6.8058
 30
0.0
  0
SPLINE
  5
E0
330
1F
100
AcDbEntity
  8
Layer 1
 62
   250
100
AcDbSpline
210
0.0
220
0.0
230
1.0
 70
    11
 71
     3
 72
    23
 73
    19
 74
     0
 42
0.0000000001
 43
0.0000000001
 40
0.0
 40
0.0
 40
0.0
 40
0.0
 40
0.1666666666666667
 40
0.1666666666666667
 40
0.1666666666666667
 40
0.3333333333333333
 40
0.3333333333333333
 40
0.3333333333333333
 40
0.5
 40
0.5
 40
0.5
 40
0.6666666666666666
 40
0.6666666666666666
 40
0.6666666666666666
 40
0.8333333333333333
 40
0.8333333333333333
 40
0.8333333333333333
 40
1.0
 40
1.0
 40
1.0
 40
1.0
 10
-23.5175
 20
7.1955
 30
0.0
 10
-23.6191
 20
7.3072
 30
0.0
 10
-23.6749
 20
7.3668
 30
0.0
 10
-23.6851
 20
7.3745
 30
0.0
 10
-23.7473
 20
7.4265
 30
0.0
 10
-23.8196
 20
7.4519
 30
0.0
 10
-23.9009
 20
7.4519
 30
0.0
 10
-24.0278
 20
7.4519
 30
0.0
 10
-24.0938
 20
7.3948
 30
0.0
 10
-24.1014
 20
7.2818
 30
0.0
 10
-24.0747
 20
7.2386
 30
0.0
 10
-24.01
 20
7.2171
 30
0.0
 10
-23.9085
 20
7.2145
 30
0.0
 10
-23.8361
 20
7.2145
 30
0.0
 10
-23.7637
 20
7.2158
 30
0.0
 10
-23.6889
 20
7.2184
 30
0.0
 10
-23.6318
 20
7.2133
 30
0.0
 10
-23.5747
 20
7.2056
 30
0.0
 10
-23.5175
 20
7.1955
 30
0.0
  0
SPLINE
  5
E1
330
1F
100
AcDbEntity
  8
Layer 1
 62
   250
100
AcDbSpline
210
0.0
220
0.0
230
1.0
 70
    11
 71
     3
 72
    23
 73
    19
 74
     0
 42
0.0000000001
 43
0.0000000001
 40
0.0
 40
0.0
 40
0.0
 40
0.0
 40
0.1666666666666667
 40
0.1666666666666667
 40
0.1666666666666667
 40
0.3333333333333333
 40
0.3333333333333333
 40
0.3333333333333333
 40
0.5
 40
0.5
 40
0.5
 40
0.6666666666666666
 40
0.6666666666666666
 40
0.6666666666666666
 40
0.8333333333333333
 40
0.8333333333333333
 40
0.8333333333333333
 40
1.0
 40
1.0
 40
1.0
 40
1.0
 10
-27.0129
 20
4.4554
 30
0.0
 10
-27.0129
 20
4.4161
 30
0.0
 10
-27.0295
 20
4.3476
 30
0.0
 10
-27.0612
 20
4.2511
 30
0.0
 10
-27.1005
 20
4.1343
 30
0.0
 10
-27.1437
 20
4.0505
 30
0.0
 10
-27.1918
 20
3.9986
 30
0.0
 10
-27.2833
 20
4.0505
 30
0.0
 10
-27.3759
 20
4.1013
 30
0.0
 10
-27.4699
 20
4.1508
 30
0.0
 10
-27.5916
 20
4.2244
 30
0.0
 10
-27.6526
 20
4.2815
 30
0.0
 10
-27.6526
 20
4.3221
 30
0.0
 10
-27.565
 20
4.5925
 30
0.0
 10
-27.5041
 20
4.727
 30
0.0
 10
-27.4661
 20
4.727
 30
0.0
 10
-27.1639
 20
4.5951
 30
0.0
 10
-27.0129
 20
4.5049
 30
0.0
 10
-27.0129
 20
4.4554
 30
0.0
  0
SPLINE
  5
E2
330
1F
100
AcDbEntity
  8
Layer 1
 62
   250
100
AcDbSpline
210
0.0
220
0.0
230
1.0
 70
    11
 71
     3
 72
    26
 73
    22
 74
     0
 42
0.0000000001
 43
0.0000000001
 40
0.0
 40
0.0
 40
0.0
 40
0.0
 40
0.1428571428571428
 40
0.1428571428571428
 40
0.1428571428571428
 40
0.2857142857142857
 40
0.2857142857142857
 40
0.2857142857142857
 40
0.4285714285714285
 40
0.4285714285714285
 40
0.4285714285714285
 40
0.5714285714285714
 40
0.5714285714285714
 40
0.5714285714285714
 40
0.7142857142857142
 40
0.7142857142857142
 40
0.7142857142857142
 40
0.8571428571428571
 40
0.8571428571428571
 40
0.8571428571428571
 40
1.0
 40
1.0
 40
1.0
 40
1.0
 10
-27.7453
 20
4.3958
 30
0.0
 10
-27.7453
 20
4.3336
 30
0.0
 10
-27.7617
 20
4.26
 30
0.0
 10
-27.7934
 20
4.1724
 30
0.0
 10
-27.8302
 20
4.0683
 30
0.0
 10
-27.8734
 20
4.0163
 30
0.0
 10
-27.9204
 20
4.0163
 30
0.0
 10
-27.9395
 20
4.0163
 30
0.0
 10
-28.0143
 20
4.0543
 30
0.0
 10
-28.1437
 20
4.1279
 30
0.0
 10
-28.2846
 20
4.213
 30
0.0
 10
-28.3557
 20
4.2752
 30
0.0
 10
-28.3557
 20
4.3184
 30
0.0
 10
-28.3557
 20
4.3576
 30
0.0
 10
-28.2948
 20
4.51
 30
0.0
 10
-28.173
 20
4.7752
 30
0.0
 10
-28.0981
 20
4.7004
 30
0.0
 10
-27.9952
 20
4.6255
 30
0.0
 10
-27.8645
 20
4.5481
 30
0.0
 10
-27.7845
 20
4.5037
 30
0.0
 10
-27.7453
 20
4.4529
 30
0.0
 10
-27.7453
 20
4.3958
 30
0.0
  0
SPLINE
  5
E3
330
1F
100
AcDbEntity
  8
Layer 1
 62
   250
100
AcDbSpline
210
0.0
220
0.0
230
1.0
 70
    11
 71
     3
 72
    59
 73
    55
 74
     0
 42
0.0000000001
 43
0.0000000001
 40
0.0
 40
0.0
 40
0.0
 40
0.0
 40
0.0555555555555556
 40
0.0555555555555556
 40
0.0555555555555556
 40
0.1111111111111111
 40
0.1111111111111111
 40
0.1111111111111111
 40
0.1666666666666667
 40
0.1666666666666667
 40
0.1666666666666667
 40
0.2222222222222222
 40
0.2222222222222222
 40
0.2222222222222222
 40
0.2777777777777778
 40
0.2777777777777778
 40
0.2777777777777778
 40
0.3333333333333333
 40
0.3333333333333333
 40
0.3333333333333333
 40
0.3888888888888888
 40
0.3888888888888888
 40
0.3888888888888888
 40
0.4444444444444444
 40
0.4444444444444444
 40
0.4444444444444444
 40
0.5
 40
0.5
 40
0.5
 40
0.5555555555555556
 40
0.5555555555555556
 40
0.5555555555555556
 40
0.611111111111111
 40
0.611111111111111
 40
0.611111111111111
 40
0.6666666666666666
 40
0.6666666666666666
 40
0.6666666666666666
 40
0.7222222222222222
 40
0.7222222222222222
 40
0.7222222222222222
 40
0.7777777777777777
 40
0.7777777777777777
 40
0.7777777777777777
 40
0.8333333333333333
 40
0.8333333333333333
 40
0.8333333333333333
 40
0.8888888888888888
 40
0.8888888888888888
 40
0.8888888888888888
 40
0.9444444444444444
 40
0.9444444444444444
 40
0.9444444444444444
 40
1.0
 40
1.0
 40
1.0
 40
1.0
 10
-39.9095
 20
6.5672
 30
0.0
 10
-39.8994
 20
6.4429
 30
0.0
 10
-39.8943
 20
6.3236
 30
0.0
 10
-39.8943
 20
6.2069
 30
0.0
 10
-39.8943
 20
5.7956
 30
0.0
 10
-39.9426
 20
5.4987
 30
0.0
 10
-40.039
 20
5.3184
 30
0.0
 10
-40.0758
 20
5.2486
 30
0.0
 10
-40.1037
 20
5.2144
 30
0.0
 10
-40.1215
 20
5.2144
 30
0.0
 10
-40.1481
 20
5.2144
 30
0.0
 10
-40.1519
 20
5.2931
 30
0.0
 10
-40.1317
 20
5.4517
 30
0.0
 10
-40.1075
 20
5.6522
 30
0.0
 10
-40.1062
 20
5.8616
 30
0.0
 10
-40.1278
 20
6.0799
 30
0.0
 10
-40.218
 20
6.7894
 30
0.0
 10
-40.341
 20
7.8555
 30
0.0
 10
-40.4996
 20
9.2782
 30
0.0
 10
-40.52
 20
9.5383
 30
0.0
 10
-40.553
 20
9.9141
 30
0.0
 10
-40.6
 20
10.4052
 30
0.0
 10
-40.6076
 20
10.4319
 30
0.0
 10
-40.6419
 20
10.5055
 30
0.0
 10
-40.7015
 20
10.6235
 30
0.0
 10
-40.7154
 20
10.6514
 30
0.0
 10
-40.6761
 20
10.8088
 30
0.0
 10
-40.5821
 20
11.0956
 30
0.0
 10
-40.5771
 20
11.1133
 30
0.0
 10
-40.5695
 20
11.1223
 30
0.0
 10
-40.5593
 20
11.1223
 30
0.0
 10
-40.5353
 20
11.1223
 30
0.0
 10
-40.4996
 20
11.0689
 30
0.0
 10
-40.4552
 20
10.9623
 30
0.0
 10
-40.3791
 20
10.7986
 30
0.0
 10
-40.3029
 20
10.635
 30
0.0
 10
-40.2281
 20
10.4712
 30
0.0
 10
-40.11
 20
10.2186
 30
0.0
 10
-40.0504
 20
10.0613
 30
0.0
 10
-40.0504
 20
9.9991
 30
0.0
 10
-40.0504
 20
9.98
 30
0.0
 10
-40.0581
 20
9.9698
 30
0.0
 10
-40.072
 20
9.9698
 30
0.0
 10
-40.0821
 20
9.9698
 30
0.0
 10
-40.0987
 20
9.9775
 30
0.0
 10
-40.1215
 20
9.9915
 30
0.0
 10
-40.1824
 20
10.0396
 30
0.0
 10
-40.2484
 20
10.0981
 30
0.0
 10
-40.3182
 20
10.1704
 30
0.0
 10
-40.3233
 20
10.1006
 30
0.0
 10
-40.2725
 20
9.645
 30
0.0
 10
-40.1659
 20
8.8023
 30
0.0
 10
-40.0364
 20
7.7983
 30
0.0
 10
-39.9514
 20
7.0533
 30
0.0
 10
-39.9095
 20
6.5672
 30
0.0
  0
SPLINE
  5
E4
330
1F
100
AcDbEntity
  8
Layer 1
 62
   250
100
AcDbSpline
210
0.0
220
0.0
230
1.0
 70
    11
 71
     3
 72
    20
 73
    16
 74
     0
 42
0.0000000001
 43
0.0000000001
 40
0.0
 40
0.0
 40
0.0
 40
0.0
 40
0.2
 40
0.2
 40
0.2
 40
0.4
 40
0.4
 40
0.4
 40
0.6000000000000001
 40
0.6000000000000001
 40
0.6000000000000001
 40
0.8
 40
0.8
 40
0.8
 40
1.0
 40
1.0
 40
1.0
 40
1.0
 10
-40.9275
 20
6.91
 30
0.0
 10
-41.2104
 20
7.1968
 30
0.0
 10
-41.4732
 20
7.3415
 30
0.0
 10
-41.7156
 20
7.3415
 30
0.0
 10
-42.0227
 20
7.3415
 30
0.0
 10
-42.3781
 20
7.1625
 30
0.0
 10
-42.7791
 20
6.8058
 30
0.0
 10
-42.906
 20
6.6942
 30
0.0
 10
-43.1675
 20
6.4213
 30
0.0
 10
-43.5635
 20
5.9873
 30
0.0
 10
-43.1103
 20
6.0596
 30
0.0
 10
-42.5799
 20
6.2081
 30
0.0
 10
-41.9719
 20
6.434
 30
0.0
 10
-41.4439
 20
6.632
 30
0.0
 10
-41.0962
 20
6.7907
 30
0.0
 10
-40.9275
 20
6.91
 30
0.0
  0
SPLINE
  5
E5
330
1F
100
AcDbEntity
  8
Layer 1
 62
   250
100
AcDbSpline
210
0.0
220
0.0
230
1.0
 70
    11
 71
     3
 72
    29
 73
    25
 74
     0
 42
0.0000000001
 43
0.0000000001
 40
0.0
 40
0.0
 40
0.0
 40
0.0
 40
0.125
 40
0.125
 40
0.125
 40
0.25
 40
0.25
 40
0.25
 40
0.375
 40
0.375
 40
0.375
 40
0.5
 40
0.5
 40
0.5
 40
0.625
 40
0.625
 40
0.625
 40
0.75
 40
0.75
 40
0.75
 40
0.875
 40
0.875
 40
0.875
 40
1.0
 40
1.0
 40
1.0
 40
1.0
 10
-51.4667
 20
-6.7689
 30
0.0
 10
-51.4667
 20
-6.6067
 30
0.0
 10
-51.4867
 20
-6.4837
 30
0.0
 10
-51.5277
 20
-6.4008
 30
0.0
 10
-51.5833
 20
-6.2869
 30
0.0
 10
-51.6817
 20
-6.2295
 30
0.0
 10
-51.8229
 20
-6.2295
 30
0.0
 10
-51.9295
 20
-6.2295
 30
0.0
 10
-52.0325
 20
-6.2695
 30
0.0
 10
-52.1318
 20
-6.3497
 30
0.0
 10
-52.2311
 20
-6.4299
 30
0.0
 10
-52.2812
 20
-6.5046
 30
0.0
 10
-52.2812
 20
-6.5739
 30
0.0
 10
-52.2812
 20
-6.6486
 30
0.0
 10
-52.2375
 20
-6.7069
 30
0.0
 10
-52.151
 20
-6.7479
 30
0.0
 10
-52.0635
 20
-6.7889
 30
0.0
 10
-51.9587
 20
-6.809
 30
0.0
 10
-51.8339
 20
-6.809
 30
0.0
 10
-51.781
 20
-6.809
 30
0.0
 10
-51.7163
 20
-6.8035
 30
0.0
 10
-51.6398
 20
-6.7926
 30
0.0
 10
-51.5632
 20
-6.7825
 30
0.0
 10
-51.5058
 20
-6.7743
 30
0.0
 10
-51.4667
 20
-6.7689
 30
0.0
  0
SPLINE
  5
E6
330
1F
100
AcDbEntity
  8
Layer 1
 62
   250
100
AcDbSpline
210
0.0
220
0.0
230
1.0
 70
    11
 71
     3
 72
    50
 73
    46
 74
     0
 42
0.0000000001
 43
0.0000000001
 40
0.0
 40
0.0
 40
0.0
 40
0.0
 40
0.0666666666666667
 40
0.0666666666666667
 40
0.0666666666666667
 40
0.1333333333333333
 40
0.1333333333333333
 40
0.1333333333333333
 40
0.2
 40
0.2
 40
0.2
 40
0.2666666666666667
 40
0.2666666666666667
 40
0.2666666666666667
 40
0.3333333333333333
 40
0.3333333333333333
 40
0.3333333333333333
 40
0.4
 40
0.4
 40
0.4
 40
0.4666666666666667
 40
0.4666666666666667
 40
0.4666666666666667
 40
0.5333333333333333
 40
0.5333333333333333
 40
0.5333333333333333
 40
0.6
 40
0.6
 40
0.6
 40
0.6666666666666666
 40
0.6666666666666666
 40
0.6666666666666666
 40
0.7333333333333333
 40
0.7333333333333333
 40
0.7333333333333333
 40
0.8
 40
0.8
 40
0.8
 40
0.8666666666666667
 40
0.8666666666666667
 40
0.8666666666666667
 40
0.9333333333333333
 40
0.9333333333333333
 40
0.9333333333333333
 40
1.0
 40
1.0
 40
1.0
 40
1.0
 10
-50.8653
 20
-8.3343
 30
0.0
 10
-50.8653
 20
-8.3343
 30
0.0
 10
-51.0266
 20
-8.9028
 30
0.0
 10
-51.0266
 20
-8.9028
 30
0.0
 10
-51.2052
 20
-8.7944
 30
0.0
 10
-51.3236
 20
-8.6122
 30
0.0
 10
-51.3801
 20
-8.3561
 30
0.0
 10
-51.4266
 20
-8.1456
 30
0.0
 10
-51.4503
 20
-7.773
 30
0.0
 10
-51.4503
 20
-7.2372
 30
0.0
 10
-51.5705
 20
-7.28
 30
0.0
 10
-51.6598
 20
-7.3083
 30
0.0
 10
-51.72
 20
-7.3201
 30
0.0
 10
-51.7801
 20
-7.3329
 30
0.0
 10
-51.8393
 20
-7.3393
 30
0.0
 10
-51.8976
 20
-7.3393
 30
0.0
 10
-52.0899
 20
-7.3393
 30
0.0
 10
-52.243
 20
-7.2992
 30
0.0
 10
-52.3569
 20
-7.219
 30
0.0
 10
-52.4708
 20
-7.1388
 30
0.0
 10
-52.5273
 20
-7.024
 30
0.0
 10
-52.5273
 20
-6.8737
 30
0.0
 10
-52.5273
 20
-6.7634
 30
0.0
 10
-52.5008
 20
-6.6267
 30
0.0
 10
-52.448
 20
-6.4645
 30
0.0
 10
-52.3806
 20
-6.2577
 30
0.0
 10
-52.2894
 20
-6.091
 30
0.0
 10
-52.1765
 20
-5.9642
 30
0.0
 10
-52.0316
 20
-5.802
 30
0.0
 10
-51.8603
 20
-5.7209
 30
0.0
 10
-51.6635
 20
-5.7209
 30
0.0
 10
-51.5168
 20
-5.7209
 30
0.0
 10
-51.4047
 20
-5.7984
 30
0.0
 10
-51.3291
 20
-5.9533
 30
0.0
 10
-51.2671
 20
-6.0782
 30
0.0
 10
-51.2261
 20
-6.2641
 30
0.0
 10
-51.2061
 20
-6.5119
 30
0.0
 10
-51.1942
 20
-6.665
 30
0.0
 10
-51.1878
 20
-6.891
 30
0.0
 10
-51.1878
 20
-7.1907
 30
0.0
 10
-51.1523
 20
-7.6008
 30
0.0
 10
-51.1049
 20
-7.8878
 30
0.0
 10
-51.0448
 20
-8.0536
 30
0.0
 10
-51.0184
 20
-8.1265
 30
0.0
 10
-50.9582
 20
-8.2204
 30
0.0
 10
-50.8653
 20
-8.3343
 30
0.0
  0
SPLINE
  5
E7
330
1F
100
AcDbEntity
  8
Layer 1
 62
   250
100
AcDbSpline
210
0.0
220
0.0
230
1.0
 70
    11
 71
     3
 72
    38
 73
    34
 74
     0
 42
0.0000000001
 43
0.0000000001
 40
0.0
 40
0.0
 40
0.0
 40
0.0
 40
0.0909090909090909
 40
0.0909090909090909
 40
0.0909090909090909
 40
0.1818181818181818
 40
0.1818181818181818
 40
0.1818181818181818
 40
0.2727272727272727
 40
0.2727272727272727
 40
0.2727272727272727
 40
0.3636363636363636
 40
0.3636363636363636
 40
0.3636363636363636
 40
0.4545454545454546
 40
0.4545454545454546
 40
0.4545454545454546
 40
0.5454545454545454
 40
0.5454545454545454
 40
0.5454545454545454
 40
0.6363636363636364
 40
0.6363636363636364
 40
0.6363636363636364
 40
0.7272727272727273
 40
0.7272727272727273
 40
0.7272727272727273
 40
0.8181818181818182
 40
0.8181818181818182
 40
0.8181818181818182
 40
0.9090909090909092
 40
0.9090909090909092
 40
0.9090909090909092
 40
1.0
 40
1.0
 40
1.0
 40
1.0
 10
-48.4526
 20
-7.7876
 30
0.0
 10
-48.4526
 20
-7.9479
 30
0.0
 10
-48.4653
 20
-8.1338
 30
0.0
 10
-48.4899
 20
-8.3452
 30
0.0
 10
-48.4954
 20
-8.3971
 30
0.0
 10
-48.52
 20
-8.583
 30
0.0
 10
-48.5646
 20
-8.9028
 30
0.0
 10
-48.5646
 20
-8.9028
 30
0.0
 10
-48.6576
 20
-8.9028
 30
0.0
 10
-48.6576
 20
-8.9028
 30
0.0
 10
-48.6576
 20
-8.86
 30
0.0
 10
-48.6539
 20
-8.7361
 30
0.0
 10
-48.6466
 20
-8.532
 30
0.0
 10
-48.6466
 20
-8.1538
 30
0.0
 10
-48.6986
 20
-7.8012
 30
0.0
 10
-48.8015
 20
-7.4741
 30
0.0
 10
-48.8826
 20
-7.219
 30
0.0
 10
-48.9929
 20
-6.9803
 30
0.0
 10
-49.1341
 20
-6.7552
 30
0.0
 10
-49.2052
 20
-6.6413
 30
0.0
 10
-49.3072
 20
-6.5046
 30
0.0
 10
-49.4394
 20
-6.3443
 30
0.0
 10
-49.4394
 20
-6.3443
 30
0.0
 10
-49.1797
 20
-5.7701
 30
0.0
 10
-49.1797
 20
-5.7701
 30
0.0
 10
-49.0384
 20
-5.9387
 30
0.0
 10
-48.9255
 20
-6.0955
 30
0.0
 10
-48.8398
 20
-6.2395
 30
0.0
 10
-48.7186
 20
-6.4445
 30
0.0
 10
-48.6266
 20
-6.6604
 30
0.0
 10
-48.5646
 20
-6.8882
 30
0.0
 10
-48.4899
 20
-7.1588
 30
0.0
 10
-48.4526
 20
-7.4586
 30
0.0
 10
-48.4526
 20
-7.7876
 30
0.0
  0
SPLINE
  5
E8
330
1F
100
AcDbEntity
  8
Layer 1
 62
   250
100
AcDbSpline
210
0.0
220
0.0
230
1.0
 70
    11
 71
     3
 72
    38
 73
    34
 74
     0
 42
0.0000000001
 43
0.0000000001
 40
0.0
 40
0.0
 40
0.0
 40
0.0
 40
0.0909090909090909
 40
0.0909090909090909
 40
0.0909090909090909
 40
0.1818181818181818
 40
0.1818181818181818
 40
0.1818181818181818
 40
0.2727272727272727
 40
0.2727272727272727
 40
0.2727272727272727
 40
0.3636363636363636
 40
0.3636363636363636
 40
0.3636363636363636
 40
0.4545454545454546
 40
0.4545454545454546
 40
0.4545454545454546
 40
0.5454545454545454
 40
0.5454545454545454
 40
0.5454545454545454
 40
0.6363636363636364
 40
0.6363636363636364
 40
0.6363636363636364
 40
0.7272727272727273
 40
0.7272727272727273
 40
0.7272727272727273
 40
0.8181818181818182
 40
0.8181818181818182
 40
0.8181818181818182
 40
0.9090909090909092
 40
0.9090909090909092
 40
0.9090909090909092
 40
1.0
 40
1.0
 40
1.0
 40
1.0
 10
-45.5778
 20
-7.7876
 30
0.0
 10
-45.5778
 20
-7.9479
 30
0.0
 10
-45.5905
 20
-8.1338
 30
0.0
 10
-45.6151
 20
-8.3452
 30
0.0
 10
-45.6206
 20
-8.3971
 30
0.0
 10
-45.6452
 20
-8.583
 30
0.0
 10
-45.6898
 20
-8.9028
 30
0.0
 10
-45.6898
 20
-8.9028
 30
0.0
 10
-45.7828
 20
-8.9028
 30
0.0
 10
-45.7828
 20
-8.9028
 30
0.0
 10
-45.7828
 20
-8.86
 30
0.0
 10
-45.7791
 20
-8.7361
 30
0.0
 10
-45.7718
 20
-8.532
 30
0.0
 10
-45.7718
 20
-8.1538
 30
0.0
 10
-45.8238
 20
-7.8012
 30
0.0
 10
-45.9267
 20
-7.4741
 30
0.0
 10
-46.0078
 20
-7.219
 30
0.0
 10
-46.1181
 20
-6.9803
 30
0.0
 10
-46.2594
 20
-6.7552
 30
0.0
 10
-46.3305
 20
-6.6413
 30
0.0
 10
-46.4325
 20
-6.5046
 30
0.0
 10
-46.5647
 20
-6.3443
 30
0.0
 10
-46.5647
 20
-6.3443
 30
0.0
 10
-46.305
 20
-5.7701
 30
0.0
 10
-46.305
 20
-5.7701
 30
0.0
 10
-46.1637
 20
-5.9387
 30
0.0
 10
-46.0507
 20
-6.0955
 30
0.0
 10
-45.965
 20
-6.2395
 30
0.0
 10
-45.8438
 20
-6.4445
 30
0.0
 10
-45.7518
 20
-6.6604
 30
0.0
 10
-45.6898
 20
-6.8882
 30
0.0
 10
-45.6151
 20
-7.1588
 30
0.0
 10
-45.5778
 20
-7.4586
 30
0.0
 10
-45.5778
 20
-7.7876
 30
0.0
  0
SPLINE
  5
E9
330
1F
100
AcDbEntity
  8
Layer 1
 62
   250
100
AcDbSpline
210
0.0
220
0.0
230
1.0
 70
    11
 71
     3
 72
    38
 73
    34
 74
     0
 42
0.0000000001
 43
0.0000000001
 40
0.0
 40
0.0
 40
0.0
 40
0.0
 40
0.0909090909090909
 40
0.0909090909090909
 40
0.0909090909090909
 40
0.1818181818181818
 40
0.1818181818181818
 40
0.1818181818181818
 40
0.2727272727272727
 40
0.2727272727272727
 40
0.2727272727272727
 40
0.3636363636363636
 40
0.3636363636363636
 40
0.3636363636363636
 40
0.4545454545454546
 40
0.4545454545454546
 40
0.4545454545454546
 40
0.5454545454545454
 40
0.5454545454545454
 40
0.5454545454545454
 40
0.6363636363636364
 40
0.6363636363636364
 40
0.6363636363636364
 40
0.7272727272727273
 40
0.7272727272727273
 40
0.7272727272727273
 40
0.8181818181818182
 40
0.8181818181818182
 40
0.8181818181818182
 40
0.9090909090909092
 40
0.9090909090909092
 40
0.9090909090909092
 40
1.0
 40
1.0
 40
1.0
 40
1.0
 10
-41.7031
 20
-7.7876
 30
0.0
 10
-41.7031
 20
-7.9479
 30
0.0
 10
-41.7158
 20
-8.1338
 30
0.0
 10
-41.7404
 20
-8.3452
 30
0.0
 10
-41.7459
 20
-8.3971
 30
0.0
 10
-41.7705
 20
-8.583
 30
0.0
 10
-41.8151
 20
-8.9028
 30
0.0
 10
-41.8151
 20
-8.9028
 30
0.0
 10
-41.9081
 20
-8.9028
 30
0.0
 10
-41.9081
 20
-8.9028
 30
0.0
 10
-41.9081
 20
-8.86
 30
0.0
 10
-41.9044
 20
-8.7361
 30
0.0
 10
-41.8971
 20
-8.532
 30
0.0
 10
-41.8971
 20
-8.1538
 30
0.0
 10
-41.9491
 20
-7.8012
 30
0.0
 10
-42.052
 20
-7.4741
 30
0.0
 10
-42.1331
 20
-7.219
 30
0.0
 10
-42.2434
 20
-6.9803
 30
0.0
 10
-42.3846
 20
-6.7552
 30
0.0
 10
-42.4557
 20
-6.6413
 30
0.0
 10
-42.5577
 20
-6.5046
 30
0.0
 10
-42.6899
 20
-6.3443
 30
0.0
 10
-42.6899
 20
-6.3443
 30
0.0
 10
-42.4302
 20
-5.7701
 30
0.0
 10
-42.4302
 20
-5.7701
 30
0.0
 10
-42.2889
 20
-5.9387
 30
0.0
 10
-42.176
 20
-6.0955
 30
0.0
 10
-42.0903
 20
-6.2395
 30
0.0
 10
-41.9691
 20
-6.4445
 30
0.0
 10
-41.8771
 20
-6.6604
 30
0.0
 10
-41.8151
 20
-6.8882
 30
0.0
 10
-41.7404
 20
-7.1588
 30
0.0
 10
-41.7031
 20
-7.4586
 30
0.0
 10
-41.7031
 20
-7.7876
 30
0.0
  0
SPLINE
  5
EA
330
1F
100
AcDbEntity
  8
Layer 1
 62
   250
100
AcDbSpline
210
0.0
220
0.0
230
1.0
 70
    11
 71
     3
 72
    44
 73
    40
 74
     0
 42
0.0000000001
 43
0.0000000001
 40
0.0
 40
0.0
 40
0.0
 40
0.0
 40
0.0769230769230769
 40
0.0769230769230769
 40
0.0769230769230769
 40
0.1538461538461539
 40
0.1538461538461539
 40
0.1538461538461539
 40
0.2307692307692308
 40
0.2307692307692308
 40
0.2307692307692308
 40
0.3076923076923077
 40
0.3076923076923077
 40
0.3076923076923077
 40
0.3846153846153846
 40
0.3846153846153846
 40
0.3846153846153846
 40
0.4615384615384616
 40
0.4615384615384616
 40
0.4615384615384616
 40
0.5384615384615385
 40
0.5384615384615385
 40
0.5384615384615385
 40
0.6153846153846154
 40
0.6153846153846154
 40
0.6153846153846154
 40
0.6923076923076923
 40
0.6923076923076923
 40
0.6923076923076923
 40
0.7692307692307693
 40
0.7692307692307693
 40
0.7692307692307693
 40
0.8461538461538463
 40
0.8461538461538463
 40
0.8461538461538463
 40
0.9230769230769231
 40
0.9230769230769231
 40
0.9230769230769231
 40
1.0
 40
1.0
 40
1.0
 40
1.0
 10
-39.0416
 20
-8.0891
 30
0.0
 10
-39.0033
 20
-8.1301
 30
0.0
 10
-38.9495
 20
-8.1648
 30
0.0
 10
-38.8812
 20
-8.193
 30
0.0
 10
-38.8129
 20
-8.2213
 30
0.0
 10
-38.7436
 20
-8.2358
 30
0.0
 10
-38.6725
 20
-8.2358
 30
0.0
 10
-38.5868
 20
-8.2358
 30
0.0
 10
-38.5157
 20
-8.2131
 30
0.0
 10
-38.4583
 20
-8.1675
 30
0.0
 10
-38.4009
 20
-8.1219
 30
0.0
 10
-38.3718
 20
-8.0645
 30
0.0
 10
-38.3718
 20
-7.9953
 30
0.0
 10
-38.3718
 20
-7.8641
 30
0.0
 10
-38.4492
 20
-7.6782
 30
0.0
 10
-38.6032
 20
-7.4377
 30
0.0
 10
-38.7445
 20
-7.2172
 30
0.0
 10
-38.9404
 20
-6.9657
 30
0.0
 10
-39.191
 20
-6.6841
 30
0.0
 10
-39.2639
 20
-6.7607
 30
0.0
 10
-39.3432
 20
-6.8591
 30
0.0
 10
-39.4297
 20
-6.9775
 30
0.0
 10
-39.5436
 20
-7.1361
 30
0.0
 10
-39.6357
 20
-7.2882
 30
0.0
 10
-39.7058
 20
-7.434
 30
0.0
 10
-39.7933
 20
-7.6172
 30
0.0
 10
-39.837
 20
-7.7748
 30
0.0
 10
-39.837
 20
-7.906
 30
0.0
 10
-39.837
 20
-8.0199
 30
0.0
 10
-39.807
 20
-8.1101
 30
0.0
 10
-39.7459
 20
-8.1757
 30
0.0
 10
-39.6858
 20
-8.2413
 30
0.0
 10
-39.6001
 20
-8.2741
 30
0.0
 10
-39.4917
 20
-8.2741
 30
0.0
 10
-39.4151
 20
-8.2741
 30
0.0
 10
-39.345
 20
-8.2614
 30
0.0
 10
-39.2812
 20
-8.2368
 30
0.0
 10
-39.2183
 20
-8.2122
 30
0.0
 10
-39.1382
 20
-8.163
 30
0.0
 10
-39.0416
 20
-8.0891
 30
0.0
  0
SPLINE
  5
EB
330
1F
100
AcDbEntity
  8
Layer 1
 62
   250
100
AcDbSpline
210
0.0
220
0.0
230
1.0
 70
    11
 71
     3
 72
    47
 73
    43
 74
     0
 42
0.0000000001
 43
0.0000000001
 40
0.0
 40
0.0
 40
0.0
 40
0.0
 40
0.0714285714285714
 40
0.0714285714285714
 40
0.0714285714285714
 40
0.1428571428571428
 40
0.1428571428571428
 40
0.1428571428571428
 40
0.2142857142857143
 40
0.2142857142857143
 40
0.2142857142857143
 40
0.2857142857142857
 40
0.2857142857142857
 40
0.2857142857142857
 40
0.3571428571428571
 40
0.3571428571428571
 40
0.3571428571428571
 40
0.4285714285714285
 40
0.4285714285714285
 40
0.4285714285714285
 40
0.5
 40
0.5
 40
0.5
 40
0.5714285714285714
 40
0.5714285714285714
 40
0.5714285714285714
 40
0.6428571428571428
 40
0.6428571428571428
 40
0.6428571428571428
 40
0.7142857142857142
 40
0.7142857142857142
 40
0.7142857142857142
 40
0.7857142857142857
 40
0.7857142857142857
 40
0.7857142857142857
 40
0.8571428571428571
 40
0.8571428571428571
 40
0.8571428571428571
 40
0.9285714285714285
 40
0.9285714285714285
 40
0.9285714285714285
 40
1.0
 40
1.0
 40
1.0
 40
1.0
 10
-39.4689
 20
-6.3989
 30
0.0
 10
-39.4689
 20
-6.3989
 30
0.0
 10
-39.2931
 20
-5.8139
 30
0.0
 10
-39.2931
 20
-5.8139
 30
0.0
 10
-38.9195
 20
-6.1857
 30
0.0
 10
-38.6397
 20
-6.5566
 30
0.0
 10
-38.4529
 20
-6.9265
 30
0.0
 10
-38.2898
 20
-7.2509
 30
0.0
 10
-38.2078
 20
-7.547
 30
0.0
 10
-38.2078
 20
-7.8158
 30
0.0
 10
-38.2078
 20
-8.029
 30
0.0
 10
-38.2652
 20
-8.2286
 30
0.0
 10
-38.3809
 20
-8.4163
 30
0.0
 10
-38.5121
 20
-8.6276
 30
0.0
 10
-38.6735
 20
-8.7333
 30
0.0
 10
-38.863
 20
-8.7333
 30
0.0
 10
-38.9131
 20
-8.7333
 30
0.0
 10
-38.9596
 20
-8.727
 30
0.0
 10
-39.0015
 20
-8.7151
 30
0.0
 10
-39.0443
 20
-8.7024
 30
0.0
 10
-39.0908
 20
-8.6759
 30
0.0
 10
-39.14
 20
-8.6349
 30
0.0
 10
-39.2192
 20
-8.7015
 30
0.0
 10
-39.2976
 20
-8.7479
 30
0.0
 10
-39.3778
 20
-8.7753
 30
0.0
 10
-39.4571
 20
-8.8017
 30
0.0
 10
-39.5382
 20
-8.8153
 30
0.0
 10
-39.622
 20
-8.8153
 30
0.0
 10
-39.7924
 20
-8.8153
 30
0.0
 10
-39.9309
 20
-8.7689
 30
0.0
 10
-40.0402
 20
-8.6768
 30
0.0
 10
-40.1559
 20
-8.5784
 30
0.0
 10
-40.2142
 20
-8.4454
 30
0.0
 10
-40.2142
 20
-8.2759
 30
0.0
 10
-40.2142
 20
-8.0746
 30
0.0
 10
-40.1423
 20
-7.8477
 30
0.0
 10
-39.9974
 20
-7.5935
 30
0.0
 10
-39.8525
 20
-7.3402
 30
0.0
 10
-39.6047
 20
-7.0103
 30
0.0
 10
-39.2548
 20
-6.6049
 30
0.0
 10
-39.2548
 20
-6.6049
 30
0.0
 10
-39.4689
 20
-6.3989
 30
0.0
 10
-39.4689
 20
-6.3989
 30
0.0
  0
SPLINE
  5
EC
330
1F
100
AcDbEntity
  8
Layer 1
 62
   250
100
AcDbSpline
210
0.0
220
0.0
230
1.0
 70
    11
 71
     3
 72
    89
 73
    85
 74
     0
 42
0.0000000001
 43
0.0000000001
 40
0.0
 40
0.0
 40
0.0
 40
0.0
 40
0.0357142857142857
 40
0.0357142857142857
 40
0.0357142857142857
 40
0.0714285714285714
 40
0.0714285714285714
 40
0.0714285714285714
 40
0.1071428571428571
 40
0.1071428571428571
 40
0.1071428571428571
 40
0.1428571428571428
 40
0.1428571428571428
 40
0.1428571428571428
 40
0.1785714285714285
 40
0.1785714285714285
 40
0.1785714285714285
 40
0.2142857142857143
 40
0.2142857142857143
 40
0.2142857142857143
 40
0.25
 40
0.25
 40
0.25
 40
0.2857142857142857
 40
0.2857142857142857
 40
0.2857142857142857
 40
0.3214285714285714
 40
0.3214285714285714
 40
0.3214285714285714
 40
0.3571428571428571
 40
0.3571428571428571
 40
0.3571428571428571
 40
0.3928571428571428
 40
0.3928571428571428
 40
0.3928571428571428
 40
0.4285714285714285
 40
0.4285714285714285
 40
0.4285714285714285
 40
0.4642857142857142
 40
0.4642857142857142
 40
0.4642857142857142
 40
0.5
 40
0.5
 40
0.5
 40
0.5357142857142857
 40
0.5357142857142857
 40
0.5357142857142857
 40
0.5714285714285714
 40
0.5714285714285714
 40
0.5714285714285714
 40
0.6071428571428571
 40
0.6071428571428571
 40
0.6071428571428571
 40
0.6428571428571428
 40
0.6428571428571428
 40
0.6428571428571428
 40
0.6785714285714285
 40
0.6785714285714285
 40
0.6785714285714285
 40
0.7142857142857142
 40
0.7142857142857142
 40
0.7142857142857142
 40
0.75
 40
0.75
 40
0.75
 40
0.7857142857142857
 40
0.7857142857142857
 40
0.7857142857142857
 40
0.8214285714285714
 40
0.8214285714285714
 40
0.8214285714285714
 40
0.8571428571428571
 40
0.8571428571428571
 40
0.8571428571428571
 40
0.8928571428571428
 40
0.8928571428571428
 40
0.8928571428571428
 40
0.9285714285714285
 40
0.9285714285714285
 40
0.9285714285714285
 40
0.9642857142857142
 40
0.9642857142857142
 40
0.9642857142857142
 40
1.0
 40
1.0
 40
1.0
 40
1.0
 10
-37.323
 20
-6.4099
 30
0.0
 10
-37.323
 20
-6.4099
 30
0.0
 10
-37.1235
 20
-5.7701
 30
0.0
 10
-37.1235
 20
-5.7701
 30
0.0
 10
-36.9622
 20
-6.0572
 30
0.0
 10
-36.8483
 20
-6.244
 30
0.0
 10
-36.7818
 20
-6.3288
 30
0.0
 10
-36.7162
 20
-6.4144
 30
0.0
 10
-36.6196
 20
-6.4937
 30
0.0
 10
-36.4921
 20
-6.5684
 30
0.0
 10
-36.4675
 20
-6.2796
 30
0.0
 10
-36.4128
 20
-6.07
 30
0.0
 10
-36.328
 20
-5.9414
 30
0.0
 10
-36.2433
 20
-5.813
 30
0.0
 10
-36.1203
 20
-5.7483
 30
0.0
 10
-35.959
 20
-5.7483
 30
0.0
 10
-35.8506
 20
-5.7483
 30
0.0
 10
-35.7531
 20
-5.7747
 30
0.0
 10
-35.6656
 20
-5.8275
 30
0.0
 10
-35.5854
 20
-5.8758
 30
0.0
 10
-35.5025
 20
-5.9524
 30
0.0
 10
-35.4151
 20
-6.0591
 30
0.0
 10
-35.4151
 20
-6.0591
 30
0.0
 10
-35.436
 20
-6.091
 30
0.0
 10
-35.436
 20
-6.091
 30
0.0
 10
-35.4451
 20
-6.0891
 30
0.0
 10
-35.4788
 20
-6.0782
 30
0.0
 10
-35.5372
 20
-6.0591
 30
0.0
 10
-35.6246
 20
-6.0307
 30
0.0
 10
-35.7085
 20
-6.0161
 30
0.0
 10
-35.7905
 20
-6.0161
 30
0.0
 10
-35.9554
 20
-6.0161
 30
0.0
 10
-36.0875
 20
-6.0627
 30
0.0
 10
-36.1877
 20
-6.1566
 30
0.0
 10
-36.288
 20
-6.2495
 30
0.0
 10
-36.3645
 20
-6.3998
 30
0.0
 10
-36.4155
 20
-6.6058
 30
0.0
 10
-36.3253
 20
-6.634
 30
0.0
 10
-36.2479
 20
-6.655
 30
0.0
 10
-36.1823
 20
-6.6686
 30
0.0
 10
-36.1176
 20
-6.6823
 30
0.0
 10
-36.0583
 20
-6.6887
 30
0.0
 10
-36.0028
 20
-6.6887
 30
0.0
 10
-35.8579
 20
-6.6887
 30
0.0
 10
-35.734
 20
-6.6641
 30
0.0
 10
-35.6328
 20
-6.614
 30
0.0
 10
-35.5326
 20
-6.5639
 30
0.0
 10
-35.4269
 20
-6.4727
 30
0.0
 10
-35.3167
 20
-6.3388
 30
0.0
 10
-35.3167
 20
-6.3388
 30
0.0
 10
-35.2565
 20
-6.3598
 30
0.0
 10
-35.2565
 20
-6.3598
 30
0.0
 10
-35.3066
 20
-6.6222
 30
0.0
 10
-35.3996
 20
-6.8217
 30
0.0
 10
-35.5372
 20
-6.9584
 30
0.0
 10
-35.6747
 20
-7.096
 30
0.0
 10
-35.8524
 20
-7.1643
 30
0.0
 10
-36.0684
 20
-7.1643
 30
0.0
 10
-36.1731
 20
-7.1643
 30
0.0
 10
-36.2561
 20
-7.1552
 30
0.0
 10
-36.318
 20
-7.1361
 30
0.0
 10
-36.3791
 20
-7.1178
 30
0.0
 10
-36.4447
 20
-7.0823
 30
0.0
 10
-36.5157
 20
-7.0304
 30
0.0
 10
-36.4429
 20
-7.2017
 30
0.0
 10
-36.3955
 20
-7.3447
 30
0.0
 10
-36.3745
 20
-7.4604
 30
0.0
 10
-36.3581
 20
-7.5497
 30
0.0
 10
-36.3508
 20
-7.6891
 30
0.0
 10
-36.3508
 20
-7.8796
 30
0.0
 10
-36.3508
 20
-8.1329
 30
0.0
 10
-36.3955
 20
-8.4664
 30
0.0
 10
-36.4866
 20
-8.881
 30
0.0
 10
-36.4866
 20
-8.881
 30
0.0
 10
-36.5795
 20
-8.881
 30
0.0
 10
-36.5795
 20
-8.881
 30
0.0
 10
-36.5795
 20
-8.491
 30
0.0
 10
-36.6142
 20
-8.1365
 30
0.0
 10
-36.6834
 20
-7.8158
 30
0.0
 10
-36.7445
 20
-7.5333
 30
0.0
 10
-36.8356
 20
-7.2655
 30
0.0
 10
-36.9568
 20
-7.0131
 30
0.0
 10
-37.0533
 20
-6.8117
 30
0.0
 10
-37.1754
 20
-6.6112
 30
0.0
 10
-37.323
 20
-6.4099
 30
0.0
  0
SPLINE
  5
ED
330
1F
100
AcDbEntity
  8
Layer 1
 62
   250
100
AcDbSpline
210
0.0
220
0.0
230
1.0
 70
    11
 71
     3
 72
    77
 73
    73
 74
     0
 42
0.0000000001
 43
0.0000000001
 40
0.0
 40
0.0
 40
0.0
 40
0.0
 40
0.0416666666666667
 40
0.0416666666666667
 40
0.0416666666666667
 40
0.0833333333333333
 40
0.0833333333333333
 40
0.0833333333333333
 40
0.125
 40
0.125
 40
0.125
 40
0.1666666666666667
 40
0.1666666666666667
 40
0.1666666666666667
 40
0.2083333333333333
 40
0.2083333333333333
 40
0.2083333333333333
 40
0.25
 40
0.25
 40
0.25
 40
0.2916666666666666
 40
0.2916666666666666
 40
0.2916666666666666
 40
0.3333333333333333
 40
0.3333333333333333
 40
0.3333333333333333
 40
0.375
 40
0.375
 40
0.375
 40
0.4166666666666666
 40
0.4166666666666666
 40
0.4166666666666666
 40
0.4583333333333333
 40
0.4583333333333333
 40
0.4583333333333333
 40
0.5
 40
0.5
 40
0.5
 40
0.5416666666666666
 40
0.5416666666666666
 40
0.5416666666666666
 40
0.5833333333333333
 40
0.5833333333333333
 40
0.5833333333333333
 40
0.625
 40
0.625
 40
0.625
 40
0.6666666666666666
 40
0.6666666666666666
 40
0.6666666666666666
 40
0.7083333333333333
 40
0.7083333333333333
 40
0.7083333333333333
 40
0.75
 40
0.75
 40
0.75
 40
0.7916666666666666
 40
0.7916666666666666
 40
0.7916666666666666
 40
0.8333333333333333
 40
0.8333333333333333
 40
0.8333333333333333
 40
0.875
 40
0.875
 40
0.875
 40
0.9166666666666666
 40
0.9166666666666666
 40
0.9166666666666666
 40
0.9583333333333333
 40
0.9583333333333333
 40
0.9583333333333333
 40
1.0
 40
1.0
 40
1.0
 40
1.0
 10
-32.9508
 20
-8.881
 30
0.0
 10
-32.9508
 20
-8.5775
 30
0.0
 10
-32.919
 20
-8.2914
 30
0.0
 10
-32.8561
 20
-8.0235
 30
0.0
 10
-32.7932
 20
-7.7557
 30
0.0
 10
-32.6893
 20
-7.5042
 30
0.0
 10
-32.5454
 20
-7.2682
 30
0.0
 10
-32.8105
 20
-7.2682
 30
0.0
 10
-33.0073
 20
-7.2399
 30
0.0
 10
-33.1358
 20
-7.1844
 30
0.0
 10
-33.2643
 20
-7.1279
 30
0.0
 10
-33.3281
 20
-7.045
 30
0.0
 10
-33.3281
 20
-6.9347
 30
0.0
 10
-33.3281
 20
-6.8518
 30
0.0
 10
-33.2934
 20
-6.7452
 30
0.0
 10
-33.2242
 20
-6.6167
 30
0.0
 10
-33.154
 20
-6.4873
 30
0.0
 10
-33.0529
 20
-6.3443
 30
0.0
 10
-32.919
 20
-6.1857
 30
0.0
 10
-32.8142
 20
-6.0545
 30
0.0
 10
-32.7094
 20
-5.9524
 30
0.0
 10
-32.6037
 20
-5.8795
 30
0.0
 10
-32.4989
 20
-5.8066
 30
0.0
 10
-32.406
 20
-5.7701
 30
0.0
 10
-32.3258
 20
-5.7701
 30
0.0
 10
-32.2319
 20
-5.7701
 30
0.0
 10
-32.1335
 20
-5.8084
 30
0.0
 10
-32.0306
 20
-5.8849
 30
0.0
 10
-31.9285
 20
-5.9606
 30
0.0
 10
-31.811
 20
-6.0837
 30
0.0
 10
-31.677
 20
-6.2522
 30
0.0
 10
-31.677
 20
-6.2522
 30
0.0
 10
-31.7035
 20
-6.2787
 30
0.0
 10
-31.7035
 20
-6.2787
 30
0.0
 10
-31.8338
 20
-6.234
 30
0.0
 10
-31.9331
 20
-6.2049
 30
0.0
 10
-32.0014
 20
-6.1903
 30
0.0
 10
-32.0697
 20
-6.1766
 30
0.0
 10
-32.1481
 20
-6.1693
 30
0.0
 10
-32.2356
 20
-6.1693
 30
0.0
 10
-32.4579
 20
-6.1693
 30
0.0
 10
-32.6356
 20
-6.1994
 30
0.0
 10
-32.7686
 20
-6.2586
 30
0.0
 10
-32.9007
 20
-6.3188
 30
0.0
 10
-32.9672
 20
-6.3935
 30
0.0
 10
-32.9672
 20
-6.4818
 30
0.0
 10
-32.9672
 20
-6.5784
 30
0.0
 10
-32.919
 20
-6.6531
 30
0.0
 10
-32.8233
 20
-6.7069
 30
0.0
 10
-32.7267
 20
-6.7607
 30
0.0
 10
-32.5946
 20
-6.7871
 30
0.0
 10
-32.4251
 20
-6.7871
 30
0.0
 10
-32.272
 20
-6.7871
 30
0.0
 10
-32.1326
 20
-6.7716
 30
0.0
 10
-32.0078
 20
-6.7415
 30
0.0
 10
-31.882
 20
-6.7115
 30
0.0
 10
-31.7098
 20
-6.6459
 30
0.0
 10
-31.4912
 20
-6.5465
 30
0.0
 10
-31.4912
 20
-6.5465
 30
0.0
 10
-31.6114
 20
-7.055
 30
0.0
 10
-31.6114
 20
-7.055
 30
0.0
 10
-31.7855
 20
-7.1151
 30
0.0
 10
-31.9568
 20
-7.2235
 30
0.0
 10
-32.1235
 20
-7.3793
 30
0.0
 10
-32.3085
 20
-7.5516
 30
0.0
 10
-32.4615
 20
-7.7575
 30
0.0
 10
-32.5827
 20
-7.9971
 30
0.0
 10
-32.7194
 20
-8.2668
 30
0.0
 10
-32.806
 20
-8.5611
 30
0.0
 10
-32.8415
 20
-8.881
 30
0.0
 10
-32.8415
 20
-8.881
 30
0.0
 10
-32.9508
 20
-8.881
 30
0.0
 10
-32.9508
 20
-8.881
 30
0.0
  0
SPLINE
  5
EE
330
1F
100
AcDbEntity
  8
Layer 1
 62
   250
100
AcDbSpline
210
0.0
220
0.0
230
1.0
 70
    11
 71
     3
 72
    47
 73
    43
 74
     0
 42
0.0000000001
 43
0.0000000001
 40
0.0
 40
0.0
 40
0.0
 40
0.0
 40
0.0714285714285714
 40
0.0714285714285714
 40
0.0714285714285714
 40
0.1428571428571428
 40
0.1428571428571428
 40
0.1428571428571428
 40
0.2142857142857143
 40
0.2142857142857143
 40
0.2142857142857143
 40
0.2857142857142857
 40
0.2857142857142857
 40
0.2857142857142857
 40
0.3571428571428571
 40
0.3571428571428571
 40
0.3571428571428571
 40
0.4285714285714285
 40
0.4285714285714285
 40
0.4285714285714285
 40
0.5
 40
0.5
 40
0.5
 40
0.5714285714285714
 40
0.5714285714285714
 40
0.5714285714285714
 40
0.6428571428571428
 40
0.6428571428571428
 40
0.6428571428571428
 40
0.7142857142857142
 40
0.7142857142857142
 40
0.7142857142857142
 40
0.7857142857142857
 40
0.7857142857142857
 40
0.7857142857142857
 40
0.8571428571428571
 40
0.8571428571428571
 40
0.8571428571428571
 40
0.9285714285714285
 40
0.9285714285714285
 40
0.9285714285714285
 40
1.0
 40
1.0
 40
1.0
 40
1.0
 10
-28.4141
 20
-8.0099
 30
0.0
 10
-28.4141
 20
-8.0099
 30
0.0
 10
-28.5097
 20
-8.8536
 30
0.0
 10
-28.5097
 20
-8.8536
 30
0.0
 10
-28.7731
 20
-8.5812
 30
0.0
 10
-29.0036
 20
-8.2431
 30
0.0
 10
-29.2013
 20
-7.8377
 30
0.0
 10
-29.399
 20
-7.4322
 30
0.0
 10
-29.5412
 20
-7.0049
 30
0.0
 10
-29.6287
 20
-6.5547
 30
0.0
 10
-29.6287
 20
-6.5547
 30
0.0
 10
-29.6469
 20
-6.5547
 30
0.0
 10
-29.6469
 20
-6.5547
 30
0.0
 10
-29.7234
 20
-6.9547
 30
0.0
 10
-29.7908
 20
-7.2563
 30
0.0
 10
-29.8473
 20
-7.4595
 30
0.0
 10
-29.9221
 20
-7.7274
 30
0.0
 10
-30.0132
 20
-7.9671
 30
0.0
 10
-30.1198
 20
-8.1766
 30
0.0
 10
-30.2319
 20
-8.3971
 30
0.0
 10
-30.3858
 20
-8.6286
 30
0.0
 10
-30.5817
 20
-8.87
 30
0.0
 10
-30.5817
 20
-8.87
 30
0.0
 10
-30.5817
 20
-8.1065
 30
0.0
 10
-30.5817
 20
-8.1065
 30
0.0
 10
-30.3248
 20
-7.8705
 30
0.0
 10
-30.117
 20
-7.5625
 30
0.0
 10
-29.9585
 20
-7.1834
 30
0.0
 10
-29.8054
 20
-6.8153
 30
0.0
 10
-29.6842
 20
-6.3443
 30
0.0
 10
-29.5949
 20
-5.7701
 30
0.0
 10
-29.5949
 20
-5.7701
 30
0.0
 10
-29.5457
 20
-5.7701
 30
0.0
 10
-29.5457
 20
-5.7701
 30
0.0
 10
-29.4546
 20
-6.193
 30
0.0
 10
-29.3535
 20
-6.5456
 30
0.0
 10
-29.2414
 20
-6.8263
 30
0.0
 10
-29.1366
 20
-7.0896
 30
0.0
 10
-29.0127
 20
-7.3183
 30
0.0
 10
-28.8706
 20
-7.5142
 30
0.0
 10
-28.753
 20
-7.6737
 30
0.0
 10
-28.6009
 20
-7.8395
 30
0.0
 10
-28.4141
 20
-8.0099
 30
0.0
  0
SPLINE
  5
EF
330
1F
100
AcDbEntity
  8
Layer 1
 62
   250
100
AcDbSpline
210
0.0
220
0.0
230
1.0
 70
    11
 71
     3
 72
    65
 73
    61
 74
     0
 42
0.0000000001
 43
0.0000000001
 40
0.0
 40
0.0
 40
0.0
 40
0.0
 40
0.05
 40
0.05
 40
0.05
 40
0.1
 40
0.1
 40
0.1
 40
0.15
 40
0.15
 40
0.15
 40
0.2
 40
0.2
 40
0.2
 40
0.25
 40
0.25
 40
0.25
 40
0.3
 40
0.3
 40
0.3
 40
0.35
 40
0.35
 40
0.35
 40
0.4
 40
0.4
 40
0.4
 40
0.45
 40
0.45
 40
0.45
 40
0.5
 40
0.5
 40
0.5
 40
0.55
 40
0.55
 40
0.55
 40
0.6000000000000001
 40
0.6000000000000001
 40
0.6000000000000001
 40
0.65
 40
0.65
 40
0.65
 40
0.7000000000000001
 40
0.7000000000000001
 40
0.7000000000000001
 40
0.75
 40
0.75
 40
0.75
 40
0.8
 40
0.8
 40
0.8
 40
0.8500000000000001
 40
0.8500000000000001
 40
0.8500000000000001
 40
0.9
 40
0.9
 40
0.9
 40
0.9500000000000001
 40
0.9500000000000001
 40
0.9500000000000001
 40
1.0
 40
1.0
 40
1.0
 40
1.0
 10
-25.9776
 20
-6.1948
 30
0.0
 10
-25.9776
 20
-6.3907
 30
0.0
 10
-26.0241
 20
-6.5475
 30
0.0
 10
-26.1171
 20
-6.6659
 30
0.0
 10
-26.2191
 20
-6.7944
 30
0.0
 10
-26.3631
 20
-6.8582
 30
0.0
 10
-26.5489
 20
-6.8582
 30
0.0
 10
-26.5726
 20
-6.8582
 30
0.0
 10
-26.6346
 20
-6.8509
 30
0.0
 10
-26.7348
 20
-6.8363
 30
0.0
 10
-26.6665
 20
-6.9793
 30
0.0
 10
-26.6182
 20
-7.0923
 30
0.0
 10
-26.589
 20
-7.1762
 30
0.0
 10
-26.5407
 20
-7.3165
 30
0.0
 10
-26.5043
 20
-7.4805
 30
0.0
 10
-26.4797
 20
-7.6691
 30
0.0
 10
-26.4542
 20
-7.8586
 30
0.0
 10
-26.4414
 20
-8.111
 30
0.0
 10
-26.4414
 20
-8.4281
 30
0.0
 10
-26.4414
 20
-8.4828
 30
0.0
 10
-26.4433
 20
-8.573
 30
0.0
 10
-26.4469
 20
-8.6987
 30
0.0
 10
-26.4505
 20
-8.8245
 30
0.0
 10
-26.4524
 20
-8.8919
 30
0.0
 10
-26.4524
 20
-8.9028
 30
0.0
 10
-26.4524
 20
-8.9028
 30
0.0
 10
-26.5344
 20
-8.9028
 30
0.0
 10
-26.5344
 20
-8.9028
 30
0.0
 10
-26.6701
 20
-8.3279
 30
0.0
 10
-26.7594
 20
-7.9652
 30
0.0
 10
-26.8041
 20
-7.814
 30
0.0
 10
-26.8897
 20
-7.5178
 30
0.0
 10
-26.9909
 20
-7.2609
 30
0.0
 10
-27.1075
 20
-7.0404
 30
0.0
 10
-27.225
 20
-6.8208
 30
0.0
 10
-27.4
 20
-6.5648
 30
0.0
 10
-27.6332
 20
-6.2732
 30
0.0
 10
-27.6332
 20
-6.2732
 30
0.0
 10
-27.4556
 20
-5.7319
 30
0.0
 10
-27.4556
 20
-5.7319
 30
0.0
 10
-27.3362
 20
-5.9013
 30
0.0
 10
-27.2305
 20
-6.0271
 30
0.0
 10
-27.1385
 20
-6.1092
 30
0.0
 10
-26.9699
 20
-6.2586
 30
0.0
 10
-26.7913
 20
-6.3333
 30
0.0
 10
-26.6027
 20
-6.3333
 30
0.0
 10
-26.4041
 20
-6.3333
 30
0.0
 10
-26.2665
 20
-6.2668
 30
0.0
 10
-26.1899
 20
-6.1329
 30
0.0
 10
-26.1471
 20
-6.06
 30
0.0
 10
-26.1143
 20
-5.9278
 30
0.0
 10
-26.0915
 20
-5.7373
 30
0.0
 10
-26.0915
 20
-5.7373
 30
0.0
 10
-25.9986
 20
-5.7319
 30
0.0
 10
-25.9986
 20
-5.7319
 30
0.0
 10
-25.9913
 20
-5.7947
 30
0.0
 10
-25.9858
 20
-5.8667
 30
0.0
 10
-25.9822
 20
-5.9496
 30
0.0
 10
-25.9795
 20
-6.0325
 30
0.0
 10
-25.9776
 20
-6.1146
 30
0.0
 10
-25.9776
 20
-6.1948
 30
0.0
  0
SPLINE
  5
F0
330
1F
100
AcDbEntity
  8
Layer 1
 62
   250
100
AcDbSpline
210
0.0
220
0.0
230
1.0
 70
    11
 71
     3
 72
    77
 73
    73
 74
     0
 42
0.0000000001
 43
0.0000000001
 40
0.0
 40
0.0
 40
0.0
 40
0.0
 40
0.0416666666666667
 40
0.0416666666666667
 40
0.0416666666666667
 40
0.0833333333333333
 40
0.0833333333333333
 40
0.0833333333333333
 40
0.125
 40
0.125
 40
0.125
 40
0.1666666666666667
 40
0.1666666666666667
 40
0.1666666666666667
 40
0.2083333333333333
 40
0.2083333333333333
 40
0.2083333333333333
 40
0.25
 40
0.25
 40
0.25
 40
0.2916666666666666
 40
0.2916666666666666
 40
0.2916666666666666
 40
0.3333333333333333
 40
0.3333333333333333
 40
0.3333333333333333
 40
0.375
 40
0.375
 40
0.375
 40
0.4166666666666666
 40
0.4166666666666666
 40
0.4166666666666666
 40
0.4583333333333333
 40
0.4583333333333333
 40
0.4583333333333333
 40
0.5
 40
0.5
 40
0.5
 40
0.5416666666666666
 40
0.5416666666666666
 40
0.5416666666666666
 40
0.5833333333333333
 40
0.5833333333333333
 40
0.5833333333333333
 40
0.625
 40
0.625
 40
0.625
 40
0.6666666666666666
 40
0.6666666666666666
 40
0.6666666666666666
 40
0.7083333333333333
 40
0.7083333333333333
 40
0.7083333333333333
 40
0.75
 40
0.75
 40
0.75
 40
0.7916666666666666
 40
0.7916666666666666
 40
0.7916666666666666
 40
0.8333333333333333
 40
0.8333333333333333
 40
0.8333333333333333
 40
0.875
 40
0.875
 40
0.875
 40
0.9166666666666666
 40
0.9166666666666666
 40
0.9166666666666666
 40
0.9583333333333333
 40
0.9583333333333333
 40
0.9583333333333333
 40
1.0
 40
1.0
 40
1.0
 40
1.0
 10
-24.3266
 20
-8.881
 30
0.0
 10
-24.3266
 20
-8.5775
 30
0.0
 10
-24.2948
 20
-8.2914
 30
0.0
 10
-24.2319
 20
-8.0235
 30
0.0
 10
-24.169
 20
-7.7557
 30
0.0
 10
-24.0651
 20
-7.5042
 30
0.0
 10
-23.9212
 20
-7.2682
 30
0.0
 10
-24.1863
 20
-7.2682
 30
0.0
 10
-24.3831
 20
-7.2399
 30
0.0
 10
-24.5116
 20
-7.1844
 30
0.0
 10
-24.6401
 20
-7.1279
 30
0.0
 10
-24.7039
 20
-7.045
 30
0.0
 10
-24.7039
 20
-6.9347
 30
0.0
 10
-24.7039
 20
-6.8518
 30
0.0
 10
-24.6692
 20
-6.7452
 30
0.0
 10
-24.6
 20
-6.6167
 30
0.0
 10
-24.5298
 20
-6.4873
 30
0.0
 10
-24.4287
 20
-6.3443
 30
0.0
 10
-24.2948
 20
-6.1857
 30
0.0
 10
-24.19
 20
-6.0545
 30
0.0
 10
-24.0852
 20
-5.9524
 30
0.0
 10
-23.9795
 20
-5.8795
 30
0.0
 10
-23.8747
 20
-5.8066
 30
0.0
 10
-23.7818
 20
-5.7701
 30
0.0
 10
-23.7016
 20
-5.7701
 30
0.0
 10
-23.6076
 20
-5.7701
 30
0.0
 10
-23.5092
 20
-5.8084
 30
0.0
 10
-23.4063
 20
-5.8849
 30
0.0
 10
-23.3042
 20
-5.9606
 30
0.0
 10
-23.1867
 20
-6.0837
 30
0.0
 10
-23.0527
 20
-6.2522
 30
0.0
 10
-23.0527
 20
-6.2522
 30
0.0
 10
-23.0792
 20
-6.2787
 30
0.0
 10
-23.0792
 20
-6.2787
 30
0.0
 10
-23.2095
 20
-6.234
 30
0.0
 10
-23.3088
 20
-6.2049
 30
0.0
 10
-23.3771
 20
-6.1903
 30
0.0
 10
-23.4454
 20
-6.1766
 30
0.0
 10
-23.5238
 20
-6.1693
 30
0.0
 10
-23.6113
 20
-6.1693
 30
0.0
 10
-23.8337
 20
-6.1693
 30
0.0
 10
-24.0114
 20
-6.1994
 30
0.0
 10
-24.1444
 20
-6.2586
 30
0.0
 10
-24.2765
 20
-6.3188
 30
0.0
 10
-24.343
 20
-6.3935
 30
0.0
 10
-24.343
 20
-6.4818
 30
0.0
 10
-24.343
 20
-6.5784
 30
0.0
 10
-24.2948
 20
-6.6531
 30
0.0
 10
-24.1991
 20
-6.7069
 30
0.0
 10
-24.1025
 20
-6.7607
 30
0.0
 10
-23.9704
 20
-6.7871
 30
0.0
 10
-23.8009
 20
-6.7871
 30
0.0
 10
-23.6478
 20
-6.7871
 30
0.0
 10
-23.5083
 20
-6.7716
 30
0.0
 10
-23.3835
 20
-6.7415
 30
0.0
 10
-23.2577
 20
-6.7115
 30
0.0
 10
-23.0855
 20
-6.6459
 30
0.0
 10
-22.8669
 20
-6.5465
 30
0.0
 10
-22.8669
 20
-6.5465
 30
0.0
 10
-22.9871
 20
-7.055
 30
0.0
 10
-22.9871
 20
-7.055
 30
0.0
 10
-23.1612
 20
-7.1151
 30
0.0
 10
-23.3325
 20
-7.2235
 30
0.0
 10
-23.4992
 20
-7.3793
 30
0.0
 10
-23.6843
 20
-7.5516
 30
0.0
 10
-23.8373
 20
-7.7575
 30
0.0
 10
-23.9585
 20
-7.9971
 30
0.0
 10
-24.0952
 20
-8.2668
 30
0.0
 10
-24.1818
 20
-8.5611
 30
0.0
 10
-24.2173
 20
-8.881
 30
0.0
 10
-24.2173
 20
-8.881
 30
0.0
 10
-24.3266
 20
-8.881
 30
0.0
 10
-24.3266
 20
-8.881
 30
0.0
  0
SPLINE
  5
F1
330
1F
100
AcDbEntity
  8
Layer 1
 62
   250
100
AcDbSpline
210
0.0
220
0.0
230
1.0
 70
    11
 71
     3
 72
    29
 73
    25
 74
     0
 42
0.0000000001
 43
0.0000000001
 40
0.0
 40
0.0
 40
0.0
 40
0.0
 40
0.125
 40
0.125
 40
0.125
 40
0.25
 40
0.25
 40
0.25
 40
0.375
 40
0.375
 40
0.375
 40
0.5
 40
0.5
 40
0.5
 40
0.625
 40
0.625
 40
0.625
 40
0.75
 40
0.75
 40
0.75
 40
0.875
 40
0.875
 40
0.875
 40
1.0
 40
1.0
 40
1.0
 40
1.0
 10
-54.1064
 20
-7.6964
 30
0.0
 10
-54.1565
 20
-7.8513
 30
0.0
 10
-54.1939
 20
-7.9771
 30
0.0
 10
-54.2185
 20
-8.0737
 30
0.0
 10
-54.244
 20
-8.1693
 30
0.0
 10
-54.2731
 20
-8.3078
 30
0.0
 10
-54.3068
 20
-8.4873
 30
0.0
 10
-54.4581
 20
-8.4017
 30
0.0
 10
-54.5775
 20
-8.3288
 30
0.0
 10
-54.6622
 20
-8.2686
 30
0.0
 10
-54.7196
 20
-8.2276
 30
0.0
 10
-54.8244
 20
-8.1466
 30
0.0
 10
-54.9756
 20
-8.0254
 30
0.0
 10
-54.9383
 20
-7.8632
 30
0.0
 10
-54.9037
 20
-7.7301
 30
0.0
 10
-54.8727
 20
-7.6245
 30
0.0
 10
-54.8417
 20
-7.5197
 30
0.0
 10
-54.7952
 20
-7.383
 30
0.0
 10
-54.7351
 20
-7.2135
 30
0.0
 10
-54.6349
 20
-7.301
 30
0.0
 10
-54.5346
 20
-7.3839
 30
0.0
 10
-54.4326
 20
-7.4623
 30
0.0
 10
-54.3652
 20
-7.5133
 30
0.0
 10
-54.2558
 20
-7.5917
 30
0.0
 10
-54.1064
 20
-7.6964
 30
0.0
  0
SPLINE
  5
F2
330
1F
100
AcDbEntity
  8
Layer 1
 62
   250
100
AcDbSpline
210
0.0
220
0.0
230
1.0
 70
    11
 71
     3
 72
    92
 73
    88
 74
     0
 42
0.0000000001
 43
0.0000000001
 40
0.0
 40
0.0
 40
0.0
 40
0.0
 40
0.0344827586206897
 40
0.0344827586206897
 40
0.0344827586206897
 40
0.0689655172413793
 40
0.0689655172413793
 40
0.0689655172413793
 40
0.103448275862069
 40
0.103448275862069
 40
0.103448275862069
 40
0.1379310344827586
 40
0.1379310344827586
 40
0.1379310344827586
 40
0.1724137931034483
 40
0.1724137931034483
 40
0.1724137931034483
 40
0.2068965517241379
 40
0.2068965517241379
 40
0.2068965517241379
 40
0.2413793103448276
 40
0.2413793103448276
 40
0.2413793103448276
 40
0.2758620689655172
 40
0.2758620689655172
 40
0.2758620689655172
 40
0.3103448275862069
 40
0.3103448275862069
 40
0.3103448275862069
 40
0.3448275862068966
 40
0.3448275862068966
 40
0.3448275862068966
 40
0.3793103448275862
 40
0.3793103448275862
 40
0.3793103448275862
 40
0.4137931034482759
 40
0.4137931034482759
 40
0.4137931034482759
 40
0.4482758620689655
 40
0.4482758620689655
 40
0.4482758620689655
 40
0.4827586206896551
 40
0.4827586206896551
 40
0.4827586206896551
 40
0.5172413793103449
 40
0.5172413793103449
 40
0.5172413793103449
 40
0.5517241379310345
 40
0.5517241379310345
 40
0.5517241379310345
 40
0.5862068965517241
 40
0.5862068965517241
 40
0.5862068965517241
 40
0.6206896551724138
 40
0.6206896551724138
 40
0.6206896551724138
 40
0.6551724137931034
 40
0.6551724137931034
 40
0.6551724137931034
 40
0.6896551724137931
 40
0.6896551724137931
 40
0.6896551724137931
 40
0.7241379310344828
 40
0.7241379310344828
 40
0.7241379310344828
 40
0.7586206896551724
 40
0.7586206896551724
 40
0.7586206896551724
 40
0.7931034482758621
 40
0.7931034482758621
 40
0.7931034482758621
 40
0.8275862068965517
 40
0.8275862068965517
 40
0.8275862068965517
 40
0.8620689655172413
 40
0.8620689655172413
 40
0.8620689655172413
 40
0.896551724137931
 40
0.896551724137931
 40
0.896551724137931
 40
0.9310344827586207
 40
0.9310344827586207
 40
0.9310344827586207
 40
0.9655172413793103
 40
0.9655172413793103
 40
0.9655172413793103
 40
1.0
 40
1.0
 40
1.0
 40
1.0
 10
-56.4481
 20
-14.4828
 30
0.0
 10
-56.4481
 20
-14.4828
 30
0.0
 10
-56.4481
 20
-14.1295
 30
0.0
 10
-56.4481
 20
-14.1295
 30
0.0
 10
-56.4481
 20
-14.1295
 30
0.0
 10
-55.1738
 20
-14.1295
 30
0.0
 10
-55.1738
 20
-14.1295
 30
0.0
 10
-55.1738
 20
-14.1295
 30
0.0
 10
-55.1738
 20
-15.2454
 30
0.0
 10
-55.1738
 20
-15.2454
 30
0.0
 10
-55.3694
 20
-15.401
 30
0.0
 10
-55.5712
 20
-15.5187
 30
0.0
 10
-55.7794
 20
-15.5972
 30
0.0
 10
-55.9876
 20
-15.6757
 30
0.0
 10
-56.2014
 20
-15.715
 30
0.0
 10
-56.42
 20
-15.715
 30
0.0
 10
-56.7158
 20
-15.715
 30
0.0
 10
-56.9843
 20
-15.6519
 30
0.0
 10
-57.2261
 20
-15.525
 30
0.0
 10
-57.4672
 20
-15.3989
 30
0.0
 10
-57.6501
 20
-15.2152
 30
0.0
 10
-57.7728
 20
-14.9762
 30
0.0
 10
-57.8961
 20
-14.7365
 30
0.0
 10
-57.9578
 20
-14.4688
 30
0.0
 10
-57.9578
 20
-14.1737
 30
0.0
 10
-57.9578
 20
-13.8807
 30
0.0
 10
-57.8968
 20
-13.6074
 30
0.0
 10
-57.7742
 20
-13.3529
 30
0.0
 10
-57.6515
 20
-13.0992
 30
0.0
 10
-57.4756
 20
-12.9106
 30
0.0
 10
-57.2457
 20
-12.7879
 30
0.0
 10
-57.0158
 20
-12.6645
 30
0.0
 10
-56.7509
 20
-12.6029
 30
0.0
 10
-56.4509
 20
-12.6029
 30
0.0
 10
-56.2336
 20
-12.6029
 30
0.0
 10
-56.0366
 20
-12.6379
 30
0.0
 10
-55.8607
 20
-12.7087
 30
0.0
 10
-55.6848
 20
-12.7795
 30
0.0
 10
-55.5467
 20
-12.8776
 30
0.0
 10
-55.4472
 20
-13.0031
 30
0.0
 10
-55.347
 20
-13.1293
 30
0.0
 10
-55.2713
 20
-13.2941
 30
0.0
 10
-55.2194
 20
-13.4966
 30
0.0
 10
-55.2194
 20
-13.4966
 30
0.0
 10
-55.579
 20
-13.5947
 30
0.0
 10
-55.579
 20
-13.5947
 30
0.0
 10
-55.6245
 20
-13.4419
 30
0.0
 10
-55.6806
 20
-13.3214
 30
0.0
 10
-55.7472
 20
-13.2331
 30
0.0
 10
-55.8145
 20
-13.1455
 30
0.0
 10
-55.9098
 20
-13.0754
 30
0.0
 10
-56.0345
 20
-13.0227
 30
0.0
 10
-56.1586
 20
-12.9701
 30
0.0
 10
-56.2967
 20
-12.9435
 30
0.0
 10
-56.4488
 20
-12.9435
 30
0.0
 10
-56.6303
 20
-12.9435
 30
0.0
 10
-56.7873
 20
-12.9715
 30
0.0
 10
-56.9205
 20
-13.0269
 30
0.0
 10
-57.053
 20
-13.0824
 30
0.0
 10
-57.1595
 20
-13.1553
 30
0.0
 10
-57.2415
 20
-13.2464
 30
0.0
 10
-57.3228
 20
-13.3368
 30
0.0
 10
-57.3859
 20
-13.4363
 30
0.0
 10
-57.4307
 20
-13.5443
 30
0.0
 10
-57.5071
 20
-13.7314
 30
0.0
 10
-57.5457
 20
-13.9333
 30
0.0
 10
-57.5457
 20
-14.1513
 30
0.0
 10
-57.5457
 20
-14.4204
 30
0.0
 10
-57.4994
 20
-14.6454
 30
0.0
 10
-57.4076
 20
-14.8269
 30
0.0
 10
-57.3151
 20
-15.0078
 30
0.0
 10
-57.1805
 20
-15.1423
 30
0.0
 10
-57.0046
 20
-15.2299
 30
0.0
 10
-56.828
 20
-15.3176
 30
0.0
 10
-56.6408
 20
-15.3617
 30
0.0
 10
-56.4425
 20
-15.3617
 30
0.0
 10
-56.27
 20
-15.3617
 30
0.0
 10
-56.1018
 20
-15.3281
 30
0.0
 10
-55.9378
 20
-15.2615
 30
0.0
 10
-55.7738
 20
-15.1942
 30
0.0
 10
-55.6498
 20
-15.1234
 30
0.0
 10
-55.5649
 20
-15.047
 30
0.0
 10
-55.5649
 20
-15.047
 30
0.0
 10
-55.5649
 20
-14.4828
 30
0.0
 10
-55.5649
 20
-14.4828
 30
0.0
 10
-55.5649
 20
-14.4828
 30
0.0
 10
-56.4481
 20
-14.4828
 30
0.0
 10
-56.4481
 20
-14.4828
 30
0.0
  0
SPLINE
  5
F3
330
1F
100
AcDbEntity
  8
Layer 1
 62
   250
100
AcDbSpline
210
0.0
220
0.0
230
1.0
 70
    11
 71
     3
 72
    59
 73
    55
 74
     0
 42
0.0000000001
 43
0.0000000001
 40
0.0
 40
0.0
 40
0.0
 40
0.0
 40
0.0555555555555556
 40
0.0555555555555556
 40
0.0555555555555556
 40
0.1111111111111111
 40
0.1111111111111111
 40
0.1111111111111111
 40
0.1666666666666667
 40
0.1666666666666667
 40
0.1666666666666667
 40
0.2222222222222222
 40
0.2222222222222222
 40
0.2222222222222222
 40
0.2777777777777778
 40
0.2777777777777778
 40
0.2777777777777778
 40
0.3333333333333333
 40
0.3333333333333333
 40
0.3333333333333333
 40
0.3888888888888888
 40
0.3888888888888888
 40
0.3888888888888888
 40
0.4444444444444444
 40
0.4444444444444444
 40
0.4444444444444444
 40
0.5
 40
0.5
 40
0.5
 40
0.5555555555555556
 40
0.5555555555555556
 40
0.5555555555555556
 40
0.611111111111111
 40
0.611111111111111
 40
0.611111111111111
 40
0.6666666666666666
 40
0.6666666666666666
 40
0.6666666666666666
 40
0.7222222222222222
 40
0.7222222222222222
 40
0.7222222222222222
 40
0.7777777777777777
 40
0.7777777777777777
 40
0.7777777777777777
 40
0.8333333333333333
 40
0.8333333333333333
 40
0.8333333333333333
 40
0.8888888888888888
 40
0.8888888888888888
 40
0.8888888888888888
 40
0.9444444444444444
 40
0.9444444444444444
 40
0.9444444444444444
 40
1.0
 40
1.0
 40
1.0
 40
1.0
 10
-21.6886
 20
-16.5035
 30
0.0
 10
-21.6886
 20
-16.5035
 30
0.0
 10
-21.7306
 20
-16.1614
 30
0.0
 10
-21.7306
 20
-16.1614
 30
0.0
 10
-21.6493
 20
-16.1832
 30
0.0
 10
-21.5792
 20
-16.1944
 30
0.0
 10
-21.5189
 20
-16.1944
 30
0.0
 10
-21.4362
 20
-16.1944
 30
0.0
 10
-21.3704
 20
-16.1804
 30
0.0
 10
-21.3213
 20
-16.153
 30
0.0
 10
-21.2715
 20
-16.1257
 30
0.0
 10
-21.2309
 20
-16.0871
 30
0.0
 10
-21.1993
 20
-16.0381
 30
0.0
 10
-21.1762
 20
-16.0009
 30
0.0
 10
-21.1384
 20
-15.9091
 30
0.0
 10
-21.0865
 20
-15.7619
 30
0.0
 10
-21.0795
 20
-15.7416
 30
0.0
 10
-21.069
 20
-15.7115
 30
0.0
 10
-21.0535
 20
-15.6715
 30
0.0
 10
-21.0535
 20
-15.6715
 30
0.0
 10
-21.882
 20
-13.4819
 30
0.0
 10
-21.882
 20
-13.4819
 30
0.0
 10
-21.882
 20
-13.4819
 30
0.0
 10
-21.4867
 20
-13.4819
 30
0.0
 10
-21.4867
 20
-13.4819
 30
0.0
 10
-21.4867
 20
-13.4819
 30
0.0
 10
-21.0311
 20
-14.7421
 30
0.0
 10
-21.0311
 20
-14.7421
 30
0.0
 10
-20.9715
 20
-14.9012
 30
0.0
 10
-20.919
 20
-15.0694
 30
0.0
 10
-20.872
 20
-15.2461
 30
0.0
 10
-20.8293
 20
-15.0799
 30
0.0
 10
-20.7788
 20
-14.9159
 30
0.0
 10
-20.7199
 20
-14.7547
 30
0.0
 10
-20.7199
 20
-14.7547
 30
0.0
 10
-20.2545
 20
-13.4819
 30
0.0
 10
-20.2545
 20
-13.4819
 30
0.0
 10
-20.2545
 20
-13.4819
 30
0.0
 10
-19.8851
 20
-13.4819
 30
0.0
 10
-19.8851
 20
-13.4819
 30
0.0
 10
-19.8851
 20
-13.4819
 30
0.0
 10
-20.7101
 20
-15.7023
 30
0.0
 10
-20.7101
 20
-15.7023
 30
0.0
 10
-20.7991
 20
-15.9414
 30
0.0
 10
-20.8685
 20
-16.1054
 30
0.0
 10
-20.9183
 20
-16.1958
 30
0.0
 10
-20.9842
 20
-16.317
 30
0.0
 10
-21.0599
 20
-16.4061
 30
0.0
 10
-21.1447
 20
-16.4628
 30
0.0
 10
-21.2302
 20
-16.5196
 30
0.0
 10
-21.3318
 20
-16.5476
 30
0.0
 10
-21.4496
 20
-16.5476
 30
0.0
 10
-21.5211
 20
-16.5476
 30
0.0
 10
-21.601
 20
-16.5329
 30
0.0
 10
-21.6886
 20
-16.5035
 30
0.0
  0
SPLINE
  5
F4
330
1F
100
AcDbEntity
  8
Layer 1
 62
   250
100
AcDbSpline
210
0.0
220
0.0
230
1.0
 70
    11
 71
     3
 72
    44
 73
    40
 74
     0
 42
0.0000000001
 43
0.0000000001
 40
0.0
 40
0.0
 40
0.0
 40
0.0
 40
0.0769230769230769
 40
0.0769230769230769
 40
0.0769230769230769
 40
0.1538461538461539
 40
0.1538461538461539
 40
0.1538461538461539
 40
0.2307692307692308
 40
0.2307692307692308
 40
0.2307692307692308
 40
0.3076923076923077
 40
0.3076923076923077
 40
0.3076923076923077
 40
0.3846153846153846
 40
0.3846153846153846
 40
0.3846153846153846
 40
0.4615384615384616
 40
0.4615384615384616
 40
0.4615384615384616
 40
0.5384615384615385
 40
0.5384615384615385
 40
0.5384615384615385
 40
0.6153846153846154
 40
0.6153846153846154
 40
0.6153846153846154
 40
0.6923076923076923
 40
0.6923076923076923
 40
0.6923076923076923
 40
0.7692307692307693
 40
0.7692307692307693
 40
0.7692307692307693
 40
0.8461538461538463
 40
0.8461538461538463
 40
0.8461538461538463
 40
0.9230769230769231
 40
0.9230769230769231
 40
0.9230769230769231
 40
1.0
 40
1.0
 40
1.0
 40
1.0
 10
-23.0763
 20
-15.6645
 30
0.0
 10
-23.0763
 20
-15.6645
 30
0.0
 10
-23.0763
 20
-13.4819
 30
0.0
 10
-23.0763
 20
-13.4819
 30
0.0
 10
-23.0763
 20
-13.4819
 30
0.0
 10
-22.7441
 20
-13.4819
 30
0.0
 10
-22.7441
 20
-13.4819
 30
0.0
 10
-22.7441
 20
-13.4819
 30
0.0
 10
-22.7441
 20
-13.8162
 30
0.0
 10
-22.7441
 20
-13.8162
 30
0.0
 10
-22.6593
 20
-13.6613
 30
0.0
 10
-22.5808
 20
-13.559
 30
0.0
 10
-22.5086
 20
-13.5099
 30
0.0
 10
-22.4364
 20
-13.4602
 30
0.0
 10
-22.3572
 20
-13.4356
 30
0.0
 10
-22.271
 20
-13.4356
 30
0.0
 10
-22.1463
 20
-13.4356
 30
0.0
 10
-22.0194
 20
-13.4749
 30
0.0
 10
-21.8904
 20
-13.5527
 30
0.0
 10
-21.8904
 20
-13.5527
 30
0.0
 10
-22.0222
 20
-13.894
 30
0.0
 10
-22.0222
 20
-13.894
 30
0.0
 10
-22.1119
 20
-13.8436
 30
0.0
 10
-22.2016
 20
-13.8183
 30
0.0
 10
-22.2913
 20
-13.8183
 30
0.0
 10
-22.3719
 20
-13.8183
 30
0.0
 10
-22.4441
 20
-13.8429
 30
0.0
 10
-22.5079
 20
-13.8912
 30
0.0
 10
-22.5717
 20
-13.9396
 30
0.0
 10
-22.6173
 20
-14.0069
 30
0.0
 10
-22.6446
 20
-14.0931
 30
0.0
 10
-22.6859
 20
-14.2242
 30
0.0
 10
-22.7063
 20
-14.3678
 30
0.0
 10
-22.7063
 20
-14.5241
 30
0.0
 10
-22.7063
 20
-14.5241
 30
0.0
 10
-22.7063
 20
-15.6645
 30
0.0
 10
-22.7063
 20
-15.6645
 30
0.0
 10
-22.7063
 20
-15.6645
 30
0.0
 10
-23.0763
 20
-15.6645
 30
0.0
 10
-23.0763
 20
-15.6645
 30
0.0
  0
SPLINE
  5
F5
330
1F
100
AcDbEntity
  8
Layer 1
 62
   250
100
AcDbSpline
210
0.0
220
0.0
230
1.0
 70
    11
 71
     3
 72
    50
 73
    46
 74
     0
 42
0.0000000001
 43
0.0000000001
 40
0.0
 40
0.0
 40
0.0
 40
0.0
 40
0.0666666666666667
 40
0.0666666666666667
 40
0.0666666666666667
 40
0.1333333333333333
 40
0.1333333333333333
 40
0.1333333333333333
 40
0.2
 40
0.2
 40
0.2
 40
0.2666666666666667
 40
0.2666666666666667
 40
0.2666666666666667
 40
0.3333333333333333
 40
0.3333333333333333
 40
0.3333333333333333
 40
0.4
 40
0.4
 40
0.4
 40
0.4666666666666667
 40
0.4666666666666667
 40
0.4666666666666667
 40
0.5333333333333333
 40
0.5333333333333333
 40
0.5333333333333333
 40
0.6
 40
0.6
 40
0.6
 40
0.6666666666666666
 40
0.6666666666666666
 40
0.6666666666666666
 40
0.7333333333333333
 40
0.7333333333333333
 40
0.7333333333333333
 40
0.8
 40
0.8
 40
0.8
 40
0.8666666666666667
 40
0.8666666666666667
 40
0.8666666666666667
 40
0.9333333333333333
 40
0.9333333333333333
 40
0.9333333333333333
 40
1.0
 40
1.0
 40
1.0
 40
1.0
 10
-23.9224
 20
-14.958
 30
0.0
 10
-23.9224
 20
-14.958
 30
0.0
 10
-23.5396
 20
-15.0085
 30
0.0
 10
-23.5396
 20
-15.0085
 30
0.0
 10
-23.5992
 20
-15.2306
 30
0.0
 10
-23.7108
 20
-15.4038
 30
0.0
 10
-23.8734
 20
-15.5264
 30
0.0
 10
-24.036
 20
-15.6491
 30
0.0
 10
-24.2434
 20
-15.7108
 30
0.0
 10
-24.4965
 20
-15.7108
 30
0.0
 10
-24.8147
 20
-15.7108
 30
0.0
 10
-25.067
 20
-15.6126
 30
0.0
 10
-25.2534
 20
-15.4164
 30
0.0
 10
-25.4399
 20
-15.2208
 30
0.0
 10
-25.5331
 20
-14.9454
 30
0.0
 10
-25.5331
 20
-14.5914
 30
0.0
 10
-25.5331
 20
-14.2256
 30
0.0
 10
-25.4392
 20
-13.941
 30
0.0
 10
-25.2506
 20
-13.7391
 30
0.0
 10
-25.0621
 20
-13.5366
 30
0.0
 10
-24.8175
 20
-13.4356
 30
0.0
 10
-24.5168
 20
-13.4356
 30
0.0
 10
-24.2259
 20
-13.4356
 30
0.0
 10
-23.9883
 20
-13.5345
 30
0.0
 10
-23.804
 20
-13.7328
 30
0.0
 10
-23.6195
 20
-13.9312
 30
0.0
 10
-23.527
 20
-14.2101
 30
0.0
 10
-23.527
 20
-14.5697
 30
0.0
 10
-23.527
 20
-14.5914
 30
0.0
 10
-23.5277
 20
-14.6244
 30
0.0
 10
-23.5291
 20
-14.6678
 30
0.0
 10
-23.5291
 20
-14.6678
 30
0.0
 10
-25.1546
 20
-14.6678
 30
0.0
 10
-25.1546
 20
-14.6678
 30
0.0
 10
-25.1406
 20
-14.9068
 30
0.0
 10
-25.0733
 20
-15.0905
 30
0.0
 10
-24.9514
 20
-15.2173
 30
0.0
 10
-24.8301
 20
-15.3442
 30
0.0
 10
-24.678
 20
-15.408
 30
0.0
 10
-24.4965
 20
-15.408
 30
0.0
 10
-24.3612
 20
-15.408
 30
0.0
 10
-24.2455
 20
-15.3722
 30
0.0
 10
-24.1502
 20
-15.3007
 30
0.0
 10
-24.0542
 20
-15.2292
 30
0.0
 10
-23.9785
 20
-15.115
 30
0.0
 10
-23.9224
 20
-14.958
 30
0.0
  0
SPLINE
  5
F6
330
1F
100
AcDbEntity
  8
Layer 1
 62
   250
100
AcDbSpline
210
0.0
220
0.0
230
1.0
 70
    11
 71
     3
 72
    20
 73
    16
 74
     0
 42
0.0000000001
 43
0.0000000001
 40
0.0
 40
0.0
 40
0.0
 40
0.0
 40
0.2
 40
0.2
 40
0.2
 40
0.4
 40
0.4
 40
0.4
 40
0.6000000000000001
 40
0.6000000000000001
 40
0.6000000000000001
 40
0.8
 40
0.8
 40
0.8
 40
1.0
 40
1.0
 40
1.0
 40
1.0
 10
-25.1336
 20
-14.365
 30
0.0
 10
-25.1336
 20
-14.365
 30
0.0
 10
-23.9182
 20
-14.365
 30
0.0
 10
-23.9182
 20
-14.365
 30
0.0
 10
-23.9343
 20
-14.1814
 30
0.0
 10
-23.9813
 20
-14.044
 30
0.0
 10
-24.0577
 20
-13.9522
 30
0.0
 10
-24.1748
 20
-13.8099
 30
0.0
 10
-24.3276
 20
-13.7384
 30
0.0
 10
-24.5147
 20
-13.7384
 30
0.0
 10
-24.6843
 20
-13.7384
 30
0.0
 10
-24.8266
 20
-13.7952
 30
0.0
 10
-24.9422
 20
-13.9087
 30
0.0
 10
-25.0572
 20
-14.0223
 30
0.0
 10
-25.121
 20
-14.1744
 30
0.0
 10
-25.1336
 20
-14.365
 30
0.0
  0
SPLINE
  5
F7
330
1F
100
AcDbEntity
  8
Layer 1
 62
   250
100
AcDbSpline
210
0.0
220
0.0
230
1.0
 70
    11
 71
     3
 72
    17
 73
    13
 74
     0
 42
0.0000000001
 43
0.0000000001
 40
0.0
 40
0.0
 40
0.0
 40
0.0
 40
0.25
 40
0.25
 40
0.25
 40
0.5
 40
0.5
 40
0.5
 40
0.75
 40
0.75
 40
0.75
 40
1.0
 40
1.0
 40
1.0
 40
1.0
 10
-26.3539
 20
-15.6645
 30
0.0
 10
-26.3539
 20
-15.6645
 30
0.0
 10
-26.3539
 20
-12.6533
 30
0.0
 10
-26.3539
 20
-12.6533
 30
0.0
 10
-26.3539
 20
-12.6533
 30
0.0
 10
-25.9838
 20
-12.6533
 30
0.0
 10
-25.9838
 20
-12.6533
 30
0.0
 10
-25.9838
 20
-12.6533
 30
0.0
 10
-25.9838
 20
-15.6645
 30
0.0
 10
-25.9838
 20
-15.6645
 30
0.0
 10
-25.9838
 20
-15.6645
 30
0.0
 10
-26.3539
 20
-15.6645
 30
0.0
 10
-26.3539
 20
-15.6645
 30
0.0
  0
SPLINE
  5
F8
330
1F
100
AcDbEntity
  8
Layer 1
 62
   250
100
AcDbSpline
210
0.0
220
0.0
230
1.0
 70
    11
 71
     3
 72
    17
 73
    13
 74
     0
 42
0.0000000001
 43
0.0000000001
 40
0.0
 40
0.0
 40
0.0
 40
0.0
 40
0.25
 40
0.25
 40
0.25
 40
0.5
 40
0.5
 40
0.5
 40
0.75
 40
0.75
 40
0.75
 40
1.0
 40
1.0
 40
1.0
 40
1.0
 10
-27.2882
 20
-15.6645
 30
0.0
 10
-27.2882
 20
-15.6645
 30
0.0
 10
-27.2882
 20
-12.6533
 30
0.0
 10
-27.2882
 20
-12.6533
 30
0.0
 10
-27.2882
 20
-12.6533
 30
0.0
 10
-26.9181
 20
-12.6533
 30
0.0
 10
-26.9181
 20
-12.6533
 30
0.0
 10
-26.9181
 20
-12.6533
 30
0.0
 10
-26.9181
 20
-15.6645
 30
0.0
 10
-26.9181
 20
-15.6645
 30
0.0
 10
-26.9181
 20
-15.6645
 30
0.0
 10
-27.2882
 20
-15.6645
 30
0.0
 10
-27.2882
 20
-15.6645
 30
0.0
  0
SPLINE
  5
F9
330
1F
100
AcDbEntity
  8
Layer 1
 62
   250
100
AcDbSpline
210
0.0
220
0.0
230
1.0
 70
    11
 71
     3
 72
    86
 73
    82
 74
     0
 42
0.0000000001
 43
0.0000000001
 40
0.0
 40
0.0
 40
0.0
 40
0.0
 40
0.037037037037037
 40
0.037037037037037
 40
0.037037037037037
 40
0.0740740740740741
 40
0.0740740740740741
 40
0.0740740740740741
 40
0.1111111111111111
 40
0.1111111111111111
 40
0.1111111111111111
 40
0.1481481481481481
 40
0.1481481481481481
 40
0.1481481481481481
 40
0.1851851851851852
 40
0.1851851851851852
 40
0.1851851851851852
 40
0.2222222222222222
 40
0.2222222222222222
 40
0.2222222222222222
 40
0.2592592592592592
 40
0.2592592592592592
 40
0.2592592592592592
 40
0.2962962962962963
 40
0.2962962962962963
 40
0.2962962962962963
 40
0.3333333333333333
 40
0.3333333333333333
 40
0.3333333333333333
 40
0.3703703703703703
 40
0.3703703703703703
 40
0.3703703703703703
 40
0.4074074074074074
 40
0.4074074074074074
 40
0.4074074074074074
 40
0.4444444444444444
 40
0.4444444444444444
 40
0.4444444444444444
 40
0.4814814814814815
 40
0.4814814814814815
 40
0.4814814814814815
 40
0.5185185185185185
 40
0.5185185185185185
 40
0.5185185185185185
 40
0.5555555555555556
 40
0.5555555555555556
 40
0.5555555555555556
 40
0.5925925925925926
 40
0.5925925925925926
 40
0.5925925925925926
 40
0.6296296296296295
 40
0.6296296296296295
 40
0.6296296296296295
 40
0.6666666666666666
 40
0.6666666666666666
 40
0.6666666666666666
 40
0.7037037037037037
 40
0.7037037037037037
 40
0.7037037037037037
 40
0.7407407407407407
 40
0.7407407407407407
 40
0.7407407407407407
 40
0.7777777777777777
 40
0.7777777777777777
 40
0.7777777777777777
 40
0.8148148148148148
 40
0.8148148148148148
 40
0.8148148148148148
 40
0.8518518518518519
 40
0.8518518518518519
 40
0.8518518518518519
 40
0.8888888888888888
 40
0.8888888888888888
 40
0.8888888888888888
 40
0.9259259259259258
 40
0.9259259259259258
 40
0.9259259259259258
 40
0.9629629629629629
 40
0.9629629629629629
 40
0.9629629629629629
 40
1.0
 40
1.0
 40
1.0
 40
1.0
 10
-28.193
 20
-15.3911
 30
0.0
 10
-28.3304
 20
-15.5082
 30
0.0
 10
-28.4629
 20
-15.5902
 30
0.0
 10
-28.5897
 20
-15.6386
 30
0.0
 10
-28.7166
 20
-15.6869
 30
0.0
 10
-28.8526
 20
-15.7108
 30
0.0
 10
-28.9983
 20
-15.7108
 30
0.0
 10
-29.2381
 20
-15.7108
 30
0.0
 10
-29.4224
 20
-15.6526
 30
0.0
 10
-29.5514
 20
-15.5355
 30
0.0
 10
-29.6803
 20
-15.4192
 30
0.0
 10
-29.7448
 20
-15.2699
 30
0.0
 10
-29.7448
 20
-15.0884
 30
0.0
 10
-29.7448
 20
-14.9818
 30
0.0
 10
-29.7203
 20
-14.8844
 30
0.0
 10
-29.6719
 20
-14.7961
 30
0.0
 10
-29.6228
 20
-14.7078
 30
0.0
 10
-29.5591
 20
-14.6377
 30
0.0
 10
-29.4806
 20
-14.5844
 30
0.0
 10
-29.4014
 20
-14.5311
 30
0.0
 10
-29.3131
 20
-14.4905
 30
0.0
 10
-29.2142
 20
-14.4632
 30
0.0
 10
-29.1413
 20
-14.4442
 30
0.0
 10
-29.0313
 20
-14.426
 30
0.0
 10
-28.8848
 20
-14.4078
 30
0.0
 10
-28.5862
 20
-14.3727
 30
0.0
 10
-28.3654
 20
-14.33
 30
0.0
 10
-28.2246
 20
-14.2809
 30
0.0
 10
-28.2232
 20
-14.2305
 30
0.0
 10
-28.2225
 20
-14.1982
 30
0.0
 10
-28.2225
 20
-14.1849
 30
0.0
 10
-28.2225
 20
-14.0349
 30
0.0
 10
-28.2575
 20
-13.9291
 30
0.0
 10
-28.3276
 20
-13.8674
 30
0.0
 10
-28.4222
 20
-13.784
 30
0.0
 10
-28.5631
 20
-13.7426
 30
0.0
 10
-28.7495
 20
-13.7426
 30
0.0
 10
-28.9241
 20
-13.7426
 30
0.0
 10
-29.053
 20
-13.7735
 30
0.0
 10
-29.1357
 20
-13.8345
 30
0.0
 10
-29.2191
 20
-13.8954
 30
0.0
 10
-29.2801
 20
-14.0034
 30
0.0
 10
-29.3201
 20
-14.159
 30
0.0
 10
-29.3201
 20
-14.159
 30
0.0
 10
-29.6817
 20
-14.1085
 30
0.0
 10
-29.6817
 20
-14.1085
 30
0.0
 10
-29.6488
 20
-13.9536
 30
0.0
 10
-29.5948
 20
-13.8281
 30
0.0
 10
-29.5191
 20
-13.7328
 30
0.0
 10
-29.4434
 20
-13.6375
 30
0.0
 10
-29.3341
 20
-13.5646
 30
0.0
 10
-29.1911
 20
-13.5127
 30
0.0
 10
-29.0488
 20
-13.4616
 30
0.0
 10
-28.8827
 20
-13.4356
 30
0.0
 10
-28.6949
 20
-13.4356
 30
0.0
 10
-28.5084
 20
-13.4356
 30
0.0
 10
-28.3563
 20
-13.4574
 30
0.0
 10
-28.2393
 20
-13.5015
 30
0.0
 10
-28.1229
 20
-13.5457
 30
0.0
 10
-28.0367
 20
-13.6003
 30
0.0
 10
-27.982
 20
-13.6669
 30
0.0
 10
-27.9274
 20
-13.7335
 30
0.0
 10
-27.8888
 20
-13.8176
 30
0.0
 10
-27.8664
 20
-13.9193
 30
0.0
 10
-27.8545
 20
-13.9823
 30
0.0
 10
-27.8482
 20
-14.0959
 30
0.0
 10
-27.8482
 20
-14.2592
 30
0.0
 10
-27.8482
 20
-14.2592
 30
0.0
 10
-27.8482
 20
-14.7498
 30
0.0
 10
-27.8482
 20
-14.7498
 30
0.0
 10
-27.8482
 20
-15.0926
 30
0.0
 10
-27.8405
 20
-15.3091
 30
0.0
 10
-27.825
 20
-15.401
 30
0.0
 10
-27.8103
 20
-15.4928
 30
0.0
 10
-27.7795
 20
-15.5804
 30
0.0
 10
-27.7346
 20
-15.6645
 30
0.0
 10
-27.7346
 20
-15.6645
 30
0.0
 10
-28.1215
 20
-15.6645
 30
0.0
 10
-28.1215
 20
-15.6645
 30
0.0
 10
-28.1587
 20
-15.5867
 30
0.0
 10
-28.1825
 20
-15.4956
 30
0.0
 10
-28.193
 20
-15.3911
 30
0.0
  0
SPLINE
  5
FA
330
1F
100
AcDbEntity
  8
Layer 1
 62
   250
100
AcDbSpline
210
0.0
220
0.0
230
1.0
 70
    11
 71
     3
 72
    35
 73
    31
 74
     0
 42
0.0000000001
 43
0.0000000001
 40
0.0
 40
0.0
 40
0.0
 40
0.0
 40
0.1
 40
0.1
 40
0.1
 40
0.2
 40
0.2
 40
0.2
 40
0.3
 40
0.3
 40
0.3
 40
0.4
 40
0.4
 40
0.4
 40
0.5
 40
0.5
 40
0.5
 40
0.6000000000000001
 40
0.6000000000000001
 40
0.6000000000000001
 40
0.7000000000000001
 40
0.7000000000000001
 40
0.7000000000000001
 40
0.8
 40
0.8
 40
0.8
 40
0.9
 40
0.9
 40
0.9
 40
1.0
 40
1.0
 40
1.0
 40
1.0
 10
-28.2225
 20
-14.5711
 30
0.0
 10
-28.357
 20
-14.6258
 30
0.0
 10
-28.5589
 20
-14.672
 30
0.0
 10
-28.828
 20
-14.7099
 30
0.0
 10
-28.9808
 20
-14.7316
 30
0.0
 10
-29.0888
 20
-14.7561
 30
0.0
 10
-29.1518
 20
-14.7835
 30
0.0
 10
-29.2149
 20
-14.8108
 30
0.0
 10
-29.2633
 20
-14.8508
 30
0.0
 10
-29.2976
 20
-14.9026
 30
0.0
 10
-29.332
 20
-14.9552
 30
0.0
 10
-29.3495
 20
-15.0134
 30
0.0
 10
-29.3495
 20
-15.0778
 30
0.0
 10
-29.3495
 20
-15.1753
 30
0.0
 10
-29.3124
 20
-15.2573
 30
0.0
 10
-29.2374
 20
-15.3225
 30
0.0
 10
-29.1624
 20
-15.3876
 30
0.0
 10
-29.053
 20
-15.4206
 30
0.0
 10
-28.9093
 20
-15.4206
 30
0.0
 10
-28.7671
 20
-15.4206
 30
0.0
 10
-28.6402
 20
-15.3897
 30
0.0
 10
-28.5287
 20
-15.3274
 30
0.0
 10
-28.418
 20
-15.2657
 30
0.0
 10
-28.336
 20
-15.1809
 30
0.0
 10
-28.2841
 20
-15.0736
 30
0.0
 10
-28.2442
 20
-14.9902
 30
0.0
 10
-28.2246
 20
-14.8676
 30
0.0
 10
-28.2246
 20
-14.7057
 30
0.0
 10
-28.2246
 20
-14.7057
 30
0.0
 10
-28.2225
 20
-14.5711
 30
0.0
 10
-28.2225
 20
-14.5711
 30
0.0
  0
SPLINE
  5
FB
330
1F
100
AcDbEntity
  8
Layer 1
 62
   250
100
AcDbSpline
210
0.0
220
0.0
230
1.0
 70
    11
 71
     3
 72
    92
 73
    88
 74
     0
 42
0.0000000001
 43
0.0000000001
 40
0.0
 40
0.0
 40
0.0
 40
0.0
 40
0.0344827586206897
 40
0.0344827586206897
 40
0.0344827586206897
 40
0.0689655172413793
 40
0.0689655172413793
 40
0.0689655172413793
 40
0.103448275862069
 40
0.103448275862069
 40
0.103448275862069
 40
0.1379310344827586
 40
0.1379310344827586
 40
0.1379310344827586
 40
0.1724137931034483
 40
0.1724137931034483
 40
0.1724137931034483
 40
0.2068965517241379
 40
0.2068965517241379
 40
0.2068965517241379
 40
0.2413793103448276
 40
0.2413793103448276
 40
0.2413793103448276
 40
0.2758620689655172
 40
0.2758620689655172
 40
0.2758620689655172
 40
0.3103448275862069
 40
0.3103448275862069
 40
0.3103448275862069
 40
0.3448275862068966
 40
0.3448275862068966
 40
0.3448275862068966
 40
0.3793103448275862
 40
0.3793103448275862
 40
0.3793103448275862
 40
0.4137931034482759
 40
0.4137931034482759
 40
0.4137931034482759
 40
0.4482758620689655
 40
0.4482758620689655
 40
0.4482758620689655
 40
0.4827586206896551
 40
0.4827586206896551
 40
0.4827586206896551
 40
0.5172413793103449
 40
0.5172413793103449
 40
0.5172413793103449
 40
0.5517241379310345
 40
0.5517241379310345
 40
0.5517241379310345
 40
0.5862068965517241
 40
0.5862068965517241
 40
0.5862068965517241
 40
0.6206896551724138
 40
0.6206896551724138
 40
0.6206896551724138
 40
0.6551724137931034
 40
0.6551724137931034
 40
0.6551724137931034
 40
0.6896551724137931
 40
0.6896551724137931
 40
0.6896551724137931
 40
0.7241379310344828
 40
0.7241379310344828
 40
0.7241379310344828
 40
0.7586206896551724
 40
0.7586206896551724
 40
0.7586206896551724
 40
0.7931034482758621
 40
0.7931034482758621
 40
0.7931034482758621
 40
0.8275862068965517
 40
0.8275862068965517
 40
0.8275862068965517
 40
0.8620689655172413
 40
0.8620689655172413
 40
0.8620689655172413
 40
0.896551724137931
 40
0.896551724137931
 40
0.896551724137931
 40
0.9310344827586207
 40
0.9310344827586207
 40
0.9310344827586207
 40
0.9655172413793103
 40
0.9655172413793103
 40
0.9655172413793103
 40
1.0
 40
1.0
 40
1.0
 40
1.0
 10
-31.4348
 20
-14.4828
 30
0.0
 10
-31.4348
 20
-14.4828
 30
0.0
 10
-31.4348
 20
-14.1295
 30
0.0
 10
-31.4348
 20
-14.1295
 30
0.0
 10
-31.4348
 20
-14.1295
 30
0.0
 10
-30.1604
 20
-14.1295
 30
0.0
 10
-30.1604
 20
-14.1295
 30
0.0
 10
-30.1604
 20
-14.1295
 30
0.0
 10
-30.1604
 20
-15.2454
 30
0.0
 10
-30.1604
 20
-15.2454
 30
0.0
 10
-30.356
 20
-15.401
 30
0.0
 10
-30.5578
 20
-15.5187
 30
0.0
 10
-30.766
 20
-15.5972
 30
0.0
 10
-30.9742
 20
-15.6757
 30
0.0
 10
-31.1881
 20
-15.715
 30
0.0
 10
-31.4067
 20
-15.715
 30
0.0
 10
-31.7025
 20
-15.715
 30
0.0
 10
-31.971
 20
-15.6519
 30
0.0
 10
-32.2128
 20
-15.525
 30
0.0
 10
-32.4539
 20
-15.3989
 30
0.0
 10
-32.6368
 20
-15.2152
 30
0.0
 10
-32.7595
 20
-14.9762
 30
0.0
 10
-32.8828
 20
-14.7365
 30
0.0
 10
-32.9445
 20
-14.4688
 30
0.0
 10
-32.9445
 20
-14.1737
 30
0.0
 10
-32.9445
 20
-13.8807
 30
0.0
 10
-32.8835
 20
-13.6074
 30
0.0
 10
-32.7609
 20
-13.3529
 30
0.0
 10
-32.6382
 20
-13.0992
 30
0.0
 10
-32.4623
 20
-12.9106
 30
0.0
 10
-32.2324
 20
-12.7879
 30
0.0
 10
-32.0025
 20
-12.6645
 30
0.0
 10
-31.7376
 20
-12.6029
 30
0.0
 10
-31.4376
 20
-12.6029
 30
0.0
 10
-31.2203
 20
-12.6029
 30
0.0
 10
-31.0232
 20
-12.6379
 30
0.0
 10
-30.8473
 20
-12.7087
 30
0.0
 10
-30.6714
 20
-12.7795
 30
0.0
 10
-30.5333
 20
-12.8776
 30
0.0
 10
-30.4338
 20
-13.0031
 30
0.0
 10
-30.3336
 20
-13.1293
 30
0.0
 10
-30.2579
 20
-13.2941
 30
0.0
 10
-30.206
 20
-13.4966
 30
0.0
 10
-30.206
 20
-13.4966
 30
0.0
 10
-30.5656
 20
-13.5947
 30
0.0
 10
-30.5656
 20
-13.5947
 30
0.0
 10
-30.6111
 20
-13.4419
 30
0.0
 10
-30.6672
 20
-13.3214
 30
0.0
 10
-30.7338
 20
-13.2331
 30
0.0
 10
-30.8011
 20
-13.1455
 30
0.0
 10
-30.8964
 20
-13.0754
 30
0.0
 10
-31.0211
 20
-13.0227
 30
0.0
 10
-31.1453
 20
-12.9701
 30
0.0
 10
-31.2834
 20
-12.9435
 30
0.0
 10
-31.4355
 20
-12.9435
 30
0.0
 10
-31.617
 20
-12.9435
 30
0.0
 10
-31.774
 20
-12.9715
 30
0.0
 10
-31.9072
 20
-13.0269
 30
0.0
 10
-32.0397
 20
-13.0824
 30
0.0
 10
-32.1462
 20
-13.1553
 30
0.0
 10
-32.2282
 20
-13.2464
 30
0.0
 10
-32.3095
 20
-13.3368
 30
0.0
 10
-32.3726
 20
-13.4363
 30
0.0
 10
-32.4174
 20
-13.5443
 30
0.0
 10
-32.4938
 20
-13.7314
 30
0.0
 10
-32.5324
 20
-13.9333
 30
0.0
 10
-32.5324
 20
-14.1513
 30
0.0
 10
-32.5324
 20
-14.4204
 30
0.0
 10
-32.4861
 20
-14.6454
 30
0.0
 10
-32.3943
 20
-14.8269
 30
0.0
 10
-32.3018
 20
-15.0078
 30
0.0
 10
-32.1672
 20
-15.1423
 30
0.0
 10
-31.9913
 20
-15.2299
 30
0.0
 10
-31.8147
 20
-15.3176
 30
0.0
 10
-31.6275
 20
-15.3617
 30
0.0
 10
-31.4292
 20
-15.3617
 30
0.0
 10
-31.2567
 20
-15.3617
 30
0.0
 10
-31.0884
 20
-15.3281
 30
0.0
 10
-30.9244
 20
-15.2615
 30
0.0
 10
-30.7604
 20
-15.1942
 30
0.0
 10
-30.6364
 20
-15.1234
 30
0.0
 10
-30.5515
 20
-15.047
 30
0.0
 10
-30.5515
 20
-15.047
 30
0.0
 10
-30.5515
 20
-14.4828
 30
0.0
 10
-30.5515
 20
-14.4828
 30
0.0
 10
-30.5515
 20
-14.4828
 30
0.0
 10
-31.4348
 20
-14.4828
 30
0.0
 10
-31.4348
 20
-14.4828
 30
0.0
  0
SPLINE
  5
FC
330
1F
100
AcDbEntity
  8
Layer 1
 62
   250
100
AcDbSpline
210
0.0
220
0.0
230
1.0
 70
    11
 71
     3
 72
    17
 73
    13
 74
     0
 42
0.0000000001
 43
0.0000000001
 40
0.0
 40
0.0
 40
0.0
 40
0.0
 40
0.25
 40
0.25
 40
0.25
 40
0.5
 40
0.5
 40
0.5
 40
0.75
 40
0.75
 40
0.75
 40
1.0
 40
1.0
 40
1.0
 40
1.0
 10
-35.5694
 20
-16.5014
 30
0.0
 10
-35.5694
 20
-16.5014
 30
0.0
 10
-35.5694
 20
-16.2364
 30
0.0
 10
-35.5694
 20
-16.2364
 30
0.0
 10
-35.5694
 20
-16.2364
 30
0.0
 10
-33.1218
 20
-16.2364
 30
0.0
 10
-33.1218
 20
-16.2364
 30
0.0
 10
-33.1218
 20
-16.2364
 30
0.0
 10
-33.1218
 20
-16.5014
 30
0.0
 10
-33.1218
 20
-16.5014
 30
0.0
 10
-33.1218
 20
-16.5014
 30
0.0
 10
-35.5694
 20
-16.5014
 30
0.0
 10
-35.5694
 20
-16.5014
 30
0.0
  0
SPLINE
  5
FD
330
1F
100
AcDbEntity
  8
Layer 1
 62
   250
100
AcDbSpline
210
0.0
220
0.0
230
1.0
 70
    11
 71
     3
 72
    47
 73
    43
 74
     0
 42
0.0000000001
 43
0.0000000001
 40
0.0
 40
0.0
 40
0.0
 40
0.0
 40
0.0714285714285714
 40
0.0714285714285714
 40
0.0714285714285714
 40
0.1428571428571428
 40
0.1428571428571428
 40
0.1428571428571428
 40
0.2142857142857143
 40
0.2142857142857143
 40
0.2142857142857143
 40
0.2857142857142857
 40
0.2857142857142857
 40
0.2857142857142857
 40
0.3571428571428571
 40
0.3571428571428571
 40
0.3571428571428571
 40
0.4285714285714285
 40
0.4285714285714285
 40
0.4285714285714285
 40
0.5
 40
0.5
 40
0.5
 40
0.5714285714285714
 40
0.5714285714285714
 40
0.5714285714285714
 40
0.6428571428571428
 40
0.6428571428571428
 40
0.6428571428571428
 40
0.7142857142857142
 40
0.7142857142857142
 40
0.7142857142857142
 40
0.7857142857142857
 40
0.7857142857142857
 40
0.7857142857142857
 40
0.8571428571428571
 40
0.8571428571428571
 40
0.8571428571428571
 40
0.9285714285714285
 40
0.9285714285714285
 40
0.9285714285714285
 40
1.0
 40
1.0
 40
1.0
 40
1.0
 10
-36.1588
 20
-15.6645
 30
0.0
 10
-36.1588
 20
-15.6645
 30
0.0
 10
-36.1588
 20
-15.3876
 30
0.0
 10
-36.1588
 20
-15.3876
 30
0.0
 10
-36.2969
 20
-15.6028
 30
0.0
 10
-36.5002
 20
-15.7108
 30
0.0
 10
-36.7686
 20
-15.7108
 30
0.0
 10
-36.9424
 20
-15.7108
 30
0.0
 10
-37.1022
 20
-15.6631
 30
0.0
 10
-37.2473
 20
-15.5671
 30
0.0
 10
-37.3931
 20
-15.4718
 30
0.0
 10
-37.506
 20
-15.3379
 30
0.0
 10
-37.5866
 20
-15.1669
 30
0.0
 10
-37.6665
 20
-14.9951
 30
0.0
 10
-37.7064
 20
-14.7982
 30
0.0
 10
-37.7064
 20
-14.5753
 30
0.0
 10
-37.7064
 20
-14.358
 30
0.0
 10
-37.67
 20
-14.1611
 30
0.0
 10
-37.5978
 20
-13.9837
 30
0.0
 10
-37.5249
 20
-13.8071
 30
0.0
 10
-37.4162
 20
-13.6711
 30
0.0
 10
-37.2712
 20
-13.5772
 30
0.0
 10
-37.1268
 20
-13.4826
 30
0.0
 10
-36.9642
 20
-13.4356
 30
0.0
 10
-36.7854
 20
-13.4356
 30
0.0
 10
-36.6537
 20
-13.4356
 30
0.0
 10
-36.5366
 20
-13.4637
 30
0.0
 10
-36.4343
 20
-13.519
 30
0.0
 10
-36.332
 20
-13.5744
 30
0.0
 10
-36.2485
 20
-13.6473
 30
0.0
 10
-36.1841
 20
-13.7363
 30
0.0
 10
-36.1841
 20
-13.7363
 30
0.0
 10
-36.1841
 20
-12.6533
 30
0.0
 10
-36.1841
 20
-12.6533
 30
0.0
 10
-36.1841
 20
-12.6533
 30
0.0
 10
-35.814
 20
-12.6533
 30
0.0
 10
-35.814
 20
-12.6533
 30
0.0
 10
-35.814
 20
-12.6533
 30
0.0
 10
-35.814
 20
-15.6645
 30
0.0
 10
-35.814
 20
-15.6645
 30
0.0
 10
-35.814
 20
-15.6645
 30
0.0
 10
-36.1588
 20
-15.6645
 30
0.0
 10
-36.1588
 20
-15.6645
 30
0.0
  0
SPLINE
  5
FE
330
1F
100
AcDbEntity
  8
Layer 1
 62
   250
100
AcDbSpline
210
0.0
220
0.0
230
1.0
 70
    11
 71
     3
 72
    29
 73
    25
 74
     0
 42
0.0000000001
 43
0.0000000001
 40
0.0
 40
0.0
 40
0.0
 40
0.0
 40
0.125
 40
0.125
 40
0.125
 40
0.25
 40
0.25
 40
0.25
 40
0.375
 40
0.375
 40
0.375
 40
0.5
 40
0.5
 40
0.5
 40
0.625
 40
0.625
 40
0.625
 40
0.75
 40
0.75
 40
0.75
 40
0.875
 40
0.875
 40
0.875
 40
1.0
 40
1.0
 40
1.0
 40
1.0
 10
-37.3279
 20
-14.576
 30
0.0
 10
-37.3279
 20
-14.855
 30
0.0
 10
-37.2691
 20
-15.0631
 30
0.0
 10
-37.1506
 20
-15.2012
 30
0.0
 10
-37.0329
 20
-15.3393
 30
0.0
 10
-36.8934
 20
-15.408
 30
0.0
 10
-36.7329
 20
-15.408
 30
0.0
 10
-36.571
 20
-15.408
 30
0.0
 10
-36.4336
 20
-15.3421
 30
0.0
 10
-36.32
 20
-15.2103
 30
0.0
 10
-36.2072
 20
-15.0785
 30
0.0
 10
-36.1504
 20
-14.8774
 30
0.0
 10
-36.1504
 20
-14.6068
 30
0.0
 10
-36.1504
 20
-14.3097
 30
0.0
 10
-36.2079
 20
-14.091
 30
0.0
 10
-36.3235
 20
-13.9515
 30
0.0
 10
-36.4385
 20
-13.812
 30
0.0
 10
-36.5808
 20
-13.7426
 30
0.0
 10
-36.7497
 20
-13.7426
 30
0.0
 10
-36.9144
 20
-13.7426
 30
0.0
 10
-37.0518
 20
-13.8092
 30
0.0
 10
-37.1625
 20
-13.9431
 30
0.0
 10
-37.2726
 20
-14.077
 30
0.0
 10
-37.3279
 20
-14.2879
 30
0.0
 10
-37.3279
 20
-14.576
 30
0.0
  0
SPLINE
  5
FF
330
1F
100
AcDbEntity
  8
Layer 1
 62
   250
100
AcDbSpline
210
0.0
220
0.0
230
1.0
 70
    11
 71
     3
 72
    17
 73
    13
 74
     0
 42
0.0000000001
 43
0.0000000001
 40
0.0
 40
0.0
 40
0.0
 40
0.0
 40
0.25
 40
0.25
 40
0.25
 40
0.5
 40
0.5
 40
0.5
 40
0.75
 40
0.75
 40
0.75
 40
1.0
 40
1.0
 40
1.0
 40
1.0
 10
-38.5104
 20
-15.6645
 30
0.0
 10
-38.5104
 20
-15.6645
 30
0.0
 10
-38.5104
 20
-12.6533
 30
0.0
 10
-38.5104
 20
-12.6533
 30
0.0
 10
-38.5104
 20
-12.6533
 30
0.0
 10
-38.1403
 20
-12.6533
 30
0.0
 10
-38.1403
 20
-12.6533
 30
0.0
 10
-38.1403
 20
-12.6533
 30
0.0
 10
-38.1403
 20
-15.6645
 30
0.0
 10
-38.1403
 20
-15.6645
 30
0.0
 10
-38.1403
 20
-15.6645
 30
0.0
 10
-38.5104
 20
-15.6645
 30
0.0
 10
-38.5104
 20
-15.6645
 30
0.0
  0
SPLINE
  5
100
330
1F
100
AcDbEntity
  8
Layer 1
 62
   250
100
AcDbSpline
210
0.0
220
0.0
230
1.0
 70
    11
 71
     3
 72
    32
 73
    28
 74
     0
 42
0.0000000001
 43
0.0000000001
 40
0.0
 40
0.0
 40
0.0
 40
0.0
 40
0.1111111111111111
 40
0.1111111111111111
 40
0.1111111111111111
 40
0.2222222222222222
 40
0.2222222222222222
 40
0.2222222222222222
 40
0.3333333333333333
 40
0.3333333333333333
 40
0.3333333333333333
 40
0.4444444444444444
 40
0.4444444444444444
 40
0.4444444444444444
 40
0.5555555555555556
 40
0.5555555555555556
 40
0.5555555555555556
 40
0.6666666666666666
 40
0.6666666666666666
 40
0.6666666666666666
 40
0.7777777777777777
 40
0.7777777777777777
 40
0.7777777777777777
 40
0.8888888888888888
 40
0.8888888888888888
 40
0.8888888888888888
 40
1.0
 40
1.0
 40
1.0
 40
1.0
 10
-40.9797
 20
-14.5732
 30
0.0
 10
-40.9797
 20
-14.1702
 30
0.0
 10
-40.8676
 20
-13.8716
 30
0.0
 10
-40.6426
 20
-13.6774
 30
0.0
 10
-40.4554
 20
-13.5162
 30
0.0
 10
-40.2263
 20
-13.4356
 30
0.0
 10
-39.9564
 20
-13.4356
 30
0.0
 10
-39.6571
 20
-13.4356
 30
0.0
 10
-39.4118
 20
-13.5338
 30
0.0
 10
-39.2212
 20
-13.73
 30
0.0
 10
-39.0312
 20
-13.9256
 30
0.0
 10
-38.9359
 20
-14.1968
 30
0.0
 10
-38.9359
 20
-14.5424
 30
0.0
 10
-38.9359
 20
-14.8227
 30
0.0
 10
-38.978
 20
-15.0428
 30
0.0
 10
-39.0621
 20
-15.2033
 30
0.0
 10
-39.1462
 20
-15.3638
 30
0.0
 10
-39.2688
 20
-15.4886
 30
0.0
 10
-39.43
 20
-15.5776
 30
0.0
 10
-39.5905
 20
-15.6666
 30
0.0
 10
-39.7665
 20
-15.7108
 30
0.0
 10
-39.9564
 20
-15.7108
 30
0.0
 10
-40.262
 20
-15.7108
 30
0.0
 10
-40.5087
 20
-15.6133
 30
0.0
 10
-40.6973
 20
-15.4178
 30
0.0
 10
-40.8858
 20
-15.2222
 30
0.0
 10
-40.9797
 20
-14.9405
 30
0.0
 10
-40.9797
 20
-14.5732
 30
0.0
  0
SPLINE
  5
101
330
1F
100
AcDbEntity
  8
Layer 1
 62
   250
100
AcDbSpline
210
0.0
220
0.0
230
1.0
 70
    11
 71
     3
 72
    29
 73
    25
 74
     0
 42
0.0000000001
 43
0.0000000001
 40
0.0
 40
0.0
 40
0.0
 40
0.0
 40
0.125
 40
0.125
 40
0.125
 40
0.25
 40
0.25
 40
0.25
 40
0.375
 40
0.375
 40
0.375
 40
0.5
 40
0.5
 40
0.5
 40
0.625
 40
0.625
 40
0.625
 40
0.75
 40
0.75
 40
0.75
 40
0.875
 40
0.875
 40
0.875
 40
1.0
 40
1.0
 40
1.0
 40
1.0
 10
-40.6012
 20
-14.5739
 30
0.0
 10
-40.6012
 20
-14.8529
 30
0.0
 10
-40.5403
 20
-15.0617
 30
0.0
 10
-40.4183
 20
-15.1998
 30
0.0
 10
-40.2956
 20
-15.3386
 30
0.0
 10
-40.1421
 20
-15.408
 30
0.0
 10
-39.9564
 20
-15.408
 30
0.0
 10
-39.7728
 20
-15.408
 30
0.0
 10
-39.62
 20
-15.3386
 30
0.0
 10
-39.4973
 20
-15.1991
 30
0.0
 10
-39.3754
 20
-15.0596
 30
0.0
 10
-39.3144
 20
-14.8473
 30
0.0
 10
-39.3144
 20
-14.562
 30
0.0
 10
-39.3144
 20
-14.2928
 30
0.0
 10
-39.3761
 20
-14.0889
 30
0.0
 10
-39.4987
 20
-13.9508
 30
0.0
 10
-39.6214
 20
-13.812
 30
0.0
 10
-39.7742
 20
-13.7426
 30
0.0
 10
-39.9564
 20
-13.7426
 30
0.0
 10
-40.1421
 20
-13.7426
 30
0.0
 10
-40.2956
 20
-13.8113
 30
0.0
 10
-40.4183
 20
-13.9494
 30
0.0
 10
-40.5403
 20
-14.0875
 30
0.0
 10
-40.6012
 20
-14.2956
 30
0.0
 10
-40.6012
 20
-14.5739
 30
0.0
  0
SPLINE
  5
102
330
1F
100
AcDbEntity
  8
Layer 1
 62
   250
100
AcDbSpline
210
0.0
220
0.0
230
1.0
 70
    11
 71
     3
 72
    92
 73
    88
 74
     0
 42
0.0000000001
 43
0.0000000001
 40
0.0
 40
0.0
 40
0.0
 40
0.0
 40
0.0344827586206897
 40
0.0344827586206897
 40
0.0344827586206897
 40
0.0689655172413793
 40
0.0689655172413793
 40
0.0689655172413793
 40
0.103448275862069
 40
0.103448275862069
 40
0.103448275862069
 40
0.1379310344827586
 40
0.1379310344827586
 40
0.1379310344827586
 40
0.1724137931034483
 40
0.1724137931034483
 40
0.1724137931034483
 40
0.2068965517241379
 40
0.2068965517241379
 40
0.2068965517241379
 40
0.2413793103448276
 40
0.2413793103448276
 40
0.2413793103448276
 40
0.2758620689655172
 40
0.2758620689655172
 40
0.2758620689655172
 40
0.3103448275862069
 40
0.3103448275862069
 40
0.3103448275862069
 40
0.3448275862068966
 40
0.3448275862068966
 40
0.3448275862068966
 40
0.3793103448275862
 40
0.3793103448275862
 40
0.3793103448275862
 40
0.4137931034482759
 40
0.4137931034482759
 40
0.4137931034482759
 40
0.4482758620689655
 40
0.4482758620689655
 40
0.4482758620689655
 40
0.4827586206896551
 40
0.4827586206896551
 40
0.4827586206896551
 40
0.5172413793103449
 40
0.5172413793103449
 40
0.5172413793103449
 40
0.5517241379310345
 40
0.5517241379310345
 40
0.5517241379310345
 40
0.5862068965517241
 40
0.5862068965517241
 40
0.5862068965517241
 40
0.6206896551724138
 40
0.6206896551724138
 40
0.6206896551724138
 40
0.6551724137931034
 40
0.6551724137931034
 40
0.6551724137931034
 40
0.6896551724137931
 40
0.6896551724137931
 40
0.6896551724137931
 40
0.7241379310344828
 40
0.7241379310344828
 40
0.7241379310344828
 40
0.7586206896551724
 40
0.7586206896551724
 40
0.7586206896551724
 40
0.7931034482758621
 40
0.7931034482758621
 40
0.7931034482758621
 40
0.8275862068965517
 40
0.8275862068965517
 40
0.8275862068965517
 40
0.8620689655172413
 40
0.8620689655172413
 40
0.8620689655172413
 40
0.896551724137931
 40
0.896551724137931
 40
0.896551724137931
 40
0.9310344827586207
 40
0.9310344827586207
 40
0.9310344827586207
 40
0.9655172413793103
 40
0.9655172413793103
 40
0.9655172413793103
 40
1.0
 40
1.0
 40
1.0
 40
1.0
 10
-42.657
 20
-14.4828
 30
0.0
 10
-42.657
 20
-14.4828
 30
0.0
 10
-42.657
 20
-14.1295
 30
0.0
 10
-42.657
 20
-14.1295
 30
0.0
 10
-42.657
 20
-14.1295
 30
0.0
 10
-41.3827
 20
-14.1295
 30
0.0
 10
-41.3827
 20
-14.1295
 30
0.0
 10
-41.3827
 20
-14.1295
 30
0.0
 10
-41.3827
 20
-15.2454
 30
0.0
 10
-41.3827
 20
-15.2454
 30
0.0
 10
-41.5783
 20
-15.401
 30
0.0
 10
-41.7801
 20
-15.5187
 30
0.0
 10
-41.9883
 20
-15.5972
 30
0.0
 10
-42.1965
 20
-15.6757
 30
0.0
 10
-42.4103
 20
-15.715
 30
0.0
 10
-42.6289
 20
-15.715
 30
0.0
 10
-42.9247
 20
-15.715
 30
0.0
 10
-43.1932
 20
-15.6519
 30
0.0
 10
-43.435
 20
-15.525
 30
0.0
 10
-43.6761
 20
-15.3989
 30
0.0
 10
-43.859
 20
-15.2152
 30
0.0
 10
-43.9817
 20
-14.9762
 30
0.0
 10
-44.105
 20
-14.7365
 30
0.0
 10
-44.1667
 20
-14.4688
 30
0.0
 10
-44.1667
 20
-14.1737
 30
0.0
 10
-44.1667
 20
-13.8807
 30
0.0
 10
-44.1057
 20
-13.6074
 30
0.0
 10
-43.9831
 20
-13.3529
 30
0.0
 10
-43.8604
 20
-13.0992
 30
0.0
 10
-43.6845
 20
-12.9106
 30
0.0
 10
-43.4546
 20
-12.7879
 30
0.0
 10
-43.2247
 20
-12.6645
 30
0.0
 10
-42.9598
 20
-12.6029
 30
0.0
 10
-42.6598
 20
-12.6029
 30
0.0
 10
-42.4425
 20
-12.6029
 30
0.0
 10
-42.2455
 20
-12.6379
 30
0.0
 10
-42.0696
 20
-12.7087
 30
0.0
 10
-41.8937
 20
-12.7795
 30
0.0
 10
-41.7556
 20
-12.8776
 30
0.0
 10
-41.6561
 20
-13.0031
 30
0.0
 10
-41.5559
 20
-13.1293
 30
0.0
 10
-41.4802
 20
-13.2941
 30
0.0
 10
-41.4283
 20
-13.4966
 30
0.0
 10
-41.4283
 20
-13.4966
 30
0.0
 10
-41.7879
 20
-13.5947
 30
0.0
 10
-41.7879
 20
-13.5947
 30
0.0
 10
-41.8334
 20
-13.4419
 30
0.0
 10
-41.8895
 20
-13.3214
 30
0.0
 10
-41.9561
 20
-13.2331
 30
0.0
 10
-42.0234
 20
-13.1455
 30
0.0
 10
-42.1187
 20
-13.0754
 30
0.0
 10
-42.2434
 20
-13.0227
 30
0.0
 10
-42.3675
 20
-12.9701
 30
0.0
 10
-42.5056
 20
-12.9435
 30
0.0
 10
-42.6577
 20
-12.9435
 30
0.0
 10
-42.8392
 20
-12.9435
 30
0.0
 10
-42.9962
 20
-12.9715
 30
0.0
 10
-43.1294
 20
-13.0269
 30
0.0
 10
-43.2619
 20
-13.0824
 30
0.0
 10
-43.3684
 20
-13.1553
 30
0.0
 10
-43.4504
 20
-13.2464
 30
0.0
 10
-43.5317
 20
-13.3368
 30
0.0
 10
-43.5948
 20
-13.4363
 30
0.0
 10
-43.6396
 20
-13.5443
 30
0.0
 10
-43.716
 20
-13.7314
 30
0.0
 10
-43.7546
 20
-13.9333
 30
0.0
 10
-43.7546
 20
-14.1513
 30
0.0
 10
-43.7546
 20
-14.4204
 30
0.0
 10
-43.7083
 20
-14.6454
 30
0.0
 10
-43.6165
 20
-14.8269
 30
0.0
 10
-43.524
 20
-15.0078
 30
0.0
 10
-43.3894
 20
-15.1423
 30
0.0
 10
-43.2135
 20
-15.2299
 30
0.0
 10
-43.0369
 20
-15.3176
 30
0.0
 10
-42.8497
 20
-15.3617
 30
0.0
 10
-42.6514
 20
-15.3617
 30
0.0
 10
-42.4789
 20
-15.3617
 30
0.0
 10
-42.3107
 20
-15.3281
 30
0.0
 10
-42.1467
 20
-15.2615
 30
0.0
 10
-41.9827
 20
-15.1942
 30
0.0
 10
-41.8587
 20
-15.1234
 30
0.0
 10
-41.7738
 20
-15.047
 30
0.0
 10
-41.7738
 20
-15.047
 30
0.0
 10
-41.7738
 20
-14.4828
 30
0.0
 10
-41.7738
 20
-14.4828
 30
0.0
 10
-41.7738
 20
-14.4828
 30
0.0
 10
-42.657
 20
-14.4828
 30
0.0
 10
-42.657
 20
-14.4828
 30
0.0
  0
SPLINE
  5
103
330
1F
100
AcDbEntity
  8
Layer 1
 62
   250
100
AcDbSpline
210
0.0
220
0.0
230
1.0
 70
    11
 71
     3
 72
    17
 73
    13
 74
     0
 42
0.0000000001
 43
0.0000000001
 40
0.0
 40
0.0
 40
0.0
 40
0.0
 40
0.25
 40
0.25
 40
0.25
 40
0.5
 40
0.5
 40
0.5
 40
0.75
 40
0.75
 40
0.75
 40
1.0
 40
1.0
 40
1.0
 40
1.0
 10
-46.7917
 20
-16.5014
 30
0.0
 10
-46.7917
 20
-16.5014
 30
0.0
 10
-46.7917
 20
-16.2364
 30
0.0
 10
-46.7917
 20
-16.2364
 30
0.0
 10
-46.7917
 20
-16.2364
 30
0.0
 10
-44.344
 20
-16.2364
 30
0.0
 10
-44.344
 20
-16.2364
 30
0.0
 10
-44.344
 20
-16.2364
 30
0.0
 10
-44.344
 20
-16.5014
 30
0.0
 10
-44.344
 20
-16.5014
 30
0.0
 10
-44.344
 20
-16.5014
 30
0.0
 10
-46.7917
 20
-16.5014
 30
0.0
 10
-46.7917
 20
-16.5014
 30
0.0
  0
SPLINE
  5
104
330
1F
100
AcDbEntity
  8
Layer 1
 62
   250
100
AcDbSpline
210
0.0
220
0.0
230
1.0
 70
    11
 71
     3
 72
    65
 73
    61
 74
     0
 42
0.0000000001
 43
0.0000000001
 40
0.0
 40
0.0
 40
0.0
 40
0.0
 40
0.05
 40
0.05
 40
0.05
 40
0.1
 40
0.1
 40
0.1
 40
0.15
 40
0.15
 40
0.15
 40
0.2
 40
0.2
 40
0.2
 40
0.25
 40
0.25
 40
0.25
 40
0.3
 40
0.3
 40
0.3
 40
0.35
 40
0.35
 40
0.35
 40
0.4
 40
0.4
 40
0.4
 40
0.45
 40
0.45
 40
0.45
 40
0.5
 40
0.5
 40
0.5
 40
0.55
 40
0.55
 40
0.55
 40
0.6000000000000001
 40
0.6000000000000001
 40
0.6000000000000001
 40
0.65
 40
0.65
 40
0.65
 40
0.7000000000000001
 40
0.7000000000000001
 40
0.7000000000000001
 40
0.75
 40
0.75
 40
0.75
 40
0.8
 40
0.8
 40
0.8
 40
0.8500000000000001
 40
0.8500000000000001
 40
0.8500000000000001
 40
0.9
 40
0.9
 40
0.9
 40
0.9500000000000001
 40
0.9500000000000001
 40
0.9500000000000001
 40
1.0
 40
1.0
 40
1.0
 40
1.0
 10
-46.8162
 20
-15.3344
 30
0.0
 10
-46.8162
 20
-15.3344
 30
0.0
 10
-46.7657
 20
-15.661
 30
0.0
 10
-46.7657
 20
-15.661
 30
0.0
 10
-46.8695
 20
-15.6827
 30
0.0
 10
-46.9627
 20
-15.6939
 30
0.0
 10
-47.044
 20
-15.6939
 30
0.0
 10
-47.1779
 20
-15.6939
 30
0.0
 10
-47.2816
 20
-15.6729
 30
0.0
 10
-47.3559
 20
-15.6302
 30
0.0
 10
-47.4295
 20
-15.5874
 30
0.0
 10
-47.4814
 20
-15.532
 30
0.0
 10
-47.5115
 20
-15.4626
 30
0.0
 10
-47.5416
 20
-15.3933
 30
0.0
 10
-47.5564
 20
-15.2475
 30
0.0
 10
-47.5564
 20
-15.0253
 30
0.0
 10
-47.5564
 20
-15.0253
 30
0.0
 10
-47.5564
 20
-13.7679
 30
0.0
 10
-47.5564
 20
-13.7679
 30
0.0
 10
-47.5564
 20
-13.7679
 30
0.0
 10
-47.8297
 20
-13.7679
 30
0.0
 10
-47.8297
 20
-13.7679
 30
0.0
 10
-47.8297
 20
-13.7679
 30
0.0
 10
-47.8297
 20
-13.4819
 30
0.0
 10
-47.8297
 20
-13.4819
 30
0.0
 10
-47.8297
 20
-13.4819
 30
0.0
 10
-47.5564
 20
-13.4819
 30
0.0
 10
-47.5564
 20
-13.4819
 30
0.0
 10
-47.5564
 20
-13.4819
 30
0.0
 10
-47.5564
 20
-12.9421
 30
0.0
 10
-47.5564
 20
-12.9421
 30
0.0
 10
-47.5564
 20
-12.9421
 30
0.0
 10
-47.1863
 20
-12.7199
 30
0.0
 10
-47.1863
 20
-12.7199
 30
0.0
 10
-47.1863
 20
-12.7199
 30
0.0
 10
-47.1863
 20
-13.4819
 30
0.0
 10
-47.1863
 20
-13.4819
 30
0.0
 10
-47.1863
 20
-13.4819
 30
0.0
 10
-46.8162
 20
-13.4819
 30
0.0
 10
-46.8162
 20
-13.4819
 30
0.0
 10
-46.8162
 20
-13.4819
 30
0.0
 10
-46.8162
 20
-13.7679
 30
0.0
 10
-46.8162
 20
-13.7679
 30
0.0
 10
-46.8162
 20
-13.7679
 30
0.0
 10
-47.1863
 20
-13.7679
 30
0.0
 10
-47.1863
 20
-13.7679
 30
0.0
 10
-47.1863
 20
-13.7679
 30
0.0
 10
-47.1863
 20
-15.0463
 30
0.0
 10
-47.1863
 20
-15.0463
 30
0.0
 10
-47.1863
 20
-15.1521
 30
0.0
 10
-47.18
 20
-15.2201
 30
0.0
 10
-47.1667
 20
-15.2503
 30
0.0
 10
-47.154
 20
-15.2804
 30
0.0
 10
-47.133
 20
-15.3042
 30
0.0
 10
-47.1036
 20
-15.3225
 30
0.0
 10
-47.0741
 20
-15.34
 30
0.0
 10
-47.0321
 20
-15.3491
 30
0.0
 10
-46.9774
 20
-15.3491
 30
0.0
 10
-46.9368
 20
-15.3491
 30
0.0
 10
-46.8828
 20
-15.3442
 30
0.0
 10
-46.8162
 20
-15.3344
 30
0.0
  0
SPLINE
  5
105
330
1F
100
AcDbEntity
  8
Layer 1
 62
   250
100
AcDbSpline
210
0.0
220
0.0
230
1.0
 70
    11
 71
     3
 72
    86
 73
    82
 74
     0
 42
0.0000000001
 43
0.0000000001
 40
0.0
 40
0.0
 40
0.0
 40
0.0
 40
0.037037037037037
 40
0.037037037037037
 40
0.037037037037037
 40
0.0740740740740741
 40
0.0740740740740741
 40
0.0740740740740741
 40
0.1111111111111111
 40
0.1111111111111111
 40
0.1111111111111111
 40
0.1481481481481481
 40
0.1481481481481481
 40
0.1481481481481481
 40
0.1851851851851852
 40
0.1851851851851852
 40
0.1851851851851852
 40
0.2222222222222222
 40
0.2222222222222222
 40
0.2222222222222222
 40
0.2592592592592592
 40
0.2592592592592592
 40
0.2592592592592592
 40
0.2962962962962963
 40
0.2962962962962963
 40
0.2962962962962963
 40
0.3333333333333333
 40
0.3333333333333333
 40
0.3333333333333333
 40
0.3703703703703703
 40
0.3703703703703703
 40
0.3703703703703703
 40
0.4074074074074074
 40
0.4074074074074074
 40
0.4074074074074074
 40
0.4444444444444444
 40
0.4444444444444444
 40
0.4444444444444444
 40
0.4814814814814815
 40
0.4814814814814815
 40
0.4814814814814815
 40
0.5185185185185185
 40
0.5185185185185185
 40
0.5185185185185185
 40
0.5555555555555556
 40
0.5555555555555556
 40
0.5555555555555556
 40
0.5925925925925926
 40
0.5925925925925926
 40
0.5925925925925926
 40
0.6296296296296295
 40
0.6296296296296295
 40
0.6296296296296295
 40
0.6666666666666666
 40
0.6666666666666666
 40
0.6666666666666666
 40
0.7037037037037037
 40
0.7037037037037037
 40
0.7037037037037037
 40
0.7407407407407407
 40
0.7407407407407407
 40
0.7407407407407407
 40
0.7777777777777777
 40
0.7777777777777777
 40
0.7777777777777777
 40
0.8148148148148148
 40
0.8148148148148148
 40
0.8148148148148148
 40
0.8518518518518519
 40
0.8518518518518519
 40
0.8518518518518519
 40
0.8888888888888888
 40
0.8888888888888888
 40
0.8888888888888888
 40
0.9259259259259258
 40
0.9259259259259258
 40
0.9259259259259258
 40
0.9629629629629629
 40
0.9629629629629629
 40
0.9629629629629629
 40
1.0
 40
1.0
 40
1.0
 40
1.0
 10
-48.5327
 20
-15.3911
 30
0.0
 10
-48.6701
 20
-15.5082
 30
0.0
 10
-48.8026
 20
-15.5902
 30
0.0
 10
-48.9294
 20
-15.6386
 30
0.0
 10
-49.0563
 20
-15.6869
 30
0.0
 10
-49.1923
 20
-15.7108
 30
0.0
 10
-49.338
 20
-15.7108
 30
0.0
 10
-49.5778
 20
-15.7108
 30
0.0
 10
-49.7621
 20
-15.6526
 30
0.0
 10
-49.8911
 20
-15.5355
 30
0.0
 10
-50.02
 20
-15.4192
 30
0.0
 10
-50.0845
 20
-15.2699
 30
0.0
 10
-50.0845
 20
-15.0884
 30
0.0
 10
-50.0845
 20
-14.9818
 30
0.0
 10
-50.06
 20
-14.8844
 30
0.0
 10
-50.0116
 20
-14.7961
 30
0.0
 10
-49.9625
 20
-14.7078
 30
0.0
 10
-49.8988
 20
-14.6377
 30
0.0
 10
-49.8203
 20
-14.5844
 30
0.0
 10
-49.7411
 20
-14.5311
 30
0.0
 10
-49.6528
 20
-14.4905
 30
0.0
 10
-49.5539
 20
-14.4632
 30
0.0
 10
-49.481
 20
-14.4442
 30
0.0
 10
-49.371
 20
-14.426
 30
0.0
 10
-49.2245
 20
-14.4078
 30
0.0
 10
-48.9259
 20
-14.3727
 30
0.0
 10
-48.7051
 20
-14.33
 30
0.0
 10
-48.5643
 20
-14.2809
 30
0.0
 10
-48.5629
 20
-14.2305
 30
0.0
 10
-48.5622
 20
-14.1982
 30
0.0
 10
-48.5622
 20
-14.1849
 30
0.0
 10
-48.5622
 20
-14.0349
 30
0.0
 10
-48.5972
 20
-13.9291
 30
0.0
 10
-48.6673
 20
-13.8674
 30
0.0
 10
-48.7619
 20
-13.784
 30
0.0
 10
-48.9028
 20
-13.7426
 30
0.0
 10
-49.0892
 20
-13.7426
 30
0.0
 10
-49.2638
 20
-13.7426
 30
0.0
 10
-49.3927
 20
-13.7735
 30
0.0
 10
-49.4754
 20
-13.8345
 30
0.0
 10
-49.5588
 20
-13.8954
 30
0.0
 10
-49.6198
 20
-14.0034
 30
0.0
 10
-49.6598
 20
-14.159
 30
0.0
 10
-49.6598
 20
-14.159
 30
0.0
 10
-50.0214
 20
-14.1085
 30
0.0
 10
-50.0214
 20
-14.1085
 30
0.0
 10
-49.9885
 20
-13.9536
 30
0.0
 10
-49.9345
 20
-13.8281
 30
0.0
 10
-49.8588
 20
-13.7328
 30
0.0
 10
-49.7831
 20
-13.6375
 30
0.0
 10
-49.6738
 20
-13.5646
 30
0.0
 10
-49.5308
 20
-13.5127
 30
0.0
 10
-49.3885
 20
-13.4616
 30
0.0
 10
-49.2224
 20
-13.4356
 30
0.0
 10
-49.0346
 20
-13.4356
 30
0.0
 10
-48.8481
 20
-13.4356
 30
0.0
 10
-48.696
 20
-13.4574
 30
0.0
 10
-48.579
 20
-13.5015
 30
0.0
 10
-48.4626
 20
-13.5457
 30
0.0
 10
-48.3764
 20
-13.6003
 30
0.0
 10
-48.3217
 20
-13.6669
 30
0.0
 10
-48.2671
 20
-13.7335
 30
0.0
 10
-48.2285
 20
-13.8176
 30
0.0
 10
-48.2061
 20
-13.9193
 30
0.0
 10
-48.1942
 20
-13.9823
 30
0.0
 10
-48.1879
 20
-14.0959
 30
0.0
 10
-48.1879
 20
-14.2592
 30
0.0
 10
-48.1879
 20
-14.2592
 30
0.0
 10
-48.1879
 20
-14.7498
 30
0.0
 10
-48.1879
 20
-14.7498
 30
0.0
 10
-48.1879
 20
-15.0926
 30
0.0
 10
-48.1802
 20
-15.3091
 30
0.0
 10
-48.1647
 20
-15.401
 30
0.0
 10
-48.15
 20
-15.4928
 30
0.0
 10
-48.1192
 20
-15.5804
 30
0.0
 10
-48.0743
 20
-15.6645
 30
0.0
 10
-48.0743
 20
-15.6645
 30
0.0
 10
-48.4612
 20
-15.6645
 30
0.0
 10
-48.4612
 20
-15.6645
 30
0.0
 10
-48.4984
 20
-15.5867
 30
0.0
 10
-48.5222
 20
-15.4956
 30
0.0
 10
-48.5327
 20
-15.3911
 30
0.0
  0
SPLINE
  5
106
330
1F
100
AcDbEntity
  8
Layer 1
 62
   250
100
AcDbSpline
210
0.0
220
0.0
230
1.0
 70
    11
 71
     3
 72
    35
 73
    31
 74
     0
 42
0.0000000001
 43
0.0000000001
 40
0.0
 40
0.0
 40
0.0
 40
0.0
 40
0.1
 40
0.1
 40
0.1
 40
0.2
 40
0.2
 40
0.2
 40
0.3
 40
0.3
 40
0.3
 40
0.4
 40
0.4
 40
0.4
 40
0.5
 40
0.5
 40
0.5
 40
0.6000000000000001
 40
0.6000000000000001
 40
0.6000000000000001
 40
0.7000000000000001
 40
0.7000000000000001
 40
0.7000000000000001
 40
0.8
 40
0.8
 40
0.8
 40
0.9
 40
0.9
 40
0.9
 40
1.0
 40
1.0
 40
1.0
 40
1.0
 10
-48.5622
 20
-14.5711
 30
0.0
 10
-48.6967
 20
-14.6258
 30
0.0
 10
-48.8986
 20
-14.672
 30
0.0
 10
-49.1677
 20
-14.7099
 30
0.0
 10
-49.3205
 20
-14.7316
 30
0.0
 10
-49.4285
 20
-14.7561
 30
0.0
 10
-49.4915
 20
-14.7835
 30
0.0
 10
-49.5546
 20
-14.8108
 30
0.0
 10
-49.603
 20
-14.8508
 30
0.0
 10
-49.6373
 20
-14.9026
 30
0.0
 10
-49.6717
 20
-14.9552
 30
0.0
 10
-49.6892
 20
-15.0134
 30
0.0
 10
-49.6892
 20
-15.0778
 30
0.0
 10
-49.6892
 20
-15.1753
 30
0.0
 10
-49.6521
 20
-15.2573
 30
0.0
 10
-49.5771
 20
-15.3225
 30
0.0
 10
-49.5021
 20
-15.3876
 30
0.0
 10
-49.3927
 20
-15.4206
 30
0.0
 10
-49.249
 20
-15.4206
 30
0.0
 10
-49.1068
 20
-15.4206
 30
0.0
 10
-48.9799
 20
-15.3897
 30
0.0
 10
-48.8684
 20
-15.3274
 30
0.0
 10
-48.7577
 20
-15.2657
 30
0.0
 10
-48.6757
 20
-15.1809
 30
0.0
 10
-48.6238
 20
-15.0736
 30
0.0
 10
-48.5839
 20
-14.9902
 30
0.0
 10
-48.5643
 20
-14.8676
 30
0.0
 10
-48.5643
 20
-14.7057
 30
0.0
 10
-48.5643
 20
-14.7057
 30
0.0
 10
-48.5622
 20
-14.5711
 30
0.0
 10
-48.5622
 20
-14.5711
 30
0.0
  0
SPLINE
  5
107
330
1F
100
AcDbEntity
  8
Layer 1
 62
   250
100
AcDbSpline
210
0.0
220
0.0
230
1.0
 70
    11
 71
     3
 72
    44
 73
    40
 74
     0
 42
0.0000000001
 43
0.0000000001
 40
0.0
 40
0.0
 40
0.0
 40
0.0
 40
0.0769230769230769
 40
0.0769230769230769
 40
0.0769230769230769
 40
0.1538461538461539
 40
0.1538461538461539
 40
0.1538461538461539
 40
0.2307692307692308
 40
0.2307692307692308
 40
0.2307692307692308
 40
0.3076923076923077
 40
0.3076923076923077
 40
0.3076923076923077
 40
0.3846153846153846
 40
0.3846153846153846
 40
0.3846153846153846
 40
0.4615384615384616
 40
0.4615384615384616
 40
0.4615384615384616
 40
0.5384615384615385
 40
0.5384615384615385
 40
0.5384615384615385
 40
0.6153846153846154
 40
0.6153846153846154
 40
0.6153846153846154
 40
0.6923076923076923
 40
0.6923076923076923
 40
0.6923076923076923
 40
0.7692307692307693
 40
0.7692307692307693
 40
0.7692307692307693
 40
0.8461538461538463
 40
0.8461538461538463
 40
0.8461538461538463
 40
0.9230769230769231
 40
0.9230769230769231
 40
0.9230769230769231
 40
1.0
 40
1.0
 40
1.0
 40
1.0
 10
-51.3629
 20
-15.6645
 30
0.0
 10
-51.3629
 20
-15.6645
 30
0.0
 10
-51.3629
 20
-13.4819
 30
0.0
 10
-51.3629
 20
-13.4819
 30
0.0
 10
-51.3629
 20
-13.4819
 30
0.0
 10
-51.0307
 20
-13.4819
 30
0.0
 10
-51.0307
 20
-13.4819
 30
0.0
 10
-51.0307
 20
-13.4819
 30
0.0
 10
-51.0307
 20
-13.8162
 30
0.0
 10
-51.0307
 20
-13.8162
 30
0.0
 10
-50.9459
 20
-13.6613
 30
0.0
 10
-50.8674
 20
-13.559
 30
0.0
 10
-50.7952
 20
-13.5099
 30
0.0
 10
-50.723
 20
-13.4602
 30
0.0
 10
-50.6438
 20
-13.4356
 30
0.0
 10
-50.5576
 20
-13.4356
 30
0.0
 10
-50.4329
 20
-13.4356
 30
0.0
 10
-50.306
 20
-13.4749
 30
0.0
 10
-50.177
 20
-13.5527
 30
0.0
 10
-50.177
 20
-13.5527
 30
0.0
 10
-50.3088
 20
-13.894
 30
0.0
 10
-50.3088
 20
-13.894
 30
0.0
 10
-50.3985
 20
-13.8436
 30
0.0
 10
-50.4882
 20
-13.8183
 30
0.0
 10
-50.5779
 20
-13.8183
 30
0.0
 10
-50.6585
 20
-13.8183
 30
0.0
 10
-50.7307
 20
-13.8429
 30
0.0
 10
-50.7945
 20
-13.8912
 30
0.0
 10
-50.8583
 20
-13.9396
 30
0.0
 10
-50.9039
 20
-14.0069
 30
0.0
 10
-50.9312
 20
-14.0931
 30
0.0
 10
-50.9725
 20
-14.2242
 30
0.0
 10
-50.9929
 20
-14.3678
 30
0.0
 10
-50.9929
 20
-14.5241
 30
0.0
 10
-50.9929
 20
-14.5241
 30
0.0
 10
-50.9929
 20
-15.6645
 30
0.0
 10
-50.9929
 20
-15.6645
 30
0.0
 10
-50.9929
 20
-15.6645
 30
0.0
 10
-51.3629
 20
-15.6645
 30
0.0
 10
-51.3629
 20
-15.6645
 30
0.0
  0
SPLINE
  5
108
330
1F
100
AcDbEntity
  8
Layer 1
 62
   250
100
AcDbSpline
210
0.0
220
0.0
230
1.0
 70
    11
 71
     3
 72
    17
 73
    13
 74
     0
 42
0.0000000001
 43
0.0000000001
 40
0.0
 40
0.0
 40
0.0
 40
0.0
 40
0.25
 40
0.25
 40
0.25
 40
0.5
 40
0.5
 40
0.5
 40
0.75
 40
0.75
 40
0.75
 40
1.0
 40
1.0
 40
1.0
 40
1.0
 10
-52.293
 20
-13.074
 30
0.0
 10
-52.293
 20
-13.074
 30
0.0
 10
-52.293
 20
-12.6533
 30
0.0
 10
-52.293
 20
-12.6533
 30
0.0
 10
-52.293
 20
-12.6533
 30
0.0
 10
-51.923
 20
-12.6533
 30
0.0
 10
-51.923
 20
-12.6533
 30
0.0
 10
-51.923
 20
-12.6533
 30
0.0
 10
-51.923
 20
-13.074
 30
0.0
 10
-51.923
 20
-13.074
 30
0.0
 10
-51.923
 20
-13.074
 30
0.0
 10
-52.293
 20
-13.074
 30
0.0
 10
-52.293
 20
-13.074
 30
0.0
  0
SPLINE
  5
109
330
1F
100
AcDbEntity
  8
Layer 1
 62
   250
100
AcDbSpline
210
0.0
220
0.0
230
1.0
 70
    11
 71
     3
 72
    17
 73
    13
 74
     0
 42
0.0000000001
 43
0.0000000001
 40
0.0
 40
0.0
 40
0.0
 40
0.0
 40
0.25
 40
0.25
 40
0.25
 40
0.5
 40
0.5
 40
0.5
 40
0.75
 40
0.75
 40
0.75
 40
1.0
 40
1.0
 40
1.0
 40
1.0
 10
-52.293
 20
-15.6645
 30
0.0
 10
-52.293
 20
-15.6645
 30
0.0
 10
-52.293
 20
-13.4819
 30
0.0
 10
-52.293
 20
-13.4819
 30
0.0
 10
-52.293
 20
-13.4819
 30
0.0
 10
-51.923
 20
-13.4819
 30
0.0
 10
-51.923
 20
-13.4819
 30
0.0
 10
-51.923
 20
-13.4819
 30
0.0
 10
-51.923
 20
-15.6645
 30
0.0
 10
-51.923
 20
-15.6645
 30
0.0
 10
-51.923
 20
-15.6645
 30
0.0
 10
-52.293
 20
-15.6645
 30
0.0
 10
-52.293
 20
-15.6645
 30
0.0
  0
SPLINE
  5
10A
330
1F
100
AcDbEntity
  8
Layer 1
 62
   250
100
AcDbSpline
210
0.0
220
0.0
230
1.0
 70
    11
 71
     3
 72
    56
 73
    52
 74
     0
 42
0.0000000001
 43
0.0000000001
 40
0.0
 40
0.0
 40
0.0
 40
0.0
 40
0.0588235294117647
 40
0.0588235294117647
 40
0.0588235294117647
 40
0.1176470588235294
 40
0.1176470588235294
 40
0.1176470588235294
 40
0.1764705882352941
 40
0.1764705882352941
 40
0.1764705882352941
 40
0.2352941176470588
 40
0.2352941176470588
 40
0.2352941176470588
 40
0.2941176470588235
 40
0.2941176470588235
 40
0.2941176470588235
 40
0.3529411764705882
 40
0.3529411764705882
 40
0.3529411764705882
 40
0.4117647058823529
 40
0.4117647058823529
 40
0.4117647058823529
 40
0.4705882352941176
 40
0.4705882352941176
 40
0.4705882352941176
 40
0.5294117647058824
 40
0.5294117647058824
 40
0.5294117647058824
 40
0.5882352941176471
 40
0.5882352941176471
 40
0.5882352941176471
 40
0.6470588235294118
 40
0.6470588235294118
 40
0.6470588235294118
 40
0.7058823529411764
 40
0.7058823529411764
 40
0.7058823529411764
 40
0.7647058823529411
 40
0.7647058823529411
 40
0.7647058823529411
 40
0.8235294117647058
 40
0.8235294117647058
 40
0.8235294117647058
 40
0.8823529411764706
 40
0.8823529411764706
 40
0.8823529411764706
 40
0.9411764705882353
 40
0.9411764705882353
 40
0.9411764705882353
 40
1.0
 40
1.0
 40
1.0
 40
1.0
 10
-54.632
 20
-15.6645
 30
0.0
 10
-54.632
 20
-15.6645
 30
0.0
 10
-54.632
 20
-12.6533
 30
0.0
 10
-54.632
 20
-12.6533
 30
0.0
 10
-54.632
 20
-12.6533
 30
0.0
 10
-54.262
 20
-12.6533
 30
0.0
 10
-54.262
 20
-12.6533
 30
0.0
 10
-54.262
 20
-12.6533
 30
0.0
 10
-54.262
 20
-13.737
 30
0.0
 10
-54.262
 20
-13.737
 30
0.0
 10
-54.0902
 20
-13.5359
 30
0.0
 10
-53.8737
 20
-13.4356
 30
0.0
 10
-53.6114
 20
-13.4356
 30
0.0
 10
-53.4509
 20
-13.4356
 30
0.0
 10
-53.3114
 20
-13.4672
 30
0.0
 10
-53.1923
 20
-13.531
 30
0.0
 10
-53.0738
 20
-13.5947
 30
0.0
 10
-52.989
 20
-13.6824
 30
0.0
 10
-52.9379
 20
-13.7945
 30
0.0
 10
-52.8867
 20
-13.9066
 30
0.0
 10
-52.8615
 20
-14.07
 30
0.0
 10
-52.8615
 20
-14.283
 30
0.0
 10
-52.8615
 20
-14.283
 30
0.0
 10
-52.8615
 20
-15.6645
 30
0.0
 10
-52.8615
 20
-15.6645
 30
0.0
 10
-52.8615
 20
-15.6645
 30
0.0
 10
-53.2315
 20
-15.6645
 30
0.0
 10
-53.2315
 20
-15.6645
 30
0.0
 10
-53.2315
 20
-15.6645
 30
0.0
 10
-53.2315
 20
-14.2844
 30
0.0
 10
-53.2315
 20
-14.2844
 30
0.0
 10
-53.2315
 20
-14.1001
 30
0.0
 10
-53.2715
 20
-13.9655
 30
0.0
 10
-53.3507
 20
-13.8814
 30
0.0
 10
-53.4306
 20
-13.7973
 30
0.0
 10
-53.5427
 20
-13.7552
 30
0.0
 10
-53.6886
 20
-13.7552
 30
0.0
 10
-53.7973
 20
-13.7552
 30
0.0
 10
-53.8996
 20
-13.7833
 30
0.0
 10
-53.9956
 20
-13.8401
 30
0.0
 10
-54.0916
 20
-13.8968
 30
0.0
 10
-54.1596
 20
-13.9739
 30
0.0
 10
-54.201
 20
-14.0714
 30
0.0
 10
-54.2416
 20
-14.1681
 30
0.0
 10
-54.262
 20
-14.302
 30
0.0
 10
-54.262
 20
-14.473
 30
0.0
 10
-54.262
 20
-14.473
 30
0.0
 10
-54.262
 20
-15.6645
 30
0.0
 10
-54.262
 20
-15.6645
 30
0.0
 10
-54.262
 20
-15.6645
 30
0.0
 10
-54.632
 20
-15.6645
 30
0.0
 10
-54.632
 20
-15.6645
 30
0.0
  0
SPLINE
  5
10B
330
1F
100
AcDbEntity
  8
Layer 1
 62
   250
100
AcDbSpline
210
0.0
220
0.0
230
1.0
 70
    11
 71
     3
 72
    44
 73
    40
 74
     0
 42
0.0000000001
 43
0.0000000001
 40
0.0
 40
0.0
 40
0.0
 40
0.0
 40
0.0769230769230769
 40
0.0769230769230769
 40
0.0769230769230769
 40
0.1538461538461539
 40
0.1538461538461539
 40
0.1538461538461539
 40
0.2307692307692308
 40
0.2307692307692308
 40
0.2307692307692308
 40
0.3076923076923077
 40
0.3076923076923077
 40
0.3076923076923077
 40
0.3846153846153846
 40
0.3846153846153846
 40
0.3846153846153846
 40
0.4615384615384616
 40
0.4615384615384616
 40
0.4615384615384616
 40
0.5384615384615385
 40
0.5384615384615385
 40
0.5384615384615385
 40
0.6153846153846154
 40
0.6153846153846154
 40
0.6153846153846154
 40
0.6923076923076923
 40
0.6923076923076923
 40
0.6923076923076923
 40
0.7692307692307693
 40
0.7692307692307693
 40
0.7692307692307693
 40
0.8461538461538463
 40
0.8461538461538463
 40
0.8461538461538463
 40
0.9230769230769231
 40
0.9230769230769231
 40
0.9230769230769231
 40
1.0
 40
1.0
 40
1.0
 40
1.0
 10
-64.4613
 20
-14.0994
 30
0.0
 10
-64.4613
 20
-14.4191
 30
0.0
 10
-64.4605
 20
-14.7394
 30
0.0
 10
-64.4619
 20
-15.0595
 30
0.0
 10
-64.4627
 20
-15.3051
 30
0.0
 10
-64.3851
 20
-15.525
 30
0.0
 10
-64.2307
 20
-15.7121
 30
0.0
 10
-64.0406
 20
-15.9418
 30
0.0
 10
-63.7855
 20
-16.0446
 30
0.0
 10
-63.4898
 20
-16.0449
 30
0.0
 10
-62.865
 20
-16.0463
 30
0.0
 10
-62.24
 20
-16.0463
 30
0.0
 10
-61.6152
 20
-16.0446
 30
0.0
 10
-61.5448
 20
-16.0441
 30
0.0
 10
-61.4739
 20
-16.0366
 30
0.0
 10
-61.4048
 20
-16.0236
 30
0.0
 10
-60.9459
 20
-15.9344
 30
0.0
 10
-60.6494
 20
-15.5326
 30
0.0
 10
-60.6466
 20
-15.0771
 30
0.0
 10
-60.6421
 20
-14.4241
 30
0.0
 10
-60.6447
 20
-13.7709
 30
0.0
 10
-60.6458
 20
-13.1176
 30
0.0
 10
-60.646
 20
-12.9449
 30
0.0
 10
-60.6867
 20
-12.7791
 30
0.0
 10
-60.7733
 20
-12.6307
 30
0.0
 10
-60.9592
 20
-12.3131
 30
0.0
 10
-61.245
 20
-12.1555
 30
0.0
 10
-61.6106
 20
-12.1533
 30
0.0
 10
-62.2398
 20
-12.1495
 30
0.0
 10
-62.8692
 20
-12.1499
 30
0.0
 10
-63.4985
 20
-12.1546
 30
0.0
 10
-63.6024
 20
-12.155
 30
0.0
 10
-63.7107
 20
-12.1725
 30
0.0
 10
-63.8098
 20
-12.2043
 30
0.0
 10
-64.2132
 20
-12.3352
 30
0.0
 10
-64.4588
 20
-12.69
 30
0.0
 10
-64.4612
 20
-13.1328
 30
0.0
 10
-64.4627
 20
-13.4548
 30
0.0
 10
-64.4613
 20
-13.7773
 30
0.0
 10
-64.4613
 20
-14.0994
 30
0.0
  0
SPLINE
  5
10C
330
1F
100
AcDbEntity
  8
Layer 1
 62
   250
100
AcDbSpline
210
0.0
220
0.0
230
1.0
 70
    11
 71
     3
 72
    47
 73
    43
 74
     0
 42
0.0000000001
 43
0.0000000001
 40
0.0
 40
0.0
 40
0.0
 40
0.0
 40
0.0714285714285714
 40
0.0714285714285714
 40
0.0714285714285714
 40
0.1428571428571428
 40
0.1428571428571428
 40
0.1428571428571428
 40
0.2142857142857143
 40
0.2142857142857143
 40
0.2142857142857143
 40
0.2857142857142857
 40
0.2857142857142857
 40
0.2857142857142857
 40
0.3571428571428571
 40
0.3571428571428571
 40
0.3571428571428571
 40
0.4285714285714285
 40
0.4285714285714285
 40
0.4285714285714285
 40
0.5
 40
0.5
 40
0.5
 40
0.5714285714285714
 40
0.5714285714285714
 40
0.5714285714285714
 40
0.6428571428571428
 40
0.6428571428571428
 40
0.6428571428571428
 40
0.7142857142857142
 40
0.7142857142857142
 40
0.7142857142857142
 40
0.7857142857142857
 40
0.7857142857142857
 40
0.7857142857142857
 40
0.8571428571428571
 40
0.8571428571428571
 40
0.8571428571428571
 40
0.9285714285714285
 40
0.9285714285714285
 40
0.9285714285714285
 40
1.0
 40
1.0
 40
1.0
 40
1.0
 10
-60.2218
 20
-14.1002
 30
0.0
 10
-60.2218
 20
-14.42
 30
0.0
 10
-60.2201
 20
-14.7404
 30
0.0
 10
-60.2224
 20
-15.0603
 30
0.0
 10
-60.2255
 20
-15.5277
 30
0.0
 10
-60.4075
 20
-15.9058
 30
0.0
 10
-60.7764
 20
-16.1996
 30
0.0
 10
-61.021
 20
-16.3939
 30
0.0
 10
-61.2959
 20
-16.4802
 30
0.0
 10
-61.6014
 20
-16.4816
 30
0.0
 10
-62.2349
 20
-16.4834
 30
0.0
 10
-62.8687
 20
-16.4816
 30
0.0
 10
-63.5026
 20
-16.4825
 30
0.0
 10
-63.7746
 20
-16.4825
 30
0.0
 10
-64.03
 20
-16.4177
 30
0.0
 10
-64.252
 20
-16.2618
 30
0.0
 10
-64.5928
 20
-16.0226
 30
0.0
 10
-64.8119
 20
-15.7001
 30
0.0
 10
-64.8701
 20
-15.2806
 30
0.0
 10
-64.8802
 20
-15.2063
 30
0.0
 10
-64.8842
 20
-15.1312
 30
0.0
 10
-64.8842
 20
-15.0567
 30
0.0
 10
-64.8854
 20
-14.4163
 30
0.0
 10
-64.8846
 20
-13.7765
 30
0.0
 10
-64.885
 20
-13.1363
 30
0.0
 10
-64.8854
 20
-12.7508
 30
0.0
 10
-64.7549
 20
-12.4191
 30
0.0
 10
-64.4898
 20
-12.1368
 30
0.0
 10
-64.2256
 20
-11.8549
 30
0.0
 10
-63.899
 20
-11.7196
 30
0.0
 10
-63.5187
 20
-11.717
 30
0.0
 10
-62.8739
 20
-11.7122
 30
0.0
 10
-62.2289
 20
-11.7145
 30
0.0
 10
-61.5844
 20
-11.7165
 30
0.0
 10
-61.2445
 20
-11.7176
 30
0.0
 10
-60.9406
 20
-11.8287
 30
0.0
 10
-60.6919
 20
-12.0594
 30
0.0
 10
-60.3919
 20
-12.3384
 30
0.0
 10
-60.225
 20
-12.6847
 30
0.0
 10
-60.2224
 20
-13.1007
 30
0.0
 10
-60.2201
 20
-13.4335
 30
0.0
 10
-60.2218
 20
-13.7669
 30
0.0
 10
-60.2218
 20
-14.1002
 30
0.0
  0
SPLINE
  5
10D
330
1F
100
AcDbEntity
  8
Layer 1
 62
   250
100
AcDbSpline
210
0.0
220
0.0
230
1.0
 70
    11
 71
     3
 72
    17
 73
    13
 74
     0
 42
0.0000000001
 43
0.0000000001
 40
0.0
 40
0.0
 40
0.0
 40
0.0
 40
0.25
 40
0.25
 40
0.25
 40
0.5
 40
0.5
 40
0.5
 40
0.75
 40
0.75
 40
0.75
 40
1.0
 40
1.0
 40
1.0
 40
1.0
 10
-62.554
 20
-14.9593
 30
0.0
 10
-62.0836
 20
-14.9598
 30
0.0
 10
-61.7068
 20
-14.5785
 30
0.0
 10
-61.7058
 20
-14.1002
 30
0.0
 10
-61.7044
 20
-13.588
 30
0.0
 10
-62.1247
 20
-13.2288
 30
0.0
 10
-62.5493
 20
-13.2262
 30
0.0
 10
-62.9722
 20
-13.2238
 30
0.0
 10
-63.4015
 20
-13.5811
 30
0.0
 10
-63.4011
 20
-14.0988
 30
0.0
 10
-63.4009
 20
-14.5774
 30
0.0
 10
-63.0252
 20
-14.9584
 30
0.0
 10
-62.554
 20
-14.9593
 30
0.0
  0
SPLINE
  5
10E
330
1F
100
AcDbEntity
  8
Layer 1
 62
   250
100
AcDbSpline
210
0.0
220
0.0
230
1.0
 70
    11
 71
     3
 72
    17
 73
    13
 74
     0
 42
0.0000000001
 43
0.0000000001
 40
0.0
 40
0.0
 40
0.0
 40
0.0
 40
0.25
 40
0.25
 40
0.25
 40
0.5
 40
0.5
 40
0.5
 40
0.75
 40
0.75
 40
0.75
 40
1.0
 40
1.0
 40
1.0
 40
1.0
 10
-61.2819
 20
-14.1016
 30
0.0
 10
-61.2819
 20
-14.7984
 30
0.0
 10
-61.8424
 20
-15.4002
 30
0.0
 10
-62.558
 20
-15.3976
 30
0.0
 10
-63.2706
 20
-15.395
 30
0.0
 10
-63.8295
 20
-14.7913
 30
0.0
 10
-63.8249
 20
-14.0919
 30
0.0
 10
-63.8204
 20
-13.3902
 30
0.0
 10
-63.2748
 20
-12.8009
 30
0.0
 10
-62.5519
 20
-12.8012
 30
0.0
 10
-61.8281
 20
-12.802
 30
0.0
 10
-61.2811
 20
-13.3961
 30
0.0
 10
-61.2819
 20
-14.1016
 30
0.0
  0
SPLINE
  5
10F
330
1F
100
AcDbEntity
  8
Layer 1
 62
   250
100
AcDbSpline
210
0.0
220
0.0
230
1.0
 70
    11
 71
     3
 72
    17
 73
    13
 74
     0
 42
0.0000000001
 43
0.0000000001
 40
0.0
 40
0.0
 40
0.0
 40
0.0
 40
0.25
 40
0.25
 40
0.25
 40
0.5
 40
0.5
 40
0.5
 40
0.75
 40
0.75
 40
0.75
 40
1.0
 40
1.0
 40
1.0
 40
1.0
 10
-61.4932
 20
-12.82
 30
0.0
 10
-61.4878
 20
-12.7092
 30
0.0
 10
-61.4143
 20
-12.6135
 30
0.0
 10
-61.2982
 20
-12.6154
 30
0.0
 10
-61.1859
 20
-12.6167
 30
0.0
 10
-61.1126
 20
-12.7131
 30
0.0
 10
-61.1101
 20
-12.82
 30
0.0
 10
-61.1076
 20
-12.9278
 30
0.0
 10
-61.1937
 20
-13.0129
 30
0.0
 10
-61.3014
 20
-13.0129
 30
0.0
 10
-61.4093
 20
-13.0129
 30
0.0
 10
-61.4933
 20
-12.9283
 30
0.0
 10
-61.4932
 20
-12.82
 30
0.0
  0
SPLINE
  5
110
330
1F
100
AcDbEntity
  8
Layer 1
 62
   250
100
AcDbSpline
210
0.0
220
0.0
230
1.0
 70
    11
 71
     3
 72
    17
 73
    13
 74
     0
 42
0.0000000001
 43
0.0000000001
 40
0.0
 40
0.0
 40
0.0
 40
0.0
 40
0.25
 40
0.25
 40
0.25
 40
0.5
 40
0.5
 40
0.5
 40
0.75
 40
0.75
 40
0.75
 40
1.0
 40
1.0
 40
1.0
 40
1.0
 10
-62.3651
 20
-9.8597
 30
0.0
 10
-62.3651
 20
-9.9544
 30
0.0
 10
-62.4417
 20
-10.0306
 30
0.0
 10
-62.5357
 20
-10.0306
 30
0.0
 10
-62.6302
 20
-10.0306
 30
0.0
 10
-62.7069
 20
-9.9544
 30
0.0
 10
-62.7069
 20
-9.8597
 30
0.0
 10
-62.7069
 20
-9.7656
 30
0.0
 10
-62.6302
 20
-9.6894
 30
0.0
 10
-62.5357
 20
-9.6894
 30
0.0
 10
-62.4417
 20
-9.6894
 30
0.0
 10
-62.3651
 20
-9.7656
 30
0.0
 10
-62.3651
 20
-9.8597
 30
0.0
  0
SPLINE
  5
111
330
1F
100
AcDbEntity
  8
Layer 1
 62
   250
100
AcDbSpline
210
0.0
220
0.0
230
1.0
 70
    11
 71
     3
 72
    17
 73
    13
 74
     0
 42
0.0000000001
 43
0.0000000001
 40
0.0
 40
0.0
 40
0.0
 40
0.0
 40
0.25
 40
0.25
 40
0.25
 40
0.5
 40
0.5
 40
0.5
 40
0.75
 40
0.75
 40
0.75
 40
1.0
 40
1.0
 40
1.0
 40
1.0
 10
-61.9714
 20
-4.9513
 30
0.0
 10
-61.9714
 20
-4.9513
 30
0.0
 10
-63.1354
 20
-4.9513
 30
0.0
 10
-63.1354
 20
-4.9513
 30
0.0
 10
-63.1354
 20
-4.9513
 30
0.0
 10
-63.1354
 20
-4.7945
 30
0.0
 10
-63.1354
 20
-4.7945
 30
0.0
 10
-63.1354
 20
-4.7945
 30
0.0
 10
-61.9714
 20
-4.7945
 30
0.0
 10
-61.9714
 20
-4.7945
 30
0.0
 10
-61.9714
 20
-4.7945
 30
0.0
 10
-61.9714
 20
-4.9513
 30
0.0
 10
-61.9714
 20
-4.9513
 30
0.0
  0
SPLINE
  5
112
330
1F
100
AcDbEntity
  8
Layer 1
 62
   250
100
AcDbSpline
210
0.0
220
0.0
230
1.0
 70
    11
 71
     3
 72
    17
 73
    13
 74
     0
 42
0.0000000001
 43
0.0000000001
 40
0.0
 40
0.0
 40
0.0
 40
0.0
 40
0.25
 40
0.25
 40
0.25
 40
0.5
 40
0.5
 40
0.5
 40
0.75
 40
0.75
 40
0.75
 40
1.0
 40
1.0
 40
1.0
 40
1.0
 10
-61.1141
 20
-9.5684
 30
0.0
 10
-61.1141
 20
-9.5684
 30
0.0
 10
-63.9577
 20
-9.5684
 30
0.0
 10
-63.9577
 20
-9.5684
 30
0.0
 10
-63.9577
 20
-9.5684
 30
0.0
 10
-63.9577
 20
-5.2557
 30
0.0
 10
-63.9577
 20
-5.2557
 30
0.0
 10
-63.9577
 20
-5.2557
 30
0.0
 10
-61.1141
 20
-5.2557
 30
0.0
 10
-61.1141
 20
-5.2557
 30
0.0
 10
-61.1141
 20
-5.2557
 30
0.0
 10
-61.1141
 20
-9.5684
 30
0.0
 10
-61.1141
 20
-9.5684
 30
0.0
  0
SPLINE
  5
113
330
1F
100
AcDbEntity
  8
Layer 1
 62
   250
100
AcDbSpline
210
0.0
220
0.0
230
1.0
 70
    11
 71
     3
 72
    29
 73
    25
 74
     0
 42
0.0000000001
 43
0.0000000001
 40
0.0
 40
0.0
 40
0.0
 40
0.0
 40
0.125
 40
0.125
 40
0.125
 40
0.25
 40
0.25
 40
0.25
 40
0.375
 40
0.375
 40
0.375
 40
0.5
 40
0.5
 40
0.5
 40
0.625
 40
0.625
 40
0.625
 40
0.75
 40
0.75
 40
0.75
 40
0.875
 40
0.875
 40
0.875
 40
1.0
 40
1.0
 40
1.0
 40
1.0
 10
-61.893
 20
-10.1366
 30
0.0
 10
-61.893
 20
-10.1366
 30
0.0
 10
-63.2137
 20
-10.1366
 30
0.0
 10
-63.2137
 20
-10.1366
 30
0.0
 10
-63.7532
 20
-10.1366
 30
0.0
 10
-64.1907
 20
-9.6987
 30
0.0
 10
-64.1907
 20
-9.1593
 30
0.0
 10
-64.1907
 20
-9.1593
 30
0.0
 10
-64.1907
 20
-5.4647
 30
0.0
 10
-64.1907
 20
-5.4647
 30
0.0
 10
-64.1907
 20
-4.9244
 30
0.0
 10
-63.7532
 20
-4.4872
 30
0.0
 10
-63.2137
 20
-4.4872
 30
0.0
 10
-63.2137
 20
-4.4872
 30
0.0
 10
-61.893
 20
-4.4872
 30
0.0
 10
-61.893
 20
-4.4872
 30
0.0
 10
-61.3533
 20
-4.4872
 30
0.0
 10
-60.9158
 20
-4.9244
 30
0.0
 10
-60.9158
 20
-5.4647
 30
0.0
 10
-60.9158
 20
-5.4647
 30
0.0
 10
-60.9158
 20
-9.1593
 30
0.0
 10
-60.9158
 20
-9.1593
 30
0.0
 10
-60.9158
 20
-9.6987
 30
0.0
 10
-61.3533
 20
-10.1366
 30
0.0
 10
-61.893
 20
-10.1366
 30
0.0
  0
ENDSEC
  0
SECTION
  2
OBJECTS
  0
DICTIONARY
  5
C
330
0
100
AcDbDictionary
281
     1
  3
ACAD_DETAILVIEWSTYLE
350
11B
  3
ACAD_GROUP
350
D
  3
ACAD_LAYOUT
350
1A
  3
ACAD_MATERIAL
350
43
  3
ACAD_MLEADERSTYLE
350
5B
  3
ACAD_MLINESTYLE
350
17
  3
ACAD_PLOTSETTINGS
350
19
  3
ACAD_PLOTSTYLENAME
350
E
  3
ACAD_SCALELIST
350
47
  3
ACAD_SECTIONVIEWSTYLE
350
11C
  3
ACAD_TABLESTYLE
350
59
  3
ACAD_VISUALSTYLE
350
2A
  3
ACDB_RECOMPOSE_DATA
350
118
  3
AcDbVariableDictionary
350
114
  0
SUN
  5
5D
330
29
100
AcDbSun
 90
        1
290
     0
 63
     7
421
 16777215
 40
1.0
291
     1
 91
  2455826
 92
 54000000
292
     0
 70
     2
 71
   256
280
     1
  0
DICTIONARY
  5
11B
102
{ACAD_REACTORS
330
C
102
}
330
C
100
AcDbDictionary
281
     1
  0
DICTIONARY
  5
D
102
{ACAD_REACTORS
330
C
102
}
330
C
100
AcDbDictionary
281
     1
  0
DICTIONARY
  5
1A
102
{ACAD_REACTORS
330
C
102
}
330
C
100
AcDbDictionary
281
     1
  3
Layout1
350
1E
  3
Layout2
350
26
  3
Model
350
22
  0
DICTIONARY
  5
43
102
{ACAD_REACTORS
330
C
102
}
330
C
100
AcDbDictionary
281
     1
  3
ByBlock
350
45
  3
ByLayer
350
44
  3
Global
350
46
  0
DICTIONARY
  5
5B
102
{ACAD_REACTORS
330
C
102
}
330
C
100
AcDbDictionary
281
     1
  3
Standard
350
5C
  0
DICTIONARY
  5
17
102
{ACAD_REACTORS
330
C
102
}
330
C
100
AcDbDictionary
281
     1
  3
Standard
350
18
  0
DICTIONARY
  5
19
102
{ACAD_REACTORS
330
C
102
}
330
C
100
AcDbDictionary
281
     1
  0
ACDBDICTIONARYWDFLT
  5
E
102
{ACAD_REACTORS
330
C
102
}
330
C
100
AcDbDictionary
281
     1
  3
Normal
350
F
100
AcDbDictionaryWithDefault
340
F
  0
DICTIONARY
  5
47
102
{ACAD_REACTORS
330
C
102
}
330
C
100
AcDbDictionary
281
     1
  3
A0
350
48
  3
A1
350
49
  3
A2
350
4A
  3
A3
350
4B
  3
A4
350
4C
  3
A5
350
4D
  3
A6
350
4E
  3
A7
350
4F
  3
A8
350
50
  3
A9
350
51
  3
B1
350
52
  3
B2
350
53
  3
B3
350
54
  3
B4
350
55
  3
B5
350
56
  3
B6
350
57
  3
B7
350
58
  0
DICTIONARY
  5
11C
102
{ACAD_REACTORS
330
C
102
}
330
C
100
AcDbDictionary
281
     1
  0
DICTIONARY
  5
59
102
{ACAD_REACTORS
330
C
102
}
330
C
100
AcDbDictionary
281
     1
  3
Standard
350
5A
  0
DICTIONARY
  5
2A
102
{ACAD_REACTORS
330
C
102
}
330
C
100
AcDbDictionary
281
     1
  3
2dWireframe
350
2F
  3
Basic
350
32
  3
Brighten
350
36
  3
ColorChange
350
3A
  3
Conceptual
350
34
  3
Dim
350
35
  3
EdgeColorOff
350
3D
  3
Facepattern
350
39
  3
Flat
350
2B
  3
FlatWithEdges
350
2C
  3
Gouraud
350
2D
  3
GouraudWithEdges
350
2E
  3
Hidden
350
31
  3
JitterOff
350
3B
  3
Linepattern
350
38
  3
OverhangOff
350
3C
  3
Realistic
350
33
  3
Shaded
350
42
  3
Shaded with edges
350
41
  3
Shades of Gray
350
3E
  3
Sketchy
350
3F
  3
Thicken
350
37
  3
Wireframe
350
30
  3
X-Ray
350
40
  0
XRECORD
  5
118
102
{ACAD_REACTORS
330
C
102
}
330
C
100
AcDbXrecord
280
     1
 90
        1
330
5A
  0
DICTIONARY
  5
114
102
{ACAD_REACTORS
330
C
102
}
330
C
100
AcDbDictionary
281
     1
  3
CANNOSCALE
350
115
  3
CMLEADERSTYLE
350
11A
  3
CTABLESTYLE
350
119
  0
LAYOUT
  5
1E
102
{ACAD_REACTORS
330
1A
102
}
330
1A
100
AcDbPlotSettings
  1

  2
none_device
  4

  6

 40
0.0
 41
0.0
 42
0.0
 43
0.0
 44
0.0
 45
0.0
 46
0.0
 47
0.0
 48
0.0
 49
0.0
140
0.0
141
0.0
142
1.0
143
1.0
 70
   688
 72
     0
 73
     0
 74
     5
  7

 75
    16
 76
     0
 77
     2
 78
   300
147
1.0
148
0.0
149
0.0
100
AcDbLayout
  1
Layout1
 70
     1
 71
     1
 10
0.0
 20
0.0
 11
12.0
 21
9.0
 12
0.0
 22
0.0
 32
0.0
 14
1.000000000000000E+20
 24
1.000000000000000E+20
 34
1.000000000000000E+20
 15
-1.000000000000000E+20
 25
-1.000000000000000E+20
 35
-1.000000000000000E+20
146
0.0
 13
0.0
 23
0.0
 33
0.0
 16
1.0
 26
0.0
 36
0.0
 17
0.0
 27
1.0
 37
0.0
 76
     0
330
1B
  0
LAYOUT
  5
26
102
{ACAD_REACTORS
330
1A
102
}
330
1A
100
AcDbPlotSettings
  1

  2
none_device
  4

  6

 40
0.0
 41
0.0
 42
0.0
 43
0.0
 44
0.0
 45
0.0
 46
0.0
 47
0.0
 48
0.0
 49
0.0
140
0.0
141
0.0
142
1.0
143
1.0
 70
   688
 72
     0
 73
     0
 74
     5
  7

 75
    16
 76
     0
 77
     2
 78
   300
147
1.0
148
0.0
149
0.0
100
AcDbLayout
  1
Layout2
 70
     1
 71
     2
 10
0.0
 20
0.0
 11
0.0
 21
0.0
 12
0.0
 22
0.0
 32
0.0
 14
0.0
 24
0.0
 34
0.0
 15
0.0
 25
0.0
 35
0.0
146
0.0
 13
0.0
 23
0.0
 33
0.0
 16
1.0
 26
0.0
 36
0.0
 17
0.0
 27
1.0
 37
0.0
 76
     0
330
23
  0
LAYOUT
  5
22
102
{ACAD_REACTORS
330
1A
102
}
330
1A
100
AcDbPlotSettings
  1

  2
none_device
  4
Letter_(8.50_x_11.00_Inches)
  6

 40
6.35
 41
6.35
 42
6.35000508
 43
6.35000508
 44
215.9
 45
279.4
 46
0.0
 47
0.0
 48
0.0
 49
0.0
140
0.0
141
0.0
142
1.0
143
1.0
 70
  1712
 72
     0
 73
     0
 74
     0
  7

 75
     0
 76
     0
 77
     2
 78
   300
147
1.0
148
0.0
149
0.0
100
AcDbLayout
  1
Model
 70
     1
 71
     0
 10
0.0
 20
0.0
 11
12.0
 21
9.0
 12
0.0
 22
0.0
 32
0.0
 14
-64.8851
 24
-38.4818
 34
0.0
 15
69.7643
 25
31.5182
 35
0.0
146
0.0
 13
0.0
 23
0.0
 33
0.0
 16
1.0
 26
0.0
 36
0.0
 17
0.0
 27
1.0
 37
0.0
 76
     0
330
1F
331
29
  0
MATERIAL
  5
45
102
{ACAD_REACTORS
330
43
102
}
330
43
100
AcDbMaterial
  1
ByBlock
 72
     1
 94
      127
  0
MATERIAL
  5
44
102
{ACAD_REACTORS
330
43
102
}
330
43
100
AcDbMaterial
  1
ByLayer
 72
     1
 94
      127
  0
MATERIAL
  5
46
102
{ACAD_REACTORS
330
43
102
}
330
43
100
AcDbMaterial
  1
Global
 72
     1
 94
      127
  0
MLEADERSTYLE
  5
5C
102
{ACAD_REACTORS
330
5B
102
}
330
5B
100
AcDbMLeaderStyle
179
     2
170
     2
171
     1
172
     0
 90
        2
 40
0.0
 41
0.0
173
     1
 91
-1056964608
340
14
 92
       -2
290
     1
 42
0.09
291
     1
 43
0.36
  3
Standard
341
0
 44
0.18
300

342
11
174
     1
178
     6
175
     1
176
     0
 93
-1056964608
 45
0.18
292
     0
297
     0
 46
0.18
343
0
 94
-1056964608
 47
1.0
 49
1.0
140
1.0
293
     1
141
0.0
294
     1
177
     0
142
1.0
295
     0
296
     0
143
0.125
271
     0
272
     9
273
     9
298
     0
  0
MLINESTYLE
  5
18
102
{ACAD_REACTORS
330
17
102
}
330
17
100
AcDbMlineStyle
  2
Standard
 70
     0
  3

 62
   256
 51
90.0
 52
90.0
 71
     2
 49
0.5
 62
   256
  6
BYLAYER
 49
-0.5
 62
   256
  6
BYLAYER
  0
ACDBPLACEHOLDER
  5
F
102
{ACAD_REACTORS
330
E
102
}
330
E
  0
SCALE
  5
48
102
{ACAD_REACTORS
330
47
102
}
330
47
100
AcDbScale
 70
     0
300
1:1
140
1.0
141
1.0
290
     1
  0
SCALE
  5
49
102
{ACAD_REACTORS
330
47
102
}
330
47
100
AcDbScale
 70
     0
300
1/128" = 1'-0"
140
0.0078125
141
12.0
290
     0
  0
SCALE
  5
4A
102
{ACAD_REACTORS
330
47
102
}
330
47
100
AcDbScale
 70
     0
300
1/64" = 1'-0"
140
0.015625
141
12.0
290
     0
  0
SCALE
  5
4B
102
{ACAD_REACTORS
330
47
102
}
330
47
100
AcDbScale
 70
     0
300
1/32" = 1'-0"
140
0.03125
141
12.0
290
     0
  0
SCALE
  5
4C
102
{ACAD_REACTORS
330
47
102
}
330
47
100
AcDbScale
 70
     0
300
1/16" = 1'-0"
140
0.0625
141
12.0
290
     0
  0
SCALE
  5
4D
102
{ACAD_REACTORS
330
47
102
}
330
47
100
AcDbScale
 70
     0
300
3/32" = 1'-0"
140
0.09375
141
12.0
290
     0
  0
SCALE
  5
4E
102
{ACAD_REACTORS
330
47
102
}
330
47
100
AcDbScale
 70
     0
300
1/8" = 1'-0"
140
0.125
141
12.0
290
     0
  0
SCALE
  5
4F
102
{ACAD_REACTORS
330
47
102
}
330
47
100
AcDbScale
 70
     0
300
3/16" = 1'-0"
140
0.1875
141
12.0
290
     0
  0
SCALE
  5
50
102
{ACAD_REACTORS
330
47
102
}
330
47
100
AcDbScale
 70
     0
300
1/4" = 1'-0"
140
0.25
141
12.0
290
     0
  0
SCALE
  5
51
102
{ACAD_REACTORS
330
47
102
}
330
47
100
AcDbScale
 70
     0
300
3/8" = 1'-0"
140
0.375
141
12.0
290
     0
  0
SCALE
  5
52
102
{ACAD_REACTORS
330
47
102
}
330
47
100
AcDbScale
 70
     0
300
1/2" = 1'-0"
140
0.5
141
12.0
290
     0
  0
SCALE
  5
53
102
{ACAD_REACTORS
330
47
102
}
330
47
100
AcDbScale
 70
     0
300
3/4" = 1'-0"
140
0.75
141
12.0
290
     0
  0
SCALE
  5
54
102
{ACAD_REACTORS
330
47
102
}
330
47
100
AcDbScale
 70
     0
300
1" = 1'-0"
140
1.0
141
12.0
290
     0
  0
SCALE
  5
55
102
{ACAD_REACTORS
330
47
102
}
330
47
100
AcDbScale
 70
     0
300
1-1/2" = 1'-0"
140
1.5
141
12.0
290
     0
  0
SCALE
  5
56
102
{ACAD_REACTORS
330
47
102
}
330
47
100
AcDbScale
 70
     0
300
3" = 1'-0"
140
3.0
141
12.0
290
     0
  0
SCALE
  5
57
102
{ACAD_REACTORS
330
47
102
}
330
47
100
AcDbScale
 70
     0
300
6" = 1'-0"
140
6.0
141
12.0
290
     0
  0
SCALE
  5
58
102
{ACAD_REACTORS
330
47
102
}
330
47
100
AcDbScale
 70
     0
300
1'-0" = 1'-0"
140
12.0
141
12.0
290
     0
  0
TABLESTYLE
  5
5A
102
{ACAD_REACTORS
330
59
102
}
102
{ACAD_XDICTIONARY
360
116
102
}
330
59
100
AcDbTableStyle
  3
Standard
 70
     0
 71
     0
 40
0.06
 41
0.06
280
     0
281
     0
  7
Standard
140
0.18
170
     2
 62
     0
 63
   257
283
     0
 90
        4
 91
        0
  1

274
    -2
284
     1
 64
     0
275
    -2
285
     1
 65
     0
276
    -2
286
     1
 66
     0
277
    -2
287
     1
 67
     0
278
    -2
288
     1
 68
     0
279
    -2
289
     1
 69
     0
  7
Standard
140
0.25
170
     5
 62
     0
 63
   257
283
     0
 90
        4
 91
        0
  1

274
    -2
284
     1
 64
     0
275
    -2
285
     1
 65
     0
276
    -2
286
     1
 66
     0
277
    -2
287
     1
 67
     0
278
    -2
288
     1
 68
     0
279
    -2
289
     1
 69
     0
  7
Standard
140
0.18
170
     5
 62
     0
 63
   257
283
     0
 90
        4
 91
        0
  1

274
    -2
284
     1
 64
     0
275
    -2
285
     1
 65
     0
276
    -2
286
     1
 66
     0
277
    -2
287
     1
 67
     0
278
    -2
288
     1
 68
     0
279
    -2
289
     1
 69
     0
  0
VISUALSTYLE
  5
2F
102
{ACAD_REACTORS
330
2A
102
}
330
2A
100
AcDbVisualStyle
  2
2dWireframe
 70
     4
177
     3
291
     0
 70
    58
 90
        0
176
     1
 90
        2
176
     1
 90
        0
176
     1
 90
        0
176
     1
 40
0.6
176
     1
 40
30.0
176
     1
 62
     7
420
 16777215
176
     1
 90
        1
176
     1
 90
        4
176
     1
 62
     7
176
     1
 62
   257
176
     1
 90
        1
176
     1
 90
        1
176
     1
 40
1.0
176
     1
 90
        0
176
     1
 62
   257
176
     1
 40
1.0
176
     1
 90
        1
176
     1
 90
        6
176
     1
 90
        2
176
     1
 62
     7
176
     1
 90
        5
176
     1
 90
        0
176
     1
 90
        0
176
     1
290
     0
176
     1
 90
        1
176
     1
 40
0.0
176
     1
 90
        0
176
     1
290
     1
176
     1
290
     1
176
     1
290
     0
176
     1
290
     0
176
     1
290
     0
176
     1
290
     0
176
     1
290
     0
176
     1
290
     0
176
     1
290
     0
176
     1
 90
       50
176
     1
 40
0.0
176
     1
 40
1.0
176
     1
 90
        0
176
     1
 62
    18
420
        0
176
     1
 90
       50
176
     1
 90
        3
176
     1
 62
     5
420
      255
176
     1
290
     0
176
     1
 90
       50
176
     1
 90
       50
176
     1
 90
       50
176
     1
290
     0
176
     1
 90
       50
176
     1
 62
   256
176
     0
 40
1.0
176
     0
 90
        2
176
     1
  1
strokes_ogs.tif
176
     1
290
     0
176
     1
 40
1.0
176
     1
 40
1.0
176
     1
  0
VISUALSTYLE
  5
32
102
{ACAD_REACTORS
330
2A
102
}
330
2A
100
AcDbVisualStyle
  2
Basic
 70
     7
177
     3
291
     1
 70
    58
 90
        1
176
     1
 90
        0
176
     1
 90
        1
176
     1
 90
        0
176
     1
 40
0.6
176
     1
 40
30.0
176
     1
 62
     7
420
 16777215
176
     1
 90
        0
176
     1
 90
        4
176
     1
 62
     7
176
     1
 62
   257
176
     1
 90
        1
176
     1
 90
        1
176
     1
 40
1.0
176
     1
 90
        8
176
     1
 62
     7
176
     1
 40
1.0
176
     1
 90
        1
176
     1
 90
        6
176
     1
 90
        2
176
     1
 62
     7
176
     1
 90
        5
176
     1
 90
        0
176
     1
 90
        0
176
     1
290
     0
176
     1
 90
        1
176
     1
 40
0.0
176
     1
 90
        0
176
     1
290
     0
176
     1
290
     1
176
     1
290
     1
176
     1
290
     0
176
     1
290
     0
176
     1
290
     0
176
     1
290
     0
176
     1
290
     0
176
     1
290
     0
176
     1
 90
       50
176
     1
 40
0.0
176
     1
 40
1.0
176
     1
 90
        0
176
     1
 62
    18
420
        0
176
     1
 90
       50
176
     1
 90
        3
176
     1
 62
     5
420
      255
176
     1
290
     0
176
     1
 90
       50
176
     1
 90
       50
176
     1
 90
       50
176
     1
290
     0
176
     1
 90
       50
176
     1
 62
   256
176
     0
 40
1.0
176
     0
 90
        2
176
     1
  1
strokes_ogs.tif
176
     1
290
     0
176
     1
 40
1.0
176
     1
 40
1.0
176
     1
  0
VISUALSTYLE
  5
36
102
{ACAD_REACTORS
330
2A
102
}
330
2A
100
AcDbVisualStyle
  2
Brighten
 70
    12
177
     3
291
     1
 70
    58
 90
        2
176
     1
 90
        2
176
     1
 90
        0
176
     1
 90
        0
176
     1
 40
0.6
176
     1
 40
30.0
176
     1
 62
     7
420
 16777215
176
     1
 90
        1
176
     1
 90
        4
176
     1
 62
     7
176
     1
 62
   257
176
     1
 90
        1
176
     1
 90
        1
176
     1
 40
1.0
176
     1
 90
        8
176
     1
 62
     7
176
     1
 40
1.0
176
     1
 90
        1
176
     1
 90
        6
176
     1
 90
        2
176
     1
 62
     7
176
     1
 90
        5
176
     1
 90
        0
176
     1
 90
        0
176
     1
290
     0
176
     1
 90
        1
176
     1
 40
50.0
176
     1
 90
        0
176
     1
290
     0
176
     1
290
     1
176
     1
290
     1
176
     1
290
     0
176
     1
290
     0
176
     1
290
     0
176
     1
290
     0
176
     1
290
     0
176
     1
290
     0
176
     1
 90
       50
176
     1
 40
0.0
176
     1
 40
1.0
176
     1
 90
        0
176
     1
 62
    18
420
        0
176
     1
 90
       50
176
     1
 90
        3
176
     1
 62
     5
420
      255
176
     1
290
     0
176
     1
 90
       50
176
     1
 90
       50
176
     1
 90
       50
176
     1
290
     0
176
     1
 90
       50
176
     1
 62
   256
176
     0
 40
1.0
176
     0
 90
        2
176
     1
  1
strokes_ogs.tif
176
     1
290
     0
176
     1
 40
1.0
176
     1
 40
1.0
176
     1
  0
VISUALSTYLE
  5
3A
102
{ACAD_REACTORS
330
2A
102
}
330
2A
100
AcDbVisualStyle
  2
ColorChange
 70
    16
177
     3
291
     1
 70
    58
 90
        2
176
     1
 90
        2
176
     1
 90
        3
176
     1
 90
        0
176
     1
 40
0.6
176
     1
 40
30.0
176
     1
 62
     8
420
  8421504
176
     1
 90
        1
176
     1
 90
        4
176
     1
 62
     7
176
     1
 62
   257
176
     1
 90
        1
176
     1
 90
        1
176
     1
 40
1.0
176
     1
 90
        8
176
     1
 62
     8
420
  8421504
176
     1
 40
1.0
176
     1
 90
        1
176
     1
 90
        6
176
     1
 90
        2
176
     1
 62
     7
176
     1
 90
        5
176
     1
 90
        0
176
     1
 90
        0
176
     1
290
     0
176
     1
 90
        1
176
     1
 40
0.0
176
     1
 90
        0
176
     1
290
     0
176
     1
290
     1
176
     1
290
     1
176
     1
290
     0
176
     1
290
     0
176
     1
290
     0
176
     1
290
     0
176
     1
290
     0
176
     1
290
     0
176
     1
 90
       50
176
     1
 40
0.0
176
     1
 40
1.0
176
     1
 90
        0
176
     1
 62
    18
420
        0
176
     1
 90
       50
176
     1
 90
        3
176
     1
 62
     5
420
      255
176
     1
290
     0
176
     1
 90
       50
176
     1
 90
       50
176
     1
 90
       50
176
     1
290
     0
176
     1
 90
       50
176
     1
 62
   256
176
     0
 40
1.0
176
     0
 90
        2
176
     1
  1
strokes_ogs.tif
176
     1
290
     0
176
     1
 40
1.0
176
     1
 40
1.0
176
     1
  0
VISUALSTYLE
  5
34
102
{ACAD_REACTORS
330
2A
102
}
330
2A
100
AcDbVisualStyle
  2
Conceptual
 70
     9
177
     3
291
     0
 70
    58
 90
        3
176
     1
 90
        2
176
     1
 90
        0
176
     1
 90
        0
176
     1
 40
0.6
176
     1
 40
30.0
176
     1
 62
     7
420
 16777215
176
     1
 90
        2
176
     1
 90
        2
176
     1
 62
     7
176
     1
 62
   257
176
     1
 90
        1
176
     1
 90
        1
176
     1
 40
179.0
176
     1
 90
        8
176
     1
 62
     7
176
     1
 40
1.0
176
     1
 90
        1
176
     1
 90
        6
176
     1
 90
        2
176
     1
 62
     7
176
     1
 90
        3
176
     1
 90
        0
176
     1
 90
        0
176
     1
290
     0
176
     1
 90
        1
176
     1
 40
0.0
176
     1
 90
        0
176
     1
290
     0
176
     1
290
     1
176
     1
290
     1
176
     1
290
     0
176
     1
290
     0
176
     1
290
     0
176
     1
290
     0
176
     1
290
     0
176
     1
290
     0
176
     1
 90
       50
176
     1
 40
0.0
176
     1
 40
1.0
176
     1
 90
        0
176
     1
 62
    18
420
        0
176
     1
 90
       50
176
     1
 90
        3
176
     1
 62
     5
420
      255
176
     1
290
     0
176
     1
 90
       50
176
     1
 90
       50
176
     1
 90
       50
176
     1
290
     0
176
     1
 90
       50
176
     1
 62
   256
176
     0
 40
1.0
176
     0
 90
        2
176
     1
  1
strokes_ogs.tif
176
     1
290
     0
176
     1
 40
1.0
176
     1
 40
1.0
176
     1
  0
VISUALSTYLE
  5
35
102
{ACAD_REACTORS
330
2A
102
}
330
2A
100
AcDbVisualStyle
  2
Dim
 70
    11
177
     3
291
     1
 70
    58
 90
        2
176
     1
 90
        2
176
     1
 90
        0
176
     1
 90
        0
176
     1
 40
0.6
176
     1
 40
30.0
176
     1
 62
     7
420
 16777215
176
     1
 90
        1
176
     1
 90
        4
176
     1
 62
     7
176
     1
 62
   257
176
     1
 90
        1
176
     1
 90
        1
176
     1
 40
1.0
176
     1
 90
        8
176
     1
 62
     7
176
     1
 40
1.0
176
     1
 90
        1
176
     1
 90
        6
176
     1
 90
        2
176
     1
 62
     7
176
     1
 90
        5
176
     1
 90
        0
176
     1
 90
        0
176
     1
290
     0
176
     1
 90
        1
176
     1
 40
-50.0
176
     1
 90
        0
176
     1
290
     0
176
     1
290
     1
176
     1
290
     1
176
     1
290
     0
176
     1
290
     0
176
     1
290
     0
176
     1
290
     0
176
     1
290
     0
176
     1
290
     0
176
     1
 90
       50
176
     1
 40
0.0
176
     1
 40
1.0
176
     1
 90
        0
176
     1
 62
    18
420
        0
176
     1
 90
       50
176
     1
 90
        3
176
     1
 62
     5
420
      255
176
     1
290
     0
176
     1
 90
       50
176
     1
 90
       50
176
     1
 90
       50
176
     1
290
     0
176
     1
 90
       50
176
     1
 62
   256
176
     0
 40
1.0
176
     0
 90
        2
176
     1
  1
strokes_ogs.tif
176
     1
290
     0
176
     1
 40
1.0
176
     1
 40
1.0
176
     1
  0
VISUALSTYLE
  5
3D
102
{ACAD_REACTORS
330
2A
102
}
330
2A
100
AcDbVisualStyle
  2
EdgeColorOff
 70
    22
177
     3
291
     1
 70
    58
 90
        2
176
     0
 90
        2
176
     0
 90
        0
176
     0
 90
        0
176
     0
 40
0.6
176
     0
 40
30.0
176
     0
 62
     7
420
 16777215
176
     0
 90
        1
176
     0
 90
        4
176
     0
 62
     7
176
     0
 62
   257
176
     0
 90
        1
176
     0
 90
        1
176
     0
 40
1.0
176
     0
 90
        8
176
     2
 62
     7
176
     0
 40
1.0
176
     0
 90
        1
176
     0
 90
        6
176
     0
 90
        2
176
     0
 62
     7
176
     0
 90
        5
176
     0
 90
        0
176
     0
 90
        0
176
     0
290
     0
176
     0
 90
        1
176
     0
 40
0.0
176
     0
 90
        0
176
     0
290
     0
176
     0
290
     1
176
     0
290
     1
176
     0
290
     0
176
     0
290
     0
176
     0
290
     0
176
     0
290
     0
176
     0
290
     0
176
     0
290
     0
176
     0
 90
       50
176
     0
 40
0.0
176
     0
 40
1.0
176
     0
 90
        0
176
     0
 62
    18
420
        0
176
     0
 90
       50
176
     0
 90
        3
176
     0
 62
     5
420
      255
176
     0
290
     0
176
     0
 90
       50
176
     0
 90
       50
176
     0
 90
       50
176
     0
290
     0
176
     0
 90
       50
176
     0
 62
   256
176
     0
 40
1.0
176
     0
 90
        2
176
     0
  1
strokes_ogs.tif
176
     0
290
     0
176
     0
 40
1.0
176
     0
 40
1.0
176
     0
  0
VISUALSTYLE
  5
39
102
{ACAD_REACTORS
330
2A
102
}
330
2A
100
AcDbVisualStyle
  2
Facepattern
 70
    15
177
     3
291
     1
 70
    58
 90
        2
176
     1
 90
        2
176
     1
 90
        0
176
     1
 90
        0
176
     1
 40
0.6
176
     1
 40
30.0
176
     1
 62
     7
420
 16777215
176
     1
 90
        1
176
     1
 90
        4
176
     1
 62
     7
176
     1
 62
   257
176
     1
 90
        1
176
     1
 90
        1
176
     1
 40
1.0
176
     1
 90
        8
176
     1
 62
     7
176
     1
 40
1.0
176
     1
 90
        1
176
     1
 90
        6
176
     1
 90
        2
176
     1
 62
     7
176
     1
 90
        5
176
     1
 90
        0
176
     1
 90
        0
176
     1
290
     0
176
     1
 90
        1
176
     1
 40
0.0
176
     1
 90
        0
176
     1
290
     0
176
     1
290
     1
176
     1
290
     1
176
     1
290
     0
176
     1
290
     0
176
     1
290
     0
176
     1
290
     0
176
     1
290
     0
176
     1
290
     0
176
     1
 90
       50
176
     1
 40
0.0
176
     1
 40
1.0
176
     1
 90
        0
176
     1
 62
    18
420
        0
176
     1
 90
       50
176
     1
 90
        3
176
     1
 62
     5
420
      255
176
     1
290
     0
176
     1
 90
       50
176
     1
 90
       50
176
     1
 90
       50
176
     1
290
     0
176
     1
 90
       50
176
     1
 62
   256
176
     0
 40
1.0
176
     0
 90
        2
176
     1
  1
strokes_ogs.tif
176
     1
290
     0
176
     1
 40
1.0
176
     1
 40
1.0
176
     1
  0
VISUALSTYLE
  5
2B
102
{ACAD_REACTORS
330
2A
102
}
330
2A
100
AcDbVisualStyle
  2
Flat
 70
     0
177
     3
291
     1
 70
    58
 90
        2
176
     1
 90
        1
176
     1
 90
        1
176
     1
 90
        2
176
     1
 40
0.6
176
     1
 40
30.0
176
     1
 62
     7
420
 16777215
176
     1
 90
        0
176
     1
 90
        0
176
     1
 62
     7
176
     1
 62
   257
176
     1
 90
        1
176
     1
 90
        1
176
     1
 40
1.0
176
     1
 90
        8
176
     1
 62
     7
176
     1
 40
1.0
176
     1
 90
        1
176
     1
 90
        6
176
     1
 90
        2
176
     1
 62
     7
176
     1
 90
        5
176
     1
 90
        0
176
     1
 90
        0
176
     1
290
     0
176
     1
 90
       13
176
     1
 40
0.0
176
     1
 90
        0
176
     1
290
     0
176
     1
290
     1
176
     1
290
     1
176
     1
290
     0
176
     1
290
     0
176
     1
290
     0
176
     1
290
     0
176
     1
290
     0
176
     1
290
     0
176
     1
 90
       50
176
     1
 40
0.0
176
     1
 40
1.0
176
     1
 90
        0
176
     1
 62
    18
420
        0
176
     1
 90
       50
176
     1
 90
        3
176
     1
 62
     5
420
      255
176
     1
290
     0
176
     1
 90
       50
176
     1
 90
       50
176
     1
 90
       50
176
     1
290
     0
176
     1
 90
       50
176
     1
 62
   256
176
     0
 40
1.0
176
     0
 90
        2
176
     1
  1
strokes_ogs.tif
176
     1
290
     0
176
     1
 40
1.0
176
     1
 40
1.0
176
     1
  0
VISUALSTYLE
  5
2C
102
{ACAD_REACTORS
330
2A
102
}
330
2A
100
AcDbVisualStyle
  2
FlatWithEdges
 70
     1
177
     3
291
     1
 70
    58
 90
        2
176
     1
 90
        1
176
     1
 90
        1
176
     1
 90
        2
176
     1
 40
0.6
176
     1
 40
30.0
176
     1
 62
     7
420
 16777215
176
     1
 90
        1
176
     1
 90
        0
176
     1
 62
     7
176
     1
 62
   257
176
     1
 90
        1
176
     1
 90
        1
176
     1
 40
1.0
176
     1
 90
        0
176
     1
 62
   257
176
     1
 40
1.0
176
     1
 90
        1
176
     1
 90
        6
176
     1
 90
        2
176
     1
 62
     7
176
     1
 90
        5
176
     1
 90
        0
176
     1
 90
        0
176
     1
290
     0
176
     1
 90
       13
176
     1
 40
0.0
176
     1
 90
        0
176
     1
290
     0
176
     1
290
     1
176
     1
290
     1
176
     1
290
     0
176
     1
290
     0
176
     1
290
     0
176
     1
290
     0
176
     1
290
     0
176
     1
290
     0
176
     1
 90
       50
176
     1
 40
0.0
176
     1
 40
1.0
176
     1
 90
        0
176
     1
 62
    18
420
        0
176
     1
 90
       50
176
     1
 90
        3
176
     1
 62
     5
420
      255
176
     1
290
     0
176
     1
 90
       50
176
     1
 90
       50
176
     1
 90
       50
176
     1
290
     0
176
     1
 90
       50
176
     1
 62
   256
176
     0
 40
1.0
176
     0
 90
        2
176
     1
  1
strokes_ogs.tif
176
     1
290
     0
176
     1
 40
1.0
176
     1
 40
1.0
176
     1
  0
VISUALSTYLE
  5
2D
102
{ACAD_REACTORS
330
2A
102
}
330
2A
100
AcDbVisualStyle
  2
Gouraud
 70
     2
177
     3
291
     1
 70
    58
 90
        2
176
     1
 90
        2
176
     1
 90
        1
176
     1
 90
        2
176
     1
 40
0.6
176
     1
 40
30.0
176
     1
 62
     7
420
 16777215
176
     1
 90
        0
176
     1
 90
        0
176
     1
 62
     7
176
     1
 62
   257
176
     1
 90
        1
176
     1
 90
        1
176
     1
 40
1.0
176
     1
 90
        0
176
     1
 62
     7
176
     1
 40
1.0
176
     1
 90
        1
176
     1
 90
        6
176
     1
 90
        2
176
     1
 62
     7
176
     1
 90
        5
176
     1
 90
        0
176
     1
 90
        0
176
     1
290
     0
176
     1
 90
       13
176
     1
 40
0.0
176
     1
 90
        0
176
     1
290
     0
176
     1
290
     1
176
     1
290
     1
176
     1
290
     0
176
     1
290
     0
176
     1
290
     0
176
     1
290
     0
176
     1
290
     0
176
     1
290
     0
176
     1
 90
       50
176
     1
 40
0.0
176
     1
 40
1.0
176
     1
 90
        0
176
     1
 62
    18
420
        0
176
     1
 90
       50
176
     1
 90
        3
176
     1
 62
     5
420
      255
176
     1
290
     0
176
     1
 90
       50
176
     1
 90
       50
176
     1
 90
       50
176
     1
290
     0
176
     1
 90
       50
176
     1
 62
   256
176
     0
 40
1.0
176
     0
 90
        2
176
     1
  1
strokes_ogs.tif
176
     1
290
     0
176
     1
 40
1.0
176
     1
 40
1.0
176
     1
  0
VISUALSTYLE
  5
2E
102
{ACAD_REACTORS
330
2A
102
}
330
2A
100
AcDbVisualStyle
  2
GouraudWithEdges
 70
     3
177
     3
291
     1
 70
    58
 90
        2
176
     1
 90
        2
176
     1
 90
        1
176
     1
 90
        2
176
     1
 40
0.6
176
     1
 40
30.0
176
     1
 62
     7
420
 16777215
176
     1
 90
        1
176
     1
 90
        0
176
     1
 62
     7
176
     1
 62
   257
176
     1
 90
        1
176
     1
 90
        1
176
     1
 40
1.0
176
     1
 90
        0
176
     1
 62
   257
176
     1
 40
1.0
176
     1
 90
        1
176
     1
 90
        6
176
     1
 90
        2
176
     1
 62
     7
176
     1
 90
        5
176
     1
 90
        0
176
     1
 90
        0
176
     1
290
     0
176
     1
 90
       13
176
     1
 40
0.0
176
     1
 90
        0
176
     1
290
     0
176
     1
290
     1
176
     1
290
     1
176
     1
290
     0
176
     1
290
     0
176
     1
290
     0
176
     1
290
     0
176
     1
290
     0
176
     1
290
     0
176
     1
 90
       50
176
     1
 40
0.0
176
     1
 40
1.0
176
     1
 90
        0
176
     1
 62
    18
420
        0
176
     1
 90
       50
176
     1
 90
        3
176
     1
 62
     5
420
      255
176
     1
290
     0
176
     1
 90
       50
176
     1
 90
       50
176
     1
 90
       50
176
     1
290
     0
176
     1
 90
       50
176
     1
 62
   256
176
     0
 40
1.0
176
     0
 90
        2
176
     1
  1
strokes_ogs.tif
176
     1
290
     0
176
     1
 40
1.0
176
     1
 40
1.0
176
     1
  0
VISUALSTYLE
  5
31
102
{ACAD_REACTORS
330
2A
102
}
330
2A
100
AcDbVisualStyle
  2
Hidden
 70
     6
177
     3
291
     0
 70
    58
 90
        1
176
     1
 90
        2
176
     1
 90
        2
176
     1
 90
        0
176
     1
 40
0.6
176
     1
 40
30.0
176
     1
 62
     7
420
 16777215
176
     1
 90
        2
176
     1
 90
        2
176
     1
 62
     7
176
     1
 62
   257
176
     1
 90
        2
176
     1
 90
        1
176
     1
 40
40.0
176
     1
 90
        0
176
     1
 62
   257
176
     1
 40
1.0
176
     1
 90
        1
176
     1
 90
        6
176
     1
 90
        2
176
     1
 62
     7
176
     1
 90
        3
176
     1
 90
        0
176
     1
 90
        0
176
     1
290
     0
176
     1
 90
        1
176
     1
 40
0.0
176
     1
 90
        0
176
     1
290
     0
176
     1
290
     1
176
     1
290
     1
176
     1
290
     0
176
     1
290
     0
176
     1
290
     0
176
     1
290
     0
176
     1
290
     0
176
     1
290
     0
176
     1
 90
       50
176
     1
 40
0.0
176
     1
 40
1.0
176
     1
 90
        0
176
     1
 62
    18
420
        0
176
     1
 90
       50
176
     1
 90
        3
176
     1
 62
     5
420
      255
176
     1
290
     0
176
     1
 90
       50
176
     1
 90
       50
176
     1
 90
       50
176
     1
290
     0
176
     1
 90
       50
176
     1
 62
   256
176
     0
 40
1.0
176
     0
 90
        2
176
     1
  1
strokes_ogs.tif
176
     1
290
     0
176
     1
 40
1.0
176
     1
 40
1.0
176
     1
  0
VISUALSTYLE
  5
3B
102
{ACAD_REACTORS
330
2A
102
}
330
2A
100
AcDbVisualStyle
  2
JitterOff
 70
    20
177
     3
291
     1
 70
    58
 90
        2
176
     0
 90
        2
176
     0
 90
        0
176
     0
 90
        0
176
     0
 40
0.6
176
     0
 40
30.0
176
     0
 62
     7
420
 16777215
176
     0
 90
        1
176
     0
 90
        4
176
     0
 62
     7
176
     0
 62
   257
176
     0
 90
        1
176
     0
 90
        1
176
     0
 40
1.0
176
     0
 90
       10
176
     2
 62
     7
176
     0
 40
1.0
176
     0
 90
        1
176
     0
 90
        6
176
     0
 90
        2
176
     0
 62
     7
176
     0
 90
        5
176
     0
 90
        0
176
     0
 90
        0
176
     0
290
     0
176
     0
 90
        1
176
     0
 40
0.0
176
     0
 90
        0
176
     0
290
     0
176
     0
290
     1
176
     0
290
     1
176
     0
290
     0
176
     0
290
     0
176
     0
290
     0
176
     0
290
     0
176
     0
290
     0
176
     0
290
     0
176
     0
 90
       50
176
     0
 40
0.0
176
     0
 40
1.0
176
     0
 90
        0
176
     0
 62
    18
420
        0
176
     0
 90
       50
176
     0
 90
        3
176
     0
 62
     5
420
      255
176
     0
290
     0
176
     0
 90
       50
176
     0
 90
       50
176
     0
 90
       50
176
     0
290
     0
176
     0
 90
       50
176
     0
 62
   256
176
     0
 40
1.0
176
     0
 90
        2
176
     0
  1
strokes_ogs.tif
176
     0
290
     0
176
     0
 40
1.0
176
     0
 40
1.0
176
     0
  0
VISUALSTYLE
  5
38
102
{ACAD_REACTORS
330
2A
102
}
330
2A
100
AcDbVisualStyle
  2
Linepattern
 70
    14
177
     3
291
     1
 70
    58
 90
        2
176
     1
 90
        2
176
     1
 90
        0
176
     1
 90
        0
176
     1
 40
0.6
176
     1
 40
30.0
176
     1
 62
     7
420
 16777215
176
     1
 90
        1
176
     1
 90
        4
176
     1
 62
     7
176
     1
 62
   257
176
     1
 90
        7
176
     1
 90
        7
176
     1
 40
1.0
176
     1
 90
        8
176
     1
 62
     7
176
     1
 40
1.0
176
     1
 90
        1
176
     1
 90
        6
176
     1
 90
        2
176
     1
 62
     7
176
     1
 90
        5
176
     1
 90
        0
176
     1
 90
        0
176
     1
290
     0
176
     1
 90
        1
176
     1
 40
0.0
176
     1
 90
        0
176
     1
290
     0
176
     1
290
     1
176
     1
290
     1
176
     1
290
     0
176
     1
290
     0
176
     1
290
     0
176
     1
290
     0
176
     1
290
     0
176
     1
290
     0
176
     1
 90
       50
176
     1
 40
0.0
176
     1
 40
1.0
176
     1
 90
        0
176
     1
 62
    18
420
        0
176
     1
 90
       50
176
     1
 90
        3
176
     1
 62
     5
420
      255
176
     1
290
     0
176
     1
 90
       50
176
     1
 90
       50
176
     1
 90
       50
176
     1
290
     0
176
     1
 90
       50
176
     1
 62
   256
176
     0
 40
1.0
176
     0
 90
        2
176
     1
  1
strokes_ogs.tif
176
     1
290
     0
176
     1
 40
1.0
176
     1
 40
1.0
176
     1
  0
VISUALSTYLE
  5
3C
102
{ACAD_REACTORS
330
2A
102
}
330
2A
100
AcDbVisualStyle
  2
OverhangOff
 70
    21
177
     3
291
     1
 70
    58
 90
        2
176
     0
 90
        2
176
     0
 90
        0
176
     0
 90
        0
176
     0
 40
0.6
176
     0
 40
30.0
176
     0
 62
     7
420
 16777215
176
     0
 90
        1
176
     0
 90
        4
176
     0
 62
     7
176
     0
 62
   257
176
     0
 90
        1
176
     0
 90
        1
176
     0
 40
1.0
176
     0
 90
        9
176
     2
 62
     7
176
     0
 40
1.0
176
     0
 90
        1
176
     0
 90
        6
176
     0
 90
        2
176
     0
 62
     7
176
     0
 90
        5
176
     0
 90
        0
176
     0
 90
        0
176
     0
290
     0
176
     0
 90
        1
176
     0
 40
0.0
176
     0
 90
        0
176
     0
290
     0
176
     0
290
     1
176
     0
290
     1
176
     0
290
     0
176
     0
290
     0
176
     0
290
     0
176
     0
290
     0
176
     0
290
     0
176
     0
290
     0
176
     0
 90
       50
176
     0
 40
0.0
176
     0
 40
1.0
176
     0
 90
        0
176
     0
 62
    18
420
        0
176
     0
 90
       50
176
     0
 90
        3
176
     0
 62
     5
420
      255
176
     0
290
     0
176
     0
 90
       50
176
     0
 90
       50
176
     0
 90
       50
176
     0
290
     0
176
     0
 90
       50
176
     0
 62
   256
176
     0
 40
1.0
176
     0
 90
        2
176
     0
  1
strokes_ogs.tif
176
     0
290
     0
176
     0
 40
1.0
176
     0
 40
1.0
176
     0
  0
VISUALSTYLE
  5
33
102
{ACAD_REACTORS
330
2A
102
}
330
2A
100
AcDbVisualStyle
  2
Realistic
 70
     8
177
     3
291
     0
 70
    58
 90
        2
176
     1
 90
        3
176
     1
 90
        0
176
     1
 90
        2
176
     1
 40
0.6
176
     1
 40
30.0
176
     1
 62
     7
420
 16777215
176
     1
 90
        0
176
     1
 90
        0
176
     1
 62
     7
176
     1
 62
   257
176
     1
 90
        1
176
     1
 90
        1
176
     1
 40
1.0
176
     1
 90
        8
176
     1
 62
   257
176
     1
 40
1.0
176
     1
 90
        1
176
     1
 90
        6
176
     1
 90
        2
176
     1
 62
     7
176
     1
 90
        3
176
     1
 90
        0
176
     1
 90
        0
176
     1
290
     0
176
     1
 90
       13
176
     1
 40
0.0
176
     1
 90
        0
176
     1
290
     0
176
     1
290
     1
176
     1
290
     1
176
     1
290
     0
176
     1
290
     0
176
     1
290
     0
176
     1
290
     0
176
     1
290
     0
176
     1
290
     0
176
     1
 90
       50
176
     1
 40
0.0
176
     1
 40
1.0
176
     1
 90
        0
176
     1
 62
    18
420
        0
176
     1
 90
       50
176
     1
 90
        3
176
     1
 62
     5
420
      255
176
     1
290
     0
176
     1
 90
       50
176
     1
 90
       50
176
     1
 90
       50
176
     1
290
     0
176
     1
 90
       50
176
     1
 62
   256
176
     0
 40
1.0
176
     0
 90
        2
176
     1
  1
strokes_ogs.tif
176
     1
290
     0
176
     1
 40
1.0
176
     1
 40
1.0
176
     1
  0
VISUALSTYLE
  5
42
102
{ACAD_REACTORS
330
2A
102
}
330
2A
100
AcDbVisualStyle
  2
Shaded
 70
    27
177
     3
291
     0
 70
    58
 90
        2
176
     1
 90
        2
176
     1
 90
        1
176
     1
 90
        2
176
     1
 40
0.6
176
     1
 40
30.0
176
     1
 62
     7
420
 16777215
176
     1
 90
        0
176
     1
 90
        4
176
     1
 62
     7
176
     1
 62
   257
176
     1
 90
        1
176
     1
 90
        1
176
     1
 40
1.0
176
     1
 90
        8
176
     1
 62
   257
176
     1
 40
1.0
176
     1
 90
        1
176
     1
 90
        6
176
     1
 90
        2
176
     1
 62
     8
420
  7895160
176
     1
 90
        3
176
     1
 90
        0
176
     1
 90
        0
176
     1
290
     0
176
     1
 90
        5
176
     1
 40
0.0
176
     1
 90
        0
176
     1
290
     0
176
     1
290
     1
176
     1
290
     1
176
     1
290
     0
176
     1
290
     0
176
     1
290
     0
176
     1
290
     0
176
     1
290
     0
176
     1
290
     0
176
     1
 90
       50
176
     1
 40
0.0
176
     1
 40
1.0
176
     1
 90
        0
176
     1
 62
    18
420
        0
176
     1
 90
       50
176
     1
 90
        3
176
     1
 62
     5
420
      255
176
     1
290
     0
176
     1
 90
       50
176
     1
 90
       50
176
     1
 90
       50
176
     1
290
     0
176
     1
 90
       50
176
     1
 62
   256
176
     0
 40
1.0
176
     0
 90
        2
176
     1
  1
strokes_ogs.tif
176
     1
290
     0
176
     1
 40
1.0
176
     1
 40
1.0
176
     1
  0
VISUALSTYLE
  5
41
102
{ACAD_REACTORS
330
2A
102
}
330
2A
100
AcDbVisualStyle
  2
Shaded with edges
 70
    26
177
     3
291
     0
 70
    58
 90
        2
176
     1
 90
        2
176
     1
 90
        1
176
     1
 90
        2
176
     1
 40
0.6
176
     1
 40
30.0
176
     1
 62
     7
420
 16777215
176
     1
 90
        1
176
     1
 90
       10
176
     1
 62
     7
176
     1
 62
   257
176
     1
 90
        2
176
     1
 90
        1
176
     1
 40
1.0
176
     1
 90
        8
176
     1
 62
   257
176
     1
 40
1.0
176
     1
 90
        1
176
     1
 90
        6
176
     1
 90
        2
176
     1
 62
     7
176
     1
 90
        3
176
     1
 90
        0
176
     1
 90
        0
176
     1
290
     0
176
     1
 90
        5
176
     1
 40
0.0
176
     1
 90
        0
176
     1
290
     0
176
     1
290
     1
176
     1
290
     1
176
     1
290
     0
176
     1
290
     0
176
     1
290
     0
176
     1
290
     0
176
     1
290
     0
176
     1
290
     0
176
     1
 90
       50
176
     1
 40
0.0
176
     1
 40
1.0
176
     1
 90
        0
176
     1
 62
    18
420
        0
176
     1
 90
       50
176
     1
 90
        3
176
     1
 62
     5
420
      255
176
     1
290
     0
176
     1
 90
       50
176
     1
 90
       50
176
     1
 90
       50
176
     1
290
     0
176
     1
 90
       50
176
     1
 62
   256
176
     0
 40
1.0
176
     0
 90
        2
176
     1
  1
strokes_ogs.tif
176
     1
290
     0
176
     1
 40
1.0
176
     1
 40
1.0
176
     1
  0
VISUALSTYLE
  5
3E
102
{ACAD_REACTORS
330
2A
102
}
330
2A
100
AcDbVisualStyle
  2
Shades of Gray
 70
    23
177
     3
291
     0
 70
    58
 90
        2
176
     1
 90
        2
176
     1
 90
        3
176
     1
 90
        0
176
     1
 40
0.6
176
     1
 40
30.0
176
     1
 62
     7
420
 16777215
176
     1
 90
        2
176
     1
 90
        2
176
     1
 62
     7
176
     1
 62
     7
176
     1
 90
        1
176
     1
 90
        1
176
     1
 40
40.0
176
     1
 90
        8
176
     1
 62
     7
176
     1
 40
1.0
176
     1
 90
        1
176
     1
 90
        6
176
     1
 90
        2
176
     1
 62
     7
176
     1
 90
        3
176
     1
 90
        0
176
     1
 90
        0
176
     1
290
     0
176
     1
 90
        1
176
     1
 40
0.0
176
     1
 90
        0
176
     1
290
     0
176
     1
290
     1
176
     1
290
     1
176
     1
290
     0
176
     1
290
     0
176
     1
290
     0
176
     1
290
     0
176
     1
290
     0
176
     1
290
     0
176
     1
 90
       50
176
     1
 40
0.0
176
     1
 40
1.0
176
     1
 90
        0
176
     1
 62
    18
420
        0
176
     1
 90
       50
176
     1
 90
        3
176
     1
 62
     5
420
      255
176
     1
290
     0
176
     1
 90
       50
176
     1
 90
       50
176
     1
 90
       50
176
     1
290
     0
176
     1
 90
       50
176
     1
 62
   256
176
     0
 40
1.0
176
     0
 90
        2
176
     1
  1
strokes_ogs.tif
176
     1
290
     0
176
     1
 40
1.0
176
     1
 40
1.0
176
     1
  0
VISUALSTYLE
  5
3F
102
{ACAD_REACTORS
330
2A
102
}
330
2A
100
AcDbVisualStyle
  2
Sketchy
 70
    24
177
     3
291
     0
 70
    58
 90
        1
176
     1
 90
        2
176
     1
 90
        2
176
     1
 90
        0
176
     1
 40
0.6
176
     1
 40
30.0
176
     1
 62
     7
420
 16777215
176
     1
 90
        2
176
     1
 90
        2
176
     1
 62
     7
176
     1
 62
     7
176
     1
 90
        1
176
     1
 90
        1
176
     1
 40
40.0
176
     1
 90
       11
176
     1
 62
     7
176
     1
 40
1.0
176
     1
 90
        1
176
     1
 90
        6
176
     1
 90
        2
176
     1
 62
     7
176
     1
 90
        6
176
     1
 90
        0
176
     1
 90
        0
176
     1
290
     0
176
     1
 90
        1
176
     1
 40
0.0
176
     1
 90
        0
176
     1
290
     0
176
     1
290
     1
176
     1
290
     1
176
     1
290
     0
176
     1
290
     0
176
     1
290
     0
176
     1
290
     0
176
     1
290
     0
176
     1
290
     0
176
     1
 90
       50
176
     1
 40
0.0
176
     1
 40
1.0
176
     1
 90
        0
176
     1
 62
    18
420
        0
176
     1
 90
       50
176
     1
 90
        3
176
     1
 62
     5
420
      255
176
     1
290
     0
176
     1
 90
       50
176
     1
 90
       50
176
     1
 90
       50
176
     1
290
     0
176
     1
 90
       50
176
     1
 62
   256
176
     0
 40
1.0
176
     0
 90
        2
176
     1
  1
strokes_ogs.tif
176
     1
290
     0
176
     1
 40
1.0
176
     1
 40
1.0
176
     1
  0
VISUALSTYLE
  5
37
102
{ACAD_REACTORS
330
2A
102
}
330
2A
100
AcDbVisualStyle
  2
Thicken
 70
    13
177
     3
291
     1
 70
    58
 90
        2
176
     1
 90
        2
176
     1
 90
        0
176
     1
 90
        0
176
     1
 40
0.6
176
     1
 40
30.0
176
     1
 62
     7
420
 16777215
176
     1
 90
        1
176
     1
 90
        4
176
     1
 62
     7
176
     1
 62
   257
176
     1
 90
        1
176
     1
 90
        1
176
     1
 40
1.0
176
     1
 90
       12
176
     1
 62
     7
176
     1
 40
1.0
176
     1
 90
        1
176
     1
 90
        6
176
     1
 90
        2
176
     1
 62
     7
176
     1
 90
        5
176
     1
 90
        0
176
     1
 90
        0
176
     1
290
     0
176
     1
 90
        1
176
     1
 40
0.0
176
     1
 90
        0
176
     1
290
     0
176
     1
290
     1
176
     1
290
     1
176
     1
290
     0
176
     1
290
     0
176
     1
290
     0
176
     1
290
     0
176
     1
290
     0
176
     1
290
     0
176
     1
 90
       50
176
     1
 40
0.0
176
     1
 40
1.0
176
     1
 90
        0
176
     1
 62
    18
420
        0
176
     1
 90
       50
176
     1
 90
        3
176
     1
 62
     5
420
      255
176
     1
290
     0
176
     1
 90
       50
176
     1
 90
       50
176
     1
 90
       50
176
     1
290
     0
176
     1
 90
       50
176
     1
 62
   256
176
     0
 40
1.0
176
     0
 90
        2
176
     1
  1
strokes_ogs.tif
176
     1
290
     0
176
     1
 40
1.0
176
     1
 40
1.0
176
     1
  0
VISUALSTYLE
  5
30
102
{ACAD_REACTORS
330
2A
102
}
330
2A
100
AcDbVisualStyle
  2
Wireframe
 70
     5
177
     3
291
     0
 70
    58
 90
        0
176
     1
 90
        2
176
     1
 90
        0
176
     1
 90
        0
176
     1
 40
0.6
176
     1
 40
30.0
176
     1
 62
     7
420
 16777215
176
     1
 90
        1
176
     1
 90
        4
176
     1
 62
     7
176
     1
 62
   257
176
     1
 90
        1
176
     1
 90
        1
176
     1
 40
1.0
176
     1
 90
        0
176
     1
 62
   257
176
     1
 40
1.0
176
     1
 90
        1
176
     1
 90
        6
176
     1
 90
        2
176
     1
 62
     7
176
     1
 90
        3
176
     1
 90
        0
176
     1
 90
        0
176
     1
290
     0
176
     1
 90
        1
176
     1
 40
0.0
176
     1
 90
        0
176
     1
290
     0
176
     1
290
     1
176
     1
290
     1
176
     1
290
     0
176
     1
290
     0
176
     1
290
     0
176
     1
290
     0
176
     1
290
     0
176
     1
290
     0
176
     1
 90
       50
176
     1
 40
0.0
176
     1
 40
1.0
176
     1
 90
        0
176
     1
 62
    18
420
        0
176
     1
 90
       50
176
     1
 90
        3
176
     1
 62
     5
420
      255
176
     1
290
     0
176
     1
 90
       50
176
     1
 90
       50
176
     1
 90
       50
176
     1
290
     0
176
     1
 90
       50
176
     1
 62
   256
176
     0
 40
1.0
176
     0
 90
        2
176
     1
  1
strokes_ogs.tif
176
     1
290
     0
176
     1
 40
1.0
176
     1
 40
1.0
176
     1
  0
VISUALSTYLE
  5
40
102
{ACAD_REACTORS
330
2A
102
}
330
2A
100
AcDbVisualStyle
  2
X-Ray
 70
    25
177
     3
291
     0
 70
    58
 90
        2
176
     1
 90
        2
176
     1
 90
        1
176
     1
 90
        1
176
     1
 40
0.5
176
     1
 40
30.0
176
     1
 62
     7
420
 16777215
176
     1
 90
        1
176
     1
 90
        0
176
     1
 62
     7
176
     1
 62
   257
176
     1
 90
        1
176
     1
 90
        1
176
     1
 40
1.0
176
     1
 90
        8
176
     1
 62
     7
176
     1
 40
1.0
176
     1
 90
        1
176
     1
 90
        6
176
     1
 90
        2
176
     1
 62
     7
176
     1
 90
        3
176
     1
 90
        0
176
     1
 90
        0
176
     1
290
     0
176
     1
 90
       13
176
     1
 40
0.0
176
     1
 90
        0
176
     1
290
     0
176
     1
290
     1
176
     1
290
     1
176
     1
290
     0
176
     1
290
     0
176
     1
290
     0
176
     1
290
     0
176
     1
290
     0
176
     1
290
     0
176
     1
 90
       50
176
     1
 40
0.0
176
     1
 40
1.0
176
     1
 90
        0
176
     1
 62
    18
420
        0
176
     1
 90
       50
176
     1
 90
        3
176
     1
 62
     5
420
      255
176
     1
290
     0
176
     1
 90
       50
176
     1
 90
       50
176
     1
 90
       50
176
     1
290
     0
176
     1
 90
       50
176
     1
 62
   256
176
     0
 40
1.0
176
     0
 90
        2
176
     1
  1
strokes_ogs.tif
176
     1
290
     0
176
     1
 40
1.0
176
     1
 40
1.0
176
     1
  0
DICTIONARYVAR
  5
115
102
{ACAD_REACTORS
330
114
102
}
330
114
100
DictionaryVariables
280
     0
  1
1:1
  0
DICTIONARYVAR
  5
11A
102
{ACAD_REACTORS
330
114
102
}
330
114
100
DictionaryVariables
280
     0
  1
Standard
  0
DICTIONARYVAR
  5
119
102
{ACAD_REACTORS
330
114
102
}
330
114
100
DictionaryVariables
280
     0
  1
Standard
  0
DICTIONARY
  5
116
330
5A
100
AcDbDictionary
280
     1
281
     1
  3
ACAD_ROUNDTRIP_2008_TABLESTYLE_CELLSTYLEMAP
360
117
  0
CELLSTYLEMAP
  5
117
102
{ACAD_REACTORS
330
116
102
}
330
116
100
AcDbCellStyleMap
 90
        3
300
CELLSTYLE
  1
TABLEFORMAT_BEGIN
 90
        5
170
     1
 91
        0
 92
    32768
 62
   257
 93
        1
300
CONTENTFORMAT
  1
CONTENTFORMAT_BEGIN
 90
        0
 91
        0
 92
        4
 93
        0
300

 40
0.0
140
1.0
 94
        5
 62
     0
340
11
144
0.25
309
CONTENTFORMAT_END
171
     1
301
MARGIN
  1
CELLMARGIN_BEGIN
 40
0.06
 40
0.06
 40
0.06
 40
0.06
 40
0.06
 40
0.06
309
CELLMARGIN_END
 94
        6
 95
        1
302
GRIDFORMAT
  1
GRIDFORMAT_BEGIN
 90
        0
 91
        1
 62
     0
 92
       -2
340
14
 93
        0
 40
0.045
309
GRIDFORMAT_END
 95
        2
302
GRIDFORMAT
  1
GRIDFORMAT_BEGIN
 90
        0
 91
        1
 62
     0
 92
       -2
340
14
 93
        0
 40
0.045
309
GRIDFORMAT_END
 95
        4
302
GRIDFORMAT
  1
GRIDFORMAT_BEGIN
 90
        0
 91
        1
 62
     0
 92
       -2
340
14
 93
        0
 40
0.045
309
GRIDFORMAT_END
 95
        8
302
GRIDFORMAT
  1
GRIDFORMAT_BEGIN
 90
        0
 91
        1
 62
     0
 92
       -2
340
14
 93
        0
 40
0.045
309
GRIDFORMAT_END
 95
       16
302
GRIDFORMAT
  1
GRIDFORMAT_BEGIN
 90
        0
 91
        1
 62
     0
 92
       -2
340
14
 93
        0
 40
0.045
309
GRIDFORMAT_END
 95
       32
302
GRIDFORMAT
  1
GRIDFORMAT_BEGIN
 90
        0
 91
        1
 62
     0
 92
       -2
340
14
 93
        0
 40
0.045
309
GRIDFORMAT_END
309
TABLEFORMAT_END
  1
CELLSTYLE_BEGIN
 90
        1
 91
        1
300
_TITLE
309
CELLSTYLE_END
300
CELLSTYLE
  1
TABLEFORMAT_BEGIN
 90
        5
170
     1
 91
        0
 92
        0
 62
   257
 93
        1
300
CONTENTFORMAT
  1
CONTENTFORMAT_BEGIN
 90
        0
 91
        0
 92
        4
 93
        0
300

 40
0.0
140
1.0
 94
        5
 62
     0
340
11
144
0.18
309
CONTENTFORMAT_END
171
     1
301
MARGIN
  1
CELLMARGIN_BEGIN
 40
0.06
 40
0.06
 40
0.06
 40
0.06
 40
0.06
 40
0.06
309
CELLMARGIN_END
 94
        6
 95
        1
302
GRIDFORMAT
  1
GRIDFORMAT_BEGIN
 90
        0
 91
        1
 62
     0
 92
       -2
340
14
 93
        0
 40
0.045
309
GRIDFORMAT_END
 95
        2
302
GRIDFORMAT
  1
GRIDFORMAT_BEGIN
 90
        0
 91
        1
 62
     0
 92
       -2
340
14
 93
        0
 40
0.045
309
GRIDFORMAT_END
 95
        4
302
GRIDFORMAT
  1
GRIDFORMAT_BEGIN
 90
        0
 91
        1
 62
     0
 92
       -2
340
14
 93
        0
 40
0.045
309
GRIDFORMAT_END
 95
        8
302
GRIDFORMAT
  1
GRIDFORMAT_BEGIN
 90
        0
 91
        1
 62
     0
 92
       -2
340
14
 93
        0
 40
0.045
309
GRIDFORMAT_END
 95
       16
302
GRIDFORMAT
  1
GRIDFORMAT_BEGIN
 90
        0
 91
        1
 62
     0
 92
       -2
340
14
 93
        0
 40
0.045
309
GRIDFORMAT_END
 95
       32
302
GRIDFORMAT
  1
GRIDFORMAT_BEGIN
 90
        0
 91
        1
 62
     0
 92
       -2
340
14
 93
        0
 40
0.045
309
GRIDFORMAT_END
309
TABLEFORMAT_END
  1
CELLSTYLE_BEGIN
 90
        2
 91
        1
300
_HEADER
309
CELLSTYLE_END
300
CELLSTYLE
  1
TABLEFORMAT_BEGIN
 90
        5
170
     1
 91
        0
 92
        0
 62
   257
 93
        1
300
CONTENTFORMAT
  1
CONTENTFORMAT_BEGIN
 90
        0
 91
        0
 92
        4
 93
        0
300

 40
0.0
140
1.0
 94
        2
 62
     0
340
11
144
0.18
309
CONTENTFORMAT_END
171
     1
301
MARGIN
  1
CELLMARGIN_BEGIN
 40
0.06
 40
0.06
 40
0.06
 40
0.06
 40
0.06
 40
0.06
309
CELLMARGIN_END
 94
        6
 95
        1
302
GRIDFORMAT
  1
GRIDFORMAT_BEGIN
 90
        0
 91
        1
 62
     0
 92
       -2
340
14
 93
        0
 40
0.045
309
GRIDFORMAT_END
 95
        2
302
GRIDFORMAT
  1
GRIDFORMAT_BEGIN
 90
        0
 91
        1
 62
     0
 92
       -2
340
14
 93
        0
 40
0.045
309
GRIDFORMAT_END
 95
        4
302
GRIDFORMAT
  1
GRIDFORMAT_BEGIN
 90
        0
 91
        1
 62
     0
 92
       -2
340
14
 93
        0
 40
0.045
309
GRIDFORMAT_END
 95
        8
302
GRIDFORMAT
  1
GRIDFORMAT_BEGIN
 90
        0
 91
        1
 62
     0
 92
       -2
340
14
 93
        0
 40
0.045
309
GRIDFORMAT_END
 95
       16
302
GRIDFORMAT
  1
GRIDFORMAT_BEGIN
 90
        0
 91
        1
 62
     0
 92
       -2
340
14
 93
        0
 40
0.045
309
GRIDFORMAT_END
 95
       32
302
GRIDFORMAT
  1
GRIDFORMAT_BEGIN
 90
        0
 91
        1
 62
     0
 92
       -2
340
14
 93
        0
 40
0.045
309
GRIDFORMAT_END
309
TABLEFORMAT_END
  1
CELLSTYLE_BEGIN
 90
        3
 91
        2
300
_DATA
309
CELLSTYLE_END
  0
ENDSEC
  0
EOF
