  0
SECTION
  2
HEADER
  9
$ACADVER
  1
AC1032
  9
$ACADMAINTVER
 90
       55
  9
$DWGCODEPAGE
  3
UNDEFINED
  9
$LASTSAVEDBY
  1
Administrator
  9
$REQUIREDVERSIONS
160
                 0
  9
$INSBASE
 10
0.0
 20
0.0
 30
0.0
  9
$EXTMIN
 10
-18.2346
 20
-18.4031
 30
0.0
  9
$EXTMAX
 10
19.3854
 20
18.159
 30
0.0
  9
$LIMMIN
 10
0.0
 20
0.0
  9
$LIMMAX
 10
12.0
 20
9.0
  9
$ORTHOMODE
 70
     0
  9
$REGENMODE
 70
     1
  9
$FILLMODE
 70
     1
  9
$QTEXTMODE
 70
     0
  9
$MIRRTEXT
 70
     1
  9
$LTSCALE
 40
1.0
  9
$ATTMODE
 70
     1
  9
$TEXTSIZE
 40
0.2
  9
$TRACEWID
 40
0.05
  9
$TEXTSTYLE
  7
Standard
  9
$CLAYER
  8
0
  9
$CELTYPE
  6
ByLayer
  9
$CECOLOR
 62
   256
  9
$CELTSCALE
 40
1.0
  9
$DISPSILH
 70
     0
  9
$DIMSCALE
 40
1.0
  9
$DIMASZ
 40
0.18
  9
$DIMEXO
 40
0.0625
  9
$DIMDLI
 40
0.38
  9
$DIMRND
 40
0.0
  9
$DIMDLE
 40
0.0
  9
$DIMEXE
 40
0.18
  9
$DIMTP
 40
0.0
  9
$DIMTM
 40
0.0
  9
$DIMTXT
 40
0.18
  9
$DIMCEN
 40
0.09
  9
$DIMTSZ
 40
0.0
  9
$DIMTOL
 70
     0
  9
$DIMLIM
 70
     0
  9
$DIMTIH
 70
     1
  9
$DIMTOH
 70
     1
  9
$DIMSE1
 70
     0
  9
$DIMSE2
 70
     0
  9
$DIMTAD
 70
     0
  9
$DIMZIN
 70
     0
  9
$DIMBLK
  1

  9
$DIMASO
 70
     1
  9
$DIMSHO
 70
     1
  9
$DIMPOST
  1

  9
$DIMAPOST
  1

  9
$DIMALT
 70
     0
  9
$DIMALTD
 70
     2
  9
$DIMALTF
 40
25.4
  9
$DIMLFAC
 40
1.0
  9
$DIMTOFL
 70
     0
  9
$DIMTVP
 40
0.0
  9
$DIMTIX
 70
     0
  9
$DIMSOXD
 70
     0
  9
$DIMSAH
 70
     0
  9
$DIMBLK1
  1

  9
$DIMBLK2
  1

  9
$DIMSTYLE
  2
Standard
  9
$DIMCLRD
 70
     0
  9
$DIMCLRE
 70
     0
  9
$DIMCLRT
 70
     0
  9
$DIMTFAC
 40
1.0
  9
$DIMGAP
 40
0.09
  9
$DIMJUST
 70
     0
  9
$DIMSD1
 70
     0
  9
$DIMSD2
 70
     0
  9
$DIMTOLJ
 70
     1
  9
$DIMTZIN
 70
     0
  9
$DIMALTZ
 70
     0
  9
$DIMALTTZ
 70
     0
  9
$DIMUPT
 70
     0
  9
$DIMDEC
 70
     4
  9
$DIMTDEC
 70
     4
  9
$DIMALTU
 70
     2
  9
$DIMALTTD
 70
     2
  9
$DIMTXSTY
  7
Standard
  9
$DIMAUNIT
 70
     0
  9
$DIMADEC
 70
     0
  9
$DIMALTRND
 40
0.0
  9
$DIMAZIN
 70
     0
  9
$DIMDSEP
 70
    46
  9
$DIMATFIT
 70
     3
  9
$DIMFRAC
 70
     0
  9
$DIMLDRBLK
  1

  9
$DIMLUNIT
 70
     2
  9
$DIMLWD
 70
    -2
  9
$DIMLWE
 70
    -2
  9
$DIMTMOVE
 70
     0
  9
$DIMFXL
 40
1.0
  9
$DIMFXLON
 70
     0
  9
$DIMJOGANG
 40
0.7853981633974483
  9
$DIMTFILL
 70
     0
  9
$DIMTFILLCLR
 70
     0
  9
$DIMARCSYM
 70
     0
  9
$DIMLTYPE
  6

  9
$DIMLTEX1
  6

  9
$DIMLTEX2
  6

  9
$DIMTXTDIRECTION
 70
     0
  9
$LUNITS
 70
     2
  9
$LUPREC
 70
     4
  9
$SKETCHINC
 40
0.1
  9
$FILLETRAD
 40
0.0
  9
$AUNITS
 70
     0
  9
$AUPREC
 70
     0
  9
$MENU
  1
.
  9
$ELEVATION
 40
0.0
  9
$PELEVATION
 40
0.0
  9
$THICKNESS
 40
0.0
  9
$LIMCHECK
 70
     0
  9
$CHAMFERA
 40
0.0
  9
$CHAMFERB
 40
0.0
  9
$CHAMFERC
 40
0.0
  9
$CHAMFERD
 40
0.0
  9
$SKPOLY
 70
     0
  9
$TDCREATE
 40
2460360.780162778
  9
$TDUCREATE
 40
2460360.634329444
  9
$TDUPDATE
 40
2460360.780162963
  9
$TDUUPDATE
 40
2460360.63432963
  9
$TDINDWG
 40
0.0000000116
  9
$TDUSRTIMER
 40
0.0000000116
  9
$USRTIMER
 70
     1
  9
$ANGBASE
 50
0.0
  9
$ANGDIR
 70
     0
  9
$PDMODE
 70
     0
  9
$PDSIZE
 40
0.0
  9
$PLINEWID
 40
0.0
  9
$SPLFRAME
 70
     0
  9
$SPLINETYPE
 70
     6
  9
$SPLINESEGS
 70
     8
  9
$HANDSEED
  5
C8
  9
$SURFTAB1
 70
     6
  9
$SURFTAB2
 70
     6
  9
$SURFTYPE
 70
     6
  9
$SURFU
 70
     6
  9
$SURFV
 70
     6
  9
$UCSBASE
  2

  9
$UCSNAME
  2

  9
$UCSORG
 10
0.0
 20
0.0
 30
0.0
  9
$UCSXDIR
 10
1.0
 20
0.0
 30
0.0
  9
$UCSYDIR
 10
0.0
 20
1.0
 30
0.0
  9
$UCSORTHOREF
  2

  9
$UCSORTHOVIEW
 70
     0
  9
$UCSORGTOP
 10
0.0
 20
0.0
 30
0.0
  9
$UCSORGBOTTOM
 10
0.0
 20
0.0
 30
0.0
  9
$UCSORGLEFT
 10
0.0
 20
0.0
 30
0.0
  9
$UCSORGRIGHT
 10
0.0
 20
0.0
 30
0.0
  9
$UCSORGFRONT
 10
0.0
 20
0.0
 30
0.0
  9
$UCSORGBACK
 10
0.0
 20
0.0
 30
0.0
  9
$PUCSBASE
  2

  9
$PUCSNAME
  2

  9
$PUCSORG
 10
0.0
 20
0.0
 30
0.0
  9
$PUCSXDIR
 10
1.0
 20
0.0
 30
0.0
  9
$PUCSYDIR
 10
0.0
 20
1.0
 30
0.0
  9
$PUCSORTHOREF
  2

  9
$PUCSORTHOVIEW
 70
     0
  9
$PUCSORGTOP
 10
0.0
 20
0.0
 30
0.0
  9
$PUCSORGBOTTOM
 10
0.0
 20
0.0
 30
0.0
  9
$PUCSORGLEFT
 10
0.0
 20
0.0
 30
0.0
  9
$PUCSORGRIGHT
 10
0.0
 20
0.0
 30
0.0
  9
$PUCSORGFRONT
 10
0.0
 20
0.0
 30
0.0
  9
$PUCSORGBACK
 10
0.0
 20
0.0
 30
0.0
  9
$USERI1
 70
     0
  9
$USERI2
 70
     0
  9
$USERI3
 70
     0
  9
$USERI4
 70
     0
  9
$USERI5
 70
     0
  9
$USERR1
 40
0.0
  9
$USERR2
 40
0.0
  9
$USERR3
 40
0.0
  9
$USERR4
 40
0.0
  9
$USERR5
 40
0.0
  9
$WORLDVIEW
 70
     1
  9
$SHADEDGE
 70
     3
  9
$SHADEDIF
 70
    70
  9
$TILEMODE
 70
     1
  9
$MAXACTVP
 70
    64
  9
$PINSBASE
 10
0.0
 20
0.0
 30
0.0
  9
$PLIMCHECK
 70
     0
  9
$PEXTMIN
 10
1.000000000000000E+20
 20
1.000000000000000E+20
 30
1.000000000000000E+20
  9
$PEXTMAX
 10
-1.000000000000000E+20
 20
-1.000000000000000E+20
 30
-1.000000000000000E+20
  9
$PLIMMIN
 10
0.0
 20
0.0
  9
$PLIMMAX
 10
12.0
 20
9.0
  9
$UNITMODE
 70
     0
  9
$VISRETAIN
 70
     1
  9
$PLINEGEN
 70
     0
  9
$PSLTSCALE
 70
     1
  9
$TREEDEPTH
 70
  3020
  9
$CMLSTYLE
  2
Standard
  9
$CMLJUST
 70
     0
  9
$CMLSCALE
 40
1.0
  9
$PROXYGRAPHICS
 70
     1
  9
$MEASUREMENT
 70
     0
  9
$CELWEIGHT
370
    -1
  9
$ENDCAPS
280
     0
  9
$JOINSTYLE
280
     0
  9
$LWDISPLAY
290
     0
  9
$INSUNITS
 70
     4
  9
$HYPERLINKBASE
  1

  9
$STYLESHEET
  1

  9
$XEDIT
290
     1
  9
$CEPSNTYPE
380
     0
  9
$PSTYLEMODE
290
     1
  9
$FINGERPRINTGUID
  2
{72fb1526-d1e3-4341-b1c7-c8774ad9d2cf}
  9
$VERSIONGUID
  2
{FAEB1C32-E019-11D5-929B-00C0DF256EC4}
  9
$EXTNAMES
290
     1
  9
$PSVPSCALE
 40
0.0
  9
$OLESTARTUP
290
     0
  9
$SORTENTS
280
   127
  9
$INDEXCTL
280
     0
  9
$HIDETEXT
280
     1
  9
$XCLIPFRAME
280
     2
  9
$HALOGAP
280
     0
  9
$OBSCOLOR
 70
   257
  9
$OBSLTYPE
280
     0
  9
$INTERSECTIONDISPLAY
280
     0
  9
$INTERSECTIONCOLOR
 70
   257
  9
$DIMASSOC
280
     2
  9
$PROJECTNAME
  1

  9
$CAMERADISPLAY
290
     0
  9
$LENSLENGTH
 40
50.0
  9
$CAMERAHEIGHT
 40
0.0
  9
$STEPSPERSEC
 40
2.0
  9
$STEPSIZE
 40
6.0
  9
$3DDWFPREC
 40
2.0
  9
$PSOLWIDTH
 40
0.25
  9
$PSOLHEIGHT
 40
4.0
  9
$LOFTANG1
 40
1.570796326794897
  9
$LOFTANG2
 40
1.570796326794897
  9
$LOFTMAG1
 40
0.0
  9
$LOFTMAG2
 40
0.0
  9
$LOFTPARAM
 70
     7
  9
$LOFTNORMALS
280
     1
  9
$LATITUDE
 40
37.795
  9
$LONGITUDE
 40
-122.394
  9
$NORTHDIRECTION
 40
0.0
  9
$TIMEZONE
 70
 -8000
  9
$LIGHTGLYPHDISPLAY
280
     1
  9
$TILEMODELIGHTSYNCH
280
     1
  9
$CMATERIAL
347
44
  9
$SOLIDHIST
280
     0
  9
$SHOWHIST
280
     1
  9
$DWFFRAME
280
     2
  9
$DGNFRAME
280
     2
  9
$REALWORLDSCALE
290
     1
  9
$INTERFERECOLOR
 62
   256
  9
$CSHADOW
280
     0
  9
$SHADOWPLANELOCATION
 40
0.0
  0
ENDSEC
  0
SECTION
  2
CLASSES
  0
CLASS
  1
ACDBDICTIONARYWDFLT
  2
AcDbDictionaryWithDefault
  3
ObjectDBX Classes
 90
        0
 91
        3
280
     0
281
     0
  0
CLASS
  1
VISUALSTYLE
  2
AcDbVisualStyle
  3
ObjectDBX Classes
 90
     4095
 91
        3
280
     0
281
     0
  0
CLASS
  1
MATERIAL
  2
AcDbMaterial
  3
ObjectDBX Classes
 90
     1153
 91
        3
280
     0
281
     0
  0
CLASS
  1
SCALE
  2
AcDbScale
  3
ObjectDBX Classes
 90
     1153
 91
        3
280
     0
281
     0
  0
CLASS
  1
TABLESTYLE
  2
AcDbTableStyle
  3
ObjectDBX Classes
 90
     4095
 91
        3
280
     0
281
     0
  0
CLASS
  1
MLEADERSTYLE
  2
AcDbMLeaderStyle
  3
ACDB_MLEADERSTYLE_CLASS
 90
     4095
 91
        3
280
     0
281
     0
  0
CLASS
  1
SUN
  2
AcDbSun
  3
SCENEOE
 90
     1153
 91
        3
280
     0
281
     0
  0
CLASS
  1
DICTIONARYVAR
  2
AcDbDictionaryVar
  3
ObjectDBX Classes
 90
        0
 91
        3
280
     0
281
     0
  0
CLASS
  1
CELLSTYLEMAP
  2
AcDbCellStyleMap
  3
ObjectDBX Classes
 90
     1152
 91
        3
280
     0
281
     0
  0
ENDSEC
  0
SECTION
  2
TABLES
  0
TABLE
  2
VPORT
  5
8
330
0
100
AcDbSymbolTable
 70
     1
  0
VPORT
  5
29
330
8
100
AcDbSymbolTableRecord
100
AcDbViewportTableRecord
  2
*Active
 70
     0
 10
0.0
 20
0.0
 11
1.0
 21
1.0
 12
10.42990654205607
 22
4.5
 13
0.0
 23
0.0
 14
0.5
 24
0.5
 15
0.5
 25
0.5
 16
0.0
 26
0.0
 36
1.0
 17
0.0
 27
0.0
 37
0.0
 40
9.0
 41
1.972972972850329
 42
50.0
 43
0.0
 44
0.0
 50
0.0
 51
0.0
 71
     0
 72
   100
 73
     1
 74
     3
 75
     0
 76
     0
 77
     0
 78
     0
281
     0
 65
     1
110
0.0
120
0.0
130
0.0
111
1.0
121
0.0
131
0.0
112
0.0
122
1.0
132
0.0
 79
     0
146
0.0
348
2F
 60
     3
 61
     5
292
     1
282
     1
141
0.0
142
0.0
 63
   250
361
5D
  0
ENDTAB
  0
TABLE
  2
LTYPE
  5
5
330
0
100
AcDbSymbolTable
 70
     1
  0
LTYPE
  5
14
330
5
100
AcDbSymbolTableRecord
100
AcDbLinetypeTableRecord
  2
ByBlock
 70
     0
  3

 72
    65
 73
     0
 40
0.0
  0
LTYPE
  5
15
330
5
100
AcDbSymbolTableRecord
100
AcDbLinetypeTableRecord
  2
ByLayer
 70
     0
  3

 72
    65
 73
     0
 40
0.0
  0
LTYPE
  5
16
330
5
100
AcDbSymbolTableRecord
100
AcDbLinetypeTableRecord
  2
Continuous
 70
     0
  3
Solid line
 72
    65
 73
     0
 40
0.0
  0
ENDTAB
  0
TABLE
  2
LAYER
  5
2
330
0
100
AcDbSymbolTable
 70
     2
  0
LAYER
  5
10
330
2
100
AcDbSymbolTableRecord
100
AcDbLayerTableRecord
  2
0
 70
     0
 62
     7
  6
Continuous
370
    -3
390
F
347
46
348
0
  0
LAYER
  5
5F
330
2
100
AcDbSymbolTableRecord
100
AcDbLayerTableRecord
  2
Layer 1
 70
     0
 62
     7
  6
Continuous
370
    -3
390
F
347
46
348
0
  0
ENDTAB
  0
TABLE
  2
STYLE
  5
3
330
0
100
AcDbSymbolTable
 70
     1
  0
STYLE
  5
11
330
3
100
AcDbSymbolTableRecord
100
AcDbTextStyleTableRecord
  2
Standard
 70
     0
 40
0.0
 41
1.0
 50
0.0
 71
     0
 42
0.2
  3
txt
  4

  0
ENDTAB
  0
TABLE
  2
VIEW
  5
6
330
0
100
AcDbSymbolTable
 70
     0
  0
ENDTAB
  0
TABLE
  2
UCS
  5
7
330
0
100
AcDbSymbolTable
 70
     0
  0
ENDTAB
  0
TABLE
  2
APPID
  5
9
330
0
100
AcDbSymbolTable
 70
     2
  0
APPID
  5
12
330
9
100
AcDbSymbolTableRecord
100
AcDbRegAppTableRecord
  2
ACAD
 70
     0
  0
APPID
  5
5E
330
9
100
AcDbSymbolTableRecord
100
AcDbRegAppTableRecord
  2
ODA
 70
     0
  0
ENDTAB
  0
TABLE
  2
DIMSTYLE
  5
A
330
0
100
AcDbSymbolTable
 70
     1
100
AcDbDimStyleTable
  0
DIMSTYLE
105
27
330
A
100
AcDbSymbolTableRecord
100
AcDbDimStyleTableRecord
  2
Standard
 70
     0
178
     0
340
11
  0
ENDTAB
  0
TABLE
  2
BLOCK_RECORD
  5
1
330
0
100
AcDbSymbolTable
 70
     1
  0
BLOCK_RECORD
  5
1F
330
1
100
AcDbSymbolTableRecord
100
AcDbBlockTableRecord
  2
*Model_Space
340
22
 70
     0
280
     1
281
     0
  0
BLOCK_RECORD
  5
1B
330
1
100
AcDbSymbolTableRecord
100
AcDbBlockTableRecord
  2
*Paper_Space
340
1E
 70
     0
280
     1
281
     0
  0
BLOCK_RECORD
  5
23
330
1
100
AcDbSymbolTableRecord
100
AcDbBlockTableRecord
  2
*Paper_Space0
340
26
 70
     0
280
     1
281
     0
  0
ENDTAB
  0
ENDSEC
  0
SECTION
  2
BLOCKS
  0
BLOCK
  5
20
330
1F
100
AcDbEntity
  8
0
100
AcDbBlockBegin
  2
*Model_Space
 70
     0
 10
0.0
 20
0.0
 30
0.0
  3
*Model_Space
  1

  0
ENDBLK
  5
21
330
1F
100
AcDbEntity
  8
0
100
AcDbBlockEnd
  0
BLOCK
  5
1C
330
1B
100
AcDbEntity
 67
     1
  8
0
100
AcDbBlockBegin
  2
*Paper_Space
 70
     0
 10
0.0
 20
0.0
 30
0.0
  3
*Paper_Space
  1

  0
ENDBLK
  5
1D
330
1B
100
AcDbEntity
 67
     1
  8
0
100
AcDbBlockEnd
  0
BLOCK
  5
24
330
23
100
AcDbEntity
  8
0
100
AcDbBlockBegin
  2
*Paper_Space0
 70
     0
 10
0.0
 20
0.0
 30
0.0
  3
*Paper_Space0
  1

  0
ENDBLK
  5
25
330
23
100
AcDbEntity
  8
0
100
AcDbBlockEnd
  0
ENDSEC
  0
SECTION
  2
ENTITIES
  0
SPLINE
  5
60
330
1F
100
AcDbEntity
  8
Layer 1
 62
   250
100
AcDbSpline
210
0.0
220
0.0
230
1.0
 70
    11
 71
     3
 72
   155
 73
   151
 74
     0
 42
0.0000000001
 43
0.0000000001
 40
0.0
 40
0.0
 40
0.0
 40
0.0
 40
0.02
 40
0.02
 40
0.02
 40
0.04
 40
0.04
 40
0.04
 40
0.06
 40
0.06
 40
0.06
 40
0.08
 40
0.08
 40
0.08
 40
0.1
 40
0.1
 40
0.1
 40
0.12
 40
0.12
 40
0.12
 40
0.14
 40
0.14
 40
0.14
 40
0.16
 40
0.16
 40
0.16
 40
0.18
 40
0.18
 40
0.18
 40
0.2
 40
0.2
 40
0.2
 40
0.22
 40
0.22
 40
0.22
 40
0.24
 40
0.24
 40
0.24
 40
0.26
 40
0.26
 40
0.26
 40
0.28
 40
0.28
 40
0.28
 40
0.3
 40
0.3
 40
0.3
 40
0.32
 40
0.32
 40
0.32
 40
0.34
 40
0.34
 40
0.34
 40
0.36
 40
0.36
 40
0.36
 40
0.38
 40
0.38
 40
0.38
 40
0.4
 40
0.4
 40
0.4
 40
0.42
 40
0.42
 40
0.42
 40
0.44
 40
0.44
 40
0.44
 40
0.46
 40
0.46
 40
0.46
 40
0.48
 40
0.48
 40
0.48
 40
0.5
 40
0.5
 40
0.5
 40
0.52
 40
0.52
 40
0.52
 40
0.54
 40
0.54
 40
0.54
 40
0.56
 40
0.56
 40
0.56
 40
0.58
 40
0.58
 40
0.58
 40
0.6
 40
0.6
 40
0.6
 40
0.62
 40
0.62
 40
0.62
 40
0.64
 40
0.64
 40
0.64
 40
0.66
 40
0.66
 40
0.66
 40
0.68
 40
0.68
 40
0.68
 40
0.7000000000000001
 40
0.7000000000000001
 40
0.7000000000000001
 40
0.72
 40
0.72
 40
0.72
 40
0.74
 40
0.74
 40
0.74
 40
0.76
 40
0.76
 40
0.76
 40
0.78
 40
0.78
 40
0.78
 40
0.8
 40
0.8
 40
0.8
 40
0.8200000000000001
 40
0.8200000000000001
 40
0.8200000000000001
 40
0.84
 40
0.84
 40
0.84
 40
0.86
 40
0.86
 40
0.86
 40
0.88
 40
0.88
 40
0.88
 40
0.9
 40
0.9
 40
0.9
 40
0.92
 40
0.92
 40
0.92
 40
0.9400000000000001
 40
0.9400000000000001
 40
0.9400000000000001
 40
0.96
 40
0.96
 40
0.96
 40
0.98
 40
0.98
 40
0.98
 40
1.0
 40
1.0
 40
1.0
 40
1.0
 10
-9.8956
 20
-11.6433
 30
0.0
 10
-9.8956
 20
-11.6433
 30
0.0
 10
-9.895
 20
-11.6445
 30
0.0
 10
-9.895
 20
-11.6445
 30
0.0
 10
-9.895
 20
-11.6445
 30
0.0
 10
-9.8944
 20
-11.6457
 30
0.0
 10
-9.8944
 20
-11.6457
 30
0.0
 10
-9.8944
 20
-11.6457
 30
0.0
 10
-9.8943
 20
-11.6457
 30
0.0
 10
-9.8943
 20
-11.6457
 30
0.0
 10
-9.8599
 20
-11.7054
 30
0.0
 10
-9.8092
 20
-11.736
 30
0.0
 10
-9.742
 20
-11.7391
 30
0.0
 10
-9.6883
 20
-11.7414
 30
0.0
 10
-9.6288
 20
-11.726
 30
0.0
 10
-9.5644
 20
-11.6918
 30
0.0
 10
-9.5636
 20
-11.6771
 30
0.0
 10
-9.5663
 20
-11.614
 30
0.0
 10
-9.5729
 20
-11.503
 30
0.0
 10
-9.5793
 20
-11.4362
 30
0.0
 10
-9.5823
 20
-11.3749
 30
0.0
 10
-9.584
 20
-11.3198
 30
0.0
 10
-9.5902
 20
-11.2013
 30
0.0
 10
-9.5808
 20
-11.1107
 30
0.0
 10
-9.5567
 20
-11.0483
 30
0.0
 10
-9.5317
 20
-10.9897
 30
0.0
 10
-9.4912
 20
-10.9456
 30
0.0
 10
-9.4345
 20
-10.9164
 30
0.0
 10
-9.4014
 20
-10.8988
 30
0.0
 10
-9.3697
 20
-10.8898
 30
0.0
 10
-9.3409
 20
-10.8888
 30
0.0
 10
-9.3121
 20
-10.8884
 30
0.0
 10
-9.2872
 20
-10.8999
 30
0.0
 10
-9.2665
 20
-10.9226
 30
0.0
 10
-9.2543
 20
-10.9394
 30
0.0
 10
-9.2501
 20
-10.9619
 30
0.0
 10
-9.2537
 20
-10.9888
 30
0.0
 10
-9.2583
 20
-11.0159
 30
0.0
 10
-9.2676
 20
-11.0331
 30
0.0
 10
-9.2817
 20
-11.0404
 30
0.0
 10
-9.2939
 20
-11.0425
 30
0.0
 10
-9.314
 20
-11.0466
 30
0.0
 10
-9.3432
 20
-11.0529
 30
0.0
 10
-9.3727
 20
-11.0632
 30
0.0
 10
-9.3962
 20
-11.0721
 30
0.0
 10
-9.4121
 20
-11.0807
 30
0.0
 10
-9.4638
 20
-11.1075
 30
0.0
 10
-9.4966
 20
-11.1541
 30
0.0
 10
-9.5107
 20
-11.2199
 30
0.0
 10
-9.524
 20
-11.2871
 30
0.0
 10
-9.5215
 20
-11.3377
 30
0.0
 10
-9.5034
 20
-11.3721
 30
0.0
 10
-9.4912
 20
-11.3953
 30
0.0
 10
-9.4644
 20
-11.4125
 30
0.0
 10
-9.4215
 20
-11.4235
 30
0.0
 10
-9.3817
 20
-11.4348
 30
0.0
 10
-9.3402
 20
-11.4293
 30
0.0
 10
-9.2964
 20
-11.4066
 30
0.0
 10
-9.2411
 20
-11.3777
 30
0.0
 10
-9.2068
 20
-11.3119
 30
0.0
 10
-9.1929
 20
-11.2095
 30
0.0
 10
-9.1901
 20
-11.1982
 30
0.0
 10
-9.1871
 20
-11.1465
 30
0.0
 10
-9.1837
 20
-11.0552
 30
0.0
 10
-9.1797
 20
-11.0094
 30
0.0
 10
-9.171
 20
-10.9856
 30
0.0
 10
-9.1571
 20
-10.9839
 30
0.0
 10
-9.1411
 20
-10.9812
 30
0.0
 10
-9.1287
 20
-11.0049
 30
0.0
 10
-9.12
 20
-11.0549
 30
0.0
 10
-9.1088
 20
-11.1268
 30
0.0
 10
-9.1048
 20
-11.2106
 30
0.0
 10
-9.1093
 20
-11.3064
 30
0.0
 10
-9.1131
 20
-11.4049
 30
0.0
 10
-9.1259
 20
-11.5069
 30
0.0
 10
-9.1469
 20
-11.6116
 30
0.0
 10
-9.1827
 20
-11.7625
 30
0.0
 10
-9.226
 20
-11.8755
 30
0.0
 10
-9.2775
 20
-11.9506
 30
0.0
 10
-9.3322
 20
-12.0308
 30
0.0
 10
-9.3962
 20
-12.0898
 30
0.0
 10
-9.4703
 20
-12.1284
 30
0.0
 10
-9.532
 20
-12.1608
 30
0.0
 10
-9.587
 20
-12.1745
 30
0.0
 10
-9.6357
 20
-12.169
 30
0.0
 10
-9.6804
 20
-12.1672
 30
0.0
 10
-9.731
 20
-12.15
 30
0.0
 10
-9.789
 20
-12.1153
 30
0.0
 10
-9.8097
 20
-12.1008
 30
0.0
 10
-9.8291
 20
-12.0866
 30
0.0
 10
-9.8483
 20
-12.0712
 30
0.0
 10
-9.8631
 20
-12.0593
 30
0.0
 10
-9.8768
 20
-12.0469
 30
0.0
 10
-9.8892
 20
-12.0336
 30
0.0
 10
-9.8942
 20
-12.0792
 30
0.0
 10
-9.9012
 20
-12.137
 30
0.0
 10
-9.9102
 20
-12.2072
 30
0.0
 10
-9.9184
 20
-12.2499
 30
0.0
 10
-9.9281
 20
-12.282
 30
0.0
 10
-9.9386
 20
-12.3034
 30
0.0
 10
-9.953
 20
-12.3317
 30
0.0
 10
-9.9698
 20
-12.3568
 30
0.0
 10
-9.988
 20
-12.3788
 30
0.0
 10
-10.0068
 20
-12.4012
 30
0.0
 10
-10.0287
 20
-12.4226
 30
0.0
 10
-10.0532
 20
-12.444
 30
0.0
 10
-10.0776
 20
-12.4646
 30
0.0
 10
-10.1025
 20
-12.486
 30
0.0
 10
-10.1267
 20
-12.5074
 30
0.0
 10
-10.1267
 20
-12.5074
 30
0.0
 10
-10.2256
 20
-12.5945
 30
0.0
 10
-10.2256
 20
-12.5945
 30
0.0
 10
-10.2678
 20
-12.6266
 30
0.0
 10
-10.295
 20
-12.6431
 30
0.0
 10
-10.3086
 20
-12.642
 30
0.0
 10
-10.3167
 20
-12.6261
 30
0.0
 10
-10.3086
 20
-12.5963
 30
0.0
 10
-10.2833
 20
-12.5522
 30
0.0
 10
-10.2603
 20
-12.5125
 30
0.0
 10
-10.2369
 20
-12.4715
 30
0.0
 10
-10.2128
 20
-12.4312
 30
0.0
 10
-10.1891
 20
-12.3895
 30
0.0
 10
-10.165
 20
-12.3485
 30
0.0
 10
-10.1408
 20
-12.3085
 30
0.0
 10
-10.0831
 20
-12.1973
 30
0.0
 10
-10.0461
 20
-12.1029
 30
0.0
 10
-10.0302
 20
-12.0237
 30
0.0
 10
-10.0177
 20
-11.9633
 30
0.0
 10
-10.0108
 20
-11.9116
 30
0.0
 10
-10.008
 20
-11.8693
 30
0.0
 10
-10.005
 20
-11.8445
 30
0.0
 10
-10.0025
 20
-11.8028
 30
0.0
 10
-10.0005
 20
-11.7446
 30
0.0
 10
-10.0005
 20
-11.7446
 30
0.0
 10
-10.0059
 20
-11.554
 30
0.0
 10
-10.0059
 20
-11.554
 30
0.0
 10
-10.0075
 20
-11.5092
 30
0.0
 10
-10.0059
 20
-11.4714
 30
0.0
 10
-10.0012
 20
-11.4414
 30
0.0
 10
-9.9975
 20
-11.4121
 30
0.0
 10
-9.9893
 20
-11.3946
 30
0.0
 10
-9.976
 20
-11.3891
 30
0.0
 10
-9.9617
 20
-11.3891
 30
0.0
 10
-9.9519
 20
-11.3983
 30
0.0
 10
-9.9475
 20
-11.4183
 30
0.0
 10
-9.9406
 20
-11.4621
 30
0.0
 10
-9.9351
 20
-11.4917
 30
0.0
 10
-9.9328
 20
-11.5048
 30
0.0
 10
-9.9203
 20
-11.5721
 30
0.0
 10
-9.9076
 20
-11.6182
 30
0.0
 10
-9.8956
 20
-11.6433
 30
0.0
  0
SPLINE
  5
61
330
1F
100
AcDbEntity
  8
Layer 1
 62
   250
100
AcDbSpline
210
0.0
220
0.0
230
1.0
 70
    11
 71
     3
 72
    47
 73
    43
 74
     0
 42
0.0000000001
 43
0.0000000001
 40
0.0
 40
0.0
 40
0.0
 40
0.0
 40
0.0714285714285714
 40
0.0714285714285714
 40
0.0714285714285714
 40
0.1428571428571428
 40
0.1428571428571428
 40
0.1428571428571428
 40
0.2142857142857143
 40
0.2142857142857143
 40
0.2142857142857143
 40
0.2857142857142857
 40
0.2857142857142857
 40
0.2857142857142857
 40
0.3571428571428571
 40
0.3571428571428571
 40
0.3571428571428571
 40
0.4285714285714285
 40
0.4285714285714285
 40
0.4285714285714285
 40
0.5
 40
0.5
 40
0.5
 40
0.5714285714285714
 40
0.5714285714285714
 40
0.5714285714285714
 40
0.6428571428571428
 40
0.6428571428571428
 40
0.6428571428571428
 40
0.7142857142857142
 40
0.7142857142857142
 40
0.7142857142857142
 40
0.7857142857142857
 40
0.7857142857142857
 40
0.7857142857142857
 40
0.8571428571428571
 40
0.8571428571428571
 40
0.8571428571428571
 40
0.9285714285714285
 40
0.9285714285714285
 40
0.9285714285714285
 40
1.0
 40
1.0
 40
1.0
 40
1.0
 10
-2.4506
 20
-14.943
 30
0.0
 10
-2.4506
 20
-14.943
 30
0.0
 10
-2.4349
 20
-14.9254
 30
0.0
 10
-2.4349
 20
-14.9254
 30
0.0
 10
-2.3683
 20
-14.8503
 30
0.0
 10
-2.3635
 20
-14.729
 30
0.0
 10
-2.4237
 20
-14.647
 30
0.0
 10
-2.4237
 20
-14.647
 30
0.0
 10
-2.5845
 20
-14.4286
 30
0.0
 10
-2.5845
 20
-14.4286
 30
0.0
 10
-2.6491
 20
-14.3408
 30
0.0
 10
-2.7641
 20
-14.3308
 30
0.0
 10
-2.8393
 20
-14.407
 30
0.0
 10
-2.8393
 20
-14.407
 30
0.0
 10
-2.9774
 20
-14.5464
 30
0.0
 10
-2.9774
 20
-14.5464
 30
0.0
 10
-3.0249
 20
-14.5947
 30
0.0
 10
-3.0466
 20
-14.6674
 30
0.0
 10
-3.0348
 20
-14.7387
 30
0.0
 10
-2.9723
 20
-15.1231
 30
0.0
 10
-2.6928
 20
-16.3146
 30
0.0
 10
-1.6313
 20
-16.3146
 30
0.0
 10
-1.6073
 20
-16.3146
 30
0.0
 10
-1.5389
 20
-16.2506
 30
0.0
 10
-1.4745
 20
-16.1851
 30
0.0
 10
-1.3988
 20
-16.1079
 30
0.0
 10
-1.3938
 20
-15.9741
 30
0.0
 10
-1.4635
 20
-15.8902
 30
0.0
 10
-1.4635
 20
-15.8902
 30
0.0
 10
-1.664
 20
-15.6485
 30
0.0
 10
-1.664
 20
-15.6485
 30
0.0
 10
-1.7333
 20
-15.5649
 30
0.0
 10
-1.8481
 20
-15.5636
 30
0.0
 10
-1.9195
 20
-15.6453
 30
0.0
 10
-1.9829
 20
-15.7176
 30
0.0
 10
-2.0828
 20
-15.7265
 30
0.0
 10
-2.154
 20
-15.664
 30
0.0
 10
-2.24
 20
-15.5892
 30
0.0
 10
-2.3564
 20
-15.4496
 30
0.0
 10
-2.4812
 20
-15.1904
 30
0.0
 10
-2.5199
 20
-15.1094
 30
0.0
 10
-2.5079
 20
-15.0078
 30
0.0
 10
-2.4506
 20
-14.943
 30
0.0
  0
SPLINE
  5
62
330
1F
100
AcDbEntity
  8
Layer 1
 62
   250
100
AcDbSpline
210
0.0
220
0.0
230
1.0
 70
    11
 71
     3
 72
    47
 73
    43
 74
     0
 42
0.0000000001
 43
0.0000000001
 40
0.0
 40
0.0
 40
0.0
 40
0.0
 40
0.0714285714285714
 40
0.0714285714285714
 40
0.0714285714285714
 40
0.1428571428571428
 40
0.1428571428571428
 40
0.1428571428571428
 40
0.2142857142857143
 40
0.2142857142857143
 40
0.2142857142857143
 40
0.2857142857142857
 40
0.2857142857142857
 40
0.2857142857142857
 40
0.3571428571428571
 40
0.3571428571428571
 40
0.3571428571428571
 40
0.4285714285714285
 40
0.4285714285714285
 40
0.4285714285714285
 40
0.5
 40
0.5
 40
0.5
 40
0.5714285714285714
 40
0.5714285714285714
 40
0.5714285714285714
 40
0.6428571428571428
 40
0.6428571428571428
 40
0.6428571428571428
 40
0.7142857142857142
 40
0.7142857142857142
 40
0.7142857142857142
 40
0.7857142857142857
 40
0.7857142857142857
 40
0.7857142857142857
 40
0.8571428571428571
 40
0.8571428571428571
 40
0.8571428571428571
 40
0.9285714285714285
 40
0.9285714285714285
 40
0.9285714285714285
 40
1.0
 40
1.0
 40
1.0
 40
1.0
 10
-2.4506
 20
-11.9764
 30
0.0
 10
-2.4506
 20
-11.9764
 30
0.0
 10
-2.4349
 20
-11.9585
 30
0.0
 10
-2.4349
 20
-11.9585
 30
0.0
 10
-2.3683
 20
-11.8834
 30
0.0
 10
-2.3635
 20
-11.7621
 30
0.0
 10
-2.4237
 20
-11.6801
 30
0.0
 10
-2.4237
 20
-11.6801
 30
0.0
 10
-2.5845
 20
-11.4617
 30
0.0
 10
-2.5845
 20
-11.4617
 30
0.0
 10
-2.6491
 20
-11.3739
 30
0.0
 10
-2.7641
 20
-11.3643
 30
0.0
 10
-2.8393
 20
-11.4401
 30
0.0
 10
-2.8393
 20
-11.4401
 30
0.0
 10
-2.9774
 20
-11.5799
 30
0.0
 10
-2.9774
 20
-11.5799
 30
0.0
 10
-3.0249
 20
-11.6277
 30
0.0
 10
-3.0466
 20
-11.7005
 30
0.0
 10
-3.0348
 20
-11.7722
 30
0.0
 10
-2.9723
 20
-12.1567
 30
0.0
 10
-2.6928
 20
-13.3475
 30
0.0
 10
-1.6313
 20
-13.3475
 30
0.0
 10
-1.6073
 20
-13.3475
 30
0.0
 10
-1.5389
 20
-13.2842
 30
0.0
 10
-1.4745
 20
-13.218
 30
0.0
 10
-1.3988
 20
-13.1408
 30
0.0
 10
-1.3938
 20
-13.0072
 30
0.0
 10
-1.4635
 20
-12.9231
 30
0.0
 10
-1.4635
 20
-12.9231
 30
0.0
 10
-1.664
 20
-12.6817
 30
0.0
 10
-1.664
 20
-12.6817
 30
0.0
 10
-1.7333
 20
-12.5983
 30
0.0
 10
-1.8481
 20
-12.5969
 30
0.0
 10
-1.9195
 20
-12.6785
 30
0.0
 10
-1.9829
 20
-12.7513
 30
0.0
 10
-2.0828
 20
-12.7595
 30
0.0
 10
-2.154
 20
-12.6971
 30
0.0
 10
-2.24
 20
-12.6224
 30
0.0
 10
-2.3564
 20
-12.4828
 30
0.0
 10
-2.4812
 20
-12.2235
 30
0.0
 10
-2.5199
 20
-12.1429
 30
0.0
 10
-2.5079
 20
-12.0409
 30
0.0
 10
-2.4506
 20
-11.9764
 30
0.0
  0
SPLINE
  5
63
330
1F
100
AcDbEntity
  8
Layer 1
 62
   250
100
AcDbSpline
210
0.0
220
0.0
230
1.0
 70
    11
 71
     3
 72
   104
 73
   100
 74
     0
 42
0.0000000001
 43
0.0000000001
 40
0.0
 40
0.0
 40
0.0
 40
0.0
 40
0.0303030303030303
 40
0.0303030303030303
 40
0.0303030303030303
 40
0.0606060606060606
 40
0.0606060606060606
 40
0.0606060606060606
 40
0.0909090909090909
 40
0.0909090909090909
 40
0.0909090909090909
 40
0.1212121212121212
 40
0.1212121212121212
 40
0.1212121212121212
 40
0.1515151515151515
 40
0.1515151515151515
 40
0.1515151515151515
 40
0.1818181818181818
 40
0.1818181818181818
 40
0.1818181818181818
 40
0.2121212121212121
 40
0.2121212121212121
 40
0.2121212121212121
 40
0.2424242424242424
 40
0.2424242424242424
 40
0.2424242424242424
 40
0.2727272727272727
 40
0.2727272727272727
 40
0.2727272727272727
 40
0.303030303030303
 40
0.303030303030303
 40
0.303030303030303
 40
0.3333333333333334
 40
0.3333333333333334
 40
0.3333333333333334
 40
0.3636363636363636
 40
0.3636363636363636
 40
0.3636363636363636
 40
0.3939393939393939
 40
0.3939393939393939
 40
0.3939393939393939
 40
0.4242424242424243
 40
0.4242424242424243
 40
0.4242424242424243
 40
0.4545454545454546
 40
0.4545454545454546
 40
0.4545454545454546
 40
0.4848484848484849
 40
0.4848484848484849
 40
0.4848484848484849
 40
0.5151515151515151
 40
0.5151515151515151
 40
0.5151515151515151
 40
0.5454545454545454
 40
0.5454545454545454
 40
0.5454545454545454
 40
0.5757575757575758
 40
0.5757575757575758
 40
0.5757575757575758
 40
0.6060606060606061
 40
0.6060606060606061
 40
0.6060606060606061
 40
0.6363636363636364
 40
0.6363636363636364
 40
0.6363636363636364
 40
0.6666666666666667
 40
0.6666666666666667
 40
0.6666666666666667
 40
0.696969696969697
 40
0.696969696969697
 40
0.696969696969697
 40
0.7272727272727273
 40
0.7272727272727273
 40
0.7272727272727273
 40
0.7575757575757576
 40
0.7575757575757576
 40
0.7575757575757576
 40
0.7878787878787878
 40
0.7878787878787878
 40
0.7878787878787878
 40
0.8181818181818182
 40
0.8181818181818182
 40
0.8181818181818182
 40
0.8484848484848485
 40
0.8484848484848485
 40
0.8484848484848485
 40
0.8787878787878788
 40
0.8787878787878788
 40
0.8787878787878788
 40
0.9090909090909092
 40
0.9090909090909092
 40
0.9090909090909092
 40
0.9393939393939394
 40
0.9393939393939394
 40
0.9393939393939394
 40
0.9696969696969697
 40
0.9696969696969697
 40
0.9696969696969697
 40
1.0
 40
1.0
 40
1.0
 40
1.0
 10
5.5258
 20
-15.0763
 30
0.0
 10
5.5258
 20
-15.1679
 30
0.0
 10
5.4799
 20
-15.2622
 30
0.0
 10
5.3883
 20
-15.3596
 30
0.0
 10
5.2849
 20
-15.4697
 30
0.0
 10
5.1661
 20
-15.525
 30
0.0
 10
5.0318
 20
-15.525
 30
0.0
 10
5.0049
 20
-15.525
 30
0.0
 10
4.978
 20
-15.5227
 30
0.0
 10
4.9512
 20
-15.5177
 30
0.0
 10
4.9512
 20
-15.5177
 30
0.0
 10
4.978
 20
-15.6468
 30
0.0
 10
4.978
 20
-15.6468
 30
0.0
 10
4.9911
 20
-15.7095
 30
0.0
 10
4.9976
 20
-15.7741
 30
0.0
 10
4.9976
 20
-15.8402
 30
0.0
 10
4.9976
 20
-15.9815
 30
0.0
 10
4.9849
 20
-16.1138
 30
0.0
 10
4.9594
 20
-16.237
 30
0.0
 10
4.9291
 20
-16.3829
 30
0.0
 10
4.8905
 20
-16.456
 30
0.0
 10
4.8437
 20
-16.456
 30
0.0
 10
4.7961
 20
-16.456
 30
0.0
 10
4.7654
 20
-16.3936
 30
0.0
 10
4.7516
 20
-16.2691
 30
0.0
 10
4.7213
 20
-15.9957
 30
0.0
 10
4.7006
 20
-15.8313
 30
0.0
 10
4.6896
 20
-15.7759
 30
0.0
 10
4.6669
 20
-15.6602
 30
0.0
 10
4.6287
 20
-15.5462
 30
0.0
 10
4.575
 20
-15.434
 30
0.0
 10
4.5419
 20
-15.3649
 30
0.0
 10
4.4992
 20
-15.2915
 30
0.0
 10
4.4468
 20
-15.214
 30
0.0
 10
4.4068
 20
-15.1546
 30
0.0
 10
4.3869
 20
-15.1208
 30
0.0
 10
4.3869
 20
-15.1125
 30
0.0
 10
4.3869
 20
-15.105
 30
0.0
 10
4.4061
 20
-15.0625
 30
0.0
 10
4.4447
 20
-14.9853
 30
0.0
 10
4.4957
 20
-14.8841
 30
0.0
 10
4.5394
 20
-14.7931
 30
0.0
 10
4.5759
 20
-14.7125
 30
0.0
 10
4.5842
 20
-14.6946
 30
0.0
 10
4.5942
 20
-14.6856
 30
0.0
 10
4.606
 20
-14.6856
 30
0.0
 10
4.6197
 20
-14.6856
 30
0.0
 10
4.6352
 20
-14.6973
 30
0.0
 10
4.6524
 20
-14.7208
 30
0.0
 10
4.6751
 20
-14.7456
 30
0.0
 10
4.7213
 20
-14.8073
 30
0.0
 10
4.7909
 20
-14.9058
 30
0.0
 10
4.8226
 20
-14.8431
 30
0.0
 10
4.8667
 20
-14.7866
 30
0.0
 10
4.9232
 20
-14.7363
 30
0.0
 10
5.0024
 20
-14.666
 30
0.0
 10
5.0865
 20
-14.6309
 30
0.0
 10
5.1754
 20
-14.6309
 30
0.0
 10
5.2677
 20
-14.6309
 30
0.0
 10
5.34
 20
-14.6612
 30
0.0
 10
5.3924
 20
-14.7218
 30
0.0
 10
5.4296
 20
-14.7646
 30
0.0
 10
5.4482
 20
-14.8034
 30
0.0
 10
5.4482
 20
-14.8386
 30
0.0
 10
5.4482
 20
-14.8937
 30
0.0
 10
5.4276
 20
-14.9213
 30
0.0
 10
5.3862
 20
-14.9213
 30
0.0
 10
5.3717
 20
-14.9213
 30
0.0
 10
5.338
 20
-14.912
 30
0.0
 10
5.2856
 20
-14.893
 30
0.0
 10
5.2325
 20
-14.8741
 30
0.0
 10
5.1905
 20
-14.8645
 30
0.0
 10
5.1588
 20
-14.8645
 30
0.0
 10
5.0879
 20
-14.8645
 30
0.0
 10
5.0276
 20
-14.8824
 30
0.0
 10
4.978
 20
-14.9182
 30
0.0
 10
4.9346
 20
-14.9492
 30
0.0
 10
4.9129
 20
-14.9816
 30
0.0
 10
4.9129
 20
-15.0154
 30
0.0
 10
4.9129
 20
-15.025
 30
0.0
 10
4.9156
 20
-15.0336
 30
0.0
 10
4.9211
 20
-15.0411
 30
0.0
 10
4.9528
 20
-15.0859
 30
0.0
 10
4.9946
 20
-15.1156
 30
0.0
 10
5.0462
 20
-15.13
 30
0.0
 10
5.0807
 20
-15.1397
 30
0.0
 10
5.132
 20
-15.1445
 30
0.0
 10
5.2002
 20
-15.1445
 30
0.0
 10
5.2539
 20
-15.1445
 30
0.0
 10
5.3019
 20
-15.1342
 30
0.0
 10
5.3439
 20
-15.1135
 30
0.0
 10
5.3659
 20
-15.1025
 30
0.0
 10
5.3935
 20
-15.0836
 30
0.0
 10
5.4266
 20
-15.0567
 30
0.0
 10
5.4521
 20
-15.0361
 30
0.0
 10
5.4714
 20
-15.0257
 30
0.0
 10
5.4845
 20
-15.0257
 30
0.0
 10
5.512
 20
-15.0257
 30
0.0
 10
5.5258
 20
-15.0425
 30
0.0
 10
5.5258
 20
-15.0763
 30
0.0
  0
SPLINE
  5
64
330
1F
100
AcDbEntity
  8
Layer 1
 62
   250
100
AcDbSpline
210
0.0
220
0.0
230
1.0
 70
    11
 71
     3
 72
    29
 73
    25
 74
     0
 42
0.0000000001
 43
0.0000000001
 40
0.0
 40
0.0
 40
0.0
 40
0.0
 40
0.125
 40
0.125
 40
0.125
 40
0.25
 40
0.25
 40
0.25
 40
0.375
 40
0.375
 40
0.375
 40
0.5
 40
0.5
 40
0.5
 40
0.625
 40
0.625
 40
0.625
 40
0.75
 40
0.75
 40
0.75
 40
0.875
 40
0.875
 40
0.875
 40
1.0
 40
1.0
 40
1.0
 40
1.0
 10
12.4721
 20
-15.7719
 30
0.0
 10
12.4721
 20
-15.7719
 30
0.0
 10
12.1641
 20
-16.0779
 30
0.0
 10
12.1641
 20
-16.0779
 30
0.0
 10
12.1496
 20
-16.0923
 30
0.0
 10
12.1351
 20
-16.0923
 30
0.0
 10
12.1207
 20
-16.0779
 30
0.0
 10
12.1207
 20
-16.0779
 30
0.0
 10
11.8065
 20
-15.7624
 30
0.0
 10
11.8065
 20
-15.7624
 30
0.0
 10
11.7934
 20
-15.7522
 30
0.0
 10
11.7941
 20
-15.74
 30
0.0
 10
11.8085
 20
-15.7255
 30
0.0
 10
11.8085
 20
-15.7255
 30
0.0
 10
12.1238
 20
-15.4083
 30
0.0
 10
12.1238
 20
-15.4083
 30
0.0
 10
12.1363
 20
-15.3956
 30
0.0
 10
12.1482
 20
-15.3952
 30
0.0
 10
12.1599
 20
-15.4072
 30
0.0
 10
12.1599
 20
-15.4072
 30
0.0
 10
12.4721
 20
-15.719
 30
0.0
 10
12.4721
 20
-15.719
 30
0.0
 10
12.49
 20
-15.7371
 30
0.0
 10
12.49
 20
-15.7547
 30
0.0
 10
12.4721
 20
-15.7719
 30
0.0
  0
SPLINE
  5
65
330
1F
100
AcDbEntity
  8
Layer 1
 62
   250
100
AcDbSpline
210
0.0
220
0.0
230
1.0
 70
    11
 71
     3
 72
    23
 73
    19
 74
     0
 42
0.0000000001
 43
0.0000000001
 40
0.0
 40
0.0
 40
0.0
 40
0.0
 40
0.1666666666666667
 40
0.1666666666666667
 40
0.1666666666666667
 40
0.3333333333333333
 40
0.3333333333333333
 40
0.3333333333333333
 40
0.5
 40
0.5
 40
0.5
 40
0.6666666666666666
 40
0.6666666666666666
 40
0.6666666666666666
 40
0.8333333333333333
 40
0.8333333333333333
 40
0.8333333333333333
 40
1.0
 40
1.0
 40
1.0
 40
1.0
 10
11.2019
 20
-15.1859
 30
0.0
 10
11.1895
 20
-15.0983
 30
0.0
 10
11.1368
 20
-15.0547
 30
0.0
 10
11.0437
 20
-15.0547
 30
0.0
 10
11.0162
 20
-15.0547
 30
0.0
 10
10.9925
 20
-15.0639
 30
0.0
 10
10.9725
 20
-15.0825
 30
0.0
 10
10.9525
 20
-15.1011
 30
0.0
 10
10.9425
 20
-15.1243
 30
0.0
 10
10.9425
 20
-15.1518
 30
0.0
 10
10.9425
 20
-15.1849
 30
0.0
 10
10.967
 20
-15.2058
 30
0.0
 10
11.0159
 20
-15.2149
 30
0.0
 10
11.0386
 20
-15.2188
 30
0.0
 10
11.0878
 20
-15.221
 30
0.0
 10
11.1636
 20
-15.221
 30
0.0
 10
11.1926
 20
-15.221
 30
0.0
 10
11.2054
 20
-15.2093
 30
0.0
 10
11.2019
 20
-15.1859
 30
0.0
  0
SPLINE
  5
66
330
1F
100
AcDbEntity
  8
Layer 1
 62
   250
100
AcDbSpline
210
0.0
220
0.0
230
1.0
 70
    11
 71
     3
 72
    53
 73
    49
 74
     0
 42
0.0000000001
 43
0.0000000001
 40
0.0
 40
0.0
 40
0.0
 40
0.0
 40
0.0625
 40
0.0625
 40
0.0625
 40
0.125
 40
0.125
 40
0.125
 40
0.1875
 40
0.1875
 40
0.1875
 40
0.25
 40
0.25
 40
0.25
 40
0.3125
 40
0.3125
 40
0.3125
 40
0.375
 40
0.375
 40
0.375
 40
0.4375
 40
0.4375
 40
0.4375
 40
0.5
 40
0.5
 40
0.5
 40
0.5625
 40
0.5625
 40
0.5625
 40
0.625
 40
0.625
 40
0.625
 40
0.6875
 40
0.6875
 40
0.6875
 40
0.75
 40
0.75
 40
0.75
 40
0.8125
 40
0.8125
 40
0.8125
 40
0.875
 40
0.875
 40
0.875
 40
0.9375
 40
0.9375
 40
0.9375
 40
1.0
 40
1.0
 40
1.0
 40
1.0
 10
11.5802
 20
-15.9826
 30
0.0
 10
11.5699
 20
-16.1283
 30
0.0
 10
11.5577
 20
-16.2635
 30
0.0
 10
11.5439
 20
-16.389
 30
0.0
 10
11.5384
 20
-16.4383
 30
0.0
 10
11.5267
 20
-16.4634
 30
0.0
 10
11.5088
 20
-16.4634
 30
0.0
 10
11.4978
 20
-16.4634
 30
0.0
 10
11.4799
 20
-16.456
 30
0.0
 10
11.4551
 20
-16.4415
 30
0.0
 10
11.2608
 20
-16.3293
 30
0.0
 10
11.1636
 20
-16.1251
 30
0.0
 10
11.1636
 20
-15.8288
 30
0.0
 10
11.1636
 20
-15.8288
 30
0.0
 10
11.1636
 20
-15.6292
 30
0.0
 10
11.1636
 20
-15.6292
 30
0.0
 10
11.1636
 20
-15.6292
 30
0.0
 10
11.0003
 20
-15.6292
 30
0.0
 10
11.0003
 20
-15.6292
 30
0.0
 10
10.9115
 20
-15.6292
 30
0.0
 10
10.8429
 20
-15.6044
 30
0.0
 10
10.795
 20
-15.555
 30
0.0
 10
10.7472
 20
-15.5053
 30
0.0
 10
10.7234
 20
-15.4361
 30
0.0
 10
10.7234
 20
-15.3472
 30
0.0
 10
10.7234
 20
-15.2294
 30
0.0
 10
10.7571
 20
-15.097
 30
0.0
 10
10.8246
 20
-14.9502
 30
0.0
 10
10.9094
 20
-14.7656
 30
0.0
 10
11.0152
 20
-14.6732
 30
0.0
 10
11.142
 20
-14.6732
 30
0.0
 10
11.3521
 20
-14.6732
 30
0.0
 10
11.4572
 20
-14.8193
 30
0.0
 10
11.4572
 20
-15.1114
 30
0.0
 10
11.4572
 20
-15.1562
 30
0.0
 10
11.4513
 20
-15.2244
 30
0.0
 10
11.4396
 20
-15.3155
 30
0.0
 10
11.4279
 20
-15.4072
 30
0.0
 10
11.4224
 20
-15.476
 30
0.0
 10
11.4231
 20
-15.5229
 30
0.0
 10
11.4245
 20
-15.6909
 30
0.0
 10
11.4613
 20
-15.8169
 30
0.0
 10
11.5336
 20
-15.9001
 30
0.0
 10
11.5336
 20
-15.9001
 30
0.0
 10
11.5729
 20
-15.9331
 30
0.0
 10
11.5729
 20
-15.9331
 30
0.0
 10
11.5798
 20
-15.9406
 30
0.0
 10
11.5823
 20
-15.9571
 30
0.0
 10
11.5802
 20
-15.9826
 30
0.0
  0
SPLINE
  5
67
330
1F
100
AcDbEntity
  8
Layer 1
 62
   250
100
AcDbSpline
210
0.0
220
0.0
230
1.0
 70
    11
 71
     3
 72
    59
 73
    55
 74
     0
 42
0.0000000001
 43
0.0000000001
 40
0.0
 40
0.0
 40
0.0
 40
0.0
 40
0.0555555555555556
 40
0.0555555555555556
 40
0.0555555555555556
 40
0.1111111111111111
 40
0.1111111111111111
 40
0.1111111111111111
 40
0.1666666666666667
 40
0.1666666666666667
 40
0.1666666666666667
 40
0.2222222222222222
 40
0.2222222222222222
 40
0.2222222222222222
 40
0.2777777777777778
 40
0.2777777777777778
 40
0.2777777777777778
 40
0.3333333333333333
 40
0.3333333333333333
 40
0.3333333333333333
 40
0.3888888888888888
 40
0.3888888888888888
 40
0.3888888888888888
 40
0.4444444444444444
 40
0.4444444444444444
 40
0.4444444444444444
 40
0.5
 40
0.5
 40
0.5
 40
0.5555555555555556
 40
0.5555555555555556
 40
0.5555555555555556
 40
0.611111111111111
 40
0.611111111111111
 40
0.611111111111111
 40
0.6666666666666666
 40
0.6666666666666666
 40
0.6666666666666666
 40
0.7222222222222222
 40
0.7222222222222222
 40
0.7222222222222222
 40
0.7777777777777777
 40
0.7777777777777777
 40
0.7777777777777777
 40
0.8333333333333333
 40
0.8333333333333333
 40
0.8333333333333333
 40
0.8888888888888888
 40
0.8888888888888888
 40
0.8888888888888888
 40
0.9444444444444444
 40
0.9444444444444444
 40
0.9444444444444444
 40
1.0
 40
1.0
 40
1.0
 40
1.0
 10
10.5456
 20
-15.2044
 30
0.0
 10
10.5456
 20
-15.2115
 30
0.0
 10
10.529
 20
-15.2333
 30
0.0
 10
10.496
 20
-15.2707
 30
0.0
 10
10.4484
 20
-15.3244
 30
0.0
 10
10.4057
 20
-15.3804
 30
0.0
 10
10.3678
 20
-15.439
 30
0.0
 10
10.239
 20
-15.639
 30
0.0
 10
10.1432
 20
-15.8729
 30
0.0
 10
10.0805
 20
-16.141
 30
0.0
 10
10.0709
 20
-16.1851
 30
0.0
 10
10.0522
 20
-16.2642
 30
0.0
 10
10.0247
 20
-16.3784
 30
0.0
 10
10.0102
 20
-16.4352
 30
0.0
 10
9.9858
 20
-16.4634
 30
0.0
 10
9.9514
 20
-16.4634
 30
0.0
 10
9.9204
 20
-16.4634
 30
0.0
 10
9.8951
 20
-16.4345
 30
0.0
 10
9.8758
 20
-16.3766
 30
0.0
 10
9.8717
 20
-16.3639
 30
0.0
 10
9.8528
 20
-16.2835
 30
0.0
 10
9.8191
 20
-16.1346
 30
0.0
 10
9.7488
 20
-15.8239
 30
0.0
 10
9.6427
 20
-15.5532
 30
0.0
 10
9.5008
 20
-15.3221
 30
0.0
 10
9.5008
 20
-15.3221
 30
0.0
 10
9.4036
 20
-15.1642
 30
0.0
 10
9.4036
 20
-15.1642
 30
0.0
 10
9.4036
 20
-15.1484
 30
0.0
 10
9.4449
 20
-15.0037
 30
0.0
 10
9.5276
 20
-14.7301
 30
0.0
 10
9.5387
 20
-14.6943
 30
0.0
 10
9.5506
 20
-14.6764
 30
0.0
 10
9.5637
 20
-14.6764
 30
0.0
 10
9.5754
 20
-14.6764
 30
0.0
 10
9.5899
 20
-14.6874
 30
0.0
 10
9.6071
 20
-14.7095
 30
0.0
 10
9.6967
 20
-14.8252
 30
0.0
 10
9.7753
 20
-14.9654
 30
0.0
 10
9.8428
 20
-15.13
 30
0.0
 10
9.9006
 20
-15.2714
 30
0.0
 10
9.941
 20
-15.4044
 30
0.0
 10
9.9638
 20
-15.529
 30
0.0
 10
10.0458
 20
-15.19
 30
0.0
 10
10.1912
 20
-14.9137
 30
0.0
 10
10.3999
 20
-14.7001
 30
0.0
 10
10.4116
 20
-14.6884
 30
0.0
 10
10.4213
 20
-14.6826
 30
0.0
 10
10.4289
 20
-14.6826
 30
0.0
 10
10.4433
 20
-14.6826
 30
0.0
 10
10.4546
 20
-14.7042
 30
0.0
 10
10.4629
 20
-14.7476
 30
0.0
 10
10.518
 20
-15.037
 30
0.0
 10
10.5456
 20
-15.1893
 30
0.0
 10
10.5456
 20
-15.2044
 30
0.0
  0
SPLINE
  5
68
330
1F
100
AcDbEntity
  8
Layer 1
 62
   250
100
AcDbSpline
210
0.0
220
0.0
230
1.0
 70
    11
 71
     3
 72
    59
 73
    55
 74
     0
 42
0.0000000001
 43
0.0000000001
 40
0.0
 40
0.0
 40
0.0
 40
0.0
 40
0.0555555555555556
 40
0.0555555555555556
 40
0.0555555555555556
 40
0.1111111111111111
 40
0.1111111111111111
 40
0.1111111111111111
 40
0.1666666666666667
 40
0.1666666666666667
 40
0.1666666666666667
 40
0.2222222222222222
 40
0.2222222222222222
 40
0.2222222222222222
 40
0.2777777777777778
 40
0.2777777777777778
 40
0.2777777777777778
 40
0.3333333333333333
 40
0.3333333333333333
 40
0.3333333333333333
 40
0.3888888888888888
 40
0.3888888888888888
 40
0.3888888888888888
 40
0.4444444444444444
 40
0.4444444444444444
 40
0.4444444444444444
 40
0.5
 40
0.5
 40
0.5
 40
0.5555555555555556
 40
0.5555555555555556
 40
0.5555555555555556
 40
0.611111111111111
 40
0.611111111111111
 40
0.611111111111111
 40
0.6666666666666666
 40
0.6666666666666666
 40
0.6666666666666666
 40
0.7222222222222222
 40
0.7222222222222222
 40
0.7222222222222222
 40
0.7777777777777777
 40
0.7777777777777777
 40
0.7777777777777777
 40
0.8333333333333333
 40
0.8333333333333333
 40
0.8333333333333333
 40
0.8888888888888888
 40
0.8888888888888888
 40
0.8888888888888888
 40
0.9444444444444444
 40
0.9444444444444444
 40
0.9444444444444444
 40
1.0
 40
1.0
 40
1.0
 40
1.0
 10
9.2351
 20
-15.9858
 30
0.0
 10
9.2351
 20
-16.0073
 30
0.0
 10
9.1937
 20
-16.1523
 30
0.0
 10
9.1111
 20
-16.4211
 30
0.0
 10
9.1
 20
-16.456
 30
0.0
 10
9.0883
 20
-16.4736
 30
0.0
 10
9.0759
 20
-16.4736
 30
0.0
 10
9.0642
 20
-16.4736
 30
0.0
 10
9.0497
 20
-16.4627
 30
0.0
 10
9.0325
 20
-16.4406
 30
0.0
 10
8.9436
 20
-16.3248
 30
0.0
 10
8.8651
 20
-16.1851
 30
0.0
 10
8.7968
 20
-16.0211
 30
0.0
 10
8.7376
 20
-15.8786
 30
0.0
 10
8.6969
 20
-15.7452
 30
0.0
 10
8.6749
 20
-15.621
 30
0.0
 10
8.5929
 20
-15.9621
 30
0.0
 10
8.4479
 20
-16.2387
 30
0.0
 10
8.2398
 20
-16.451
 30
0.0
 10
8.2288
 20
-16.462
 30
0.0
 10
8.2192
 20
-16.4673
 30
0.0
 10
8.2109
 20
-16.4673
 30
0.0
 10
8.1957
 20
-16.4673
 30
0.0
 10
8.184
 20
-16.4458
 30
0.0
 10
8.1758
 20
-16.4024
 30
0.0
 10
8.1206
 20
-16.1131
 30
0.0
 10
8.0931
 20
-15.9607
 30
0.0
 10
8.0931
 20
-15.9456
 30
0.0
 10
8.0931
 20
-15.9385
 30
0.0
 10
8.1096
 20
-15.9166
 30
0.0
 10
8.1427
 20
-15.8793
 30
0.0
 10
8.1896
 20
-15.8271
 30
0.0
 10
8.2322
 20
-15.771
 30
0.0
 10
8.2708
 20
-15.711
 30
0.0
 10
8.4004
 20
-15.5107
 30
0.0
 10
8.4964
 20
-15.2764
 30
0.0
 10
8.5591
 20
-15.0092
 30
0.0
 10
8.5688
 20
-14.9651
 30
0.0
 10
8.5874
 20
-14.8861
 30
0.0
 10
8.6149
 20
-14.7724
 30
0.0
 10
8.6294
 20
-14.716
 30
0.0
 10
8.6535
 20
-14.6877
 30
0.0
 10
8.6873
 20
-14.6877
 30
0.0
 10
8.7197
 20
-14.6877
 30
0.0
 10
8.7452
 20
-14.7166
 30
0.0
 10
8.7638
 20
-14.7745
 30
0.0
 10
8.7686
 20
-14.789
 30
0.0
 10
8.7876
 20
-14.8693
 30
0.0
 10
8.8207
 20
-15.0154
 30
0.0
 10
8.8917
 20
-15.3282
 30
0.0
 10
8.9974
 20
-15.5991
 30
0.0
 10
9.1379
 20
-15.8277
 30
0.0
 10
9.1379
 20
-15.8277
 30
0.0
 10
9.2351
 20
-15.9858
 30
0.0
 10
9.2351
 20
-15.9858
 30
0.0
  0
SPLINE
  5
69
330
1F
100
AcDbEntity
  8
Layer 1
 62
   250
100
AcDbSpline
210
0.0
220
0.0
230
1.0
 70
    11
 71
     3
 72
    62
 73
    58
 74
     0
 42
0.0000000001
 43
0.0000000001
 40
0.0
 40
0.0
 40
0.0
 40
0.0
 40
0.0526315789473684
 40
0.0526315789473684
 40
0.0526315789473684
 40
0.1052631578947368
 40
0.1052631578947368
 40
0.1052631578947368
 40
0.1578947368421053
 40
0.1578947368421053
 40
0.1578947368421053
 40
0.2105263157894737
 40
0.2105263157894737
 40
0.2105263157894737
 40
0.2631578947368421
 40
0.2631578947368421
 40
0.2631578947368421
 40
0.3157894736842105
 40
0.3157894736842105
 40
0.3157894736842105
 40
0.3684210526315789
 40
0.3684210526315789
 40
0.3684210526315789
 40
0.4210526315789473
 40
0.4210526315789473
 40
0.4210526315789473
 40
0.4736842105263158
 40
0.4736842105263158
 40
0.4736842105263158
 40
0.5263157894736842
 40
0.5263157894736842
 40
0.5263157894736842
 40
0.5789473684210527
 40
0.5789473684210527
 40
0.5789473684210527
 40
0.631578947368421
 40
0.631578947368421
 40
0.631578947368421
 40
0.6842105263157894
 40
0.6842105263157894
 40
0.6842105263157894
 40
0.7368421052631579
 40
0.7368421052631579
 40
0.7368421052631579
 40
0.7894736842105263
 40
0.7894736842105263
 40
0.7894736842105263
 40
0.8421052631578947
 40
0.8421052631578947
 40
0.8421052631578947
 40
0.894736842105263
 40
0.894736842105263
 40
0.894736842105263
 40
0.9473684210526315
 40
0.9473684210526315
 40
0.9473684210526315
 40
1.0
 40
1.0
 40
1.0
 40
1.0
 10
7.8802
 20
-14.8386
 30
0.0
 10
7.8802
 20
-14.9943
 30
0.0
 10
7.855
 20
-15.1231
 30
0.0
 10
7.8046
 20
-15.2251
 30
0.0
 10
7.7413
 20
-15.354
 30
0.0
 10
7.6413
 20
-15.4298
 30
0.0
 10
7.5049
 20
-15.4524
 30
0.0
 10
7.5228
 20
-15.56
 30
0.0
 10
7.5318
 20
-15.6891
 30
0.0
 10
7.5318
 20
-15.8402
 30
0.0
 10
7.5318
 20
-15.9815
 30
0.0
 10
7.5191
 20
-16.1138
 30
0.0
 10
7.4936
 20
-16.237
 30
0.0
 10
7.4633
 20
-16.3829
 30
0.0
 10
7.4247
 20
-16.456
 30
0.0
 10
7.3779
 20
-16.456
 30
0.0
 10
7.3303
 20
-16.456
 30
0.0
 10
7.2996
 20
-16.3936
 30
0.0
 10
7.2858
 20
-16.2691
 30
0.0
 10
7.2555
 20
-15.9981
 30
0.0
 10
7.2348
 20
-15.8341
 30
0.0
 10
7.2238
 20
-15.7759
 30
0.0
 10
7.1866
 20
-15.5864
 30
0.0
 10
7.106
 20
-15.3992
 30
0.0
 10
6.982
 20
-15.214
 30
0.0
 10
6.9413
 20
-15.1532
 30
0.0
 10
6.9211
 20
-15.1194
 30
0.0
 10
6.9211
 20
-15.1125
 30
0.0
 10
6.9211
 20
-15.1043
 30
0.0
 10
6.94
 20
-15.0618
 30
0.0
 10
6.9778
 20
-14.9853
 30
0.0
 10
7.0268
 20
-14.8861
 30
0.0
 10
7.0709
 20
-14.7952
 30
0.0
 10
7.1101
 20
-14.7125
 30
0.0
 10
7.1191
 20
-14.6939
 30
0.0
 10
7.1301
 20
-14.6847
 30
0.0
 10
7.1432
 20
-14.6847
 30
0.0
 10
7.1584
 20
-14.6847
 30
0.0
 10
7.1728
 20
-14.6967
 30
0.0
 10
7.1866
 20
-14.7208
 30
0.0
 10
7.2259
 20
-14.7904
 30
0.0
 10
7.2665
 20
-14.84
 30
0.0
 10
7.3086
 20
-14.8696
 30
0.0
 10
7.3561
 20
-14.9026
 30
0.0
 10
7.4174
 20
-14.9192
 30
0.0
 10
7.4925
 20
-14.9192
 30
0.0
 10
7.5656
 20
-14.9192
 30
0.0
 10
7.6211
 20
-14.8971
 30
0.0
 10
7.659
 20
-14.853
 30
0.0
 10
7.6749
 20
-14.8345
 30
0.0
 10
7.6962
 20
-14.7938
 30
0.0
 10
7.7231
 20
-14.7311
 30
0.0
 10
7.7417
 20
-14.687
 30
0.0
 10
7.7644
 20
-14.6649
 30
0.0
 10
7.7913
 20
-14.6649
 30
0.0
 10
7.8505
 20
-14.6649
 30
0.0
 10
7.8802
 20
-14.7228
 30
0.0
 10
7.8802
 20
-14.8386
 30
0.0
  0
SPLINE
  5
6A
330
1F
100
AcDbEntity
  8
Layer 1
 62
   250
100
AcDbSpline
210
0.0
220
0.0
230
1.0
 70
    11
 71
     3
 72
    80
 73
    76
 74
     0
 42
0.0000000001
 43
0.0000000001
 40
0.0
 40
0.0
 40
0.0
 40
0.0
 40
0.04
 40
0.04
 40
0.04
 40
0.08
 40
0.08
 40
0.08
 40
0.12
 40
0.12
 40
0.12
 40
0.16
 40
0.16
 40
0.16
 40
0.2
 40
0.2
 40
0.2
 40
0.24
 40
0.24
 40
0.24
 40
0.28
 40
0.28
 40
0.28
 40
0.32
 40
0.32
 40
0.32
 40
0.36
 40
0.36
 40
0.36
 40
0.4
 40
0.4
 40
0.4
 40
0.44
 40
0.44
 40
0.44
 40
0.48
 40
0.48
 40
0.48
 40
0.52
 40
0.52
 40
0.52
 40
0.56
 40
0.56
 40
0.56
 40
0.6
 40
0.6
 40
0.6
 40
0.64
 40
0.64
 40
0.64
 40
0.68
 40
0.68
 40
0.68
 40
0.72
 40
0.72
 40
0.72
 40
0.76
 40
0.76
 40
0.76
 40
0.8
 40
0.8
 40
0.8
 40
0.84
 40
0.84
 40
0.84
 40
0.88
 40
0.88
 40
0.88
 40
0.92
 40
0.92
 40
0.92
 40
0.96
 40
0.96
 40
0.96
 40
1.0
 40
1.0
 40
1.0
 40
1.0
 10
6.7856
 20
-15.1807
 30
0.0
 10
6.7856
 20
-15.2125
 30
0.0
 10
6.7718
 20
-15.2837
 30
0.0
 10
6.7443
 20
-15.3945
 30
0.0
 10
6.7146
 20
-15.5138
 30
0.0
 10
6.6919
 20
-15.5801
 30
0.0
 10
6.676
 20
-15.5932
 30
0.0
 10
6.6389
 20
-15.6054
 30
0.0
 10
6.6023
 20
-15.6185
 30
0.0
 10
6.5665
 20
-15.6323
 30
0.0
 10
6.4115
 20
-15.6923
 30
0.0
 10
6.2444
 20
-15.8386
 30
0.0
 10
6.0653
 20
-16.0715
 30
0.0
 10
6.015
 20
-16.1378
 30
0.0
 10
5.9516
 20
-16.2314
 30
0.0
 10
5.8751
 20
-16.3526
 30
0.0
 10
5.8276
 20
-16.4286
 30
0.0
 10
5.7876
 20
-16.4666
 30
0.0
 10
5.7553
 20
-16.4666
 30
0.0
 10
5.7222
 20
-16.4666
 30
0.0
 10
5.7056
 20
-16.4299
 30
0.0
 10
5.7056
 20
-16.3569
 30
0.0
 10
5.7056
 20
-16.3388
 30
0.0
 10
5.7063
 20
-16.3227
 30
0.0
 10
5.7077
 20
-16.3083
 30
0.0
 10
5.716
 20
-16.2235
 30
0.0
 10
5.7608
 20
-16.0894
 30
0.0
 10
5.8421
 20
-15.9064
 30
0.0
 10
5.8813
 20
-15.8182
 30
0.0
 10
5.942
 20
-15.7226
 30
0.0
 10
6.024
 20
-15.6199
 30
0.0
 10
5.8441
 20
-15.5779
 30
0.0
 10
5.7541
 20
-15.4626
 30
0.0
 10
5.7541
 20
-15.2739
 30
0.0
 10
5.7541
 20
-15.1814
 30
0.0
 10
5.8079
 20
-15.0712
 30
0.0
 10
5.9154
 20
-14.943
 30
0.0
 10
6.0614
 20
-14.7687
 30
0.0
 10
6.1928
 20
-14.6815
 30
0.0
 10
6.3092
 20
-14.6815
 30
0.0
 10
6.3788
 20
-14.6815
 30
0.0
 10
6.448
 20
-14.7101
 30
0.0
 10
6.5169
 20
-14.7674
 30
0.0
 10
6.5885
 20
-14.8273
 30
0.0
 10
6.6244
 20
-14.8914
 30
0.0
 10
6.6244
 20
-14.9596
 30
0.0
 10
6.6244
 20
-15.0106
 30
0.0
 10
6.6058
 20
-15.0361
 30
0.0
 10
6.5685
 20
-15.0361
 30
0.0
 10
6.5486
 20
-15.0361
 30
0.0
 10
6.5059
 20
-15.0253
 30
0.0
 10
6.4404
 20
-15.004
 30
0.0
 10
6.3749
 20
-14.9826
 30
0.0
 10
6.3246
 20
-14.972
 30
0.0
 10
6.2895
 20
-14.972
 30
0.0
 10
6.2061
 20
-14.972
 30
0.0
 10
6.1317
 20
-14.9926
 30
0.0
 10
6.0663
 20
-15.034
 30
0.0
 10
6.0063
 20
-15.0719
 30
0.0
 10
5.9764
 20
-15.1087
 30
0.0
 10
5.9764
 20
-15.1445
 30
0.0
 10
5.9764
 20
-15.1976
 30
0.0
 10
6.0157
 20
-15.2418
 30
0.0
 10
6.0942
 20
-15.2767
 30
0.0
 10
6.159
 20
-15.3056
 30
0.0
 10
6.2217
 20
-15.3201
 30
0.0
 10
6.2823
 20
-15.3201
 30
0.0
 10
6.3237
 20
-15.3201
 30
0.0
 10
6.407
 20
-15.2823
 30
0.0
 10
6.5325
 20
-15.2058
 30
0.0
 10
6.6579
 20
-15.13
 30
0.0
 10
6.7274
 20
-15.0919
 30
0.0
 10
6.7412
 20
-15.0919
 30
0.0
 10
6.7709
 20
-15.0919
 30
0.0
 10
6.7856
 20
-15.1215
 30
0.0
 10
6.7856
 20
-15.1807
 30
0.0
  0
SPLINE
  5
6B
330
1F
100
AcDbEntity
  8
Layer 1
 62
   250
100
AcDbSpline
210
0.0
220
0.0
230
1.0
 70
    11
 71
     3
 72
    89
 73
    85
 74
     0
 42
0.0000000001
 43
0.0000000001
 40
0.0
 40
0.0
 40
0.0
 40
0.0
 40
0.0357142857142857
 40
0.0357142857142857
 40
0.0357142857142857
 40
0.0714285714285714
 40
0.0714285714285714
 40
0.0714285714285714
 40
0.1071428571428571
 40
0.1071428571428571
 40
0.1071428571428571
 40
0.1428571428571428
 40
0.1428571428571428
 40
0.1428571428571428
 40
0.1785714285714285
 40
0.1785714285714285
 40
0.1785714285714285
 40
0.2142857142857143
 40
0.2142857142857143
 40
0.2142857142857143
 40
0.25
 40
0.25
 40
0.25
 40
0.2857142857142857
 40
0.2857142857142857
 40
0.2857142857142857
 40
0.3214285714285714
 40
0.3214285714285714
 40
0.3214285714285714
 40
0.3571428571428571
 40
0.3571428571428571
 40
0.3571428571428571
 40
0.3928571428571428
 40
0.3928571428571428
 40
0.3928571428571428
 40
0.4285714285714285
 40
0.4285714285714285
 40
0.4285714285714285
 40
0.4642857142857142
 40
0.4642857142857142
 40
0.4642857142857142
 40
0.5
 40
0.5
 40
0.5
 40
0.5357142857142857
 40
0.5357142857142857
 40
0.5357142857142857
 40
0.5714285714285714
 40
0.5714285714285714
 40
0.5714285714285714
 40
0.6071428571428571
 40
0.6071428571428571
 40
0.6071428571428571
 40
0.6428571428571428
 40
0.6428571428571428
 40
0.6428571428571428
 40
0.6785714285714285
 40
0.6785714285714285
 40
0.6785714285714285
 40
0.7142857142857142
 40
0.7142857142857142
 40
0.7142857142857142
 40
0.75
 40
0.75
 40
0.75
 40
0.7857142857142857
 40
0.7857142857142857
 40
0.7857142857142857
 40
0.8214285714285714
 40
0.8214285714285714
 40
0.8214285714285714
 40
0.8571428571428571
 40
0.8571428571428571
 40
0.8571428571428571
 40
0.8928571428571428
 40
0.8928571428571428
 40
0.8928571428571428
 40
0.9285714285714285
 40
0.9285714285714285
 40
0.9285714285714285
 40
0.9642857142857142
 40
0.9642857142857142
 40
0.9642857142857142
 40
1.0
 40
1.0
 40
1.0
 40
1.0
 10
4.208
 20
-14.8365
 30
0.0
 10
4.208
 20
-14.9964
 30
0.0
 10
4.1804
 20
-15.1305
 30
0.0
 10
4.1253
 20
-15.2386
 30
0.0
 10
4.064
 20
-15.3592
 30
0.0
 10
3.9799
 20
-15.4196
 30
0.0
 10
3.8731
 20
-15.4196
 30
0.0
 10
3.8125
 20
-15.4196
 30
0.0
 10
3.7605
 20
-15.4001
 30
0.0
 10
3.7171
 20
-15.3617
 30
0.0
 10
3.6944
 20
-15.3886
 30
0.0
 10
3.6471
 20
-15.4171
 30
0.0
 10
3.5755
 20
-15.4474
 30
0.0
 10
3.592
 20
-15.5949
 30
0.0
 10
3.6003
 20
-15.711
 30
0.0
 10
3.6003
 20
-15.7956
 30
0.0
 10
3.6003
 20
-15.9227
 30
0.0
 10
3.5869
 20
-16.0541
 30
0.0
 10
3.56
 20
-16.1904
 30
0.0
 10
3.5249
 20
-16.3689
 30
0.0
 10
3.4787
 20
-16.4582
 30
0.0
 10
3.4215
 20
-16.4582
 30
0.0
 10
3.3733
 20
-16.4582
 30
0.0
 10
3.3398
 20
-16.3981
 30
0.0
 10
3.3212
 20
-16.2782
 30
0.0
 10
3.3178
 20
-16.257
 30
0.0
 10
3.312
 20
-16.1791
 30
0.0
 10
3.3037
 20
-16.0447
 30
0.0
 10
3.2948
 20
-15.9015
 30
0.0
 10
3.2831
 20
-15.7952
 30
0.0
 10
3.2686
 20
-15.7265
 30
0.0
 10
3.2417
 20
-15.5991
 30
0.0
 10
3.2054
 20
-15.4859
 30
0.0
 10
3.16
 20
-15.3875
 30
0.0
 10
3.1317
 20
-15.3268
 30
0.0
 10
3.097
 20
-15.2676
 30
0.0
 10
3.0557
 20
-15.2097
 30
0.0
 10
3.024
 20
-15.1656
 30
0.0
 10
3.0081
 20
-15.139
 30
0.0
 10
3.0081
 20
-15.13
 30
0.0
 10
3.0081
 20
-15.1149
 30
0.0
 10
3.0353
 20
-15.0515
 30
0.0
 10
3.0897
 20
-14.9399
 30
0.0
 10
3.0897
 20
-14.9399
 30
0.0
 10
3.2004
 20
-14.7125
 30
0.0
 10
3.2004
 20
-14.7125
 30
0.0
 10
3.2127
 20
-14.6863
 30
0.0
 10
3.2252
 20
-14.6732
 30
0.0
 10
3.2375
 20
-14.6732
 30
0.0
 10
3.2513
 20
-14.6732
 30
0.0
 10
3.2658
 20
-14.6884
 30
0.0
 10
3.281
 20
-14.7187
 30
0.0
 10
3.3492
 20
-14.8537
 30
0.0
 10
3.4239
 20
-14.9213
 30
0.0
 10
3.5052
 20
-14.9213
 30
0.0
 10
3.561
 20
-14.9213
 30
0.0
 10
3.6007
 20
-14.902
 30
0.0
 10
3.6241
 20
-14.8634
 30
0.0
 10
3.6275
 20
-14.8579
 30
0.0
 10
3.64
 20
-14.822
 30
0.0
 10
3.6613
 20
-14.7559
 30
0.0
 10
3.6737
 20
-14.7173
 30
0.0
 10
3.6946
 20
-14.698
 30
0.0
 10
3.7243
 20
-14.698
 30
0.0
 10
3.7532
 20
-14.698
 30
0.0
 10
3.7739
 20
-14.718
 30
0.0
 10
3.7863
 20
-14.758
 30
0.0
 10
3.7904
 20
-14.7704
 30
0.0
 10
3.8015
 20
-14.8073
 30
0.0
 10
3.8194
 20
-14.8686
 30
0.0
 10
3.838
 20
-14.9086
 30
0.0
 10
3.8687
 20
-14.9286
 30
0.0
 10
3.9114
 20
-14.9286
 30
0.0
 10
3.9583
 20
-14.9286
 30
0.0
 10
3.9937
 20
-14.9082
 30
0.0
 10
4.0178
 20
-14.8675
 30
0.0
 10
4.0219
 20
-14.8579
 30
0.0
 10
4.0364
 20
-14.8207
 30
0.0
 10
4.0612
 20
-14.7559
 30
0.0
 10
4.0771
 20
-14.7152
 30
0.0
 10
4.0981
 20
-14.695
 30
0.0
 10
4.1243
 20
-14.695
 30
0.0
 10
4.1801
 20
-14.695
 30
0.0
 10
4.208
 20
-14.7421
 30
0.0
 10
4.208
 20
-14.8365
 30
0.0
  0
SPLINE
  5
6C
330
1F
100
AcDbEntity
  8
Layer 1
 62
   250
100
AcDbSpline
210
0.0
220
0.0
230
1.0
 70
    11
 71
     3
 72
    44
 73
    40
 74
     0
 42
0.0000000001
 43
0.0000000001
 40
0.0
 40
0.0
 40
0.0
 40
0.0
 40
0.0769230769230769
 40
0.0769230769230769
 40
0.0769230769230769
 40
0.1538461538461539
 40
0.1538461538461539
 40
0.1538461538461539
 40
0.2307692307692308
 40
0.2307692307692308
 40
0.2307692307692308
 40
0.3076923076923077
 40
0.3076923076923077
 40
0.3076923076923077
 40
0.3846153846153846
 40
0.3846153846153846
 40
0.3846153846153846
 40
0.4615384615384616
 40
0.4615384615384616
 40
0.4615384615384616
 40
0.5384615384615385
 40
0.5384615384615385
 40
0.5384615384615385
 40
0.6153846153846154
 40
0.6153846153846154
 40
0.6153846153846154
 40
0.6923076923076923
 40
0.6923076923076923
 40
0.6923076923076923
 40
0.7692307692307693
 40
0.7692307692307693
 40
0.7692307692307693
 40
0.8461538461538463
 40
0.8461538461538463
 40
0.8461538461538463
 40
0.9230769230769231
 40
0.9230769230769231
 40
0.9230769230769231
 40
1.0
 40
1.0
 40
1.0
 40
1.0
 10
2.7176
 20
-15.7687
 30
0.0
 10
2.7176
 20
-15.899
 30
0.0
 10
2.7107
 20
-16.0222
 30
0.0
 10
2.697
 20
-16.1378
 30
0.0
 10
2.6715
 20
-16.3506
 30
0.0
 10
2.6294
 20
-16.4571
 30
0.0
 10
2.5709
 20
-16.4571
 30
0.0
 10
2.5385
 20
-16.4571
 30
0.0
 10
2.5175
 20
-16.443
 30
0.0
 10
2.5079
 20
-16.4148
 30
0.0
 10
2.501
 20
-16.3946
 30
0.0
 10
2.4916
 20
-16.3304
 30
0.0
 10
2.4799
 20
-16.2214
 30
0.0
 10
2.4599
 20
-16.0376
 30
0.0
 10
2.4427
 20
-15.9004
 30
0.0
 10
2.4282
 20
-15.8101
 30
0.0
 10
2.4034
 20
-15.6581
 30
0.0
 10
2.3717
 20
-15.5236
 30
0.0
 10
2.3332
 20
-15.4072
 30
0.0
 10
2.3125
 20
-15.3451
 30
0.0
 10
2.286
 20
-15.2809
 30
0.0
 10
2.2537
 20
-15.2149
 30
0.0
 10
2.2302
 20
-15.1666
 30
0.0
 10
2.2185
 20
-15.136
 30
0.0
 10
2.2185
 20
-15.1229
 30
0.0
 10
2.2185
 20
-15.1091
 30
0.0
 10
2.2523
 20
-15.0354
 30
0.0
 10
2.3198
 20
-14.9017
 30
0.0
 10
2.3894
 20
-14.7639
 30
0.0
 10
2.4314
 20
-14.695
 30
0.0
 10
2.4459
 20
-14.695
 30
0.0
 10
2.47
 20
-14.695
 30
0.0
 10
2.502
 20
-14.7338
 30
0.0
 10
2.5419
 20
-14.8117
 30
0.0
 10
2.5895
 20
-14.9047
 30
0.0
 10
2.6288
 20
-15.0232
 30
0.0
 10
2.6598
 20
-15.1672
 30
0.0
 10
2.6983
 20
-15.3479
 30
0.0
 10
2.7176
 20
-15.5483
 30
0.0
 10
2.7176
 20
-15.7687
 30
0.0
  0
SPLINE
  5
6D
330
1F
100
AcDbEntity
  8
Layer 1
 62
   250
100
AcDbSpline
210
0.0
220
0.0
230
1.0
 70
    11
 71
     3
 72
    35
 73
    31
 74
     0
 42
0.0000000001
 43
0.0000000001
 40
0.0
 40
0.0
 40
0.0
 40
0.0
 40
0.1
 40
0.1
 40
0.1
 40
0.2
 40
0.2
 40
0.2
 40
0.3
 40
0.3
 40
0.3
 40
0.4
 40
0.4
 40
0.4
 40
0.5
 40
0.5
 40
0.5
 40
0.6000000000000001
 40
0.6000000000000001
 40
0.6000000000000001
 40
0.7000000000000001
 40
0.7000000000000001
 40
0.7000000000000001
 40
0.8
 40
0.8
 40
0.8
 40
0.9
 40
0.9
 40
0.9
 40
1.0
 40
1.0
 40
1.0
 40
1.0
 10
1.7068
 20
-15.9082
 30
0.0
 10
1.7068
 20
-15.8478
 30
0.0
 10
1.6542
 20
-15.7384
 30
0.0
 10
1.5488
 20
-15.5808
 30
0.0
 10
1.4468
 20
-15.4284
 30
0.0
 10
1.3651
 20
-15.331
 30
0.0
 10
1.3038
 20
-15.2884
 30
0.0
 10
1.1632
 20
-15.5942
 30
0.0
 10
1.0929
 20
-15.7879
 30
0.0
 10
1.0929
 20
-15.8689
 30
0.0
 10
1.0929
 20
-15.9668
 30
0.0
 10
1.137
 20
-16.0157
 30
0.0
 10
1.2252
 20
-16.0157
 30
0.0
 10
1.261
 20
-16.0157
 30
0.0
 10
1.2952
 20
-15.9869
 30
0.0
 10
1.3276
 20
-15.9286
 30
0.0
 10
1.36
 20
-15.8705
 30
0.0
 10
1.3844
 20
-15.8411
 30
0.0
 10
1.4009
 20
-15.8411
 30
0.0
 10
1.4285
 20
-15.8411
 30
0.0
 10
1.4478
 20
-15.8563
 30
0.0
 10
1.4588
 20
-15.8866
 30
0.0
 10
1.4588
 20
-15.8866
 30
0.0
 10
1.4919
 20
-15.9788
 30
0.0
 10
1.4919
 20
-15.9788
 30
0.0
 10
1.5105
 20
-16.0105
 30
0.0
 10
1.5426
 20
-16.026
 30
0.0
 10
1.5881
 20
-16.026
 30
0.0
 10
1.6673
 20
-16.026
 30
0.0
 10
1.7068
 20
-15.9869
 30
0.0
 10
1.7068
 20
-15.9082
 30
0.0
  0
SPLINE
  5
6E
330
1F
100
AcDbEntity
  8
Layer 1
 62
   250
100
AcDbSpline
210
0.0
220
0.0
230
1.0
 70
    11
 71
     3
 72
    41
 73
    37
 74
     0
 42
0.0000000001
 43
0.0000000001
 40
0.0
 40
0.0
 40
0.0
 40
0.0
 40
0.0833333333333333
 40
0.0833333333333333
 40
0.0833333333333333
 40
0.1666666666666667
 40
0.1666666666666667
 40
0.1666666666666667
 40
0.25
 40
0.25
 40
0.25
 40
0.3333333333333333
 40
0.3333333333333333
 40
0.3333333333333333
 40
0.4166666666666666
 40
0.4166666666666666
 40
0.4166666666666666
 40
0.5
 40
0.5
 40
0.5
 40
0.5833333333333333
 40
0.5833333333333333
 40
0.5833333333333333
 40
0.6666666666666666
 40
0.6666666666666666
 40
0.6666666666666666
 40
0.75
 40
0.75
 40
0.75
 40
0.8333333333333333
 40
0.8333333333333333
 40
0.8333333333333333
 40
0.9166666666666666
 40
0.9166666666666666
 40
0.9166666666666666
 40
1.0
 40
1.0
 40
1.0
 40
1.0
 10
1.9436
 20
-15.9392
 30
0.0
 10
1.9436
 20
-16.0701
 30
0.0
 10
1.9195
 20
-16.1844
 30
0.0
 10
1.8712
 20
-16.2814
 30
0.0
 10
1.8099
 20
-16.4056
 30
0.0
 10
1.7199
 20
-16.4673
 30
0.0
 10
1.6014
 20
-16.4673
 30
0.0
 10
1.5001
 20
-16.4673
 30
0.0
 10
1.4296
 20
-16.4254
 30
0.0
 10
1.3896
 20
-16.3413
 30
0.0
 10
1.3297
 20
-16.4232
 30
0.0
 10
1.256
 20
-16.4645
 30
0.0
 10
1.1684
 20
-16.4645
 30
0.0
 10
1.1044
 20
-16.4645
 30
0.0
 10
1.0433
 20
-16.4374
 30
0.0
 10
0.9854
 20
-16.3838
 30
0.0
 10
0.9083
 20
-16.3114
 30
0.0
 10
0.8697
 20
-16.2094
 30
0.0
 10
0.8697
 20
-16.0779
 30
0.0
 10
0.8697
 20
-15.88
 30
0.0
 10
0.9748
 20
-15.5812
 30
0.0
 10
1.185
 20
-15.1807
 30
0.0
 10
1.185
 20
-15.1807
 30
0.0
 10
1.1177
 20
-15.1197
 30
0.0
 10
1.1177
 20
-15.1197
 30
0.0
 10
1.2548
 20
-14.822
 30
0.0
 10
1.3334
 20
-14.6732
 30
0.0
 10
1.3534
 20
-14.6732
 30
0.0
 10
1.3795
 20
-14.6732
 30
0.0
 10
1.4392
 20
-14.7332
 30
0.0
 10
1.5323
 20
-14.853
 30
0.0
 10
1.6411
 20
-14.9936
 30
0.0
 10
1.7314
 20
-15.147
 30
0.0
 10
1.803
 20
-15.313
 30
0.0
 10
1.8967
 20
-15.5292
 30
0.0
 10
1.9436
 20
-15.7382
 30
0.0
 10
1.9436
 20
-15.9392
 30
0.0
  0
SPLINE
  5
6F
330
1F
100
AcDbEntity
  8
Layer 1
 62
   250
100
AcDbSpline
210
0.0
220
0.0
230
1.0
 70
    11
 71
     3
 72
    29
 73
    25
 74
     0
 42
0.0000000001
 43
0.0000000001
 40
0.0
 40
0.0
 40
0.0
 40
0.0
 40
0.125
 40
0.125
 40
0.125
 40
0.25
 40
0.25
 40
0.25
 40
0.375
 40
0.375
 40
0.375
 40
0.5
 40
0.5
 40
0.5
 40
0.625
 40
0.625
 40
0.625
 40
0.75
 40
0.75
 40
0.75
 40
0.875
 40
0.875
 40
0.875
 40
1.0
 40
1.0
 40
1.0
 40
1.0
 10
0.6361
 20
-15.7719
 30
0.0
 10
0.6361
 20
-15.7719
 30
0.0
 10
0.3281
 20
-16.0779
 30
0.0
 10
0.3281
 20
-16.0779
 30
0.0
 10
0.3137
 20
-16.0923
 30
0.0
 10
0.2992
 20
-16.0923
 30
0.0
 10
0.2847
 20
-16.0779
 30
0.0
 10
0.2847
 20
-16.0779
 30
0.0
 10
-0.0295
 20
-15.7624
 30
0.0
 10
-0.0295
 20
-15.7624
 30
0.0
 10
-0.0426
 20
-15.7522
 30
0.0
 10
-0.0419
 20
-15.74
 30
0.0
 10
-0.0274
 20
-15.7255
 30
0.0
 10
-0.0274
 20
-15.7255
 30
0.0
 10
0.2879
 20
-15.4083
 30
0.0
 10
0.2879
 20
-15.4083
 30
0.0
 10
0.3003
 20
-15.3956
 30
0.0
 10
0.3123
 20
-15.3952
 30
0.0
 10
0.324
 20
-15.4072
 30
0.0
 10
0.324
 20
-15.4072
 30
0.0
 10
0.6361
 20
-15.719
 30
0.0
 10
0.6361
 20
-15.719
 30
0.0
 10
0.654
 20
-15.7371
 30
0.0
 10
0.654
 20
-15.7547
 30
0.0
 10
0.6361
 20
-15.7719
 30
0.0
  0
SPLINE
  5
70
330
1F
100
AcDbEntity
  8
Layer 1
 62
   250
100
AcDbSpline
210
0.0
220
0.0
230
1.0
 70
    11
 71
     3
 72
    29
 73
    25
 74
     0
 42
0.0000000001
 43
0.0000000001
 40
0.0
 40
0.0
 40
0.0
 40
0.0
 40
0.125
 40
0.125
 40
0.125
 40
0.25
 40
0.25
 40
0.25
 40
0.375
 40
0.375
 40
0.375
 40
0.5
 40
0.5
 40
0.5
 40
0.625
 40
0.625
 40
0.625
 40
0.75
 40
0.75
 40
0.75
 40
0.875
 40
0.875
 40
0.875
 40
1.0
 40
1.0
 40
1.0
 40
1.0
 10
11.9794
 20
-12.4881
 30
0.0
 10
11.9794
 20
-12.4881
 30
0.0
 10
11.6714
 20
-12.794
 30
0.0
 10
11.6714
 20
-12.794
 30
0.0
 10
11.657
 20
-12.8084
 30
0.0
 10
11.6425
 20
-12.8084
 30
0.0
 10
11.628
 20
-12.794
 30
0.0
 10
11.628
 20
-12.794
 30
0.0
 10
11.3138
 20
-12.4787
 30
0.0
 10
11.3138
 20
-12.4787
 30
0.0
 10
11.3007
 20
-12.4684
 30
0.0
 10
11.3014
 20
-12.456
 30
0.0
 10
11.3159
 20
-12.4415
 30
0.0
 10
11.3159
 20
-12.4415
 30
0.0
 10
11.6312
 20
-12.1243
 30
0.0
 10
11.6312
 20
-12.1243
 30
0.0
 10
11.6436
 20
-12.1119
 30
0.0
 10
11.6556
 20
-12.1114
 30
0.0
 10
11.6673
 20
-12.1231
 30
0.0
 10
11.6673
 20
-12.1231
 30
0.0
 10
11.9794
 20
-12.4353
 30
0.0
 10
11.9794
 20
-12.4353
 30
0.0
 10
11.9973
 20
-12.4532
 30
0.0
 10
11.9973
 20
-12.4708
 30
0.0
 10
11.9794
 20
-12.4881
 30
0.0
  0
SPLINE
  5
71
330
1F
100
AcDbEntity
  8
Layer 1
 62
   250
100
AcDbSpline
210
0.0
220
0.0
230
1.0
 70
    11
 71
     3
 72
    59
 73
    55
 74
     0
 42
0.0000000001
 43
0.0000000001
 40
0.0
 40
0.0
 40
0.0
 40
0.0
 40
0.0555555555555556
 40
0.0555555555555556
 40
0.0555555555555556
 40
0.1111111111111111
 40
0.1111111111111111
 40
0.1111111111111111
 40
0.1666666666666667
 40
0.1666666666666667
 40
0.1666666666666667
 40
0.2222222222222222
 40
0.2222222222222222
 40
0.2222222222222222
 40
0.2777777777777778
 40
0.2777777777777778
 40
0.2777777777777778
 40
0.3333333333333333
 40
0.3333333333333333
 40
0.3333333333333333
 40
0.3888888888888888
 40
0.3888888888888888
 40
0.3888888888888888
 40
0.4444444444444444
 40
0.4444444444444444
 40
0.4444444444444444
 40
0.5
 40
0.5
 40
0.5
 40
0.5555555555555556
 40
0.5555555555555556
 40
0.5555555555555556
 40
0.611111111111111
 40
0.611111111111111
 40
0.611111111111111
 40
0.6666666666666666
 40
0.6666666666666666
 40
0.6666666666666666
 40
0.7222222222222222
 40
0.7222222222222222
 40
0.7222222222222222
 40
0.7777777777777777
 40
0.7777777777777777
 40
0.7777777777777777
 40
0.8333333333333333
 40
0.8333333333333333
 40
0.8333333333333333
 40
0.8888888888888888
 40
0.8888888888888888
 40
0.8888888888888888
 40
0.9444444444444444
 40
0.9444444444444444
 40
0.9444444444444444
 40
1.0
 40
1.0
 40
1.0
 40
1.0
 10
10.9511
 20
-11.9206
 30
0.0
 10
10.9511
 20
-11.9275
 30
0.0
 10
10.9346
 20
-11.9495
 30
0.0
 10
10.9015
 20
-11.9867
 30
0.0
 10
10.854
 20
-12.0405
 30
0.0
 10
10.8113
 20
-12.0967
 30
0.0
 10
10.7734
 20
-12.1553
 30
0.0
 10
10.6445
 20
-12.3551
 30
0.0
 10
10.5488
 20
-12.589
 30
0.0
 10
10.486
 20
-12.857
 30
0.0
 10
10.4764
 20
-12.9011
 30
0.0
 10
10.4578
 20
-12.9803
 30
0.0
 10
10.4302
 20
-13.0947
 30
0.0
 10
10.4158
 20
-13.1512
 30
0.0
 10
10.3912
 20
-13.1794
 30
0.0
 10
10.3568
 20
-13.1794
 30
0.0
 10
10.3258
 20
-13.1794
 30
0.0
 10
10.3007
 20
-13.1505
 30
0.0
 10
10.2814
 20
-13.0926
 30
0.0
 10
10.2773
 20
-13.0802
 30
0.0
 10
10.2582
 20
-12.9996
 30
0.0
 10
10.2245
 20
-12.8507
 30
0.0
 10
10.1542
 20
-12.54
 30
0.0
 10
10.0481
 20
-12.2692
 30
0.0
 10
9.9062
 20
-12.0384
 30
0.0
 10
9.9062
 20
-12.0384
 30
0.0
 10
9.809
 20
-11.8804
 30
0.0
 10
9.809
 20
-11.8804
 30
0.0
 10
9.809
 20
-11.8645
 30
0.0
 10
9.8504
 20
-11.7198
 30
0.0
 10
9.933
 20
-11.4463
 30
0.0
 10
9.9441
 20
-11.4104
 30
0.0
 10
9.9562
 20
-11.3925
 30
0.0
 10
9.9693
 20
-11.3925
 30
0.0
 10
9.981
 20
-11.3925
 30
0.0
 10
9.9955
 20
-11.4035
 30
0.0
 10
10.0127
 20
-11.4256
 30
0.0
 10
10.1023
 20
-11.5413
 30
0.0
 10
10.1808
 20
-11.6815
 30
0.0
 10
10.2483
 20
-11.8462
 30
0.0
 10
10.3062
 20
-11.9874
 30
0.0
 10
10.3464
 20
-12.1204
 30
0.0
 10
10.3692
 20
-12.2451
 30
0.0
 10
10.4512
 20
-11.9061
 30
0.0
 10
10.5966
 20
-11.6298
 30
0.0
 10
10.8053
 20
-11.4162
 30
0.0
 10
10.817
 20
-11.4045
 30
0.0
 10
10.8267
 20
-11.3987
 30
0.0
 10
10.8343
 20
-11.3987
 30
0.0
 10
10.8487
 20
-11.3987
 30
0.0
 10
10.8602
 20
-11.4204
 30
0.0
 10
10.8684
 20
-11.4638
 30
0.0
 10
10.9236
 20
-11.7531
 30
0.0
 10
10.9511
 20
-11.9054
 30
0.0
 10
10.9511
 20
-11.9206
 30
0.0
  0
SPLINE
  5
72
330
1F
100
AcDbEntity
  8
Layer 1
 62
   250
100
AcDbSpline
210
0.0
220
0.0
230
1.0
 70
    11
 71
     3
 72
    29
 73
    25
 74
     0
 42
0.0000000001
 43
0.0000000001
 40
0.0
 40
0.0
 40
0.0
 40
0.0
 40
0.125
 40
0.125
 40
0.125
 40
0.25
 40
0.25
 40
0.25
 40
0.375
 40
0.375
 40
0.375
 40
0.5
 40
0.5
 40
0.5
 40
0.625
 40
0.625
 40
0.625
 40
0.75
 40
0.75
 40
0.75
 40
0.875
 40
0.875
 40
0.875
 40
1.0
 40
1.0
 40
1.0
 40
1.0
 10
9.4367
 20
-12.4881
 30
0.0
 10
9.4367
 20
-12.4881
 30
0.0
 10
9.1287
 20
-12.794
 30
0.0
 10
9.1287
 20
-12.794
 30
0.0
 10
9.1142
 20
-12.8084
 30
0.0
 10
9.0997
 20
-12.8084
 30
0.0
 10
9.0853
 20
-12.794
 30
0.0
 10
9.0853
 20
-12.794
 30
0.0
 10
8.7711
 20
-12.4787
 30
0.0
 10
8.7711
 20
-12.4787
 30
0.0
 10
8.758
 20
-12.4684
 30
0.0
 10
8.7587
 20
-12.456
 30
0.0
 10
8.7732
 20
-12.4415
 30
0.0
 10
8.7732
 20
-12.4415
 30
0.0
 10
9.0883
 20
-12.1243
 30
0.0
 10
9.0883
 20
-12.1243
 30
0.0
 10
9.1007
 20
-12.1119
 30
0.0
 10
9.1128
 20
-12.1114
 30
0.0
 10
9.1245
 20
-12.1231
 30
0.0
 10
9.1245
 20
-12.1231
 30
0.0
 10
9.4367
 20
-12.4353
 30
0.0
 10
9.4367
 20
-12.4353
 30
0.0
 10
9.4546
 20
-12.4532
 30
0.0
 10
9.4546
 20
-12.4708
 30
0.0
 10
9.4367
 20
-12.4881
 30
0.0
  0
SPLINE
  5
73
330
1F
100
AcDbEntity
  8
Layer 1
 62
   250
100
AcDbSpline
210
0.0
220
0.0
230
1.0
 70
    11
 71
     3
 72
    29
 73
    25
 74
     0
 42
0.0000000001
 43
0.0000000001
 40
0.0
 40
0.0
 40
0.0
 40
0.0
 40
0.125
 40
0.125
 40
0.125
 40
0.25
 40
0.25
 40
0.25
 40
0.375
 40
0.375
 40
0.375
 40
0.5
 40
0.5
 40
0.5
 40
0.625
 40
0.625
 40
0.625
 40
0.75
 40
0.75
 40
0.75
 40
0.875
 40
0.875
 40
0.875
 40
1.0
 40
1.0
 40
1.0
 40
1.0
 10
8.3514
 20
-12.4881
 30
0.0
 10
8.3514
 20
-12.4881
 30
0.0
 10
8.0435
 20
-12.794
 30
0.0
 10
8.0435
 20
-12.794
 30
0.0
 10
8.029
 20
-12.8084
 30
0.0
 10
8.0145
 20
-12.8084
 30
0.0
 10
8.0
 20
-12.794
 30
0.0
 10
8.0
 20
-12.794
 30
0.0
 10
7.6859
 20
-12.4787
 30
0.0
 10
7.6859
 20
-12.4787
 30
0.0
 10
7.6728
 20
-12.4684
 30
0.0
 10
7.6735
 20
-12.456
 30
0.0
 10
7.6879
 20
-12.4415
 30
0.0
 10
7.6879
 20
-12.4415
 30
0.0
 10
8.0031
 20
-12.1243
 30
0.0
 10
8.0031
 20
-12.1243
 30
0.0
 10
8.0155
 20
-12.1119
 30
0.0
 10
8.0276
 20
-12.1114
 30
0.0
 10
8.0393
 20
-12.1231
 30
0.0
 10
8.0393
 20
-12.1231
 30
0.0
 10
8.3514
 20
-12.4353
 30
0.0
 10
8.3514
 20
-12.4353
 30
0.0
 10
8.3694
 20
-12.4532
 30
0.0
 10
8.3694
 20
-12.4708
 30
0.0
 10
8.3514
 20
-12.4881
 30
0.0
  0
SPLINE
  5
74
330
1F
100
AcDbEntity
  8
Layer 1
 62
   250
100
AcDbSpline
210
0.0
220
0.0
230
1.0
 70
    11
 71
     3
 72
    62
 73
    58
 74
     0
 42
0.0000000001
 43
0.0000000001
 40
0.0
 40
0.0
 40
0.0
 40
0.0
 40
0.0526315789473684
 40
0.0526315789473684
 40
0.0526315789473684
 40
0.1052631578947368
 40
0.1052631578947368
 40
0.1052631578947368
 40
0.1578947368421053
 40
0.1578947368421053
 40
0.1578947368421053
 40
0.2105263157894737
 40
0.2105263157894737
 40
0.2105263157894737
 40
0.2631578947368421
 40
0.2631578947368421
 40
0.2631578947368421
 40
0.3157894736842105
 40
0.3157894736842105
 40
0.3157894736842105
 40
0.3684210526315789
 40
0.3684210526315789
 40
0.3684210526315789
 40
0.4210526315789473
 40
0.4210526315789473
 40
0.4210526315789473
 40
0.4736842105263158
 40
0.4736842105263158
 40
0.4736842105263158
 40
0.5263157894736842
 40
0.5263157894736842
 40
0.5263157894736842
 40
0.5789473684210527
 40
0.5789473684210527
 40
0.5789473684210527
 40
0.631578947368421
 40
0.631578947368421
 40
0.631578947368421
 40
0.6842105263157894
 40
0.6842105263157894
 40
0.6842105263157894
 40
0.7368421052631579
 40
0.7368421052631579
 40
0.7368421052631579
 40
0.7894736842105263
 40
0.7894736842105263
 40
0.7894736842105263
 40
0.8421052631578947
 40
0.8421052631578947
 40
0.8421052631578947
 40
0.894736842105263
 40
0.894736842105263
 40
0.894736842105263
 40
0.9473684210526315
 40
0.9473684210526315
 40
0.9473684210526315
 40
1.0
 40
1.0
 40
1.0
 40
1.0
 10
7.2876
 20
-11.5547
 30
0.0
 10
7.2876
 20
-11.7104
 30
0.0
 10
7.2624
 20
-11.8393
 30
0.0
 10
7.2121
 20
-11.9413
 30
0.0
 10
7.1487
 20
-12.0701
 30
0.0
 10
7.0488
 20
-12.1459
 30
0.0
 10
6.9124
 20
-12.1686
 30
0.0
 10
6.9303
 20
-12.2761
 30
0.0
 10
6.9392
 20
-12.4054
 30
0.0
 10
6.9392
 20
-12.5563
 30
0.0
 10
6.9392
 20
-12.6975
 30
0.0
 10
6.9266
 20
-12.8298
 30
0.0
 10
6.9011
 20
-12.9532
 30
0.0
 10
6.8708
 20
-13.0992
 30
0.0
 10
6.8322
 20
-13.1723
 30
0.0
 10
6.7853
 20
-13.1723
 30
0.0
 10
6.7378
 20
-13.1723
 30
0.0
 10
6.707
 20
-13.1098
 30
0.0
 10
6.6933
 20
-12.9851
 30
0.0
 10
6.6629
 20
-12.7143
 30
0.0
 10
6.6423
 20
-12.5501
 30
0.0
 10
6.6313
 20
-12.4922
 30
0.0
 10
6.5941
 20
-12.3027
 30
0.0
 10
6.5134
 20
-12.1153
 30
0.0
 10
6.3894
 20
-11.93
 30
0.0
 10
6.3488
 20
-11.8693
 30
0.0
 10
6.3285
 20
-11.8356
 30
0.0
 10
6.3285
 20
-11.8287
 30
0.0
 10
6.3285
 20
-11.8204
 30
0.0
 10
6.3474
 20
-11.778
 30
0.0
 10
6.3853
 20
-11.7015
 30
0.0
 10
6.4342
 20
-11.6023
 30
0.0
 10
6.4783
 20
-11.5113
 30
0.0
 10
6.5176
 20
-11.4286
 30
0.0
 10
6.5265
 20
-11.41
 30
0.0
 10
6.5375
 20
-11.4008
 30
0.0
 10
6.5507
 20
-11.4008
 30
0.0
 10
6.5658
 20
-11.4008
 30
0.0
 10
6.5803
 20
-11.4128
 30
0.0
 10
6.5941
 20
-11.4369
 30
0.0
 10
6.6333
 20
-11.5065
 30
0.0
 10
6.674
 20
-11.5561
 30
0.0
 10
6.716
 20
-11.5857
 30
0.0
 10
6.7636
 20
-11.6188
 30
0.0
 10
6.8249
 20
-11.6353
 30
0.0
 10
6.9
 20
-11.6353
 30
0.0
 10
6.973
 20
-11.6353
 30
0.0
 10
7.0285
 20
-11.6133
 30
0.0
 10
7.0665
 20
-11.5692
 30
0.0
 10
7.0823
 20
-11.5506
 30
0.0
 10
7.1036
 20
-11.5099
 30
0.0
 10
7.1305
 20
-11.4472
 30
0.0
 10
7.1491
 20
-11.4031
 30
0.0
 10
7.1719
 20
-11.3811
 30
0.0
 10
7.1987
 20
-11.3811
 30
0.0
 10
7.258
 20
-11.3811
 30
0.0
 10
7.2876
 20
-11.439
 30
0.0
 10
7.2876
 20
-11.5547
 30
0.0
  0
SPLINE
  5
75
330
1F
100
AcDbEntity
  8
Layer 1
 62
   250
100
AcDbSpline
210
0.0
220
0.0
230
1.0
 70
    11
 71
     3
 72
    44
 73
    40
 74
     0
 42
0.0000000001
 43
0.0000000001
 40
0.0
 40
0.0
 40
0.0
 40
0.0
 40
0.0769230769230769
 40
0.0769230769230769
 40
0.0769230769230769
 40
0.1538461538461539
 40
0.1538461538461539
 40
0.1538461538461539
 40
0.2307692307692308
 40
0.2307692307692308
 40
0.2307692307692308
 40
0.3076923076923077
 40
0.3076923076923077
 40
0.3076923076923077
 40
0.3846153846153846
 40
0.3846153846153846
 40
0.3846153846153846
 40
0.4615384615384616
 40
0.4615384615384616
 40
0.4615384615384616
 40
0.5384615384615385
 40
0.5384615384615385
 40
0.5384615384615385
 40
0.6153846153846154
 40
0.6153846153846154
 40
0.6153846153846154
 40
0.6923076923076923
 40
0.6923076923076923
 40
0.6923076923076923
 40
0.7692307692307693
 40
0.7692307692307693
 40
0.7692307692307693
 40
0.8461538461538463
 40
0.8461538461538463
 40
0.8461538461538463
 40
0.9230769230769231
 40
0.9230769230769231
 40
0.9230769230769231
 40
1.0
 40
1.0
 40
1.0
 40
1.0
 10
5.9326
 20
-12.4849
 30
0.0
 10
5.9326
 20
-12.6151
 30
0.0
 10
5.9257
 20
-12.7382
 30
0.0
 10
5.9119
 20
-12.8539
 30
0.0
 10
5.8864
 20
-13.0668
 30
0.0
 10
5.8444
 20
-13.1732
 30
0.0
 10
5.7858
 20
-13.1732
 30
0.0
 10
5.7535
 20
-13.1732
 30
0.0
 10
5.7325
 20
-13.1592
 30
0.0
 10
5.7229
 20
-13.1309
 30
0.0
 10
5.716
 20
-13.1109
 30
0.0
 10
5.7066
 20
-13.0464
 30
0.0
 10
5.6949
 20
-12.9376
 30
0.0
 10
5.6749
 20
-12.7536
 30
0.0
 10
5.6577
 20
-12.6165
 30
0.0
 10
5.6432
 20
-12.5262
 30
0.0
 10
5.6184
 20
-12.374
 30
0.0
 10
5.5867
 20
-12.2396
 30
0.0
 10
5.5481
 20
-12.1231
 30
0.0
 10
5.5275
 20
-12.0612
 30
0.0
 10
5.501
 20
-11.9971
 30
0.0
 10
5.4686
 20
-11.9309
 30
0.0
 10
5.4452
 20
-11.8827
 30
0.0
 10
5.4335
 20
-11.8521
 30
0.0
 10
5.4335
 20
-11.839
 30
0.0
 10
5.4335
 20
-11.8252
 30
0.0
 10
5.4672
 20
-11.7515
 30
0.0
 10
5.5348
 20
-11.6178
 30
0.0
 10
5.6043
 20
-11.48
 30
0.0
 10
5.6464
 20
-11.4111
 30
0.0
 10
5.6608
 20
-11.4111
 30
0.0
 10
5.6849
 20
-11.4111
 30
0.0
 10
5.7169
 20
-11.45
 30
0.0
 10
5.7569
 20
-11.5278
 30
0.0
 10
5.8044
 20
-11.6209
 30
0.0
 10
5.8437
 20
-11.7394
 30
0.0
 10
5.8747
 20
-11.8834
 30
0.0
 10
5.9133
 20
-12.0639
 30
0.0
 10
5.9326
 20
-12.2644
 30
0.0
 10
5.9326
 20
-12.4849
 30
0.0
  0
SPLINE
  5
76
330
1F
100
AcDbEntity
  8
Layer 1
 62
   250
100
AcDbSpline
210
0.0
220
0.0
230
1.0
 70
    11
 71
     3
 72
    44
 73
    40
 74
     0
 42
0.0000000001
 43
0.0000000001
 40
0.0
 40
0.0
 40
0.0
 40
0.0
 40
0.0769230769230769
 40
0.0769230769230769
 40
0.0769230769230769
 40
0.1538461538461539
 40
0.1538461538461539
 40
0.1538461538461539
 40
0.2307692307692308
 40
0.2307692307692308
 40
0.2307692307692308
 40
0.3076923076923077
 40
0.3076923076923077
 40
0.3076923076923077
 40
0.3846153846153846
 40
0.3846153846153846
 40
0.3846153846153846
 40
0.4615384615384616
 40
0.4615384615384616
 40
0.4615384615384616
 40
0.5384615384615385
 40
0.5384615384615385
 40
0.5384615384615385
 40
0.6153846153846154
 40
0.6153846153846154
 40
0.6153846153846154
 40
0.6923076923076923
 40
0.6923076923076923
 40
0.6923076923076923
 40
0.7692307692307693
 40
0.7692307692307693
 40
0.7692307692307693
 40
0.8461538461538463
 40
0.8461538461538463
 40
0.8461538461538463
 40
0.9230769230769231
 40
0.9230769230769231
 40
0.9230769230769231
 40
1.0
 40
1.0
 40
1.0
 40
1.0
 10
4.908
 20
-12.4849
 30
0.0
 10
4.908
 20
-12.6151
 30
0.0
 10
4.9011
 20
-12.7382
 30
0.0
 10
4.8873
 20
-12.8539
 30
0.0
 10
4.8618
 20
-13.0668
 30
0.0
 10
4.8198
 20
-13.1732
 30
0.0
 10
4.7613
 20
-13.1732
 30
0.0
 10
4.7289
 20
-13.1732
 30
0.0
 10
4.7079
 20
-13.1592
 30
0.0
 10
4.6983
 20
-13.1309
 30
0.0
 10
4.6914
 20
-13.1109
 30
0.0
 10
4.682
 20
-13.0464
 30
0.0
 10
4.6703
 20
-12.9376
 30
0.0
 10
4.6503
 20
-12.7536
 30
0.0
 10
4.6331
 20
-12.6165
 30
0.0
 10
4.6186
 20
-12.5262
 30
0.0
 10
4.5938
 20
-12.374
 30
0.0
 10
4.5621
 20
-12.2396
 30
0.0
 10
4.5236
 20
-12.1231
 30
0.0
 10
4.5029
 20
-12.0612
 30
0.0
 10
4.4764
 20
-11.9971
 30
0.0
 10
4.444
 20
-11.9309
 30
0.0
 10
4.4206
 20
-11.8827
 30
0.0
 10
4.4089
 20
-11.8521
 30
0.0
 10
4.4089
 20
-11.839
 30
0.0
 10
4.4089
 20
-11.8252
 30
0.0
 10
4.4427
 20
-11.7515
 30
0.0
 10
4.5102
 20
-11.6178
 30
0.0
 10
4.5798
 20
-11.48
 30
0.0
 10
4.6218
 20
-11.4111
 30
0.0
 10
4.6363
 20
-11.4111
 30
0.0
 10
4.6604
 20
-11.4111
 30
0.0
 10
4.6924
 20
-11.45
 30
0.0
 10
4.7323
 20
-11.5278
 30
0.0
 10
4.7799
 20
-11.6209
 30
0.0
 10
4.8191
 20
-11.7394
 30
0.0
 10
4.8501
 20
-11.8834
 30
0.0
 10
4.8887
 20
-12.0639
 30
0.0
 10
4.908
 20
-12.2644
 30
0.0
 10
4.908
 20
-12.4849
 30
0.0
  0
SPLINE
  5
77
330
1F
100
AcDbEntity
  8
Layer 1
 62
   250
100
AcDbSpline
210
0.0
220
0.0
230
1.0
 70
    11
 71
     3
 72
    29
 73
    25
 74
     0
 42
0.0000000001
 43
0.0000000001
 40
0.0
 40
0.0
 40
0.0
 40
0.0
 40
0.125
 40
0.125
 40
0.125
 40
0.25
 40
0.25
 40
0.25
 40
0.375
 40
0.375
 40
0.375
 40
0.5
 40
0.5
 40
0.5
 40
0.625
 40
0.625
 40
0.625
 40
0.75
 40
0.75
 40
0.75
 40
0.875
 40
0.875
 40
0.875
 40
1.0
 40
1.0
 40
1.0
 40
1.0
 10
3.9365
 20
-12.4881
 30
0.0
 10
3.9365
 20
-12.4881
 30
0.0
 10
3.6285
 20
-12.794
 30
0.0
 10
3.6285
 20
-12.794
 30
0.0
 10
3.614
 20
-12.8084
 30
0.0
 10
3.5996
 20
-12.8084
 30
0.0
 10
3.5851
 20
-12.794
 30
0.0
 10
3.5851
 20
-12.794
 30
0.0
 10
3.2709
 20
-12.4787
 30
0.0
 10
3.2709
 20
-12.4787
 30
0.0
 10
3.2578
 20
-12.4684
 30
0.0
 10
3.2585
 20
-12.456
 30
0.0
 10
3.273
 20
-12.4415
 30
0.0
 10
3.273
 20
-12.4415
 30
0.0
 10
3.5883
 20
-12.1243
 30
0.0
 10
3.5883
 20
-12.1243
 30
0.0
 10
3.6007
 20
-12.1119
 30
0.0
 10
3.6127
 20
-12.1114
 30
0.0
 10
3.6244
 20
-12.1231
 30
0.0
 10
3.6244
 20
-12.1231
 30
0.0
 10
3.9365
 20
-12.4353
 30
0.0
 10
3.9365
 20
-12.4353
 30
0.0
 10
3.9544
 20
-12.4532
 30
0.0
 10
3.9544
 20
-12.4708
 30
0.0
 10
3.9365
 20
-12.4881
 30
0.0
  0
SPLINE
  5
78
330
1F
100
AcDbEntity
  8
Layer 1
 62
   250
100
AcDbSpline
210
0.0
220
0.0
230
1.0
 70
    11
 71
     3
 72
    29
 73
    25
 74
     0
 42
0.0000000001
 43
0.0000000001
 40
0.0
 40
0.0
 40
0.0
 40
0.0
 40
0.125
 40
0.125
 40
0.125
 40
0.25
 40
0.25
 40
0.25
 40
0.375
 40
0.375
 40
0.375
 40
0.5
 40
0.5
 40
0.5
 40
0.625
 40
0.625
 40
0.625
 40
0.75
 40
0.75
 40
0.75
 40
0.875
 40
0.875
 40
0.875
 40
1.0
 40
1.0
 40
1.0
 40
1.0
 10
2.851
 20
-12.4881
 30
0.0
 10
2.851
 20
-12.4881
 30
0.0
 10
2.543
 20
-12.794
 30
0.0
 10
2.543
 20
-12.794
 30
0.0
 10
2.5286
 20
-12.8084
 30
0.0
 10
2.5141
 20
-12.8084
 30
0.0
 10
2.4996
 20
-12.794
 30
0.0
 10
2.4996
 20
-12.794
 30
0.0
 10
2.1854
 20
-12.4787
 30
0.0
 10
2.1854
 20
-12.4787
 30
0.0
 10
2.1723
 20
-12.4684
 30
0.0
 10
2.173
 20
-12.456
 30
0.0
 10
2.1875
 20
-12.4415
 30
0.0
 10
2.1875
 20
-12.4415
 30
0.0
 10
2.5026
 20
-12.1243
 30
0.0
 10
2.5026
 20
-12.1243
 30
0.0
 10
2.5151
 20
-12.1119
 30
0.0
 10
2.5272
 20
-12.1114
 30
0.0
 10
2.5389
 20
-12.1231
 30
0.0
 10
2.5389
 20
-12.1231
 30
0.0
 10
2.851
 20
-12.4353
 30
0.0
 10
2.851
 20
-12.4353
 30
0.0
 10
2.8689
 20
-12.4532
 30
0.0
 10
2.8689
 20
-12.4708
 30
0.0
 10
2.851
 20
-12.4881
 30
0.0
  0
SPLINE
  5
79
330
1F
100
AcDbEntity
  8
Layer 1
 62
   250
100
AcDbSpline
210
0.0
220
0.0
230
1.0
 70
    11
 71
     3
 72
    23
 73
    19
 74
     0
 42
0.0000000001
 43
0.0000000001
 40
0.0
 40
0.0
 40
0.0
 40
0.0
 40
0.1666666666666667
 40
0.1666666666666667
 40
0.1666666666666667
 40
0.3333333333333333
 40
0.3333333333333333
 40
0.3333333333333333
 40
0.5
 40
0.5
 40
0.5
 40
0.6666666666666666
 40
0.6666666666666666
 40
0.6666666666666666
 40
0.8333333333333333
 40
0.8333333333333333
 40
0.8333333333333333
 40
1.0
 40
1.0
 40
1.0
 40
1.0
 10
1.4413
 20
-11.902
 30
0.0
 10
1.4289
 20
-11.8145
 30
0.0
 10
1.3761
 20
-11.7708
 30
0.0
 10
1.2831
 20
-11.7708
 30
0.0
 10
1.2555
 20
-11.7708
 30
0.0
 10
1.2318
 20
-11.78
 30
0.0
 10
1.2119
 20
-11.7986
 30
0.0
 10
1.1919
 20
-11.8172
 30
0.0
 10
1.1818
 20
-11.8404
 30
0.0
 10
1.1818
 20
-11.8679
 30
0.0
 10
1.1818
 20
-11.901
 30
0.0
 10
1.2063
 20
-11.922
 30
0.0
 10
1.2553
 20
-11.9309
 30
0.0
 10
1.278
 20
-11.935
 30
0.0
 10
1.3272
 20
-11.9371
 30
0.0
 10
1.403
 20
-11.9371
 30
0.0
 10
1.4319
 20
-11.9371
 30
0.0
 10
1.4447
 20
-11.9254
 30
0.0
 10
1.4413
 20
-11.902
 30
0.0
  0
SPLINE
  5
7A
330
1F
100
AcDbEntity
  8
Layer 1
 62
   250
100
AcDbSpline
210
0.0
220
0.0
230
1.0
 70
    11
 71
     3
 72
    53
 73
    49
 74
     0
 42
0.0000000001
 43
0.0000000001
 40
0.0
 40
0.0
 40
0.0
 40
0.0
 40
0.0625
 40
0.0625
 40
0.0625
 40
0.125
 40
0.125
 40
0.125
 40
0.1875
 40
0.1875
 40
0.1875
 40
0.25
 40
0.25
 40
0.25
 40
0.3125
 40
0.3125
 40
0.3125
 40
0.375
 40
0.375
 40
0.375
 40
0.4375
 40
0.4375
 40
0.4375
 40
0.5
 40
0.5
 40
0.5
 40
0.5625
 40
0.5625
 40
0.5625
 40
0.625
 40
0.625
 40
0.625
 40
0.6875
 40
0.6875
 40
0.6875
 40
0.75
 40
0.75
 40
0.75
 40
0.8125
 40
0.8125
 40
0.8125
 40
0.875
 40
0.875
 40
0.875
 40
0.9375
 40
0.9375
 40
0.9375
 40
1.0
 40
1.0
 40
1.0
 40
1.0
 10
1.8196
 20
-12.6989
 30
0.0
 10
1.8092
 20
-12.8443
 30
0.0
 10
1.7971
 20
-12.9796
 30
0.0
 10
1.7833
 20
-13.105
 30
0.0
 10
1.7778
 20
-13.1546
 30
0.0
 10
1.7661
 20
-13.1794
 30
0.0
 10
1.7482
 20
-13.1794
 30
0.0
 10
1.7371
 20
-13.1794
 30
0.0
 10
1.7192
 20
-13.1723
 30
0.0
 10
1.6944
 20
-13.1578
 30
0.0
 10
1.5001
 20
-13.0455
 30
0.0
 10
1.403
 20
-12.8411
 30
0.0
 10
1.403
 20
-12.5449
 30
0.0
 10
1.403
 20
-12.5449
 30
0.0
 10
1.403
 20
-12.3454
 30
0.0
 10
1.403
 20
-12.3454
 30
0.0
 10
1.403
 20
-12.3454
 30
0.0
 10
1.2397
 20
-12.3454
 30
0.0
 10
1.2397
 20
-12.3454
 30
0.0
 10
1.1508
 20
-12.3454
 30
0.0
 10
1.0823
 20
-12.3206
 30
0.0
 10
1.0343
 20
-12.271
 30
0.0
 10
0.9867
 20
-12.2214
 30
0.0
 10
0.963
 20
-12.1521
 30
0.0
 10
0.963
 20
-12.0632
 30
0.0
 10
0.963
 20
-11.9454
 30
0.0
 10
0.9965
 20
-11.8131
 30
0.0
 10
1.064
 20
-11.6663
 30
0.0
 10
1.1488
 20
-11.4817
 30
0.0
 10
1.2546
 20
-11.3894
 30
0.0
 10
1.3813
 20
-11.3894
 30
0.0
 10
1.5915
 20
-11.3894
 30
0.0
 10
1.6965
 20
-11.5354
 30
0.0
 10
1.6965
 20
-11.8276
 30
0.0
 10
1.6965
 20
-11.8724
 30
0.0
 10
1.6907
 20
-11.9406
 30
0.0
 10
1.679
 20
-12.0315
 30
0.0
 10
1.6673
 20
-12.1231
 30
0.0
 10
1.6618
 20
-12.1921
 30
0.0
 10
1.6625
 20
-12.2389
 30
0.0
 10
1.6638
 20
-12.407
 30
0.0
 10
1.7006
 20
-12.5329
 30
0.0
 10
1.773
 20
-12.6162
 30
0.0
 10
1.773
 20
-12.6162
 30
0.0
 10
1.8123
 20
-12.6493
 30
0.0
 10
1.8123
 20
-12.6493
 30
0.0
 10
1.8191
 20
-12.6569
 30
0.0
 10
1.8216
 20
-12.6734
 30
0.0
 10
1.8196
 20
-12.6989
 30
0.0
  0
SPLINE
  5
7B
330
1F
100
AcDbEntity
  8
Layer 1
 62
   250
100
AcDbSpline
210
0.0
220
0.0
230
1.0
 70
    11
 71
     3
 72
    29
 73
    25
 74
     0
 42
0.0000000001
 43
0.0000000001
 40
0.0
 40
0.0
 40
0.0
 40
0.0
 40
0.125
 40
0.125
 40
0.125
 40
0.25
 40
0.25
 40
0.25
 40
0.375
 40
0.375
 40
0.375
 40
0.5
 40
0.5
 40
0.5
 40
0.625
 40
0.625
 40
0.625
 40
0.75
 40
0.75
 40
0.75
 40
0.875
 40
0.875
 40
0.875
 40
1.0
 40
1.0
 40
1.0
 40
1.0
 10
0.5884
 20
-12.4881
 30
0.0
 10
0.5884
 20
-12.4881
 30
0.0
 10
0.2804
 20
-12.794
 30
0.0
 10
0.2804
 20
-12.794
 30
0.0
 10
0.266
 20
-12.8084
 30
0.0
 10
0.2515
 20
-12.8084
 30
0.0
 10
0.237
 20
-12.794
 30
0.0
 10
0.237
 20
-12.794
 30
0.0
 10
-0.0772
 20
-12.4787
 30
0.0
 10
-0.0772
 20
-12.4787
 30
0.0
 10
-0.0903
 20
-12.4684
 30
0.0
 10
-0.0896
 20
-12.456
 30
0.0
 10
-0.0751
 20
-12.4415
 30
0.0
 10
-0.0751
 20
-12.4415
 30
0.0
 10
0.2401
 20
-12.1243
 30
0.0
 10
0.2401
 20
-12.1243
 30
0.0
 10
0.2524
 20
-12.1119
 30
0.0
 10
0.2646
 20
-12.1114
 30
0.0
 10
0.2763
 20
-12.1231
 30
0.0
 10
0.2763
 20
-12.1231
 30
0.0
 10
0.5884
 20
-12.4353
 30
0.0
 10
0.5884
 20
-12.4353
 30
0.0
 10
0.6064
 20
-12.4532
 30
0.0
 10
0.6064
 20
-12.4708
 30
0.0
 10
0.5884
 20
-12.4881
 30
0.0
  0
SPLINE
  5
7C
330
1F
100
AcDbEntity
  8
Layer 1
 62
   250
100
AcDbSpline
210
0.0
220
0.0
230
1.0
 70
    11
 71
     3
 72
    29
 73
    25
 74
     0
 42
0.0000000001
 43
0.0000000001
 40
0.0
 40
0.0
 40
0.0
 40
0.0
 40
0.125
 40
0.125
 40
0.125
 40
0.25
 40
0.25
 40
0.25
 40
0.375
 40
0.375
 40
0.375
 40
0.5
 40
0.5
 40
0.5
 40
0.625
 40
0.625
 40
0.625
 40
0.75
 40
0.75
 40
0.75
 40
0.875
 40
0.875
 40
0.875
 40
1.0
 40
1.0
 40
1.0
 40
1.0
 10
9.0811
 20
-9.3595
 30
0.0
 10
9.0924
 20
-9.3678
 30
0.0
 10
9.0924
 20
-9.3772
 30
0.0
 10
9.0814
 20
-9.3882
 30
0.0
 10
9.0814
 20
-9.3882
 30
0.0
 10
8.942
 20
-9.5267
 30
0.0
 10
8.942
 20
-9.5267
 30
0.0
 10
8.9323
 20
-9.5363
 30
0.0
 10
8.9222
 20
-9.5363
 30
0.0
 10
8.9119
 20
-9.5267
 30
0.0
 10
8.9119
 20
-9.5267
 30
0.0
 10
8.7714
 20
-9.3902
 30
0.0
 10
8.7714
 20
-9.3902
 30
0.0
 10
8.7596
 20
-9.3792
 30
0.0
 10
8.7607
 20
-9.3664
 30
0.0
 10
8.7741
 20
-9.3526
 30
0.0
 10
8.7741
 20
-9.3526
 30
0.0
 10
8.9047
 20
-9.2228
 30
0.0
 10
8.9047
 20
-9.2228
 30
0.0
 10
8.9158
 20
-9.2118
 30
0.0
 10
8.9271
 20
-9.2118
 30
0.0
 10
8.9388
 20
-9.2228
 30
0.0
 10
8.9388
 20
-9.2228
 30
0.0
 10
9.0811
 20
-9.3595
 30
0.0
 10
9.0811
 20
-9.3595
 30
0.0
  0
SPLINE
  5
7D
330
1F
100
AcDbEntity
  8
Layer 1
 62
   250
100
AcDbSpline
210
0.0
220
0.0
230
1.0
 70
    11
 71
     3
 72
    47
 73
    43
 74
     0
 42
0.0000000001
 43
0.0000000001
 40
0.0
 40
0.0
 40
0.0
 40
0.0
 40
0.0714285714285714
 40
0.0714285714285714
 40
0.0714285714285714
 40
0.1428571428571428
 40
0.1428571428571428
 40
0.1428571428571428
 40
0.2142857142857143
 40
0.2142857142857143
 40
0.2142857142857143
 40
0.2857142857142857
 40
0.2857142857142857
 40
0.2857142857142857
 40
0.3571428571428571
 40
0.3571428571428571
 40
0.3571428571428571
 40
0.4285714285714285
 40
0.4285714285714285
 40
0.4285714285714285
 40
0.5
 40
0.5
 40
0.5
 40
0.5714285714285714
 40
0.5714285714285714
 40
0.5714285714285714
 40
0.6428571428571428
 40
0.6428571428571428
 40
0.6428571428571428
 40
0.7142857142857142
 40
0.7142857142857142
 40
0.7142857142857142
 40
0.7857142857142857
 40
0.7857142857142857
 40
0.7857142857142857
 40
0.8571428571428571
 40
0.8571428571428571
 40
0.8571428571428571
 40
0.9285714285714285
 40
0.9285714285714285
 40
0.9285714285714285
 40
1.0
 40
1.0
 40
1.0
 40
1.0
 10
8.6374
 20
-9.3609
 30
0.0
 10
8.647
 20
-9.3684
 30
0.0
 10
8.6467
 20
-9.3774
 30
0.0
 10
8.636
 20
-9.3871
 30
0.0
 10
8.636
 20
-9.3871
 30
0.0
 10
8.513
 20
-9.5081
 30
0.0
 10
8.513
 20
-9.5081
 30
0.0
 10
8.504
 20
-9.517
 30
0.0
 10
8.4951
 20
-9.517
 30
0.0
 10
8.4861
 20
-9.5081
 30
0.0
 10
8.4861
 20
-9.5081
 30
0.0
 10
8.3704
 20
-9.3953
 30
0.0
 10
8.3704
 20
-9.3953
 30
0.0
 10
8.3704
 20
-9.3953
 30
0.0
 10
8.2567
 20
-9.5081
 30
0.0
 10
8.2567
 20
-9.5081
 30
0.0
 10
8.2477
 20
-9.517
 30
0.0
 10
8.2387
 20
-9.517
 30
0.0
 10
8.2298
 20
-9.5081
 30
0.0
 10
8.2298
 20
-9.5081
 30
0.0
 10
8.1069
 20
-9.3882
 30
0.0
 10
8.1069
 20
-9.3882
 30
0.0
 10
8.0965
 20
-9.3785
 30
0.0
 10
8.0975
 20
-9.3675
 30
0.0
 10
8.1099
 20
-9.3551
 30
0.0
 10
8.1099
 20
-9.3551
 30
0.0
 10
8.2233
 20
-9.24
 30
0.0
 10
8.2233
 20
-9.24
 30
0.0
 10
8.2337
 20
-9.23
 30
0.0
 10
8.244
 20
-9.23
 30
0.0
 10
8.2546
 20
-9.2403
 30
0.0
 10
8.2546
 20
-9.2403
 30
0.0
 10
8.3707
 20
-9.3523
 30
0.0
 10
8.3707
 20
-9.3523
 30
0.0
 10
8.3707
 20
-9.3523
 30
0.0
 10
8.4799
 20
-9.2403
 30
0.0
 10
8.4799
 20
-9.2403
 30
0.0
 10
8.4907
 20
-9.2297
 30
0.0
 10
8.5012
 20
-9.2293
 30
0.0
 10
8.5127
 20
-9.2396
 30
0.0
 10
8.5127
 20
-9.2396
 30
0.0
 10
8.6374
 20
-9.3609
 30
0.0
 10
8.6374
 20
-9.3609
 30
0.0
  0
SPLINE
  5
7E
330
1F
100
AcDbEntity
  8
Layer 1
 62
   250
100
AcDbSpline
210
0.0
220
0.0
230
1.0
 70
    11
 71
     3
 72
   152
 73
   148
 74
     0
 42
0.0000000001
 43
0.0000000001
 40
0.0
 40
0.0
 40
0.0
 40
0.0
 40
0.0204081632653061
 40
0.0204081632653061
 40
0.0204081632653061
 40
0.0408163265306122
 40
0.0408163265306122
 40
0.0408163265306122
 40
0.0612244897959184
 40
0.0612244897959184
 40
0.0612244897959184
 40
0.0816326530612245
 40
0.0816326530612245
 40
0.0816326530612245
 40
0.1020408163265306
 40
0.1020408163265306
 40
0.1020408163265306
 40
0.1224489795918367
 40
0.1224489795918367
 40
0.1224489795918367
 40
0.1428571428571428
 40
0.1428571428571428
 40
0.1428571428571428
 40
0.163265306122449
 40
0.163265306122449
 40
0.163265306122449
 40
0.1836734693877551
 40
0.1836734693877551
 40
0.1836734693877551
 40
0.2040816326530612
 40
0.2040816326530612
 40
0.2040816326530612
 40
0.2244897959183673
 40
0.2244897959183673
 40
0.2244897959183673
 40
0.2448979591836735
 40
0.2448979591836735
 40
0.2448979591836735
 40
0.2653061224489796
 40
0.2653061224489796
 40
0.2653061224489796
 40
0.2857142857142857
 40
0.2857142857142857
 40
0.2857142857142857
 40
0.3061224489795918
 40
0.3061224489795918
 40
0.3061224489795918
 40
0.3265306122448979
 40
0.3265306122448979
 40
0.3265306122448979
 40
0.3469387755102041
 40
0.3469387755102041
 40
0.3469387755102041
 40
0.3673469387755102
 40
0.3673469387755102
 40
0.3673469387755102
 40
0.3877551020408163
 40
0.3877551020408163
 40
0.3877551020408163
 40
0.4081632653061224
 40
0.4081632653061224
 40
0.4081632653061224
 40
0.4285714285714285
 40
0.4285714285714285
 40
0.4285714285714285
 40
0.4489795918367346
 40
0.4489795918367346
 40
0.4489795918367346
 40
0.4693877551020408
 40
0.4693877551020408
 40
0.4693877551020408
 40
0.4897959183673469
 40
0.4897959183673469
 40
0.4897959183673469
 40
0.5102040816326531
 40
0.5102040816326531
 40
0.5102040816326531
 40
0.5306122448979591
 40
0.5306122448979591
 40
0.5306122448979591
 40
0.5510204081632653
 40
0.5510204081632653
 40
0.5510204081632653
 40
0.5714285714285714
 40
0.5714285714285714
 40
0.5714285714285714
 40
0.5918367346938775
 40
0.5918367346938775
 40
0.5918367346938775
 40
0.6122448979591836
 40
0.6122448979591836
 40
0.6122448979591836
 40
0.6326530612244897
 40
0.6326530612244897
 40
0.6326530612244897
 40
0.6530612244897959
 40
0.6530612244897959
 40
0.6530612244897959
 40
0.673469387755102
 40
0.673469387755102
 40
0.673469387755102
 40
0.6938775510204082
 40
0.6938775510204082
 40
0.6938775510204082
 40
0.7142857142857142
 40
0.7142857142857142
 40
0.7142857142857142
 40
0.7346938775510203
 40
0.7346938775510203
 40
0.7346938775510203
 40
0.7551020408163265
 40
0.7551020408163265
 40
0.7551020408163265
 40
0.7755102040816326
 40
0.7755102040816326
 40
0.7755102040816326
 40
0.7959183673469387
 40
0.7959183673469387
 40
0.7959183673469387
 40
0.8163265306122448
 40
0.8163265306122448
 40
0.8163265306122448
 40
0.836734693877551
 40
0.836734693877551
 40
0.836734693877551
 40
0.8571428571428571
 40
0.8571428571428571
 40
0.8571428571428571
 40
0.8775510204081632
 40
0.8775510204081632
 40
0.8775510204081632
 40
0.8979591836734693
 40
0.8979591836734693
 40
0.8979591836734693
 40
0.9183673469387754
 40
0.9183673469387754
 40
0.9183673469387754
 40
0.9387755102040816
 40
0.9387755102040816
 40
0.9387755102040816
 40
0.9591836734693877
 40
0.9591836734693877
 40
0.9591836734693877
 40
0.9795918367346939
 40
0.9795918367346939
 40
0.9795918367346939
 40
1.0
 40
1.0
 40
1.0
 40
1.0
 10
8.6432
 20
-9.0584
 30
0.0
 10
8.6432
 20
-9.0584
 30
0.0
 10
8.6236
 20
-9.0584
 30
0.0
 10
8.6236
 20
-9.0584
 30
0.0
 10
8.5244
 20
-9.0584
 30
0.0
 10
8.4475
 20
-9.0122
 30
0.0
 10
8.3931
 20
-8.9199
 30
0.0
 10
8.3393
 20
-9.0122
 30
0.0
 10
8.2578
 20
-9.0584
 30
0.0
 10
8.1482
 20
-9.0584
 30
0.0
 10
8.1482
 20
-9.0584
 30
0.0
 10
8.1069
 20
-9.0584
 30
0.0
 10
8.1069
 20
-9.0584
 30
0.0
 10
8.1069
 20
-9.0584
 30
0.0
 10
8.049
 20
-9.0584
 30
0.0
 10
8.049
 20
-9.0584
 30
0.0
 10
8.049
 20
-9.0584
 30
0.0
 10
8.0473
 20
-9.0584
 30
0.0
 10
8.0473
 20
-9.0584
 30
0.0
 10
8.0473
 20
-9.0584
 30
0.0
 10
8.0469
 20
-9.0584
 30
0.0
 10
8.0469
 20
-9.0584
 30
0.0
 10
8.0114
 20
-9.0578
 30
0.0
 10
7.9838
 20
-9.0424
 30
0.0
 10
7.9642
 20
-9.012
 30
0.0
 10
7.9642
 20
-9.3909
 30
0.0
 10
7.7555
 20
-9.5804
 30
0.0
 10
7.3379
 20
-9.5804
 30
0.0
 10
7.1664
 20
-9.5804
 30
0.0
 10
7.0313
 20
-9.5476
 30
0.0
 10
6.9328
 20
-9.4821
 30
0.0
 10
6.815
 20
-9.4043
 30
0.0
 10
6.756
 20
-9.2837
 30
0.0
 10
6.756
 20
-9.1204
 30
0.0
 10
6.756
 20
-9.0405
 30
0.0
 10
6.7722
 20
-8.9472
 30
0.0
 10
6.8046
 20
-8.8404
 30
0.0
 10
6.8432
 20
-8.7136
 30
0.0
 10
6.8862
 20
-8.6502
 30
0.0
 10
6.9337
 20
-8.6502
 30
0.0
 10
6.9627
 20
-8.6502
 30
0.0
 10
6.9813
 20
-8.6629
 30
0.0
 10
6.9896
 20
-8.6884
 30
0.0
 10
6.9937
 20
-8.7015
 30
0.0
 10
6.9958
 20
-8.7263
 30
0.0
 10
6.9958
 20
-8.7628
 30
0.0
 10
6.9958
 20
-8.7807
 30
0.0
 10
6.9916
 20
-8.8087
 30
0.0
 10
6.9833
 20
-8.8462
 30
0.0
 10
6.9751
 20
-8.8838
 30
0.0
 10
6.971
 20
-8.9116
 30
0.0
 10
6.971
 20
-8.9303
 30
0.0
 10
6.971
 20
-9.0653
 30
0.0
 10
7.1078
 20
-9.1328
 30
0.0
 10
7.3813
 20
-9.1328
 30
0.0
 10
7.4626
 20
-9.1328
 30
0.0
 10
7.5394
 20
-9.1236
 30
0.0
 10
7.6117
 20
-9.105
 30
0.0
 10
7.7199
 20
-9.0774
 30
0.0
 10
7.7741
 20
-9.034
 30
0.0
 10
7.7741
 20
-8.9747
 30
0.0
 10
7.7741
 20
-8.9251
 30
0.0
 10
7.7047
 20
-8.8445
 30
0.0
 10
7.5663
 20
-8.7329
 30
0.0
 10
7.5663
 20
-8.7329
 30
0.0
 10
7.7275
 20
-8.4187
 30
0.0
 10
7.7275
 20
-8.4187
 30
0.0
 10
7.7337
 20
-8.407
 30
0.0
 10
7.7392
 20
-8.4011
 30
0.0
 10
7.744
 20
-8.4011
 30
0.0
 10
7.7488
 20
-8.4011
 30
0.0
 10
7.7568
 20
-8.407
 30
0.0
 10
7.7678
 20
-8.4187
 30
0.0
 10
7.8767
 20
-8.5324
 30
0.0
 10
7.9608
 20
-8.5892
 30
0.0
 10
8.0201
 20
-8.5892
 30
0.0
 10
8.0201
 20
-8.5892
 30
0.0
 10
8.0469
 20
-8.5892
 30
0.0
 10
8.0469
 20
-8.5892
 30
0.0
 10
8.0469
 20
-8.5892
 30
0.0
 10
8.1069
 20
-8.5892
 30
0.0
 10
8.1069
 20
-8.5892
 30
0.0
 10
8.1069
 20
-8.5892
 30
0.0
 10
8.1119
 20
-8.5892
 30
0.0
 10
8.1119
 20
-8.5892
 30
0.0
 10
8.1857
 20
-8.5892
 30
0.0
 10
8.2371
 20
-8.5671
 30
0.0
 10
8.266
 20
-8.5228
 30
0.0
 10
8.2729
 20
-8.5124
 30
0.0
 10
8.2867
 20
-8.472
 30
0.0
 10
8.3074
 20
-8.4015
 30
0.0
 10
8.3204
 20
-8.357
 30
0.0
 10
8.3441
 20
-8.3349
 30
0.0
 10
8.3786
 20
-8.3349
 30
0.0
 10
8.4117
 20
-8.3349
 30
0.0
 10
8.433
 20
-8.357
 30
0.0
 10
8.4427
 20
-8.4015
 30
0.0
 10
8.4578
 20
-8.4693
 30
0.0
 10
8.4693
 20
-8.5097
 30
0.0
 10
8.4769
 20
-8.5228
 30
0.0
 10
8.503
 20
-8.5671
 30
0.0
 10
8.552
 20
-8.5892
 30
0.0
 10
8.6236
 20
-8.5892
 30
0.0
 10
8.6236
 20
-8.5892
 30
0.0
 10
8.6432
 20
-8.5892
 30
0.0
 10
8.6432
 20
-8.5892
 30
0.0
 10
8.6432
 20
-8.5892
 30
0.0
 10
8.7031
 20
-8.5892
 30
0.0
 10
8.7031
 20
-8.5892
 30
0.0
 10
8.7031
 20
-8.5892
 30
0.0
 10
8.8768
 20
-8.5892
 30
0.0
 10
8.8768
 20
-8.5892
 30
0.0
 10
8.9174
 20
-8.5892
 30
0.0
 10
8.9378
 20
-8.5779
 30
0.0
 10
8.9378
 20
-8.5551
 30
0.0
 10
8.9378
 20
-8.5434
 30
0.0
 10
8.9319
 20
-8.5299
 30
0.0
 10
8.9202
 20
-8.5148
 30
0.0
 10
8.8775
 20
-8.4594
 30
0.0
 10
8.8223
 20
-8.4018
 30
0.0
 10
8.7548
 20
-8.3418
 30
0.0
 10
8.7445
 20
-8.3322
 30
0.0
 10
8.7445
 20
-8.3198
 30
0.0
 10
8.7548
 20
-8.3046
 30
0.0
 10
8.7548
 20
-8.3046
 30
0.0
 10
8.947
 20
-8.0249
 30
0.0
 10
8.947
 20
-8.0249
 30
0.0
 10
8.9574
 20
-8.0097
 30
0.0
 10
8.965
 20
-8.0021
 30
0.0
 10
8.9698
 20
-8.0021
 30
0.0
 10
8.976
 20
-8.0021
 30
0.0
 10
8.9847
 20
-8.009
 30
0.0
 10
8.9957
 20
-8.0228
 30
0.0
 10
9.1032
 20
-8.1551
 30
0.0
 10
9.1569
 20
-8.3195
 30
0.0
 10
9.1569
 20
-8.5152
 30
0.0
 10
9.1569
 20
-8.707
 30
0.0
 10
9.1296
 20
-8.8421
 30
0.0
 10
9.0752
 20
-8.921
 30
0.0
 10
9.0118
 20
-9.0127
 30
0.0
 10
8.8947
 20
-9.0584
 30
0.0
 10
8.7238
 20
-9.0584
 30
0.0
 10
8.7238
 20
-9.0584
 30
0.0
 10
8.7031
 20
-9.0584
 30
0.0
 10
8.7031
 20
-9.0584
 30
0.0
 10
8.7031
 20
-9.0584
 30
0.0
 10
8.6432
 20
-9.0584
 30
0.0
 10
8.6432
 20
-9.0584
 30
0.0
  0
SPLINE
  5
7F
330
1F
100
AcDbEntity
  8
Layer 1
 62
   250
100
AcDbSpline
210
0.0
220
0.0
230
1.0
 70
    11
 71
     3
 72
    29
 73
    25
 74
     0
 42
0.0000000001
 43
0.0000000001
 40
0.0
 40
0.0
 40
0.0
 40
0.0
 40
0.125
 40
0.125
 40
0.125
 40
0.25
 40
0.25
 40
0.25
 40
0.375
 40
0.375
 40
0.375
 40
0.5
 40
0.5
 40
0.5
 40
0.625
 40
0.625
 40
0.625
 40
0.75
 40
0.75
 40
0.75
 40
0.875
 40
0.875
 40
0.875
 40
1.0
 40
1.0
 40
1.0
 40
1.0
 10
7.4567
 20
-8.2658
 30
0.0
 10
7.4664
 20
-8.2747
 30
0.0
 10
7.4661
 20
-8.2839
 30
0.0
 10
7.4553
 20
-8.2943
 30
0.0
 10
7.4553
 20
-8.2943
 30
0.0
 10
7.3175
 20
-8.4346
 30
0.0
 10
7.3175
 20
-8.4346
 30
0.0
 10
7.3079
 20
-8.4438
 30
0.0
 10
7.2979
 20
-8.4438
 30
0.0
 10
7.2872
 20
-8.4341
 30
0.0
 10
7.2872
 20
-8.4341
 30
0.0
 10
7.1466
 20
-8.2968
 30
0.0
 10
7.1466
 20
-8.2968
 30
0.0
 10
7.1356
 20
-8.2864
 30
0.0
 10
7.1367
 20
-8.2747
 30
0.0
 10
7.1498
 20
-8.2616
 30
0.0
 10
7.1498
 20
-8.2616
 30
0.0
 10
7.28
 20
-8.1293
 30
0.0
 10
7.28
 20
-8.1293
 30
0.0
 10
7.2911
 20
-8.1183
 30
0.0
 10
7.3024
 20
-8.1183
 30
0.0
 10
7.3141
 20
-8.1293
 30
0.0
 10
7.3141
 20
-8.1293
 30
0.0
 10
7.4567
 20
-8.2658
 30
0.0
 10
7.4567
 20
-8.2658
 30
0.0
  0
SPLINE
  5
80
330
1F
100
AcDbEntity
  8
Layer 1
 62
   250
100
AcDbSpline
210
0.0
220
0.0
230
1.0
 70
    11
 71
     3
 72
    23
 73
    19
 74
     0
 42
0.0000000001
 43
0.0000000001
 40
0.0
 40
0.0
 40
0.0
 40
0.0
 40
0.1666666666666667
 40
0.1666666666666667
 40
0.1666666666666667
 40
0.3333333333333333
 40
0.3333333333333333
 40
0.3333333333333333
 40
0.5
 40
0.5
 40
0.5
 40
0.6666666666666666
 40
0.6666666666666666
 40
0.6666666666666666
 40
0.8333333333333333
 40
0.8333333333333333
 40
0.8333333333333333
 40
1.0
 40
1.0
 40
1.0
 40
1.0
 10
14.7824
 20
-8.2196
 30
0.0
 10
14.7824
 20
-8.1975
 30
0.0
 10
14.7662
 20
-8.1771
 30
0.0
 10
14.7338
 20
-8.1579
 30
0.0
 10
14.7048
 20
-8.1404
 30
0.0
 10
14.6784
 20
-8.1314
 30
0.0
 10
14.6544
 20
-8.1314
 30
0.0
 10
14.6308
 20
-8.1314
 30
0.0
 10
14.6098
 20
-8.1372
 30
0.0
 10
14.5912
 20
-8.1489
 30
0.0
 10
14.5699
 20
-8.1617
 30
0.0
 10
14.5591
 20
-8.1796
 30
0.0
 10
14.5591
 20
-8.2019
 30
0.0
 10
14.5591
 20
-8.2272
 30
0.0
 10
14.5974
 20
-8.2398
 30
0.0
 10
14.6738
 20
-8.2398
 30
0.0
 10
14.7461
 20
-8.2398
 30
0.0
 10
14.7824
 20
-8.233
 30
0.0
 10
14.7824
 20
-8.2196
 30
0.0
  0
SPLINE
  5
81
330
1F
100
AcDbEntity
  8
Layer 1
 62
   250
100
AcDbSpline
210
0.0
220
0.0
230
1.0
 70
    11
 71
     3
 72
   110
 73
   106
 74
     0
 42
0.0000000001
 43
0.0000000001
 40
0.0
 40
0.0
 40
0.0
 40
0.0
 40
0.0285714285714286
 40
0.0285714285714286
 40
0.0285714285714286
 40
0.0571428571428571
 40
0.0571428571428571
 40
0.0571428571428571
 40
0.0857142857142857
 40
0.0857142857142857
 40
0.0857142857142857
 40
0.1142857142857143
 40
0.1142857142857143
 40
0.1142857142857143
 40
0.1428571428571428
 40
0.1428571428571428
 40
0.1428571428571428
 40
0.1714285714285714
 40
0.1714285714285714
 40
0.1714285714285714
 40
0.2
 40
0.2
 40
0.2
 40
0.2285714285714286
 40
0.2285714285714286
 40
0.2285714285714286
 40
0.2571428571428571
 40
0.2571428571428571
 40
0.2571428571428571
 40
0.2857142857142857
 40
0.2857142857142857
 40
0.2857142857142857
 40
0.3142857142857143
 40
0.3142857142857143
 40
0.3142857142857143
 40
0.3428571428571429
 40
0.3428571428571429
 40
0.3428571428571429
 40
0.3714285714285714
 40
0.3714285714285714
 40
0.3714285714285714
 40
0.4
 40
0.4
 40
0.4
 40
0.4285714285714285
 40
0.4285714285714285
 40
0.4285714285714285
 40
0.4571428571428571
 40
0.4571428571428571
 40
0.4571428571428571
 40
0.4857142857142857
 40
0.4857142857142857
 40
0.4857142857142857
 40
0.5142857142857142
 40
0.5142857142857142
 40
0.5142857142857142
 40
0.5428571428571428
 40
0.5428571428571428
 40
0.5428571428571428
 40
0.5714285714285714
 40
0.5714285714285714
 40
0.5714285714285714
 40
0.6
 40
0.6
 40
0.6
 40
0.6285714285714286
 40
0.6285714285714286
 40
0.6285714285714286
 40
0.6571428571428571
 40
0.6571428571428571
 40
0.6571428571428571
 40
0.6857142857142857
 40
0.6857142857142857
 40
0.6857142857142857
 40
0.7142857142857143
 40
0.7142857142857143
 40
0.7142857142857143
 40
0.7428571428571429
 40
0.7428571428571429
 40
0.7428571428571429
 40
0.7714285714285714
 40
0.7714285714285714
 40
0.7714285714285714
 40
0.7999999999999999
 40
0.7999999999999999
 40
0.7999999999999999
 40
0.8285714285714285
 40
0.8285714285714285
 40
0.8285714285714285
 40
0.8571428571428571
 40
0.8571428571428571
 40
0.8571428571428571
 40
0.8857142857142857
 40
0.8857142857142857
 40
0.8857142857142857
 40
0.9142857142857143
 40
0.9142857142857143
 40
0.9142857142857143
 40
0.9428571428571428
 40
0.9428571428571428
 40
0.9428571428571428
 40
0.9714285714285714
 40
0.9714285714285714
 40
0.9714285714285714
 40
1.0
 40
1.0
 40
1.0
 40
1.0
 10
14.2986
 20
-9.0583
 30
0.0
 10
14.2723
 20
-9.0573
 30
0.0
 10
14.2486
 20
-9.049
 30
0.0
 10
14.2274
 20
-9.0336
 30
0.0
 10
14.2274
 20
-9.0336
 30
0.0
 10
14.2274
 20
-9.1245
 30
0.0
 10
14.2274
 20
-9.1245
 30
0.0
 10
14.2274
 20
-9.2003
 30
0.0
 10
14.2063
 20
-9.2851
 30
0.0
 10
14.1643
 20
-9.3788
 30
0.0
 10
14.1278
 20
-9.4608
 30
0.0
 10
14.0878
 20
-9.5253
 30
0.0
 10
14.0444
 20
-9.5721
 30
0.0
 10
14.0293
 20
-9.5887
 30
0.0
 10
14.0083
 20
-9.5969
 30
0.0
 10
13.9814
 20
-9.5969
 30
0.0
 10
13.9814
 20
-9.5969
 30
0.0
 10
13.4966
 20
-9.5969
 30
0.0
 10
13.4966
 20
-9.5969
 30
0.0
 10
13.4395
 20
-9.5969
 30
0.0
 10
13.4109
 20
-9.5735
 30
0.0
 10
13.4109
 20
-9.5267
 30
0.0
 10
13.4109
 20
-9.5012
 30
0.0
 10
13.4229
 20
-9.4826
 30
0.0
 10
13.447
 20
-9.4709
 30
0.0
 10
13.538
 20
-9.4274
 30
0.0
 10
13.6503
 20
-9.3599
 30
0.0
 10
13.784
 20
-9.2683
 30
0.0
 10
13.9576
 20
-9.1498
 30
0.0
 10
14.0444
 20
-9.0653
 30
0.0
 10
14.0444
 20
-9.015
 30
0.0
 10
14.0444
 20
-8.9736
 30
0.0
 10
13.967
 20
-8.8806
 30
0.0
 10
13.812
 20
-8.7359
 30
0.0
 10
13.812
 20
-8.7359
 30
0.0
 10
13.9773
 20
-8.3949
 30
0.0
 10
13.9773
 20
-8.3949
 30
0.0
 10
13.9876
 20
-8.3742
 30
0.0
 10
14.0003
 20
-8.3718
 30
0.0
 10
14.0155
 20
-8.3877
 30
0.0
 10
14.0809
 20
-8.4559
 30
0.0
 10
14.1264
 20
-8.5
 30
0.0
 10
14.1519
 20
-8.52
 30
0.0
 10
14.2098
 20
-8.5655
 30
0.0
 10
14.267
 20
-8.5882
 30
0.0
 10
14.3235
 20
-8.5882
 30
0.0
 10
14.3235
 20
-8.5882
 30
0.0
 10
14.3607
 20
-8.5882
 30
0.0
 10
14.3607
 20
-8.5882
 30
0.0
 10
14.3607
 20
-8.5882
 30
0.0
 10
14.3607
 20
-8.5892
 30
0.0
 10
14.3607
 20
-8.5892
 30
0.0
 10
14.3607
 20
-8.5892
 30
0.0
 10
14.4289
 20
-8.5892
 30
0.0
 10
14.4289
 20
-8.5892
 30
0.0
 10
14.6569
 20
-8.5892
 30
0.0
 10
14.7877
 20
-8.5765
 30
0.0
 10
14.8216
 20
-8.5506
 30
0.0
 10
14.8361
 20
-8.5396
 30
0.0
 10
14.8435
 20
-8.5269
 30
0.0
 10
14.8435
 20
-8.5131
 30
0.0
 10
14.8435
 20
-8.4941
 30
0.0
 10
14.8336
 20
-8.4849
 30
0.0
 10
14.8146
 20
-8.4849
 30
0.0
 10
14.8082
 20
-8.4849
 30
0.0
 10
14.8019
 20
-8.4863
 30
0.0
 10
14.7959
 20
-8.489
 30
0.0
 10
14.7722
 20
-8.4993
 30
0.0
 10
14.7182
 20
-8.5044
 30
0.0
 10
14.6335
 20
-8.5044
 30
0.0
 10
14.4564
 20
-8.5044
 30
0.0
 10
14.368
 20
-8.4332
 30
0.0
 10
14.368
 20
-8.2906
 30
0.0
 10
14.368
 20
-8.1948
 30
0.0
 10
14.3917
 20
-8.1
 30
0.0
 10
14.4392
 20
-8.0063
 30
0.0
 10
14.4957
 20
-7.8946
 30
0.0
 10
14.5671
 20
-7.8388
 30
0.0
 10
14.6533
 20
-7.8388
 30
0.0
 10
14.78
 20
-7.8388
 30
0.0
 10
14.8773
 20
-7.916
 30
0.0
 10
14.9458
 20
-8.0707
 30
0.0
 10
14.9973
 20
-8.1879
 30
0.0
 10
15.023
 20
-8.3147
 30
0.0
 10
15.023
 20
-8.4514
 30
0.0
 10
15.023
 20
-8.8562
 30
0.0
 10
14.8258
 20
-9.0584
 30
0.0
 10
14.4309
 20
-9.0584
 30
0.0
 10
14.4309
 20
-9.0584
 30
0.0
 10
14.3607
 20
-9.0584
 30
0.0
 10
14.3607
 20
-9.0584
 30
0.0
 10
14.3607
 20
-9.0584
 30
0.0
 10
14.3039
 20
-9.0584
 30
0.0
 10
14.3039
 20
-9.0584
 30
0.0
 10
14.3039
 20
-9.0584
 30
0.0
 10
14.3026
 20
-9.0584
 30
0.0
 10
14.3026
 20
-9.0584
 30
0.0
 10
14.3026
 20
-9.0584
 30
0.0
 10
14.3013
 20
-9.0584
 30
0.0
 10
14.3013
 20
-9.0584
 30
0.0
 10
14.3013
 20
-9.0584
 30
0.0
 10
14.2986
 20
-9.0584
 30
0.0
 10
14.2986
 20
-9.0584
 30
0.0
 10
14.2986
 20
-9.0584
 30
0.0
 10
14.2986
 20
-9.0583
 30
0.0
 10
14.2986
 20
-9.0583
 30
0.0
  0
SPLINE
  5
82
330
1F
100
AcDbEntity
  8
Layer 1
 62
   250
100
AcDbSpline
210
0.0
220
0.0
230
1.0
 70
    11
 71
     3
 72
    47
 73
    43
 74
     0
 42
0.0000000001
 43
0.0000000001
 40
0.0
 40
0.0
 40
0.0
 40
0.0
 40
0.0714285714285714
 40
0.0714285714285714
 40
0.0714285714285714
 40
0.1428571428571428
 40
0.1428571428571428
 40
0.1428571428571428
 40
0.2142857142857143
 40
0.2142857142857143
 40
0.2142857142857143
 40
0.2857142857142857
 40
0.2857142857142857
 40
0.2857142857142857
 40
0.3571428571428571
 40
0.3571428571428571
 40
0.3571428571428571
 40
0.4285714285714285
 40
0.4285714285714285
 40
0.4285714285714285
 40
0.5
 40
0.5
 40
0.5
 40
0.5714285714285714
 40
0.5714285714285714
 40
0.5714285714285714
 40
0.6428571428571428
 40
0.6428571428571428
 40
0.6428571428571428
 40
0.7142857142857142
 40
0.7142857142857142
 40
0.7142857142857142
 40
0.7857142857142857
 40
0.7857142857142857
 40
0.7857142857142857
 40
0.8571428571428571
 40
0.8571428571428571
 40
0.8571428571428571
 40
0.9285714285714285
 40
0.9285714285714285
 40
0.9285714285714285
 40
1.0
 40
1.0
 40
1.0
 40
1.0
 10
13.3265
 20
-9.3609
 30
0.0
 10
13.3361
 20
-9.3684
 30
0.0
 10
13.3358
 20
-9.3774
 30
0.0
 10
13.3251
 20
-9.3871
 30
0.0
 10
13.3251
 20
-9.3871
 30
0.0
 10
13.2021
 20
-9.5081
 30
0.0
 10
13.2021
 20
-9.5081
 30
0.0
 10
13.1932
 20
-9.517
 30
0.0
 10
13.1843
 20
-9.517
 30
0.0
 10
13.1753
 20
-9.5081
 30
0.0
 10
13.1753
 20
-9.5081
 30
0.0
 10
13.0595
 20
-9.3953
 30
0.0
 10
13.0595
 20
-9.3953
 30
0.0
 10
13.0595
 20
-9.3953
 30
0.0
 10
12.9459
 20
-9.5081
 30
0.0
 10
12.9459
 20
-9.5081
 30
0.0
 10
12.9369
 20
-9.517
 30
0.0
 10
12.9279
 20
-9.517
 30
0.0
 10
12.919
 20
-9.5081
 30
0.0
 10
12.919
 20
-9.5081
 30
0.0
 10
12.7959
 20
-9.3882
 30
0.0
 10
12.7959
 20
-9.3882
 30
0.0
 10
12.7856
 20
-9.3785
 30
0.0
 10
12.7867
 20
-9.3675
 30
0.0
 10
12.7991
 20
-9.3551
 30
0.0
 10
12.7991
 20
-9.3551
 30
0.0
 10
12.9124
 20
-9.24
 30
0.0
 10
12.9124
 20
-9.24
 30
0.0
 10
12.9227
 20
-9.23
 30
0.0
 10
12.933
 20
-9.23
 30
0.0
 10
12.9438
 20
-9.2403
 30
0.0
 10
12.9438
 20
-9.2403
 30
0.0
 10
13.0598
 20
-9.3523
 30
0.0
 10
13.0598
 20
-9.3523
 30
0.0
 10
13.0598
 20
-9.3523
 30
0.0
 10
13.1691
 20
-9.2403
 30
0.0
 10
13.1691
 20
-9.2403
 30
0.0
 10
13.1797
 20
-9.2297
 30
0.0
 10
13.1904
 20
-9.2293
 30
0.0
 10
13.2018
 20
-9.2396
 30
0.0
 10
13.2018
 20
-9.2396
 30
0.0
 10
13.3265
 20
-9.3609
 30
0.0
 10
13.3265
 20
-9.3609
 30
0.0
  0
SPLINE
  5
83
330
1F
100
AcDbEntity
  8
Layer 1
 62
   250
100
AcDbSpline
210
0.0
220
0.0
230
1.0
 70
    11
 71
     3
 72
   131
 73
   127
 74
     0
 42
0.0000000001
 43
0.0000000001
 40
0.0
 40
0.0
 40
0.0
 40
0.0
 40
0.0238095238095238
 40
0.0238095238095238
 40
0.0238095238095238
 40
0.0476190476190476
 40
0.0476190476190476
 40
0.0476190476190476
 40
0.0714285714285714
 40
0.0714285714285714
 40
0.0714285714285714
 40
0.0952380952380952
 40
0.0952380952380952
 40
0.0952380952380952
 40
0.119047619047619
 40
0.119047619047619
 40
0.119047619047619
 40
0.1428571428571428
 40
0.1428571428571428
 40
0.1428571428571428
 40
0.1666666666666667
 40
0.1666666666666667
 40
0.1666666666666667
 40
0.1904761904761905
 40
0.1904761904761905
 40
0.1904761904761905
 40
0.2142857142857143
 40
0.2142857142857143
 40
0.2142857142857143
 40
0.2380952380952381
 40
0.2380952380952381
 40
0.2380952380952381
 40
0.2619047619047619
 40
0.2619047619047619
 40
0.2619047619047619
 40
0.2857142857142857
 40
0.2857142857142857
 40
0.2857142857142857
 40
0.3095238095238095
 40
0.3095238095238095
 40
0.3095238095238095
 40
0.3333333333333333
 40
0.3333333333333333
 40
0.3333333333333333
 40
0.3571428571428571
 40
0.3571428571428571
 40
0.3571428571428571
 40
0.3809523809523809
 40
0.3809523809523809
 40
0.3809523809523809
 40
0.4047619047619048
 40
0.4047619047619048
 40
0.4047619047619048
 40
0.4285714285714285
 40
0.4285714285714285
 40
0.4285714285714285
 40
0.4523809523809523
 40
0.4523809523809523
 40
0.4523809523809523
 40
0.4761904761904762
 40
0.4761904761904762
 40
0.4761904761904762
 40
0.5
 40
0.5
 40
0.5
 40
0.5238095238095237
 40
0.5238095238095237
 40
0.5238095238095237
 40
0.5476190476190476
 40
0.5476190476190476
 40
0.5476190476190476
 40
0.5714285714285714
 40
0.5714285714285714
 40
0.5714285714285714
 40
0.5952380952380952
 40
0.5952380952380952
 40
0.5952380952380952
 40
0.6190476190476191
 40
0.6190476190476191
 40
0.6190476190476191
 40
0.6428571428571428
 40
0.6428571428571428
 40
0.6428571428571428
 40
0.6666666666666666
 40
0.6666666666666666
 40
0.6666666666666666
 40
0.6904761904761905
 40
0.6904761904761905
 40
0.6904761904761905
 40
0.7142857142857142
 40
0.7142857142857142
 40
0.7142857142857142
 40
0.738095238095238
 40
0.738095238095238
 40
0.738095238095238
 40
0.7619047619047619
 40
0.7619047619047619
 40
0.7619047619047619
 40
0.7857142857142857
 40
0.7857142857142857
 40
0.7857142857142857
 40
0.8095238095238095
 40
0.8095238095238095
 40
0.8095238095238095
 40
0.8333333333333333
 40
0.8333333333333333
 40
0.8333333333333333
 40
0.8571428571428571
 40
0.8571428571428571
 40
0.8571428571428571
 40
0.8809523809523809
 40
0.8809523809523809
 40
0.8809523809523809
 40
0.9047619047619047
 40
0.9047619047619047
 40
0.9047619047619047
 40
0.9285714285714285
 40
0.9285714285714285
 40
0.9285714285714285
 40
0.9523809523809523
 40
0.9523809523809523
 40
0.9523809523809523
 40
0.9761904761904762
 40
0.9761904761904762
 40
0.9761904761904762
 40
1.0
 40
1.0
 40
1.0
 40
1.0
 10
13.2486
 20
-8.5152
 30
0.0
 10
13.2486
 20
-8.707
 30
0.0
 10
13.2214
 20
-8.8421
 30
0.0
 10
13.167
 20
-8.921
 30
0.0
 10
13.1036
 20
-9.0127
 30
0.0
 10
12.9865
 20
-9.0584
 30
0.0
 10
12.8156
 20
-9.0584
 30
0.0
 10
12.8156
 20
-9.0584
 30
0.0
 10
12.7959
 20
-9.0584
 30
0.0
 10
12.7959
 20
-9.0584
 30
0.0
 10
12.7959
 20
-9.0584
 30
0.0
 10
12.735
 20
-9.0584
 30
0.0
 10
12.735
 20
-9.0584
 30
0.0
 10
12.735
 20
-9.0584
 30
0.0
 10
12.7339
 20
-9.0584
 30
0.0
 10
12.7339
 20
-9.0584
 30
0.0
 10
12.6981
 20
-9.0584
 30
0.0
 10
12.6613
 20
-9.0402
 30
0.0
 10
12.6234
 20
-9.0033
 30
0.0
 10
12.5889
 20
-8.9699
 30
0.0
 10
12.5658
 20
-8.9348
 30
0.0
 10
12.5541
 20
-8.8972
 30
0.0
 10
12.5031
 20
-9.0088
 30
0.0
 10
12.4236
 20
-9.0646
 30
0.0
 10
12.3154
 20
-9.0646
 30
0.0
 10
12.2024
 20
-9.0646
 30
0.0
 10
12.1103
 20
-9.0102
 30
0.0
 10
12.0394
 20
-8.9013
 30
0.0
 10
11.9918
 20
-9.006
 30
0.0
 10
11.9284
 20
-9.0584
 30
0.0
 10
11.8492
 20
-9.0584
 30
0.0
 10
11.8492
 20
-9.0584
 30
0.0
 10
11.7831
 20
-9.0584
 30
0.0
 10
11.7831
 20
-9.0584
 30
0.0
 10
11.7831
 20
-9.0584
 30
0.0
 10
11.7831
 20
-9.0563
 30
0.0
 10
11.7831
 20
-9.0563
 30
0.0
 10
11.7831
 20
-9.0563
 30
0.0
 10
11.7346
 20
-9.0563
 30
0.0
 10
11.7346
 20
-9.0563
 30
0.0
 10
11.4762
 20
-9.0563
 30
0.0
 10
11.3469
 20
-8.9213
 30
0.0
 10
11.3469
 20
-8.6512
 30
0.0
 10
11.3469
 20
-8.5361
 30
0.0
 10
11.3428
 20
-8.385
 30
0.0
 10
11.3345
 20
-8.1975
 30
0.0
 10
11.3255
 20
-7.9998
 30
0.0
 10
11.3163
 20
-7.8689
 30
0.0
 10
11.3067
 20
-7.8048
 30
0.0
 10
11.3018
 20
-7.7731
 30
0.0
 10
11.3073
 20
-7.7504
 30
0.0
 10
11.3232
 20
-7.7366
 30
0.0
 10
11.3232
 20
-7.7366
 30
0.0
 10
11.6239
 20
-7.5246
 30
0.0
 10
11.6239
 20
-7.5246
 30
0.0
 10
11.6446
 20
-7.5102
 30
0.0
 10
11.6587
 20
-7.503
 30
0.0
 10
11.6663
 20
-7.503
 30
0.0
 10
11.6753
 20
-7.503
 30
0.0
 10
11.6797
 20
-7.5113
 30
0.0
 10
11.6797
 20
-7.5278
 30
0.0
 10
11.6797
 20
-7.5278
 30
0.0
 10
11.6797
 20
-8.4383
 30
0.0
 10
11.6797
 20
-8.4383
 30
0.0
 10
11.6797
 20
-8.5373
 30
0.0
 10
11.7228
 20
-8.5876
 30
0.0
 10
11.809
 20
-8.5892
 30
0.0
 10
11.809
 20
-8.5892
 30
0.0
 10
11.8131
 20
-8.5892
 30
0.0
 10
11.8131
 20
-8.5892
 30
0.0
 10
11.8131
 20
-8.5892
 30
0.0
 10
11.8172
 20
-8.5892
 30
0.0
 10
11.8172
 20
-8.5892
 30
0.0
 10
11.8172
 20
-8.5892
 30
0.0
 10
11.8212
 20
-8.5892
 30
0.0
 10
11.8212
 20
-8.5892
 30
0.0
 10
11.9055
 20
-8.5883
 30
0.0
 10
11.9492
 20
-8.5611
 30
0.0
 10
11.9526
 20
-8.5072
 30
0.0
 10
11.9567
 20
-8.4349
 30
0.0
 10
11.9771
 20
-8.3712
 30
0.0
 10
12.0136
 20
-8.3167
 30
0.0
 10
12.0687
 20
-8.2337
 30
0.0
 10
12.1507
 20
-8.1923
 30
0.0
 10
12.2596
 20
-8.1923
 30
0.0
 10
12.3512
 20
-8.1923
 30
0.0
 10
12.4249
 20
-8.2265
 30
0.0
 10
12.4807
 20
-8.295
 30
0.0
 10
12.4938
 20
-8.3108
 30
0.0
 10
12.5303
 20
-8.3746
 30
0.0
 10
12.5903
 20
-8.4865
 30
0.0
 10
12.6268
 20
-8.5551
 30
0.0
 10
12.6678
 20
-8.5892
 30
0.0
 10
12.7132
 20
-8.5892
 30
0.0
 10
12.7132
 20
-8.5892
 30
0.0
 10
12.735
 20
-8.5892
 30
0.0
 10
12.735
 20
-8.5892
 30
0.0
 10
12.735
 20
-8.5892
 30
0.0
 10
12.7959
 20
-8.5892
 30
0.0
 10
12.7959
 20
-8.5892
 30
0.0
 10
12.7959
 20
-8.5892
 30
0.0
 10
12.9686
 20
-8.5892
 30
0.0
 10
12.9686
 20
-8.5892
 30
0.0
 10
13.0092
 20
-8.5892
 30
0.0
 10
13.0295
 20
-8.5779
 30
0.0
 10
13.0295
 20
-8.5551
 30
0.0
 10
13.0295
 20
-8.5434
 30
0.0
 10
13.0237
 20
-8.5299
 30
0.0
 10
13.012
 20
-8.5148
 30
0.0
 10
12.9693
 20
-8.4594
 30
0.0
 10
12.9141
 20
-8.4018
 30
0.0
 10
12.8466
 20
-8.3418
 30
0.0
 10
12.8363
 20
-8.3322
 30
0.0
 10
12.8363
 20
-8.3198
 30
0.0
 10
12.8466
 20
-8.3046
 30
0.0
 10
12.8466
 20
-8.3046
 30
0.0
 10
13.0388
 20
-8.0249
 30
0.0
 10
13.0388
 20
-8.0249
 30
0.0
 10
13.0492
 20
-8.0097
 30
0.0
 10
13.0568
 20
-8.0021
 30
0.0
 10
13.0616
 20
-8.0021
 30
0.0
 10
13.0678
 20
-8.0021
 30
0.0
 10
13.0763
 20
-8.009
 30
0.0
 10
13.0874
 20
-8.0228
 30
0.0
 10
13.1948
 20
-8.1551
 30
0.0
 10
13.2486
 20
-8.3195
 30
0.0
 10
13.2486
 20
-8.5152
 30
0.0
  0
SPLINE
  5
84
330
1F
100
AcDbEntity
  8
Layer 1
 62
   250
100
AcDbSpline
210
0.0
220
0.0
230
1.0
 70
    11
 71
     3
 72
    26
 73
    22
 74
     0
 42
0.0000000001
 43
0.0000000001
 40
0.0
 40
0.0
 40
0.0
 40
0.0
 40
0.1428571428571428
 40
0.1428571428571428
 40
0.1428571428571428
 40
0.2857142857142857
 40
0.2857142857142857
 40
0.2857142857142857
 40
0.4285714285714285
 40
0.4285714285714285
 40
0.4285714285714285
 40
0.5714285714285714
 40
0.5714285714285714
 40
0.5714285714285714
 40
0.7142857142857142
 40
0.7142857142857142
 40
0.7142857142857142
 40
0.8571428571428571
 40
0.8571428571428571
 40
0.8571428571428571
 40
1.0
 40
1.0
 40
1.0
 40
1.0
 10
12.4622
 20
-8.6491
 30
0.0
 10
12.4622
 20
-8.605
 30
0.0
 10
12.45
 20
-8.5575
 30
0.0
 10
12.4259
 20
-8.5065
 30
0.0
 10
12.397
 20
-8.4452
 30
0.0
 10
12.3632
 20
-8.4146
 30
0.0
 10
12.3246
 20
-8.4146
 30
0.0
 10
12.3039
 20
-8.4146
 30
0.0
 10
12.2867
 20
-8.4229
 30
0.0
 10
12.273
 20
-8.439
 30
0.0
 10
12.2592
 20
-8.4552
 30
0.0
 10
12.2523
 20
-8.4738
 30
0.0
 10
12.2523
 20
-8.4952
 30
0.0
 10
12.2523
 20
-8.5476
 30
0.0
 10
12.2637
 20
-8.5985
 30
0.0
 10
12.2864
 20
-8.6482
 30
0.0
 10
12.3154
 20
-8.7115
 30
0.0
 10
12.3547
 20
-8.7432
 30
0.0
 10
12.4043
 20
-8.7432
 30
0.0
 10
12.4429
 20
-8.7432
 30
0.0
 10
12.4622
 20
-8.7118
 30
0.0
 10
12.4622
 20
-8.6491
 30
0.0
  0
SPLINE
  5
85
330
1F
100
AcDbEntity
  8
Layer 1
 62
   250
100
AcDbSpline
210
0.0
220
0.0
230
1.0
 70
    11
 71
     3
 72
    32
 73
    28
 74
     0
 42
0.0000000001
 43
0.0000000001
 40
0.0
 40
0.0
 40
0.0
 40
0.0
 40
0.1111111111111111
 40
0.1111111111111111
 40
0.1111111111111111
 40
0.2222222222222222
 40
0.2222222222222222
 40
0.2222222222222222
 40
0.3333333333333333
 40
0.3333333333333333
 40
0.3333333333333333
 40
0.4444444444444444
 40
0.4444444444444444
 40
0.4444444444444444
 40
0.5555555555555556
 40
0.5555555555555556
 40
0.5555555555555556
 40
0.6666666666666666
 40
0.6666666666666666
 40
0.6666666666666666
 40
0.7777777777777777
 40
0.7777777777777777
 40
0.7777777777777777
 40
0.8888888888888888
 40
0.8888888888888888
 40
0.8888888888888888
 40
1.0
 40
1.0
 40
1.0
 40
1.0
 10
10.639
 20
-8.2605
 30
0.0
 10
10.6438
 20
-8.2653
 30
0.0
 10
10.6462
 20
-8.2699
 30
0.0
 10
10.6462
 20
-8.274
 30
0.0
 10
10.6462
 20
-8.2789
 30
0.0
 10
10.6434
 20
-8.2839
 30
0.0
 10
10.6379
 20
-8.2895
 30
0.0
 10
10.6379
 20
-8.2895
 30
0.0
 10
10.4991
 20
-8.4277
 30
0.0
 10
10.4991
 20
-8.4277
 30
0.0
 10
10.4895
 20
-8.438
 30
0.0
 10
10.4794
 20
-8.438
 30
0.0
 10
10.4691
 20
-8.4284
 30
0.0
 10
10.4691
 20
-8.4284
 30
0.0
 10
10.3289
 20
-8.2915
 30
0.0
 10
10.3289
 20
-8.2915
 30
0.0
 10
10.3168
 20
-8.2805
 30
0.0
 10
10.3182
 20
-8.2681
 30
0.0
 10
10.332
 20
-8.2543
 30
0.0
 10
10.332
 20
-8.2543
 30
0.0
 10
10.4622
 20
-8.1231
 30
0.0
 10
10.4622
 20
-8.1231
 30
0.0
 10
10.4732
 20
-8.1121
 30
0.0
 10
10.4847
 20
-8.1121
 30
0.0
 10
10.4964
 20
-8.1231
 30
0.0
 10
10.4964
 20
-8.1231
 30
0.0
 10
10.639
 20
-8.2605
 30
0.0
 10
10.639
 20
-8.2605
 30
0.0
  0
SPLINE
  5
86
330
1F
100
AcDbEntity
  8
Layer 1
 62
   250
100
AcDbSpline
210
0.0
220
0.0
230
1.0
 70
    11
 71
     3
 72
    59
 73
    55
 74
     0
 42
0.0000000001
 43
0.0000000001
 40
0.0
 40
0.0
 40
0.0
 40
0.0
 40
0.0555555555555556
 40
0.0555555555555556
 40
0.0555555555555556
 40
0.1111111111111111
 40
0.1111111111111111
 40
0.1111111111111111
 40
0.1666666666666667
 40
0.1666666666666667
 40
0.1666666666666667
 40
0.2222222222222222
 40
0.2222222222222222
 40
0.2222222222222222
 40
0.2777777777777778
 40
0.2777777777777778
 40
0.2777777777777778
 40
0.3333333333333333
 40
0.3333333333333333
 40
0.3333333333333333
 40
0.3888888888888888
 40
0.3888888888888888
 40
0.3888888888888888
 40
0.4444444444444444
 40
0.4444444444444444
 40
0.4444444444444444
 40
0.5
 40
0.5
 40
0.5
 40
0.5555555555555556
 40
0.5555555555555556
 40
0.5555555555555556
 40
0.611111111111111
 40
0.611111111111111
 40
0.611111111111111
 40
0.6666666666666666
 40
0.6666666666666666
 40
0.6666666666666666
 40
0.7222222222222222
 40
0.7222222222222222
 40
0.7222222222222222
 40
0.7777777777777777
 40
0.7777777777777777
 40
0.7777777777777777
 40
0.8333333333333333
 40
0.8333333333333333
 40
0.8333333333333333
 40
0.8888888888888888
 40
0.8888888888888888
 40
0.8888888888888888
 40
0.9444444444444444
 40
0.9444444444444444
 40
0.9444444444444444
 40
1.0
 40
1.0
 40
1.0
 40
1.0
 10
11.1765
 20
-8.922
 30
0.0
 10
11.1765
 20
-9.1818
 30
0.0
 10
11.1055
 20
-9.3636
 30
0.0
 10
10.9635
 20
-9.4677
 30
0.0
 10
10.8616
 20
-9.5428
 30
0.0
 10
10.7137
 20
-9.5804
 30
0.0
 10
10.5201
 20
-9.5804
 30
0.0
 10
10.3519
 20
-9.5804
 30
0.0
 10
10.2173
 20
-9.5462
 30
0.0
 10
10.116
 20
-9.478
 30
0.0
 10
9.9975
 20
-9.3988
 30
0.0
 10
9.9383
 20
-9.2796
 30
0.0
 10
9.9383
 20
-9.1204
 30
0.0
 10
9.9383
 20
-9.0253
 30
0.0
 10
9.952
 20
-8.9279
 30
0.0
 10
9.9796
 20
-8.828
 30
0.0
 10
10.0148
 20
-8.7005
 30
0.0
 10
10.0595
 20
-8.6367
 30
0.0
 10
10.114
 20
-8.6367
 30
0.0
 10
10.1581
 20
-8.6367
 30
0.0
 10
10.1801
 20
-8.6744
 30
0.0
 10
10.1801
 20
-8.7495
 30
0.0
 10
10.1801
 20
-8.7681
 30
0.0
 10
10.176
 20
-8.7966
 30
0.0
 10
10.168
 20
-8.8345
 30
0.0
 10
10.1601
 20
-8.8731
 30
0.0
 10
10.1563
 20
-8.9017
 30
0.0
 10
10.1563
 20
-8.921
 30
0.0
 10
10.1563
 20
-9.0623
 30
0.0
 10
10.292
 20
-9.1328
 30
0.0
 10
10.5635
 20
-9.1328
 30
0.0
 10
10.8418
 20
-9.1328
 30
0.0
 10
10.981
 20
-9.0818
 30
0.0
 10
10.981
 20
-8.9799
 30
0.0
 10
10.981
 20
-8.9571
 30
0.0
 10
10.9507
 20
-8.9093
 30
0.0
 10
10.8901
 20
-8.8363
 30
0.0
 10
10.8322
 20
-8.7667
 30
0.0
 10
10.7871
 20
-8.7212
 30
0.0
 10
10.7547
 20
-8.6998
 30
0.0
 10
10.7547
 20
-8.6998
 30
0.0
 10
10.9263
 20
-8.3639
 30
0.0
 10
10.9263
 20
-8.3639
 30
0.0
 10
10.9373
 20
-8.3418
 30
0.0
 10
10.9459
 20
-8.3308
 30
0.0
 10
10.9521
 20
-8.3308
 30
0.0
 10
10.9576
 20
-8.3308
 30
0.0
 10
10.97
 20
-8.3409
 30
0.0
 10
10.9893
 20
-8.3608
 30
0.0
 10
11.0307
 20
-8.4042
 30
0.0
 10
11.0699
 20
-8.4732
 30
0.0
 10
11.1071
 20
-8.5675
 30
0.0
 10
11.1533
 20
-8.6854
 30
0.0
 10
11.1765
 20
-8.8035
 30
0.0
 10
11.1765
 20
-8.922
 30
0.0
  0
SPLINE
  5
87
330
1F
100
AcDbEntity
  8
Layer 1
 62
   250
100
AcDbSpline
210
0.0
220
0.0
230
1.0
 70
    11
 71
     3
 72
    29
 73
    25
 74
     0
 42
0.0000000001
 43
0.0000000001
 40
0.0
 40
0.0
 40
0.0
 40
0.0
 40
0.125
 40
0.125
 40
0.125
 40
0.25
 40
0.25
 40
0.25
 40
0.375
 40
0.375
 40
0.375
 40
0.5
 40
0.5
 40
0.5
 40
0.625
 40
0.625
 40
0.625
 40
0.75
 40
0.75
 40
0.75
 40
0.875
 40
0.875
 40
0.875
 40
1.0
 40
1.0
 40
1.0
 40
1.0
 10
14.8071
 20
-7.5485
 30
0.0
 10
14.8167
 20
-7.5575
 30
0.0
 10
14.8163
 20
-7.5671
 30
0.0
 10
14.8061
 20
-7.5774
 30
0.0
 10
14.8061
 20
-7.5774
 30
0.0
 10
14.6678
 20
-7.7169
 30
0.0
 10
14.6678
 20
-7.7169
 30
0.0
 10
14.6579
 20
-7.7265
 30
0.0
 10
14.648
 20
-7.7265
 30
0.0
 10
14.6377
 20
-7.7169
 30
0.0
 10
14.6377
 20
-7.7169
 30
0.0
 10
14.4957
 20
-7.5798
 30
0.0
 10
14.4957
 20
-7.5798
 30
0.0
 10
14.4847
 20
-7.5685
 30
0.0
 10
14.4861
 20
-7.5563
 30
0.0
 10
14.4992
 20
-7.5432
 30
0.0
 10
14.4992
 20
-7.5432
 30
0.0
 10
14.6284
 20
-7.412
 30
0.0
 10
14.6284
 20
-7.412
 30
0.0
 10
14.6401
 20
-7.4003
 30
0.0
 10
14.6523
 20
-7.4003
 30
0.0
 10
14.6646
 20
-7.412
 30
0.0
 10
14.6646
 20
-7.412
 30
0.0
 10
14.8071
 20
-7.5485
 30
0.0
 10
14.8071
 20
-7.5485
 30
0.0
  0
SPLINE
  5
88
330
1F
100
AcDbEntity
  8
Layer 1
 62
   250
100
AcDbSpline
210
0.0
220
0.0
230
1.0
 70
    11
 71
     3
 72
    41
 73
    37
 74
     0
 42
0.0000000001
 43
0.0000000001
 40
0.0
 40
0.0
 40
0.0
 40
0.0
 40
0.0833333333333333
 40
0.0833333333333333
 40
0.0833333333333333
 40
0.1666666666666667
 40
0.1666666666666667
 40
0.1666666666666667
 40
0.25
 40
0.25
 40
0.25
 40
0.3333333333333333
 40
0.3333333333333333
 40
0.3333333333333333
 40
0.4166666666666666
 40
0.4166666666666666
 40
0.4166666666666666
 40
0.5
 40
0.5
 40
0.5
 40
0.5833333333333333
 40
0.5833333333333333
 40
0.5833333333333333
 40
0.6666666666666666
 40
0.6666666666666666
 40
0.6666666666666666
 40
0.75
 40
0.75
 40
0.75
 40
0.8333333333333333
 40
0.8333333333333333
 40
0.8333333333333333
 40
0.9166666666666666
 40
0.9166666666666666
 40
0.9166666666666666
 40
1.0
 40
1.0
 40
1.0
 40
1.0
 10
9.8069
 20
-8.8197
 30
0.0
 10
9.8069
 20
-8.8873
 30
0.0
 10
9.7853
 20
-8.9437
 30
0.0
 10
9.7426
 20
-8.9888
 30
0.0
 10
9.6992
 20
-9.034
 30
0.0
 10
9.6443
 20
-9.0563
 30
0.0
 10
9.5775
 20
-9.0563
 30
0.0
 10
9.5058
 20
-9.0563
 30
0.0
 10
9.4477
 20
-9.0281
 30
0.0
 10
9.4029
 20
-8.9716
 30
0.0
 10
9.3616
 20
-8.9199
 30
0.0
 10
9.3409
 20
-8.8572
 30
0.0
 10
9.3409
 20
-8.7835
 30
0.0
 10
9.3409
 20
-8.6953
 30
0.0
 10
9.3687
 20
-8.594
 30
0.0
 10
9.4245
 20
-8.4796
 30
0.0
 10
9.4707
 20
-8.3852
 30
0.0
 10
9.5269
 20
-8.2977
 30
0.0
 10
9.5931
 20
-8.2171
 30
0.0
 10
9.6544
 20
-8.1427
 30
0.0
 10
9.6974
 20
-8.1055
 30
0.0
 10
9.7222
 20
-8.1055
 30
0.0
 10
9.7718
 20
-8.1055
 30
0.0
 10
9.7966
 20
-8.1268
 30
0.0
 10
9.7966
 20
-8.1696
 30
0.0
 10
9.7966
 20
-8.1909
 30
0.0
 10
9.7691
 20
-8.2398
 30
0.0
 10
9.7139
 20
-8.3163
 30
0.0
 10
9.6519
 20
-8.4025
 30
0.0
 10
9.6103
 20
-8.4886
 30
0.0
 10
9.589
 20
-8.5747
 30
0.0
 10
9.6606
 20
-8.5747
 30
0.0
 10
9.7153
 20
-8.5982
 30
0.0
 10
9.7532
 20
-8.645
 30
0.0
 10
9.789
 20
-8.6884
 30
0.0
 10
9.8069
 20
-8.7467
 30
0.0
 10
9.8069
 20
-8.8197
 30
0.0
  0
SPLINE
  5
89
330
1F
100
AcDbEntity
  8
Layer 1
 62
   250
100
AcDbSpline
210
0.0
220
0.0
230
1.0
 70
    11
 71
     3
 72
    26
 73
    22
 74
     0
 42
0.0000000001
 43
0.0000000001
 40
0.0
 40
0.0
 40
0.0
 40
0.0
 40
0.1428571428571428
 40
0.1428571428571428
 40
0.1428571428571428
 40
0.2857142857142857
 40
0.2857142857142857
 40
0.2857142857142857
 40
0.4285714285714285
 40
0.4285714285714285
 40
0.4285714285714285
 40
0.5714285714285714
 40
0.5714285714285714
 40
0.5714285714285714
 40
0.7142857142857142
 40
0.7142857142857142
 40
0.7142857142857142
 40
0.8571428571428571
 40
0.8571428571428571
 40
0.8571428571428571
 40
1.0
 40
1.0
 40
1.0
 40
1.0
 10
5.5024
 20
-8.6491
 30
0.0
 10
5.5024
 20
-8.605
 30
0.0
 10
5.4902
 20
-8.5575
 30
0.0
 10
5.4661
 20
-8.5065
 30
0.0
 10
5.4372
 20
-8.4452
 30
0.0
 10
5.4034
 20
-8.4146
 30
0.0
 10
5.3648
 20
-8.4146
 30
0.0
 10
5.3442
 20
-8.4146
 30
0.0
 10
5.3269
 20
-8.4229
 30
0.0
 10
5.3132
 20
-8.439
 30
0.0
 10
5.2994
 20
-8.4552
 30
0.0
 10
5.2925
 20
-8.4738
 30
0.0
 10
5.2925
 20
-8.4952
 30
0.0
 10
5.2925
 20
-8.5476
 30
0.0
 10
5.3039
 20
-8.5985
 30
0.0
 10
5.3267
 20
-8.6482
 30
0.0
 10
5.3556
 20
-8.7115
 30
0.0
 10
5.3949
 20
-8.7432
 30
0.0
 10
5.4445
 20
-8.7432
 30
0.0
 10
5.4831
 20
-8.7432
 30
0.0
 10
5.5024
 20
-8.7118
 30
0.0
 10
5.5024
 20
-8.6491
 30
0.0
  0
SPLINE
  5
8A
330
1F
100
AcDbEntity
  8
Layer 1
 62
   250
100
AcDbSpline
210
0.0
220
0.0
230
1.0
 70
    11
 71
     3
 72
    35
 73
    31
 74
     0
 42
0.0000000001
 43
0.0000000001
 40
0.0
 40
0.0
 40
0.0
 40
0.0
 40
0.1
 40
0.1
 40
0.1
 40
0.2
 40
0.2
 40
0.2
 40
0.3
 40
0.3
 40
0.3
 40
0.4
 40
0.4
 40
0.4
 40
0.5
 40
0.5
 40
0.5
 40
0.6000000000000001
 40
0.6000000000000001
 40
0.6000000000000001
 40
0.7000000000000001
 40
0.7000000000000001
 40
0.7000000000000001
 40
0.8
 40
0.8
 40
0.8
 40
0.9
 40
0.9
 40
0.9
 40
1.0
 40
1.0
 40
1.0
 40
1.0
 10
6.2155
 20
-8.5189
 30
0.0
 10
6.2155
 20
-8.5795
 30
0.0
 10
6.2061
 20
-8.6564
 30
0.0
 10
6.1875
 20
-8.7495
 30
0.0
 10
6.1682
 20
-8.8473
 30
0.0
 10
6.1469
 20
-8.9213
 30
0.0
 10
6.1234
 20
-8.9716
 30
0.0
 10
6.0945
 20
-9.0322
 30
0.0
 10
6.0674
 20
-9.0625
 30
0.0
 10
6.0419
 20
-9.0625
 30
0.0
 10
6.0143
 20
-9.0625
 30
0.0
 10
5.9905
 20
-9.0258
 30
0.0
 10
5.9705
 20
-8.952
 30
0.0
 10
5.9422
 20
-8.848
 30
0.0
 10
5.8823
 20
-8.4893
 30
0.0
 10
5.7907
 20
-7.8761
 30
0.0
 10
5.7907
 20
-7.8761
 30
0.0
 10
6.1028
 20
-7.5361
 30
0.0
 10
6.1028
 20
-7.5361
 30
0.0
 10
6.1221
 20
-7.5147
 30
0.0
 10
6.1352
 20
-7.504
 30
0.0
 10
6.142
 20
-7.504
 30
0.0
 10
6.1476
 20
-7.504
 30
0.0
 10
6.1524
 20
-7.5136
 30
0.0
 10
6.1565
 20
-7.5329
 30
0.0
 10
6.1868
 20
-7.67
 30
0.0
 10
6.2054
 20
-7.8338
 30
0.0
 10
6.2123
 20
-8.0239
 30
0.0
 10
6.2144
 20
-8.0818
 30
0.0
 10
6.2155
 20
-8.2468
 30
0.0
 10
6.2155
 20
-8.5189
 30
0.0
  0
SPLINE
  5
8B
330
1F
100
AcDbEntity
  8
Layer 1
 62
   250
100
AcDbSpline
210
0.0
220
0.0
230
1.0
 70
    11
 71
     3
 72
    77
 73
    73
 74
     0
 42
0.0000000001
 43
0.0000000001
 40
0.0
 40
0.0
 40
0.0
 40
0.0
 40
0.0416666666666667
 40
0.0416666666666667
 40
0.0416666666666667
 40
0.0833333333333333
 40
0.0833333333333333
 40
0.0833333333333333
 40
0.125
 40
0.125
 40
0.125
 40
0.1666666666666667
 40
0.1666666666666667
 40
0.1666666666666667
 40
0.2083333333333333
 40
0.2083333333333333
 40
0.2083333333333333
 40
0.25
 40
0.25
 40
0.25
 40
0.2916666666666666
 40
0.2916666666666666
 40
0.2916666666666666
 40
0.3333333333333333
 40
0.3333333333333333
 40
0.3333333333333333
 40
0.375
 40
0.375
 40
0.375
 40
0.4166666666666666
 40
0.4166666666666666
 40
0.4166666666666666
 40
0.4583333333333333
 40
0.4583333333333333
 40
0.4583333333333333
 40
0.5
 40
0.5
 40
0.5
 40
0.5416666666666666
 40
0.5416666666666666
 40
0.5416666666666666
 40
0.5833333333333333
 40
0.5833333333333333
 40
0.5833333333333333
 40
0.625
 40
0.625
 40
0.625
 40
0.6666666666666666
 40
0.6666666666666666
 40
0.6666666666666666
 40
0.7083333333333333
 40
0.7083333333333333
 40
0.7083333333333333
 40
0.75
 40
0.75
 40
0.75
 40
0.7916666666666666
 40
0.7916666666666666
 40
0.7916666666666666
 40
0.8333333333333333
 40
0.8333333333333333
 40
0.8333333333333333
 40
0.875
 40
0.875
 40
0.875
 40
0.9166666666666666
 40
0.9166666666666666
 40
0.9166666666666666
 40
0.9583333333333333
 40
0.9583333333333333
 40
0.9583333333333333
 40
1.0
 40
1.0
 40
1.0
 40
1.0
 10
4.8233
 20
-9.0563
 30
0.0
 10
4.8233
 20
-9.0563
 30
0.0
 10
4.7736
 20
-9.0563
 30
0.0
 10
4.7736
 20
-9.0563
 30
0.0
 10
4.5153
 20
-9.0563
 30
0.0
 10
4.3862
 20
-8.9213
 30
0.0
 10
4.3862
 20
-8.6512
 30
0.0
 10
4.3862
 20
-8.5361
 30
0.0
 10
4.382
 20
-8.385
 30
0.0
 10
4.3737
 20
-8.1975
 30
0.0
 10
4.3648
 20
-7.9998
 30
0.0
 10
4.3554
 20
-7.8689
 30
0.0
 10
4.3458
 20
-7.8048
 30
0.0
 10
4.341
 20
-7.7731
 30
0.0
 10
4.3465
 20
-7.7504
 30
0.0
 10
4.3623
 20
-7.7366
 30
0.0
 10
4.3623
 20
-7.7366
 30
0.0
 10
4.6632
 20
-7.5246
 30
0.0
 10
4.6632
 20
-7.5246
 30
0.0
 10
4.6838
 20
-7.5102
 30
0.0
 10
4.6979
 20
-7.503
 30
0.0
 10
4.7055
 20
-7.503
 30
0.0
 10
4.7144
 20
-7.503
 30
0.0
 10
4.719
 20
-7.5113
 30
0.0
 10
4.719
 20
-7.5278
 30
0.0
 10
4.719
 20
-7.5278
 30
0.0
 10
4.719
 20
-8.4383
 30
0.0
 10
4.719
 20
-8.4383
 30
0.0
 10
4.719
 20
-8.5373
 30
0.0
 10
4.7619
 20
-8.5876
 30
0.0
 10
4.8481
 20
-8.5892
 30
0.0
 10
4.8481
 20
-8.5892
 30
0.0
 10
4.8522
 20
-8.5892
 30
0.0
 10
4.8522
 20
-8.5892
 30
0.0
 10
4.8522
 20
-8.5892
 30
0.0
 10
4.8574
 20
-8.5892
 30
0.0
 10
4.8574
 20
-8.5892
 30
0.0
 10
4.8574
 20
-8.5892
 30
0.0
 10
4.8614
 20
-8.5892
 30
0.0
 10
4.8614
 20
-8.5892
 30
0.0
 10
4.9457
 20
-8.5883
 30
0.0
 10
4.9894
 20
-8.5611
 30
0.0
 10
4.9928
 20
-8.5072
 30
0.0
 10
4.9969
 20
-8.4349
 30
0.0
 10
5.0173
 20
-8.3712
 30
0.0
 10
5.0538
 20
-8.3167
 30
0.0
 10
5.1089
 20
-8.2337
 30
0.0
 10
5.1909
 20
-8.1923
 30
0.0
 10
5.2998
 20
-8.1923
 30
0.0
 10
5.4307
 20
-8.1923
 30
0.0
 10
5.5288
 20
-8.2612
 30
0.0
 10
5.5943
 20
-8.399
 30
0.0
 10
5.6418
 20
-8.4989
 30
0.0
 10
5.6657
 20
-8.6103
 30
0.0
 10
5.6657
 20
-8.7329
 30
0.0
 10
5.6657
 20
-8.8232
 30
0.0
 10
5.6367
 20
-8.9003
 30
0.0
 10
5.5789
 20
-8.9644
 30
0.0
 10
5.5196
 20
-9.0313
 30
0.0
 10
5.4452
 20
-9.0646
 30
0.0
 10
5.3556
 20
-9.0646
 30
0.0
 10
5.2426
 20
-9.0646
 30
0.0
 10
5.1506
 20
-9.0102
 30
0.0
 10
5.0796
 20
-8.9013
 30
0.0
 10
5.0321
 20
-9.006
 30
0.0
 10
4.9687
 20
-9.0584
 30
0.0
 10
4.8894
 20
-9.0584
 30
0.0
 10
4.8894
 20
-9.0584
 30
0.0
 10
4.8233
 20
-9.0584
 30
0.0
 10
4.8233
 20
-9.0584
 30
0.0
 10
4.8233
 20
-9.0584
 30
0.0
 10
4.8233
 20
-9.0563
 30
0.0
 10
4.8233
 20
-9.0563
 30
0.0
  0
SPLINE
  5
8C
330
1F
100
AcDbEntity
  8
Layer 1
 62
   250
100
AcDbSpline
210
0.0
220
0.0
230
1.0
 70
    11
 71
     3
 72
    26
 73
    22
 74
     0
 42
0.0000000001
 43
0.0000000001
 40
0.0
 40
0.0
 40
0.0
 40
0.0
 40
0.1428571428571428
 40
0.1428571428571428
 40
0.1428571428571428
 40
0.2857142857142857
 40
0.2857142857142857
 40
0.2857142857142857
 40
0.4285714285714285
 40
0.4285714285714285
 40
0.4285714285714285
 40
0.5714285714285714
 40
0.5714285714285714
 40
0.5714285714285714
 40
0.7142857142857142
 40
0.7142857142857142
 40
0.7142857142857142
 40
0.8571428571428571
 40
0.8571428571428571
 40
0.8571428571428571
 40
1.0
 40
1.0
 40
1.0
 40
1.0
 10
4.01
 20
-8.4828
 30
0.0
 10
3.9672
 20
-8.4442
 30
0.0
 10
3.9186
 20
-8.4121
 30
0.0
 10
3.8642
 20
-8.3866
 30
0.0
 10
3.8214
 20
-8.3666
 30
0.0
 10
3.7898
 20
-8.3567
 30
0.0
 10
3.7691
 20
-8.3567
 30
0.0
 10
3.7346
 20
-8.3567
 30
0.0
 10
3.7071
 20
-8.376
 30
0.0
 10
3.6864
 20
-8.4146
 30
0.0
 10
3.6692
 20
-8.447
 30
0.0
 10
3.6733
 20
-8.4649
 30
0.0
 10
3.6988
 20
-8.4683
 30
0.0
 10
3.7904
 20
-8.4814
 30
0.0
 10
3.8935
 20
-8.5007
 30
0.0
 10
4.0079
 20
-8.5262
 30
0.0
 10
4.0251
 20
-8.5303
 30
0.0
 10
4.0337
 20
-8.5272
 30
0.0
 10
4.0337
 20
-8.5168
 30
0.0
 10
4.0337
 20
-8.5085
 30
0.0
 10
4.0258
 20
-8.4973
 30
0.0
 10
4.01
 20
-8.4828
 30
0.0
  0
SPLINE
  5
8D
330
1F
100
AcDbEntity
  8
Layer 1
 62
   250
100
AcDbSpline
210
0.0
220
0.0
230
1.0
 70
    11
 71
     3
 72
    68
 73
    64
 74
     0
 42
0.0000000001
 43
0.0000000001
 40
0.0
 40
0.0
 40
0.0
 40
0.0
 40
0.0476190476190476
 40
0.0476190476190476
 40
0.0476190476190476
 40
0.0952380952380952
 40
0.0952380952380952
 40
0.0952380952380952
 40
0.1428571428571428
 40
0.1428571428571428
 40
0.1428571428571428
 40
0.1904761904761905
 40
0.1904761904761905
 40
0.1904761904761905
 40
0.2380952380952381
 40
0.2380952380952381
 40
0.2380952380952381
 40
0.2857142857142857
 40
0.2857142857142857
 40
0.2857142857142857
 40
0.3333333333333333
 40
0.3333333333333333
 40
0.3333333333333333
 40
0.3809523809523809
 40
0.3809523809523809
 40
0.3809523809523809
 40
0.4285714285714285
 40
0.4285714285714285
 40
0.4285714285714285
 40
0.4761904761904762
 40
0.4761904761904762
 40
0.4761904761904762
 40
0.5238095238095237
 40
0.5238095238095237
 40
0.5238095238095237
 40
0.5714285714285714
 40
0.5714285714285714
 40
0.5714285714285714
 40
0.6190476190476191
 40
0.6190476190476191
 40
0.6190476190476191
 40
0.6666666666666666
 40
0.6666666666666666
 40
0.6666666666666666
 40
0.7142857142857142
 40
0.7142857142857142
 40
0.7142857142857142
 40
0.7619047619047619
 40
0.7619047619047619
 40
0.7619047619047619
 40
0.8095238095238095
 40
0.8095238095238095
 40
0.8095238095238095
 40
0.8571428571428571
 40
0.8571428571428571
 40
0.8571428571428571
 40
0.9047619047619047
 40
0.9047619047619047
 40
0.9047619047619047
 40
0.9523809523809523
 40
0.9523809523809523
 40
0.9523809523809523
 40
1.0
 40
1.0
 40
1.0
 40
1.0
 10
4.2156
 20
-8.4527
 30
0.0
 10
4.2156
 20
-8.5237
 30
0.0
 10
4.1974
 20
-8.6064
 30
0.0
 10
4.1608
 20
-8.7008
 30
0.0
 10
4.1167
 20
-8.8152
 30
0.0
 10
4.0651
 20
-8.8724
 30
0.0
 10
4.0058
 20
-8.8724
 30
0.0
 10
3.9562
 20
-8.8724
 30
0.0
 10
3.8807
 20
-8.8641
 30
0.0
 10
3.7794
 20
-8.8473
 30
0.0
 10
3.7794
 20
-8.8473
 30
0.0
 10
3.6027
 20
-8.8163
 30
0.0
 10
3.6027
 20
-8.8163
 30
0.0
 10
3.5807
 20
-8.8128
 30
0.0
 10
3.5651
 20
-8.819
 30
0.0
 10
3.5562
 20
-8.8349
 30
0.0
 10
3.55
 20
-8.8466
 30
0.0
 10
3.5472
 20
-8.8641
 30
0.0
 10
3.5479
 20
-8.8875
 30
0.0
 10
3.5479
 20
-8.8875
 30
0.0
 10
3.5603
 20
-9.2568
 30
0.0
 10
3.5603
 20
-9.2568
 30
0.0
 10
3.561
 20
-9.2872
 30
0.0
 10
3.5506
 20
-9.3392
 30
0.0
 10
3.5286
 20
-9.413
 30
0.0
 10
3.5072
 20
-9.4867
 30
0.0
 10
3.4877
 20
-9.5342
 30
0.0
 10
3.4705
 20
-9.5556
 30
0.0
 10
3.4457
 20
-9.5859
 30
0.0
 10
3.416
 20
-9.6011
 30
0.0
 10
3.3816
 20
-9.6011
 30
0.0
 10
3.3643
 20
-9.6011
 30
0.0
 10
3.3499
 20
-9.5901
 30
0.0
 10
3.3382
 20
-9.568
 30
0.0
 10
3.3285
 20
-9.5501
 30
0.0
 10
3.3233
 20
-9.5311
 30
0.0
 10
3.3226
 20
-9.5111
 30
0.0
 10
3.3178
 20
-9.3857
 30
0.0
 10
3.3006
 20
-9.1232
 30
0.0
 10
3.2709
 20
-8.7235
 30
0.0
 10
3.2675
 20
-8.676
 30
0.0
 10
3.2854
 20
-8.6247
 30
0.0
 10
3.3254
 20
-8.5696
 30
0.0
 10
3.3646
 20
-8.5145
 30
0.0
 10
3.4078
 20
-8.48
 30
0.0
 10
3.4539
 20
-8.4662
 30
0.0
 10
3.4835
 20
-8.4573
 30
0.0
 10
3.5141
 20
-8.4559
 30
0.0
 10
3.5458
 20
-8.4621
 30
0.0
 10
3.5328
 20
-8.447
 30
0.0
 10
3.5263
 20
-8.4132
 30
0.0
 10
3.5263
 20
-8.3608
 30
0.0
 10
3.5263
 20
-8.3043
 30
0.0
 10
3.5644
 20
-8.2398
 30
0.0
 10
3.6409
 20
-8.1668
 30
0.0
 10
3.7174
 20
-8.0945
 30
0.0
 10
3.784
 20
-8.0579
 30
0.0
 10
3.8404
 20
-8.0579
 30
0.0
 10
3.919
 20
-8.0579
 30
0.0
 10
4.0013
 20
-8.1041
 30
0.0
 10
4.0867
 20
-8.1957
 30
0.0
 10
4.1728
 20
-8.2881
 30
0.0
 10
4.2156
 20
-8.3735
 30
0.0
 10
4.2156
 20
-8.4527
 30
0.0
  0
SPLINE
  5
8E
330
1F
100
AcDbEntity
  8
Layer 1
 62
   250
100
AcDbSpline
210
0.0
220
0.0
230
1.0
 70
    11
 71
     3
 72
    29
 73
    25
 74
     0
 42
0.0000000001
 43
0.0000000001
 40
0.0
 40
0.0
 40
0.0
 40
0.0
 40
0.125
 40
0.125
 40
0.125
 40
0.25
 40
0.25
 40
0.25
 40
0.375
 40
0.375
 40
0.375
 40
0.5
 40
0.5
 40
0.5
 40
0.625
 40
0.625
 40
0.625
 40
0.75
 40
0.75
 40
0.75
 40
0.875
 40
0.875
 40
0.875
 40
1.0
 40
1.0
 40
1.0
 40
1.0
 10
2.2333
 20
-7.6755
 30
0.0
 10
2.2429
 20
-7.6849
 30
0.0
 10
2.2429
 20
-7.6945
 30
0.0
 10
2.233
 20
-7.7052
 30
0.0
 10
2.233
 20
-7.7052
 30
0.0
 10
2.0941
 20
-7.8443
 30
0.0
 10
2.0941
 20
-7.8443
 30
0.0
 10
2.0844
 20
-7.8537
 30
0.0
 10
2.0745
 20
-7.8537
 30
0.0
 10
2.0638
 20
-7.8441
 30
0.0
 10
2.0638
 20
-7.8441
 30
0.0
 10
1.9232
 20
-7.7065
 30
0.0
 10
1.9232
 20
-7.7065
 30
0.0
 10
1.9129
 20
-7.6962
 30
0.0
 10
1.914
 20
-7.6845
 30
0.0
 10
1.9263
 20
-7.6714
 30
0.0
 10
1.9263
 20
-7.6714
 30
0.0
 10
2.0555
 20
-7.5391
 30
0.0
 10
2.0555
 20
-7.5391
 30
0.0
 10
2.0665
 20
-7.5274
 30
0.0
 10
2.0782
 20
-7.5274
 30
0.0
 10
2.0906
 20
-7.5391
 30
0.0
 10
2.0906
 20
-7.5391
 30
0.0
 10
2.2333
 20
-7.6755
 30
0.0
 10
2.2333
 20
-7.6755
 30
0.0
  0
SPLINE
  5
8F
330
1F
100
AcDbEntity
  8
Layer 1
 62
   250
100
AcDbSpline
210
0.0
220
0.0
230
1.0
 70
    11
 71
     3
 72
    26
 73
    22
 74
     0
 42
0.0000000001
 43
0.0000000001
 40
0.0
 40
0.0
 40
0.0
 40
0.0
 40
0.1428571428571428
 40
0.1428571428571428
 40
0.1428571428571428
 40
0.2857142857142857
 40
0.2857142857142857
 40
0.2857142857142857
 40
0.4285714285714285
 40
0.4285714285714285
 40
0.4285714285714285
 40
0.5714285714285714
 40
0.5714285714285714
 40
0.5714285714285714
 40
0.7142857142857142
 40
0.7142857142857142
 40
0.7142857142857142
 40
0.8571428571428571
 40
0.8571428571428571
 40
0.8571428571428571
 40
1.0
 40
1.0
 40
1.0
 40
1.0
 10
1.1749
 20
-8.6491
 30
0.0
 10
1.1749
 20
-8.605
 30
0.0
 10
1.1629
 20
-8.5575
 30
0.0
 10
1.1388
 20
-8.5065
 30
0.0
 10
1.1099
 20
-8.4452
 30
0.0
 10
1.0761
 20
-8.4146
 30
0.0
 10
1.0375
 20
-8.4146
 30
0.0
 10
1.0168
 20
-8.4146
 30
0.0
 10
0.9996
 20
-8.4229
 30
0.0
 10
0.986
 20
-8.439
 30
0.0
 10
0.9722
 20
-8.4552
 30
0.0
 10
0.9653
 20
-8.4738
 30
0.0
 10
0.9653
 20
-8.4952
 30
0.0
 10
0.9653
 20
-8.5476
 30
0.0
 10
0.9766
 20
-8.5985
 30
0.0
 10
0.9992
 20
-8.6482
 30
0.0
 10
1.0282
 20
-8.7115
 30
0.0
 10
1.0674
 20
-8.7432
 30
0.0
 10
1.117
 20
-8.7432
 30
0.0
 10
1.1556
 20
-8.7432
 30
0.0
 10
1.1749
 20
-8.7118
 30
0.0
 10
1.1749
 20
-8.6491
 30
0.0
  0
SPLINE
  5
90
330
1F
100
AcDbEntity
  8
Layer 1
 62
   250
100
AcDbSpline
210
0.0
220
0.0
230
1.0
 70
    11
 71
     3
 72
   284
 73
   280
 74
     0
 42
0.0000000001
 43
0.0000000001
 40
0.0
 40
0.0
 40
0.0
 40
0.0
 40
0.010752688172043
 40
0.010752688172043
 40
0.010752688172043
 40
0.021505376344086
 40
0.021505376344086
 40
0.021505376344086
 40
0.032258064516129
 40
0.032258064516129
 40
0.032258064516129
 40
0.043010752688172
 40
0.043010752688172
 40
0.043010752688172
 40
0.0537634408602151
 40
0.0537634408602151
 40
0.0537634408602151
 40
0.0645161290322581
 40
0.0645161290322581
 40
0.0645161290322581
 40
0.0752688172043011
 40
0.0752688172043011
 40
0.0752688172043011
 40
0.0860215053763441
 40
0.0860215053763441
 40
0.0860215053763441
 40
0.0967741935483871
 40
0.0967741935483871
 40
0.0967741935483871
 40
0.1075268817204301
 40
0.1075268817204301
 40
0.1075268817204301
 40
0.1182795698924731
 40
0.1182795698924731
 40
0.1182795698924731
 40
0.1290322580645161
 40
0.1290322580645161
 40
0.1290322580645161
 40
0.1397849462365592
 40
0.1397849462365592
 40
0.1397849462365592
 40
0.1505376344086022
 40
0.1505376344086022
 40
0.1505376344086022
 40
0.1612903225806452
 40
0.1612903225806452
 40
0.1612903225806452
 40
0.1720430107526882
 40
0.1720430107526882
 40
0.1720430107526882
 40
0.1827956989247312
 40
0.1827956989247312
 40
0.1827956989247312
 40
0.1935483870967742
 40
0.1935483870967742
 40
0.1935483870967742
 40
0.2043010752688172
 40
0.2043010752688172
 40
0.2043010752688172
 40
0.2150537634408602
 40
0.2150537634408602
 40
0.2150537634408602
 40
0.2258064516129032
 40
0.2258064516129032
 40
0.2258064516129032
 40
0.2365591397849462
 40
0.2365591397849462
 40
0.2365591397849462
 40
0.2473118279569893
 40
0.2473118279569893
 40
0.2473118279569893
 40
0.2580645161290323
 40
0.2580645161290323
 40
0.2580645161290323
 40
0.2688172043010753
 40
0.2688172043010753
 40
0.2688172043010753
 40
0.2795698924731183
 40
0.2795698924731183
 40
0.2795698924731183
 40
0.2903225806451613
 40
0.2903225806451613
 40
0.2903225806451613
 40
0.3010752688172043
 40
0.3010752688172043
 40
0.3010752688172043
 40
0.3118279569892473
 40
0.3118279569892473
 40
0.3118279569892473
 40
0.3225806451612904
 40
0.3225806451612904
 40
0.3225806451612904
 40
0.3333333333333334
 40
0.3333333333333334
 40
0.3333333333333334
 40
0.3440860215053764
 40
0.3440860215053764
 40
0.3440860215053764
 40
0.3548387096774194
 40
0.3548387096774194
 40
0.3548387096774194
 40
0.3655913978494624
 40
0.3655913978494624
 40
0.3655913978494624
 40
0.3763440860215054
 40
0.3763440860215054
 40
0.3763440860215054
 40
0.3870967741935484
 40
0.3870967741935484
 40
0.3870967741935484
 40
0.3978494623655914
 40
0.3978494623655914
 40
0.3978494623655914
 40
0.4086021505376344
 40
0.4086021505376344
 40
0.4086021505376344
 40
0.4193548387096774
 40
0.4193548387096774
 40
0.4193548387096774
 40
0.4301075268817205
 40
0.4301075268817205
 40
0.4301075268817205
 40
0.4408602150537635
 40
0.4408602150537635
 40
0.4408602150537635
 40
0.4516129032258065
 40
0.4516129032258065
 40
0.4516129032258065
 40
0.4623655913978495
 40
0.4623655913978495
 40
0.4623655913978495
 40
0.4731182795698925
 40
0.4731182795698925
 40
0.4731182795698925
 40
0.4838709677419355
 40
0.4838709677419355
 40
0.4838709677419355
 40
0.4946236559139786
 40
0.4946236559139786
 40
0.4946236559139786
 40
0.5053763440860215
 40
0.5053763440860215
 40
0.5053763440860215
 40
0.5161290322580645
 40
0.5161290322580645
 40
0.5161290322580645
 40
0.5268817204301076
 40
0.5268817204301076
 40
0.5268817204301076
 40
0.5376344086021506
 40
0.5376344086021506
 40
0.5376344086021506
 40
0.5483870967741936
 40
0.5483870967741936
 40
0.5483870967741936
 40
0.5591397849462366
 40
0.5591397849462366
 40
0.5591397849462366
 40
0.5698924731182796
 40
0.5698924731182796
 40
0.5698924731182796
 40
0.5806451612903226
 40
0.5806451612903226
 40
0.5806451612903226
 40
0.5913978494623656
 40
0.5913978494623656
 40
0.5913978494623656
 40
0.6021505376344086
 40
0.6021505376344086
 40
0.6021505376344086
 40
0.6129032258064516
 40
0.6129032258064516
 40
0.6129032258064516
 40
0.6236559139784946
 40
0.6236559139784946
 40
0.6236559139784946
 40
0.6344086021505377
 40
0.6344086021505377
 40
0.6344086021505377
 40
0.6451612903225807
 40
0.6451612903225807
 40
0.6451612903225807
 40
0.6559139784946237
 40
0.6559139784946237
 40
0.6559139784946237
 40
0.6666666666666667
 40
0.6666666666666667
 40
0.6666666666666667
 40
0.6774193548387097
 40
0.6774193548387097
 40
0.6774193548387097
 40
0.6881720430107527
 40
0.6881720430107527
 40
0.6881720430107527
 40
0.6989247311827957
 40
0.6989247311827957
 40
0.6989247311827957
 40
0.7096774193548387
 40
0.7096774193548387
 40
0.7096774193548387
 40
0.7204301075268817
 40
0.7204301075268817
 40
0.7204301075268817
 40
0.7311827956989247
 40
0.7311827956989247
 40
0.7311827956989247
 40
0.7419354838709677
 40
0.7419354838709677
 40
0.7419354838709677
 40
0.7526881720430109
 40
0.7526881720430109
 40
0.7526881720430109
 40
0.7634408602150539
 40
0.7634408602150539
 40
0.7634408602150539
 40
0.7741935483870969
 40
0.7741935483870969
 40
0.7741935483870969
 40
0.7849462365591399
 40
0.7849462365591399
 40
0.7849462365591399
 40
0.7956989247311829
 40
0.7956989247311829
 40
0.7956989247311829
 40
0.8064516129032259
 40
0.8064516129032259
 40
0.8064516129032259
 40
0.8172043010752689
 40
0.8172043010752689
 40
0.8172043010752689
 40
0.8279569892473119
 40
0.8279569892473119
 40
0.8279569892473119
 40
0.8387096774193549
 40
0.8387096774193549
 40
0.8387096774193549
 40
0.8494623655913979
 40
0.8494623655913979
 40
0.8494623655913979
 40
0.860215053763441
 40
0.860215053763441
 40
0.860215053763441
 40
0.870967741935484
 40
0.870967741935484
 40
0.870967741935484
 40
0.881720430107527
 40
0.881720430107527
 40
0.881720430107527
 40
0.89247311827957
 40
0.89247311827957
 40
0.89247311827957
 40
0.903225806451613
 40
0.903225806451613
 40
0.903225806451613
 40
0.913978494623656
 40
0.913978494623656
 40
0.913978494623656
 40
0.924731182795699
 40
0.924731182795699
 40
0.924731182795699
 40
0.935483870967742
 40
0.935483870967742
 40
0.935483870967742
 40
0.946236559139785
 40
0.946236559139785
 40
0.946236559139785
 40
0.956989247311828
 40
0.956989247311828
 40
0.956989247311828
 40
0.967741935483871
 40
0.967741935483871
 40
0.967741935483871
 40
0.9784946236559141
 40
0.9784946236559141
 40
0.9784946236559141
 40
0.9892473118279571
 40
0.9892473118279571
 40
0.9892473118279571
 40
1.0
 40
1.0
 40
1.0
 40
1.0
 10
1.4468
 20
-9.0584
 30
0.0
 10
1.411
 20
-9.0584
 30
0.0
 10
1.374
 20
-9.0402
 30
0.0
 10
1.3361
 20
-9.0033
 30
0.0
 10
1.3017
 20
-8.9699
 30
0.0
 10
1.2787
 20
-8.9348
 30
0.0
 10
1.267
 20
-8.8972
 30
0.0
 10
1.216
 20
-9.0088
 30
0.0
 10
1.1363
 20
-9.0646
 30
0.0
 10
1.0282
 20
-9.0646
 30
0.0
 10
0.9153
 20
-9.0646
 30
0.0
 10
0.8234
 20
-9.0102
 30
0.0
 10
0.7524
 20
-8.9013
 30
0.0
 10
0.7049
 20
-9.006
 30
0.0
 10
0.6415
 20
-9.0584
 30
0.0
 10
0.5623
 20
-9.0584
 30
0.0
 10
0.5623
 20
-9.0584
 30
0.0
 10
0.5602
 20
-9.0584
 30
0.0
 10
0.5602
 20
-9.0584
 30
0.0
 10
0.5602
 20
-9.0584
 30
0.0
 10
0.4961
 20
-9.0584
 30
0.0
 10
0.4961
 20
-9.0584
 30
0.0
 10
0.4961
 20
-9.0584
 30
0.0
 10
0.4805
 20
-9.0584
 30
0.0
 10
0.4805
 20
-9.0584
 30
0.0
 10
0.3813
 20
-9.0584
 30
0.0
 10
0.3046
 20
-9.0122
 30
0.0
 10
0.2501
 20
-8.9199
 30
0.0
 10
0.1964
 20
-9.0122
 30
0.0
 10
0.1148
 20
-9.0584
 30
0.0
 10
0.0051
 20
-9.0584
 30
0.0
 10
0.0051
 20
-9.0584
 30
0.0
 10
-0.0362
 20
-9.0584
 30
0.0
 10
-0.0362
 20
-9.0584
 30
0.0
 10
-0.0362
 20
-9.0584
 30
0.0
 10
-0.0962
 20
-9.0584
 30
0.0
 10
-0.0962
 20
-9.0584
 30
0.0
 10
-0.0962
 20
-9.0584
 30
0.0
 10
-0.1157
 20
-9.0584
 30
0.0
 10
-0.1157
 20
-9.0584
 30
0.0
 10
-0.215
 20
-9.0584
 30
0.0
 10
-0.2919
 20
-9.0122
 30
0.0
 10
-0.3463
 20
-8.9199
 30
0.0
 10
-0.4
 20
-9.0122
 30
0.0
 10
-0.4816
 20
-9.0584
 30
0.0
 10
-0.5912
 20
-9.0584
 30
0.0
 10
-0.5912
 20
-9.0584
 30
0.0
 10
-0.6325
 20
-9.0584
 30
0.0
 10
-0.6325
 20
-9.0584
 30
0.0
 10
-0.6325
 20
-9.0584
 30
0.0
 10
-0.6925
 20
-9.0584
 30
0.0
 10
-0.6925
 20
-9.0584
 30
0.0
 10
-0.6925
 20
-9.0584
 30
0.0
 10
-0.6966
 20
-9.0584
 30
0.0
 10
-0.6966
 20
-9.0584
 30
0.0
 10
-0.718
 20
-9.0584
 30
0.0
 10
-0.7428
 20
-9.0419
 30
0.0
 10
-0.771
 20
-9.0085
 30
0.0
 10
-0.8068
 20
-8.9665
 30
0.0
 10
-0.8441
 20
-8.9355
 30
0.0
 10
-0.8826
 20
-8.9162
 30
0.0
 10
-0.9495
 20
-8.8827
 30
0.0
 10
-1.0401
 20
-8.8662
 30
0.0
 10
-1.1545
 20
-8.8662
 30
0.0
 10
-1.2207
 20
-8.8662
 30
0.0
 10
-1.2751
 20
-8.8737
 30
0.0
 10
-1.3178
 20
-8.8889
 30
0.0
 10
-1.3433
 20
-8.8979
 30
0.0
 10
-1.356
 20
-8.9068
 30
0.0
 10
-1.356
 20
-8.9158
 30
0.0
 10
-1.356
 20
-8.9323
 30
0.0
 10
-1.317
 20
-8.9406
 30
0.0
 10
-1.2393
 20
-8.9406
 30
0.0
 10
-1.1132
 20
-8.9406
 30
0.0
 10
-1.0267
 20
-8.9475
 30
0.0
 10
-0.9798
 20
-8.9613
 30
0.0
 10
-0.8854
 20
-8.9888
 30
0.0
 10
-0.8383
 20
-9.0501
 30
0.0
 10
-0.8383
 20
-9.1452
 30
0.0
 10
-0.8383
 20
-9.4408
 30
0.0
 10
-1.0781
 20
-9.5887
 30
0.0
 10
-1.5576
 20
-9.5887
 30
0.0
 10
-1.8311
 20
-9.5887
 30
0.0
 10
-2.0172
 20
-9.5235
 30
0.0
 10
-2.1157
 20
-9.3933
 30
0.0
 10
-2.1722
 20
-9.3182
 30
0.0
 10
-2.2003
 20
-9.2125
 30
0.0
 10
-2.2003
 20
-9.076
 30
0.0
 10
-2.2003
 20
-8.9823
 30
0.0
 10
-2.1812
 20
-8.8838
 30
0.0
 10
-2.1426
 20
-8.7805
 30
0.0
 10
-2.1018
 20
-8.6709
 30
0.0
 10
-2.0599
 20
-8.616
 30
0.0
 10
-2.0165
 20
-8.616
 30
0.0
 10
-1.962
 20
-8.616
 30
0.0
 10
-1.9348
 20
-8.6468
 30
0.0
 10
-1.9348
 20
-8.7081
 30
0.0
 10
-1.9348
 20
-8.7295
 30
0.0
 10
-1.9382
 20
-8.7607
 30
0.0
 10
-1.9444
 20
-8.8021
 30
0.0
 10
-1.9513
 20
-8.8434
 30
0.0
 10
-1.9545
 20
-8.8748
 30
0.0
 10
-1.9545
 20
-8.8962
 30
0.0
 10
-1.9545
 20
-9.0919
 30
0.0
 10
-1.785
 20
-9.1897
 30
0.0
 10
-1.446
 20
-9.1897
 30
0.0
 10
-1.2662
 20
-9.1897
 30
0.0
 10
-1.1272
 20
-9.1794
 30
0.0
 10
-1.0294
 20
-9.1587
 30
0.0
 10
-0.9936
 20
-9.1511
 30
0.0
 10
-0.9756
 20
-9.1415
 30
0.0
 10
-0.9756
 20
-9.1298
 30
0.0
 10
-0.9756
 20
-9.1187
 30
0.0
 10
-0.9936
 20
-9.1119
 30
0.0
 10
-1.0294
 20
-9.1091
 30
0.0
 10
-1.0914
 20
-9.1043
 30
0.0
 10
-1.1559
 20
-9.1018
 30
0.0
 10
-1.2227
 20
-9.1018
 30
0.0
 10
-1.3247
 20
-9.1018
 30
0.0
 10
-1.3957
 20
-9.0953
 30
0.0
 10
-1.4356
 20
-9.0822
 30
0.0
 10
-1.5025
 20
-9.0602
 30
0.0
 10
-1.5358
 20
-9.0154
 30
0.0
 10
-1.5358
 20
-8.9479
 30
0.0
 10
-1.5358
 20
-8.8066
 30
0.0
 10
-1.4345
 20
-8.706
 30
0.0
 10
-1.232
 20
-8.6461
 30
0.0
 10
-1.1017
 20
-8.6075
 30
0.0
 10
-0.9451
 20
-8.5882
 30
0.0
 10
-0.7618
 20
-8.5882
 30
0.0
 10
-0.7618
 20
-8.5882
 30
0.0
 10
-0.6325
 20
-8.5882
 30
0.0
 10
-0.6325
 20
-8.5882
 30
0.0
 10
-0.6325
 20
-8.5882
 30
0.0
 10
-0.6325
 20
-8.5892
 30
0.0
 10
-0.6325
 20
-8.5892
 30
0.0
 10
-0.6325
 20
-8.5892
 30
0.0
 10
-0.6274
 20
-8.5892
 30
0.0
 10
-0.6274
 20
-8.5892
 30
0.0
 10
-0.5537
 20
-8.5892
 30
0.0
 10
-0.5023
 20
-8.5671
 30
0.0
 10
-0.4734
 20
-8.5228
 30
0.0
 10
-0.4665
 20
-8.5124
 30
0.0
 10
-0.4527
 20
-8.472
 30
0.0
 10
-0.432
 20
-8.4015
 30
0.0
 10
-0.4189
 20
-8.357
 30
0.0
 10
-0.3952
 20
-8.3349
 30
0.0
 10
-0.3608
 20
-8.3349
 30
0.0
 10
-0.3277
 20
-8.3349
 30
0.0
 10
-0.3064
 20
-8.357
 30
0.0
 10
-0.2967
 20
-8.4015
 30
0.0
 10
-0.2815
 20
-8.4693
 30
0.0
 10
-0.2701
 20
-8.5097
 30
0.0
 10
-0.2625
 20
-8.5228
 30
0.0
 10
-0.2363
 20
-8.5671
 30
0.0
 10
-0.1874
 20
-8.5892
 30
0.0
 10
-0.1157
 20
-8.5892
 30
0.0
 10
-0.1157
 20
-8.5892
 30
0.0
 10
-0.0962
 20
-8.5892
 30
0.0
 10
-0.0962
 20
-8.5892
 30
0.0
 10
-0.0962
 20
-8.5892
 30
0.0
 10
-0.0362
 20
-8.5892
 30
0.0
 10
-0.0362
 20
-8.5892
 30
0.0
 10
-0.0362
 20
-8.5892
 30
0.0
 10
-0.031
 20
-8.5892
 30
0.0
 10
-0.031
 20
-8.5892
 30
0.0
 10
0.0427
 20
-8.5892
 30
0.0
 10
0.0941
 20
-8.5671
 30
0.0
 10
0.1229
 20
-8.5228
 30
0.0
 10
0.1298
 20
-8.5124
 30
0.0
 10
0.1436
 20
-8.472
 30
0.0
 10
0.1643
 20
-8.4015
 30
0.0
 10
0.1773
 20
-8.357
 30
0.0
 10
0.2012
 20
-8.3349
 30
0.0
 10
0.2357
 20
-8.3349
 30
0.0
 10
0.2687
 20
-8.3349
 30
0.0
 10
0.2901
 20
-8.357
 30
0.0
 10
0.2997
 20
-8.4015
 30
0.0
 10
0.3149
 20
-8.4693
 30
0.0
 10
0.3262
 20
-8.5097
 30
0.0
 10
0.3338
 20
-8.5228
 30
0.0
 10
0.3599
 20
-8.5671
 30
0.0
 10
0.4089
 20
-8.5892
 30
0.0
 10
0.4805
 20
-8.5892
 30
0.0
 10
0.4805
 20
-8.5892
 30
0.0
 10
0.4961
 20
-8.5892
 30
0.0
 10
0.4961
 20
-8.5892
 30
0.0
 10
0.4961
 20
-8.5892
 30
0.0
 10
0.5301
 20
-8.5892
 30
0.0
 10
0.5301
 20
-8.5892
 30
0.0
 10
0.5301
 20
-8.5892
 30
0.0
 10
0.5341
 20
-8.5892
 30
0.0
 10
0.5341
 20
-8.5892
 30
0.0
 10
0.6183
 20
-8.5883
 30
0.0
 10
0.6623
 20
-8.5611
 30
0.0
 10
0.6656
 20
-8.5072
 30
0.0
 10
0.6697
 20
-8.4349
 30
0.0
 10
0.69
 20
-8.3712
 30
0.0
 10
0.7265
 20
-8.3167
 30
0.0
 10
0.7816
 20
-8.2337
 30
0.0
 10
0.8636
 20
-8.1923
 30
0.0
 10
0.9725
 20
-8.1923
 30
0.0
 10
1.064
 20
-8.1923
 30
0.0
 10
1.1377
 20
-8.2265
 30
0.0
 10
1.1935
 20
-8.295
 30
0.0
 10
1.2066
 20
-8.3108
 30
0.0
 10
1.2431
 20
-8.3746
 30
0.0
 10
1.3031
 20
-8.4865
 30
0.0
 10
1.3396
 20
-8.5551
 30
0.0
 10
1.3807
 20
-8.5892
 30
0.0
 10
1.4261
 20
-8.5892
 30
0.0
 10
1.4261
 20
-8.5892
 30
0.0
 10
1.4468
 20
-8.5892
 30
0.0
 10
1.4468
 20
-8.5892
 30
0.0
 10
1.4468
 20
-8.5892
 30
0.0
 10
1.5088
 20
-8.5892
 30
0.0
 10
1.5088
 20
-8.5892
 30
0.0
 10
1.5088
 20
-8.5892
 30
0.0
 10
1.6834
 20
-8.5892
 30
0.0
 10
1.6834
 20
-8.5892
 30
0.0
 10
1.8963
 20
-8.5892
 30
0.0
 10
2.0538
 20
-8.5699
 30
0.0
 10
2.1558
 20
-8.531
 30
0.0
 10
2.1558
 20
-8.531
 30
0.0
 10
1.95
 20
-8.4449
 30
0.0
 10
1.95
 20
-8.4449
 30
0.0
 10
1.8791
 20
-8.4148
 30
0.0
 10
1.8271
 20
-8.4001
 30
0.0
 10
1.7941
 20
-8.4001
 30
0.0
 10
1.7651
 20
-8.4001
 30
0.0
 10
1.7286
 20
-8.4146
 30
0.0
 10
1.6848
 20
-8.4435
 30
0.0
 10
1.6411
 20
-8.4725
 30
0.0
 10
1.6149
 20
-8.4869
 30
0.0
 10
1.606
 20
-8.4869
 30
0.0
 10
1.5667
 20
-8.4869
 30
0.0
 10
1.547
 20
-8.4642
 30
0.0
 10
1.547
 20
-8.4187
 30
0.0
 10
1.547
 20
-8.3684
 30
0.0
 10
1.5801
 20
-8.2974
 30
0.0
 10
1.6462
 20
-8.2058
 30
0.0
 10
1.7289
 20
-8.0914
 30
0.0
 10
1.8198
 20
-8.0342
 30
0.0
 10
1.919
 20
-8.0342
 30
0.0
 10
1.9886
 20
-8.0342
 30
0.0
 10
2.0755
 20
-8.0669
 30
0.0
 10
2.1795
 20
-8.1323
 30
0.0
 10
2.3132
 20
-8.2168
 30
0.0
 10
2.408
 20
-8.2688
 30
0.0
 10
2.4638
 20
-8.2888
 30
0.0
 10
2.5106
 20
-8.3053
 30
0.0
 10
2.5885
 20
-8.3257
 30
0.0
 10
2.6974
 20
-8.3498
 30
0.0
 10
2.7187
 20
-8.3546
 30
0.0
 10
2.7293
 20
-8.3632
 30
0.0
 10
2.7293
 20
-8.3756
 30
0.0
 10
2.7293
 20
-8.3838
 30
0.0
 10
2.7256
 20
-8.3969
 30
0.0
 10
2.718
 20
-8.4148
 30
0.0
 10
2.718
 20
-8.4148
 30
0.0
 10
2.6002
 20
-8.6932
 30
0.0
 10
2.6002
 20
-8.6932
 30
0.0
 10
2.4886
 20
-8.6911
 30
0.0
 10
2.4
 20
-8.7056
 30
0.0
 10
2.3345
 20
-8.7366
 30
0.0
 10
2.2897
 20
-8.758
 30
0.0
 10
2.2281
 20
-8.8004
 30
0.0
 10
2.1496
 20
-8.8638
 30
0.0
 10
2.0711
 20
-8.9275
 30
0.0
 10
2.0086
 20
-8.9699
 30
0.0
 10
1.9625
 20
-8.9913
 30
0.0
 10
1.8646
 20
-9.0361
 30
0.0
 10
1.7558
 20
-9.0584
 30
0.0
 10
1.6359
 20
-9.0584
 30
0.0
 10
1.6359
 20
-9.0584
 30
0.0
 10
1.5088
 20
-9.0584
 30
0.0
 10
1.5088
 20
-9.0584
 30
0.0
 10
1.5088
 20
-9.0584
 30
0.0
 10
1.4468
 20
-9.0584
 30
0.0
 10
1.4468
 20
-9.0584
 30
0.0
  0
SPLINE
  5
91
330
1F
100
AcDbEntity
  8
Layer 1
 62
   250
100
AcDbSpline
210
0.0
220
0.0
230
1.0
 70
    11
 71
     3
 72
    47
 73
    43
 74
     0
 42
0.0000000001
 43
0.0000000001
 40
0.0
 40
0.0
 40
0.0
 40
0.0
 40
0.0714285714285714
 40
0.0714285714285714
 40
0.0714285714285714
 40
0.1428571428571428
 40
0.1428571428571428
 40
0.1428571428571428
 40
0.2142857142857143
 40
0.2142857142857143
 40
0.2142857142857143
 40
0.2857142857142857
 40
0.2857142857142857
 40
0.2857142857142857
 40
0.3571428571428571
 40
0.3571428571428571
 40
0.3571428571428571
 40
0.4285714285714285
 40
0.4285714285714285
 40
0.4285714285714285
 40
0.5
 40
0.5
 40
0.5
 40
0.5714285714285714
 40
0.5714285714285714
 40
0.5714285714285714
 40
0.6428571428571428
 40
0.6428571428571428
 40
0.6428571428571428
 40
0.7142857142857142
 40
0.7142857142857142
 40
0.7142857142857142
 40
0.7857142857142857
 40
0.7857142857142857
 40
0.7857142857142857
 40
0.8571428571428571
 40
0.8571428571428571
 40
0.8571428571428571
 40
0.9285714285714285
 40
0.9285714285714285
 40
0.9285714285714285
 40
1.0
 40
1.0
 40
1.0
 40
1.0
 10
0.4943
 20
-9.3609
 30
0.0
 10
0.5039
 20
-9.3684
 30
0.0
 10
0.5037
 20
-9.3774
 30
0.0
 10
0.4929
 20
-9.3871
 30
0.0
 10
0.4929
 20
-9.3871
 30
0.0
 10
0.37
 20
-9.5081
 30
0.0
 10
0.37
 20
-9.5081
 30
0.0
 10
0.361
 20
-9.517
 30
0.0
 10
0.3521
 20
-9.517
 30
0.0
 10
0.3431
 20
-9.5081
 30
0.0
 10
0.3431
 20
-9.5081
 30
0.0
 10
0.2274
 20
-9.3953
 30
0.0
 10
0.2274
 20
-9.3953
 30
0.0
 10
0.2274
 20
-9.3953
 30
0.0
 10
0.1137
 20
-9.5081
 30
0.0
 10
0.1137
 20
-9.5081
 30
0.0
 10
0.1047
 20
-9.517
 30
0.0
 10
0.0958
 20
-9.517
 30
0.0
 10
0.0868
 20
-9.5081
 30
0.0
 10
0.0868
 20
-9.5081
 30
0.0
 10
-0.0362
 20
-9.3882
 30
0.0
 10
-0.0362
 20
-9.3882
 30
0.0
 10
-0.0466
 20
-9.3785
 30
0.0
 10
-0.0455
 20
-9.3675
 30
0.0
 10
-0.0331
 20
-9.3551
 30
0.0
 10
-0.0331
 20
-9.3551
 30
0.0
 10
0.0802
 20
-9.24
 30
0.0
 10
0.0802
 20
-9.24
 30
0.0
 10
0.0905
 20
-9.23
 30
0.0
 10
0.1009
 20
-9.23
 30
0.0
 10
0.1116
 20
-9.2403
 30
0.0
 10
0.1116
 20
-9.2403
 30
0.0
 10
0.2276
 20
-9.3523
 30
0.0
 10
0.2276
 20
-9.3523
 30
0.0
 10
0.2276
 20
-9.3523
 30
0.0
 10
0.3369
 20
-9.2403
 30
0.0
 10
0.3369
 20
-9.2403
 30
0.0
 10
0.3476
 20
-9.2297
 30
0.0
 10
0.3583
 20
-9.2293
 30
0.0
 10
0.3696
 20
-9.2396
 30
0.0
 10
0.3696
 20
-9.2396
 30
0.0
 10
0.4943
 20
-9.3609
 30
0.0
 10
0.4943
 20
-9.3609
 30
0.0
  0
SPLINE
  5
92
330
1F
100
AcDbEntity
  8
Layer 1
 62
   250
100
AcDbSpline
210
0.0
220
0.0
230
1.0
 70
    11
 71
     3
 72
    29
 73
    25
 74
     0
 42
0.0000000001
 43
0.0000000001
 40
0.0
 40
0.0
 40
0.0
 40
0.0
 40
0.125
 40
0.125
 40
0.125
 40
0.25
 40
0.25
 40
0.25
 40
0.375
 40
0.375
 40
0.375
 40
0.5
 40
0.5
 40
0.5
 40
0.625
 40
0.625
 40
0.625
 40
0.75
 40
0.75
 40
0.75
 40
0.875
 40
0.875
 40
0.875
 40
1.0
 40
1.0
 40
1.0
 40
1.0
 10
-0.2232
 20
-7.9185
 30
0.0
 10
-0.2143
 20
-7.9275
 30
0.0
 10
-0.215
 20
-7.9371
 30
0.0
 10
-0.2253
 20
-7.9474
 30
0.0
 10
-0.2253
 20
-7.9474
 30
0.0
 10
-0.3624
 20
-8.0862
 30
0.0
 10
-0.3624
 20
-8.0862
 30
0.0
 10
-0.3727
 20
-8.0963
 30
0.0
 10
-0.3835
 20
-8.0963
 30
0.0
 10
-0.3938
 20
-8.0859
 30
0.0
 10
-0.3938
 20
-8.0859
 30
0.0
 10
-0.5344
 20
-7.9484
 30
0.0
 10
-0.5344
 20
-7.9484
 30
0.0
 10
-0.5447
 20
-7.9381
 30
0.0
 10
-0.5433
 20
-7.9264
 30
0.0
 10
-0.5303
 20
-7.9132
 30
0.0
 10
-0.5303
 20
-7.9132
 30
0.0
 10
-0.401
 20
-7.7809
 30
0.0
 10
-0.401
 20
-7.7809
 30
0.0
 10
-0.39
 20
-7.7699
 30
0.0
 10
-0.3787
 20
-7.7699
 30
0.0
 10
-0.367
 20
-7.7809
 30
0.0
 10
-0.367
 20
-7.7809
 30
0.0
 10
-0.2232
 20
-7.9185
 30
0.0
 10
-0.2232
 20
-7.9185
 30
0.0
  0
SPLINE
  5
93
330
1F
100
AcDbEntity
  8
Layer 1
 62
   250
100
AcDbSpline
210
0.0
220
0.0
230
1.0
 70
    11
 71
     3
 72
    62
 73
    58
 74
     0
 42
0.0000000001
 43
0.0000000001
 40
0.0
 40
0.0
 40
0.0
 40
0.0
 40
0.0526315789473684
 40
0.0526315789473684
 40
0.0526315789473684
 40
0.1052631578947368
 40
0.1052631578947368
 40
0.1052631578947368
 40
0.1578947368421053
 40
0.1578947368421053
 40
0.1578947368421053
 40
0.2105263157894737
 40
0.2105263157894737
 40
0.2105263157894737
 40
0.2631578947368421
 40
0.2631578947368421
 40
0.2631578947368421
 40
0.3157894736842105
 40
0.3157894736842105
 40
0.3157894736842105
 40
0.3684210526315789
 40
0.3684210526315789
 40
0.3684210526315789
 40
0.4210526315789473
 40
0.4210526315789473
 40
0.4210526315789473
 40
0.4736842105263158
 40
0.4736842105263158
 40
0.4736842105263158
 40
0.5263157894736842
 40
0.5263157894736842
 40
0.5263157894736842
 40
0.5789473684210527
 40
0.5789473684210527
 40
0.5789473684210527
 40
0.631578947368421
 40
0.631578947368421
 40
0.631578947368421
 40
0.6842105263157894
 40
0.6842105263157894
 40
0.6842105263157894
 40
0.7368421052631579
 40
0.7368421052631579
 40
0.7368421052631579
 40
0.7894736842105263
 40
0.7894736842105263
 40
0.7894736842105263
 40
0.8421052631578947
 40
0.8421052631578947
 40
0.8421052631578947
 40
0.894736842105263
 40
0.894736842105263
 40
0.894736842105263
 40
0.9473684210526315
 40
0.9473684210526315
 40
0.9473684210526315
 40
1.0
 40
1.0
 40
1.0
 40
1.0
 10
-2.8629
 20
-7.5825
 30
0.0
 10
-2.8629
 20
-7.7383
 30
0.0
 10
-2.8881
 20
-7.8671
 30
0.0
 10
-2.9383
 20
-7.9691
 30
0.0
 10
-3.0018
 20
-8.0979
 30
0.0
 10
-3.1017
 20
-8.1737
 30
0.0
 10
-3.2381
 20
-8.1964
 30
0.0
 10
-3.2202
 20
-8.3039
 30
0.0
 10
-3.2112
 20
-8.4332
 30
0.0
 10
-3.2112
 20
-8.5841
 30
0.0
 10
-3.2112
 20
-8.7253
 30
0.0
 10
-3.2239
 20
-8.8576
 30
0.0
 10
-3.2494
 20
-8.981
 30
0.0
 10
-3.2797
 20
-9.127
 30
0.0
 10
-3.3183
 20
-9.2001
 30
0.0
 10
-3.3652
 20
-9.2001
 30
0.0
 10
-3.4127
 20
-9.2001
 30
0.0
 10
-3.4434
 20
-9.1377
 30
0.0
 10
-3.4571
 20
-9.0129
 30
0.0
 10
-3.4875
 20
-8.7422
 30
0.0
 10
-3.5082
 20
-8.5779
 30
0.0
 10
-3.5192
 20
-8.52
 30
0.0
 10
-3.5564
 20
-8.3305
 30
0.0
 10
-3.6371
 20
-8.1431
 30
0.0
 10
-3.7611
 20
-7.9578
 30
0.0
 10
-3.8017
 20
-7.8971
 30
0.0
 10
-3.822
 20
-7.8634
 30
0.0
 10
-3.822
 20
-7.8565
 30
0.0
 10
-3.822
 20
-7.8482
 30
0.0
 10
-3.8031
 20
-7.8058
 30
0.0
 10
-3.7652
 20
-7.7293
 30
0.0
 10
-3.7163
 20
-7.6301
 30
0.0
 10
-3.6722
 20
-7.5391
 30
0.0
 10
-3.6329
 20
-7.4564
 30
0.0
 10
-3.624
 20
-7.4378
 30
0.0
 10
-3.6129
 20
-7.4286
 30
0.0
 10
-3.5997
 20
-7.4286
 30
0.0
 10
-3.5847
 20
-7.4286
 30
0.0
 10
-3.5702
 20
-7.4406
 30
0.0
 10
-3.5564
 20
-7.4647
 30
0.0
 10
-3.5172
 20
-7.5343
 30
0.0
 10
-3.4765
 20
-7.5839
 30
0.0
 10
-3.4345
 20
-7.6135
 30
0.0
 10
-3.3869
 20
-7.6466
 30
0.0
 10
-3.3256
 20
-7.6632
 30
0.0
 10
-3.2505
 20
-7.6632
 30
0.0
 10
-3.1775
 20
-7.6632
 30
0.0
 10
-3.1219
 20
-7.6411
 30
0.0
 10
-3.0841
 20
-7.597
 30
0.0
 10
-3.0682
 20
-7.5784
 30
0.0
 10
-3.0468
 20
-7.5377
 30
0.0
 10
-3.02
 20
-7.475
 30
0.0
 10
-3.0014
 20
-7.431
 30
0.0
 10
-2.9786
 20
-7.4089
 30
0.0
 10
-2.9518
 20
-7.4089
 30
0.0
 10
-2.8925
 20
-7.4089
 30
0.0
 10
-2.8629
 20
-7.4668
 30
0.0
 10
-2.8629
 20
-7.5825
 30
0.0
  0
SPLINE
  5
94
330
1F
100
AcDbEntity
  8
Layer 1
 62
   250
100
AcDbSpline
210
0.0
220
0.0
230
1.0
 70
    11
 71
     3
 72
    20
 73
    16
 74
     0
 42
0.0000000001
 43
0.0000000001
 40
0.0
 40
0.0
 40
0.0
 40
0.0
 40
0.2
 40
0.2
 40
0.2
 40
0.4
 40
0.4
 40
0.4
 40
0.6000000000000001
 40
0.6000000000000001
 40
0.6000000000000001
 40
0.8
 40
0.8
 40
0.8
 40
1.0
 40
1.0
 40
1.0
 40
1.0
 10
-4.101
 20
-8.6718
 30
0.0
 10
-4.101
 20
-8.6498
 30
0.0
 10
-4.1172
 20
-8.6289
 30
0.0
 10
-4.1497
 20
-8.6089
 30
0.0
 10
-4.1793
 20
-8.591
 30
0.0
 10
-4.2062
 20
-8.582
 30
0.0
 10
-4.2303
 20
-8.582
 30
0.0
 10
-4.2944
 20
-8.582
 30
0.0
 10
-4.3264
 20
-8.6057
 30
0.0
 10
-4.3264
 20
-8.6533
 30
0.0
 10
-4.3264
 20
-8.6794
 30
0.0
 10
-4.2875
 20
-8.6925
 30
0.0
 10
-4.2096
 20
-8.6925
 30
0.0
 10
-4.1373
 20
-8.6925
 30
0.0
 10
-4.101
 20
-8.6856
 30
0.0
 10
-4.101
 20
-8.6718
 30
0.0
  0
SPLINE
  5
95
330
1F
100
AcDbEntity
  8
Layer 1
 62
   250
100
AcDbSpline
210
0.0
220
0.0
230
1.0
 70
    11
 71
     3
 72
   104
 73
   100
 74
     0
 42
0.0000000001
 43
0.0000000001
 40
0.0
 40
0.0
 40
0.0
 40
0.0
 40
0.0303030303030303
 40
0.0303030303030303
 40
0.0303030303030303
 40
0.0606060606060606
 40
0.0606060606060606
 40
0.0606060606060606
 40
0.0909090909090909
 40
0.0909090909090909
 40
0.0909090909090909
 40
0.1212121212121212
 40
0.1212121212121212
 40
0.1212121212121212
 40
0.1515151515151515
 40
0.1515151515151515
 40
0.1515151515151515
 40
0.1818181818181818
 40
0.1818181818181818
 40
0.1818181818181818
 40
0.2121212121212121
 40
0.2121212121212121
 40
0.2121212121212121
 40
0.2424242424242424
 40
0.2424242424242424
 40
0.2424242424242424
 40
0.2727272727272727
 40
0.2727272727272727
 40
0.2727272727272727
 40
0.303030303030303
 40
0.303030303030303
 40
0.303030303030303
 40
0.3333333333333334
 40
0.3333333333333334
 40
0.3333333333333334
 40
0.3636363636363636
 40
0.3636363636363636
 40
0.3636363636363636
 40
0.3939393939393939
 40
0.3939393939393939
 40
0.3939393939393939
 40
0.4242424242424243
 40
0.4242424242424243
 40
0.4242424242424243
 40
0.4545454545454546
 40
0.4545454545454546
 40
0.4545454545454546
 40
0.4848484848484849
 40
0.4848484848484849
 40
0.4848484848484849
 40
0.5151515151515151
 40
0.5151515151515151
 40
0.5151515151515151
 40
0.5454545454545454
 40
0.5454545454545454
 40
0.5454545454545454
 40
0.5757575757575758
 40
0.5757575757575758
 40
0.5757575757575758
 40
0.6060606060606061
 40
0.6060606060606061
 40
0.6060606060606061
 40
0.6363636363636364
 40
0.6363636363636364
 40
0.6363636363636364
 40
0.6666666666666667
 40
0.6666666666666667
 40
0.6666666666666667
 40
0.696969696969697
 40
0.696969696969697
 40
0.696969696969697
 40
0.7272727272727273
 40
0.7272727272727273
 40
0.7272727272727273
 40
0.7575757575757576
 40
0.7575757575757576
 40
0.7575757575757576
 40
0.7878787878787878
 40
0.7878787878787878
 40
0.7878787878787878
 40
0.8181818181818182
 40
0.8181818181818182
 40
0.8181818181818182
 40
0.8484848484848485
 40
0.8484848484848485
 40
0.8484848484848485
 40
0.8787878787878788
 40
0.8787878787878788
 40
0.8787878787878788
 40
0.9090909090909092
 40
0.9090909090909092
 40
0.9090909090909092
 40
0.9393939393939394
 40
0.9393939393939394
 40
0.9393939393939394
 40
0.9696969696969697
 40
0.9696969696969697
 40
0.9696969696969697
 40
1.0
 40
1.0
 40
1.0
 40
1.0
 10
-4.8762
 20
-7.8202
 30
0.0
 10
-4.8762
 20
-7.9119
 30
0.0
 10
-4.9221
 20
-8.0063
 30
0.0
 10
-5.0137
 20
-8.1034
 30
0.0
 10
-5.1171
 20
-8.2137
 30
0.0
 10
-5.2359
 20
-8.2688
 30
0.0
 10
-5.3702
 20
-8.2688
 30
0.0
 10
-5.3971
 20
-8.2688
 30
0.0
 10
-5.424
 20
-8.2664
 30
0.0
 10
-5.4508
 20
-8.2616
 30
0.0
 10
-5.4508
 20
-8.2616
 30
0.0
 10
-5.424
 20
-8.3908
 30
0.0
 10
-5.424
 20
-8.3908
 30
0.0
 10
-5.4109
 20
-8.4534
 30
0.0
 10
-5.4044
 20
-8.5179
 30
0.0
 10
-5.4044
 20
-8.5841
 30
0.0
 10
-5.4044
 20
-8.7253
 30
0.0
 10
-5.4171
 20
-8.8576
 30
0.0
 10
-5.4425
 20
-8.981
 30
0.0
 10
-5.4729
 20
-9.127
 30
0.0
 10
-5.5114
 20
-9.2001
 30
0.0
 10
-5.5583
 20
-9.2001
 30
0.0
 10
-5.6059
 20
-9.2001
 30
0.0
 10
-5.6366
 20
-9.1377
 30
0.0
 10
-5.6502
 20
-9.0129
 30
0.0
 10
-5.6807
 20
-8.7394
 30
0.0
 10
-5.7013
 20
-8.5751
 30
0.0
 10
-5.7124
 20
-8.52
 30
0.0
 10
-5.7351
 20
-8.4042
 30
0.0
 10
-5.7733
 20
-8.2901
 30
0.0
 10
-5.827
 20
-8.1778
 30
0.0
 10
-5.8601
 20
-8.1089
 30
0.0
 10
-5.9028
 20
-8.0356
 30
0.0
 10
-5.9552
 20
-7.9578
 30
0.0
 10
-5.9951
 20
-7.8985
 30
0.0
 10
-6.0151
 20
-7.8647
 30
0.0
 10
-6.0151
 20
-7.8565
 30
0.0
 10
-6.0151
 20
-7.8489
 30
0.0
 10
-5.9958
 20
-7.8064
 30
0.0
 10
-5.9573
 20
-7.7293
 30
0.0
 10
-5.9063
 20
-7.628
 30
0.0
 10
-5.8626
 20
-7.537
 30
0.0
 10
-5.8261
 20
-7.4564
 30
0.0
 10
-5.8178
 20
-7.4385
 30
0.0
 10
-5.8077
 20
-7.4296
 30
0.0
 10
-5.796
 20
-7.4296
 30
0.0
 10
-5.7822
 20
-7.4296
 30
0.0
 10
-5.7668
 20
-7.4413
 30
0.0
 10
-5.7496
 20
-7.4647
 30
0.0
 10
-5.7267
 20
-7.4895
 30
0.0
 10
-5.6807
 20
-7.5512
 30
0.0
 10
-5.6111
 20
-7.6498
 30
0.0
 10
-5.5794
 20
-7.5871
 30
0.0
 10
-5.5353
 20
-7.5306
 30
0.0
 10
-5.4788
 20
-7.4803
 30
0.0
 10
-5.3996
 20
-7.41
 30
0.0
 10
-5.3155
 20
-7.3749
 30
0.0
 10
-5.2266
 20
-7.3749
 30
0.0
 10
-5.1343
 20
-7.3749
 30
0.0
 10
-5.0619
 20
-7.4052
 30
0.0
 10
-5.0096
 20
-7.4658
 30
0.0
 10
-4.9724
 20
-7.5085
 30
0.0
 10
-4.9538
 20
-7.5474
 30
0.0
 10
-4.9538
 20
-7.5825
 30
0.0
 10
-4.9538
 20
-7.6376
 30
0.0
 10
-4.9744
 20
-7.6652
 30
0.0
 10
-5.0158
 20
-7.6652
 30
0.0
 10
-5.0303
 20
-7.6652
 30
0.0
 10
-5.064
 20
-7.656
 30
0.0
 10
-5.1164
 20
-7.6369
 30
0.0
 10
-5.1694
 20
-7.6181
 30
0.0
 10
-5.2115
 20
-7.6084
 30
0.0
 10
-5.243
 20
-7.6084
 30
0.0
 10
-5.3141
 20
-7.6084
 30
0.0
 10
-5.3744
 20
-7.6264
 30
0.0
 10
-5.424
 20
-7.6622
 30
0.0
 10
-5.4673
 20
-7.6932
 30
0.0
 10
-5.4892
 20
-7.7256
 30
0.0
 10
-5.4892
 20
-7.7593
 30
0.0
 10
-5.4892
 20
-7.769
 30
0.0
 10
-5.4864
 20
-7.7775
 30
0.0
 10
-5.4809
 20
-7.7851
 30
0.0
 10
-5.4492
 20
-7.8299
 30
0.0
 10
-5.4074
 20
-7.8595
 30
0.0
 10
-5.3557
 20
-7.874
 30
0.0
 10
-5.3213
 20
-7.8836
 30
0.0
 10
-5.27
 20
-7.8884
 30
0.0
 10
-5.2018
 20
-7.8884
 30
0.0
 10
-5.1481
 20
-7.8884
 30
0.0
 10
-5.1001
 20
-7.8781
 30
0.0
 10
-5.0581
 20
-7.8574
 30
0.0
 10
-5.036
 20
-7.8464
 30
0.0
 10
-5.0085
 20
-7.8275
 30
0.0
 10
-4.9754
 20
-7.8007
 30
0.0
 10
-4.9499
 20
-7.78
 30
0.0
 10
-4.9306
 20
-7.7697
 30
0.0
 10
-4.9175
 20
-7.7697
 30
0.0
 10
-4.89
 20
-7.7697
 30
0.0
 10
-4.8762
 20
-7.7865
 30
0.0
 10
-4.8762
 20
-7.8202
 30
0.0
  0
SPLINE
  5
96
330
1F
100
AcDbEntity
  8
Layer 1
 62
   250
100
AcDbSpline
210
0.0
220
0.0
230
1.0
 70
    11
 71
     3
 72
    44
 73
    40
 74
     0
 42
0.0000000001
 43
0.0000000001
 40
0.0
 40
0.0
 40
0.0
 40
0.0
 40
0.0769230769230769
 40
0.0769230769230769
 40
0.0769230769230769
 40
0.1538461538461539
 40
0.1538461538461539
 40
0.1538461538461539
 40
0.2307692307692308
 40
0.2307692307692308
 40
0.2307692307692308
 40
0.3076923076923077
 40
0.3076923076923077
 40
0.3076923076923077
 40
0.3846153846153846
 40
0.3846153846153846
 40
0.3846153846153846
 40
0.4615384615384616
 40
0.4615384615384616
 40
0.4615384615384616
 40
0.5384615384615385
 40
0.5384615384615385
 40
0.5384615384615385
 40
0.6153846153846154
 40
0.6153846153846154
 40
0.6153846153846154
 40
0.6923076923076923
 40
0.6923076923076923
 40
0.6923076923076923
 40
0.7692307692307693
 40
0.7692307692307693
 40
0.7692307692307693
 40
0.8461538461538463
 40
0.8461538461538463
 40
0.8461538461538463
 40
0.9230769230769231
 40
0.9230769230769231
 40
0.9230769230769231
 40
1.0
 40
1.0
 40
1.0
 40
1.0
 10
-3.884
 20
-8.8528
 30
0.0
 10
-3.884
 20
-9.1959
 30
0.0
 10
-3.9485
 20
-9.4357
 30
0.0
 10
-4.0773
 20
-9.5721
 30
0.0
 10
-4.0932
 20
-9.5887
 30
0.0
 10
-4.1138
 20
-9.5969
 30
0.0
 10
-4.1392
 20
-9.5969
 30
0.0
 10
-4.1392
 20
-9.5969
 30
0.0
 10
-4.624
 20
-9.5969
 30
0.0
 10
-4.624
 20
-9.5969
 30
0.0
 10
-4.6812
 20
-9.5969
 30
0.0
 10
-4.7099
 20
-9.5735
 30
0.0
 10
-4.7099
 20
-9.5267
 30
0.0
 10
-4.7099
 20
-9.5012
 30
0.0
 10
-4.6974
 20
-9.4826
 30
0.0
 10
-4.6726
 20
-9.4709
 30
0.0
 10
-4.5838
 20
-9.4288
 30
0.0
 10
-4.4766
 20
-9.3684
 30
0.0
 10
-4.3512
 20
-9.2899
 30
0.0
 10
-4.1817
 20
-9.1838
 30
0.0
 10
-4.0955
 20
-9.1098
 30
0.0
 10
-4.0928
 20
-9.0678
 30
0.0
 10
-4.2333
 20
-9.0678
 30
0.0
 10
-4.3247
 20
-9.0595
 30
0.0
 10
-4.3667
 20
-9.043
 30
0.0
 10
-4.4584
 20
-9.0071
 30
0.0
 10
-4.5041
 20
-8.9231
 30
0.0
 10
-4.5041
 20
-8.7908
 30
0.0
 10
-4.5041
 20
-8.6709
 30
0.0
 10
-4.4841
 20
-8.5582
 30
0.0
 10
-4.4442
 20
-8.4527
 30
0.0
 10
-4.389
 20
-8.3074
 30
0.0
 10
-4.3077
 20
-8.2348
 30
0.0
 10
-4.2002
 20
-8.2348
 30
0.0
 10
-4.0804
 20
-8.2348
 30
0.0
 10
-3.9936
 20
-8.3133
 30
0.0
 10
-3.9398
 20
-8.4704
 30
0.0
 10
-3.9026
 20
-8.5786
 30
0.0
 10
-3.884
 20
-8.706
 30
0.0
 10
-3.884
 20
-8.8528
 30
0.0
  0
SPLINE
  5
97
330
1F
100
AcDbEntity
  8
Layer 1
 62
   250
100
AcDbSpline
210
0.0
220
0.0
230
1.0
 70
    11
 71
     3
 72
    11
 73
     7
 74
     0
 42
0.0000000001
 43
0.0000000001
 40
0.0
 40
0.0
 40
0.0
 40
0.0
 40
0.5
 40
0.5
 40
0.5
 40
1.0
 40
1.0
 40
1.0
 40
1.0
 10
-16.5665
 20
13.3354
 30
0.0
 10
-16.4761
 20
13.6554
 30
0.0
 10
-16.389
 20
13.9641
 30
0.0
 10
-16.3102
 20
14.2433
 30
0.0
 10
-16.1365
 20
13.9634
 30
0.0
 10
-16.249
 20
13.4596
 30
0.0
 10
-16.5665
 20
13.3354
 30
0.0
  0
SPLINE
  5
98
330
1F
100
AcDbEntity
  8
Layer 1
 62
   250
100
AcDbSpline
210
0.0
220
0.0
230
1.0
 70
    11
 71
     3
 72
    14
 73
    10
 74
     0
 42
0.0000000001
 43
0.0000000001
 40
0.0
 40
0.0
 40
0.0
 40
0.0
 40
0.3333333333333333
 40
0.3333333333333333
 40
0.3333333333333333
 40
0.6666666666666666
 40
0.6666666666666666
 40
0.6666666666666666
 40
1.0
 40
1.0
 40
1.0
 40
1.0
 10
7.6365
 20
16.969
 30
0.0
 10
7.8512
 20
16.9711
 30
0.0
 10
8.0745
 20
16.8494
 30
0.0
 10
8.1505
 20
17.1817
 30
0.0
 10
8.2849
 20
16.9199
 30
0.0
 10
8.3917
 20
16.7111
 30
0.0
 10
8.5003
 20
16.5001
 30
0.0
 10
8.2543
 20
16.4818
 30
0.0
 10
7.8685
 20
16.6807
 30
0.0
 10
7.6365
 20
16.969
 30
0.0
  0
SPLINE
  5
99
330
1F
100
AcDbEntity
  8
Layer 1
 62
   250
100
AcDbSpline
210
0.0
220
0.0
230
1.0
 70
    11
 71
     3
 72
    20
 73
    16
 74
     0
 42
0.0000000001
 43
0.0000000001
 40
0.0
 40
0.0
 40
0.0
 40
0.0
 40
0.2
 40
0.2
 40
0.2
 40
0.4
 40
0.4
 40
0.4
 40
0.6000000000000001
 40
0.6000000000000001
 40
0.6000000000000001
 40
0.8
 40
0.8
 40
0.8
 40
1.0
 40
1.0
 40
1.0
 40
1.0
 10
-15.9347
 20
14.3229
 30
0.0
 10
-15.5324
 20
14.1005
 30
0.0
 10
-15.5882
 20
13.5762
 30
0.0
 10
-15.1909
 20
13.3446
 30
0.0
 10
-15.2534
 20
13.3074
 30
0.0
 10
-15.2835
 20
13.2738
 30
0.0
 10
-15.3118
 20
13.2755
 30
0.0
 10
-15.4486
 20
13.283
 30
0.0
 10
-15.496
 20
13.2203
 30
0.0
 10
-15.5339
 20
13.0896
 30
0.0
 10
-15.583
 20
12.921
 30
0.0
 10
-15.6425
 20
12.7354
 30
0.0
 10
-15.8895
 20
12.6782
 30
0.0
 10
-15.5492
 20
13.2418
 30
0.0
 10
-15.6737
 20
13.7801
 30
0.0
 10
-15.9347
 20
14.3229
 30
0.0
  0
SPLINE
  5
9A
330
1F
100
AcDbEntity
  8
Layer 1
 62
   250
100
AcDbSpline
210
0.0
220
0.0
230
1.0
 70
    11
 71
     3
 72
    26
 73
    22
 74
     0
 42
0.0000000001
 43
0.0000000001
 40
0.0
 40
0.0
 40
0.0
 40
0.0
 40
0.1428571428571428
 40
0.1428571428571428
 40
0.1428571428571428
 40
0.2857142857142857
 40
0.2857142857142857
 40
0.2857142857142857
 40
0.4285714285714285
 40
0.4285714285714285
 40
0.4285714285714285
 40
0.5714285714285714
 40
0.5714285714285714
 40
0.5714285714285714
 40
0.7142857142857142
 40
0.7142857142857142
 40
0.7142857142857142
 40
0.8571428571428571
 40
0.8571428571428571
 40
0.8571428571428571
 40
1.0
 40
1.0
 40
1.0
 40
1.0
 10
9.5127
 20
16.2874
 30
0.0
 10
9.4617
 20
16.2874
 30
0.0
 10
9.4002
 20
16.3057
 30
0.0
 10
9.3781
 20
16.2846
 30
0.0
 10
9.1627
 20
16.0743
 30
0.0
 10
9.0063
 20
16.2574
 30
0.0
 10
8.8781
 20
16.3816
 30
0.0
 10
8.7394
 20
16.5163
 30
0.0
 10
8.6418
 20
16.6952
 30
0.0
 10
8.5385
 20
16.8628
 30
0.0
 10
8.5058
 20
16.916
 30
0.0
 10
8.513
 20
16.9937
 30
0.0
 10
8.4934
 20
17.1122
 30
0.0
 10
8.7414
 20
16.9608
 30
0.0
 10
8.9392
 20
16.8402
 30
0.0
 10
9.1424
 20
16.716
 30
0.0
 10
9.2144
 20
16.7838
 30
0.0
 10
9.2817
 20
16.8469
 30
0.0
 10
9.3639
 20
16.9242
 30
0.0
 10
9.4163
 20
16.7008
 30
0.0
 10
9.4628
 20
16.5008
 30
0.0
 10
9.5127
 20
16.2874
 30
0.0
  0
SPLINE
  5
9B
330
1F
100
AcDbEntity
  8
Layer 1
 62
   250
100
AcDbSpline
210
0.0
220
0.0
230
1.0
 70
    11
 71
     3
 72
    23
 73
    19
 74
     0
 42
0.0000000001
 43
0.0000000001
 40
0.0
 40
0.0
 40
0.0
 40
0.0
 40
0.1666666666666667
 40
0.1666666666666667
 40
0.1666666666666667
 40
0.3333333333333333
 40
0.3333333333333333
 40
0.3333333333333333
 40
0.5
 40
0.5
 40
0.5
 40
0.6666666666666666
 40
0.6666666666666666
 40
0.6666666666666666
 40
0.8333333333333333
 40
0.8333333333333333
 40
0.8333333333333333
 40
1.0
 40
1.0
 40
1.0
 40
1.0
 10
12.5689
 20
15.1387
 30
0.0
 10
12.4622
 20
15.0584
 30
0.0
 10
12.3657
 20
14.955
 30
0.0
 10
12.2465
 20
14.9021
 30
0.0
 10
11.832
 20
14.7173
 30
0.0
 10
11.3931
 20
14.657
 30
0.0
 10
10.9425
 20
14.7116
 30
0.0
 10
10.6941
 20
14.742
 30
0.0
 10
10.5666
 20
14.8526
 30
0.0
 10
10.6117
 20
14.9845
 30
0.0
 10
10.6838
 20
15.1955
 30
0.0
 10
10.8591
 20
15.1448
 30
0.0
 10
11.0049
 20
15.1042
 30
0.0
 10
11.5233
 20
14.9605
 30
0.0
 10
12.029
 20
14.978
 30
0.0
 10
12.5251
 20
15.1973
 30
0.0
 10
12.5396
 20
15.1778
 30
0.0
 10
12.5545
 20
15.1582
 30
0.0
 10
12.5689
 20
15.1387
 30
0.0
  0
SPLINE
  5
9C
330
1F
100
AcDbEntity
  8
Layer 1
 62
   250
100
AcDbSpline
210
0.0
220
0.0
230
1.0
 70
    11
 71
     3
 72
    26
 73
    22
 74
     0
 42
0.0000000001
 43
0.0000000001
 40
0.0
 40
0.0
 40
0.0
 40
0.0
 40
0.1428571428571428
 40
0.1428571428571428
 40
0.1428571428571428
 40
0.2857142857142857
 40
0.2857142857142857
 40
0.2857142857142857
 40
0.4285714285714285
 40
0.4285714285714285
 40
0.4285714285714285
 40
0.5714285714285714
 40
0.5714285714285714
 40
0.5714285714285714
 40
0.7142857142857142
 40
0.7142857142857142
 40
0.7142857142857142
 40
0.8571428571428571
 40
0.8571428571428571
 40
0.8571428571428571
 40
1.0
 40
1.0
 40
1.0
 40
1.0
 10
5.626
 20
-1.063
 30
0.0
 10
5.6342
 20
-1.3676
 30
0.0
 10
5.1572
 20
-1.9284
 30
0.0
 10
4.8791
 20
-1.9594
 30
0.0
 10
4.8202
 20
-1.966
 30
0.0
 10
4.744
 20
-1.9229
 30
0.0
 10
4.6937
 20
-1.8816
 30
0.0
 10
4.5612
 20
-1.772
 30
0.0
 10
4.4268
 20
-1.6608
 30
0.0
 10
4.3173
 20
-1.5302
 30
0.0
 10
4.2704
 20
-1.4748
 30
0.0
 10
4.2417
 20
-1.3363
 30
0.0
 10
4.2766
 20
-1.2915
 30
0.0
 10
4.4709
 20
-1.0414
 30
0.0
 10
4.6783
 20
-0.7998
 30
0.0
 10
4.9025
 20
-0.5766
 30
0.0
 10
4.9567
 20
-0.5228
 30
0.0
 10
5.1145
 20
-0.5077
 30
0.0
 10
5.1834
 20
-0.547
 30
0.0
 10
5.3963
 20
-0.6686
 30
0.0
 10
5.5878
 20
-0.826
 30
0.0
 10
5.626
 20
-1.063
 30
0.0
  0
SPLINE
  5
9D
330
1F
100
AcDbEntity
  8
Layer 1
 62
   250
100
AcDbSpline
210
0.0
220
0.0
230
1.0
 70
    11
 71
     3
 72
    26
 73
    22
 74
     0
 42
0.0000000001
 43
0.0000000001
 40
0.0
 40
0.0
 40
0.0
 40
0.0
 40
0.1428571428571428
 40
0.1428571428571428
 40
0.1428571428571428
 40
0.2857142857142857
 40
0.2857142857142857
 40
0.2857142857142857
 40
0.4285714285714285
 40
0.4285714285714285
 40
0.4285714285714285
 40
0.5714285714285714
 40
0.5714285714285714
 40
0.5714285714285714
 40
0.7142857142857142
 40
0.7142857142857142
 40
0.7142857142857142
 40
0.8571428571428571
 40
0.8571428571428571
 40
0.8571428571428571
 40
1.0
 40
1.0
 40
1.0
 40
1.0
 10
-4.2259
 20
9.4302
 30
0.0
 10
-4.2359
 20
9.0526
 30
0.0
 10
-4.7038
 20
8.5188
 30
0.0
 10
-4.9746
 20
8.4898
 30
0.0
 10
-5.0402
 20
8.4828
 30
0.0
 10
-5.1224
 20
8.5338
 30
0.0
 10
-5.1809
 20
8.5791
 30
0.0
 10
-5.2875
 20
8.6618
 30
0.0
 10
-5.3702
 20
8.7803
 30
0.0
 10
-5.4845
 20
8.8476
 30
0.0
 10
-5.6677
 20
8.9556
 30
0.0
 10
-5.6753
 20
9.0687
 30
0.0
 10
-5.5453
 20
9.2157
 30
0.0
 10
-5.3659
 20
9.4187
 30
0.0
 10
-5.1869
 20
9.6226
 30
0.0
 10
-5.0045
 20
9.8232
 30
0.0
 10
-4.8708
 20
9.9704
 30
0.0
 10
-4.7199
 20
9.9828
 30
0.0
 10
-4.581
 20
9.8388
 30
0.0
 10
-4.437
 20
9.6892
 30
0.0
 10
-4.3082
 20
9.5256
 30
0.0
 10
-4.2259
 20
9.4302
 30
0.0
  0
SPLINE
  5
9E
330
1F
100
AcDbEntity
  8
Layer 1
 62
   250
100
AcDbSpline
210
0.0
220
0.0
230
1.0
 70
    11
 71
     3
 72
    26
 73
    22
 74
     0
 42
0.0000000001
 43
0.0000000001
 40
0.0
 40
0.0
 40
0.0
 40
0.0
 40
0.1428571428571428
 40
0.1428571428571428
 40
0.1428571428571428
 40
0.2857142857142857
 40
0.2857142857142857
 40
0.2857142857142857
 40
0.4285714285714285
 40
0.4285714285714285
 40
0.4285714285714285
 40
0.5714285714285714
 40
0.5714285714285714
 40
0.5714285714285714
 40
0.7142857142857142
 40
0.7142857142857142
 40
0.7142857142857142
 40
0.8571428571428571
 40
0.8571428571428571
 40
0.8571428571428571
 40
1.0
 40
1.0
 40
1.0
 40
1.0
 10
-8.4135
 20
9.6442
 30
0.0
 10
-8.4045
 20
9.2543
 30
0.0
 10
-8.891
 20
8.6786
 30
0.0
 10
-9.1674
 20
8.6577
 30
0.0
 10
-9.2258
 20
8.6531
 30
0.0
 10
-9.2982
 20
8.6986
 30
0.0
 10
-9.3479
 20
8.7405
 30
0.0
 10
-9.4646
 20
8.839
 30
0.0
 10
-9.5586
 20
8.9698
 30
0.0
 10
-9.6855
 20
9.0497
 30
0.0
 10
-9.8651
 20
9.1624
 30
0.0
 10
-9.8366
 20
9.276
 30
0.0
 10
-9.7263
 20
9.4021
 30
0.0
 10
-9.5421
 20
9.6126
 30
0.0
 10
-9.348
 20
9.8142
 30
0.0
 10
-9.1631
 20
10.0241
 30
0.0
 10
-9.0509
 20
10.1516
 30
0.0
 10
-8.9267
 20
10.1626
 30
0.0
 10
-8.8097
 20
10.054
 30
0.0
 10
-8.6512
 20
9.9071
 30
0.0
 10
-8.5084
 20
9.7433
 30
0.0
 10
-8.4135
 20
9.6442
 30
0.0
  0
SPLINE
  5
9F
330
1F
100
AcDbEntity
  8
Layer 1
 62
   250
100
AcDbSpline
210
0.0
220
0.0
230
1.0
 70
    11
 71
     3
 72
    23
 73
    19
 74
     0
 42
0.0000000001
 43
0.0000000001
 40
0.0
 40
0.0
 40
0.0
 40
0.0
 40
0.1666666666666667
 40
0.1666666666666667
 40
0.1666666666666667
 40
0.3333333333333333
 40
0.3333333333333333
 40
0.3333333333333333
 40
0.5
 40
0.5
 40
0.5
 40
0.6666666666666666
 40
0.6666666666666666
 40
0.6666666666666666
 40
0.8333333333333333
 40
0.8333333333333333
 40
0.8333333333333333
 40
1.0
 40
1.0
 40
1.0
 40
1.0
 10
-11.7278
 20
10.4199
 30
0.0
 10
-11.723
 20
10.0379
 30
0.0
 10
-12.237
 20
9.381
 30
0.0
 10
-12.481
 20
9.4579
 30
0.0
 10
-12.7302
 20
9.5366
 30
0.0
 10
-12.9141
 20
9.8249
 30
0.0
 10
-13.1195
 20
10.0288
 30
0.0
 10
-13.1301
 20
10.0394
 30
0.0
 10
-13.0797
 20
10.125
 30
0.0
 10
-13.0456
 20
10.1655
 30
0.0
 10
-12.8647
 20
10.3799
 30
0.0
 10
-12.6807
 20
10.5917
 30
0.0
 10
-12.4966
 20
10.803
 30
0.0
 10
-12.3727
 20
10.9452
 30
0.0
 10
-12.2319
 20
10.9618
 30
0.0
 10
-12.0978
 20
10.8274
 30
0.0
 10
-11.9502
 20
10.6794
 30
0.0
 10
-11.8161
 20
10.5181
 30
0.0
 10
-11.7278
 20
10.4199
 30
0.0
  0
SPLINE
  5
A0
330
1F
100
AcDbEntity
  8
Layer 1
 62
   250
100
AcDbSpline
210
0.0
220
0.0
230
1.0
 70
    11
 71
     3
 72
    38
 73
    34
 74
     0
 42
0.0000000001
 43
0.0000000001
 40
0.0
 40
0.0
 40
0.0
 40
0.0
 40
0.0909090909090909
 40
0.0909090909090909
 40
0.0909090909090909
 40
0.1818181818181818
 40
0.1818181818181818
 40
0.1818181818181818
 40
0.2727272727272727
 40
0.2727272727272727
 40
0.2727272727272727
 40
0.3636363636363636
 40
0.3636363636363636
 40
0.3636363636363636
 40
0.4545454545454546
 40
0.4545454545454546
 40
0.4545454545454546
 40
0.5454545454545454
 40
0.5454545454545454
 40
0.5454545454545454
 40
0.6363636363636364
 40
0.6363636363636364
 40
0.6363636363636364
 40
0.7272727272727273
 40
0.7272727272727273
 40
0.7272727272727273
 40
0.8181818181818182
 40
0.8181818181818182
 40
0.8181818181818182
 40
0.9090909090909092
 40
0.9090909090909092
 40
0.9090909090909092
 40
1.0
 40
1.0
 40
1.0
 40
1.0
 10
-17.1764
 20
13.2869
 30
0.0
 10
-17.1894
 20
13.2644
 30
0.0
 10
-17.2094
 20
13.2414
 30
0.0
 10
-17.2158
 20
13.2151
 30
0.0
 10
-17.2412
 20
13.1148
 30
0.0
 10
-17.3117
 20
12.9828
 30
0.0
 10
-17.2729
 20
12.9192
 30
0.0
 10
-17.2176
 20
12.8287
 30
0.0
 10
-17.0855
 20
12.7464
 30
0.0
 10
-16.9776
 20
12.734
 30
0.0
 10
-16.6265
 20
12.6941
 30
0.0
 10
-16.1159
 20
13.0701
 30
0.0
 10
-16.0803
 20
13.6307
 30
0.0
 10
-16.0695
 20
13.8053
 30
0.0
 10
-16.0788
 20
13.981
 30
0.0
 10
-16.0788
 20
14.1675
 30
0.0
 10
-15.8455
 20
13.8666
 30
0.0
 10
-15.8619
 20
13.5331
 30
0.0
 10
-15.9438
 20
13.1893
 30
0.0
 10
-16.0135
 20
12.8961
 30
0.0
 10
-16.1776
 20
12.6653
 30
0.0
 10
-16.4177
 20
12.4882
 30
0.0
 10
-16.666
 20
12.3051
 30
0.0
 10
-17.1469
 20
12.3566
 30
0.0
 10
-17.3882
 20
12.5833
 30
0.0
 10
-17.4513
 20
12.6428
 30
0.0
 10
-17.5233
 20
12.6941
 30
0.0
 10
-17.5962
 20
12.7416
 30
0.0
 10
-17.8027
 20
12.8765
 30
0.0
 10
-17.8532
 20
13.1098
 30
0.0
 10
-17.7127
 20
13.2982
 30
0.0
 10
-17.5794
 20
13.4769
 30
0.0
 10
-17.3866
 20
13.4753
 30
0.0
 10
-17.1764
 20
13.2869
 30
0.0
  0
SPLINE
  5
A1
330
1F
100
AcDbEntity
  8
Layer 1
 62
   250
100
AcDbSpline
210
0.0
220
0.0
230
1.0
 70
    11
 71
     3
 72
    47
 73
    43
 74
     0
 42
0.0000000001
 43
0.0000000001
 40
0.0
 40
0.0
 40
0.0
 40
0.0
 40
0.0714285714285714
 40
0.0714285714285714
 40
0.0714285714285714
 40
0.1428571428571428
 40
0.1428571428571428
 40
0.1428571428571428
 40
0.2142857142857143
 40
0.2142857142857143
 40
0.2142857142857143
 40
0.2857142857142857
 40
0.2857142857142857
 40
0.2857142857142857
 40
0.3571428571428571
 40
0.3571428571428571
 40
0.3571428571428571
 40
0.4285714285714285
 40
0.4285714285714285
 40
0.4285714285714285
 40
0.5
 40
0.5
 40
0.5
 40
0.5714285714285714
 40
0.5714285714285714
 40
0.5714285714285714
 40
0.6428571428571428
 40
0.6428571428571428
 40
0.6428571428571428
 40
0.7142857142857142
 40
0.7142857142857142
 40
0.7142857142857142
 40
0.7857142857142857
 40
0.7857142857142857
 40
0.7857142857142857
 40
0.8571428571428571
 40
0.8571428571428571
 40
0.8571428571428571
 40
0.9285714285714285
 40
0.9285714285714285
 40
0.9285714285714285
 40
1.0
 40
1.0
 40
1.0
 40
1.0
 10
9.4057
 20
15.8415
 30
0.0
 10
9.1135
 20
15.9078
 30
0.0
 10
8.8127
 20
15.9484
 30
0.0
 10
8.5313
 20
16.0454
 30
0.0
 10
8.0341
 20
16.2165
 30
0.0
 10
7.5539
 20
16.437
 30
0.0
 10
7.0564
 20
16.6081
 30
0.0
 10
6.7081
 20
16.7277
 30
0.0
 10
6.3499
 20
16.727
 30
0.0
 10
6.0453
 20
16.4726
 30
0.0
 10
5.9574
 20
16.3989
 30
0.0
 10
5.9016
 20
16.287
 30
0.0
 10
5.831
 20
16.1928
 30
0.0
 10
5.8458
 20
16.177
 30
0.0
 10
5.8607
 20
16.1611
 30
0.0
 10
5.8754
 20
16.1452
 30
0.0
 10
5.9209
 20
16.1576
 30
0.0
 10
5.9671
 20
16.1678
 30
0.0
 10
6.0118
 20
16.1819
 30
0.0
 10
6.1852
 20
16.2369
 30
0.0
 10
6.3499
 20
16.1632
 30
0.0
 10
6.4108
 20
16.0027
 30
0.0
 10
6.4666
 20
15.8559
 30
0.0
 10
6.3967
 20
15.6746
 30
0.0
 10
6.2571
 20
15.603
 30
0.0
 10
5.9912
 20
15.4668
 30
0.0
 10
5.7118
 20
15.621
 30
0.0
 10
5.6866
 20
15.9177
 30
0.0
 10
5.6567
 20
16.2729
 30
0.0
 10
5.9316
 20
16.6635
 30
0.0
 10
6.3184
 20
16.7922
 30
0.0
 10
6.6455
 20
16.9012
 30
0.0
 10
6.9785
 20
16.9005
 30
0.0
 10
7.2979
 20
16.7654
 30
0.0
 10
7.8639
 20
16.5262
 30
0.0
 10
8.4241
 20
16.2722
 30
0.0
 10
8.9898
 20
16.033
 30
0.0
 10
9.1248
 20
15.9759
 30
0.0
 10
9.2741
 20
15.9515
 30
0.0
 10
9.4163
 20
15.912
 30
0.0
 10
9.4128
 20
15.8884
 30
0.0
 10
9.4091
 20
15.8651
 30
0.0
 10
9.4057
 20
15.8415
 30
0.0
  0
SPLINE
  5
A2
330
1F
100
AcDbEntity
  8
Layer 1
 62
   250
100
AcDbSpline
210
0.0
220
0.0
230
1.0
 70
    11
 71
     3
 72
    17
 73
    13
 74
     0
 42
0.0000000001
 43
0.0000000001
 40
0.0
 40
0.0
 40
0.0
 40
0.0
 40
0.25
 40
0.25
 40
0.25
 40
0.5
 40
0.5
 40
0.5
 40
0.75
 40
0.75
 40
0.75
 40
1.0
 40
1.0
 40
1.0
 40
1.0
 10
16.8857
 20
-8.3212
 30
0.0
 10
16.8836
 20
-8.161
 30
0.0
 10
16.7287
 20
-8.018
 30
0.0
 10
16.5636
 20
-8.0239
 30
0.0
 10
16.3615
 20
-8.0304
 30
0.0
 10
16.2292
 20
-8.1528
 30
0.0
 10
16.2324
 20
-8.3301
 30
0.0
 10
16.2348
 20
-8.4962
 30
0.0
 10
16.3692
 20
-8.6119
 30
0.0
 10
16.5597
 20
-8.6123
 30
0.0
 10
16.74
 20
-8.6126
 30
0.0
 10
16.8878
 20
-8.4807
 30
0.0
 10
16.8857
 20
-8.3212
 30
0.0
  0
SPLINE
  5
A3
330
1F
100
AcDbEntity
  8
Layer 1
 62
   250
100
AcDbSpline
210
0.0
220
0.0
230
1.0
 70
    11
 71
     3
 72
    20
 73
    16
 74
     0
 42
0.0000000001
 43
0.0000000001
 40
0.0
 40
0.0
 40
0.0
 40
0.0
 40
0.2
 40
0.2
 40
0.2
 40
0.4
 40
0.4
 40
0.4
 40
0.6000000000000001
 40
0.6000000000000001
 40
0.6000000000000001
 40
0.8
 40
0.8
 40
0.8
 40
1.0
 40
1.0
 40
1.0
 40
1.0
 10
16.5527
 20
-9.4743
 30
0.0
 10
16.322
 20
-9.1039
 30
0.0
 10
16.1061
 20
-8.7959
 30
0.0
 10
15.9332
 20
-8.4652
 30
0.0
 10
15.8369
 20
-8.2805
 30
0.0
 10
15.9191
 20
-8.088
 30
0.0
 10
16.0743
 20
-7.9429
 30
0.0
 10
16.304
 20
-7.7283
 30
0.0
 10
16.7308
 20
-7.7038
 30
0.0
 10
16.9831
 20
-7.8905
 30
0.0
 10
17.1887
 20
-8.0421
 30
0.0
 10
17.2625
 20
-8.3457
 30
0.0
 10
17.1231
 20
-8.5882
 30
0.0
 10
16.9616
 20
-8.8689
 30
0.0
 10
16.7732
 20
-9.1342
 30
0.0
 10
16.5527
 20
-9.4743
 30
0.0
  0
SPLINE
  5
A4
330
1F
100
AcDbEntity
  8
Layer 1
 62
   250
100
AcDbSpline
210
0.0
220
0.0
230
1.0
 70
    11
 71
     3
 72
    20
 73
    16
 74
     0
 42
0.0000000001
 43
0.0000000001
 40
0.0
 40
0.0
 40
0.0
 40
0.0
 40
0.2
 40
0.2
 40
0.2
 40
0.4
 40
0.4
 40
0.4
 40
0.6000000000000001
 40
0.6000000000000001
 40
0.6000000000000001
 40
0.8
 40
0.8
 40
0.8
 40
1.0
 40
1.0
 40
1.0
 40
1.0
 10
9.665
 20
5.2214
 30
0.0
 10
9.6124
 20
4.2996
 30
0.0
 10
9.5913
 20
3.3745
 30
0.0
 10
9.4966
 20
2.4572
 30
0.0
 10
9.4321
 20
1.835
 30
0.0
 10
9.2034
 20
1.2488
 30
0.0
 10
8.7727
 20
0.7512
 30
0.0
 10
8.8145
 20
0.9461
 30
0.0
 10
8.8761
 20
1.1392
 30
0.0
 10
8.8947
 20
1.3363
 30
0.0
 10
8.9633
 20
2.0674
 30
0.0
 10
9.0336
 20
2.7992
 30
0.0
 10
9.0731
 20
3.5323
 30
0.0
 10
9.1066
 20
4.1564
 30
0.0
 10
9.3271
 20
4.7049
 30
0.0
 10
9.665
 20
5.2214
 30
0.0
  0
SPLINE
  5
A5
330
1F
100
AcDbEntity
  8
Layer 1
 62
   250
100
AcDbSpline
210
0.0
220
0.0
230
1.0
 70
    11
 71
     3
 72
    44
 73
    40
 74
     0
 42
0.0000000001
 43
0.0000000001
 40
0.0
 40
0.0
 40
0.0
 40
0.0
 40
0.0769230769230769
 40
0.0769230769230769
 40
0.0769230769230769
 40
0.1538461538461539
 40
0.1538461538461539
 40
0.1538461538461539
 40
0.2307692307692308
 40
0.2307692307692308
 40
0.2307692307692308
 40
0.3076923076923077
 40
0.3076923076923077
 40
0.3076923076923077
 40
0.3846153846153846
 40
0.3846153846153846
 40
0.3846153846153846
 40
0.4615384615384616
 40
0.4615384615384616
 40
0.4615384615384616
 40
0.5384615384615385
 40
0.5384615384615385
 40
0.5384615384615385
 40
0.6153846153846154
 40
0.6153846153846154
 40
0.6153846153846154
 40
0.6923076923076923
 40
0.6923076923076923
 40
0.6923076923076923
 40
0.7692307692307693
 40
0.7692307692307693
 40
0.7692307692307693
 40
0.8461538461538463
 40
0.8461538461538463
 40
0.8461538461538463
 40
0.9230769230769231
 40
0.9230769230769231
 40
0.9230769230769231
 40
1.0
 40
1.0
 40
1.0
 40
1.0
 10
1.8574
 20
7.6602
 30
0.0
 10
1.8492
 20
7.403
 30
0.0
 10
1.4027
 20
6.9048
 30
0.0
 10
1.1859
 20
6.914
 30
0.0
 10
1.0789
 20
6.9187
 30
0.0
 10
0.9683
 20
6.9898
 30
0.0
 10
0.8709
 20
7.0496
 30
0.0
 10
0.513
 20
7.269
 30
0.0
 10
0.4647
 20
7.2638
 30
0.0
 10
0.1896
 20
6.9576
 30
0.0
 10
0.1174
 20
6.8774
 30
0.0
 10
0.0371
 20
6.8025
 30
0.0
 10
-0.0476
 20
6.7353
 30
0.0
 10
-0.3091
 20
6.5275
 30
0.0
 10
-0.6653
 20
6.5778
 30
0.0
 10
-0.8476
 20
6.8579
 30
0.0
 10
-0.8804
 20
6.9078
 30
0.0
 10
-0.8751
 20
7.0261
 30
0.0
 10
-0.8376
 20
7.071
 30
0.0
 10
-0.6519
 20
7.2923
 30
0.0
 10
-0.458
 20
7.5087
 30
0.0
 10
-0.2475
 20
7.7057
 30
0.0
 10
-0.1947
 20
7.7553
 30
0.0
 10
-0.0639
 20
7.749
 30
0.0
 10
0.0215
 20
7.7284
 30
0.0
 10
0.1046
 20
7.7085
 30
0.0
 10
0.1776
 20
7.6404
 30
0.0
 10
0.2509
 20
7.5879
 30
0.0
 10
0.4218
 20
7.4654
 30
0.0
 10
0.5637
 20
7.49
 30
0.0
 10
0.6966
 20
7.6528
 30
0.0
 10
0.7936
 20
7.772
 30
0.0
 10
0.9192
 20
7.8692
 30
0.0
 10
1.0079
 20
7.9936
 30
0.0
 10
1.1356
 20
8.1729
 30
0.0
 10
1.2876
 20
8.1709
 30
0.0
 10
1.4595
 20
8.09
 30
0.0
 10
1.6579
 20
7.9962
 30
0.0
 10
1.8598
 20
7.9006
 30
0.0
 10
1.8574
 20
7.6602
 30
0.0
  0
SPLINE
  5
A6
330
1F
100
AcDbEntity
  8
Layer 1
 62
   250
100
AcDbSpline
210
0.0
220
0.0
230
1.0
 70
    11
 71
     3
 72
    14
 73
    10
 74
     0
 42
0.0000000001
 43
0.0000000001
 40
0.0
 40
0.0
 40
0.0
 40
0.0
 40
0.3333333333333333
 40
0.3333333333333333
 40
0.3333333333333333
 40
0.6666666666666666
 40
0.6666666666666666
 40
0.6666666666666666
 40
1.0
 40
1.0
 40
1.0
 40
1.0
 10
-11.3968
 20
2.6291
 30
0.0
 10
-9.673
 20
3.3099
 30
0.0
 10
-8.4749
 20
4.519
 30
0.0
 10
-7.7512
 20
6.2224
 30
0.0
 10
-7.6172
 20
5.9147
 30
0.0
 10
-7.9896
 20
4.718
 30
0.0
 10
-8.4365
 20
4.0842
 30
0.0
 10
-9.2909
 20
2.8727
 30
0.0
 10
-9.9511
 20
2.5925
 30
0.0
 10
-11.3968
 20
2.6291
 30
0.0
  0
SPLINE
  5
A7
330
1F
100
AcDbEntity
  8
Layer 1
 62
   250
100
AcDbSpline
210
0.0
220
0.0
230
1.0
 70
    11
 71
     3
 72
    14
 73
    10
 74
     0
 42
0.0000000001
 43
0.0000000001
 40
0.0
 40
0.0
 40
0.0
 40
0.0
 40
0.3333333333333333
 40
0.3333333333333333
 40
0.3333333333333333
 40
0.6666666666666666
 40
0.6666666666666666
 40
0.6666666666666666
 40
1.0
 40
1.0
 40
1.0
 40
1.0
 10
-16.0588
 20
3.9813
 30
0.0
 10
-14.3189
 20
4.6822
 30
0.0
 10
-13.1107
 20
5.9116
 30
0.0
 10
-12.3837
 20
7.6696
 30
0.0
 10
-12.3237
 20
7.0068
 30
0.0
 10
-12.886
 20
5.5152
 30
0.0
 10
-13.6393
 20
4.7738
 30
0.0
 10
-14.3211
 20
4.103
 30
0.0
 10
-15.14
 20
3.9351
 30
0.0
 10
-16.0588
 20
3.9813
 30
0.0
  0
SPLINE
  5
A8
330
1F
100
AcDbEntity
  8
Layer 1
 62
   250
100
AcDbSpline
210
0.0
220
0.0
230
1.0
 70
    11
 71
     3
 72
    35
 73
    31
 74
     0
 42
0.0000000001
 43
0.0000000001
 40
0.0
 40
0.0
 40
0.0
 40
0.0
 40
0.1
 40
0.1
 40
0.1
 40
0.2
 40
0.2
 40
0.2
 40
0.3
 40
0.3
 40
0.3
 40
0.4
 40
0.4
 40
0.4
 40
0.5
 40
0.5
 40
0.5
 40
0.6000000000000001
 40
0.6000000000000001
 40
0.6000000000000001
 40
0.7000000000000001
 40
0.7000000000000001
 40
0.7000000000000001
 40
0.8
 40
0.8
 40
0.8
 40
0.9
 40
0.9
 40
0.9
 40
1.0
 40
1.0
 40
1.0
 40
1.0
 10
14.0083
 20
15.2448
 30
0.0
 10
13.812
 20
14.9454
 30
0.0
 10
13.6176
 20
14.6448
 30
0.0
 10
13.4185
 20
14.3471
 30
0.0
 10
13.0003
 20
13.7215
 30
0.0
 10
12.4029
 20
13.4017
 30
0.0
 10
11.6663
 20
13.2968
 30
0.0
 10
11.227
 20
13.2341
 30
0.0
 10
10.7899
 20
13.1461
 30
0.0
 10
10.3579
 20
13.044
 30
0.0
 10
10.1691
 20
12.9993
 30
0.0
 10
9.9957
 20
12.8903
 30
0.0
 10
9.8177
 20
12.8113
 30
0.0
 10
9.7688
 20
13.0936
 30
0.0
 10
10.0361
 20
13.4224
 30
0.0
 10
10.3768
 20
13.4694
 30
0.0
 10
10.5108
 20
13.488
 30
0.0
 10
10.6156
 20
13.4969
 30
0.0
 10
10.6386
 20
13.6707
 30
0.0
 10
10.6562
 20
13.8041
 30
0.0
 10
10.7709
 20
13.7716
 30
0.0
 10
10.8705
 20
13.7481
 30
0.0
 10
11.699
 20
13.5527
 30
0.0
 10
12.4553
 20
13.7268
 30
0.0
 10
13.0943
 20
14.275
 30
0.0
 10
13.4264
 20
14.5602
 30
0.0
 10
13.6872
 20
14.9286
 30
0.0
 10
13.9803
 20
15.2593
 30
0.0
 10
13.9897
 20
15.2545
 30
0.0
 10
13.9989
 20
15.2496
 30
0.0
 10
14.0083
 20
15.2448
 30
0.0
  0
SPLINE
  5
A9
330
1F
100
AcDbEntity
  8
Layer 1
 62
   250
100
AcDbSpline
210
0.0
220
0.0
230
1.0
 70
    11
 71
     3
 72
    23
 73
    19
 74
     0
 42
0.0000000001
 43
0.0000000001
 40
0.0
 40
0.0
 40
0.0
 40
0.0
 40
0.1666666666666667
 40
0.1666666666666667
 40
0.1666666666666667
 40
0.3333333333333333
 40
0.3333333333333333
 40
0.3333333333333333
 40
0.5
 40
0.5
 40
0.5
 40
0.6666666666666666
 40
0.6666666666666666
 40
0.6666666666666666
 40
0.8333333333333333
 40
0.8333333333333333
 40
0.8333333333333333
 40
1.0
 40
1.0
 40
1.0
 40
1.0
 10
-8.6913
 20
2.552
 30
0.0
 10
-6.9171
 20
3.2185
 30
0.0
 10
-5.7128
 20
4.4615
 30
0.0
 10
-4.9484
 20
6.1677
 30
0.0
 10
-4.9436
 20
6.1361
 30
0.0
 10
-4.9291
 20
6.1028
 30
0.0
 10
-4.9349
 20
6.0731
 30
0.0
 10
-5.1448
 20
5.0056
 30
0.0
 10
-5.5116
 20
4.0124
 30
0.0
 10
-6.3252
 20
3.2442
 30
0.0
 10
-6.7741
 20
2.8204
 30
0.0
 10
-7.3028
 20
2.5616
 30
0.0
 10
-7.9334
 20
2.5406
 30
0.0
 10
-8.174
 20
2.5324
 30
0.0
 10
-8.4137
 20
2.5082
 30
0.0
 10
-8.6541
 20
2.4913
 30
0.0
 10
-8.6665
 20
2.5116
 30
0.0
 10
-8.6789
 20
2.5317
 30
0.0
 10
-8.6913
 20
2.552
 30
0.0
  0
SPLINE
  5
AA
330
1F
100
AcDbEntity
  8
Layer 1
 62
   250
100
AcDbSpline
210
0.0
220
0.0
230
1.0
 70
    11
 71
     3
 72
    44
 73
    40
 74
     0
 42
0.0000000001
 43
0.0000000001
 40
0.0
 40
0.0
 40
0.0
 40
0.0
 40
0.0769230769230769
 40
0.0769230769230769
 40
0.0769230769230769
 40
0.1538461538461539
 40
0.1538461538461539
 40
0.1538461538461539
 40
0.2307692307692308
 40
0.2307692307692308
 40
0.2307692307692308
 40
0.3076923076923077
 40
0.3076923076923077
 40
0.3076923076923077
 40
0.3846153846153846
 40
0.3846153846153846
 40
0.3846153846153846
 40
0.4615384615384616
 40
0.4615384615384616
 40
0.4615384615384616
 40
0.5384615384615385
 40
0.5384615384615385
 40
0.5384615384615385
 40
0.6153846153846154
 40
0.6153846153846154
 40
0.6153846153846154
 40
0.6923076923076923
 40
0.6923076923076923
 40
0.6923076923076923
 40
0.7692307692307693
 40
0.7692307692307693
 40
0.7692307692307693
 40
0.8461538461538463
 40
0.8461538461538463
 40
0.8461538461538463
 40
0.9230769230769231
 40
0.9230769230769231
 40
0.9230769230769231
 40
1.0
 40
1.0
 40
1.0
 40
1.0
 10
-10.318
 20
9.3143
 30
0.0
 10
-10.4874
 20
8.8083
 30
0.0
 10
-10.6816
 20
8.3091
 30
0.0
 10
-10.8195
 20
7.795
 30
0.0
 10
-10.9718
 20
7.2267
 30
0.0
 10
-11.1002
 20
6.6488
 30
0.0
 10
-11.1836
 20
6.0671
 30
0.0
 10
-11.2218
 20
5.8011
 30
0.0
 10
-11.1556
 20
5.5077
 30
0.0
 10
-11.0794
 20
5.2436
 30
0.0
 10
-11.045
 20
5.1238
 30
0.0
 10
-10.8797
 20
4.9839
 30
0.0
 10
-10.7574
 20
4.9659
 30
0.0
 10
-10.6609
 20
4.9515
 30
0.0
 10
-10.5194
 20
5.0936
 30
0.0
 10
-10.4337
 20
5.1963
 30
0.0
 10
-10.3466
 20
5.3003
 30
0.0
 10
-10.3033
 20
5.4409
 30
0.0
 10
-10.1858
 20
5.5591
 30
0.0
 10
-10.1719
 20
5.4951
 30
0.0
 10
-10.1398
 20
5.4289
 30
0.0
 10
-10.1469
 20
5.3672
 30
0.0
 10
-10.2091
 20
4.8229
 30
0.0
 10
-10.315
 20
4.2896
 30
0.0
 10
-10.6121
 20
3.8166
 30
0.0
 10
-10.872
 20
3.4026
 30
0.0
 10
-11.1937
 20
3.4031
 30
0.0
 10
-11.454
 20
3.8161
 30
0.0
 10
-11.6761
 20
4.1687
 30
0.0
 10
-11.725
 20
4.5657
 30
0.0
 10
-11.7025
 20
4.969
 30
0.0
 10
-11.6366
 20
6.1546
 30
0.0
 10
-11.2611
 20
7.2625
 30
0.0
 10
-10.8246
 20
8.3526
 30
0.0
 10
-10.6908
 20
8.6869
 30
0.0
 10
-10.5296
 20
9.0102
 30
0.0
 10
-10.3809
 20
9.3386
 30
0.0
 10
-10.36
 20
9.3304
 30
0.0
 10
-10.3391
 20
9.3224
 30
0.0
 10
-10.318
 20
9.3143
 30
0.0
  0
SPLINE
  5
AB
330
1F
100
AcDbEntity
  8
Layer 1
 62
   250
100
AcDbSpline
210
0.0
220
0.0
230
1.0
 70
    11
 71
     3
 72
    74
 73
    70
 74
     0
 42
0.0000000001
 43
0.0000000001
 40
0.0
 40
0.0
 40
0.0
 40
0.0
 40
0.0434782608695652
 40
0.0434782608695652
 40
0.0434782608695652
 40
0.0869565217391304
 40
0.0869565217391304
 40
0.0869565217391304
 40
0.1304347826086956
 40
0.1304347826086956
 40
0.1304347826086956
 40
0.1739130434782609
 40
0.1739130434782609
 40
0.1739130434782609
 40
0.2173913043478261
 40
0.2173913043478261
 40
0.2173913043478261
 40
0.2608695652173913
 40
0.2608695652173913
 40
0.2608695652173913
 40
0.3043478260869565
 40
0.3043478260869565
 40
0.3043478260869565
 40
0.3478260869565217
 40
0.3478260869565217
 40
0.3478260869565217
 40
0.3913043478260869
 40
0.3913043478260869
 40
0.3913043478260869
 40
0.4347826086956522
 40
0.4347826086956522
 40
0.4347826086956522
 40
0.4782608695652174
 40
0.4782608695652174
 40
0.4782608695652174
 40
0.5217391304347826
 40
0.5217391304347826
 40
0.5217391304347826
 40
0.5652173913043478
 40
0.5652173913043478
 40
0.5652173913043478
 40
0.6086956521739131
 40
0.6086956521739131
 40
0.6086956521739131
 40
0.6521739130434783
 40
0.6521739130434783
 40
0.6521739130434783
 40
0.6956521739130435
 40
0.6956521739130435
 40
0.6956521739130435
 40
0.7391304347826086
 40
0.7391304347826086
 40
0.7391304347826086
 40
0.7826086956521738
 40
0.7826086956521738
 40
0.7826086956521738
 40
0.8260869565217391
 40
0.8260869565217391
 40
0.8260869565217391
 40
0.8695652173913043
 40
0.8695652173913043
 40
0.8695652173913043
 40
0.9130434782608695
 40
0.9130434782608695
 40
0.9130434782608695
 40
0.9565217391304348
 40
0.9565217391304348
 40
0.9565217391304348
 40
1.0
 40
1.0
 40
1.0
 40
1.0
 10
18.5568
 20
16.2077
 30
0.0
 10
18.4979
 20
16.1607
 30
0.0
 10
18.4623
 20
16.1361
 30
0.0
 10
18.4309
 20
16.1068
 30
0.0
 10
18.294
 20
15.9815
 30
0.0
 10
18.1187
 20
15.978
 30
0.0
 10
18.0037
 20
16.0817
 30
0.0
 10
17.9095
 20
16.1664
 30
0.0
 10
17.8343
 20
16.3452
 30
0.0
 10
17.8558
 20
16.4638
 30
0.0
 10
17.8767
 20
16.5798
 30
0.0
 10
18.0111
 20
16.7153
 30
0.0
 10
18.1289
 20
16.7654
 30
0.0
 10
18.3494
 20
16.8592
 30
0.0
 10
18.6108
 20
16.7287
 30
0.0
 10
18.7332
 20
16.5149
 30
0.0
 10
18.8701
 20
16.2765
 30
0.0
 10
18.8443
 20
15.9978
 30
0.0
 10
18.6711
 20
15.8355
 30
0.0
 10
18.5145
 20
15.6887
 30
0.0
 10
18.1663
 20
15.6644
 30
0.0
 10
17.961
 20
15.814
 30
0.0
 10
17.7825
 20
15.9438
 30
0.0
 10
17.6167
 20
16.0958
 30
0.0
 10
17.4643
 20
16.256
 30
0.0
 10
17.0095
 20
16.7344
 30
0.0
 10
16.1392
 20
16.5604
 30
0.0
 10
15.7942
 20
16.1759
 30
0.0
 10
15.5988
 20
15.9586
 30
0.0
 10
15.5148
 20
15.7092
 30
0.0
 10
15.5543
 20
15.4189
 30
0.0
 10
15.5688
 20
15.3116
 30
0.0
 10
15.5847
 20
15.2047
 30
0.0
 10
15.6012
 20
15.088
 30
0.0
 10
15.2929
 20
15.0598
 30
0.0
 10
15.2185
 20
15.3388
 30
0.0
 10
15.0156
 20
15.4725
 30
0.0
 10
14.8837
 20
15.0657
 30
0.0
 10
14.5984
 20
14.8071
 30
0.0
 10
14.2591
 20
14.5991
 30
0.0
 10
14.1564
 20
14.536
 30
0.0
 10
14.0497
 20
14.4799
 30
0.0
 10
13.9445
 20
14.4206
 30
0.0
 10
13.9252
 20
14.4353
 30
0.0
 10
13.9059
 20
14.4502
 30
0.0
 10
13.8866
 20
14.465
 30
0.0
 10
13.9635
 20
14.6757
 30
0.0
 10
14.0265
 20
14.8931
 30
0.0
 10
14.1202
 20
15.0961
 30
0.0
 10
14.4337
 20
15.7762
 30
0.0
 10
14.8537
 20
16.365
 30
0.0
 10
15.5402
 20
16.7231
 30
0.0
 10
15.8143
 20
16.8656
 30
0.0
 10
16.1047
 20
16.9026
 30
0.0
 10
16.4035
 20
16.8755
 30
0.0
 10
16.5294
 20
16.8642
 30
0.0
 10
16.6165
 20
16.8705
 30
0.0
 10
16.6691
 20
17.0042
 30
0.0
 10
16.728
 20
17.1538
 30
0.0
 10
16.8159
 20
17.1612
 30
0.0
 10
16.9658
 20
17.0822
 30
0.0
 10
17.3426
 20
16.8832
 30
0.0
 10
17.6181
 20
16.6148
 30
0.0
 10
17.7705
 20
16.207
 30
0.0
 10
17.8527
 20
15.9882
 30
0.0
 10
18.0142
 20
15.8133
 30
0.0
 10
18.2894
 20
15.8313
 30
0.0
 10
18.4806
 20
15.8436
 30
0.0
 10
18.5727
 20
15.9614
 30
0.0
 10
18.5568
 20
16.2077
 30
0.0
  0
SPLINE
  5
AC
330
1F
100
AcDbEntity
  8
Layer 1
 62
   250
100
AcDbSpline
210
0.0
220
0.0
230
1.0
 70
    11
 71
     3
 72
    17
 73
    13
 74
     0
 42
0.0000000001
 43
0.0000000001
 40
0.0
 40
0.0
 40
0.0
 40
0.0
 40
0.25
 40
0.25
 40
0.25
 40
0.5
 40
0.5
 40
0.5
 40
0.75
 40
0.75
 40
0.75
 40
1.0
 40
1.0
 40
1.0
 40
1.0
 10
7.7681
 20
4.1349
 30
0.0
 10
7.3926
 20
4.4956
 30
0.0
 10
6.7842
 20
4.5168
 30
0.0
 10
6.4491
 20
4.1195
 30
0.0
 10
6.055
 20
3.6528
 30
0.0
 10
5.7277
 20
3.1295
 30
0.0
 10
5.3752
 20
2.6278
 30
0.0
 10
5.3487
 20
2.5897
 30
0.0
 10
5.3531
 20
2.5298
 30
0.0
 10
5.3432
 20
2.4798
 30
0.0
 10
6.0738
 20
2.3484
 30
0.0
 10
7.3207
 20
3.2168
 30
0.0
 10
7.7681
 20
4.1349
 30
0.0
  0
SPLINE
  5
AD
330
1F
100
AcDbEntity
  8
Layer 1
 62
   250
100
AcDbSpline
210
0.0
220
0.0
230
1.0
 70
    11
 71
     3
 72
    62
 73
    58
 74
     0
 42
0.0000000001
 43
0.0000000001
 40
0.0
 40
0.0
 40
0.0
 40
0.0
 40
0.0526315789473684
 40
0.0526315789473684
 40
0.0526315789473684
 40
0.1052631578947368
 40
0.1052631578947368
 40
0.1052631578947368
 40
0.1578947368421053
 40
0.1578947368421053
 40
0.1578947368421053
 40
0.2105263157894737
 40
0.2105263157894737
 40
0.2105263157894737
 40
0.2631578947368421
 40
0.2631578947368421
 40
0.2631578947368421
 40
0.3157894736842105
 40
0.3157894736842105
 40
0.3157894736842105
 40
0.3684210526315789
 40
0.3684210526315789
 40
0.3684210526315789
 40
0.4210526315789473
 40
0.4210526315789473
 40
0.4210526315789473
 40
0.4736842105263158
 40
0.4736842105263158
 40
0.4736842105263158
 40
0.5263157894736842
 40
0.5263157894736842
 40
0.5263157894736842
 40
0.5789473684210527
 40
0.5789473684210527
 40
0.5789473684210527
 40
0.631578947368421
 40
0.631578947368421
 40
0.631578947368421
 40
0.6842105263157894
 40
0.6842105263157894
 40
0.6842105263157894
 40
0.7368421052631579
 40
0.7368421052631579
 40
0.7368421052631579
 40
0.7894736842105263
 40
0.7894736842105263
 40
0.7894736842105263
 40
0.8421052631578947
 40
0.8421052631578947
 40
0.8421052631578947
 40
0.894736842105263
 40
0.894736842105263
 40
0.894736842105263
 40
0.9473684210526315
 40
0.9473684210526315
 40
0.9473684210526315
 40
1.0
 40
1.0
 40
1.0
 40
1.0
 10
5.2918
 20
6.752
 30
0.0
 10
5.0782
 20
6.2752
 30
0.0
 10
4.8326
 20
5.8097
 30
0.0
 10
4.6597
 20
5.3187
 30
0.0
 10
4.4801
 20
4.8082
 30
0.0
 10
4.3416
 20
4.2787
 30
0.0
 10
4.239
 20
3.7472
 30
0.0
 10
4.1225
 20
3.1437
 30
0.0
 10
4.3737
 20
2.7063
 30
0.0
 10
4.8781
 20
2.4717
 30
0.0
 10
5.0362
 20
2.3981
 30
0.0
 10
5.1195
 20
2.4332
 30
0.0
 10
5.2123
 20
2.5733
 30
0.0
 10
5.5719
 20
3.1181
 30
0.0
 10
5.9319
 20
3.6631
 30
0.0
 10
6.3123
 20
4.1932
 30
0.0
 10
6.7481
 20
4.8008
 30
0.0
 10
7.0961
 20
4.8984
 30
0.0
 10
7.7895
 20
4.6369
 30
0.0
 10
7.959
 20
4.573
 30
0.0
 10
8.102
 20
4.5505
 30
0.0
 10
8.216
 20
4.7271
 30
0.0
 10
8.2392
 20
4.7631
 30
0.0
 10
8.2856
 20
4.7841
 30
0.0
 10
8.3221
 20
4.8113
 30
0.0
 10
8.6064
 20
5.0239
 30
0.0
 10
8.8421
 20
5.0309
 30
0.0
 10
8.9978
 20
4.832
 30
0.0
 10
9.1197
 20
4.6765
 30
0.0
 10
9.0164
 20
4.3813
 30
0.0
 10
8.7527
 20
4.2202
 30
0.0
 10
8.6271
 20
4.1429
 30
0.0
 10
8.4665
 20
4.0834
 30
0.0
 10
8.3221
 20
4.0848
 30
0.0
 10
8.0934
 20
4.0869
 30
0.0
 10
7.9918
 20
3.9739
 30
0.0
 10
7.8805
 20
3.7981
 30
0.0
 10
7.4929
 20
3.1859
 30
0.0
 10
7.114
 20
2.5648
 30
0.0
 10
6.6778
 20
1.9877
 30
0.0
 10
6.2413
 20
1.4102
 30
0.0
 10
5.7015
 20
0.9312
 30
0.0
 10
4.9645
 20
0.7592
 30
0.0
 10
4.3235
 20
0.6096
 30
0.0
 10
3.6726
 20
0.9562
 30
0.0
 10
3.6282
 20
1.7152
 30
0.0
 10
3.583
 20
2.4828
 30
0.0
 10
3.7201
 20
3.2114
 30
0.0
 10
3.9537
 20
3.9325
 30
0.0
 10
4.2424
 20
4.8234
 30
0.0
 10
4.6011
 20
5.6833
 30
0.0
 10
5.0745
 20
6.4929
 30
0.0
 10
5.1313
 20
6.5898
 30
0.0
 10
5.2027
 20
6.6781
 30
0.0
 10
5.267
 20
6.7704
 30
0.0
 10
5.2753
 20
6.7642
 30
0.0
 10
5.2836
 20
6.7582
 30
0.0
 10
5.2918
 20
6.752
 30
0.0
  0
SPLINE
  5
AE
330
1F
100
AcDbEntity
  8
Layer 1
 62
   250
100
AcDbSpline
210
0.0
220
0.0
230
1.0
 70
    11
 71
     3
 72
    62
 73
    58
 74
     0
 42
0.0000000001
 43
0.0000000001
 40
0.0
 40
0.0
 40
0.0
 40
0.0
 40
0.0526315789473684
 40
0.0526315789473684
 40
0.0526315789473684
 40
0.1052631578947368
 40
0.1052631578947368
 40
0.1052631578947368
 40
0.1578947368421053
 40
0.1578947368421053
 40
0.1578947368421053
 40
0.2105263157894737
 40
0.2105263157894737
 40
0.2105263157894737
 40
0.2631578947368421
 40
0.2631578947368421
 40
0.2631578947368421
 40
0.3157894736842105
 40
0.3157894736842105
 40
0.3157894736842105
 40
0.3684210526315789
 40
0.3684210526315789
 40
0.3684210526315789
 40
0.4210526315789473
 40
0.4210526315789473
 40
0.4210526315789473
 40
0.4736842105263158
 40
0.4736842105263158
 40
0.4736842105263158
 40
0.5263157894736842
 40
0.5263157894736842
 40
0.5263157894736842
 40
0.5789473684210527
 40
0.5789473684210527
 40
0.5789473684210527
 40
0.631578947368421
 40
0.631578947368421
 40
0.631578947368421
 40
0.6842105263157894
 40
0.6842105263157894
 40
0.6842105263157894
 40
0.7368421052631579
 40
0.7368421052631579
 40
0.7368421052631579
 40
0.7894736842105263
 40
0.7894736842105263
 40
0.7894736842105263
 40
0.8421052631578947
 40
0.8421052631578947
 40
0.8421052631578947
 40
0.894736842105263
 40
0.894736842105263
 40
0.894736842105263
 40
0.9473684210526315
 40
0.9473684210526315
 40
0.9473684210526315
 40
1.0
 40
1.0
 40
1.0
 40
1.0
 10
3.2334
 20
4.3247
 30
0.0
 10
2.8003
 20
4.5395
 30
0.0
 10
2.5038
 20
4.285
 30
0.0
 10
2.235
 20
4.0801
 30
0.0
 10
1.6152
 20
3.6081
 30
0.0
 10
1.0341
 20
3.086
 30
0.0
 10
0.4243
 20
2.6004
 30
0.0
 10
-0.4468
 20
1.9065
 30
0.0
 10
-1.3808
 20
1.3189
 30
0.0
 10
-2.4649
 20
1.013
 30
0.0
 10
-3.0846
 20
0.8383
 30
0.0
 10
-3.7142
 20
0.7846
 30
0.0
 10
-4.3491
 20
0.9291
 30
0.0
 10
-4.978
 20
1.0718
 30
0.0
 10
-5.4285
 20
1.5803
 30
0.0
 10
-5.515
 20
2.2171
 30
0.0
 10
-5.6376
 20
3.1181
 30
0.0
 10
-5.3283
 20
3.891
 30
0.0
 10
-4.7618
 20
4.5539
 30
0.0
 10
-4.3895
 20
4.9893
 30
0.0
 10
-3.9362
 20
5.3555
 30
0.0
 10
-3.5192
 20
5.7527
 30
0.0
 10
-3.4926
 20
5.7242
 30
0.0
 10
-3.4662
 20
5.6961
 30
0.0
 10
-3.4396
 20
5.6676
 30
0.0
 10
-3.5375
 20
5.5922
 30
0.0
 10
-3.6379
 20
5.5193
 30
0.0
 10
-3.7332
 20
5.4406
 30
0.0
 10
-3.8311
 20
5.36
 30
0.0
 10
-3.9252
 20
5.2748
 30
0.0
 10
-4.0192
 20
5.1898
 30
0.0
 10
-4.5456
 20
4.714
 30
0.0
 10
-4.9969
 20
4.1841
 30
0.0
 10
-5.1233
 20
3.4597
 30
0.0
 10
-5.245
 20
2.7606
 30
0.0
 10
-4.8679
 20
2.2581
 30
0.0
 10
-4.1631
 20
2.1384
 30
0.0
 10
-3.5402
 20
2.0329
 30
0.0
 10
-2.9325
 20
2.1324
 30
0.0
 10
-2.3308
 20
2.2847
 30
0.0
 10
-1.2383
 20
2.5608
 30
0.0
 10
-0.285
 20
3.1189
 30
0.0
 10
0.6187
 20
3.7685
 30
0.0
 10
1.332
 20
4.2814
 30
0.0
 10
2.0325
 20
4.8129
 30
0.0
 10
2.7408
 20
5.3331
 30
0.0
 10
2.8125
 20
5.3858
 30
0.0
 10
2.8972
 20
5.4227
 30
0.0
 10
2.9802
 20
5.4576
 30
0.0
 10
3.2041
 20
5.5523
 30
0.0
 10
3.4222
 20
5.5706
 30
0.0
 10
3.6064
 20
5.3735
 30
0.0
 10
3.8001
 20
5.1667
 30
0.0
 10
3.6096
 20
5.0028
 30
0.0
 10
3.5307
 20
4.8357
 30
0.0
 10
3.4505
 20
4.6655
 30
0.0
 10
3.3419
 20
4.5087
 30
0.0
 10
3.2334
 20
4.3247
 30
0.0
  0
SPLINE
  5
AF
330
1F
100
AcDbEntity
  8
Layer 1
 62
   250
100
AcDbSpline
210
0.0
220
0.0
230
1.0
 70
    11
 71
     3
 72
    26
 73
    22
 74
     0
 42
0.0000000001
 43
0.0000000001
 40
0.0
 40
0.0
 40
0.0
 40
0.0
 40
0.1428571428571428
 40
0.1428571428571428
 40
0.1428571428571428
 40
0.2857142857142857
 40
0.2857142857142857
 40
0.2857142857142857
 40
0.4285714285714285
 40
0.4285714285714285
 40
0.4285714285714285
 40
0.5714285714285714
 40
0.5714285714285714
 40
0.5714285714285714
 40
0.7142857142857142
 40
0.7142857142857142
 40
0.7142857142857142
 40
0.8571428571428571
 40
0.8571428571428571
 40
0.8571428571428571
 40
1.0
 40
1.0
 40
1.0
 40
1.0
 10
13.0784
 20
2.2098
 30
0.0
 10
13.1046
 20
2.1913
 30
0.0
 10
13.1308
 20
2.1729
 30
0.0
 10
13.1567
 20
2.1544
 30
0.0
 10
13.2421
 20
2.1772
 30
0.0
 10
13.3327
 20
2.1886
 30
0.0
 10
13.4119
 20
2.2246
 30
0.0
 10
14.4665
 20
2.7033
 30
0.0
 10
15.3003
 20
3.4538
 30
0.0
 10
15.9946
 20
4.3644
 30
0.0
 10
16.0697
 20
4.4629
 30
0.0
 10
16.0341
 20
4.6459
 30
0.0
 10
16.05
 20
4.7898
 30
0.0
 10
15.9142
 20
4.7994
 30
0.0
 10
15.754
 20
4.861
 30
0.0
 10
15.6468
 20
4.8103
 30
0.0
 10
14.6459
 20
4.3382
 30
0.0
 10
13.7906
 20
3.6891
 30
0.0
 10
13.2389
 20
2.7034
 30
0.0
 10
13.156
 20
2.5553
 30
0.0
 10
13.1305
 20
2.3752
 30
0.0
 10
13.0784
 20
2.2098
 30
0.0
  0
SPLINE
  5
B0
330
1F
100
AcDbEntity
  8
Layer 1
 62
   250
100
AcDbSpline
210
0.0
220
0.0
230
1.0
 70
    11
 71
     3
 72
    86
 73
    82
 74
     0
 42
0.0000000001
 43
0.0000000001
 40
0.0
 40
0.0
 40
0.0
 40
0.0
 40
0.037037037037037
 40
0.037037037037037
 40
0.037037037037037
 40
0.0740740740740741
 40
0.0740740740740741
 40
0.0740740740740741
 40
0.1111111111111111
 40
0.1111111111111111
 40
0.1111111111111111
 40
0.1481481481481481
 40
0.1481481481481481
 40
0.1481481481481481
 40
0.1851851851851852
 40
0.1851851851851852
 40
0.1851851851851852
 40
0.2222222222222222
 40
0.2222222222222222
 40
0.2222222222222222
 40
0.2592592592592592
 40
0.2592592592592592
 40
0.2592592592592592
 40
0.2962962962962963
 40
0.2962962962962963
 40
0.2962962962962963
 40
0.3333333333333333
 40
0.3333333333333333
 40
0.3333333333333333
 40
0.3703703703703703
 40
0.3703703703703703
 40
0.3703703703703703
 40
0.4074074074074074
 40
0.4074074074074074
 40
0.4074074074074074
 40
0.4444444444444444
 40
0.4444444444444444
 40
0.4444444444444444
 40
0.4814814814814815
 40
0.4814814814814815
 40
0.4814814814814815
 40
0.5185185185185185
 40
0.5185185185185185
 40
0.5185185185185185
 40
0.5555555555555556
 40
0.5555555555555556
 40
0.5555555555555556
 40
0.5925925925925926
 40
0.5925925925925926
 40
0.5925925925925926
 40
0.6296296296296295
 40
0.6296296296296295
 40
0.6296296296296295
 40
0.6666666666666666
 40
0.6666666666666666
 40
0.6666666666666666
 40
0.7037037037037037
 40
0.7037037037037037
 40
0.7037037037037037
 40
0.7407407407407407
 40
0.7407407407407407
 40
0.7407407407407407
 40
0.7777777777777777
 40
0.7777777777777777
 40
0.7777777777777777
 40
0.8148148148148148
 40
0.8148148148148148
 40
0.8148148148148148
 40
0.8518518518518519
 40
0.8518518518518519
 40
0.8518518518518519
 40
0.8888888888888888
 40
0.8888888888888888
 40
0.8888888888888888
 40
0.9259259259259258
 40
0.9259259259259258
 40
0.9259259259259258
 40
0.9629629629629629
 40
0.9629629629629629
 40
0.9629629629629629
 40
1.0
 40
1.0
 40
1.0
 40
1.0
 10
10.5866
 20
1.0454
 30
0.0
 10
10.5008
 20
0.8986
 30
0.0
 10
10.4505
 20
0.7835
 30
0.0
 10
10.3747
 20
0.6893
 30
0.0
 10
10.1501
 20
0.4095
 30
0.0
 10
9.9523
 20
0.0907
 30
0.0
 10
9.6757
 20
-0.1251
 30
0.0
 10
9.2968
 20
-0.4206
 30
0.0
 10
8.7559
 20
-0.1658
 30
0.0
 10
8.6701
 20
0.3067
 30
0.0
 10
8.6542
 20
0.3938
 30
0.0
 10
8.6928
 20
0.491
 30
0.0
 10
8.7063
 20
0.581
 30
0.0
 10
9.8101
 20
0.494
 30
0.0
 10
10.4509
 20
1.1412
 30
0.0
 10
10.6145
 20
2.1047
 30
0.0
 10
10.7006
 20
2.6103
 30
0.0
 10
10.6928
 20
3.1342
 30
0.0
 10
10.7013
 20
3.6503
 30
0.0
 10
10.7134
 20
4.3869
 30
0.0
 10
10.9452
 20
5.0468
 30
0.0
 10
11.3328
 20
5.6943
 30
0.0
 10
11.3604
 20
5.6397
 30
0.0
 10
11.3832
 20
5.6166
 30
0.0
 10
11.3811
 20
5.5958
 30
0.0
 10
11.3046
 20
4.7921
 30
0.0
 10
11.2229
 20
3.9886
 30
0.0
 10
11.1492
 20
3.1848
 30
0.0
 10
11.1333
 20
3.0136
 30
0.0
 10
11.1275
 20
2.8385
 30
0.0
 10
11.1454
 20
2.6683
 30
0.0
 10
11.1836
 20
2.305
 30
0.0
 10
11.4041
 20
2.0571
 30
0.0
 10
11.7651
 20
2.0129
 30
0.0
 10
12.06
 20
1.9765
 30
0.0
 10
12.3623
 20
1.9822
 30
0.0
 10
12.6595
 20
1.998
 30
0.0
 10
12.727
 20
2.0014
 30
0.0
 10
12.8487
 20
2.1302
 30
0.0
 10
12.8421
 20
2.1904
 30
0.0
 10
12.806
 20
2.5286
 30
0.0
 10
12.9399
 20
2.8141
 30
0.0
 10
13.1473
 20
3.0382
 30
0.0
 10
13.5938
 20
3.5199
 30
0.0
 10
13.7599
 20
4.0815
 30
0.0
 10
13.7761
 20
4.7209
 30
0.0
 10
13.7964
 20
5.5277
 30
0.0
 10
14.1633
 20
6.2229
 30
0.0
 10
14.5433
 20
6.9088
 30
0.0
 10
14.5729
 20
6.9617
 30
0.0
 10
14.6195
 20
7.0051
 30
0.0
 10
14.6886
 20
7.0905
 30
0.0
 10
14.5389
 20
6.1111
 30
0.0
 10
14.605
 20
5.1377
 30
0.0
 10
14.0396
 20
4.2935
 30
0.0
 10
14.0685
 20
4.2799
 30
0.0
 10
14.0979
 20
4.2663
 30
0.0
 10
14.1271
 20
4.2528
 30
0.0
 10
14.3159
 20
4.4229
 30
0.0
 10
14.4957
 20
4.6045
 30
0.0
 10
14.6957
 20
4.7608
 30
0.0
 10
15.0735
 20
5.0564
 30
0.0
 10
15.4513
 20
5.3546
 30
0.0
 10
15.8524
 20
5.6166
 30
0.0
 10
16.0179
 20
5.7246
 30
0.0
 10
16.2408
 20
5.7821
 30
0.0
 10
16.4409
 20
5.7913
 30
0.0
 10
16.7795
 20
5.8069
 30
0.0
 10
16.9668
 20
5.5193
 30
0.0
 10
16.8515
 20
5.1975
 30
0.0
 10
16.0764
 20
3.0404
 30
0.0
 10
14.6727
 20
1.4577
 30
0.0
 10
12.5596
 20
0.5328
 30
0.0
 10
12.3698
 20
0.4496
 30
0.0
 10
12.1634
 20
0.4013
 30
0.0
 10
11.9612
 20
0.3514
 30
0.0
 10
11.3758
 20
0.2071
 30
0.0
 10
11.0437
 20
0.3478
 30
0.0
 10
10.7224
 20
0.8632
 30
0.0
 10
10.6941
 20
0.908
 30
0.0
 10
10.659
 20
0.9485
 30
0.0
 10
10.5866
 20
1.0454
 30
0.0
  0
SPLINE
  5
B1
330
1F
100
AcDbEntity
  8
Layer 1
 62
   250
100
AcDbSpline
210
0.0
220
0.0
230
1.0
 70
    11
 71
     3
 72
   230
 73
   226
 74
     0
 42
0.0000000001
 43
0.0000000001
 40
0.0
 40
0.0
 40
0.0
 40
0.0
 40
0.0133333333333333
 40
0.0133333333333333
 40
0.0133333333333333
 40
0.0266666666666667
 40
0.0266666666666667
 40
0.0266666666666667
 40
0.04
 40
0.04
 40
0.04
 40
0.0533333333333333
 40
0.0533333333333333
 40
0.0533333333333333
 40
0.0666666666666667
 40
0.0666666666666667
 40
0.0666666666666667
 40
0.08
 40
0.08
 40
0.08
 40
0.0933333333333333
 40
0.0933333333333333
 40
0.0933333333333333
 40
0.1066666666666667
 40
0.1066666666666667
 40
0.1066666666666667
 40
0.12
 40
0.12
 40
0.12
 40
0.1333333333333333
 40
0.1333333333333333
 40
0.1333333333333333
 40
0.1466666666666667
 40
0.1466666666666667
 40
0.1466666666666667
 40
0.16
 40
0.16
 40
0.16
 40
0.1733333333333333
 40
0.1733333333333333
 40
0.1733333333333333
 40
0.1866666666666667
 40
0.1866666666666667
 40
0.1866666666666667
 40
0.2
 40
0.2
 40
0.2
 40
0.2133333333333333
 40
0.2133333333333333
 40
0.2133333333333333
 40
0.2266666666666667
 40
0.2266666666666667
 40
0.2266666666666667
 40
0.24
 40
0.24
 40
0.24
 40
0.2533333333333334
 40
0.2533333333333334
 40
0.2533333333333334
 40
0.2666666666666667
 40
0.2666666666666667
 40
0.2666666666666667
 40
0.28
 40
0.28
 40
0.28
 40
0.2933333333333333
 40
0.2933333333333333
 40
0.2933333333333333
 40
0.3066666666666667
 40
0.3066666666666667
 40
0.3066666666666667
 40
0.32
 40
0.32
 40
0.32
 40
0.3333333333333334
 40
0.3333333333333334
 40
0.3333333333333334
 40
0.3466666666666667
 40
0.3466666666666667
 40
0.3466666666666667
 40
0.36
 40
0.36
 40
0.36
 40
0.3733333333333334
 40
0.3733333333333334
 40
0.3733333333333334
 40
0.3866666666666667
 40
0.3866666666666667
 40
0.3866666666666667
 40
0.4
 40
0.4
 40
0.4
 40
0.4133333333333334
 40
0.4133333333333334
 40
0.4133333333333334
 40
0.4266666666666667
 40
0.4266666666666667
 40
0.4266666666666667
 40
0.44
 40
0.44
 40
0.44
 40
0.4533333333333334
 40
0.4533333333333334
 40
0.4533333333333334
 40
0.4666666666666667
 40
0.4666666666666667
 40
0.4666666666666667
 40
0.48
 40
0.48
 40
0.48
 40
0.4933333333333333
 40
0.4933333333333333
 40
0.4933333333333333
 40
0.5066666666666667
 40
0.5066666666666667
 40
0.5066666666666667
 40
0.52
 40
0.52
 40
0.52
 40
0.5333333333333333
 40
0.5333333333333333
 40
0.5333333333333333
 40
0.5466666666666667
 40
0.5466666666666667
 40
0.5466666666666667
 40
0.56
 40
0.56
 40
0.56
 40
0.5733333333333334
 40
0.5733333333333334
 40
0.5733333333333334
 40
0.5866666666666667
 40
0.5866666666666667
 40
0.5866666666666667
 40
0.6000000000000001
 40
0.6000000000000001
 40
0.6000000000000001
 40
0.6133333333333334
 40
0.6133333333333334
 40
0.6133333333333334
 40
0.6266666666666667
 40
0.6266666666666667
 40
0.6266666666666667
 40
0.64
 40
0.64
 40
0.64
 40
0.6533333333333333
 40
0.6533333333333333
 40
0.6533333333333333
 40
0.6666666666666667
 40
0.6666666666666667
 40
0.6666666666666667
 40
0.68
 40
0.68
 40
0.68
 40
0.6933333333333334
 40
0.6933333333333334
 40
0.6933333333333334
 40
0.7066666666666667
 40
0.7066666666666667
 40
0.7066666666666667
 40
0.7200000000000001
 40
0.7200000000000001
 40
0.7200000000000001
 40
0.7333333333333334
 40
0.7333333333333334
 40
0.7333333333333334
 40
0.7466666666666667
 40
0.7466666666666667
 40
0.7466666666666667
 40
0.76
 40
0.76
 40
0.76
 40
0.7733333333333334
 40
0.7733333333333334
 40
0.7733333333333334
 40
0.7866666666666667
 40
0.7866666666666667
 40
0.7866666666666667
 40
0.8
 40
0.8
 40
0.8
 40
0.8133333333333334
 40
0.8133333333333334
 40
0.8133333333333334
 40
0.8266666666666668
 40
0.8266666666666668
 40
0.8266666666666668
 40
0.8400000000000001
 40
0.8400000000000001
 40
0.8400000000000001
 40
0.8533333333333334
 40
0.8533333333333334
 40
0.8533333333333334
 40
0.8666666666666667
 40
0.8666666666666667
 40
0.8666666666666667
 40
0.88
 40
0.88
 40
0.88
 40
0.8933333333333334
 40
0.8933333333333334
 40
0.8933333333333334
 40
0.9066666666666667
 40
0.9066666666666667
 40
0.9066666666666667
 40
0.92
 40
0.92
 40
0.92
 40
0.9333333333333333
 40
0.9333333333333333
 40
0.9333333333333333
 40
0.9466666666666668
 40
0.9466666666666668
 40
0.9466666666666668
 40
0.9600000000000001
 40
0.9600000000000001
 40
0.9600000000000001
 40
0.9733333333333334
 40
0.9733333333333334
 40
0.9733333333333334
 40
0.9866666666666667
 40
0.9866666666666667
 40
0.9866666666666667
 40
1.0
 40
1.0
 40
1.0
 40
1.0
 10
10.0509
 20
15.8559
 30
0.0
 10
10.0013
 20
15.9258
 30
0.0
 10
9.9707
 20
15.9734
 30
0.0
 10
9.9362
 20
16.0175
 30
0.0
 10
9.6372
 20
16.4017
 30
0.0
 10
9.5297
 20
16.8353
 30
0.0
 10
9.6089
 20
17.314
 30
0.0
 10
9.6551
 20
17.5927
 30
0.0
 10
9.6574
 20
17.5973
 30
0.0
 10
9.3623
 20
17.5973
 30
0.0
 10
5.7697
 20
17.598
 30
0.0
 10
2.1767
 20
17.5973
 30
0.0
 10
-1.4161
 20
17.5973
 30
0.0
 10
-5.6697
 20
17.5973
 30
0.0
 10
-9.9231
 20
17.6022
 30
0.0
 10
-14.1764
 20
17.5895
 30
0.0
 10
-14.5699
 20
17.5884
 30
0.0
 10
-14.9641
 20
17.4826
 30
0.0
 10
-15.3554
 20
17.411
 30
0.0
 10
-15.4582
 20
17.3919
 30
0.0
 10
-15.5509
 20
17.3186
 30
0.0
 10
-15.6993
 20
17.2445
 30
0.0
 10
-15.594
 20
17.1831
 30
0.0
 10
-15.5323
 20
17.1538
 30
0.0
 10
-15.4776
 20
17.1143
 30
0.0
 10
-15.2929
 20
16.9813
 30
0.0
 10
-15.08
 20
16.8716
 30
0.0
 10
-14.935
 20
16.7033
 30
0.0
 10
-14.7116
 20
16.4451
 30
0.0
 10
-14.7271
 20
16.0912
 30
0.0
 10
-14.9159
 20
15.8355
 30
0.0
 10
-15.1059
 20
15.5787
 30
0.0
 10
-15.5058
 20
15.4495
 30
0.0
 10
-15.839
 20
15.5487
 30
0.0
 10
-16.0285
 20
15.6055
 30
0.0
 10
-16.2127
 20
15.6792
 30
0.0
 10
-16.3842
 20
15.7399
 30
0.0
 10
-16.3745
 20
15.8923
 30
0.0
 10
-16.3698
 20
16.0419
 30
0.0
 10
-16.3547
 20
16.19
 30
0.0
 10
-16.3371
 20
16.3618
 30
0.0
 10
-16.2495
 20
16.4818
 30
0.0
 10
-16.0718
 20
16.5156
 30
0.0
 10
-15.9078
 20
16.5463
 30
0.0
 10
-15.7376
 20
16.5682
 30
0.0
 10
-15.6296
 20
16.4038
 30
0.0
 10
-15.5888
 20
16.3417
 30
0.0
 10
-15.5904
 20
16.2521
 30
0.0
 10
-15.5725
 20
16.1742
 30
0.0
 10
-15.6296
 20
16.1622
 30
0.0
 10
-15.6449
 20
16.154
 30
0.0
 10
-15.6577
 20
16.1572
 30
0.0
 10
-15.7832
 20
16.1883
 30
0.0
 10
-15.926
 20
16.2317
 30
0.0
 10
-15.9582
 20
16.0489
 30
0.0
 10
-15.9868
 20
15.8856
 30
0.0
 10
-15.8654
 20
15.8115
 30
0.0
 10
-15.7254
 20
15.7741
 30
0.0
 10
-15.4178
 20
15.693
 30
0.0
 10
-15.1147
 20
15.8186
 30
0.0
 10
-14.986
 20
16.0785
 30
0.0
 10
-14.8743
 20
16.304
 30
0.0
 10
-14.962
 20
16.5813
 30
0.0
 10
-15.2464
 20
16.7594
 30
0.0
 10
-15.3907
 20
16.8504
 30
0.0
 10
-15.574
 20
16.9023
 30
0.0
 10
-15.7453
 20
16.9206
 30
0.0
 10
-15.9417
 20
16.9418
 30
0.0
 10
-16.1476
 20
16.9259
 30
0.0
 10
-16.3429
 20
16.8906
 30
0.0
 10
-16.7265
 20
16.8211
 30
0.0
 10
-17.0016
 20
16.3191
 30
0.0
 10
-16.9388
 20
15.8969
 30
0.0
 10
-16.854
 20
15.3236
 30
0.0
 10
-16.3481
 20
15.0603
 30
0.0
 10
-15.952
 20
15.034
 30
0.0
 10
-15.542
 20
15.0067
 30
0.0
 10
-15.1361
 20
14.9991
 30
0.0
 10
-14.7689
 20
15.2517
 30
0.0
 10
-14.7282
 20
15.0145
 30
0.0
 10
-14.9702
 20
14.7465
 30
0.0
 10
-15.2247
 20
14.6955
 30
0.0
 10
-15.4187
 20
14.6567
 30
0.0
 10
-15.6111
 20
14.6057
 30
0.0
 10
-15.8068
 20
14.5798
 30
0.0
 10
-16.1444
 20
14.5347
 30
0.0
 10
-16.4201
 20
14.6856
 30
0.0
 10
-16.6737
 20
14.8868
 30
0.0
 10
-16.7247
 20
14.9273
 30
0.0
 10
-16.7699
 20
14.9754
 30
0.0
 10
-16.8239
 20
15.0259
 30
0.0
 10
-16.8649
 20
14.9935
 30
0.0
 10
-16.8947
 20
14.9576
 30
0.0
 10
-16.9332
 20
14.9418
 30
0.0
 10
-17.0045
 20
14.9124
 30
0.0
 10
-17.0807
 20
14.8948
 30
0.0
 10
-17.1549
 20
14.8722
 30
0.0
 10
-17.171
 20
14.9443
 30
0.0
 10
-17.1901
 20
15.0159
 30
0.0
 10
-17.2032
 20
15.0885
 30
0.0
 10
-17.2275
 20
15.2263
 30
0.0
 10
-17.2311
 20
15.3705
 30
0.0
 10
-17.2745
 20
15.5018
 30
0.0
 10
-17.4367
 20
15.9904
 30
0.0
 10
-17.3784
 20
16.4186
 30
0.0
 10
-17.0408
 20
16.8317
 30
0.0
 10
-16.3207
 20
17.7126
 30
0.0
 10
-15.4015
 20
18.155
 30
0.0
 10
-14.2715
 20
18.1568
 30
0.0
 10
-11.8588
 20
18.1613
 30
0.0
 10
-9.4464
 20
18.1575
 30
0.0
 10
-7.0339
 20
18.1575
 30
0.0
 10
-1.4295
 20
18.1568
 30
0.0
 10
4.1749
 20
18.1568
 30
0.0
 10
9.7794
 20
18.1557
 30
0.0
 10
10.0461
 20
18.1557
 30
0.0
 10
10.3127
 20
18.1529
 30
0.0
 10
10.5791
 20
18.1448
 30
0.0
 10
10.9353
 20
18.1338
 30
0.0
 10
11.1126
 20
17.9095
 30
0.0
 10
11.0458
 20
17.5422
 30
0.0
 10
10.9987
 20
17.55
 30
0.0
 10
10.9498
 20
17.5525
 30
0.0
 10
10.9039
 20
17.5662
 30
0.0
 10
10.5074
 20
17.6876
 30
0.0
 10
10.1542
 20
17.4671
 30
0.0
 10
10.0857
 20
17.0536
 30
0.0
 10
9.9888
 20
16.4673
 30
0.0
 10
10.4147
 20
15.9572
 30
0.0
 10
11.0262
 20
15.9198
 30
0.0
 10
11.5465
 20
15.8884
 30
0.0
 10
12.0232
 20
16.0309
 30
0.0
 10
12.4801
 20
16.2634
 30
0.0
 10
13.0147
 20
16.535
 30
0.0
 10
13.5425
 20
16.8219
 30
0.0
 10
14.0878
 20
17.0699
 30
0.0
 10
14.4702
 20
17.2438
 30
0.0
 10
14.8893
 20
17.1873
 30
0.0
 10
15.2964
 20
17.1577
 30
0.0
 10
15.3338
 20
17.1549
 30
0.0
 10
15.3695
 20
17.1231
 30
0.0
 10
15.4573
 20
17.0794
 30
0.0
 10
14.9909
 20
16.9125
 30
0.0
 10
14.532
 20
16.842
 30
0.0
 10
14.1599
 20
16.5234
 30
0.0
 10
14.2571
 20
16.4701
 30
0.0
 10
14.3232
 20
16.4338
 30
0.0
 10
14.4066
 20
16.3883
 30
0.0
 10
14.3693
 20
16.3544
 30
0.0
 10
14.3517
 20
16.3248
 30
0.0
 10
14.3287
 20
16.3191
 30
0.0
 10
13.9417
 20
16.2221
 30
0.0
 10
13.6156
 20
16.0366
 30
0.0
 10
13.3717
 20
15.7106
 30
0.0
 10
13.3489
 20
15.6799
 30
0.0
 10
13.2263
 20
15.6961
 30
0.0
 10
13.1694
 20
15.7265
 30
0.0
 10
13.1101
 20
15.7582
 30
0.0
 10
13.0743
 20
15.8334
 30
0.0
 10
13.0129
 20
15.9089
 30
0.0
 10
12.9323
 20
15.8365
 30
0.0
 10
12.8614
 20
15.7759
 30
0.0
 10
12.7943
 20
15.7113
 30
0.0
 10
12.7139
 20
15.6344
 30
0.0
 10
12.642
 20
15.548
 30
0.0
 10
12.5575
 20
15.4767
 30
0.0
 10
12.2757
 20
15.2385
 30
0.0
 10
12.1831
 20
15.2407
 30
0.0
 10
11.942
 20
15.4584
 30
0.0
 10
11.7835
 20
15.3712
 30
0.0
 10
11.6411
 20
15.2666
 30
0.0
 10
11.4817
 20
15.213
 30
0.0
 10
11.3297
 20
15.1617
 30
0.0
 10
11.1898
 20
15.2013
 30
0.0
 10
11.1468
 20
15.4016
 30
0.0
 10
11.1351
 20
15.457
 30
0.0
 10
11.0614
 20
15.524
 30
0.0
 10
11.0038
 20
15.5392
 30
0.0
 10
10.8912
 20
15.5684
 30
0.0
 10
10.7688
 20
15.5593
 30
0.0
 10
10.6521
 20
15.5776
 30
0.0
 10
10.5446
 20
15.5942
 30
0.0
 10
10.4395
 20
15.6263
 30
0.0
 10
10.3179
 20
15.6552
 30
0.0
 10
10.2838
 20
15.446
 30
0.0
 10
10.3981
 20
15.1588
 30
0.0
 10
10.0777
 20
15.1109
 30
0.0
 10
9.8563
 20
15.0775
 30
0.0
 10
9.828
 20
15.2681
 30
0.0
 10
9.8083
 20
15.457
 30
0.0
 10
9.6092
 20
15.3476
 30
0.0
 10
9.614
 20
15.1843
 30
0.0
 10
9.6609
 20
15.0311
 30
0.0
 10
9.7663
 20
14.6841
 30
0.0
 10
10.023
 20
14.4625
 30
0.0
 10
10.3561
 20
14.3673
 30
0.0
 10
11.2001
 20
14.1267
 30
0.0
 10
11.9705
 20
14.2796
 30
0.0
 10
12.6416
 20
14.8644
 30
0.0
 10
12.9937
 20
15.171
 30
0.0
 10
13.3469
 20
15.4764
 30
0.0
 10
13.7017
 20
15.7794
 30
0.0
 10
13.7599
 20
15.8291
 30
0.0
 10
13.8295
 20
15.8651
 30
0.0
 10
13.8939
 20
15.9075
 30
0.0
 10
13.9057
 20
15.8933
 30
0.0
 10
13.9174
 20
15.8792
 30
0.0
 10
13.9287
 20
15.8651
 30
0.0
 10
13.7392
 20
15.6743
 30
0.0
 10
13.5607
 20
15.4704
 30
0.0
 10
13.3579
 20
15.2951
 30
0.0
 10
12.9668
 20
14.9571
 30
0.0
 10
12.5993
 20
14.5678
 30
0.0
 10
12.1541
 20
14.3218
 30
0.0
 10
11.4709
 20
13.9445
 30
0.0
 10
10.7203
 20
13.9794
 30
0.0
 10
10.0065
 20
14.2872
 30
0.0
 10
9.6664
 20
14.4338
 30
0.0
 10
9.4397
 20
14.7111
 30
0.0
 10
9.3898
 20
15.1022
 30
0.0
 10
9.3395
 20
15.4965
 30
0.0
 10
9.5361
 20
15.7565
 30
0.0
 10
9.9307
 20
15.8094
 30
0.0
 10
9.9582
 20
15.8133
 30
0.0
 10
9.9838
 20
15.8291
 30
0.0
 10
10.0509
 20
15.8559
 30
0.0
  0
SPLINE
  5
B2
330
1F
100
AcDbEntity
  8
Layer 1
 62
   250
100
AcDbSpline
210
0.0
220
0.0
230
1.0
 70
    11
 71
     3
 72
    17
 73
    13
 74
     0
 42
0.0000000001
 43
0.0000000001
 40
0.0
 40
0.0
 40
0.0
 40
0.0
 40
0.25
 40
0.25
 40
0.25
 40
0.5
 40
0.5
 40
0.5
 40
0.75
 40
0.75
 40
0.75
 40
1.0
 40
1.0
 40
1.0
 40
1.0
 10
-12.5634
 20
-17.6276
 30
0.0
 10
-10.1225
 20
-17.6364
 30
0.0
 10
-8.2309
 20
-15.7265
 30
0.0
 10
-8.1584
 20
-13.3776
 30
0.0
 10
-8.0844
 20
-10.9929
 30
0.0
 10
-9.9767
 20
-8.9785
 30
0.0
 10
-12.3738
 20
-8.8996
 30
0.0
 10
-14.8083
 20
-8.8193
 30
0.0
 10
-16.8342
 20
-10.7111
 30
0.0
 10
-16.9062
 20
-13.1343
 30
0.0
 10
-16.9769
 20
-15.5258
 30
0.0
 10
-15.0697
 20
-17.6004
 30
0.0
 10
-12.5634
 20
-17.6276
 30
0.0
  0
SPLINE
  5
B3
330
1F
100
AcDbEntity
  8
Layer 1
 62
   250
100
AcDbSpline
210
0.0
220
0.0
230
1.0
 70
    11
 71
     3
 72
   302
 73
   298
 74
     0
 42
0.0000000001
 43
0.0000000001
 40
0.0
 40
0.0
 40
0.0
 40
0.0
 40
0.0101010101010101
 40
0.0101010101010101
 40
0.0101010101010101
 40
0.0202020202020202
 40
0.0202020202020202
 40
0.0202020202020202
 40
0.0303030303030303
 40
0.0303030303030303
 40
0.0303030303030303
 40
0.0404040404040404
 40
0.0404040404040404
 40
0.0404040404040404
 40
0.0505050505050505
 40
0.0505050505050505
 40
0.0505050505050505
 40
0.0606060606060606
 40
0.0606060606060606
 40
0.0606060606060606
 40
0.0707070707070707
 40
0.0707070707070707
 40
0.0707070707070707
 40
0.0808080808080808
 40
0.0808080808080808
 40
0.0808080808080808
 40
0.0909090909090909
 40
0.0909090909090909
 40
0.0909090909090909
 40
0.101010101010101
 40
0.101010101010101
 40
0.101010101010101
 40
0.1111111111111111
 40
0.1111111111111111
 40
0.1111111111111111
 40
0.1212121212121212
 40
0.1212121212121212
 40
0.1212121212121212
 40
0.1313131313131313
 40
0.1313131313131313
 40
0.1313131313131313
 40
0.1414141414141414
 40
0.1414141414141414
 40
0.1414141414141414
 40
0.1515151515151515
 40
0.1515151515151515
 40
0.1515151515151515
 40
0.1616161616161616
 40
0.1616161616161616
 40
0.1616161616161616
 40
0.1717171717171717
 40
0.1717171717171717
 40
0.1717171717171717
 40
0.1818181818181818
 40
0.1818181818181818
 40
0.1818181818181818
 40
0.1919191919191919
 40
0.1919191919191919
 40
0.1919191919191919
 40
0.202020202020202
 40
0.202020202020202
 40
0.202020202020202
 40
0.2121212121212121
 40
0.2121212121212121
 40
0.2121212121212121
 40
0.2222222222222222
 40
0.2222222222222222
 40
0.2222222222222222
 40
0.2323232323232323
 40
0.2323232323232323
 40
0.2323232323232323
 40
0.2424242424242424
 40
0.2424242424242424
 40
0.2424242424242424
 40
0.2525252525252525
 40
0.2525252525252525
 40
0.2525252525252525
 40
0.2626262626262627
 40
0.2626262626262627
 40
0.2626262626262627
 40
0.2727272727272728
 40
0.2727272727272728
 40
0.2727272727272728
 40
0.2828282828282829
 40
0.2828282828282829
 40
0.2828282828282829
 40
0.2929292929292929
 40
0.2929292929292929
 40
0.2929292929292929
 40
0.303030303030303
 40
0.303030303030303
 40
0.303030303030303
 40
0.3131313131313131
 40
0.3131313131313131
 40
0.3131313131313131
 40
0.3232323232323233
 40
0.3232323232323233
 40
0.3232323232323233
 40
0.3333333333333334
 40
0.3333333333333334
 40
0.3333333333333334
 40
0.3434343434343435
 40
0.3434343434343435
 40
0.3434343434343435
 40
0.3535353535353536
 40
0.3535353535353536
 40
0.3535353535353536
 40
0.3636363636363636
 40
0.3636363636363636
 40
0.3636363636363636
 40
0.3737373737373738
 40
0.3737373737373738
 40
0.3737373737373738
 40
0.3838383838383839
 40
0.3838383838383839
 40
0.3838383838383839
 40
0.393939393939394
 40
0.393939393939394
 40
0.393939393939394
 40
0.4040404040404041
 40
0.4040404040404041
 40
0.4040404040404041
 40
0.4141414141414142
 40
0.4141414141414142
 40
0.4141414141414142
 40
0.4242424242424243
 40
0.4242424242424243
 40
0.4242424242424243
 40
0.4343434343434344
 40
0.4343434343434344
 40
0.4343434343434344
 40
0.4444444444444445
 40
0.4444444444444445
 40
0.4444444444444445
 40
0.4545454545454546
 40
0.4545454545454546
 40
0.4545454545454546
 40
0.4646464646464647
 40
0.4646464646464647
 40
0.4646464646464647
 40
0.4747474747474748
 40
0.4747474747474748
 40
0.4747474747474748
 40
0.4848484848484849
 40
0.4848484848484849
 40
0.4848484848484849
 40
0.494949494949495
 40
0.494949494949495
 40
0.494949494949495
 40
0.5050505050505051
 40
0.5050505050505051
 40
0.5050505050505051
 40
0.5151515151515152
 40
0.5151515151515152
 40
0.5151515151515152
 40
0.5252525252525253
 40
0.5252525252525253
 40
0.5252525252525253
 40
0.5353535353535354
 40
0.5353535353535354
 40
0.5353535353535354
 40
0.5454545454545455
 40
0.5454545454545455
 40
0.5454545454545455
 40
0.5555555555555556
 40
0.5555555555555556
 40
0.5555555555555556
 40
0.5656565656565657
 40
0.5656565656565657
 40
0.5656565656565657
 40
0.5757575757575758
 40
0.5757575757575758
 40
0.5757575757575758
 40
0.5858585858585859
 40
0.5858585858585859
 40
0.5858585858585859
 40
0.595959595959596
 40
0.595959595959596
 40
0.595959595959596
 40
0.6060606060606061
 40
0.6060606060606061
 40
0.6060606060606061
 40
0.6161616161616162
 40
0.6161616161616162
 40
0.6161616161616162
 40
0.6262626262626263
 40
0.6262626262626263
 40
0.6262626262626263
 40
0.6363636363636365
 40
0.6363636363636365
 40
0.6363636363636365
 40
0.6464646464646465
 40
0.6464646464646465
 40
0.6464646464646465
 40
0.6565656565656566
 40
0.6565656565656566
 40
0.6565656565656566
 40
0.6666666666666667
 40
0.6666666666666667
 40
0.6666666666666667
 40
0.6767676767676768
 40
0.6767676767676768
 40
0.6767676767676768
 40
0.686868686868687
 40
0.686868686868687
 40
0.686868686868687
 40
0.696969696969697
 40
0.696969696969697
 40
0.696969696969697
 40
0.7070707070707072
 40
0.7070707070707072
 40
0.7070707070707072
 40
0.7171717171717172
 40
0.7171717171717172
 40
0.7171717171717172
 40
0.7272727272727273
 40
0.7272727272727273
 40
0.7272727272727273
 40
0.7373737373737375
 40
0.7373737373737375
 40
0.7373737373737375
 40
0.7474747474747475
 40
0.7474747474747475
 40
0.7474747474747475
 40
0.7575757575757577
 40
0.7575757575757577
 40
0.7575757575757577
 40
0.7676767676767677
 40
0.7676767676767677
 40
0.7676767676767677
 40
0.7777777777777778
 40
0.7777777777777778
 40
0.7777777777777778
 40
0.787878787878788
 40
0.787878787878788
 40
0.787878787878788
 40
0.797979797979798
 40
0.797979797979798
 40
0.797979797979798
 40
0.8080808080808082
 40
0.8080808080808082
 40
0.8080808080808082
 40
0.8181818181818182
 40
0.8181818181818182
 40
0.8181818181818182
 40
0.8282828282828284
 40
0.8282828282828284
 40
0.8282828282828284
 40
0.8383838383838385
 40
0.8383838383838385
 40
0.8383838383838385
 40
0.8484848484848485
 40
0.8484848484848485
 40
0.8484848484848485
 40
0.8585858585858587
 40
0.8585858585858587
 40
0.8585858585858587
 40
0.8686868686868687
 40
0.8686868686868687
 40
0.8686868686868687
 40
0.8787878787878789
 40
0.8787878787878789
 40
0.8787878787878789
 40
0.888888888888889
 40
0.888888888888889
 40
0.888888888888889
 40
0.8989898989898991
 40
0.8989898989898991
 40
0.8989898989898991
 40
0.9090909090909092
 40
0.9090909090909092
 40
0.9090909090909092
 40
0.9191919191919192
 40
0.9191919191919192
 40
0.9191919191919192
 40
0.9292929292929294
 40
0.9292929292929294
 40
0.9292929292929294
 40
0.9393939393939394
 40
0.9393939393939394
 40
0.9393939393939394
 40
0.9494949494949496
 40
0.9494949494949496
 40
0.9494949494949496
 40
0.9595959595959597
 40
0.9595959595959597
 40
0.9595959595959597
 40
0.9696969696969697
 40
0.9696969696969697
 40
0.9696969696969697
 40
0.9797979797979799
 40
0.9797979797979799
 40
0.9797979797979799
 40
0.98989898989899
 40
0.98989898989899
 40
0.98989898989899
 40
1.0
 40
1.0
 40
1.0
 40
1.0
 10
-9.9522
 20
-17.8255
 30
0.0
 10
-9.8384
 20
-17.8336
 30
0.0
 10
-9.7245
 20
-17.8481
 30
0.0
 10
-9.6106
 20
-17.8481
 30
0.0
 10
-6.649
 20
-17.8499
 30
0.0
 10
-3.6873
 20
-17.851
 30
0.0
 10
-0.7255
 20
-17.851
 30
0.0
 10
4.812
 20
-17.8512
 30
0.0
 10
10.3496
 20
-17.8499
 30
0.0
 10
15.887
 20
-17.8524
 30
0.0
 10
16.6688
 20
-17.8526
 30
0.0
 10
17.3644
 20
-17.6315
 30
0.0
 10
17.9398
 20
-17.0907
 30
0.0
 10
18.5201
 20
-16.5446
 30
0.0
 10
18.8246
 20
-15.8651
 30
0.0
 10
18.8253
 20
-15.0705
 30
0.0
 10
18.8285
 20
-11.3514
 30
0.0
 10
18.8214
 20
7.1841
 30
0.0
 10
18.8165
 20
10.9029
 30
0.0
 10
18.8161
 20
10.9776
 30
0.0
 10
18.7978
 20
11.0521
 30
0.0
 10
18.7837
 20
11.1552
 30
0.0
 10
18.6616
 20
11.0658
 30
0.0
 10
18.5748
 20
10.9985
 30
0.0
 10
18.4845
 20
10.9369
 30
0.0
 10
17.9469
 20
10.5698
 30
0.0
 10
17.3203
 20
10.6531
 30
0.0
 10
16.8896
 20
11.1499
 30
0.0
 10
16.7732
 20
11.2842
 30
0.0
 10
16.6709
 20
11.4309
 30
0.0
 10
16.5495
 20
11.5602
 30
0.0
 10
16.3618
 20
11.7599
 30
0.0
 10
16.0472
 20
11.7906
 30
0.0
 10
15.8401
 20
11.6316
 30
0.0
 10
15.7117
 20
11.5325
 30
0.0
 10
15.6058
 20
11.4234
 30
0.0
 10
15.729
 20
11.238
 30
0.0
 10
15.7649
 20
11.1844
 30
0.0
 10
15.7529
 20
11.0859
 30
0.0
 10
15.7335
 20
11.0159
 30
0.0
 10
15.7272
 20
10.9927
 30
0.0
 10
15.6101
 20
10.9674
 30
0.0
 10
15.5787
 20
10.9907
 30
0.0
 10
15.5205
 20
11.0334
 30
0.0
 10
15.4605
 20
11.1066
 30
0.0
 10
15.4485
 20
11.175
 30
0.0
 10
15.3896
 20
11.5222
 30
0.0
 10
15.664
 20
11.9096
 30
0.0
 10
16.0235
 20
11.9911
 30
0.0
 10
16.1802
 20
12.0265
 30
0.0
 10
16.3421
 20
12.0374
 30
0.0
 10
16.5216
 20
12.0622
 30
0.0
 10
16.504
 20
12.1299
 30
0.0
 10
16.4977
 20
12.1887
 30
0.0
 10
16.4733
 20
12.2381
 30
0.0
 10
16.2645
 20
12.6602
 30
0.0
 10
16.3537
 20
13.0449
 30
0.0
 10
16.6187
 20
13.4057
 30
0.0
 10
16.7587
 20
13.5965
 30
0.0
 10
16.9351
 20
13.7663
 30
0.0
 10
17.0466
 20
13.9721
 30
0.0
 10
17.1559
 20
14.1746
 30
0.0
 10
17.2212
 20
14.4067
 30
0.0
 10
17.272
 20
14.6335
 30
0.0
 10
17.3038
 20
14.7742
 30
0.0
 10
17.2378
 20
14.9082
 30
0.0
 10
17.0674
 20
14.9728
 30
0.0
 10
17.0455
 20
14.9307
 30
0.0
 10
17.0117
 20
14.8951
 30
0.0
 10
17.0099
 20
14.858
 30
0.0
 10
17.0007
 20
14.6709
 30
0.0
 10
16.8769
 20
14.6159
 30
0.0
 10
16.7234
 20
14.6207
 30
0.0
 10
16.5583
 20
14.6258
 30
0.0
 10
16.4454
 20
14.7087
 30
0.0
 10
16.4225
 20
14.8887
 30
0.0
 10
16.3936
 20
15.1197
 30
0.0
 10
16.5283
 20
15.3374
 30
0.0
 10
16.7499
 20
15.4072
 30
0.0
 10
17.0092
 20
15.4887
 30
0.0
 10
17.2787
 20
15.3987
 30
0.0
 10
17.3863
 20
15.183
 30
0.0
 10
17.562
 20
14.83
 30
0.0
 10
17.4816
 20
14.4828
 30
0.0
 10
17.315
 20
14.1584
 30
0.0
 10
17.2117
 20
13.9563
 30
0.0
 10
17.0501
 20
13.7844
 30
0.0
 10
16.9242
 20
13.5927
 30
0.0
 10
16.8268
 20
13.4447
 30
0.0
 10
16.7287
 20
13.2936
 30
0.0
 10
16.6571
 20
13.1324
 30
0.0
 10
16.4264
 20
12.6129
 30
0.0
 10
16.6049
 20
12.1211
 30
0.0
 10
17.0974
 20
11.8453
 30
0.0
 10
17.2141
 20
11.9574
 30
0.0
 10
17.3274
 20
12.0658
 30
0.0
 10
17.4756
 20
12.2083
 30
0.0
 10
17.5077
 20
12.0948
 30
0.0
 10
17.5249
 20
12.0554
 30
0.0
 10
17.5302
 20
12.0145
 30
0.0
 10
17.5627
 20
11.7545
 30
0.0
 10
17.6213
 20
11.5081
 30
0.0
 10
17.9126
 20
11.4208
 30
0.0
 10
18.2125
 20
11.3308
 30
0.0
 10
18.5953
 20
11.449
 30
0.0
 10
18.7752
 20
11.6911
 30
0.0
 10
18.9357
 20
11.9071
 30
0.0
 10
19.019
 20
12.1558
 30
0.0
 10
19.0609
 20
12.4763
 30
0.0
 10
18.9555
 20
12.4328
 30
0.0
 10
18.892
 20
12.4092
 30
0.0
 10
18.8309
 20
12.3808
 30
0.0
 10
18.2813
 20
12.1278
 30
0.0
 10
17.6957
 20
12.358
 30
0.0
 10
17.5426
 20
12.888
 30
0.0
 10
17.417
 20
13.3227
 30
0.0
 10
17.756
 20
13.7214
 30
0.0
 10
18.1973
 20
13.6339
 30
0.0
 10
18.3106
 20
13.6116
 30
0.0
 10
18.446
 20
13.5106
 30
0.0
 10
18.4976
 20
13.4084
 30
0.0
 10
18.6161
 20
13.1731
 30
0.0
 10
18.4683
 20
12.9972
 30
0.0
 10
18.1688
 20
12.9965
 30
0.0
 10
18.1084
 20
12.81
 30
0.0
 10
18.2047
 20
12.7047
 30
0.0
 10
18.3646
 20
12.6464
 30
0.0
 10
18.5723
 20
12.5706
 30
0.0
 10
18.8302
 20
12.6708
 30
0.0
 10
18.9555
 20
12.8899
 30
0.0
 10
19.1615
 20
13.252
 30
0.0
 10
19.1604
 20
13.6296
 30
0.0
 10
18.9667
 20
13.9955
 30
0.0
 10
18.8493
 20
14.2178
 30
0.0
 10
18.6221
 20
14.2515
 30
0.0
 10
18.3878
 20
14.2529
 30
0.0
 10
18.3504
 20
14.5072
 30
0.0
 10
18.5558
 20
14.5618
 30
0.0
 10
18.7117
 20
14.657
 30
0.0
 10
18.6129
 20
14.8886
 30
0.0
 10
18.3938
 20
14.8303
 30
0.0
 10
18.1726
 20
14.9148
 30
0.0
 10
18.4249
 20
15.116
 30
0.0
 10
18.6743
 20
15.2685
 30
0.0
 10
18.8613
 20
15.4767
 30
0.0
 10
19.0511
 20
15.688
 30
0.0
 10
19.1802
 20
15.9537
 30
0.0
 10
19.353
 20
16.2228
 30
0.0
 10
19.3601
 20
16.1392
 30
0.0
 10
19.3721
 20
16.0669
 30
0.0
 10
19.3721
 20
15.9946
 30
0.0
 10
19.3724
 20
15.1113
 30
0.0
 10
19.3686
 20
14.2284
 30
0.0
 10
19.371
 20
13.3453
 30
0.0
 10
19.3728
 20
12.7734
 30
0.0
 10
19.2578
 20
12.2264
 30
0.0
 10
19.0472
 20
11.697
 30
0.0
 10
19.0183
 20
11.6247
 30
0.0
 10
19.0038
 20
11.5464
 30
0.0
 10
18.9826
 20
11.4711
 30
0.0
 10
18.9964
 20
11.453
 30
0.0
 10
19.0105
 20
11.4348
 30
0.0
 10
19.0242
 20
11.4168
 30
0.0
 10
19.1283
 20
11.4607
 30
0.0
 10
19.232
 20
11.5044
 30
0.0
 10
19.3626
 20
11.5595
 30
0.0
 10
19.3696
 20
11.4669
 30
0.0
 10
19.3834
 20
11.3685
 30
0.0
 10
19.3834
 20
11.27
 30
0.0
 10
19.3844
 20
7.425
 30
0.0
 10
19.3873
 20
-11.2368
 30
0.0
 10
19.3834
 20
-15.0818
 30
0.0
 10
19.3813
 20
-16.9005
 30
0.0
 10
17.8809
 20
-18.4019
 30
0.0
 10
16.0616
 20
-18.4023
 30
0.0
 10
6.6643
 20
-18.4044
 30
0.0
 10
-2.7332
 20
-18.4012
 30
0.0
 10
-12.1307
 20
-18.403
 30
0.0
 10
-12.9923
 20
-18.4034
 30
0.0
 10
-13.8376
 20
-18.3198
 30
0.0
 10
-14.6248
 20
-17.9426
 30
0.0
 10
-16.5796
 20
-17.0057
 30
0.0
 10
-17.5856
 20
-15.446
 30
0.0
 10
-17.6766
 20
-13.2818
 30
0.0
 10
-17.7176
 20
-12.3041
 30
0.0
 10
-17.4568
 20
-11.3907
 30
0.0
 10
-17.1577
 20
-10.4778
 30
0.0
 10
-16.9852
 20
-9.9514
 30
0.0
 10
-16.8279
 20
-9.4153
 30
0.0
 10
-16.7291
 20
-8.8717
 30
0.0
 10
-16.6784
 20
-8.5937
 30
0.0
 10
-16.7247
 20
-8.2747
 30
0.0
 10
-16.81
 20
-8.0001
 30
0.0
 10
-16.9435
 20
-7.5701
 30
0.0
 10
-17.4351
 20
-7.419
 30
0.0
 10
-17.806
 20
-7.6687
 30
0.0
 10
-17.8999
 20
-7.732
 30
0.0
 10
-17.9735
 20
-7.8767
 30
0.0
 10
-17.9877
 20
-7.9925
 30
0.0
 10
-18.0032
 20
-8.1169
 30
0.0
 10
-17.9374
 20
-8.2509
 30
0.0
 10
-17.765
 20
-8.2988
 30
0.0
 10
-17.7559
 20
-8.2509
 30
0.0
 10
-17.7592
 20
-8.2109
 30
0.0
 10
-17.7414
 20
-8.1854
 30
0.0
 10
-17.6841
 20
-8.1031
 30
0.0
 10
-17.619
 20
-8.0263
 30
0.0
 10
-17.557
 20
-7.9474
 30
0.0
 10
-17.4932
 20
-8.0014
 30
0.0
 10
-17.3747
 20
-8.0579
 30
0.0
 10
-17.3771
 20
-8.1089
 30
0.0
 10
-17.3816
 20
-8.2088
 30
0.0
 10
-17.4267
 20
-8.3501
 30
0.0
 10
-17.5023
 20
-8.396
 30
0.0
 10
-17.7971
 20
-8.5751
 30
0.0
 10
-18.1989
 20
-8.3292
 30
0.0
 10
-18.232
 20
-7.9674
 30
0.0
 10
-18.2633
 20
-7.6246
 30
0.0
 10
-18.0081
 20
-7.3055
 30
0.0
 10
-17.6356
 20
-7.2215
 30
0.0
 10
-16.9087
 20
-7.0572
 30
0.0
 10
-16.3079
 20
-7.4854
 30
0.0
 10
-16.2449
 20
-8.2674
 30
0.0
 10
-16.2121
 20
-8.6746
 30
0.0
 10
-16.2826
 20
-9.0905
 30
0.0
 10
-16.3079
 20
-9.5021
 30
0.0
 10
-16.311
 20
-9.5531
 30
0.0
 10
-16.3254
 20
-9.6038
 30
0.0
 10
-16.3309
 20
-9.6551
 30
0.0
 10
-16.332
 20
-9.6668
 30
0.0
 10
-16.3179
 20
-9.6799
 30
0.0
 10
-16.2881
 20
-9.7334
 30
0.0
 10
-15.2722
 20
-8.7129
 30
0.0
 10
-14.0396
 20
-8.1796
 30
0.0
 10
-12.5998
 20
-8.1211
 30
0.0
 10
-12.6
 20
-8.0997
 30
0.0
 10
-12.6
 20
-8.0783
 30
0.0
 10
-12.6001
 20
-8.057
 30
0.0
 10
-12.6698
 20
-8.0101
 30
0.0
 10
-12.7371
 20
-7.9585
 30
0.0
 10
-12.81
 20
-7.9171
 30
0.0
 10
-13.2622
 20
-7.6601
 30
0.0
 10
-13.6519
 20
-7.3365
 30
0.0
 10
-13.9052
 20
-6.8728
 30
0.0
 10
-14.2915
 20
-6.1663
 30
0.0
 10
-13.8666
 20
-5.3315
 30
0.0
 10
-13.0983
 20
-5.2795
 30
0.0
 10
-12.8178
 20
-5.2605
 30
0.0
 10
-12.5932
 20
-5.3963
 30
0.0
 10
-12.4964
 20
-5.6429
 30
0.0
 10
-12.4027
 20
-5.882
 30
0.0
 10
-12.4583
 20
-6.1112
 30
0.0
 10
-12.6476
 20
-6.2658
 30
0.0
 10
-12.7952
 20
-6.3864
 30
0.0
 10
-12.9826
 20
-6.3885
 30
0.0
 10
-13.0532
 20
-6.2497
 30
0.0
 10
-13.0897
 20
-6.178
 30
0.0
 10
-13.0959
 20
-6.0467
 30
0.0
 10
-13.0526
 20
-5.9923
 30
0.0
 10
-13.0167
 20
-5.9468
 30
0.0
 10
-12.8882
 20
-5.9658
 30
0.0
 10
-12.8021
 20
-5.973
 30
0.0
 10
-12.7659
 20
-5.9761
 30
0.0
 10
-12.7329
 20
-6.0226
 30
0.0
 10
-12.6986
 20
-6.0494
 30
0.0
 10
-12.6757
 20
-6.0433
 30
0.0
 10
-12.6529
 20
-6.0371
 30
0.0
 10
-12.6301
 20
-6.0313
 30
0.0
 10
-12.6511
 20
-5.9309
 30
0.0
 10
-12.6402
 20
-5.7994
 30
0.0
 10
-12.7007
 20
-5.7387
 30
0.0
 10
-12.7841
 20
-5.6551
 30
0.0
 10
-12.9281
 20
-5.5689
 30
0.0
 10
-13.0343
 20
-5.5816
 30
0.0
 10
-13.5228
 20
-5.6409
 30
0.0
 10
-13.764
 20
-6.1962
 30
0.0
 10
-13.5086
 20
-6.6213
 30
0.0
 10
-13.3161
 20
-6.9421
 30
0.0
 10
-13.0543
 20
-7.1967
 30
0.0
 10
-12.7276
 20
-7.3638
 30
0.0
 10
-12.1405
 20
-7.6638
 30
0.0
 10
-11.5436
 20
-7.9447
 30
0.0
 10
-10.9437
 20
-8.2182
 30
0.0
 10
-9.7026
 20
-8.7842
 30
0.0
 10
-8.6601
 20
-9.5914
 30
0.0
 10
-8.0166
 20
-10.8085
 30
0.0
 10
-7.1072
 20
-12.5283
 30
0.0
 10
-7.1698
 20
-14.2513
 30
0.0
 10
-8.142
 20
-15.9424
 30
0.0
 10
-8.5356
 20
-16.6274
 30
0.0
 10
-9.0759
 20
-17.162
 30
0.0
 10
-9.7338
 20
-17.5871
 30
0.0
 10
-9.8129
 20
-17.6382
 30
0.0
 10
-9.8875
 20
-17.6961
 30
0.0
 10
-9.9645
 20
-17.7508
 30
0.0
 10
-9.9603
 20
-17.7755
 30
0.0
 10
-9.9562
 20
-17.8008
 30
0.0
 10
-9.9522
 20
-17.8255
 30
0.0
  0
SPLINE
  5
B4
330
1F
100
AcDbEntity
  8
Layer 1
 62
   250
100
AcDbSpline
210
0.0
220
0.0
230
1.0
 70
    11
 71
     3
 72
    53
 73
    49
 74
     0
 42
0.0000000001
 43
0.0000000001
 40
0.0
 40
0.0
 40
0.0
 40
0.0
 40
0.0625
 40
0.0625
 40
0.0625
 40
0.125
 40
0.125
 40
0.125
 40
0.1875
 40
0.1875
 40
0.1875
 40
0.25
 40
0.25
 40
0.25
 40
0.3125
 40
0.3125
 40
0.3125
 40
0.375
 40
0.375
 40
0.375
 40
0.4375
 40
0.4375
 40
0.4375
 40
0.5
 40
0.5
 40
0.5
 40
0.5625
 40
0.5625
 40
0.5625
 40
0.625
 40
0.625
 40
0.625
 40
0.6875
 40
0.6875
 40
0.6875
 40
0.75
 40
0.75
 40
0.75
 40
0.8125
 40
0.8125
 40
0.8125
 40
0.875
 40
0.875
 40
0.875
 40
0.9375
 40
0.9375
 40
0.9375
 40
1.0
 40
1.0
 40
1.0
 40
1.0
 10
-10.1158
 20
-13.9501
 30
0.0
 10
-10.1124
 20
-13.9573
 30
0.0
 10
-10.0863
 20
-13.9653
 30
0.0
 10
-10.0379
 20
-13.9757
 30
0.0
 10
-9.9893
 20
-13.9853
 30
0.0
 10
-9.9534
 20
-13.9925
 30
0.0
 10
-9.9306
 20
-13.998
 30
0.0
 10
-9.9052
 20
-14.0039
 30
0.0
 10
-9.888
 20
-14.0046
 30
0.0
 10
-9.8786
 20
-13.9998
 30
0.0
 10
-9.8421
 20
-13.9805
 30
0.0
 10
-9.8253
 20
-13.8919
 30
0.0
 10
-9.8288
 20
-13.7341
 30
0.0
 10
-9.7943
 20
-13.7393
 30
0.0
 10
-9.7513
 20
-13.7497
 30
0.0
 10
-9.7004
 20
-13.7655
 30
0.0
 10
-9.6497
 20
-13.7816
 30
0.0
 10
-9.6177
 20
-13.7862
 30
0.0
 10
-9.6049
 20
-13.7796
 30
0.0
 10
-9.5855
 20
-13.7696
 30
0.0
 10
-9.5703
 20
-13.7238
 30
0.0
 10
-9.5599
 20
-13.6438
 30
0.0
 10
-9.5484
 20
-13.5616
 30
0.0
 10
-9.5542
 20
-13.4989
 30
0.0
 10
-9.5772
 20
-13.4554
 30
0.0
 10
-9.5992
 20
-13.4196
 30
0.0
 10
-9.6407
 20
-13.391
 30
0.0
 10
-9.7022
 20
-13.3696
 30
0.0
 10
-9.7638
 20
-13.3489
 30
0.0
 10
-9.8089
 20
-13.3455
 30
0.0
 10
-9.8378
 20
-13.3607
 30
0.0
 10
-9.8468
 20
-13.3659
 30
0.0
 10
-9.8534
 20
-13.3989
 30
0.0
 10
-9.8564
 20
-13.4606
 30
0.0
 10
-9.8604
 20
-13.5225
 30
0.0
 10
-9.8635
 20
-13.5784
 30
0.0
 10
-9.8666
 20
-13.6287
 30
0.0
 10
-9.9009
 20
-13.6114
 30
0.0
 10
-9.946
 20
-13.5939
 30
0.0
 10
-10.0022
 20
-13.5781
 30
0.0
 10
-10.0587
 20
-13.5609
 30
0.0
 10
-10.0946
 20
-13.5618
 30
0.0
 10
-10.1097
 20
-13.5802
 30
0.0
 10
-10.1202
 20
-13.5853
 30
0.0
 10
-10.126
 20
-13.6445
 30
0.0
 10
-10.1264
 20
-13.7582
 30
0.0
 10
-10.1267
 20
-13.8712
 30
0.0
 10
-10.1236
 20
-13.9353
 30
0.0
 10
-10.1158
 20
-13.9501
 30
0.0
  0
SPLINE
  5
B5
330
1F
100
AcDbEntity
  8
Layer 1
 62
   250
100
AcDbSpline
210
0.0
220
0.0
230
1.0
 70
    11
 71
     3
 72
    77
 73
    73
 74
     0
 42
0.0000000001
 43
0.0000000001
 40
0.0
 40
0.0
 40
0.0
 40
0.0
 40
0.0416666666666667
 40
0.0416666666666667
 40
0.0416666666666667
 40
0.0833333333333333
 40
0.0833333333333333
 40
0.0833333333333333
 40
0.125
 40
0.125
 40
0.125
 40
0.1666666666666667
 40
0.1666666666666667
 40
0.1666666666666667
 40
0.2083333333333333
 40
0.2083333333333333
 40
0.2083333333333333
 40
0.25
 40
0.25
 40
0.25
 40
0.2916666666666666
 40
0.2916666666666666
 40
0.2916666666666666
 40
0.3333333333333333
 40
0.3333333333333333
 40
0.3333333333333333
 40
0.375
 40
0.375
 40
0.375
 40
0.4166666666666666
 40
0.4166666666666666
 40
0.4166666666666666
 40
0.4583333333333333
 40
0.4583333333333333
 40
0.4583333333333333
 40
0.5
 40
0.5
 40
0.5
 40
0.5416666666666666
 40
0.5416666666666666
 40
0.5416666666666666
 40
0.5833333333333333
 40
0.5833333333333333
 40
0.5833333333333333
 40
0.625
 40
0.625
 40
0.625
 40
0.6666666666666666
 40
0.6666666666666666
 40
0.6666666666666666
 40
0.7083333333333333
 40
0.7083333333333333
 40
0.7083333333333333
 40
0.75
 40
0.75
 40
0.75
 40
0.7916666666666666
 40
0.7916666666666666
 40
0.7916666666666666
 40
0.8333333333333333
 40
0.8333333333333333
 40
0.8333333333333333
 40
0.875
 40
0.875
 40
0.875
 40
0.9166666666666666
 40
0.9166666666666666
 40
0.9166666666666666
 40
0.9583333333333333
 40
0.9583333333333333
 40
0.9583333333333333
 40
1.0
 40
1.0
 40
1.0
 40
1.0
 10
-10.6882
 20
-11.4056
 30
0.0
 10
-10.6384
 20
-11.6406
 30
0.0
 10
-10.64
 20
-11.7949
 30
0.0
 10
-10.6926
 20
-11.8675
 30
0.0
 10
-10.7673
 20
-11.9686
 30
0.0
 10
-10.8114
 20
-12.0322
 30
0.0
 10
-10.8245
 20
-12.0598
 30
0.0
 10
-10.8374
 20
-12.0884
 30
0.0
 10
-10.8449
 20
-12.1094
 30
0.0
 10
-10.8472
 20
-12.1222
 30
0.0
 10
-10.8534
 20
-12.1663
 30
0.0
 10
-10.8537
 20
-12.2193
 30
0.0
 10
-10.8494
 20
-12.2816
 30
0.0
 10
-10.8368
 20
-12.3981
 30
0.0
 10
-10.8281
 20
-12.4881
 30
0.0
 10
-10.8242
 20
-12.5517
 30
0.0
 10
-10.8208
 20
-12.6509
 30
0.0
 10
-10.8476
 20
-12.7368
 30
0.0
 10
-10.9044
 20
-12.8094
 30
0.0
 10
-10.9332
 20
-12.8418
 30
0.0
 10
-10.9741
 20
-12.879
 30
0.0
 10
-11.0271
 20
-12.9197
 30
0.0
 10
-11.0812
 20
-12.9644
 30
0.0
 10
-11.126
 20
-12.9959
 30
0.0
 10
-11.1602
 20
-13.0138
 30
0.0
 10
-11.1883
 20
-13.0327
 30
0.0
 10
-11.2109
 20
-13.0359
 30
0.0
 10
-11.2281
 20
-13.023
 30
0.0
 10
-11.2358
 20
-13.0138
 30
0.0
 10
-11.2318
 20
-12.9934
 30
0.0
 10
-11.2164
 20
-12.9614
 30
0.0
 10
-11.2105
 20
-12.9497
 30
0.0
 10
-11.1985
 20
-12.9252
 30
0.0
 10
-11.1806
 20
-12.8866
 30
0.0
 10
-11.1627
 20
-12.8494
 30
0.0
 10
-11.1275
 20
-12.7853
 30
0.0
 10
-11.0758
 20
-12.6968
 30
0.0
 10
-11.0417
 20
-12.6334
 30
0.0
 10
-11.0231
 20
-12.5997
 30
0.0
 10
-11.0208
 20
-12.5958
 30
0.0
 10
-11.0208
 20
-12.5958
 30
0.0
 10
-11.0208
 20
-12.5957
 30
0.0
 10
-11.0208
 20
-12.5957
 30
0.0
 10
-11.0208
 20
-12.5957
 30
0.0
 10
-11.0207
 20
-12.5956
 30
0.0
 10
-11.0207
 20
-12.5956
 30
0.0
 10
-10.9795
 20
-12.5124
 30
0.0
 10
-10.9554
 20
-12.447
 30
0.0
 10
-10.948
 20
-12.3992
 30
0.0
 10
-10.9452
 20
-12.3847
 30
0.0
 10
-10.9489
 20
-12.3127
 30
0.0
 10
-10.9573
 20
-12.1842
 30
0.0
 10
-10.9648
 20
-12.055
 30
0.0
 10
-10.9648
 20
-11.9686
 30
0.0
 10
-10.9569
 20
-11.9247
 30
0.0
 10
-10.9496
 20
-11.8799
 30
0.0
 10
-10.9289
 20
-11.8276
 30
0.0
 10
-10.8946
 20
-11.7667
 30
0.0
 10
-10.8807
 20
-11.7467
 30
0.0
 10
-10.8562
 20
-11.7109
 30
0.0
 10
-10.821
 20
-11.6601
 30
0.0
 10
-10.7892
 20
-11.6172
 30
0.0
 10
-10.7685
 20
-11.5834
 30
0.0
 10
-10.7592
 20
-11.5595
 30
0.0
 10
-10.7506
 20
-11.5375
 30
0.0
 10
-10.7457
 20
-11.4966
 30
0.0
 10
-10.7444
 20
-11.4373
 30
0.0
 10
-10.7424
 20
-11.3794
 30
0.0
 10
-10.7357
 20
-11.348
 30
0.0
 10
-10.725
 20
-11.3439
 30
0.0
 10
-10.7129
 20
-11.3418
 30
0.0
 10
-10.7003
 20
-11.3625
 30
0.0
 10
-10.6882
 20
-11.4056
 30
0.0
  0
SPLINE
  5
B6
330
1F
100
AcDbEntity
  8
Layer 1
 62
   250
100
AcDbSpline
210
0.0
220
0.0
230
1.0
 70
    11
 71
     3
 72
    59
 73
    55
 74
     0
 42
0.0000000001
 43
0.0000000001
 40
0.0
 40
0.0
 40
0.0
 40
0.0
 40
0.0555555555555556
 40
0.0555555555555556
 40
0.0555555555555556
 40
0.1111111111111111
 40
0.1111111111111111
 40
0.1111111111111111
 40
0.1666666666666667
 40
0.1666666666666667
 40
0.1666666666666667
 40
0.2222222222222222
 40
0.2222222222222222
 40
0.2222222222222222
 40
0.2777777777777778
 40
0.2777777777777778
 40
0.2777777777777778
 40
0.3333333333333333
 40
0.3333333333333333
 40
0.3333333333333333
 40
0.3888888888888888
 40
0.3888888888888888
 40
0.3888888888888888
 40
0.4444444444444444
 40
0.4444444444444444
 40
0.4444444444444444
 40
0.5
 40
0.5
 40
0.5
 40
0.5555555555555556
 40
0.5555555555555556
 40
0.5555555555555556
 40
0.611111111111111
 40
0.611111111111111
 40
0.611111111111111
 40
0.6666666666666666
 40
0.6666666666666666
 40
0.6666666666666666
 40
0.7222222222222222
 40
0.7222222222222222
 40
0.7222222222222222
 40
0.7777777777777777
 40
0.7777777777777777
 40
0.7777777777777777
 40
0.8333333333333333
 40
0.8333333333333333
 40
0.8333333333333333
 40
0.8888888888888888
 40
0.8888888888888888
 40
0.8888888888888888
 40
0.9444444444444444
 40
0.9444444444444444
 40
0.9444444444444444
 40
1.0
 40
1.0
 40
1.0
 40
1.0
 10
-15.5751
 20
-15.5593
 30
0.0
 10
-15.0803
 20
-15.3646
 30
0.0
 10
-14.5989
 20
-15.2115
 30
0.0
 10
-14.1502
 20
-14.9915
 30
0.0
 10
-12.9185
 20
-14.388
 30
0.0
 10
-12.0171
 20
-13.4599
 30
0.0
 10
-11.5128
 20
-12.1707
 30
0.0
 10
-11.4512
 20
-12.0133
 30
0.0
 10
-11.4144
 20
-11.8438
 30
0.0
 10
-11.3847
 20
-11.6767
 30
0.0
 10
-11.3459
 20
-11.4603
 30
0.0
 10
-11.4081
 20
-11.4125
 30
0.0
 10
-11.61
 20
-11.4835
 30
0.0
 10
-11.6519
 20
-11.4982
 30
0.0
 10
-11.6921
 20
-11.5172
 30
0.0
 10
-11.7333
 20
-11.5338
 30
0.0
 10
-11.8687
 20
-11.5885
 30
0.0
 10
-11.9447
 20
-11.5179
 30
0.0
 10
-11.9487
 20
-11.3969
 30
0.0
 10
-11.9604
 20
-11.0414
 30
0.0
 10
-11.9073
 20
-10.7003
 30
0.0
 10
-11.6464
 20
-10.4272
 30
0.0
 10
-11.621
 20
-10.4006
 30
0.0
 10
-11.5905
 20
-10.3597
 30
0.0
 10
-11.5623
 20
-10.3593
 30
0.0
 10
-11.4964
 20
-10.3593
 30
0.0
 10
-11.4307
 20
-10.3799
 30
0.0
 10
-11.3651
 20
-10.3921
 30
0.0
 10
-11.3957
 20
-10.4468
 30
0.0
 10
-11.4195
 20
-10.5071
 30
0.0
 10
-11.4583
 20
-10.5554
 30
0.0
 10
-11.585
 20
-10.7134
 30
0.0
 10
-11.7238
 20
-10.8622
 30
0.0
 10
-11.8426
 20
-11.0255
 30
0.0
 10
-11.8722
 20
-11.0666
 30
0.0
 10
-11.8677
 20
-11.1695
 30
0.0
 10
-11.8356
 20
-11.2074
 30
0.0
 10
-11.8068
 20
-11.2419
 30
0.0
 10
-11.7144
 20
-11.2444
 30
0.0
 10
-11.6575
 20
-11.2302
 30
0.0
 10
-11.351
 20
-11.1534
 30
0.0
 10
-11.242
 20
-11.2343
 30
0.0
 10
-11.2473
 20
-11.5668
 30
0.0
 10
-11.2557
 20
-12.1022
 30
0.0
 10
-11.3929
 20
-12.61
 30
0.0
 10
-11.63
 20
-13.0857
 30
0.0
 10
-12.2554
 20
-14.3415
 30
0.0
 10
-13.2179
 20
-15.2323
 30
0.0
 10
-14.5422
 20
-15.7124
 30
0.0
 10
-14.7471
 20
-15.7868
 30
0.0
 10
-14.9739
 20
-15.8221
 30
0.0
 10
-15.1926
 20
-15.8313
 30
0.0
 10
-15.3724
 20
-15.8386
 30
0.0
 10
-15.54
 20
-15.7622
 30
0.0
 10
-15.5751
 20
-15.5593
 30
0.0
  0
SPLINE
  5
B7
330
1F
100
AcDbEntity
  8
Layer 1
 62
   250
100
AcDbSpline
210
0.0
220
0.0
230
1.0
 70
    11
 71
     3
 72
    11
 73
     7
 74
     0
 42
0.0000000001
 43
0.0000000001
 40
0.0
 40
0.0
 40
0.0
 40
0.0
 40
0.5
 40
0.5
 40
0.5
 40
1.0
 40
1.0
 40
1.0
 40
1.0
 10
-15.6787
 20
-4.3269
 30
0.0
 10
-15.8175
 20
-4.5182
 30
0.0
 10
-16.9482
 20
-5.009
 30
0.0
 10
-17.2059
 20
-4.9911
 30
0.0
 10
-16.7206
 20
-4.6408
 30
0.0
 10
-16.222
 20
-4.4341
 30
0.0
 10
-15.6787
 20
-4.3269
 30
0.0
  0
SPLINE
  5
B8
330
1F
100
AcDbEntity
  8
Layer 1
 62
   250
100
AcDbSpline
210
0.0
220
0.0
230
1.0
 70
    11
 71
     3
 72
    17
 73
    13
 74
     0
 42
0.0000000001
 43
0.0000000001
 40
0.0
 40
0.0
 40
0.0
 40
0.0
 40
0.25
 40
0.25
 40
0.25
 40
0.5
 40
0.5
 40
0.5
 40
0.75
 40
0.75
 40
0.75
 40
1.0
 40
1.0
 40
1.0
 40
1.0
 10
-15.5222
 20
-4.5726
 30
0.0
 10
-15.1963
 20
-4.1347
 30
0.0
 10
-14.6968
 20
-4.0641
 30
0.0
 10
-14.1457
 20
-4.3862
 30
0.0
 10
-14.4177
 20
-4.5633
 30
0.0
 10
-14.6691
 20
-4.7311
 30
0.0
 10
-14.9261
 20
-4.8892
 30
0.0
 10
-14.9587
 20
-4.9095
 30
0.0
 10
-15.0309
 20
-4.8944
 30
0.0
 10
-15.0697
 20
-4.8705
 30
0.0
 10
-15.2196
 20
-4.7796
 30
0.0
 10
-15.3632
 20
-4.6787
 30
0.0
 10
-15.5222
 20
-4.5726
 30
0.0
  0
SPLINE
  5
B9
330
1F
100
AcDbEntity
  8
Layer 1
 62
   250
100
AcDbSpline
210
0.0
220
0.0
230
1.0
 70
    11
 71
     3
 72
    17
 73
    13
 74
     0
 42
0.0000000001
 43
0.0000000001
 40
0.0
 40
0.0
 40
0.0
 40
0.0
 40
0.25
 40
0.25
 40
0.25
 40
0.5
 40
0.5
 40
0.5
 40
0.75
 40
0.75
 40
0.75
 40
1.0
 40
1.0
 40
1.0
 40
1.0
 10
-18.1252
 20
-6.1328
 30
0.0
 10
-18.0669
 20
-5.5789
 30
0.0
 10
-17.658
 20
-5.2334
 30
0.0
 10
-17.0656
 20
-5.2392
 30
0.0
 10
-17.0966
 20
-5.4366
 30
0.0
 10
-17.1232
 20
-5.6298
 30
0.0
 10
-17.16
 20
-5.8214
 30
0.0
 10
-17.1669
 20
-5.8565
 30
0.0
 10
-17.2105
 20
-5.9027
 30
0.0
 10
-17.2456
 20
-5.9121
 30
0.0
 10
-17.534
 20
-5.9888
 30
0.0
 10
-17.8242
 20
-6.0584
 30
0.0
 10
-18.1252
 20
-6.1328
 30
0.0
  0
SPLINE
  5
BA
330
1F
100
AcDbEntity
  8
Layer 1
 62
   250
100
AcDbSpline
210
0.0
220
0.0
230
1.0
 70
    11
 71
     3
 72
    26
 73
    22
 74
     0
 42
0.0000000001
 43
0.0000000001
 40
0.0
 40
0.0
 40
0.0
 40
0.0
 40
0.1428571428571428
 40
0.1428571428571428
 40
0.1428571428571428
 40
0.2857142857142857
 40
0.2857142857142857
 40
0.2857142857142857
 40
0.4285714285714285
 40
0.4285714285714285
 40
0.4285714285714285
 40
0.5714285714285714
 40
0.5714285714285714
 40
0.5714285714285714
 40
0.7142857142857142
 40
0.7142857142857142
 40
0.7142857142857142
 40
0.8571428571428571
 40
0.8571428571428571
 40
0.8571428571428571
 40
1.0
 40
1.0
 40
1.0
 40
1.0
 10
-16.9663
 20
-5.7511
 30
0.0
 10
-16.9402
 20
-5.5772
 30
0.0
 10
-16.9244
 20
-5.4008
 30
0.0
 10
-16.8827
 20
-5.2309
 30
0.0
 10
-16.868
 20
-5.1714
 30
0.0
 10
-16.799
 20
-5.1076
 30
0.0
 10
-16.739
 20
-5.0793
 30
0.0
 10
-16.4505
 20
-4.944
 30
0.0
 10
-16.1596
 20
-4.8133
 30
0.0
 10
-15.8627
 20
-4.6976
 30
0.0
 10
-15.7929
 20
-4.6705
 30
0.0
 10
-15.6855
 20
-4.6845
 30
0.0
 10
-15.6166
 20
-4.7203
 30
0.0
 10
-15.474
 20
-4.7945
 30
0.0
 10
-15.3458
 20
-4.8957
 30
0.0
 10
-15.1514
 20
-5.0267
 30
0.0
 10
-15.7741
 20
-5.3016
 30
0.0
 10
-16.3415
 20
-5.552
 30
0.0
 10
-16.909
 20
-5.8025
 30
0.0
 10
-16.928
 20
-5.7853
 30
0.0
 10
-16.9471
 20
-5.7681
 30
0.0
 10
-16.9663
 20
-5.7511
 30
0.0
  0
SPLINE
  5
BB
330
1F
100
AcDbEntity
  8
Layer 1
 62
   250
100
AcDbSpline
210
0.0
220
0.0
230
1.0
 70
    11
 71
     3
 72
    26
 73
    22
 74
     0
 42
0.0000000001
 43
0.0000000001
 40
0.0
 40
0.0
 40
0.0
 40
0.0
 40
0.1428571428571428
 40
0.1428571428571428
 40
0.1428571428571428
 40
0.2857142857142857
 40
0.2857142857142857
 40
0.2857142857142857
 40
0.4285714285714285
 40
0.4285714285714285
 40
0.4285714285714285
 40
0.5714285714285714
 40
0.5714285714285714
 40
0.5714285714285714
 40
0.7142857142857142
 40
0.7142857142857142
 40
0.7142857142857142
 40
0.8571428571428571
 40
0.8571428571428571
 40
0.8571428571428571
 40
1.0
 40
1.0
 40
1.0
 40
1.0
 10
-14.0138
 20
-4.5878
 30
0.0
 10
-14.2208
 20
-5.5855
 30
0.0
 10
-14.4279
 20
-6.5834
 30
0.0
 10
-14.6349
 20
-7.5811
 30
0.0
 10
-14.6541
 20
-7.5791
 30
0.0
 10
-14.6732
 20
-7.577
 30
0.0
 10
-14.6924
 20
-7.575
 30
0.0
 10
-14.7078
 20
-7.431
 30
0.0
 10
-14.7271
 20
-7.2873
 30
0.0
 10
-14.7379
 20
-7.1433
 30
0.0
 10
-14.7837
 20
-6.5308
 30
0.0
 10
-14.8227
 20
-5.9176
 30
0.0
 10
-14.8746
 20
-5.3057
 30
0.0
 10
-14.8875
 20
-5.1535
 30
0.0
 10
-14.8462
 20
-5.0531
 30
0.0
 10
-14.7179
 20
-4.9718
 30
0.0
 10
-14.5012
 20
-4.8351
 30
0.0
 10
-14.2911
 20
-4.688
 30
0.0
 10
-14.0784
 20
-4.5453
 30
0.0
 10
-14.0568
 20
-4.5595
 30
0.0
 10
-14.0353
 20
-4.5736
 30
0.0
 10
-14.0138
 20
-4.5878
 30
0.0
  0
SPLINE
  5
BC
330
1F
100
AcDbEntity
  8
Layer 1
 62
   250
100
AcDbSpline
210
0.0
220
0.0
230
1.0
 70
    11
 71
     3
 72
    26
 73
    22
 74
     0
 42
0.0000000001
 43
0.0000000001
 40
0.0
 40
0.0
 40
0.0
 40
0.0
 40
0.1428571428571428
 40
0.1428571428571428
 40
0.1428571428571428
 40
0.2857142857142857
 40
0.2857142857142857
 40
0.2857142857142857
 40
0.4285714285714285
 40
0.4285714285714285
 40
0.4285714285714285
 40
0.5714285714285714
 40
0.5714285714285714
 40
0.5714285714285714
 40
0.7142857142857142
 40
0.7142857142857142
 40
0.7142857142857142
 40
0.8571428571428571
 40
0.8571428571428571
 40
0.8571428571428571
 40
1.0
 40
1.0
 40
1.0
 40
1.0
 10
-15.4748
 20
-7.9153
 30
0.0
 10
-16.3375
 20
-7.4031
 30
0.0
 10
-17.2001
 20
-6.8905
 30
0.0
 10
-18.063
 20
-6.3781
 30
0.0
 10
-18.0618
 20
-6.3544
 30
0.0
 10
-18.0604
 20
-6.3306
 30
0.0
 10
-18.0592
 20
-6.3069
 30
0.0
 10
-17.867
 20
-6.2545
 30
0.0
 10
-17.6717
 20
-6.2114
 30
0.0
 10
-17.4833
 20
-6.1477
 30
0.0
 10
-17.2231
 20
-6.0595
 30
0.0
 10
-17.0422
 20
-6.1112
 30
0.0
 10
-16.8506
 20
-6.3337
 30
0.0
 10
-16.4211
 20
-6.8329
 30
0.0
 10
-15.9522
 20
-7.2977
 30
0.0
 10
-15.4999
 20
-7.7772
 30
0.0
 10
-15.4758
 20
-7.8027
 30
0.0
 10
-15.4575
 20
-7.834
 30
0.0
 10
-15.4365
 20
-7.8627
 30
0.0
 10
-15.4492
 20
-7.8802
 30
0.0
 10
-15.4621
 20
-7.8978
 30
0.0
 10
-15.4748
 20
-7.9153
 30
0.0
  0
SPLINE
  5
BD
330
1F
100
AcDbEntity
  8
Layer 1
 62
   250
100
AcDbSpline
210
0.0
220
0.0
230
1.0
 70
    11
 71
     3
 72
    17
 73
    13
 74
     0
 42
0.0000000001
 43
0.0000000001
 40
0.0
 40
0.0
 40
0.0
 40
0.0
 40
0.25
 40
0.25
 40
0.25
 40
0.5
 40
0.5
 40
0.5
 40
0.75
 40
0.75
 40
0.75
 40
1.0
 40
1.0
 40
1.0
 40
1.0
 10
-14.9214
 20
-8.13
 30
0.0
 10
-15.5834
 20
-7.4355
 30
0.0
 10
-16.2456
 20
-6.741
 30
0.0
 10
-16.9499
 20
-6.0023
 30
0.0
 10
-16.3088
 20
-5.7205
 30
0.0
 10
-15.711
 20
-5.4576
 30
0.0
 10
-15.0489
 20
-5.1665
 30
0.0
 10
-14.9786
 20
-6.1769
 30
0.0
 10
-14.9116
 20
-7.1409
 30
0.0
 10
-14.8445
 20
-8.1045
 30
0.0
 10
-14.8703
 20
-8.1131
 30
0.0
 10
-14.8958
 20
-8.1213
 30
0.0
 10
-14.9214
 20
-8.13
 30
0.0
  0
SPLINE
  5
BE
330
1F
100
AcDbEntity
  8
Layer 1
 62
   250
100
AcDbSpline
210
0.0
220
0.0
230
1.0
 70
    11
 71
     3
 72
    32
 73
    28
 74
     0
 42
0.0000000001
 43
0.0000000001
 40
0.0
 40
0.0
 40
0.0
 40
0.0
 40
0.1111111111111111
 40
0.1111111111111111
 40
0.1111111111111111
 40
0.2222222222222222
 40
0.2222222222222222
 40
0.2222222222222222
 40
0.3333333333333333
 40
0.3333333333333333
 40
0.3333333333333333
 40
0.4444444444444444
 40
0.4444444444444444
 40
0.4444444444444444
 40
0.5555555555555556
 40
0.5555555555555556
 40
0.5555555555555556
 40
0.6666666666666666
 40
0.6666666666666666
 40
0.6666666666666666
 40
0.7777777777777777
 40
0.7777777777777777
 40
0.7777777777777777
 40
0.8888888888888888
 40
0.8888888888888888
 40
0.8888888888888888
 40
1.0
 40
1.0
 40
1.0
 40
1.0
 10
-10.1462
 20
-10.2164
 30
0.0
 10
-10.1594
 20
-10.1912
 30
0.0
 10
-10.1665
 20
-10.125
 30
0.0
 10
-10.168
 20
-10.0175
 30
0.0
 10
-10.1687
 20
-9.9107
 30
0.0
 10
-10.1635
 20
-9.8539
 30
0.0
 10
-10.1505
 20
-9.8473
 30
0.0
 10
-10.1306
 20
-9.8236
 30
0.0
 10
-10.0839
 20
-9.8236
 30
0.0
 10
-10.0099
 20
-9.8471
 30
0.0
 10
-9.9358
 20
-9.8708
 30
0.0
 10
-9.8901
 20
-9.8953
 30
0.0
 10
-9.8721
 20
-9.9215
 30
0.0
 10
-9.8527
 20
-9.9583
 30
0.0
 10
-9.8455
 20
-10.0214
 30
0.0
 10
-9.8495
 20
-10.1116
 30
0.0
 10
-9.8534
 20
-10.2015
 30
0.0
 10
-9.8647
 20
-10.2515
 30
0.0
 10
-9.883
 20
-10.2611
 30
0.0
 10
-9.892
 20
-10.2611
 30
0.0
 10
-9.9234
 20
-10.2584
 30
0.0
 10
-9.9788
 20
-10.2525
 30
0.0
 10
-10.0341
 20
-10.2474
 30
0.0
 10
-10.0746
 20
-10.2426
 30
0.0
 10
-10.1014
 20
-10.2391
 30
0.0
 10
-10.1249
 20
-10.2366
 30
0.0
 10
-10.1396
 20
-10.2295
 30
0.0
 10
-10.1462
 20
-10.2164
 30
0.0
  0
ENDSEC
  0
SECTION
  2
OBJECTS
  0
DICTIONARY
  5
C
330
0
100
AcDbDictionary
281
     1
  3
ACAD_DETAILVIEWSTYLE
350
C6
  3
ACAD_GROUP
350
D
  3
ACAD_LAYOUT
350
1A
  3
ACAD_MATERIAL
350
43
  3
ACAD_MLEADERSTYLE
350
5B
  3
ACAD_MLINESTYLE
350
17
  3
ACAD_PLOTSETTINGS
350
19
  3
ACAD_PLOTSTYLENAME
350
E
  3
ACAD_SCALELIST
350
47
  3
ACAD_SECTIONVIEWSTYLE
350
C7
  3
ACAD_TABLESTYLE
350
59
  3
ACAD_VISUALSTYLE
350
2A
  3
ACDB_RECOMPOSE_DATA
350
C3
  3
AcDbVariableDictionary
350
BF
  0
SUN
  5
5D
330
29
100
AcDbSun
 90
        1
290
     0
 63
     7
421
 16777215
 40
1.0
291
     1
 91
  2455826
 92
 54000000
292
     0
 70
     2
 71
   256
280
     1
  0
DICTIONARY
  5
C6
102
{ACAD_REACTORS
330
C
102
}
330
C
100
AcDbDictionary
281
     1
  0
DICTIONARY
  5
D
102
{ACAD_REACTORS
330
C
102
}
330
C
100
AcDbDictionary
281
     1
  0
DICTIONARY
  5
1A
102
{ACAD_REACTORS
330
C
102
}
330
C
100
AcDbDictionary
281
     1
  3
Layout1
350
1E
  3
Layout2
350
26
  3
Model
350
22
  0
DICTIONARY
  5
43
102
{ACAD_REACTORS
330
C
102
}
330
C
100
AcDbDictionary
281
     1
  3
ByBlock
350
45
  3
ByLayer
350
44
  3
Global
350
46
  0
DICTIONARY
  5
5B
102
{ACAD_REACTORS
330
C
102
}
330
C
100
AcDbDictionary
281
     1
  3
Standard
350
5C
  0
DICTIONARY
  5
17
102
{ACAD_REACTORS
330
C
102
}
330
C
100
AcDbDictionary
281
     1
  3
Standard
350
18
  0
DICTIONARY
  5
19
102
{ACAD_REACTORS
330
C
102
}
330
C
100
AcDbDictionary
281
     1
  0
ACDBDICTIONARYWDFLT
  5
E
102
{ACAD_REACTORS
330
C
102
}
330
C
100
AcDbDictionary
281
     1
  3
Normal
350
F
100
AcDbDictionaryWithDefault
340
F
  0
DICTIONARY
  5
47
102
{ACAD_REACTORS
330
C
102
}
330
C
100
AcDbDictionary
281
     1
  3
A0
350
48
  3
A1
350
49
  3
A2
350
4A
  3
A3
350
4B
  3
A4
350
4C
  3
A5
350
4D
  3
A6
350
4E
  3
A7
350
4F
  3
A8
350
50
  3
A9
350
51
  3
B1
350
52
  3
B2
350
53
  3
B3
350
54
  3
B4
350
55
  3
B5
350
56
  3
B6
350
57
  3
B7
350
58
  0
DICTIONARY
  5
C7
102
{ACAD_REACTORS
330
C
102
}
330
C
100
AcDbDictionary
281
     1
  0
DICTIONARY
  5
59
102
{ACAD_REACTORS
330
C
102
}
330
C
100
AcDbDictionary
281
     1
  3
Standard
350
5A
  0
DICTIONARY
  5
2A
102
{ACAD_REACTORS
330
C
102
}
330
C
100
AcDbDictionary
281
     1
  3
2dWireframe
350
2F
  3
Basic
350
32
  3
Brighten
350
36
  3
ColorChange
350
3A
  3
Conceptual
350
34
  3
Dim
350
35
  3
EdgeColorOff
350
3D
  3
Facepattern
350
39
  3
Flat
350
2B
  3
FlatWithEdges
350
2C
  3
Gouraud
350
2D
  3
GouraudWithEdges
350
2E
  3
Hidden
350
31
  3
JitterOff
350
3B
  3
Linepattern
350
38
  3
OverhangOff
350
3C
  3
Realistic
350
33
  3
Shaded
350
42
  3
Shaded with edges
350
41
  3
Shades of Gray
350
3E
  3
Sketchy
350
3F
  3
Thicken
350
37
  3
Wireframe
350
30
  3
X-Ray
350
40
  0
XRECORD
  5
C3
102
{ACAD_REACTORS
330
C
102
}
330
C
100
AcDbXrecord
280
     1
 90
        1
330
5A
  0
DICTIONARY
  5
BF
102
{ACAD_REACTORS
330
C
102
}
330
C
100
AcDbDictionary
281
     1
  3
CANNOSCALE
350
C0
  3
CMLEADERSTYLE
350
C5
  3
CTABLESTYLE
350
C4
  0
LAYOUT
  5
1E
102
{ACAD_REACTORS
330
1A
102
}
330
1A
100
AcDbPlotSettings
  1

  2
none_device
  4

  6

 40
0.0
 41
0.0
 42
0.0
 43
0.0
 44
0.0
 45
0.0
 46
0.0
 47
0.0
 48
0.0
 49
0.0
140
0.0
141
0.0
142
1.0
143
1.0
 70
   688
 72
     0
 73
     0
 74
     5
  7

 75
    16
 76
     0
 77
     2
 78
   300
147
1.0
148
0.0
149
0.0
100
AcDbLayout
  1
Layout1
 70
     1
 71
     1
 10
0.0
 20
0.0
 11
12.0
 21
9.0
 12
0.0
 22
0.0
 32
0.0
 14
1.000000000000000E+20
 24
1.000000000000000E+20
 34
1.000000000000000E+20
 15
-1.000000000000000E+20
 25
-1.000000000000000E+20
 35
-1.000000000000000E+20
146
0.0
 13
0.0
 23
0.0
 33
0.0
 16
1.0
 26
0.0
 36
0.0
 17
0.0
 27
1.0
 37
0.0
 76
     0
330
1B
  0
LAYOUT
  5
26
102
{ACAD_REACTORS
330
1A
102
}
330
1A
100
AcDbPlotSettings
  1

  2
none_device
  4

  6

 40
0.0
 41
0.0
 42
0.0
 43
0.0
 44
0.0
 45
0.0
 46
0.0
 47
0.0
 48
0.0
 49
0.0
140
0.0
141
0.0
142
1.0
143
1.0
 70
   688
 72
     0
 73
     0
 74
     5
  7

 75
    16
 76
     0
 77
     2
 78
   300
147
1.0
148
0.0
149
0.0
100
AcDbLayout
  1
Layout2
 70
     1
 71
     2
 10
0.0
 20
0.0
 11
0.0
 21
0.0
 12
0.0
 22
0.0
 32
0.0
 14
0.0
 24
0.0
 34
0.0
 15
0.0
 25
0.0
 35
0.0
146
0.0
 13
0.0
 23
0.0
 33
0.0
 16
1.0
 26
0.0
 36
0.0
 17
0.0
 27
1.0
 37
0.0
 76
     0
330
23
  0
LAYOUT
  5
22
102
{ACAD_REACTORS
330
1A
102
}
330
1A
100
AcDbPlotSettings
  1

  2
none_device
  4
Letter_(8.50_x_11.00_Inches)
  6

 40
6.35
 41
6.35
 42
6.35000508
 43
6.35000508
 44
215.9
 45
279.4
 46
0.0
 47
0.0
 48
0.0
 49
0.0
140
0.0
141
0.0
142
1.0
143
1.0
 70
  1712
 72
     0
 73
     0
 74
     0
  7

 75
     0
 76
     0
 77
     2
 78
   300
147
1.0
148
0.0
149
0.0
100
AcDbLayout
  1
Model
 70
     1
 71
     0
 10
0.0
 20
0.0
 11
12.0
 21
9.0
 12
0.0
 22
0.0
 32
0.0
 14
-18.2346
 24
-18.4031
 34
0.0
 15
19.3854
 25
18.159
 35
0.0
146
0.0
 13
0.0
 23
0.0
 33
0.0
 16
1.0
 26
0.0
 36
0.0
 17
0.0
 27
1.0
 37
0.0
 76
     0
330
1F
331
29
  0
MATERIAL
  5
45
102
{ACAD_REACTORS
330
43
102
}
330
43
100
AcDbMaterial
  1
ByBlock
 72
     1
 94
      127
  0
MATERIAL
  5
44
102
{ACAD_REACTORS
330
43
102
}
330
43
100
AcDbMaterial
  1
ByLayer
 72
     1
 94
      127
  0
MATERIAL
  5
46
102
{ACAD_REACTORS
330
43
102
}
330
43
100
AcDbMaterial
  1
Global
 72
     1
 94
      127
  0
MLEADERSTYLE
  5
5C
102
{ACAD_REACTORS
330
5B
102
}
330
5B
100
AcDbMLeaderStyle
179
     2
170
     2
171
     1
172
     0
 90
        2
 40
0.0
 41
0.0
173
     1
 91
-1056964608
340
14
 92
       -2
290
     1
 42
0.09
291
     1
 43
0.36
  3
Standard
341
0
 44
0.18
300

342
11
174
     1
178
     6
175
     1
176
     0
 93
-1056964608
 45
0.18
292
     0
297
     0
 46
0.18
343
0
 94
-1056964608
 47
1.0
 49
1.0
140
1.0
293
     1
141
0.0
294
     1
177
     0
142
1.0
295
     0
296
     0
143
0.125
271
     0
272
     9
273
     9
298
     0
  0
MLINESTYLE
  5
18
102
{ACAD_REACTORS
330
17
102
}
330
17
100
AcDbMlineStyle
  2
Standard
 70
     0
  3

 62
   256
 51
90.0
 52
90.0
 71
     2
 49
0.5
 62
   256
  6
BYLAYER
 49
-0.5
 62
   256
  6
BYLAYER
  0
ACDBPLACEHOLDER
  5
F
102
{ACAD_REACTORS
330
E
102
}
330
E
  0
SCALE
  5
48
102
{ACAD_REACTORS
330
47
102
}
330
47
100
AcDbScale
 70
     0
300
1:1
140
1.0
141
1.0
290
     1
  0
SCALE
  5
49
102
{ACAD_REACTORS
330
47
102
}
330
47
100
AcDbScale
 70
     0
300
1/128" = 1'-0"
140
0.0078125
141
12.0
290
     0
  0
SCALE
  5
4A
102
{ACAD_REACTORS
330
47
102
}
330
47
100
AcDbScale
 70
     0
300
1/64" = 1'-0"
140
0.015625
141
12.0
290
     0
  0
SCALE
  5
4B
102
{ACAD_REACTORS
330
47
102
}
330
47
100
AcDbScale
 70
     0
300
1/32" = 1'-0"
140
0.03125
141
12.0
290
     0
  0
SCALE
  5
4C
102
{ACAD_REACTORS
330
47
102
}
330
47
100
AcDbScale
 70
     0
300
1/16" = 1'-0"
140
0.0625
141
12.0
290
     0
  0
SCALE
  5
4D
102
{ACAD_REACTORS
330
47
102
}
330
47
100
AcDbScale
 70
     0
300
3/32" = 1'-0"
140
0.09375
141
12.0
290
     0
  0
SCALE
  5
4E
102
{ACAD_REACTORS
330
47
102
}
330
47
100
AcDbScale
 70
     0
300
1/8" = 1'-0"
140
0.125
141
12.0
290
     0
  0
SCALE
  5
4F
102
{ACAD_REACTORS
330
47
102
}
330
47
100
AcDbScale
 70
     0
300
3/16" = 1'-0"
140
0.1875
141
12.0
290
     0
  0
SCALE
  5
50
102
{ACAD_REACTORS
330
47
102
}
330
47
100
AcDbScale
 70
     0
300
1/4" = 1'-0"
140
0.25
141
12.0
290
     0
  0
SCALE
  5
51
102
{ACAD_REACTORS
330
47
102
}
330
47
100
AcDbScale
 70
     0
300
3/8" = 1'-0"
140
0.375
141
12.0
290
     0
  0
SCALE
  5
52
102
{ACAD_REACTORS
330
47
102
}
330
47
100
AcDbScale
 70
     0
300
1/2" = 1'-0"
140
0.5
141
12.0
290
     0
  0
SCALE
  5
53
102
{ACAD_REACTORS
330
47
102
}
330
47
100
AcDbScale
 70
     0
300
3/4" = 1'-0"
140
0.75
141
12.0
290
     0
  0
SCALE
  5
54
102
{ACAD_REACTORS
330
47
102
}
330
47
100
AcDbScale
 70
     0
300
1" = 1'-0"
140
1.0
141
12.0
290
     0
  0
SCALE
  5
55
102
{ACAD_REACTORS
330
47
102
}
330
47
100
AcDbScale
 70
     0
300
1-1/2" = 1'-0"
140
1.5
141
12.0
290
     0
  0
SCALE
  5
56
102
{ACAD_REACTORS
330
47
102
}
330
47
100
AcDbScale
 70
     0
300
3" = 1'-0"
140
3.0
141
12.0
290
     0
  0
SCALE
  5
57
102
{ACAD_REACTORS
330
47
102
}
330
47
100
AcDbScale
 70
     0
300
6" = 1'-0"
140
6.0
141
12.0
290
     0
  0
SCALE
  5
58
102
{ACAD_REACTORS
330
47
102
}
330
47
100
AcDbScale
 70
     0
300
1'-0" = 1'-0"
140
12.0
141
12.0
290
     0
  0
TABLESTYLE
  5
5A
102
{ACAD_REACTORS
330
59
102
}
102
{ACAD_XDICTIONARY
360
C1
102
}
330
59
100
AcDbTableStyle
  3
Standard
 70
     0
 71
     0
 40
0.06
 41
0.06
280
     0
281
     0
  7
Standard
140
0.18
170
     2
 62
     0
 63
   257
283
     0
 90
        4
 91
        0
  1

274
    -2
284
     1
 64
     0
275
    -2
285
     1
 65
     0
276
    -2
286
     1
 66
     0
277
    -2
287
     1
 67
     0
278
    -2
288
     1
 68
     0
279
    -2
289
     1
 69
     0
  7
Standard
140
0.25
170
     5
 62
     0
 63
   257
283
     0
 90
        4
 91
        0
  1

274
    -2
284
     1
 64
     0
275
    -2
285
     1
 65
     0
276
    -2
286
     1
 66
     0
277
    -2
287
     1
 67
     0
278
    -2
288
     1
 68
     0
279
    -2
289
     1
 69
     0
  7
Standard
140
0.18
170
     5
 62
     0
 63
   257
283
     0
 90
        4
 91
        0
  1

274
    -2
284
     1
 64
     0
275
    -2
285
     1
 65
     0
276
    -2
286
     1
 66
     0
277
    -2
287
     1
 67
     0
278
    -2
288
     1
 68
     0
279
    -2
289
     1
 69
     0
  0
VISUALSTYLE
  5
2F
102
{ACAD_REACTORS
330
2A
102
}
330
2A
100
AcDbVisualStyle
  2
2dWireframe
 70
     4
177
     3
291
     0
 70
    58
 90
        0
176
     1
 90
        2
176
     1
 90
        0
176
     1
 90
        0
176
     1
 40
0.6
176
     1
 40
30.0
176
     1
 62
     7
420
 16777215
176
     1
 90
        1
176
     1
 90
        4
176
     1
 62
     7
176
     1
 62
   257
176
     1
 90
        1
176
     1
 90
        1
176
     1
 40
1.0
176
     1
 90
        0
176
     1
 62
   257
176
     1
 40
1.0
176
     1
 90
        1
176
     1
 90
        6
176
     1
 90
        2
176
     1
 62
     7
176
     1
 90
        5
176
     1
 90
        0
176
     1
 90
        0
176
     1
290
     0
176
     1
 90
        1
176
     1
 40
0.0
176
     1
 90
        0
176
     1
290
     1
176
     1
290
     1
176
     1
290
     0
176
     1
290
     0
176
     1
290
     0
176
     1
290
     0
176
     1
290
     0
176
     1
290
     0
176
     1
290
     0
176
     1
 90
       50
176
     1
 40
0.0
176
     1
 40
1.0
176
     1
 90
        0
176
     1
 62
    18
420
        0
176
     1
 90
       50
176
     1
 90
        3
176
     1
 62
     5
420
      255
176
     1
290
     0
176
     1
 90
       50
176
     1
 90
       50
176
     1
 90
       50
176
     1
290
     0
176
     1
 90
       50
176
     1
 62
   256
176
     0
 40
1.0
176
     0
 90
        2
176
     1
  1
strokes_ogs.tif
176
     1
290
     0
176
     1
 40
1.0
176
     1
 40
1.0
176
     1
  0
VISUALSTYLE
  5
32
102
{ACAD_REACTORS
330
2A
102
}
330
2A
100
AcDbVisualStyle
  2
Basic
 70
     7
177
     3
291
     1
 70
    58
 90
        1
176
     1
 90
        0
176
     1
 90
        1
176
     1
 90
        0
176
     1
 40
0.6
176
     1
 40
30.0
176
     1
 62
     7
420
 16777215
176
     1
 90
        0
176
     1
 90
        4
176
     1
 62
     7
176
     1
 62
   257
176
     1
 90
        1
176
     1
 90
        1
176
     1
 40
1.0
176
     1
 90
        8
176
     1
 62
     7
176
     1
 40
1.0
176
     1
 90
        1
176
     1
 90
        6
176
     1
 90
        2
176
     1
 62
     7
176
     1
 90
        5
176
     1
 90
        0
176
     1
 90
        0
176
     1
290
     0
176
     1
 90
        1
176
     1
 40
0.0
176
     1
 90
        0
176
     1
290
     0
176
     1
290
     1
176
     1
290
     1
176
     1
290
     0
176
     1
290
     0
176
     1
290
     0
176
     1
290
     0
176
     1
290
     0
176
     1
290
     0
176
     1
 90
       50
176
     1
 40
0.0
176
     1
 40
1.0
176
     1
 90
        0
176
     1
 62
    18
420
        0
176
     1
 90
       50
176
     1
 90
        3
176
     1
 62
     5
420
      255
176
     1
290
     0
176
     1
 90
       50
176
     1
 90
       50
176
     1
 90
       50
176
     1
290
     0
176
     1
 90
       50
176
     1
 62
   256
176
     0
 40
1.0
176
     0
 90
        2
176
     1
  1
strokes_ogs.tif
176
     1
290
     0
176
     1
 40
1.0
176
     1
 40
1.0
176
     1
  0
VISUALSTYLE
  5
36
102
{ACAD_REACTORS
330
2A
102
}
330
2A
100
AcDbVisualStyle
  2
Brighten
 70
    12
177
     3
291
     1
 70
    58
 90
        2
176
     1
 90
        2
176
     1
 90
        0
176
     1
 90
        0
176
     1
 40
0.6
176
     1
 40
30.0
176
     1
 62
     7
420
 16777215
176
     1
 90
        1
176
     1
 90
        4
176
     1
 62
     7
176
     1
 62
   257
176
     1
 90
        1
176
     1
 90
        1
176
     1
 40
1.0
176
     1
 90
        8
176
     1
 62
     7
176
     1
 40
1.0
176
     1
 90
        1
176
     1
 90
        6
176
     1
 90
        2
176
     1
 62
     7
176
     1
 90
        5
176
     1
 90
        0
176
     1
 90
        0
176
     1
290
     0
176
     1
 90
        1
176
     1
 40
50.0
176
     1
 90
        0
176
     1
290
     0
176
     1
290
     1
176
     1
290
     1
176
     1
290
     0
176
     1
290
     0
176
     1
290
     0
176
     1
290
     0
176
     1
290
     0
176
     1
290
     0
176
     1
 90
       50
176
     1
 40
0.0
176
     1
 40
1.0
176
     1
 90
        0
176
     1
 62
    18
420
        0
176
     1
 90
       50
176
     1
 90
        3
176
     1
 62
     5
420
      255
176
     1
290
     0
176
     1
 90
       50
176
     1
 90
       50
176
     1
 90
       50
176
     1
290
     0
176
     1
 90
       50
176
     1
 62
   256
176
     0
 40
1.0
176
     0
 90
        2
176
     1
  1
strokes_ogs.tif
176
     1
290
     0
176
     1
 40
1.0
176
     1
 40
1.0
176
     1
  0
VISUALSTYLE
  5
3A
102
{ACAD_REACTORS
330
2A
102
}
330
2A
100
AcDbVisualStyle
  2
ColorChange
 70
    16
177
     3
291
     1
 70
    58
 90
        2
176
     1
 90
        2
176
     1
 90
        3
176
     1
 90
        0
176
     1
 40
0.6
176
     1
 40
30.0
176
     1
 62
     8
420
  8421504
176
     1
 90
        1
176
     1
 90
        4
176
     1
 62
     7
176
     1
 62
   257
176
     1
 90
        1
176
     1
 90
        1
176
     1
 40
1.0
176
     1
 90
        8
176
     1
 62
     8
420
  8421504
176
     1
 40
1.0
176
     1
 90
        1
176
     1
 90
        6
176
     1
 90
        2
176
     1
 62
     7
176
     1
 90
        5
176
     1
 90
        0
176
     1
 90
        0
176
     1
290
     0
176
     1
 90
        1
176
     1
 40
0.0
176
     1
 90
        0
176
     1
290
     0
176
     1
290
     1
176
     1
290
     1
176
     1
290
     0
176
     1
290
     0
176
     1
290
     0
176
     1
290
     0
176
     1
290
     0
176
     1
290
     0
176
     1
 90
       50
176
     1
 40
0.0
176
     1
 40
1.0
176
     1
 90
        0
176
     1
 62
    18
420
        0
176
     1
 90
       50
176
     1
 90
        3
176
     1
 62
     5
420
      255
176
     1
290
     0
176
     1
 90
       50
176
     1
 90
       50
176
     1
 90
       50
176
     1
290
     0
176
     1
 90
       50
176
     1
 62
   256
176
     0
 40
1.0
176
     0
 90
        2
176
     1
  1
strokes_ogs.tif
176
     1
290
     0
176
     1
 40
1.0
176
     1
 40
1.0
176
     1
  0
VISUALSTYLE
  5
34
102
{ACAD_REACTORS
330
2A
102
}
330
2A
100
AcDbVisualStyle
  2
Conceptual
 70
     9
177
     3
291
     0
 70
    58
 90
        3
176
     1
 90
        2
176
     1
 90
        0
176
     1
 90
        0
176
     1
 40
0.6
176
     1
 40
30.0
176
     1
 62
     7
420
 16777215
176
     1
 90
        2
176
     1
 90
        2
176
     1
 62
     7
176
     1
 62
   257
176
     1
 90
        1
176
     1
 90
        1
176
     1
 40
179.0
176
     1
 90
        8
176
     1
 62
     7
176
     1
 40
1.0
176
     1
 90
        1
176
     1
 90
        6
176
     1
 90
        2
176
     1
 62
     7
176
     1
 90
        3
176
     1
 90
        0
176
     1
 90
        0
176
     1
290
     0
176
     1
 90
        1
176
     1
 40
0.0
176
     1
 90
        0
176
     1
290
     0
176
     1
290
     1
176
     1
290
     1
176
     1
290
     0
176
     1
290
     0
176
     1
290
     0
176
     1
290
     0
176
     1
290
     0
176
     1
290
     0
176
     1
 90
       50
176
     1
 40
0.0
176
     1
 40
1.0
176
     1
 90
        0
176
     1
 62
    18
420
        0
176
     1
 90
       50
176
     1
 90
        3
176
     1
 62
     5
420
      255
176
     1
290
     0
176
     1
 90
       50
176
     1
 90
       50
176
     1
 90
       50
176
     1
290
     0
176
     1
 90
       50
176
     1
 62
   256
176
     0
 40
1.0
176
     0
 90
        2
176
     1
  1
strokes_ogs.tif
176
     1
290
     0
176
     1
 40
1.0
176
     1
 40
1.0
176
     1
  0
VISUALSTYLE
  5
35
102
{ACAD_REACTORS
330
2A
102
}
330
2A
100
AcDbVisualStyle
  2
Dim
 70
    11
177
     3
291
     1
 70
    58
 90
        2
176
     1
 90
        2
176
     1
 90
        0
176
     1
 90
        0
176
     1
 40
0.6
176
     1
 40
30.0
176
     1
 62
     7
420
 16777215
176
     1
 90
        1
176
     1
 90
        4
176
     1
 62
     7
176
     1
 62
   257
176
     1
 90
        1
176
     1
 90
        1
176
     1
 40
1.0
176
     1
 90
        8
176
     1
 62
     7
176
     1
 40
1.0
176
     1
 90
        1
176
     1
 90
        6
176
     1
 90
        2
176
     1
 62
     7
176
     1
 90
        5
176
     1
 90
        0
176
     1
 90
        0
176
     1
290
     0
176
     1
 90
        1
176
     1
 40
-50.0
176
     1
 90
        0
176
     1
290
     0
176
     1
290
     1
176
     1
290
     1
176
     1
290
     0
176
     1
290
     0
176
     1
290
     0
176
     1
290
     0
176
     1
290
     0
176
     1
290
     0
176
     1
 90
       50
176
     1
 40
0.0
176
     1
 40
1.0
176
     1
 90
        0
176
     1
 62
    18
420
        0
176
     1
 90
       50
176
     1
 90
        3
176
     1
 62
     5
420
      255
176
     1
290
     0
176
     1
 90
       50
176
     1
 90
       50
176
     1
 90
       50
176
     1
290
     0
176
     1
 90
       50
176
     1
 62
   256
176
     0
 40
1.0
176
     0
 90
        2
176
     1
  1
strokes_ogs.tif
176
     1
290
     0
176
     1
 40
1.0
176
     1
 40
1.0
176
     1
  0
VISUALSTYLE
  5
3D
102
{ACAD_REACTORS
330
2A
102
}
330
2A
100
AcDbVisualStyle
  2
EdgeColorOff
 70
    22
177
     3
291
     1
 70
    58
 90
        2
176
     0
 90
        2
176
     0
 90
        0
176
     0
 90
        0
176
     0
 40
0.6
176
     0
 40
30.0
176
     0
 62
     7
420
 16777215
176
     0
 90
        1
176
     0
 90
        4
176
     0
 62
     7
176
     0
 62
   257
176
     0
 90
        1
176
     0
 90
        1
176
     0
 40
1.0
176
     0
 90
        8
176
     2
 62
     7
176
     0
 40
1.0
176
     0
 90
        1
176
     0
 90
        6
176
     0
 90
        2
176
     0
 62
     7
176
     0
 90
        5
176
     0
 90
        0
176
     0
 90
        0
176
     0
290
     0
176
     0
 90
        1
176
     0
 40
0.0
176
     0
 90
        0
176
     0
290
     0
176
     0
290
     1
176
     0
290
     1
176
     0
290
     0
176
     0
290
     0
176
     0
290
     0
176
     0
290
     0
176
     0
290
     0
176
     0
290
     0
176
     0
 90
       50
176
     0
 40
0.0
176
     0
 40
1.0
176
     0
 90
        0
176
     0
 62
    18
420
        0
176
     0
 90
       50
176
     0
 90
        3
176
     0
 62
     5
420
      255
176
     0
290
     0
176
     0
 90
       50
176
     0
 90
       50
176
     0
 90
       50
176
     0
290
     0
176
     0
 90
       50
176
     0
 62
   256
176
     0
 40
1.0
176
     0
 90
        2
176
     0
  1
strokes_ogs.tif
176
     0
290
     0
176
     0
 40
1.0
176
     0
 40
1.0
176
     0
  0
VISUALSTYLE
  5
39
102
{ACAD_REACTORS
330
2A
102
}
330
2A
100
AcDbVisualStyle
  2
Facepattern
 70
    15
177
     3
291
     1
 70
    58
 90
        2
176
     1
 90
        2
176
     1
 90
        0
176
     1
 90
        0
176
     1
 40
0.6
176
     1
 40
30.0
176
     1
 62
     7
420
 16777215
176
     1
 90
        1
176
     1
 90
        4
176
     1
 62
     7
176
     1
 62
   257
176
     1
 90
        1
176
     1
 90
        1
176
     1
 40
1.0
176
     1
 90
        8
176
     1
 62
     7
176
     1
 40
1.0
176
     1
 90
        1
176
     1
 90
        6
176
     1
 90
        2
176
     1
 62
     7
176
     1
 90
        5
176
     1
 90
        0
176
     1
 90
        0
176
     1
290
     0
176
     1
 90
        1
176
     1
 40
0.0
176
     1
 90
        0
176
     1
290
     0
176
     1
290
     1
176
     1
290
     1
176
     1
290
     0
176
     1
290
     0
176
     1
290
     0
176
     1
290
     0
176
     1
290
     0
176
     1
290
     0
176
     1
 90
       50
176
     1
 40
0.0
176
     1
 40
1.0
176
     1
 90
        0
176
     1
 62
    18
420
        0
176
     1
 90
       50
176
     1
 90
        3
176
     1
 62
     5
420
      255
176
     1
290
     0
176
     1
 90
       50
176
     1
 90
       50
176
     1
 90
       50
176
     1
290
     0
176
     1
 90
       50
176
     1
 62
   256
176
     0
 40
1.0
176
     0
 90
        2
176
     1
  1
strokes_ogs.tif
176
     1
290
     0
176
     1
 40
1.0
176
     1
 40
1.0
176
     1
  0
VISUALSTYLE
  5
2B
102
{ACAD_REACTORS
330
2A
102
}
330
2A
100
AcDbVisualStyle
  2
Flat
 70
     0
177
     3
291
     1
 70
    58
 90
        2
176
     1
 90
        1
176
     1
 90
        1
176
     1
 90
        2
176
     1
 40
0.6
176
     1
 40
30.0
176
     1
 62
     7
420
 16777215
176
     1
 90
        0
176
     1
 90
        0
176
     1
 62
     7
176
     1
 62
   257
176
     1
 90
        1
176
     1
 90
        1
176
     1
 40
1.0
176
     1
 90
        8
176
     1
 62
     7
176
     1
 40
1.0
176
     1
 90
        1
176
     1
 90
        6
176
     1
 90
        2
176
     1
 62
     7
176
     1
 90
        5
176
     1
 90
        0
176
     1
 90
        0
176
     1
290
     0
176
     1
 90
       13
176
     1
 40
0.0
176
     1
 90
        0
176
     1
290
     0
176
     1
290
     1
176
     1
290
     1
176
     1
290
     0
176
     1
290
     0
176
     1
290
     0
176
     1
290
     0
176
     1
290
     0
176
     1
290
     0
176
     1
 90
       50
176
     1
 40
0.0
176
     1
 40
1.0
176
     1
 90
        0
176
     1
 62
    18
420
        0
176
     1
 90
       50
176
     1
 90
        3
176
     1
 62
     5
420
      255
176
     1
290
     0
176
     1
 90
       50
176
     1
 90
       50
176
     1
 90
       50
176
     1
290
     0
176
     1
 90
       50
176
     1
 62
   256
176
     0
 40
1.0
176
     0
 90
        2
176
     1
  1
strokes_ogs.tif
176
     1
290
     0
176
     1
 40
1.0
176
     1
 40
1.0
176
     1
  0
VISUALSTYLE
  5
2C
102
{ACAD_REACTORS
330
2A
102
}
330
2A
100
AcDbVisualStyle
  2
FlatWithEdges
 70
     1
177
     3
291
     1
 70
    58
 90
        2
176
     1
 90
        1
176
     1
 90
        1
176
     1
 90
        2
176
     1
 40
0.6
176
     1
 40
30.0
176
     1
 62
     7
420
 16777215
176
     1
 90
        1
176
     1
 90
        0
176
     1
 62
     7
176
     1
 62
   257
176
     1
 90
        1
176
     1
 90
        1
176
     1
 40
1.0
176
     1
 90
        0
176
     1
 62
   257
176
     1
 40
1.0
176
     1
 90
        1
176
     1
 90
        6
176
     1
 90
        2
176
     1
 62
     7
176
     1
 90
        5
176
     1
 90
        0
176
     1
 90
        0
176
     1
290
     0
176
     1
 90
       13
176
     1
 40
0.0
176
     1
 90
        0
176
     1
290
     0
176
     1
290
     1
176
     1
290
     1
176
     1
290
     0
176
     1
290
     0
176
     1
290
     0
176
     1
290
     0
176
     1
290
     0
176
     1
290
     0
176
     1
 90
       50
176
     1
 40
0.0
176
     1
 40
1.0
176
     1
 90
        0
176
     1
 62
    18
420
        0
176
     1
 90
       50
176
     1
 90
        3
176
     1
 62
     5
420
      255
176
     1
290
     0
176
     1
 90
       50
176
     1
 90
       50
176
     1
 90
       50
176
     1
290
     0
176
     1
 90
       50
176
     1
 62
   256
176
     0
 40
1.0
176
     0
 90
        2
176
     1
  1
strokes_ogs.tif
176
     1
290
     0
176
     1
 40
1.0
176
     1
 40
1.0
176
     1
  0
VISUALSTYLE
  5
2D
102
{ACAD_REACTORS
330
2A
102
}
330
2A
100
AcDbVisualStyle
  2
Gouraud
 70
     2
177
     3
291
     1
 70
    58
 90
        2
176
     1
 90
        2
176
     1
 90
        1
176
     1
 90
        2
176
     1
 40
0.6
176
     1
 40
30.0
176
     1
 62
     7
420
 16777215
176
     1
 90
        0
176
     1
 90
        0
176
     1
 62
     7
176
     1
 62
   257
176
     1
 90
        1
176
     1
 90
        1
176
     1
 40
1.0
176
     1
 90
        0
176
     1
 62
     7
176
     1
 40
1.0
176
     1
 90
        1
176
     1
 90
        6
176
     1
 90
        2
176
     1
 62
     7
176
     1
 90
        5
176
     1
 90
        0
176
     1
 90
        0
176
     1
290
     0
176
     1
 90
       13
176
     1
 40
0.0
176
     1
 90
        0
176
     1
290
     0
176
     1
290
     1
176
     1
290
     1
176
     1
290
     0
176
     1
290
     0
176
     1
290
     0
176
     1
290
     0
176
     1
290
     0
176
     1
290
     0
176
     1
 90
       50
176
     1
 40
0.0
176
     1
 40
1.0
176
     1
 90
        0
176
     1
 62
    18
420
        0
176
     1
 90
       50
176
     1
 90
        3
176
     1
 62
     5
420
      255
176
     1
290
     0
176
     1
 90
       50
176
     1
 90
       50
176
     1
 90
       50
176
     1
290
     0
176
     1
 90
       50
176
     1
 62
   256
176
     0
 40
1.0
176
     0
 90
        2
176
     1
  1
strokes_ogs.tif
176
     1
290
     0
176
     1
 40
1.0
176
     1
 40
1.0
176
     1
  0
VISUALSTYLE
  5
2E
102
{ACAD_REACTORS
330
2A
102
}
330
2A
100
AcDbVisualStyle
  2
GouraudWithEdges
 70
     3
177
     3
291
     1
 70
    58
 90
        2
176
     1
 90
        2
176
     1
 90
        1
176
     1
 90
        2
176
     1
 40
0.6
176
     1
 40
30.0
176
     1
 62
     7
420
 16777215
176
     1
 90
        1
176
     1
 90
        0
176
     1
 62
     7
176
     1
 62
   257
176
     1
 90
        1
176
     1
 90
        1
176
     1
 40
1.0
176
     1
 90
        0
176
     1
 62
   257
176
     1
 40
1.0
176
     1
 90
        1
176
     1
 90
        6
176
     1
 90
        2
176
     1
 62
     7
176
     1
 90
        5
176
     1
 90
        0
176
     1
 90
        0
176
     1
290
     0
176
     1
 90
       13
176
     1
 40
0.0
176
     1
 90
        0
176
     1
290
     0
176
     1
290
     1
176
     1
290
     1
176
     1
290
     0
176
     1
290
     0
176
     1
290
     0
176
     1
290
     0
176
     1
290
     0
176
     1
290
     0
176
     1
 90
       50
176
     1
 40
0.0
176
     1
 40
1.0
176
     1
 90
        0
176
     1
 62
    18
420
        0
176
     1
 90
       50
176
     1
 90
        3
176
     1
 62
     5
420
      255
176
     1
290
     0
176
     1
 90
       50
176
     1
 90
       50
176
     1
 90
       50
176
     1
290
     0
176
     1
 90
       50
176
     1
 62
   256
176
     0
 40
1.0
176
     0
 90
        2
176
     1
  1
strokes_ogs.tif
176
     1
290
     0
176
     1
 40
1.0
176
     1
 40
1.0
176
     1
  0
VISUALSTYLE
  5
31
102
{ACAD_REACTORS
330
2A
102
}
330
2A
100
AcDbVisualStyle
  2
Hidden
 70
     6
177
     3
291
     0
 70
    58
 90
        1
176
     1
 90
        2
176
     1
 90
        2
176
     1
 90
        0
176
     1
 40
0.6
176
     1
 40
30.0
176
     1
 62
     7
420
 16777215
176
     1
 90
        2
176
     1
 90
        2
176
     1
 62
     7
176
     1
 62
   257
176
     1
 90
        2
176
     1
 90
        1
176
     1
 40
40.0
176
     1
 90
        0
176
     1
 62
   257
176
     1
 40
1.0
176
     1
 90
        1
176
     1
 90
        6
176
     1
 90
        2
176
     1
 62
     7
176
     1
 90
        3
176
     1
 90
        0
176
     1
 90
        0
176
     1
290
     0
176
     1
 90
        1
176
     1
 40
0.0
176
     1
 90
        0
176
     1
290
     0
176
     1
290
     1
176
     1
290
     1
176
     1
290
     0
176
     1
290
     0
176
     1
290
     0
176
     1
290
     0
176
     1
290
     0
176
     1
290
     0
176
     1
 90
       50
176
     1
 40
0.0
176
     1
 40
1.0
176
     1
 90
        0
176
     1
 62
    18
420
        0
176
     1
 90
       50
176
     1
 90
        3
176
     1
 62
     5
420
      255
176
     1
290
     0
176
     1
 90
       50
176
     1
 90
       50
176
     1
 90
       50
176
     1
290
     0
176
     1
 90
       50
176
     1
 62
   256
176
     0
 40
1.0
176
     0
 90
        2
176
     1
  1
strokes_ogs.tif
176
     1
290
     0
176
     1
 40
1.0
176
     1
 40
1.0
176
     1
  0
VISUALSTYLE
  5
3B
102
{ACAD_REACTORS
330
2A
102
}
330
2A
100
AcDbVisualStyle
  2
JitterOff
 70
    20
177
     3
291
     1
 70
    58
 90
        2
176
     0
 90
        2
176
     0
 90
        0
176
     0
 90
        0
176
     0
 40
0.6
176
     0
 40
30.0
176
     0
 62
     7
420
 16777215
176
     0
 90
        1
176
     0
 90
        4
176
     0
 62
     7
176
     0
 62
   257
176
     0
 90
        1
176
     0
 90
        1
176
     0
 40
1.0
176
     0
 90
       10
176
     2
 62
     7
176
     0
 40
1.0
176
     0
 90
        1
176
     0
 90
        6
176
     0
 90
        2
176
     0
 62
     7
176
     0
 90
        5
176
     0
 90
        0
176
     0
 90
        0
176
     0
290
     0
176
     0
 90
        1
176
     0
 40
0.0
176
     0
 90
        0
176
     0
290
     0
176
     0
290
     1
176
     0
290
     1
176
     0
290
     0
176
     0
290
     0
176
     0
290
     0
176
     0
290
     0
176
     0
290
     0
176
     0
290
     0
176
     0
 90
       50
176
     0
 40
0.0
176
     0
 40
1.0
176
     0
 90
        0
176
     0
 62
    18
420
        0
176
     0
 90
       50
176
     0
 90
        3
176
     0
 62
     5
420
      255
176
     0
290
     0
176
     0
 90
       50
176
     0
 90
       50
176
     0
 90
       50
176
     0
290
     0
176
     0
 90
       50
176
     0
 62
   256
176
     0
 40
1.0
176
     0
 90
        2
176
     0
  1
strokes_ogs.tif
176
     0
290
     0
176
     0
 40
1.0
176
     0
 40
1.0
176
     0
  0
VISUALSTYLE
  5
38
102
{ACAD_REACTORS
330
2A
102
}
330
2A
100
AcDbVisualStyle
  2
Linepattern
 70
    14
177
     3
291
     1
 70
    58
 90
        2
176
     1
 90
        2
176
     1
 90
        0
176
     1
 90
        0
176
     1
 40
0.6
176
     1
 40
30.0
176
     1
 62
     7
420
 16777215
176
     1
 90
        1
176
     1
 90
        4
176
     1
 62
     7
176
     1
 62
   257
176
     1
 90
        7
176
     1
 90
        7
176
     1
 40
1.0
176
     1
 90
        8
176
     1
 62
     7
176
     1
 40
1.0
176
     1
 90
        1
176
     1
 90
        6
176
     1
 90
        2
176
     1
 62
     7
176
     1
 90
        5
176
     1
 90
        0
176
     1
 90
        0
176
     1
290
     0
176
     1
 90
        1
176
     1
 40
0.0
176
     1
 90
        0
176
     1
290
     0
176
     1
290
     1
176
     1
290
     1
176
     1
290
     0
176
     1
290
     0
176
     1
290
     0
176
     1
290
     0
176
     1
290
     0
176
     1
290
     0
176
     1
 90
       50
176
     1
 40
0.0
176
     1
 40
1.0
176
     1
 90
        0
176
     1
 62
    18
420
        0
176
     1
 90
       50
176
     1
 90
        3
176
     1
 62
     5
420
      255
176
     1
290
     0
176
     1
 90
       50
176
     1
 90
       50
176
     1
 90
       50
176
     1
290
     0
176
     1
 90
       50
176
     1
 62
   256
176
     0
 40
1.0
176
     0
 90
        2
176
     1
  1
strokes_ogs.tif
176
     1
290
     0
176
     1
 40
1.0
176
     1
 40
1.0
176
     1
  0
VISUALSTYLE
  5
3C
102
{ACAD_REACTORS
330
2A
102
}
330
2A
100
AcDbVisualStyle
  2
OverhangOff
 70
    21
177
     3
291
     1
 70
    58
 90
        2
176
     0
 90
        2
176
     0
 90
        0
176
     0
 90
        0
176
     0
 40
0.6
176
     0
 40
30.0
176
     0
 62
     7
420
 16777215
176
     0
 90
        1
176
     0
 90
        4
176
     0
 62
     7
176
     0
 62
   257
176
     0
 90
        1
176
     0
 90
        1
176
     0
 40
1.0
176
     0
 90
        9
176
     2
 62
     7
176
     0
 40
1.0
176
     0
 90
        1
176
     0
 90
        6
176
     0
 90
        2
176
     0
 62
     7
176
     0
 90
        5
176
     0
 90
        0
176
     0
 90
        0
176
     0
290
     0
176
     0
 90
        1
176
     0
 40
0.0
176
     0
 90
        0
176
     0
290
     0
176
     0
290
     1
176
     0
290
     1
176
     0
290
     0
176
     0
290
     0
176
     0
290
     0
176
     0
290
     0
176
     0
290
     0
176
     0
290
     0
176
     0
 90
       50
176
     0
 40
0.0
176
     0
 40
1.0
176
     0
 90
        0
176
     0
 62
    18
420
        0
176
     0
 90
       50
176
     0
 90
        3
176
     0
 62
     5
420
      255
176
     0
290
     0
176
     0
 90
       50
176
     0
 90
       50
176
     0
 90
       50
176
     0
290
     0
176
     0
 90
       50
176
     0
 62
   256
176
     0
 40
1.0
176
     0
 90
        2
176
     0
  1
strokes_ogs.tif
176
     0
290
     0
176
     0
 40
1.0
176
     0
 40
1.0
176
     0
  0
VISUALSTYLE
  5
33
102
{ACAD_REACTORS
330
2A
102
}
330
2A
100
AcDbVisualStyle
  2
Realistic
 70
     8
177
     3
291
     0
 70
    58
 90
        2
176
     1
 90
        3
176
     1
 90
        0
176
     1
 90
        2
176
     1
 40
0.6
176
     1
 40
30.0
176
     1
 62
     7
420
 16777215
176
     1
 90
        0
176
     1
 90
        0
176
     1
 62
     7
176
     1
 62
   257
176
     1
 90
        1
176
     1
 90
        1
176
     1
 40
1.0
176
     1
 90
        8
176
     1
 62
   257
176
     1
 40
1.0
176
     1
 90
        1
176
     1
 90
        6
176
     1
 90
        2
176
     1
 62
     7
176
     1
 90
        3
176
     1
 90
        0
176
     1
 90
        0
176
     1
290
     0
176
     1
 90
       13
176
     1
 40
0.0
176
     1
 90
        0
176
     1
290
     0
176
     1
290
     1
176
     1
290
     1
176
     1
290
     0
176
     1
290
     0
176
     1
290
     0
176
     1
290
     0
176
     1
290
     0
176
     1
290
     0
176
     1
 90
       50
176
     1
 40
0.0
176
     1
 40
1.0
176
     1
 90
        0
176
     1
 62
    18
420
        0
176
     1
 90
       50
176
     1
 90
        3
176
     1
 62
     5
420
      255
176
     1
290
     0
176
     1
 90
       50
176
     1
 90
       50
176
     1
 90
       50
176
     1
290
     0
176
     1
 90
       50
176
     1
 62
   256
176
     0
 40
1.0
176
     0
 90
        2
176
     1
  1
strokes_ogs.tif
176
     1
290
     0
176
     1
 40
1.0
176
     1
 40
1.0
176
     1
  0
VISUALSTYLE
  5
42
102
{ACAD_REACTORS
330
2A
102
}
330
2A
100
AcDbVisualStyle
  2
Shaded
 70
    27
177
     3
291
     0
 70
    58
 90
        2
176
     1
 90
        2
176
     1
 90
        1
176
     1
 90
        2
176
     1
 40
0.6
176
     1
 40
30.0
176
     1
 62
     7
420
 16777215
176
     1
 90
        0
176
     1
 90
        4
176
     1
 62
     7
176
     1
 62
   257
176
     1
 90
        1
176
     1
 90
        1
176
     1
 40
1.0
176
     1
 90
        8
176
     1
 62
   257
176
     1
 40
1.0
176
     1
 90
        1
176
     1
 90
        6
176
     1
 90
        2
176
     1
 62
     8
420
  7895160
176
     1
 90
        3
176
     1
 90
        0
176
     1
 90
        0
176
     1
290
     0
176
     1
 90
        5
176
     1
 40
0.0
176
     1
 90
        0
176
     1
290
     0
176
     1
290
     1
176
     1
290
     1
176
     1
290
     0
176
     1
290
     0
176
     1
290
     0
176
     1
290
     0
176
     1
290
     0
176
     1
290
     0
176
     1
 90
       50
176
     1
 40
0.0
176
     1
 40
1.0
176
     1
 90
        0
176
     1
 62
    18
420
        0
176
     1
 90
       50
176
     1
 90
        3
176
     1
 62
     5
420
      255
176
     1
290
     0
176
     1
 90
       50
176
     1
 90
       50
176
     1
 90
       50
176
     1
290
     0
176
     1
 90
       50
176
     1
 62
   256
176
     0
 40
1.0
176
     0
 90
        2
176
     1
  1
strokes_ogs.tif
176
     1
290
     0
176
     1
 40
1.0
176
     1
 40
1.0
176
     1
  0
VISUALSTYLE
  5
41
102
{ACAD_REACTORS
330
2A
102
}
330
2A
100
AcDbVisualStyle
  2
Shaded with edges
 70
    26
177
     3
291
     0
 70
    58
 90
        2
176
     1
 90
        2
176
     1
 90
        1
176
     1
 90
        2
176
     1
 40
0.6
176
     1
 40
30.0
176
     1
 62
     7
420
 16777215
176
     1
 90
        1
176
     1
 90
       10
176
     1
 62
     7
176
     1
 62
   257
176
     1
 90
        2
176
     1
 90
        1
176
     1
 40
1.0
176
     1
 90
        8
176
     1
 62
   257
176
     1
 40
1.0
176
     1
 90
        1
176
     1
 90
        6
176
     1
 90
        2
176
     1
 62
     7
176
     1
 90
        3
176
     1
 90
        0
176
     1
 90
        0
176
     1
290
     0
176
     1
 90
        5
176
     1
 40
0.0
176
     1
 90
        0
176
     1
290
     0
176
     1
290
     1
176
     1
290
     1
176
     1
290
     0
176
     1
290
     0
176
     1
290
     0
176
     1
290
     0
176
     1
290
     0
176
     1
290
     0
176
     1
 90
       50
176
     1
 40
0.0
176
     1
 40
1.0
176
     1
 90
        0
176
     1
 62
    18
420
        0
176
     1
 90
       50
176
     1
 90
        3
176
     1
 62
     5
420
      255
176
     1
290
     0
176
     1
 90
       50
176
     1
 90
       50
176
     1
 90
       50
176
     1
290
     0
176
     1
 90
       50
176
     1
 62
   256
176
     0
 40
1.0
176
     0
 90
        2
176
     1
  1
strokes_ogs.tif
176
     1
290
     0
176
     1
 40
1.0
176
     1
 40
1.0
176
     1
  0
VISUALSTYLE
  5
3E
102
{ACAD_REACTORS
330
2A
102
}
330
2A
100
AcDbVisualStyle
  2
Shades of Gray
 70
    23
177
     3
291
     0
 70
    58
 90
        2
176
     1
 90
        2
176
     1
 90
        3
176
     1
 90
        0
176
     1
 40
0.6
176
     1
 40
30.0
176
     1
 62
     7
420
 16777215
176
     1
 90
        2
176
     1
 90
        2
176
     1
 62
     7
176
     1
 62
     7
176
     1
 90
        1
176
     1
 90
        1
176
     1
 40
40.0
176
     1
 90
        8
176
     1
 62
     7
176
     1
 40
1.0
176
     1
 90
        1
176
     1
 90
        6
176
     1
 90
        2
176
     1
 62
     7
176
     1
 90
        3
176
     1
 90
        0
176
     1
 90
        0
176
     1
290
     0
176
     1
 90
        1
176
     1
 40
0.0
176
     1
 90
        0
176
     1
290
     0
176
     1
290
     1
176
     1
290
     1
176
     1
290
     0
176
     1
290
     0
176
     1
290
     0
176
     1
290
     0
176
     1
290
     0
176
     1
290
     0
176
     1
 90
       50
176
     1
 40
0.0
176
     1
 40
1.0
176
     1
 90
        0
176
     1
 62
    18
420
        0
176
     1
 90
       50
176
     1
 90
        3
176
     1
 62
     5
420
      255
176
     1
290
     0
176
     1
 90
       50
176
     1
 90
       50
176
     1
 90
       50
176
     1
290
     0
176
     1
 90
       50
176
     1
 62
   256
176
     0
 40
1.0
176
     0
 90
        2
176
     1
  1
strokes_ogs.tif
176
     1
290
     0
176
     1
 40
1.0
176
     1
 40
1.0
176
     1
  0
VISUALSTYLE
  5
3F
102
{ACAD_REACTORS
330
2A
102
}
330
2A
100
AcDbVisualStyle
  2
Sketchy
 70
    24
177
     3
291
     0
 70
    58
 90
        1
176
     1
 90
        2
176
     1
 90
        2
176
     1
 90
        0
176
     1
 40
0.6
176
     1
 40
30.0
176
     1
 62
     7
420
 16777215
176
     1
 90
        2
176
     1
 90
        2
176
     1
 62
     7
176
     1
 62
     7
176
     1
 90
        1
176
     1
 90
        1
176
     1
 40
40.0
176
     1
 90
       11
176
     1
 62
     7
176
     1
 40
1.0
176
     1
 90
        1
176
     1
 90
        6
176
     1
 90
        2
176
     1
 62
     7
176
     1
 90
        6
176
     1
 90
        0
176
     1
 90
        0
176
     1
290
     0
176
     1
 90
        1
176
     1
 40
0.0
176
     1
 90
        0
176
     1
290
     0
176
     1
290
     1
176
     1
290
     1
176
     1
290
     0
176
     1
290
     0
176
     1
290
     0
176
     1
290
     0
176
     1
290
     0
176
     1
290
     0
176
     1
 90
       50
176
     1
 40
0.0
176
     1
 40
1.0
176
     1
 90
        0
176
     1
 62
    18
420
        0
176
     1
 90
       50
176
     1
 90
        3
176
     1
 62
     5
420
      255
176
     1
290
     0
176
     1
 90
       50
176
     1
 90
       50
176
     1
 90
       50
176
     1
290
     0
176
     1
 90
       50
176
     1
 62
   256
176
     0
 40
1.0
176
     0
 90
        2
176
     1
  1
strokes_ogs.tif
176
     1
290
     0
176
     1
 40
1.0
176
     1
 40
1.0
176
     1
  0
VISUALSTYLE
  5
37
102
{ACAD_REACTORS
330
2A
102
}
330
2A
100
AcDbVisualStyle
  2
Thicken
 70
    13
177
     3
291
     1
 70
    58
 90
        2
176
     1
 90
        2
176
     1
 90
        0
176
     1
 90
        0
176
     1
 40
0.6
176
     1
 40
30.0
176
     1
 62
     7
420
 16777215
176
     1
 90
        1
176
     1
 90
        4
176
     1
 62
     7
176
     1
 62
   257
176
     1
 90
        1
176
     1
 90
        1
176
     1
 40
1.0
176
     1
 90
       12
176
     1
 62
     7
176
     1
 40
1.0
176
     1
 90
        1
176
     1
 90
        6
176
     1
 90
        2
176
     1
 62
     7
176
     1
 90
        5
176
     1
 90
        0
176
     1
 90
        0
176
     1
290
     0
176
     1
 90
        1
176
     1
 40
0.0
176
     1
 90
        0
176
     1
290
     0
176
     1
290
     1
176
     1
290
     1
176
     1
290
     0
176
     1
290
     0
176
     1
290
     0
176
     1
290
     0
176
     1
290
     0
176
     1
290
     0
176
     1
 90
       50
176
     1
 40
0.0
176
     1
 40
1.0
176
     1
 90
        0
176
     1
 62
    18
420
        0
176
     1
 90
       50
176
     1
 90
        3
176
     1
 62
     5
420
      255
176
     1
290
     0
176
     1
 90
       50
176
     1
 90
       50
176
     1
 90
       50
176
     1
290
     0
176
     1
 90
       50
176
     1
 62
   256
176
     0
 40
1.0
176
     0
 90
        2
176
     1
  1
strokes_ogs.tif
176
     1
290
     0
176
     1
 40
1.0
176
     1
 40
1.0
176
     1
  0
VISUALSTYLE
  5
30
102
{ACAD_REACTORS
330
2A
102
}
330
2A
100
AcDbVisualStyle
  2
Wireframe
 70
     5
177
     3
291
     0
 70
    58
 90
        0
176
     1
 90
        2
176
     1
 90
        0
176
     1
 90
        0
176
     1
 40
0.6
176
     1
 40
30.0
176
     1
 62
     7
420
 16777215
176
     1
 90
        1
176
     1
 90
        4
176
     1
 62
     7
176
     1
 62
   257
176
     1
 90
        1
176
     1
 90
        1
176
     1
 40
1.0
176
     1
 90
        0
176
     1
 62
   257
176
     1
 40
1.0
176
     1
 90
        1
176
     1
 90
        6
176
     1
 90
        2
176
     1
 62
     7
176
     1
 90
        3
176
     1
 90
        0
176
     1
 90
        0
176
     1
290
     0
176
     1
 90
        1
176
     1
 40
0.0
176
     1
 90
        0
176
     1
290
     0
176
     1
290
     1
176
     1
290
     1
176
     1
290
     0
176
     1
290
     0
176
     1
290
     0
176
     1
290
     0
176
     1
290
     0
176
     1
290
     0
176
     1
 90
       50
176
     1
 40
0.0
176
     1
 40
1.0
176
     1
 90
        0
176
     1
 62
    18
420
        0
176
     1
 90
       50
176
     1
 90
        3
176
     1
 62
     5
420
      255
176
     1
290
     0
176
     1
 90
       50
176
     1
 90
       50
176
     1
 90
       50
176
     1
290
     0
176
     1
 90
       50
176
     1
 62
   256
176
     0
 40
1.0
176
     0
 90
        2
176
     1
  1
strokes_ogs.tif
176
     1
290
     0
176
     1
 40
1.0
176
     1
 40
1.0
176
     1
  0
VISUALSTYLE
  5
40
102
{ACAD_REACTORS
330
2A
102
}
330
2A
100
AcDbVisualStyle
  2
X-Ray
 70
    25
177
     3
291
     0
 70
    58
 90
        2
176
     1
 90
        2
176
     1
 90
        1
176
     1
 90
        1
176
     1
 40
0.5
176
     1
 40
30.0
176
     1
 62
     7
420
 16777215
176
     1
 90
        1
176
     1
 90
        0
176
     1
 62
     7
176
     1
 62
   257
176
     1
 90
        1
176
     1
 90
        1
176
     1
 40
1.0
176
     1
 90
        8
176
     1
 62
     7
176
     1
 40
1.0
176
     1
 90
        1
176
     1
 90
        6
176
     1
 90
        2
176
     1
 62
     7
176
     1
 90
        3
176
     1
 90
        0
176
     1
 90
        0
176
     1
290
     0
176
     1
 90
       13
176
     1
 40
0.0
176
     1
 90
        0
176
     1
290
     0
176
     1
290
     1
176
     1
290
     1
176
     1
290
     0
176
     1
290
     0
176
     1
290
     0
176
     1
290
     0
176
     1
290
     0
176
     1
290
     0
176
     1
 90
       50
176
     1
 40
0.0
176
     1
 40
1.0
176
     1
 90
        0
176
     1
 62
    18
420
        0
176
     1
 90
       50
176
     1
 90
        3
176
     1
 62
     5
420
      255
176
     1
290
     0
176
     1
 90
       50
176
     1
 90
       50
176
     1
 90
       50
176
     1
290
     0
176
     1
 90
       50
176
     1
 62
   256
176
     0
 40
1.0
176
     0
 90
        2
176
     1
  1
strokes_ogs.tif
176
     1
290
     0
176
     1
 40
1.0
176
     1
 40
1.0
176
     1
  0
DICTIONARYVAR
  5
C0
102
{ACAD_REACTORS
330
BF
102
}
330
BF
100
DictionaryVariables
280
     0
  1
1:1
  0
DICTIONARYVAR
  5
C5
102
{ACAD_REACTORS
330
BF
102
}
330
BF
100
DictionaryVariables
280
     0
  1
Standard
  0
DICTIONARYVAR
  5
C4
102
{ACAD_REACTORS
330
BF
102
}
330
BF
100
DictionaryVariables
280
     0
  1
Standard
  0
DICTIONARY
  5
C1
330
5A
100
AcDbDictionary
280
     1
281
     1
  3
ACAD_ROUNDTRIP_2008_TABLESTYLE_CELLSTYLEMAP
360
C2
  0
CELLSTYLEMAP
  5
C2
102
{ACAD_REACTORS
330
C1
102
}
330
C1
100
AcDbCellStyleMap
 90
        3
300
CELLSTYLE
  1
TABLEFORMAT_BEGIN
 90
        5
170
     1
 91
        0
 92
    32768
 62
   257
 93
        1
300
CONTENTFORMAT
  1
CONTENTFORMAT_BEGIN
 90
        0
 91
        0
 92
        4
 93
        0
300

 40
0.0
140
1.0
 94
        5
 62
     0
340
11
144
0.25
309
CONTENTFORMAT_END
171
     1
301
MARGIN
  1
CELLMARGIN_BEGIN
 40
0.06
 40
0.06
 40
0.06
 40
0.06
 40
0.06
 40
0.06
309
CELLMARGIN_END
 94
        6
 95
        1
302
GRIDFORMAT
  1
GRIDFORMAT_BEGIN
 90
        0
 91
        1
 62
     0
 92
       -2
340
14
 93
        0
 40
0.045
309
GRIDFORMAT_END
 95
        2
302
GRIDFORMAT
  1
GRIDFORMAT_BEGIN
 90
        0
 91
        1
 62
     0
 92
       -2
340
14
 93
        0
 40
0.045
309
GRIDFORMAT_END
 95
        4
302
GRIDFORMAT
  1
GRIDFORMAT_BEGIN
 90
        0
 91
        1
 62
     0
 92
       -2
340
14
 93
        0
 40
0.045
309
GRIDFORMAT_END
 95
        8
302
GRIDFORMAT
  1
GRIDFORMAT_BEGIN
 90
        0
 91
        1
 62
     0
 92
       -2
340
14
 93
        0
 40
0.045
309
GRIDFORMAT_END
 95
       16
302
GRIDFORMAT
  1
GRIDFORMAT_BEGIN
 90
        0
 91
        1
 62
     0
 92
       -2
340
14
 93
        0
 40
0.045
309
GRIDFORMAT_END
 95
       32
302
GRIDFORMAT
  1
GRIDFORMAT_BEGIN
 90
        0
 91
        1
 62
     0
 92
       -2
340
14
 93
        0
 40
0.045
309
GRIDFORMAT_END
309
TABLEFORMAT_END
  1
CELLSTYLE_BEGIN
 90
        1
 91
        1
300
_TITLE
309
CELLSTYLE_END
300
CELLSTYLE
  1
TABLEFORMAT_BEGIN
 90
        5
170
     1
 91
        0
 92
        0
 62
   257
 93
        1
300
CONTENTFORMAT
  1
CONTENTFORMAT_BEGIN
 90
        0
 91
        0
 92
        4
 93
        0
300

 40
0.0
140
1.0
 94
        5
 62
     0
340
11
144
0.18
309
CONTENTFORMAT_END
171
     1
301
MARGIN
  1
CELLMARGIN_BEGIN
 40
0.06
 40
0.06
 40
0.06
 40
0.06
 40
0.06
 40
0.06
309
CELLMARGIN_END
 94
        6
 95
        1
302
GRIDFORMAT
  1
GRIDFORMAT_BEGIN
 90
        0
 91
        1
 62
     0
 92
       -2
340
14
 93
        0
 40
0.045
309
GRIDFORMAT_END
 95
        2
302
GRIDFORMAT
  1
GRIDFORMAT_BEGIN
 90
        0
 91
        1
 62
     0
 92
       -2
340
14
 93
        0
 40
0.045
309
GRIDFORMAT_END
 95
        4
302
GRIDFORMAT
  1
GRIDFORMAT_BEGIN
 90
        0
 91
        1
 62
     0
 92
       -2
340
14
 93
        0
 40
0.045
309
GRIDFORMAT_END
 95
        8
302
GRIDFORMAT
  1
GRIDFORMAT_BEGIN
 90
        0
 91
        1
 62
     0
 92
       -2
340
14
 93
        0
 40
0.045
309
GRIDFORMAT_END
 95
       16
302
GRIDFORMAT
  1
GRIDFORMAT_BEGIN
 90
        0
 91
        1
 62
     0
 92
       -2
340
14
 93
        0
 40
0.045
309
GRIDFORMAT_END
 95
       32
302
GRIDFORMAT
  1
GRIDFORMAT_BEGIN
 90
        0
 91
        1
 62
     0
 92
       -2
340
14
 93
        0
 40
0.045
309
GRIDFORMAT_END
309
TABLEFORMAT_END
  1
CELLSTYLE_BEGIN
 90
        2
 91
        1
300
_HEADER
309
CELLSTYLE_END
300
CELLSTYLE
  1
TABLEFORMAT_BEGIN
 90
        5
170
     1
 91
        0
 92
        0
 62
   257
 93
        1
300
CONTENTFORMAT
  1
CONTENTFORMAT_BEGIN
 90
        0
 91
        0
 92
        4
 93
        0
300

 40
0.0
140
1.0
 94
        2
 62
     0
340
11
144
0.18
309
CONTENTFORMAT_END
171
     1
301
MARGIN
  1
CELLMARGIN_BEGIN
 40
0.06
 40
0.06
 40
0.06
 40
0.06
 40
0.06
 40
0.06
309
CELLMARGIN_END
 94
        6
 95
        1
302
GRIDFORMAT
  1
GRIDFORMAT_BEGIN
 90
        0
 91
        1
 62
     0
 92
       -2
340
14
 93
        0
 40
0.045
309
GRIDFORMAT_END
 95
        2
302
GRIDFORMAT
  1
GRIDFORMAT_BEGIN
 90
        0
 91
        1
 62
     0
 92
       -2
340
14
 93
        0
 40
0.045
309
GRIDFORMAT_END
 95
        4
302
GRIDFORMAT
  1
GRIDFORMAT_BEGIN
 90
        0
 91
        1
 62
     0
 92
       -2
340
14
 93
        0
 40
0.045
309
GRIDFORMAT_END
 95
        8
302
GRIDFORMAT
  1
GRIDFORMAT_BEGIN
 90
        0
 91
        1
 62
     0
 92
       -2
340
14
 93
        0
 40
0.045
309
GRIDFORMAT_END
 95
       16
302
GRIDFORMAT
  1
GRIDFORMAT_BEGIN
 90
        0
 91
        1
 62
     0
 92
       -2
340
14
 93
        0
 40
0.045
309
GRIDFORMAT_END
 95
       32
302
GRIDFORMAT
  1
GRIDFORMAT_BEGIN
 90
        0
 91
        1
 62
     0
 92
       -2
340
14
 93
        0
 40
0.045
309
GRIDFORMAT_END
309
TABLEFORMAT_END
  1
CELLSTYLE_BEGIN
 90
        3
 91
        2
300
_DATA
309
CELLSTYLE_END
  0
ENDSEC
  0
EOF
