  0
SECTION
  2
HEADER
  9
$ACADVER
  1
AC1032
  9
$ACADMAINTVER
 90
       55
  9
$DWGCODEPAGE
  3
ANSI_1252
  9
$LASTSAVEDBY
  1
Abolfazl
  9
$REQUIREDVERSIONS
160
                 0
  9
$INSBASE
 10
0.0
 20
0.0
 30
0.0
  9
$EXTMIN
 10
-2199.6394
 20
-91.6036
 30
0.0
  9
$EXTMAX
 10
-2149.6594
 20
-41.6237
 30
0.0
  9
$LIMMIN
 10
0.0
 20
0.0
  9
$LIMMAX
 10
12.0
 20
9.0
  9
$ORTHOMODE
 70
     0
  9
$REGENMODE
 70
     1
  9
$FILLMODE
 70
     1
  9
$QTEXTMODE
 70
     0
  9
$MIRRTEXT
 70
     1
  9
$LTSCALE
 40
1.0
  9
$ATTMODE
 70
     1
  9
$TEXTSIZE
 40
0.2
  9
$TRACEWID
 40
0.05
  9
$TEXTSTYLE
  7
Standard
  9
$CLAYER
  8
0
  9
$CELTYPE
  6
ByLayer
  9
$CECOLOR
 62
   256
  9
$CELTSCALE
 40
1.0
  9
$DISPSILH
 70
     0
  9
$DIMSCALE
 40
1.0
  9
$DIMASZ
 40
0.18
  9
$DIMEXO
 40
0.0625
  9
$DIMDLI
 40
0.38
  9
$DIMRND
 40
0.0
  9
$DIMDLE
 40
0.0
  9
$DIMEXE
 40
0.18
  9
$DIMTP
 40
0.0
  9
$DIMTM
 40
0.0
  9
$DIMTXT
 40
0.18
  9
$DIMCEN
 40
0.09
  9
$DIMTSZ
 40
0.0
  9
$DIMTOL
 70
     0
  9
$DIMLIM
 70
     0
  9
$DIMTIH
 70
     1
  9
$DIMTOH
 70
     1
  9
$DIMSE1
 70
     0
  9
$DIMSE2
 70
     0
  9
$DIMTAD
 70
     0
  9
$DIMZIN
 70
     0
  9
$DIMBLK
  1

  9
$DIMASO
 70
     1
  9
$DIMSHO
 70
     1
  9
$DIMPOST
  1

  9
$DIMAPOST
  1

  9
$DIMALT
 70
     0
  9
$DIMALTD
 70
     2
  9
$DIMALTF
 40
25.4
  9
$DIMLFAC
 40
1.0
  9
$DIMTOFL
 70
     0
  9
$DIMTVP
 40
0.0
  9
$DIMTIX
 70
     0
  9
$DIMSOXD
 70
     0
  9
$DIMSAH
 70
     0
  9
$DIMBLK1
  1

  9
$DIMBLK2
  1

  9
$DIMSTYLE
  2
Standard
  9
$DIMCLRD
 70
     0
  9
$DIMCLRE
 70
     0
  9
$DIMCLRT
 70
     0
  9
$DIMTFAC
 40
1.0
  9
$DIMGAP
 40
0.09
  9
$DIMJUST
 70
     0
  9
$DIMSD1
 70
     0
  9
$DIMSD2
 70
     0
  9
$DIMTOLJ
 70
     1
  9
$DIMTZIN
 70
     0
  9
$DIMALTZ
 70
     0
  9
$DIMALTTZ
 70
     0
  9
$DIMUPT
 70
     0
  9
$DIMDEC
 70
     4
  9
$DIMTDEC
 70
     4
  9
$DIMALTU
 70
     2
  9
$DIMALTTD
 70
     2
  9
$DIMTXSTY
  7
Standard
  9
$DIMAUNIT
 70
     0
  9
$DIMADEC
 70
     0
  9
$DIMALTRND
 40
0.0
  9
$DIMAZIN
 70
     0
  9
$DIMDSEP
 70
    46
  9
$DIMATFIT
 70
     3
  9
$DIMFRAC
 70
     0
  9
$DIMLDRBLK
  1

  9
$DIMLUNIT
 70
     2
  9
$DIMLWD
 70
    -2
  9
$DIMLWE
 70
    -2
  9
$DIMTMOVE
 70
     0
  9
$DIMFXL
 40
1.0
  9
$DIMFXLON
 70
     0
  9
$DIMJOGANG
 40
0.7853981633974483
  9
$DIMTFILL
 70
     0
  9
$DIMTFILLCLR
 70
     0
  9
$DIMARCSYM
 70
     0
  9
$DIMLTYPE
  6

  9
$DIMLTEX1
  6

  9
$DIMLTEX2
  6

  9
$DIMTXTDIRECTION
 70
     0
  9
$LUNITS
 70
     2
  9
$LUPREC
 70
     4
  9
$SKETCHINC
 40
0.1
  9
$FILLETRAD
 40
0.0
  9
$AUNITS
 70
     0
  9
$AUPREC
 70
     0
  9
$MENU
  1
.
  9
$ELEVATION
 40
0.0
  9
$PELEVATION
 40
0.0
  9
$THICKNESS
 40
0.0
  9
$LIMCHECK
 70
     0
  9
$CHAMFERA
 40
0.0
  9
$CHAMFERB
 40
0.0
  9
$CHAMFERC
 40
0.0
  9
$CHAMFERD
 40
0.0
  9
$SKPOLY
 70
     0
  9
$TDCREATE
 40
2460442.850240266
  9
$TDUCREATE
 40
2460442.704406933
  9
$TDUPDATE
 40
2460442.850240324
  9
$TDUUPDATE
 40
2460442.704406991
  9
$TDINDWG
 40
0.0000000116
  9
$TDUSRTIMER
 40
0.0000000116
  9
$USRTIMER
 70
     1
  9
$ANGBASE
 50
0.0
  9
$ANGDIR
 70
     0
  9
$PDMODE
 70
     0
  9
$PDSIZE
 40
0.0
  9
$PLINEWID
 40
0.0
  9
$SPLFRAME
 70
     0
  9
$SPLINETYPE
 70
     6
  9
$SPLINESEGS
 70
     8
  9
$HANDSEED
  5
FF
  9
$SURFTAB1
 70
     6
  9
$SURFTAB2
 70
     6
  9
$SURFTYPE
 70
     6
  9
$SURFU
 70
     6
  9
$SURFV
 70
     6
  9
$UCSBASE
  2

  9
$UCSNAME
  2

  9
$UCSORG
 10
0.0
 20
0.0
 30
0.0
  9
$UCSXDIR
 10
1.0
 20
0.0
 30
0.0
  9
$UCSYDIR
 10
0.0
 20
1.0
 30
0.0
  9
$UCSORTHOREF
  2

  9
$UCSORTHOVIEW
 70
     0
  9
$UCSORGTOP
 10
0.0
 20
0.0
 30
0.0
  9
$UCSORGBOTTOM
 10
0.0
 20
0.0
 30
0.0
  9
$UCSORGLEFT
 10
0.0
 20
0.0
 30
0.0
  9
$UCSORGRIGHT
 10
0.0
 20
0.0
 30
0.0
  9
$UCSORGFRONT
 10
0.0
 20
0.0
 30
0.0
  9
$UCSORGBACK
 10
0.0
 20
0.0
 30
0.0
  9
$PUCSBASE
  2

  9
$PUCSNAME
  2

  9
$PUCSORG
 10
0.0
 20
0.0
 30
0.0
  9
$PUCSXDIR
 10
1.0
 20
0.0
 30
0.0
  9
$PUCSYDIR
 10
0.0
 20
1.0
 30
0.0
  9
$PUCSORTHOREF
  2

  9
$PUCSORTHOVIEW
 70
     0
  9
$PUCSORGTOP
 10
0.0
 20
0.0
 30
0.0
  9
$PUCSORGBOTTOM
 10
0.0
 20
0.0
 30
0.0
  9
$PUCSORGLEFT
 10
0.0
 20
0.0
 30
0.0
  9
$PUCSORGRIGHT
 10
0.0
 20
0.0
 30
0.0
  9
$PUCSORGFRONT
 10
0.0
 20
0.0
 30
0.0
  9
$PUCSORGBACK
 10
0.0
 20
0.0
 30
0.0
  9
$USERI1
 70
     0
  9
$USERI2
 70
     0
  9
$USERI3
 70
     0
  9
$USERI4
 70
     0
  9
$USERI5
 70
     0
  9
$USERR1
 40
0.0
  9
$USERR2
 40
0.0
  9
$USERR3
 40
0.0
  9
$USERR4
 40
0.0
  9
$USERR5
 40
0.0
  9
$WORLDVIEW
 70
     1
  9
$SHADEDGE
 70
     3
  9
$SHADEDIF
 70
    70
  9
$TILEMODE
 70
     1
  9
$MAXACTVP
 70
    64
  9
$PINSBASE
 10
0.0
 20
0.0
 30
0.0
  9
$PLIMCHECK
 70
     0
  9
$PEXTMIN
 10
1.000000000000000E+20
 20
1.000000000000000E+20
 30
1.000000000000000E+20
  9
$PEXTMAX
 10
-1.000000000000000E+20
 20
-1.000000000000000E+20
 30
-1.000000000000000E+20
  9
$PLIMMIN
 10
0.0
 20
0.0
  9
$PLIMMAX
 10
12.0
 20
9.0
  9
$UNITMODE
 70
     0
  9
$VISRETAIN
 70
     1
  9
$PLINEGEN
 70
     0
  9
$PSLTSCALE
 70
     1
  9
$TREEDEPTH
 70
  3020
  9
$CMLSTYLE
  2
Standard
  9
$CMLJUST
 70
     0
  9
$CMLSCALE
 40
1.0
  9
$PROXYGRAPHICS
 70
     1
  9
$MEASUREMENT
 70
     0
  9
$CELWEIGHT
370
    -1
  9
$ENDCAPS
280
     0
  9
$JOINSTYLE
280
     0
  9
$LWDISPLAY
290
     0
  9
$INSUNITS
 70
     4
  9
$HYPERLINKBASE
  1

  9
$STYLESHEET
  1

  9
$XEDIT
290
     1
  9
$CEPSNTYPE
380
     0
  9
$PSTYLEMODE
290
     1
  9
$FINGERPRINTGUID
  2
{3d726c24-9b96-404b-b953-329771865082}
  9
$VERSIONGUID
  2
{FAEB1C32-E019-11D5-929B-00C0DF256EC4}
  9
$EXTNAMES
290
     1
  9
$PSVPSCALE
 40
0.0
  9
$OLESTARTUP
290
     0
  9
$SORTENTS
280
   127
  9
$INDEXCTL
280
     0
  9
$HIDETEXT
280
     1
  9
$XCLIPFRAME
280
     2
  9
$HALOGAP
280
     0
  9
$OBSCOLOR
 70
   257
  9
$OBSLTYPE
280
     0
  9
$INTERSECTIONDISPLAY
280
     0
  9
$INTERSECTIONCOLOR
 70
   257
  9
$DIMASSOC
280
     2
  9
$PROJECTNAME
  1

  9
$CAMERADISPLAY
290
     0
  9
$LENSLENGTH
 40
50.0
  9
$CAMERAHEIGHT
 40
0.0
  9
$STEPSPERSEC
 40
2.0
  9
$STEPSIZE
 40
6.0
  9
$3DDWFPREC
 40
2.0
  9
$PSOLWIDTH
 40
0.25
  9
$PSOLHEIGHT
 40
4.0
  9
$LOFTANG1
 40
1.570796326794897
  9
$LOFTANG2
 40
1.570796326794897
  9
$LOFTMAG1
 40
0.0
  9
$LOFTMAG2
 40
0.0
  9
$LOFTPARAM
 70
     7
  9
$LOFTNORMALS
280
     1
  9
$LATITUDE
 40
37.795
  9
$LONGITUDE
 40
-122.394
  9
$NORTHDIRECTION
 40
0.0
  9
$TIMEZONE
 70
 -8000
  9
$LIGHTGLYPHDISPLAY
280
     1
  9
$TILEMODELIGHTSYNCH
280
     1
  9
$CMATERIAL
347
44
  9
$SOLIDHIST
280
     0
  9
$SHOWHIST
280
     1
  9
$DWFFRAME
280
     2
  9
$DGNFRAME
280
     2
  9
$REALWORLDSCALE
290
     1
  9
$INTERFERECOLOR
 62
   256
  9
$CSHADOW
280
     0
  9
$SHADOWPLANELOCATION
 40
0.0
  0
ENDSEC
  0
SECTION
  2
CLASSES
  0
CLASS
  1
ACDBDICTIONARYWDFLT
  2
AcDbDictionaryWithDefault
  3
ObjectDBX Classes
 90
        0
 91
        3
280
     0
281
     0
  0
CLASS
  1
VISUALSTYLE
  2
AcDbVisualStyle
  3
ObjectDBX Classes
 90
     4095
 91
        3
280
     0
281
     0
  0
CLASS
  1
MATERIAL
  2
AcDbMaterial
  3
ObjectDBX Classes
 90
     1153
 91
        3
280
     0
281
     0
  0
CLASS
  1
SCALE
  2
AcDbScale
  3
ObjectDBX Classes
 90
     1153
 91
        3
280
     0
281
     0
  0
CLASS
  1
TABLESTYLE
  2
AcDbTableStyle
  3
ObjectDBX Classes
 90
     4095
 91
        3
280
     0
281
     0
  0
CLASS
  1
MLEADERSTYLE
  2
AcDbMLeaderStyle
  3
ACDB_MLEADERSTYLE_CLASS
 90
     4095
 91
        3
280
     0
281
     0
  0
CLASS
  1
SUN
  2
AcDbSun
  3
SCENEOE
 90
     1153
 91
        3
280
     0
281
     0
  0
CLASS
  1
DICTIONARYVAR
  2
AcDbDictionaryVar
  3
ObjectDBX Classes
 90
        0
 91
        3
280
     0
281
     0
  0
CLASS
  1
CELLSTYLEMAP
  2
AcDbCellStyleMap
  3
ObjectDBX Classes
 90
     1152
 91
        3
280
     0
281
     0
  0
ENDSEC
  0
SECTION
  2
TABLES
  0
TABLE
  2
VPORT
  5
8
330
0
100
AcDbSymbolTable
 70
     1
  0
VPORT
  5
29
330
8
100
AcDbSymbolTableRecord
100
AcDbViewportTableRecord
  2
*Active
 70
     0
 10
0.0
 20
0.0
 11
1.0
 21
1.0
 12
10.42990654205607
 22
4.5
 13
0.0
 23
0.0
 14
0.5
 24
0.5
 15
0.5
 25
0.5
 16
0.0
 26
0.0
 36
1.0
 17
0.0
 27
0.0
 37
0.0
 40
9.0
 41
1.972972972850329
 42
50.0
 43
0.0
 44
0.0
 50
0.0
 51
0.0
 71
     0
 72
   100
 73
     1
 74
     3
 75
     0
 76
     0
 77
     0
 78
     0
281
     0
 65
     1
110
0.0
120
0.0
130
0.0
111
1.0
121
0.0
131
0.0
112
0.0
122
1.0
132
0.0
 79
     0
146
0.0
348
2F
 60
     3
 61
     5
292
     1
282
     1
141
0.0
142
0.0
 63
   250
361
5D
  0
ENDTAB
  0
TABLE
  2
LTYPE
  5
5
330
0
100
AcDbSymbolTable
 70
     1
  0
LTYPE
  5
14
330
5
100
AcDbSymbolTableRecord
100
AcDbLinetypeTableRecord
  2
ByBlock
 70
     0
  3

 72
    65
 73
     0
 40
0.0
  0
LTYPE
  5
15
330
5
100
AcDbSymbolTableRecord
100
AcDbLinetypeTableRecord
  2
ByLayer
 70
     0
  3

 72
    65
 73
     0
 40
0.0
  0
LTYPE
  5
16
330
5
100
AcDbSymbolTableRecord
100
AcDbLinetypeTableRecord
  2
Continuous
 70
     0
  3
Solid line
 72
    65
 73
     0
 40
0.0
  0
ENDTAB
  0
TABLE
  2
LAYER
  5
2
330
0
100
AcDbSymbolTable
 70
     2
  0
LAYER
  5
10
330
2
100
AcDbSymbolTableRecord
100
AcDbLayerTableRecord
  2
0
 70
     0
 62
     7
  6
Continuous
370
    -3
390
F
347
46
348
0
  0
LAYER
  5
5F
330
2
100
AcDbSymbolTableRecord
100
AcDbLayerTableRecord
  2
Layer 1
 70
     0
 62
     7
  6
Continuous
370
    -3
390
F
347
46
348
0
  0
ENDTAB
  0
TABLE
  2
STYLE
  5
3
330
0
100
AcDbSymbolTable
 70
     1
  0
STYLE
  5
11
330
3
100
AcDbSymbolTableRecord
100
AcDbTextStyleTableRecord
  2
Standard
 70
     0
 40
0.0
 41
1.0
 50
0.0
 71
     0
 42
0.2
  3
txt
  4

  0
ENDTAB
  0
TABLE
  2
VIEW
  5
6
330
0
100
AcDbSymbolTable
 70
     0
  0
ENDTAB
  0
TABLE
  2
UCS
  5
7
330
0
100
AcDbSymbolTable
 70
     0
  0
ENDTAB
  0
TABLE
  2
APPID
  5
9
330
0
100
AcDbSymbolTable
 70
     2
  0
APPID
  5
12
330
9
100
AcDbSymbolTableRecord
100
AcDbRegAppTableRecord
  2
ACAD
 70
     0
  0
APPID
  5
5E
330
9
100
AcDbSymbolTableRecord
100
AcDbRegAppTableRecord
  2
ODA
 70
     0
  0
ENDTAB
  0
TABLE
  2
DIMSTYLE
  5
A
330
0
100
AcDbSymbolTable
 70
     1
100
AcDbDimStyleTable
  0
DIMSTYLE
105
27
330
A
100
AcDbSymbolTableRecord
100
AcDbDimStyleTableRecord
  2
Standard
 70
     0
178
     0
340
11
  0
ENDTAB
  0
TABLE
  2
BLOCK_RECORD
  5
1
330
0
100
AcDbSymbolTable
 70
     1
  0
BLOCK_RECORD
  5
1F
330
1
100
AcDbSymbolTableRecord
100
AcDbBlockTableRecord
  2
*Model_Space
340
22
 70
     0
280
     1
281
     0
  0
BLOCK_RECORD
  5
1B
330
1
100
AcDbSymbolTableRecord
100
AcDbBlockTableRecord
  2
*Paper_Space
340
1E
 70
     0
280
     1
281
     0
  0
BLOCK_RECORD
  5
23
330
1
100
AcDbSymbolTableRecord
100
AcDbBlockTableRecord
  2
*Paper_Space0
340
26
 70
     0
280
     1
281
     0
  0
ENDTAB
  0
ENDSEC
  0
SECTION
  2
BLOCKS
  0
BLOCK
  5
20
330
1F
100
AcDbEntity
  8
0
100
AcDbBlockBegin
  2
*Model_Space
 70
     0
 10
0.0
 20
0.0
 30
0.0
  3
*Model_Space
  1

  0
ENDBLK
  5
21
330
1F
100
AcDbEntity
  8
0
100
AcDbBlockEnd
  0
BLOCK
  5
1C
330
1B
100
AcDbEntity
 67
     1
  8
0
100
AcDbBlockBegin
  2
*Paper_Space
 70
     0
 10
0.0
 20
0.0
 30
0.0
  3
*Paper_Space
  1

  0
ENDBLK
  5
1D
330
1B
100
AcDbEntity
 67
     1
  8
0
100
AcDbBlockEnd
  0
BLOCK
  5
24
330
23
100
AcDbEntity
  8
0
100
AcDbBlockBegin
  2
*Paper_Space0
 70
     0
 10
0.0
 20
0.0
 30
0.0
  3
*Paper_Space0
  1

  0
ENDBLK
  5
25
330
23
100
AcDbEntity
  8
0
100
AcDbBlockEnd
  0
ENDSEC
  0
SECTION
  2
ENTITIES
  0
SPLINE
  5
60
330
1F
100
AcDbEntity
  8
Layer 1
 62
   240
100
AcDbSpline
210
0.0
220
0.0
230
1.0
 70
    11
 71
     3
 72
    53
 73
    49
 74
     0
 42
0.0000000001
 43
0.0000000001
 40
0.0
 40
0.0
 40
0.0
 40
0.0
 40
0.0625
 40
0.0625
 40
0.0625
 40
0.125
 40
0.125
 40
0.125
 40
0.1875
 40
0.1875
 40
0.1875
 40
0.25
 40
0.25
 40
0.25
 40
0.3125
 40
0.3125
 40
0.3125
 40
0.375
 40
0.375
 40
0.375
 40
0.4375
 40
0.4375
 40
0.4375
 40
0.5
 40
0.5
 40
0.5
 40
0.5625
 40
0.5625
 40
0.5625
 40
0.625
 40
0.625
 40
0.625
 40
0.6875
 40
0.6875
 40
0.6875
 40
0.75
 40
0.75
 40
0.75
 40
0.8125
 40
0.8125
 40
0.8125
 40
0.875
 40
0.875
 40
0.875
 40
0.9375
 40
0.9375
 40
0.9375
 40
1.0
 40
1.0
 40
1.0
 40
1.0
 10
-2174.7206
 20
-58.1985
 30
0.0
 10
-2174.7206
 20
-58.1985
 30
0.0
 10
-2176.2739
 20
-56.6456
 30
0.0
 10
-2176.2739
 20
-56.6456
 30
0.0
 10
-2176.8896
 20
-56.0297
 30
0.0
 10
-2176.8896
 20
-55.0273
 30
0.0
 10
-2176.2739
 20
-54.4114
 30
0.0
 10
-2176.2739
 20
-54.4114
 30
0.0
 10
-2174.6494
 20
-52.7871
 30
0.0
 10
-2174.6494
 20
-52.7871
 30
0.0
 10
-2174.6494
 20
-52.7871
 30
0.0
 10
-2173.025
 20
-54.4114
 30
0.0
 10
-2173.025
 20
-54.4114
 30
0.0
 10
-2172.7265
 20
-54.7097
 30
0.0
 10
-2172.5624
 20
-55.1064
 30
0.0
 10
-2172.5624
 20
-55.5283
 30
0.0
 10
-2172.5624
 20
-55.9504
 30
0.0
 10
-2172.7265
 20
-56.3473
 30
0.0
 10
-2173.025
 20
-56.6456
 30
0.0
 10
-2173.025
 20
-56.6456
 30
0.0
 10
-2173.3572
 20
-56.978
 30
0.0
 10
-2173.3572
 20
-56.978
 30
0.0
 10
-2173.3572
 20
-56.978
 30
0.0
 10
-2173.8337
 20
-56.5018
 30
0.0
 10
-2173.8337
 20
-56.5018
 30
0.0
 10
-2173.8337
 20
-56.5018
 30
0.0
 10
-2173.501
 20
-56.1696
 30
0.0
 10
-2173.501
 20
-56.1696
 30
0.0
 10
-2173.3301
 20
-55.9982
 30
0.0
 10
-2173.2359
 20
-55.7706
 30
0.0
 10
-2173.2359
 20
-55.5283
 30
0.0
 10
-2173.2359
 20
-55.2863
 30
0.0
 10
-2173.3301
 20
-55.0587
 30
0.0
 10
-2173.501
 20
-54.8874
 30
0.0
 10
-2173.501
 20
-54.8874
 30
0.0
 10
-2174.6494
 20
-53.7393
 30
0.0
 10
-2174.6494
 20
-53.7393
 30
0.0
 10
-2174.6494
 20
-53.7393
 30
0.0
 10
-2175.7976
 20
-54.8873
 30
0.0
 10
-2175.7976
 20
-54.8873
 30
0.0
 10
-2176.151
 20
-55.241
 30
0.0
 10
-2176.151
 20
-55.816
 30
0.0
 10
-2175.7976
 20
-56.1696
 30
0.0
 10
-2175.7976
 20
-56.1696
 30
0.0
 10
-2174.2447
 20
-57.7225
 30
0.0
 10
-2174.2447
 20
-57.7225
 30
0.0
 10
-2174.2447
 20
-57.7225
 30
0.0
 10
-2174.7206
 20
-58.1985
 30
0.0
 10
-2174.7206
 20
-58.1985
 30
0.0
  0
SPLINE
  5
61
330
1F
100
AcDbEntity
  8
Layer 1
 62
   240
100
AcDbSpline
210
0.0
220
0.0
230
1.0
 70
    11
 71
     3
 72
    35
 73
    31
 74
     0
 42
0.0000000001
 43
0.0000000001
 40
0.0
 40
0.0
 40
0.0
 40
0.0
 40
0.1
 40
0.1
 40
0.1
 40
0.2
 40
0.2
 40
0.2
 40
0.3
 40
0.3
 40
0.3
 40
0.4
 40
0.4
 40
0.4
 40
0.5
 40
0.5
 40
0.5
 40
0.6000000000000001
 40
0.6000000000000001
 40
0.6000000000000001
 40
0.7000000000000001
 40
0.7000000000000001
 40
0.7000000000000001
 40
0.8
 40
0.8
 40
0.8
 40
0.9
 40
0.9
 40
0.9
 40
1.0
 40
1.0
 40
1.0
 40
1.0
 10
-2174.5891
 20
-54.2465
 30
0.0
 10
-2174.5891
 20
-54.2465
 30
0.0
 10
-2174.2764
 20
-54.5592
 30
0.0
 10
-2174.2764
 20
-54.5592
 30
0.0
 10
-2174.2764
 20
-54.5592
 30
0.0
 10
-2175.1679
 20
-55.4506
 30
0.0
 10
-2175.1679
 20
-55.4506
 30
0.0
 10
-2175.1679
 20
-55.4506
 30
0.0
 10
-2174.674
 20
-55.9442
 30
0.0
 10
-2174.674
 20
-55.9442
 30
0.0
 10
-2174.674
 20
-55.9442
 30
0.0
 10
-2173.7827
 20
-55.0528
 30
0.0
 10
-2173.7827
 20
-55.0528
 30
0.0
 10
-2173.7827
 20
-55.0528
 30
0.0
 10
-2173.4577
 20
-55.378
 30
0.0
 10
-2173.4577
 20
-55.378
 30
0.0
 10
-2173.4577
 20
-55.378
 30
0.0
 10
-2174.3534
 20
-56.2733
 30
0.0
 10
-2174.3534
 20
-56.2733
 30
0.0
 10
-2174.3534
 20
-56.2733
 30
0.0
 10
-2173.5236
 20
-57.103
 30
0.0
 10
-2173.5236
 20
-57.103
 30
0.0
 10
-2173.5236
 20
-57.103
 30
0.0
 10
-2173.8803
 20
-57.4595
 30
0.0
 10
-2173.8803
 20
-57.4595
 30
0.0
 10
-2173.8803
 20
-57.4595
 30
0.0
 10
-2175.8412
 20
-55.4985
 30
0.0
 10
-2175.8412
 20
-55.4985
 30
0.0
 10
-2175.8412
 20
-55.4985
 30
0.0
 10
-2174.5891
 20
-54.2465
 30
0.0
 10
-2174.5891
 20
-54.2465
 30
0.0
  0
SPLINE
  5
62
330
1F
100
AcDbEntity
  8
Layer 1
 62
   240
100
AcDbSpline
210
0.0
220
0.0
230
1.0
 70
    11
 71
     3
 72
    17
 73
    13
 74
     0
 42
0.0000000001
 43
0.0000000001
 40
0.0
 40
0.0
 40
0.0
 40
0.0
 40
0.25
 40
0.25
 40
0.25
 40
0.5
 40
0.5
 40
0.5
 40
0.75
 40
0.75
 40
0.75
 40
1.0
 40
1.0
 40
1.0
 40
1.0
 10
-2183.8524
 20
-60.9509
 30
0.0
 10
-2184.4046
 20
-60.9509
 30
0.0
 10
-2184.8538
 20
-60.5017
 30
0.0
 10
-2184.8538
 20
-59.9495
 30
0.0
 10
-2184.8538
 20
-59.3975
 30
0.0
 10
-2184.4046
 20
-58.9482
 30
0.0
 10
-2183.8524
 20
-58.9482
 30
0.0
 10
-2183.3003
 20
-58.9482
 30
0.0
 10
-2182.851
 20
-59.3975
 30
0.0
 10
-2182.851
 20
-59.9495
 30
0.0
 10
-2182.851
 20
-60.5017
 30
0.0
 10
-2183.3003
 20
-60.9509
 30
0.0
 10
-2183.8524
 20
-60.9509
 30
0.0
  0
SPLINE
  5
63
330
1F
100
AcDbEntity
  8
Layer 1
 62
   240
100
AcDbSpline
210
0.0
220
0.0
230
1.0
 70
    11
 71
     3
 72
    17
 73
    13
 74
     0
 42
0.0000000001
 43
0.0000000001
 40
0.0
 40
0.0
 40
0.0
 40
0.0
 40
0.25
 40
0.25
 40
0.25
 40
0.5
 40
0.5
 40
0.5
 40
0.75
 40
0.75
 40
0.75
 40
1.0
 40
1.0
 40
1.0
 40
1.0
 10
-2183.8524
 20
-59.6217
 30
0.0
 10
-2184.0332
 20
-59.6217
 30
0.0
 10
-2184.1805
 20
-59.7688
 30
0.0
 10
-2184.1805
 20
-59.9495
 30
0.0
 10
-2184.1805
 20
-60.1304
 30
0.0
 10
-2184.0332
 20
-60.2775
 30
0.0
 10
-2183.8524
 20
-60.2775
 30
0.0
 10
-2183.6715
 20
-60.2775
 30
0.0
 10
-2183.5244
 20
-60.1304
 30
0.0
 10
-2183.5244
 20
-59.9495
 30
0.0
 10
-2183.5244
 20
-59.7688
 30
0.0
 10
-2183.6715
 20
-59.6217
 30
0.0
 10
-2183.8524
 20
-59.6217
 30
0.0
  0
SPLINE
  5
64
330
1F
100
AcDbEntity
  8
Layer 1
 62
   240
100
AcDbSpline
210
0.0
220
0.0
230
1.0
 70
    11
 71
     3
 72
    26
 73
    22
 74
     0
 42
0.0000000001
 43
0.0000000001
 40
0.0
 40
0.0
 40
0.0
 40
0.0
 40
0.1428571428571428
 40
0.1428571428571428
 40
0.1428571428571428
 40
0.2857142857142857
 40
0.2857142857142857
 40
0.2857142857142857
 40
0.4285714285714285
 40
0.4285714285714285
 40
0.4285714285714285
 40
0.5714285714285714
 40
0.5714285714285714
 40
0.5714285714285714
 40
0.7142857142857142
 40
0.7142857142857142
 40
0.7142857142857142
 40
0.8571428571428571
 40
0.8571428571428571
 40
0.8571428571428571
 40
1.0
 40
1.0
 40
1.0
 40
1.0
 10
-2183.1653
 20
-57.4266
 30
0.0
 10
-2183.2972
 20
-57.4266
 30
0.0
 10
-2183.426
 20
-57.4008
 30
0.0
 10
-2183.5485
 20
-57.3503
 30
0.0
 10
-2184.0583
 20
-57.1389
 30
0.0
 10
-2184.3016
 20
-56.552
 30
0.0
 10
-2184.0903
 20
-56.0418
 30
0.0
 10
-2183.9346
 20
-55.6663
 30
0.0
 10
-2183.5715
 20
-55.4237
 30
0.0
 10
-2183.1649
 20
-55.4237
 30
0.0
 10
-2183.0332
 20
-55.4237
 30
0.0
 10
-2182.9043
 20
-55.4494
 30
0.0
 10
-2182.7819
 20
-55.5
 30
0.0
 10
-2182.5348
 20
-55.6023
 30
0.0
 10
-2182.3422
 20
-55.7947
 30
0.0
 10
-2182.2401
 20
-56.0418
 30
0.0
 10
-2182.1377
 20
-56.289
 30
0.0
 10
-2182.1377
 20
-56.5611
 30
0.0
 10
-2182.2401
 20
-56.8081
 30
0.0
 10
-2182.3957
 20
-57.1839
 30
0.0
 10
-2182.7589
 20
-57.4266
 30
0.0
 10
-2183.1653
 20
-57.4266
 30
0.0
  0
SPLINE
  5
65
330
1F
100
AcDbEntity
  8
Layer 1
 62
   240
100
AcDbSpline
210
0.0
220
0.0
230
1.0
 70
    11
 71
     3
 72
    29
 73
    25
 74
     0
 42
0.0000000001
 43
0.0000000001
 40
0.0
 40
0.0
 40
0.0
 40
0.0
 40
0.125
 40
0.125
 40
0.125
 40
0.25
 40
0.25
 40
0.25
 40
0.375
 40
0.375
 40
0.375
 40
0.5
 40
0.5
 40
0.5
 40
0.625
 40
0.625
 40
0.625
 40
0.75
 40
0.75
 40
0.75
 40
0.875
 40
0.875
 40
0.875
 40
1.0
 40
1.0
 40
1.0
 40
1.0
 10
-2183.1649
 20
-56.0968
 30
0.0
 10
-2183.2981
 20
-56.0968
 30
0.0
 10
-2183.4172
 20
-56.1766
 30
0.0
 10
-2183.4683
 20
-56.2996
 30
0.0
 10
-2183.5018
 20
-56.3804
 30
0.0
 10
-2183.5019
 20
-56.4696
 30
0.0
 10
-2183.4683
 20
-56.5506
 30
0.0
 10
-2183.4345
 20
-56.6315
 30
0.0
 10
-2183.3715
 20
-56.6946
 30
0.0
 10
-2183.2907
 20
-56.728
 30
0.0
 10
-2183.2505
 20
-56.7448
 30
0.0
 10
-2183.2084
 20
-56.7534
 30
0.0
 10
-2183.1653
 20
-56.7534
 30
0.0
 10
-2183.0323
 20
-56.7534
 30
0.0
 10
-2182.9132
 20
-56.6738
 30
0.0
 10
-2182.8621
 20
-56.5506
 30
0.0
 10
-2182.8287
 20
-56.4696
 30
0.0
 10
-2182.8287
 20
-56.3804
 30
0.0
 10
-2182.8621
 20
-56.2996
 30
0.0
 10
-2182.8958
 20
-56.2186
 30
0.0
 10
-2182.9587
 20
-56.1556
 30
0.0
 10
-2183.0396
 20
-56.122
 30
0.0
 10
-2183.0797
 20
-56.1054
 30
0.0
 10
-2183.122
 20
-56.0969
 30
0.0
 10
-2183.1649
 20
-56.0968
 30
0.0
  0
SPLINE
  5
66
330
1F
100
AcDbEntity
  8
Layer 1
 62
   240
100
AcDbSpline
210
0.0
220
0.0
230
1.0
 70
    11
 71
     3
 72
    26
 73
    22
 74
     0
 42
0.0000000001
 43
0.0000000001
 40
0.0
 40
0.0
 40
0.0
 40
0.0
 40
0.1428571428571428
 40
0.1428571428571428
 40
0.1428571428571428
 40
0.2857142857142857
 40
0.2857142857142857
 40
0.2857142857142857
 40
0.4285714285714285
 40
0.4285714285714285
 40
0.4285714285714285
 40
0.5714285714285714
 40
0.5714285714285714
 40
0.5714285714285714
 40
0.7142857142857142
 40
0.7142857142857142
 40
0.7142857142857142
 40
0.8571428571428571
 40
0.8571428571428571
 40
0.8571428571428571
 40
1.0
 40
1.0
 40
1.0
 40
1.0
 10
-2181.1813
 20
-54.4333
 30
0.0
 10
-2181.4491
 20
-54.4333
 30
0.0
 10
-2181.7004
 20
-54.3291
 30
0.0
 10
-2181.8895
 20
-54.14
 30
0.0
 10
-2182.0787
 20
-53.9507
 30
0.0
 10
-2182.1828
 20
-53.6992
 30
0.0
 10
-2182.1828
 20
-53.432
 30
0.0
 10
-2182.1828
 20
-53.1643
 30
0.0
 10
-2182.0787
 20
-52.9129
 30
0.0
 10
-2181.8895
 20
-52.7237
 30
0.0
 10
-2181.7004
 20
-52.5347
 30
0.0
 10
-2181.4491
 20
-52.4305
 30
0.0
 10
-2181.1813
 20
-52.4305
 30
0.0
 10
-2180.9142
 20
-52.4305
 30
0.0
 10
-2180.6627
 20
-52.5347
 30
0.0
 10
-2180.4734
 20
-52.7237
 30
0.0
 10
-2180.0831
 20
-53.1143
 30
0.0
 10
-2180.0831
 20
-53.7495
 30
0.0
 10
-2180.4734
 20
-54.14
 30
0.0
 10
-2180.6627
 20
-54.329
 30
0.0
 10
-2180.9142
 20
-54.4333
 30
0.0
 10
-2181.1813
 20
-54.4333
 30
0.0
  0
SPLINE
  5
67
330
1F
100
AcDbEntity
  8
Layer 1
 62
   240
100
AcDbSpline
210
0.0
220
0.0
230
1.0
 70
    11
 71
     3
 72
    26
 73
    22
 74
     0
 42
0.0000000001
 43
0.0000000001
 40
0.0
 40
0.0
 40
0.0
 40
0.0
 40
0.1428571428571428
 40
0.1428571428571428
 40
0.1428571428571428
 40
0.2857142857142857
 40
0.2857142857142857
 40
0.2857142857142857
 40
0.4285714285714285
 40
0.4285714285714285
 40
0.4285714285714285
 40
0.5714285714285714
 40
0.5714285714285714
 40
0.5714285714285714
 40
0.7142857142857142
 40
0.7142857142857142
 40
0.7142857142857142
 40
0.8571428571428571
 40
0.8571428571428571
 40
0.8571428571428571
 40
1.0
 40
1.0
 40
1.0
 40
1.0
 10
-2181.1813
 20
-53.104
 30
0.0
 10
-2181.2692
 20
-53.104
 30
0.0
 10
-2181.3514
 20
-53.138
 30
0.0
 10
-2181.4136
 20
-53.2
 30
0.0
 10
-2181.4754
 20
-53.2619
 30
0.0
 10
-2181.5094
 20
-53.3441
 30
0.0
 10
-2181.5094
 20
-53.432
 30
0.0
 10
-2181.5094
 20
-53.5193
 30
0.0
 10
-2181.4754
 20
-53.6019
 30
0.0
 10
-2181.4136
 20
-53.6638
 30
0.0
 10
-2181.3514
 20
-53.7258
 30
0.0
 10
-2181.2692
 20
-53.7598
 30
0.0
 10
-2181.1813
 20
-53.7598
 30
0.0
 10
-2181.094
 20
-53.7598
 30
0.0
 10
-2181.0117
 20
-53.7258
 30
0.0
 10
-2180.9496
 20
-53.6638
 30
0.0
 10
-2180.8218
 20
-53.5361
 30
0.0
 10
-2180.8218
 20
-53.3277
 30
0.0
 10
-2180.9496
 20
-53.2
 30
0.0
 10
-2181.0117
 20
-53.138
 30
0.0
 10
-2181.094
 20
-53.104
 30
0.0
 10
-2181.1813
 20
-53.104
 30
0.0
  0
SPLINE
  5
68
330
1F
100
AcDbEntity
  8
Layer 1
 62
   240
100
AcDbSpline
210
0.0
220
0.0
230
1.0
 70
    11
 71
     3
 72
    23
 73
    19
 74
     0
 42
0.0000000001
 43
0.0000000001
 40
0.0
 40
0.0
 40
0.0
 40
0.0
 40
0.1666666666666667
 40
0.1666666666666667
 40
0.1666666666666667
 40
0.3333333333333333
 40
0.3333333333333333
 40
0.3333333333333333
 40
0.5
 40
0.5
 40
0.5
 40
0.6666666666666666
 40
0.6666666666666666
 40
0.6666666666666666
 40
0.8333333333333333
 40
0.8333333333333333
 40
0.8333333333333333
 40
1.0
 40
1.0
 40
1.0
 40
1.0
 10
-2178.2031
 20
-52.4271
 30
0.0
 10
-2178.6096
 20
-52.4271
 30
0.0
 10
-2178.9729
 20
-52.1845
 30
0.0
 10
-2179.1286
 20
-51.8088
 30
0.0
 10
-2179.3399
 20
-51.2988
 30
0.0
 10
-2179.0965
 20
-50.7119
 30
0.0
 10
-2178.5866
 20
-50.5006
 30
0.0
 10
-2178.4642
 20
-50.45
 30
0.0
 10
-2178.3354
 20
-50.4242
 30
0.0
 10
-2178.2036
 20
-50.4242
 30
0.0
 10
-2177.7971
 20
-50.4242
 30
0.0
 10
-2177.4339
 20
-50.6668
 30
0.0
 10
-2177.2784
 20
-51.0427
 30
0.0
 10
-2177.0672
 20
-51.5526
 30
0.0
 10
-2177.3101
 20
-52.1395
 30
0.0
 10
-2177.8202
 20
-52.3509
 30
0.0
 10
-2177.9425
 20
-52.4014
 30
0.0
 10
-2178.0716
 20
-52.4271
 30
0.0
 10
-2178.2031
 20
-52.4271
 30
0.0
  0
SPLINE
  5
69
330
1F
100
AcDbEntity
  8
Layer 1
 62
   240
100
AcDbSpline
210
0.0
220
0.0
230
1.0
 70
    11
 71
     3
 72
    23
 73
    19
 74
     0
 42
0.0000000001
 43
0.0000000001
 40
0.0
 40
0.0
 40
0.0
 40
0.0
 40
0.1666666666666667
 40
0.1666666666666667
 40
0.1666666666666667
 40
0.3333333333333333
 40
0.3333333333333333
 40
0.3333333333333333
 40
0.5
 40
0.5
 40
0.5
 40
0.6666666666666666
 40
0.6666666666666666
 40
0.6666666666666666
 40
0.8333333333333333
 40
0.8333333333333333
 40
0.8333333333333333
 40
1.0
 40
1.0
 40
1.0
 40
1.0
 10
-2178.2036
 20
-51.0975
 30
0.0
 10
-2178.2465
 20
-51.0975
 30
0.0
 10
-2178.2887
 20
-51.106
 30
0.0
 10
-2178.3288
 20
-51.1225
 30
0.0
 10
-2178.496
 20
-51.1918
 30
0.0
 10
-2178.5757
 20
-51.384
 30
0.0
 10
-2178.5064
 20
-51.5512
 30
0.0
 10
-2178.4553
 20
-51.6742
 30
0.0
 10
-2178.3364
 20
-51.7539
 30
0.0
 10
-2178.2031
 20
-51.7539
 30
0.0
 10
-2178.1602
 20
-51.7539
 30
0.0
 10
-2178.1181
 20
-51.7454
 30
0.0
 10
-2178.0778
 20
-51.7285
 30
0.0
 10
-2177.9107
 20
-51.6594
 30
0.0
 10
-2177.8312
 20
-51.4674
 30
0.0
 10
-2177.9004
 20
-51.3003
 30
0.0
 10
-2177.9513
 20
-51.1769
 30
0.0
 10
-2178.0706
 20
-51.0975
 30
0.0
 10
-2178.2036
 20
-51.0975
 30
0.0
  0
SPLINE
  5
6A
330
1F
100
AcDbEntity
  8
Layer 1
 62
   240
100
AcDbSpline
210
0.0
220
0.0
230
1.0
 70
    11
 71
     3
 72
    23
 73
    19
 74
     0
 42
0.0000000001
 43
0.0000000001
 40
0.0
 40
0.0
 40
0.0
 40
0.0
 40
0.1666666666666667
 40
0.1666666666666667
 40
0.1666666666666667
 40
0.3333333333333333
 40
0.3333333333333333
 40
0.3333333333333333
 40
0.5
 40
0.5
 40
0.5
 40
0.6666666666666666
 40
0.6666666666666666
 40
0.6666666666666666
 40
0.8333333333333333
 40
0.8333333333333333
 40
0.8333333333333333
 40
1.0
 40
1.0
 40
1.0
 40
1.0
 10
-2171.16
 20
-52.4005
 30
0.0
 10
-2171.2919
 20
-52.4005
 30
0.0
 10
-2171.4205
 20
-52.3749
 30
0.0
 10
-2171.543
 20
-52.324
 30
0.0
 10
-2172.0529
 20
-52.1128
 30
0.0
 10
-2172.2959
 20
-51.5258
 30
0.0
 10
-2172.085
 20
-51.0158
 30
0.0
 10
-2171.9293
 20
-50.6404
 30
0.0
 10
-2171.5659
 20
-50.3975
 30
0.0
 10
-2171.1593
 20
-50.3975
 30
0.0
 10
-2171.0276
 20
-50.3975
 30
0.0
 10
-2170.8989
 20
-50.4232
 30
0.0
 10
-2170.7765
 20
-50.474
 30
0.0
 10
-2170.2665
 20
-50.6852
 30
0.0
 10
-2170.0234
 20
-51.272
 30
0.0
 10
-2170.2345
 20
-51.7822
 30
0.0
 10
-2170.39
 20
-52.1578
 30
0.0
 10
-2170.7534
 20
-52.4005
 30
0.0
 10
-2171.16
 20
-52.4005
 30
0.0
  0
SPLINE
  5
6B
330
1F
100
AcDbEntity
  8
Layer 1
 62
   240
100
AcDbSpline
210
0.0
220
0.0
230
1.0
 70
    11
 71
     3
 72
    23
 73
    19
 74
     0
 42
0.0000000001
 43
0.0000000001
 40
0.0
 40
0.0
 40
0.0
 40
0.0
 40
0.1666666666666667
 40
0.1666666666666667
 40
0.1666666666666667
 40
0.3333333333333333
 40
0.3333333333333333
 40
0.3333333333333333
 40
0.5
 40
0.5
 40
0.5
 40
0.6666666666666666
 40
0.6666666666666666
 40
0.6666666666666666
 40
0.8333333333333333
 40
0.8333333333333333
 40
0.8333333333333333
 40
1.0
 40
1.0
 40
1.0
 40
1.0
 10
-2171.1593
 20
-51.0708
 30
0.0
 10
-2171.2925
 20
-51.0708
 30
0.0
 10
-2171.4116
 20
-51.1505
 30
0.0
 10
-2171.4627
 20
-51.2734
 30
0.0
 10
-2171.532
 20
-51.4406
 30
0.0
 10
-2171.4522
 20
-51.6327
 30
0.0
 10
-2171.2854
 20
-51.7021
 30
0.0
 10
-2171.2452
 20
-51.7186
 30
0.0
 10
-2171.2029
 20
-51.7271
 30
0.0
 10
-2171.16
 20
-51.7271
 30
0.0
 10
-2171.0268
 20
-51.7271
 30
0.0
 10
-2170.9078
 20
-51.6477
 30
0.0
 10
-2170.8567
 20
-51.5245
 30
0.0
 10
-2170.7874
 20
-51.3575
 30
0.0
 10
-2170.8672
 20
-51.1654
 30
0.0
 10
-2171.0341
 20
-51.096
 30
0.0
 10
-2171.0746
 20
-51.0793
 30
0.0
 10
-2171.1167
 20
-51.071
 30
0.0
 10
-2171.1593
 20
-51.0708
 30
0.0
  0
SPLINE
  5
6C
330
1F
100
AcDbEntity
  8
Layer 1
 62
   240
100
AcDbSpline
210
0.0
220
0.0
230
1.0
 70
    11
 71
     3
 72
    26
 73
    22
 74
     0
 42
0.0000000001
 43
0.0000000001
 40
0.0
 40
0.0
 40
0.0
 40
0.0
 40
0.1428571428571428
 40
0.1428571428571428
 40
0.1428571428571428
 40
0.2857142857142857
 40
0.2857142857142857
 40
0.2857142857142857
 40
0.4285714285714285
 40
0.4285714285714285
 40
0.4285714285714285
 40
0.5714285714285714
 40
0.5714285714285714
 40
0.5714285714285714
 40
0.7142857142857142
 40
0.7142857142857142
 40
0.7142857142857142
 40
0.8571428571428571
 40
0.8571428571428571
 40
0.8571428571428571
 40
1.0
 40
1.0
 40
1.0
 40
1.0
 10
-2168.1666
 20
-54.384
 30
0.0
 10
-2168.434
 20
-54.384
 30
0.0
 10
-2168.6854
 20
-54.2798
 30
0.0
 10
-2168.8747
 20
-54.0909
 30
0.0
 10
-2169.2649
 20
-53.7004
 30
0.0
 10
-2169.2649
 20
-53.0651
 30
0.0
 10
-2168.8747
 20
-52.6746
 30
0.0
 10
-2168.6854
 20
-52.4858
 30
0.0
 10
-2168.434
 20
-52.3813
 30
0.0
 10
-2168.1666
 20
-52.3813
 30
0.0
 10
-2167.8992
 20
-52.3813
 30
0.0
 10
-2167.6479
 20
-52.4858
 30
0.0
 10
-2167.4586
 20
-52.6746
 30
0.0
 10
-2167.2694
 20
-52.8638
 30
0.0
 10
-2167.1653
 20
-53.1151
 30
0.0
 10
-2167.1653
 20
-53.3828
 30
0.0
 10
-2167.1653
 20
-53.6502
 30
0.0
 10
-2167.2694
 20
-53.9016
 30
0.0
 10
-2167.4586
 20
-54.0909
 30
0.0
 10
-2167.6479
 20
-54.2798
 30
0.0
 10
-2167.8992
 20
-54.384
 30
0.0
 10
-2168.1666
 20
-54.384
 30
0.0
  0
SPLINE
  5
6D
330
1F
100
AcDbEntity
  8
Layer 1
 62
   240
100
AcDbSpline
210
0.0
220
0.0
230
1.0
 70
    11
 71
     3
 72
    26
 73
    22
 74
     0
 42
0.0000000001
 43
0.0000000001
 40
0.0
 40
0.0
 40
0.0
 40
0.0
 40
0.1428571428571428
 40
0.1428571428571428
 40
0.1428571428571428
 40
0.2857142857142857
 40
0.2857142857142857
 40
0.2857142857142857
 40
0.4285714285714285
 40
0.4285714285714285
 40
0.4285714285714285
 40
0.5714285714285714
 40
0.5714285714285714
 40
0.5714285714285714
 40
0.7142857142857142
 40
0.7142857142857142
 40
0.7142857142857142
 40
0.8571428571428571
 40
0.8571428571428571
 40
0.8571428571428571
 40
1.0
 40
1.0
 40
1.0
 40
1.0
 10
-2168.1666
 20
-53.0548
 30
0.0
 10
-2168.2541
 20
-53.0548
 30
0.0
 10
-2168.3363
 20
-53.0889
 30
0.0
 10
-2168.3984
 20
-53.1508
 30
0.0
 10
-2168.5263
 20
-53.2784
 30
0.0
 10
-2168.5263
 20
-53.4868
 30
0.0
 10
-2168.3984
 20
-53.6145
 30
0.0
 10
-2168.3363
 20
-53.6765
 30
0.0
 10
-2168.2541
 20
-53.7106
 30
0.0
 10
-2168.1666
 20
-53.7106
 30
0.0
 10
-2168.0792
 20
-53.7105
 30
0.0
 10
-2167.9966
 20
-53.6765
 30
0.0
 10
-2167.9345
 20
-53.6145
 30
0.0
 10
-2167.8726
 20
-53.5526
 30
0.0
 10
-2167.8384
 20
-53.4704
 30
0.0
 10
-2167.8384
 20
-53.3828
 30
0.0
 10
-2167.8384
 20
-53.2952
 30
0.0
 10
-2167.8726
 20
-53.2127
 30
0.0
 10
-2167.9345
 20
-53.1508
 30
0.0
 10
-2167.9966
 20
-53.0889
 30
0.0
 10
-2168.0792
 20
-53.0548
 30
0.0
 10
-2168.1666
 20
-53.0548
 30
0.0
  0
SPLINE
  5
6E
330
1F
100
AcDbEntity
  8
Layer 1
 62
   240
100
AcDbSpline
210
0.0
220
0.0
230
1.0
 70
    11
 71
     3
 72
    26
 73
    22
 74
     0
 42
0.0000000001
 43
0.0000000001
 40
0.0
 40
0.0
 40
0.0
 40
0.0
 40
0.1428571428571428
 40
0.1428571428571428
 40
0.1428571428571428
 40
0.2857142857142857
 40
0.2857142857142857
 40
0.2857142857142857
 40
0.4285714285714285
 40
0.4285714285714285
 40
0.4285714285714285
 40
0.5714285714285714
 40
0.5714285714285714
 40
0.5714285714285714
 40
0.7142857142857142
 40
0.7142857142857142
 40
0.7142857142857142
 40
0.8571428571428571
 40
0.8571428571428571
 40
0.8571428571428571
 40
1.0
 40
1.0
 40
1.0
 40
1.0
 10
-2166.1599
 20
-57.3623
 30
0.0
 10
-2166.5667
 20
-57.3623
 30
0.0
 10
-2166.9299
 20
-57.1195
 30
0.0
 10
-2167.0854
 20
-56.744
 30
0.0
 10
-2167.1879
 20
-56.4969
 30
0.0
 10
-2167.1874
 20
-56.2246
 30
0.0
 10
-2167.0854
 20
-55.9776
 30
0.0
 10
-2166.983
 20
-55.7305
 30
0.0
 10
-2166.7905
 20
-55.5381
 30
0.0
 10
-2166.5434
 20
-55.4358
 30
0.0
 10
-2166.4211
 20
-55.385
 30
0.0
 10
-2166.2924
 20
-55.3593
 30
0.0
 10
-2166.1606
 20
-55.3593
 30
0.0
 10
-2165.7541
 20
-55.3593
 30
0.0
 10
-2165.391
 20
-55.6021
 30
0.0
 10
-2165.2351
 20
-55.9776
 30
0.0
 10
-2165.0241
 20
-56.4878
 30
0.0
 10
-2165.2671
 20
-57.0746
 30
0.0
 10
-2165.777
 20
-57.2858
 30
0.0
 10
-2165.8994
 20
-57.3366
 30
0.0
 10
-2166.0282
 20
-57.3623
 30
0.0
 10
-2166.1599
 20
-57.3623
 30
0.0
  0
SPLINE
  5
6F
330
1F
100
AcDbEntity
  8
Layer 1
 62
   240
100
AcDbSpline
210
0.0
220
0.0
230
1.0
 70
    11
 71
     3
 72
    26
 73
    22
 74
     0
 42
0.0000000001
 43
0.0000000001
 40
0.0
 40
0.0
 40
0.0
 40
0.0
 40
0.1428571428571428
 40
0.1428571428571428
 40
0.1428571428571428
 40
0.2857142857142857
 40
0.2857142857142857
 40
0.2857142857142857
 40
0.4285714285714285
 40
0.4285714285714285
 40
0.4285714285714285
 40
0.5714285714285714
 40
0.5714285714285714
 40
0.5714285714285714
 40
0.7142857142857142
 40
0.7142857142857142
 40
0.7142857142857142
 40
0.8571428571428571
 40
0.8571428571428571
 40
0.8571428571428571
 40
1.0
 40
1.0
 40
1.0
 40
1.0
 10
-2166.1606
 20
-56.0328
 30
0.0
 10
-2166.2037
 20
-56.0328
 30
0.0
 10
-2166.2457
 20
-56.0412
 30
0.0
 10
-2166.2858
 20
-56.0577
 30
0.0
 10
-2166.3668
 20
-56.0913
 30
0.0
 10
-2166.4296
 20
-56.1544
 30
0.0
 10
-2166.4633
 20
-56.2353
 30
0.0
 10
-2166.4968
 20
-56.3162
 30
0.0
 10
-2166.4968
 20
-56.4053
 30
0.0
 10
-2166.4633
 20
-56.4864
 30
0.0
 10
-2166.4123
 20
-56.6095
 30
0.0
 10
-2166.293
 20
-56.689
 30
0.0
 10
-2166.1599
 20
-56.689
 30
0.0
 10
-2166.1173
 20
-56.689
 30
0.0
 10
-2166.0753
 20
-56.6803
 30
0.0
 10
-2166.0346
 20
-56.6637
 30
0.0
 10
-2165.8678
 20
-56.5945
 30
0.0
 10
-2165.788
 20
-56.4023
 30
0.0
 10
-2165.8573
 20
-56.2353
 30
0.0
 10
-2165.9084
 20
-56.1122
 30
0.0
 10
-2166.0274
 20
-56.0328
 30
0.0
 10
-2166.1606
 20
-56.0328
 30
0.0
  0
SPLINE
  5
70
330
1F
100
AcDbEntity
  8
Layer 1
 62
   240
100
AcDbSpline
210
0.0
220
0.0
230
1.0
 70
    11
 71
     3
 72
    17
 73
    13
 74
     0
 42
0.0000000001
 43
0.0000000001
 40
0.0
 40
0.0
 40
0.0
 40
0.0
 40
0.25
 40
0.25
 40
0.25
 40
0.5
 40
0.5
 40
0.5
 40
0.75
 40
0.75
 40
0.75
 40
1.0
 40
1.0
 40
1.0
 40
1.0
 10
-2165.4464
 20
-60.8813
 30
0.0
 10
-2165.9985
 20
-60.8813
 30
0.0
 10
-2166.4479
 20
-60.432
 30
0.0
 10
-2166.4479
 20
-59.8799
 30
0.0
 10
-2166.4479
 20
-59.3279
 30
0.0
 10
-2165.9986
 20
-58.8788
 30
0.0
 10
-2165.4464
 20
-58.8788
 30
0.0
 10
-2164.8944
 20
-58.8788
 30
0.0
 10
-2164.4452
 20
-59.3279
 30
0.0
 10
-2164.4452
 20
-59.8799
 30
0.0
 10
-2164.4452
 20
-60.432
 30
0.0
 10
-2164.8944
 20
-60.8813
 30
0.0
 10
-2165.4464
 20
-60.8813
 30
0.0
  0
SPLINE
  5
71
330
1F
100
AcDbEntity
  8
Layer 1
 62
   240
100
AcDbSpline
210
0.0
220
0.0
230
1.0
 70
    11
 71
     3
 72
    17
 73
    13
 74
     0
 42
0.0000000001
 43
0.0000000001
 40
0.0
 40
0.0
 40
0.0
 40
0.0
 40
0.25
 40
0.25
 40
0.25
 40
0.5
 40
0.5
 40
0.5
 40
0.75
 40
0.75
 40
0.75
 40
1.0
 40
1.0
 40
1.0
 40
1.0
 10
-2165.4464
 20
-59.552
 30
0.0
 10
-2165.6271
 20
-59.552
 30
0.0
 10
-2165.7747
 20
-59.6993
 30
0.0
 10
-2165.7747
 20
-59.8799
 30
0.0
 10
-2165.7746
 20
-60.0609
 30
0.0
 10
-2165.6271
 20
-60.2081
 30
0.0
 10
-2165.4464
 20
-60.2081
 30
0.0
 10
-2165.2655
 20
-60.2081
 30
0.0
 10
-2165.1185
 20
-60.0609
 30
0.0
 10
-2165.1185
 20
-59.8799
 30
0.0
 10
-2165.1185
 20
-59.6993
 30
0.0
 10
-2165.2655
 20
-59.552
 30
0.0
 10
-2165.4464
 20
-59.552
 30
0.0
  0
SPLINE
  5
72
330
1F
100
AcDbEntity
  8
Layer 1
 62
   240
100
AcDbSpline
210
0.0
220
0.0
230
1.0
 70
    11
 71
     3
 72
    17
 73
    13
 74
     0
 42
0.0000000001
 43
0.0000000001
 40
0.0
 40
0.0
 40
0.0
 40
0.0
 40
0.25
 40
0.25
 40
0.25
 40
0.5
 40
0.5
 40
0.5
 40
0.75
 40
0.75
 40
0.75
 40
1.0
 40
1.0
 40
1.0
 40
1.0
 10
-2182.0109
 20
-54.603
 30
0.0
 10
-2182.0109
 20
-54.603
 30
0.0
 10
-2179.818
 20
-54.8214
 30
0.0
 10
-2179.818
 20
-54.8214
 30
0.0
 10
-2179.818
 20
-54.8214
 30
0.0
 10
-2180.0499
 20
-52.6153
 30
0.0
 10
-2180.0499
 20
-52.6153
 30
0.0
 10
-2180.0499
 20
-52.6153
 30
0.0
 10
-2184.3386
 20
-50.317
 30
0.0
 10
-2184.3386
 20
-50.317
 30
0.0
 10
-2184.3386
 20
-50.317
 30
0.0
 10
-2182.0109
 20
-54.603
 30
0.0
 10
-2182.0109
 20
-54.603
 30
0.0
  0
SPLINE
  5
73
330
1F
100
AcDbEntity
  8
Layer 1
 62
   240
100
AcDbSpline
210
0.0
220
0.0
230
1.0
 70
    11
 71
     3
 72
    26
 73
    22
 74
     0
 42
0.0000000001
 43
0.0000000001
 40
0.0
 40
0.0
 40
0.0
 40
0.0
 40
0.1428571428571428
 40
0.1428571428571428
 40
0.1428571428571428
 40
0.2857142857142857
 40
0.2857142857142857
 40
0.2857142857142857
 40
0.4285714285714285
 40
0.4285714285714285
 40
0.4285714285714285
 40
0.5714285714285714
 40
0.5714285714285714
 40
0.5714285714285714
 40
0.7142857142857142
 40
0.7142857142857142
 40
0.7142857142857142
 40
0.8571428571428571
 40
0.8571428571428571
 40
0.8571428571428571
 40
1.0
 40
1.0
 40
1.0
 40
1.0
 10
-2175.5078
 20
-59.5642
 30
0.0
 10
-2175.5078
 20
-59.5642
 30
0.0
 10
-2176.9284
 20
-58.2156
 30
0.0
 10
-2176.9284
 20
-58.2156
 30
0.0
 10
-2177.519
 20
-57.6552
 30
0.0
 10
-2178.2926
 20
-57.3465
 30
0.0
 10
-2179.1066
 20
-57.3465
 30
0.0
 10
-2179.4167
 20
-57.3465
 30
0.0
 10
-2179.7245
 20
-57.3919
 30
0.0
 10
-2180.0215
 20
-57.4819
 30
0.0
 10
-2180.0215
 20
-57.4819
 30
0.0
 10
-2180.3873
 20
-57.5924
 30
0.0
 10
-2180.3873
 20
-57.5924
 30
0.0
 10
-2180.3873
 20
-57.5924
 30
0.0
 10
-2180.2318
 20
-57.8789
 30
0.0
 10
-2180.2318
 20
-57.8789
 30
0.0
 10
-2179.6877
 20
-58.8802
 30
0.0
 10
-2178.642
 20
-59.5138
 30
0.0
 10
-2177.5026
 20
-59.5322
 30
0.0
 10
-2177.5026
 20
-59.5322
 30
0.0
 10
-2175.5078
 20
-59.5642
 30
0.0
 10
-2175.5078
 20
-59.5642
 30
0.0
  0
SPLINE
  5
74
330
1F
100
AcDbEntity
  8
Layer 1
 62
   240
100
AcDbSpline
210
0.0
220
0.0
230
1.0
 70
    11
 71
     3
 72
    17
 73
    13
 74
     0
 42
0.0000000001
 43
0.0000000001
 40
0.0
 40
0.0
 40
0.0
 40
0.0
 40
0.25
 40
0.25
 40
0.25
 40
0.5
 40
0.5
 40
0.5
 40
0.75
 40
0.75
 40
0.75
 40
1.0
 40
1.0
 40
1.0
 40
1.0
 10
-2181.3737
 20
-57.187
 30
0.0
 10
-2181.3737
 20
-57.187
 30
0.0
 10
-2182.4323
 20
-55.2375
 30
0.0
 10
-2182.4323
 20
-55.2375
 30
0.0
 10
-2182.4323
 20
-55.2375
 30
0.0
 10
-2187.274
 20
-54.7552
 30
0.0
 10
-2187.274
 20
-54.7552
 30
0.0
 10
-2187.274
 20
-54.7552
 30
0.0
 10
-2183.4831
 20
-57.8244
 30
0.0
 10
-2183.4831
 20
-57.8244
 30
0.0
 10
-2183.4831
 20
-57.8244
 30
0.0
 10
-2181.3737
 20
-57.187
 30
0.0
 10
-2181.3737
 20
-57.187
 30
0.0
  0
SPLINE
  5
75
330
1F
100
AcDbEntity
  8
Layer 1
 62
   240
100
AcDbSpline
210
0.0
220
0.0
230
1.0
 70
    11
 71
     3
 72
    26
 73
    22
 74
     0
 42
0.0000000001
 43
0.0000000001
 40
0.0
 40
0.0
 40
0.0
 40
0.0
 40
0.1428571428571428
 40
0.1428571428571428
 40
0.1428571428571428
 40
0.2857142857142857
 40
0.2857142857142857
 40
0.2857142857142857
 40
0.4285714285714285
 40
0.4285714285714285
 40
0.4285714285714285
 40
0.5714285714285714
 40
0.5714285714285714
 40
0.5714285714285714
 40
0.7142857142857142
 40
0.7142857142857142
 40
0.7142857142857142
 40
0.8571428571428571
 40
0.8571428571428571
 40
0.8571428571428571
 40
1.0
 40
1.0
 40
1.0
 40
1.0
 10
-2180.349
 20
-62.3299
 30
0.0
 10
-2180.349
 20
-62.3299
 30
0.0
 10
-2180.0363
 20
-62.4224
 30
0.0
 10
-2180.0363
 20
-62.4224
 30
0.0
 10
-2179.7445
 20
-62.5088
 30
0.0
 10
-2179.4423
 20
-62.5526
 30
0.0
 10
-2179.1385
 20
-62.5526
 30
0.0
 10
-2178.3125
 20
-62.5526
 30
0.0
 10
-2177.5308
 20
-62.2363
 30
0.0
 10
-2176.9376
 20
-61.6617
 30
0.0
 10
-2176.9376
 20
-61.6617
 30
0.0
 10
-2175.5044
 20
-60.2738
 30
0.0
 10
-2175.5044
 20
-60.2738
 30
0.0
 10
-2175.5044
 20
-60.2738
 30
0.0
 10
-2177.4625
 20
-60.3249
 30
0.0
 10
-2177.4625
 20
-60.3249
 30
0.0
 10
-2178.5959
 20
-60.3543
 30
0.0
 10
-2179.6329
 20
-60.9934
 30
0.0
 10
-2180.1684
 20
-61.9929
 30
0.0
 10
-2180.1684
 20
-61.9929
 30
0.0
 10
-2180.349
 20
-62.3299
 30
0.0
 10
-2180.349
 20
-62.3299
 30
0.0
  0
SPLINE
  5
76
330
1F
100
AcDbEntity
  8
Layer 1
 62
   240
100
AcDbSpline
210
0.0
220
0.0
230
1.0
 70
    11
 71
     3
 72
    23
 73
    19
 74
     0
 42
0.0000000001
 43
0.0000000001
 40
0.0
 40
0.0
 40
0.0
 40
0.0
 40
0.1666666666666667
 40
0.1666666666666667
 40
0.1666666666666667
 40
0.3333333333333333
 40
0.3333333333333333
 40
0.3333333333333333
 40
0.5
 40
0.5
 40
0.5
 40
0.6666666666666666
 40
0.6666666666666666
 40
0.6666666666666666
 40
0.8333333333333333
 40
0.8333333333333333
 40
0.8333333333333333
 40
1.0
 40
1.0
 40
1.0
 40
1.0
 10
-2180.3868
 20
-61.1044
 30
0.0
 10
-2180.6068
 20
-60.9883
 30
0.0
 10
-2180.8152
 20
-60.8505
 30
0.0
 10
-2181.0095
 20
-60.6933
 30
0.0
 10
-2181.0095
 20
-60.6933
 30
0.0
 10
-2183.6297
 20
-58.572
 30
0.0
 10
-2183.6297
 20
-58.572
 30
0.0
 10
-2183.6297
 20
-58.572
 30
0.0
 10
-2188.2876
 20
-59.9793
 30
0.0
 10
-2188.2876
 20
-59.9793
 30
0.0
 10
-2188.2876
 20
-59.9793
 30
0.0
 10
-2181.0083
 20
-62.1347
 30
0.0
 10
-2181.0083
 20
-62.1347
 30
0.0
 10
-2181.0083
 20
-62.1347
 30
0.0
 10
-2180.7619
 20
-61.675
 30
0.0
 10
-2180.7619
 20
-61.675
 30
0.0
 10
-2180.6529
 20
-61.472
 30
0.0
 10
-2180.5273
 20
-61.2815
 30
0.0
 10
-2180.3868
 20
-61.1044
 30
0.0
  0
SPLINE
  5
77
330
1F
100
AcDbEntity
  8
Layer 1
 62
   240
100
AcDbSpline
210
0.0
220
0.0
230
1.0
 70
    11
 71
     3
 72
    17
 73
    13
 74
     0
 42
0.0000000001
 43
0.0000000001
 40
0.0
 40
0.0
 40
0.0
 40
0.0
 40
0.25
 40
0.25
 40
0.25
 40
0.5
 40
0.5
 40
0.5
 40
0.75
 40
0.75
 40
0.75
 40
1.0
 40
1.0
 40
1.0
 40
1.0
 10
-2167.9658
 20
-57.0889
 30
0.0
 10
-2167.9658
 20
-57.0889
 30
0.0
 10
-2165.8388
 20
-57.7186
 30
0.0
 10
-2165.8388
 20
-57.7186
 30
0.0
 10
-2165.8388
 20
-57.7186
 30
0.0
 10
-2162.0744
 20
-54.636
 30
0.0
 10
-2162.0744
 20
-54.636
 30
0.0
 10
-2162.0744
 20
-54.636
 30
0.0
 10
-2166.9248
 20
-55.1463
 30
0.0
 10
-2166.9248
 20
-55.1463
 30
0.0
 10
-2166.9248
 20
-55.1463
 30
0.0
 10
-2167.9658
 20
-57.0889
 30
0.0
 10
-2167.9658
 20
-57.0889
 30
0.0
  0
SPLINE
  5
78
330
1F
100
AcDbEntity
  8
Layer 1
 62
   240
100
AcDbSpline
210
0.0
220
0.0
230
1.0
 70
    11
 71
     3
 72
    26
 73
    22
 74
     0
 42
0.0000000001
 43
0.0000000001
 40
0.0
 40
0.0
 40
0.0
 40
0.0
 40
0.1428571428571428
 40
0.1428571428571428
 40
0.1428571428571428
 40
0.2857142857142857
 40
0.2857142857142857
 40
0.2857142857142857
 40
0.4285714285714285
 40
0.4285714285714285
 40
0.4285714285714285
 40
0.5714285714285714
 40
0.5714285714285714
 40
0.5714285714285714
 40
0.7142857142857142
 40
0.7142857142857142
 40
0.7142857142857142
 40
0.8571428571428571
 40
0.8571428571428571
 40
0.8571428571428571
 40
1.0
 40
1.0
 40
1.0
 40
1.0
 10
-2168.9498
 20
-57.4997
 30
0.0
 10
-2168.9498
 20
-57.4997
 30
0.0
 10
-2169.2622
 20
-57.4071
 30
0.0
 10
-2169.2622
 20
-57.4071
 30
0.0
 10
-2169.5544
 20
-57.3206
 30
0.0
 10
-2169.8566
 20
-57.2769
 30
0.0
 10
-2170.1604
 20
-57.2769
 30
0.0
 10
-2170.9863
 20
-57.2769
 30
0.0
 10
-2171.7681
 20
-57.5933
 30
0.0
 10
-2172.3612
 20
-58.168
 30
0.0
 10
-2172.3612
 20
-58.168
 30
0.0
 10
-2173.7947
 20
-59.5556
 30
0.0
 10
-2173.7947
 20
-59.5556
 30
0.0
 10
-2173.7947
 20
-59.5556
 30
0.0
 10
-2171.8367
 20
-59.5047
 30
0.0
 10
-2171.8367
 20
-59.5047
 30
0.0
 10
-2170.7028
 20
-59.4753
 30
0.0
 10
-2169.6661
 20
-58.8361
 30
0.0
 10
-2169.1301
 20
-57.8365
 30
0.0
 10
-2169.1301
 20
-57.8365
 30
0.0
 10
-2168.9498
 20
-57.4997
 30
0.0
 10
-2168.9498
 20
-57.4997
 30
0.0
  0
SPLINE
  5
79
330
1F
100
AcDbEntity
  8
Layer 1
 62
   240
100
AcDbSpline
210
0.0
220
0.0
230
1.0
 70
    11
 71
     3
 72
    23
 73
    19
 74
     0
 42
0.0000000001
 43
0.0000000001
 40
0.0
 40
0.0
 40
0.0
 40
0.0
 40
0.1666666666666667
 40
0.1666666666666667
 40
0.1666666666666667
 40
0.3333333333333333
 40
0.3333333333333333
 40
0.3333333333333333
 40
0.5
 40
0.5
 40
0.5
 40
0.6666666666666666
 40
0.6666666666666666
 40
0.6666666666666666
 40
0.8333333333333333
 40
0.8333333333333333
 40
0.8333333333333333
 40
1.0
 40
1.0
 40
1.0
 40
1.0
 10
-2168.8937
 20
-61.0119
 30
0.0
 10
-2168.7361
 20
-61.2018
 30
0.0
 10
-2168.5954
 20
-61.4082
 30
0.0
 10
-2168.4753
 20
-61.6294
 30
0.0
 10
-2168.4753
 20
-61.6294
 30
0.0
 10
-2168.2532
 20
-62.0384
 30
0.0
 10
-2168.2532
 20
-62.0384
 30
0.0
 10
-2168.2532
 20
-62.0384
 30
0.0
 10
-2161.0113
 20
-59.85
 30
0.0
 10
-2161.0113
 20
-59.85
 30
0.0
 10
-2161.0113
 20
-59.85
 30
0.0
 10
-2165.688
 20
-58.4655
 30
0.0
 10
-2165.688
 20
-58.4655
 30
0.0
 10
-2165.688
 20
-58.4655
 30
0.0
 10
-2168.3287
 20
-60.6277
 30
0.0
 10
-2168.3287
 20
-60.6277
 30
0.0
 10
-2168.5055
 20
-60.7725
 30
0.0
 10
-2168.6947
 20
-60.901
 30
0.0
 10
-2168.8937
 20
-61.0119
 30
0.0
  0
SPLINE
  5
7A
330
1F
100
AcDbEntity
  8
Layer 1
 62
   240
100
AcDbSpline
210
0.0
220
0.0
230
1.0
 70
    11
 71
     3
 72
    23
 73
    19
 74
     0
 42
0.0000000001
 43
0.0000000001
 40
0.0
 40
0.0
 40
0.0
 40
0.0
 40
0.1666666666666667
 40
0.1666666666666667
 40
0.1666666666666667
 40
0.3333333333333333
 40
0.3333333333333333
 40
0.3333333333333333
 40
0.5
 40
0.5
 40
0.5
 40
0.6666666666666666
 40
0.6666666666666666
 40
0.6666666666666666
 40
0.8333333333333333
 40
0.8333333333333333
 40
0.8333333333333333
 40
1.0
 40
1.0
 40
1.0
 40
1.0
 10
-2170.4528
 20
-59.8868
 30
0.0
 10
-2170.0682
 20
-60.0372
 30
0.0
 10
-2169.7101
 20
-60.2484
 30
0.0
 10
-2169.3929
 20
-60.5123
 30
0.0
 10
-2169.165
 20
-60.4032
 30
0.0
 10
-2168.9509
 20
-60.2671
 30
0.0
 10
-2168.7552
 20
-60.1067
 30
0.0
 10
-2168.7552
 20
-60.1067
 30
0.0
 10
-2166.4686
 20
-58.2343
 30
0.0
 10
-2166.4686
 20
-58.2343
 30
0.0
 10
-2166.4686
 20
-58.2343
 30
0.0
 10
-2168.2904
 20
-57.6949
 30
0.0
 10
-2168.2904
 20
-57.6949
 30
0.0
 10
-2168.2904
 20
-57.6949
 30
0.0
 10
-2168.5369
 20
-58.1545
 30
0.0
 10
-2168.5369
 20
-58.1545
 30
0.0
 10
-2168.9614
 20
-58.9467
 30
0.0
 10
-2169.646
 20
-59.5522
 30
0.0
 10
-2170.4528
 20
-59.8868
 30
0.0
  0
SPLINE
  5
7B
330
1F
100
AcDbEntity
  8
Layer 1
 62
   240
100
AcDbSpline
210
0.0
220
0.0
230
1.0
 70
    11
 71
     3
 72
    26
 73
    22
 74
     0
 42
0.0000000001
 43
0.0000000001
 40
0.0
 40
0.0
 40
0.0
 40
0.0
 40
0.1428571428571428
 40
0.1428571428571428
 40
0.1428571428571428
 40
0.2857142857142857
 40
0.2857142857142857
 40
0.2857142857142857
 40
0.4285714285714285
 40
0.4285714285714285
 40
0.4285714285714285
 40
0.5714285714285714
 40
0.5714285714285714
 40
0.5714285714285714
 40
0.7142857142857142
 40
0.7142857142857142
 40
0.7142857142857142
 40
0.8571428571428571
 40
0.8571428571428571
 40
0.8571428571428571
 40
1.0
 40
1.0
 40
1.0
 40
1.0
 10
-2168.9115
 20
-62.2373
 30
0.0
 10
-2168.9115
 20
-62.2373
 30
0.0
 10
-2169.067
 20
-61.9508
 30
0.0
 10
-2169.067
 20
-61.9508
 30
0.0
 10
-2169.6111
 20
-60.9493
 30
0.0
 10
-2170.6566
 20
-60.3157
 30
0.0
 10
-2171.7962
 20
-60.2974
 30
0.0
 10
-2171.7962
 20
-60.2974
 30
0.0
 10
-2173.7913
 20
-60.2653
 30
0.0
 10
-2173.7913
 20
-60.2653
 30
0.0
 10
-2173.7913
 20
-60.2653
 30
0.0
 10
-2172.3704
 20
-61.6138
 30
0.0
 10
-2172.3704
 20
-61.6138
 30
0.0
 10
-2171.7798
 20
-62.1745
 30
0.0
 10
-2171.0062
 20
-62.4831
 30
0.0
 10
-2170.192
 20
-62.4831
 30
0.0
 10
-2169.882
 20
-62.4831
 30
0.0
 10
-2169.5747
 20
-62.4375
 30
0.0
 10
-2169.2773
 20
-62.3478
 30
0.0
 10
-2169.2773
 20
-62.3478
 30
0.0
 10
-2168.9115
 20
-62.2373
 30
0.0
 10
-2168.9115
 20
-62.2373
 30
0.0
  0
SPLINE
  5
7C
330
1F
100
AcDbEntity
  8
Layer 1
 62
   240
100
AcDbSpline
210
0.0
220
0.0
230
1.0
 70
    11
 71
     3
 72
    17
 73
    13
 74
     0
 42
0.0000000001
 43
0.0000000001
 40
0.0
 40
0.0
 40
0.0
 40
0.0
 40
0.25
 40
0.25
 40
0.25
 40
0.5
 40
0.5
 40
0.5
 40
0.75
 40
0.75
 40
0.75
 40
1.0
 40
1.0
 40
1.0
 40
1.0
 10
-2165.0515
 20
-50.2255
 30
0.0
 10
-2165.0515
 20
-50.2255
 30
0.0
 10
-2169.3374
 20
-52.5532
 30
0.0
 10
-2169.3374
 20
-52.5532
 30
0.0
 10
-2169.3374
 20
-52.5532
 30
0.0
 10
-2169.5559
 20
-54.7462
 30
0.0
 10
-2169.5559
 20
-54.7462
 30
0.0
 10
-2169.5559
 20
-54.7462
 30
0.0
 10
-2167.3497
 20
-54.514
 30
0.0
 10
-2167.3497
 20
-54.514
 30
0.0
 10
-2167.3497
 20
-54.514
 30
0.0
 10
-2165.0515
 20
-50.2255
 30
0.0
 10
-2165.0515
 20
-50.2255
 30
0.0
  0
SPLINE
  5
7D
330
1F
100
AcDbEntity
  8
Layer 1
 62
   240
100
AcDbSpline
210
0.0
220
0.0
230
1.0
 70
    11
 71
     3
 72
    26
 73
    22
 74
     0
 42
0.0000000001
 43
0.0000000001
 40
0.0
 40
0.0
 40
0.0
 40
0.0
 40
0.1428571428571428
 40
0.1428571428571428
 40
0.1428571428571428
 40
0.2857142857142857
 40
0.2857142857142857
 40
0.2857142857142857
 40
0.4285714285714285
 40
0.4285714285714285
 40
0.4285714285714285
 40
0.5714285714285714
 40
0.5714285714285714
 40
0.5714285714285714
 40
0.7142857142857142
 40
0.7142857142857142
 40
0.7142857142857142
 40
0.8571428571428571
 40
0.8571428571428571
 40
0.8571428571428571
 40
1.0
 40
1.0
 40
1.0
 40
1.0
 10
-2171.3824
 20
-55.7101
 30
0.0
 10
-2171.41
 20
-56.1212
 30
0.0
 10
-2171.5032
 20
-56.5252
 30
0.0
 10
-2171.6583
 20
-56.9063
 30
0.0
 10
-2171.1902
 20
-56.7079
 30
0.0
 10
-2170.6825
 20
-56.6035
 30
0.0
 10
-2170.1604
 20
-56.6035
 30
0.0
 10
-2169.7918
 20
-56.6035
 30
0.0
 10
-2169.4252
 20
-56.6567
 30
0.0
 10
-2169.0712
 20
-56.7616
 30
0.0
 10
-2169.0712
 20
-56.7616
 30
0.0
 10
-2168.6251
 20
-56.8937
 30
0.0
 10
-2168.6251
 20
-56.8937
 30
0.0
 10
-2168.6251
 20
-56.8937
 30
0.0
 10
-2167.7342
 20
-55.2316
 30
0.0
 10
-2167.7342
 20
-55.2316
 30
0.0
 10
-2167.7342
 20
-55.2316
 30
0.0
 10
-2170.6322
 20
-55.5364
 30
0.0
 10
-2170.6322
 20
-55.5364
 30
0.0
 10
-2170.8916
 20
-55.5637
 30
0.0
 10
-2171.1434
 20
-55.6229
 30
0.0
 10
-2171.3824
 20
-55.7101
 30
0.0
  0
SPLINE
  5
7E
330
1F
100
AcDbEntity
  8
Layer 1
 62
   240
100
AcDbSpline
210
0.0
220
0.0
230
1.0
 70
    11
 71
     3
 72
    23
 73
    19
 74
     0
 42
0.0000000001
 43
0.0000000001
 40
0.0
 40
0.0
 40
0.0
 40
0.0
 40
0.1666666666666667
 40
0.1666666666666667
 40
0.1666666666666667
 40
0.3333333333333333
 40
0.3333333333333333
 40
0.3333333333333333
 40
0.5
 40
0.5
 40
0.5
 40
0.6666666666666666
 40
0.6666666666666666
 40
0.6666666666666666
 40
0.8333333333333333
 40
0.8333333333333333
 40
0.8333333333333333
 40
1.0
 40
1.0
 40
1.0
 40
1.0
 10
-2171.6931
 20
-53.8326
 30
0.0
 10
-2171.6931
 20
-53.8326
 30
0.0
 10
-2171.5374
 20
-54.3479
 30
0.0
 10
-2171.5374
 20
-54.3479
 30
0.0
 10
-2171.4717
 20
-54.5651
 30
0.0
 10
-2171.4263
 20
-54.7857
 30
0.0
 10
-2171.4003
 20
-55.0068
 30
0.0
 10
-2171.1747
 20
-54.9392
 30
0.0
 10
-2170.9416
 20
-54.8921
 30
0.0
 10
-2170.7028
 20
-54.8669
 30
0.0
 10
-2170.7028
 20
-54.8669
 30
0.0
 10
-2170.2397
 20
-54.8182
 30
0.0
 10
-2170.2397
 20
-54.8182
 30
0.0
 10
-2170.2397
 20
-54.8182
 30
0.0
 10
-2170.0528
 20
-52.9418
 30
0.0
 10
-2170.0528
 20
-52.9418
 30
0.0
 10
-2170.0528
 20
-52.9418
 30
0.0
 10
-2171.6931
 20
-53.8326
 30
0.0
 10
-2171.6931
 20
-53.8326
 30
0.0
  0
SPLINE
  5
7F
330
1F
100
AcDbEntity
  8
Layer 1
 62
   240
100
AcDbSpline
210
0.0
220
0.0
230
1.0
 70
    11
 71
     3
 72
    17
 73
    13
 74
     0
 42
0.0000000001
 43
0.0000000001
 40
0.0
 40
0.0
 40
0.0
 40
0.0
 40
0.25
 40
0.25
 40
0.25
 40
0.5
 40
0.5
 40
0.5
 40
0.75
 40
0.75
 40
0.75
 40
1.0
 40
1.0
 40
1.0
 40
1.0
 10
-2172.5338
 20
-51.0499
 30
0.0
 10
-2172.5338
 20
-51.0499
 30
0.0
 10
-2171.892
 20
-53.1743
 30
0.0
 10
-2171.892
 20
-53.1743
 30
0.0
 10
-2171.892
 20
-53.1743
 30
0.0
 10
-2169.9722
 20
-52.1318
 30
0.0
 10
-2169.9722
 20
-52.1318
 30
0.0
 10
-2169.9722
 20
-52.1318
 30
0.0
 10
-2169.4901
 20
-47.2902
 30
0.0
 10
-2169.4901
 20
-47.2902
 30
0.0
 10
-2169.4901
 20
-47.2902
 30
0.0
 10
-2172.5338
 20
-51.0499
 30
0.0
 10
-2172.5338
 20
-51.0499
 30
0.0
  0
SPLINE
  5
80
330
1F
100
AcDbEntity
  8
Layer 1
 62
   240
100
AcDbSpline
210
0.0
220
0.0
230
1.0
 70
    11
 71
     3
 72
    17
 73
    13
 74
     0
 42
0.0000000001
 43
0.0000000001
 40
0.0
 40
0.0
 40
0.0
 40
0.0
 40
0.25
 40
0.25
 40
0.25
 40
0.5
 40
0.5
 40
0.5
 40
0.75
 40
0.75
 40
0.75
 40
1.0
 40
1.0
 40
1.0
 40
1.0
 10
-2177.4453
 20
-53.2473
 30
0.0
 10
-2177.4453
 20
-53.2473
 30
0.0
 10
-2176.82
 20
-51.1353
 30
0.0
 10
-2176.82
 20
-51.1353
 30
0.0
 10
-2176.82
 20
-51.1353
 30
0.0
 10
-2179.9281
 20
-47.3395
 30
0.0
 10
-2179.9281
 20
-47.3395
 30
0.0
 10
-2179.9281
 20
-47.3395
 30
0.0
 10
-2179.4178
 20
-52.1902
 30
0.0
 10
-2179.4178
 20
-52.1902
 30
0.0
 10
-2179.4178
 20
-52.1902
 30
0.0
 10
-2177.4453
 20
-53.2473
 30
0.0
 10
-2177.4453
 20
-53.2473
 30
0.0
  0
SPLINE
  5
81
330
1F
100
AcDbEntity
  8
Layer 1
 62
   240
100
AcDbSpline
210
0.0
220
0.0
230
1.0
 70
    11
 71
     3
 72
    23
 73
    19
 74
     0
 42
0.0000000001
 43
0.0000000001
 40
0.0
 40
0.0
 40
0.0
 40
0.0
 40
0.1666666666666667
 40
0.1666666666666667
 40
0.1666666666666667
 40
0.3333333333333333
 40
0.3333333333333333
 40
0.3333333333333333
 40
0.5
 40
0.5
 40
0.5
 40
0.6666666666666666
 40
0.6666666666666666
 40
0.6666666666666666
 40
0.8333333333333333
 40
0.8333333333333333
 40
0.8333333333333333
 40
1.0
 40
1.0
 40
1.0
 40
1.0
 10
-2177.9098
 20
-55.0795
 30
0.0
 10
-2177.8874
 20
-54.8302
 30
0.0
 10
-2177.8402
 20
-54.5815
 30
0.0
 10
-2177.7679
 20
-54.3366
 30
0.0
 10
-2177.7679
 20
-54.3366
 30
0.0
 10
-2177.6405
 20
-53.9066
 30
0.0
 10
-2177.6405
 20
-53.9066
 30
0.0
 10
-2177.6405
 20
-53.9066
 30
0.0
 10
-2179.3325
 20
-52.9998
 30
0.0
 10
-2179.3325
 20
-52.9998
 30
0.0
 10
-2179.3325
 20
-52.9998
 30
0.0
 10
-2179.1337
 20
-54.8895
 30
0.0
 10
-2179.1337
 20
-54.8895
 30
0.0
 10
-2179.1337
 20
-54.8895
 30
0.0
 10
-2178.6146
 20
-54.9412
 30
0.0
 10
-2178.6146
 20
-54.9412
 30
0.0
 10
-2178.3736
 20
-54.9652
 30
0.0
 10
-2178.1377
 20
-55.0119
 30
0.0
 10
-2177.9098
 20
-55.0795
 30
0.0
  0
SPLINE
  5
82
330
1F
100
AcDbEntity
  8
Layer 1
 62
   240
100
AcDbSpline
210
0.0
220
0.0
230
1.0
 70
    11
 71
     3
 72
    26
 73
    22
 74
     0
 42
0.0000000001
 43
0.0000000001
 40
0.0
 40
0.0
 40
0.0
 40
0.0
 40
0.1428571428571428
 40
0.1428571428571428
 40
0.1428571428571428
 40
0.2857142857142857
 40
0.2857142857142857
 40
0.2857142857142857
 40
0.4285714285714285
 40
0.4285714285714285
 40
0.4285714285714285
 40
0.5714285714285714
 40
0.5714285714285714
 40
0.5714285714285714
 40
0.7142857142857142
 40
0.7142857142857142
 40
0.7142857142857142
 40
0.8571428571428571
 40
0.8571428571428571
 40
0.8571428571428571
 40
1.0
 40
1.0
 40
1.0
 40
1.0
 10
-2177.5954
 20
-56.982
 30
0.0
 10
-2177.763
 20
-56.6035
 30
0.0
 10
-2177.8686
 20
-56.2004
 30
0.0
 10
-2177.9078
 20
-55.789
 30
0.0
 10
-2178.1543
 20
-55.6984
 30
0.0
 10
-2178.4141
 20
-55.6379
 30
0.0
 10
-2178.6816
 20
-55.6111
 30
0.0
 10
-2178.6816
 20
-55.6111
 30
0.0
 10
-2181.6224
 20
-55.3181
 30
0.0
 10
-2181.6224
 20
-55.3181
 30
0.0
 10
-2181.6224
 20
-55.3181
 30
0.0
 10
-2180.7155
 20
-56.988
 30
0.0
 10
-2180.7155
 20
-56.988
 30
0.0
 10
-2180.7155
 20
-56.988
 30
0.0
 10
-2180.2162
 20
-56.8373
 30
0.0
 10
-2180.2162
 20
-56.8373
 30
0.0
 10
-2179.8559
 20
-56.7285
 30
0.0
 10
-2179.4826
 20
-56.6731
 30
0.0
 10
-2179.1066
 20
-56.6731
 30
0.0
 10
-2178.5802
 20
-56.6731
 30
0.0
 10
-2178.0678
 20
-56.7796
 30
0.0
 10
-2177.5954
 20
-56.982
 30
0.0
  0
SPLINE
  5
83
330
1F
100
AcDbEntity
  8
Layer 1
 62
   240
100
AcDbSpline
210
0.0
220
0.0
230
1.0
 70
    11
 71
     3
 72
   962
 73
   958
 74
     0
 42
0.0000000001
 43
0.0000000001
 40
0.0
 40
0.0
 40
0.0
 40
0.0
 40
0.0031347962382445
 40
0.0031347962382445
 40
0.0031347962382445
 40
0.006269592476489
 40
0.006269592476489
 40
0.006269592476489
 40
0.0094043887147335
 40
0.0094043887147335
 40
0.0094043887147335
 40
0.0125391849529781
 40
0.0125391849529781
 40
0.0125391849529781
 40
0.0156739811912226
 40
0.0156739811912226
 40
0.0156739811912226
 40
0.0188087774294671
 40
0.0188087774294671
 40
0.0188087774294671
 40
0.0219435736677116
 40
0.0219435736677116
 40
0.0219435736677116
 40
0.0250783699059561
 40
0.0250783699059561
 40
0.0250783699059561
 40
0.0282131661442006
 40
0.0282131661442006
 40
0.0282131661442006
 40
0.0313479623824451
 40
0.0313479623824451
 40
0.0313479623824451
 40
0.0344827586206897
 40
0.0344827586206897
 40
0.0344827586206897
 40
0.0376175548589342
 40
0.0376175548589342
 40
0.0376175548589342
 40
0.0407523510971787
 40
0.0407523510971787
 40
0.0407523510971787
 40
0.0438871473354232
 40
0.0438871473354232
 40
0.0438871473354232
 40
0.0470219435736677
 40
0.0470219435736677
 40
0.0470219435736677
 40
0.0501567398119122
 40
0.0501567398119122
 40
0.0501567398119122
 40
0.0532915360501567
 40
0.0532915360501567
 40
0.0532915360501567
 40
0.0564263322884012
 40
0.0564263322884012
 40
0.0564263322884012
 40
0.0595611285266458
 40
0.0595611285266458
 40
0.0595611285266458
 40
0.0626959247648903
 40
0.0626959247648903
 40
0.0626959247648903
 40
0.0658307210031348
 40
0.0658307210031348
 40
0.0658307210031348
 40
0.0689655172413793
 40
0.0689655172413793
 40
0.0689655172413793
 40
0.0721003134796238
 40
0.0721003134796238
 40
0.0721003134796238
 40
0.0752351097178683
 40
0.0752351097178683
 40
0.0752351097178683
 40
0.0783699059561128
 40
0.0783699059561128
 40
0.0783699059561128
 40
0.0815047021943574
 40
0.0815047021943574
 40
0.0815047021943574
 40
0.0846394984326019
 40
0.0846394984326019
 40
0.0846394984326019
 40
0.0877742946708464
 40
0.0877742946708464
 40
0.0877742946708464
 40
0.0909090909090909
 40
0.0909090909090909
 40
0.0909090909090909
 40
0.0940438871473354
 40
0.0940438871473354
 40
0.0940438871473354
 40
0.0971786833855799
 40
0.0971786833855799
 40
0.0971786833855799
 40
0.1003134796238244
 40
0.1003134796238244
 40
0.1003134796238244
 40
0.103448275862069
 40
0.103448275862069
 40
0.103448275862069
 40
0.1065830721003135
 40
0.1065830721003135
 40
0.1065830721003135
 40
0.109717868338558
 40
0.109717868338558
 40
0.109717868338558
 40
0.1128526645768025
 40
0.1128526645768025
 40
0.1128526645768025
 40
0.115987460815047
 40
0.115987460815047
 40
0.115987460815047
 40
0.1191222570532915
 40
0.1191222570532915
 40
0.1191222570532915
 40
0.122257053291536
 40
0.122257053291536
 40
0.122257053291536
 40
0.1253918495297806
 40
0.1253918495297806
 40
0.1253918495297806
 40
0.1285266457680251
 40
0.1285266457680251
 40
0.1285266457680251
 40
0.1316614420062696
 40
0.1316614420062696
 40
0.1316614420062696
 40
0.1347962382445141
 40
0.1347962382445141
 40
0.1347962382445141
 40
0.1379310344827586
 40
0.1379310344827586
 40
0.1379310344827586
 40
0.1410658307210031
 40
0.1410658307210031
 40
0.1410658307210031
 40
0.1442006269592477
 40
0.1442006269592477
 40
0.1442006269592477
 40
0.1473354231974922
 40
0.1473354231974922
 40
0.1473354231974922
 40
0.1504702194357367
 40
0.1504702194357367
 40
0.1504702194357367
 40
0.1536050156739812
 40
0.1536050156739812
 40
0.1536050156739812
 40
0.1567398119122257
 40
0.1567398119122257
 40
0.1567398119122257
 40
0.1598746081504702
 40
0.1598746081504702
 40
0.1598746081504702
 40
0.1630094043887147
 40
0.1630094043887147
 40
0.1630094043887147
 40
0.1661442006269593
 40
0.1661442006269593
 40
0.1661442006269593
 40
0.1692789968652038
 40
0.1692789968652038
 40
0.1692789968652038
 40
0.1724137931034483
 40
0.1724137931034483
 40
0.1724137931034483
 40
0.1755485893416928
 40
0.1755485893416928
 40
0.1755485893416928
 40
0.1786833855799373
 40
0.1786833855799373
 40
0.1786833855799373
 40
0.1818181818181818
 40
0.1818181818181818
 40
0.1818181818181818
 40
0.1849529780564263
 40
0.1849529780564263
 40
0.1849529780564263
 40
0.1880877742946708
 40
0.1880877742946708
 40
0.1880877742946708
 40
0.1912225705329154
 40
0.1912225705329154
 40
0.1912225705329154
 40
0.1943573667711599
 40
0.1943573667711599
 40
0.1943573667711599
 40
0.1974921630094044
 40
0.1974921630094044
 40
0.1974921630094044
 40
0.2006269592476489
 40
0.2006269592476489
 40
0.2006269592476489
 40
0.2037617554858934
 40
0.2037617554858934
 40
0.2037617554858934
 40
0.2068965517241379
 40
0.2068965517241379
 40
0.2068965517241379
 40
0.2100313479623824
 40
0.2100313479623824
 40
0.2100313479623824
 40
0.213166144200627
 40
0.213166144200627
 40
0.213166144200627
 40
0.2163009404388715
 40
0.2163009404388715
 40
0.2163009404388715
 40
0.219435736677116
 40
0.219435736677116
 40
0.219435736677116
 40
0.2225705329153605
 40
0.2225705329153605
 40
0.2225705329153605
 40
0.225705329153605
 40
0.225705329153605
 40
0.225705329153605
 40
0.2288401253918495
 40
0.2288401253918495
 40
0.2288401253918495
 40
0.231974921630094
 40
0.231974921630094
 40
0.231974921630094
 40
0.2351097178683385
 40
0.2351097178683385
 40
0.2351097178683385
 40
0.2382445141065831
 40
0.2382445141065831
 40
0.2382445141065831
 40
0.2413793103448276
 40
0.2413793103448276
 40
0.2413793103448276
 40
0.2445141065830721
 40
0.2445141065830721
 40
0.2445141065830721
 40
0.2476489028213166
 40
0.2476489028213166
 40
0.2476489028213166
 40
0.2507836990595611
 40
0.2507836990595611
 40
0.2507836990595611
 40
0.2539184952978056
 40
0.2539184952978056
 40
0.2539184952978056
 40
0.2570532915360502
 40
0.2570532915360502
 40
0.2570532915360502
 40
0.2601880877742946
 40
0.2601880877742946
 40
0.2601880877742946
 40
0.2633228840125392
 40
0.2633228840125392
 40
0.2633228840125392
 40
0.2664576802507837
 40
0.2664576802507837
 40
0.2664576802507837
 40
0.2695924764890282
 40
0.2695924764890282
 40
0.2695924764890282
 40
0.2727272727272727
 40
0.2727272727272727
 40
0.2727272727272727
 40
0.2758620689655172
 40
0.2758620689655172
 40
0.2758620689655172
 40
0.2789968652037618
 40
0.2789968652037618
 40
0.2789968652037618
 40
0.2821316614420062
 40
0.2821316614420062
 40
0.2821316614420062
 40
0.2852664576802508
 40
0.2852664576802508
 40
0.2852664576802508
 40
0.2884012539184953
 40
0.2884012539184953
 40
0.2884012539184953
 40
0.2915360501567398
 40
0.2915360501567398
 40
0.2915360501567398
 40
0.2946708463949843
 40
0.2946708463949843
 40
0.2946708463949843
 40
0.2978056426332288
 40
0.2978056426332288
 40
0.2978056426332288
 40
0.3009404388714734
 40
0.3009404388714734
 40
0.3009404388714734
 40
0.3040752351097178
 40
0.3040752351097178
 40
0.3040752351097178
 40
0.3072100313479624
 40
0.3072100313479624
 40
0.3072100313479624
 40
0.3103448275862069
 40
0.3103448275862069
 40
0.3103448275862069
 40
0.3134796238244514
 40
0.3134796238244514
 40
0.3134796238244514
 40
0.3166144200626959
 40
0.3166144200626959
 40
0.3166144200626959
 40
0.3197492163009404
 40
0.3197492163009404
 40
0.3197492163009404
 40
0.3228840125391849
 40
0.3228840125391849
 40
0.3228840125391849
 40
0.3260188087774294
 40
0.3260188087774294
 40
0.3260188087774294
 40
0.329153605015674
 40
0.329153605015674
 40
0.329153605015674
 40
0.3322884012539185
 40
0.3322884012539185
 40
0.3322884012539185
 40
0.335423197492163
 40
0.335423197492163
 40
0.335423197492163
 40
0.3385579937304075
 40
0.3385579937304075
 40
0.3385579937304075
 40
0.341692789968652
 40
0.341692789968652
 40
0.341692789968652
 40
0.3448275862068965
 40
0.3448275862068965
 40
0.3448275862068965
 40
0.347962382445141
 40
0.347962382445141
 40
0.347962382445141
 40
0.3510971786833856
 40
0.3510971786833856
 40
0.3510971786833856
 40
0.3542319749216301
 40
0.3542319749216301
 40
0.3542319749216301
 40
0.3573667711598746
 40
0.3573667711598746
 40
0.3573667711598746
 40
0.3605015673981191
 40
0.3605015673981191
 40
0.3605015673981191
 40
0.3636363636363636
 40
0.3636363636363636
 40
0.3636363636363636
 40
0.3667711598746081
 40
0.3667711598746081
 40
0.3667711598746081
 40
0.3699059561128527
 40
0.3699059561128527
 40
0.3699059561128527
 40
0.3730407523510972
 40
0.3730407523510972
 40
0.3730407523510972
 40
0.3761755485893417
 40
0.3761755485893417
 40
0.3761755485893417
 40
0.3793103448275862
 40
0.3793103448275862
 40
0.3793103448275862
 40
0.3824451410658307
 40
0.3824451410658307
 40
0.3824451410658307
 40
0.3855799373040752
 40
0.3855799373040752
 40
0.3855799373040752
 40
0.3887147335423197
 40
0.3887147335423197
 40
0.3887147335423197
 40
0.3918495297805643
 40
0.3918495297805643
 40
0.3918495297805643
 40
0.3949843260188088
 40
0.3949843260188088
 40
0.3949843260188088
 40
0.3981191222570533
 40
0.3981191222570533
 40
0.3981191222570533
 40
0.4012539184952978
 40
0.4012539184952978
 40
0.4012539184952978
 40
0.4043887147335423
 40
0.4043887147335423
 40
0.4043887147335423
 40
0.4075235109717868
 40
0.4075235109717868
 40
0.4075235109717868
 40
0.4106583072100313
 40
0.4106583072100313
 40
0.4106583072100313
 40
0.4137931034482759
 40
0.4137931034482759
 40
0.4137931034482759
 40
0.4169278996865204
 40
0.4169278996865204
 40
0.4169278996865204
 40
0.4200626959247649
 40
0.4200626959247649
 40
0.4200626959247649
 40
0.4231974921630094
 40
0.4231974921630094
 40
0.4231974921630094
 40
0.4263322884012539
 40
0.4263322884012539
 40
0.4263322884012539
 40
0.4294670846394984
 40
0.4294670846394984
 40
0.4294670846394984
 40
0.4326018808777429
 40
0.4326018808777429
 40
0.4326018808777429
 40
0.4357366771159875
 40
0.4357366771159875
 40
0.4357366771159875
 40
0.4388714733542319
 40
0.4388714733542319
 40
0.4388714733542319
 40
0.4420062695924765
 40
0.4420062695924765
 40
0.4420062695924765
 40
0.445141065830721
 40
0.445141065830721
 40
0.445141065830721
 40
0.4482758620689655
 40
0.4482758620689655
 40
0.4482758620689655
 40
0.45141065830721
 40
0.45141065830721
 40
0.45141065830721
 40
0.4545454545454545
 40
0.4545454545454545
 40
0.4545454545454545
 40
0.4576802507836991
 40
0.4576802507836991
 40
0.4576802507836991
 40
0.4608150470219435
 40
0.4608150470219435
 40
0.4608150470219435
 40
0.4639498432601881
 40
0.4639498432601881
 40
0.4639498432601881
 40
0.4670846394984326
 40
0.4670846394984326
 40
0.4670846394984326
 40
0.4702194357366771
 40
0.4702194357366771
 40
0.4702194357366771
 40
0.4733542319749216
 40
0.4733542319749216
 40
0.4733542319749216
 40
0.4764890282131661
 40
0.4764890282131661
 40
0.4764890282131661
 40
0.4796238244514107
 40
0.4796238244514107
 40
0.4796238244514107
 40
0.4827586206896551
 40
0.4827586206896551
 40
0.4827586206896551
 40
0.4858934169278997
 40
0.4858934169278997
 40
0.4858934169278997
 40
0.4890282131661442
 40
0.4890282131661442
 40
0.4890282131661442
 40
0.4921630094043887
 40
0.4921630094043887
 40
0.4921630094043887
 40
0.4952978056426332
 40
0.4952978056426332
 40
0.4952978056426332
 40
0.4984326018808777
 40
0.4984326018808777
 40
0.4984326018808777
 40
0.5015673981191222
 40
0.5015673981191222
 40
0.5015673981191222
 40
0.5047021943573667
 40
0.5047021943573667
 40
0.5047021943573667
 40
0.5078369905956113
 40
0.5078369905956113
 40
0.5078369905956113
 40
0.5109717868338558
 40
0.5109717868338558
 40
0.5109717868338558
 40
0.5141065830721003
 40
0.5141065830721003
 40
0.5141065830721003
 40
0.5172413793103449
 40
0.5172413793103449
 40
0.5172413793103449
 40
0.5203761755485893
 40
0.5203761755485893
 40
0.5203761755485893
 40
0.5235109717868338
 40
0.5235109717868338
 40
0.5235109717868338
 40
0.5266457680250783
 40
0.5266457680250783
 40
0.5266457680250783
 40
0.5297805642633229
 40
0.5297805642633229
 40
0.5297805642633229
 40
0.5329153605015674
 40
0.5329153605015674
 40
0.5329153605015674
 40
0.5360501567398119
 40
0.5360501567398119
 40
0.5360501567398119
 40
0.5391849529780564
 40
0.5391849529780564
 40
0.5391849529780564
 40
0.5423197492163009
 40
0.5423197492163009
 40
0.5423197492163009
 40
0.5454545454545454
 40
0.5454545454545454
 40
0.5454545454545454
 40
0.54858934169279
 40
0.54858934169279
 40
0.54858934169279
 40
0.5517241379310345
 40
0.5517241379310345
 40
0.5517241379310345
 40
0.554858934169279
 40
0.554858934169279
 40
0.554858934169279
 40
0.5579937304075235
 40
0.5579937304075235
 40
0.5579937304075235
 40
0.561128526645768
 40
0.561128526645768
 40
0.561128526645768
 40
0.5642633228840125
 40
0.5642633228840125
 40
0.5642633228840125
 40
0.567398119122257
 40
0.567398119122257
 40
0.567398119122257
 40
0.5705329153605015
 40
0.5705329153605015
 40
0.5705329153605015
 40
0.5736677115987461
 40
0.5736677115987461
 40
0.5736677115987461
 40
0.5768025078369906
 40
0.5768025078369906
 40
0.5768025078369906
 40
0.5799373040752351
 40
0.5799373040752351
 40
0.5799373040752351
 40
0.5830721003134796
 40
0.5830721003134796
 40
0.5830721003134796
 40
0.5862068965517241
 40
0.5862068965517241
 40
0.5862068965517241
 40
0.5893416927899686
 40
0.5893416927899686
 40
0.5893416927899686
 40
0.5924764890282131
 40
0.5924764890282131
 40
0.5924764890282131
 40
0.5956112852664577
 40
0.5956112852664577
 40
0.5956112852664577
 40
0.5987460815047022
 40
0.5987460815047022
 40
0.5987460815047022
 40
0.6018808777429467
 40
0.6018808777429467
 40
0.6018808777429467
 40
0.6050156739811912
 40
0.6050156739811912
 40
0.6050156739811912
 40
0.6081504702194357
 40
0.6081504702194357
 40
0.6081504702194357
 40
0.6112852664576802
 40
0.6112852664576802
 40
0.6112852664576802
 40
0.6144200626959248
 40
0.6144200626959248
 40
0.6144200626959248
 40
0.6175548589341693
 40
0.6175548589341693
 40
0.6175548589341693
 40
0.6206896551724138
 40
0.6206896551724138
 40
0.6206896551724138
 40
0.6238244514106582
 40
0.6238244514106582
 40
0.6238244514106582
 40
0.6269592476489028
 40
0.6269592476489028
 40
0.6269592476489028
 40
0.6300940438871473
 40
0.6300940438871473
 40
0.6300940438871473
 40
0.6332288401253918
 40
0.6332288401253918
 40
0.6332288401253918
 40
0.6363636363636364
 40
0.6363636363636364
 40
0.6363636363636364
 40
0.6394984326018809
 40
0.6394984326018809
 40
0.6394984326018809
 40
0.6426332288401254
 40
0.6426332288401254
 40
0.6426332288401254
 40
0.6457680250783698
 40
0.6457680250783698
 40
0.6457680250783698
 40
0.6489028213166144
 40
0.6489028213166144
 40
0.6489028213166144
 40
0.6520376175548589
 40
0.6520376175548589
 40
0.6520376175548589
 40
0.6551724137931034
 40
0.6551724137931034
 40
0.6551724137931034
 40
0.658307210031348
 40
0.658307210031348
 40
0.658307210031348
 40
0.6614420062695925
 40
0.6614420062695925
 40
0.6614420062695925
 40
0.664576802507837
 40
0.664576802507837
 40
0.664576802507837
 40
0.6677115987460814
 40
0.6677115987460814
 40
0.6677115987460814
 40
0.670846394984326
 40
0.670846394984326
 40
0.670846394984326
 40
0.6739811912225705
 40
0.6739811912225705
 40
0.6739811912225705
 40
0.677115987460815
 40
0.677115987460815
 40
0.677115987460815
 40
0.6802507836990596
 40
0.6802507836990596
 40
0.6802507836990596
 40
0.6833855799373041
 40
0.6833855799373041
 40
0.6833855799373041
 40
0.6865203761755485
 40
0.6865203761755485
 40
0.6865203761755485
 40
0.689655172413793
 40
0.689655172413793
 40
0.689655172413793
 40
0.6927899686520376
 40
0.6927899686520376
 40
0.6927899686520376
 40
0.6959247648902821
 40
0.6959247648902821
 40
0.6959247648902821
 40
0.6990595611285266
 40
0.6990595611285266
 40
0.6990595611285266
 40
0.7021943573667712
 40
0.7021943573667712
 40
0.7021943573667712
 40
0.7053291536050157
 40
0.7053291536050157
 40
0.7053291536050157
 40
0.7084639498432601
 40
0.7084639498432601
 40
0.7084639498432601
 40
0.7115987460815046
 40
0.7115987460815046
 40
0.7115987460815046
 40
0.7147335423197492
 40
0.7147335423197492
 40
0.7147335423197492
 40
0.7178683385579937
 40
0.7178683385579937
 40
0.7178683385579937
 40
0.7210031347962382
 40
0.7210031347962382
 40
0.7210031347962382
 40
0.7241379310344828
 40
0.7241379310344828
 40
0.7241379310344828
 40
0.7272727272727273
 40
0.7272727272727273
 40
0.7272727272727273
 40
0.7304075235109717
 40
0.7304075235109717
 40
0.7304075235109717
 40
0.7335423197492162
 40
0.7335423197492162
 40
0.7335423197492162
 40
0.7366771159874608
 40
0.7366771159874608
 40
0.7366771159874608
 40
0.7398119122257053
 40
0.7398119122257053
 40
0.7398119122257053
 40
0.7429467084639498
 40
0.7429467084639498
 40
0.7429467084639498
 40
0.7460815047021944
 40
0.7460815047021944
 40
0.7460815047021944
 40
0.7492163009404389
 40
0.7492163009404389
 40
0.7492163009404389
 40
0.7523510971786833
 40
0.7523510971786833
 40
0.7523510971786833
 40
0.7554858934169278
 40
0.7554858934169278
 40
0.7554858934169278
 40
0.7586206896551724
 40
0.7586206896551724
 40
0.7586206896551724
 40
0.7617554858934169
 40
0.7617554858934169
 40
0.7617554858934169
 40
0.7648902821316614
 40
0.7648902821316614
 40
0.7648902821316614
 40
0.768025078369906
 40
0.768025078369906
 40
0.768025078369906
 40
0.7711598746081504
 40
0.7711598746081504
 40
0.7711598746081504
 40
0.7742946708463949
 40
0.7742946708463949
 40
0.7742946708463949
 40
0.7774294670846394
 40
0.7774294670846394
 40
0.7774294670846394
 40
0.780564263322884
 40
0.780564263322884
 40
0.780564263322884
 40
0.7836990595611285
 40
0.7836990595611285
 40
0.7836990595611285
 40
0.786833855799373
 40
0.786833855799373
 40
0.786833855799373
 40
0.7899686520376176
 40
0.7899686520376176
 40
0.7899686520376176
 40
0.793103448275862
 40
0.793103448275862
 40
0.793103448275862
 40
0.7962382445141065
 40
0.7962382445141065
 40
0.7962382445141065
 40
0.799373040752351
 40
0.799373040752351
 40
0.799373040752351
 40
0.8025078369905956
 40
0.8025078369905956
 40
0.8025078369905956
 40
0.8056426332288401
 40
0.8056426332288401
 40
0.8056426332288401
 40
0.8087774294670846
 40
0.8087774294670846
 40
0.8087774294670846
 40
0.8119122257053292
 40
0.8119122257053292
 40
0.8119122257053292
 40
0.8150470219435736
 40
0.8150470219435736
 40
0.8150470219435736
 40
0.8181818181818181
 40
0.8181818181818181
 40
0.8181818181818181
 40
0.8213166144200627
 40
0.8213166144200627
 40
0.8213166144200627
 40
0.8244514106583072
 40
0.8244514106583072
 40
0.8244514106583072
 40
0.8275862068965517
 40
0.8275862068965517
 40
0.8275862068965517
 40
0.8307210031347962
 40
0.8307210031347962
 40
0.8307210031347962
 40
0.8338557993730408
 40
0.8338557993730408
 40
0.8338557993730408
 40
0.8369905956112852
 40
0.8369905956112852
 40
0.8369905956112852
 40
0.8401253918495297
 40
0.8401253918495297
 40
0.8401253918495297
 40
0.8432601880877743
 40
0.8432601880877743
 40
0.8432601880877743
 40
0.8463949843260188
 40
0.8463949843260188
 40
0.8463949843260188
 40
0.8495297805642633
 40
0.8495297805642633
 40
0.8495297805642633
 40
0.8526645768025078
 40
0.8526645768025078
 40
0.8526645768025078
 40
0.8557993730407523
 40
0.8557993730407523
 40
0.8557993730407523
 40
0.8589341692789968
 40
0.8589341692789968
 40
0.8589341692789968
 40
0.8620689655172413
 40
0.8620689655172413
 40
0.8620689655172413
 40
0.8652037617554859
 40
0.8652037617554859
 40
0.8652037617554859
 40
0.8683385579937304
 40
0.8683385579937304
 40
0.8683385579937304
 40
0.8714733542319749
 40
0.8714733542319749
 40
0.8714733542319749
 40
0.8746081504702194
 40
0.8746081504702194
 40
0.8746081504702194
 40
0.8777429467084639
 40
0.8777429467084639
 40
0.8777429467084639
 40
0.8808777429467084
 40
0.8808777429467084
 40
0.8808777429467084
 40
0.8840125391849529
 40
0.8840125391849529
 40
0.8840125391849529
 40
0.8871473354231975
 40
0.8871473354231975
 40
0.8871473354231975
 40
0.890282131661442
 40
0.890282131661442
 40
0.890282131661442
 40
0.8934169278996865
 40
0.8934169278996865
 40
0.8934169278996865
 40
0.896551724137931
 40
0.896551724137931
 40
0.896551724137931
 40
0.8996865203761755
 40
0.8996865203761755
 40
0.8996865203761755
 40
0.90282131661442
 40
0.90282131661442
 40
0.90282131661442
 40
0.9059561128526645
 40
0.9059561128526645
 40
0.9059561128526645
 40
0.9090909090909091
 40
0.9090909090909091
 40
0.9090909090909091
 40
0.9122257053291536
 40
0.9122257053291536
 40
0.9122257053291536
 40
0.9153605015673981
 40
0.9153605015673981
 40
0.9153605015673981
 40
0.9184952978056427
 40
0.9184952978056427
 40
0.9184952978056427
 40
0.9216300940438871
 40
0.9216300940438871
 40
0.9216300940438871
 40
0.9247648902821316
 40
0.9247648902821316
 40
0.9247648902821316
 40
0.9278996865203761
 40
0.9278996865203761
 40
0.9278996865203761
 40
0.9310344827586207
 40
0.9310344827586207
 40
0.9310344827586207
 40
0.9341692789968652
 40
0.9341692789968652
 40
0.9341692789968652
 40
0.9373040752351097
 40
0.9373040752351097
 40
0.9373040752351097
 40
0.9404388714733541
 40
0.9404388714733541
 40
0.9404388714733541
 40
0.9435736677115987
 40
0.9435736677115987
 40
0.9435736677115987
 40
0.9467084639498432
 40
0.9467084639498432
 40
0.9467084639498432
 40
0.9498432601880877
 40
0.9498432601880877
 40
0.9498432601880877
 40
0.9529780564263323
 40
0.9529780564263323
 40
0.9529780564263323
 40
0.9561128526645768
 40
0.9561128526645768
 40
0.9561128526645768
 40
0.9592476489028213
 40
0.9592476489028213
 40
0.9592476489028213
 40
0.9623824451410657
 40
0.9623824451410657
 40
0.9623824451410657
 40
0.9655172413793103
 40
0.9655172413793103
 40
0.9655172413793103
 40
0.9686520376175548
 40
0.9686520376175548
 40
0.9686520376175548
 40
0.9717868338557993
 40
0.9717868338557993
 40
0.9717868338557993
 40
0.9749216300940439
 40
0.9749216300940439
 40
0.9749216300940439
 40
0.9780564263322884
 40
0.9780564263322884
 40
0.9780564263322884
 40
0.9811912225705329
 40
0.9811912225705329
 40
0.9811912225705329
 40
0.9843260188087773
 40
0.9843260188087773
 40
0.9843260188087773
 40
0.9874608150470219
 40
0.9874608150470219
 40
0.9874608150470219
 40
0.9905956112852664
 40
0.9905956112852664
 40
0.9905956112852664
 40
0.9937304075235109
 40
0.9937304075235109
 40
0.9937304075235109
 40
0.9968652037617555
 40
0.9968652037617555
 40
0.9968652037617555
 40
1.0
 40
1.0
 40
1.0
 40
1.0
 10
-2174.6792
 20
-46.2766
 30
0.0
 10
-2174.6792
 20
-46.2766
 30
0.0
 10
-2176.0732
 20
-50.9846
 30
0.0
 10
-2176.0732
 20
-50.9846
 30
0.0
 10
-2176.0732
 20
-50.9846
 30
0.0
 10
-2176.3042
 20
-51.7652
 30
0.0
 10
-2176.3042
 20
-51.7652
 30
0.0
 10
-2176.3042
 20
-51.7652
 30
0.0
 10
-2176.8392
 20
-53.5721
 30
0.0
 10
-2176.8392
 20
-53.5721
 30
0.0
 10
-2176.8392
 20
-53.5721
 30
0.0
 10
-2177.1223
 20
-54.5279
 30
0.0
 10
-2177.1223
 20
-54.5279
 30
0.0
 10
-2177.1223
 20
-54.5279
 30
0.0
 10
-2177.1259
 20
-54.5404
 30
0.0
 10
-2177.1259
 20
-54.5404
 30
0.0
 10
-2177.1259
 20
-54.5404
 30
0.0
 10
-2177.1295
 20
-54.553
 30
0.0
 10
-2177.1295
 20
-54.553
 30
0.0
 10
-2177.1295
 20
-54.553
 30
0.0
 10
-2177.1333
 20
-54.5655
 30
0.0
 10
-2177.1333
 20
-54.5655
 30
0.0
 10
-2177.1333
 20
-54.5655
 30
0.0
 10
-2177.1366
 20
-54.5782
 30
0.0
 10
-2177.1366
 20
-54.5782
 30
0.0
 10
-2177.1366
 20
-54.5782
 30
0.0
 10
-2177.137
 20
-54.5791
 30
0.0
 10
-2177.137
 20
-54.5791
 30
0.0
 10
-2177.137
 20
-54.5791
 30
0.0
 10
-2177.1469
 20
-54.616
 30
0.0
 10
-2177.1469
 20
-54.616
 30
0.0
 10
-2177.1469
 20
-54.616
 30
0.0
 10
-2177.1503
 20
-54.6288
 30
0.0
 10
-2177.1503
 20
-54.6288
 30
0.0
 10
-2177.1503
 20
-54.6288
 30
0.0
 10
-2177.1508
 20
-54.6305
 30
0.0
 10
-2177.1508
 20
-54.6305
 30
0.0
 10
-2177.1508
 20
-54.6305
 30
0.0
 10
-2177.1535
 20
-54.6413
 30
0.0
 10
-2177.1535
 20
-54.6413
 30
0.0
 10
-2177.1535
 20
-54.6413
 30
0.0
 10
-2177.1568
 20
-54.6539
 30
0.0
 10
-2177.1568
 20
-54.6539
 30
0.0
 10
-2177.1568
 20
-54.6539
 30
0.0
 10
-2177.163
 20
-54.6793
 30
0.0
 10
-2177.163
 20
-54.6793
 30
0.0
 10
-2177.163
 20
-54.6793
 30
0.0
 10
-2177.1635
 20
-54.6821
 30
0.0
 10
-2177.1635
 20
-54.6821
 30
0.0
 10
-2177.1635
 20
-54.6821
 30
0.0
 10
-2177.1661
 20
-54.692
 30
0.0
 10
-2177.1661
 20
-54.692
 30
0.0
 10
-2177.1661
 20
-54.692
 30
0.0
 10
-2177.1691
 20
-54.7045
 30
0.0
 10
-2177.1691
 20
-54.7045
 30
0.0
 10
-2177.1691
 20
-54.7045
 30
0.0
 10
-2177.1721
 20
-54.7172
 30
0.0
 10
-2177.1721
 20
-54.7172
 30
0.0
 10
-2177.1721
 20
-54.7172
 30
0.0
 10
-2177.1749
 20
-54.73
 30
0.0
 10
-2177.1749
 20
-54.73
 30
0.0
 10
-2177.1749
 20
-54.73
 30
0.0
 10
-2177.1758
 20
-54.7338
 30
0.0
 10
-2177.1758
 20
-54.7338
 30
0.0
 10
-2177.1758
 20
-54.7338
 30
0.0
 10
-2177.1778
 20
-54.7427
 30
0.0
 10
-2177.1778
 20
-54.7427
 30
0.0
 10
-2177.1778
 20
-54.7427
 30
0.0
 10
-2177.1833
 20
-54.7681
 30
0.0
 10
-2177.1833
 20
-54.7681
 30
0.0
 10
-2177.1833
 20
-54.7681
 30
0.0
 10
-2177.1858
 20
-54.7808
 30
0.0
 10
-2177.1858
 20
-54.7808
 30
0.0
 10
-2177.1858
 20
-54.7808
 30
0.0
 10
-2177.1869
 20
-54.7854
 30
0.0
 10
-2177.1869
 20
-54.7854
 30
0.0
 10
-2177.1869
 20
-54.7854
 30
0.0
 10
-2177.1886
 20
-54.7935
 30
0.0
 10
-2177.1886
 20
-54.7935
 30
0.0
 10
-2177.1886
 20
-54.7935
 30
0.0
 10
-2177.1911
 20
-54.8062
 30
0.0
 10
-2177.1911
 20
-54.8062
 30
0.0
 10
-2177.1911
 20
-54.8062
 30
0.0
 10
-2177.1936
 20
-54.8189
 30
0.0
 10
-2177.1936
 20
-54.8189
 30
0.0
 10
-2177.1936
 20
-54.8189
 30
0.0
 10
-2177.1961
 20
-54.8317
 30
0.0
 10
-2177.1961
 20
-54.8317
 30
0.0
 10
-2177.1961
 20
-54.8317
 30
0.0
 10
-2177.1971
 20
-54.8374
 30
0.0
 10
-2177.1971
 20
-54.8374
 30
0.0
 10
-2177.1971
 20
-54.8374
 30
0.0
 10
-2177.1985
 20
-54.8444
 30
0.0
 10
-2177.1985
 20
-54.8444
 30
0.0
 10
-2177.1985
 20
-54.8444
 30
0.0
 10
-2177.2008
 20
-54.8571
 30
0.0
 10
-2177.2008
 20
-54.8571
 30
0.0
 10
-2177.2008
 20
-54.8571
 30
0.0
 10
-2177.2065
 20
-54.8892
 30
0.0
 10
-2177.2065
 20
-54.8892
 30
0.0
 10
-2177.2065
 20
-54.8892
 30
0.0
 10
-2177.2075
 20
-54.8954
 30
0.0
 10
-2177.2075
 20
-54.8954
 30
0.0
 10
-2177.2075
 20
-54.8954
 30
0.0
 10
-2177.2096
 20
-54.9081
 30
0.0
 10
-2177.2096
 20
-54.9081
 30
0.0
 10
-2177.2096
 20
-54.9081
 30
0.0
 10
-2177.2117
 20
-54.9208
 30
0.0
 10
-2177.2117
 20
-54.9208
 30
0.0
 10
-2177.2117
 20
-54.9208
 30
0.0
 10
-2177.2137
 20
-54.9336
 30
0.0
 10
-2177.2137
 20
-54.9336
 30
0.0
 10
-2177.2137
 20
-54.9336
 30
0.0
 10
-2177.2157
 20
-54.9465
 30
0.0
 10
-2177.2157
 20
-54.9465
 30
0.0
 10
-2177.2157
 20
-54.9465
 30
0.0
 10
-2177.2179
 20
-54.9592
 30
0.0
 10
-2177.2179
 20
-54.9592
 30
0.0
 10
-2177.2179
 20
-54.9592
 30
0.0
 10
-2177.2196
 20
-54.9719
 30
0.0
 10
-2177.2196
 20
-54.9719
 30
0.0
 10
-2177.2196
 20
-54.9719
 30
0.0
 10
-2177.2215
 20
-54.9848
 30
0.0
 10
-2177.2215
 20
-54.9848
 30
0.0
 10
-2177.2215
 20
-54.9848
 30
0.0
 10
-2177.2226
 20
-54.9932
 30
0.0
 10
-2177.2226
 20
-54.9932
 30
0.0
 10
-2177.2226
 20
-54.9932
 30
0.0
 10
-2177.2232
 20
-54.9974
 30
0.0
 10
-2177.2232
 20
-54.9974
 30
0.0
 10
-2177.2232
 20
-54.9974
 30
0.0
 10
-2177.2249
 20
-55.0103
 30
0.0
 10
-2177.2249
 20
-55.0103
 30
0.0
 10
-2177.2249
 20
-55.0103
 30
0.0
 10
-2177.2281
 20
-55.0359
 30
0.0
 10
-2177.2281
 20
-55.0359
 30
0.0
 10
-2177.2281
 20
-55.0359
 30
0.0
 10
-2177.2292
 20
-55.0452
 30
0.0
 10
-2177.2292
 20
-55.0452
 30
0.0
 10
-2177.2292
 20
-55.0452
 30
0.0
 10
-2177.2296
 20
-55.0486
 30
0.0
 10
-2177.2296
 20
-55.0486
 30
0.0
 10
-2177.2296
 20
-55.0486
 30
0.0
 10
-2177.2311
 20
-55.0613
 30
0.0
 10
-2177.2311
 20
-55.0613
 30
0.0
 10
-2177.2311
 20
-55.0613
 30
0.0
 10
-2177.2326
 20
-55.0742
 30
0.0
 10
-2177.2326
 20
-55.0742
 30
0.0
 10
-2177.2326
 20
-55.0742
 30
0.0
 10
-2177.234
 20
-55.0871
 30
0.0
 10
-2177.234
 20
-55.0871
 30
0.0
 10
-2177.234
 20
-55.0871
 30
0.0
 10
-2177.2351
 20
-55.0973
 30
0.0
 10
-2177.2351
 20
-55.0973
 30
0.0
 10
-2177.2351
 20
-55.0973
 30
0.0
 10
-2177.2354
 20
-55.0998
 30
0.0
 10
-2177.2354
 20
-55.0998
 30
0.0
 10
-2177.2354
 20
-55.0998
 30
0.0
 10
-2177.2366
 20
-55.1125
 30
0.0
 10
-2177.2366
 20
-55.1125
 30
0.0
 10
-2177.2366
 20
-55.1125
 30
0.0
 10
-2177.2377
 20
-55.1254
 30
0.0
 10
-2177.2377
 20
-55.1254
 30
0.0
 10
-2177.2377
 20
-55.1254
 30
0.0
 10
-2177.239
 20
-55.1382
 30
0.0
 10
-2177.239
 20
-55.1382
 30
0.0
 10
-2177.239
 20
-55.1382
 30
0.0
 10
-2177.2413
 20
-55.1638
 30
0.0
 10
-2177.2413
 20
-55.1638
 30
0.0
 10
-2177.2413
 20
-55.1638
 30
0.0
 10
-2177.2423
 20
-55.1766
 30
0.0
 10
-2177.2423
 20
-55.1766
 30
0.0
 10
-2177.2423
 20
-55.1766
 30
0.0
 10
-2177.2431
 20
-55.1893
 30
0.0
 10
-2177.2431
 20
-55.1893
 30
0.0
 10
-2177.2431
 20
-55.1893
 30
0.0
 10
-2177.245
 20
-55.2149
 30
0.0
 10
-2177.245
 20
-55.2149
 30
0.0
 10
-2177.245
 20
-55.2149
 30
0.0
 10
-2177.2459
 20
-55.2279
 30
0.0
 10
-2177.2459
 20
-55.2279
 30
0.0
 10
-2177.2459
 20
-55.2279
 30
0.0
 10
-2177.2466
 20
-55.2407
 30
0.0
 10
-2177.2466
 20
-55.2407
 30
0.0
 10
-2177.2466
 20
-55.2407
 30
0.0
 10
-2177.2474
 20
-55.2533
 30
0.0
 10
-2177.2474
 20
-55.2533
 30
0.0
 10
-2177.2474
 20
-55.2533
 30
0.0
 10
-2177.2474
 20
-55.2537
 30
0.0
 10
-2177.2474
 20
-55.2537
 30
0.0
 10
-2177.2474
 20
-55.2537
 30
0.0
 10
-2177.2479
 20
-55.2661
 30
0.0
 10
-2177.2479
 20
-55.2661
 30
0.0
 10
-2177.2479
 20
-55.2661
 30
0.0
 10
-2177.2486
 20
-55.2789
 30
0.0
 10
-2177.2486
 20
-55.2789
 30
0.0
 10
-2177.2486
 20
-55.2789
 30
0.0
 10
-2177.2491
 20
-55.2918
 30
0.0
 10
-2177.2491
 20
-55.2918
 30
0.0
 10
-2177.2491
 20
-55.2918
 30
0.0
 10
-2177.2496
 20
-55.3046
 30
0.0
 10
-2177.2496
 20
-55.3046
 30
0.0
 10
-2177.2496
 20
-55.3046
 30
0.0
 10
-2177.2498
 20
-55.3057
 30
0.0
 10
-2177.2498
 20
-55.3057
 30
0.0
 10
-2177.2498
 20
-55.3057
 30
0.0
 10
-2177.2501
 20
-55.3172
 30
0.0
 10
-2177.2501
 20
-55.3172
 30
0.0
 10
-2177.2501
 20
-55.3172
 30
0.0
 10
-2177.2505
 20
-55.3301
 30
0.0
 10
-2177.2505
 20
-55.3301
 30
0.0
 10
-2177.2505
 20
-55.3301
 30
0.0
 10
-2177.2509
 20
-55.3429
 30
0.0
 10
-2177.2509
 20
-55.3429
 30
0.0
 10
-2177.2581
 20
-55.6273
 30
0.0
 10
-2177.227
 20
-55.9099
 30
0.0
 10
-2177.1595
 20
-56.184
 30
0.0
 10
-2177.1595
 20
-56.184
 30
0.0
 10
-2177.1493
 20
-56.2243
 30
0.0
 10
-2177.1493
 20
-56.2243
 30
0.0
 10
-2177.1493
 20
-56.2243
 30
0.0
 10
-2177.1478
 20
-56.2301
 30
0.0
 10
-2177.1478
 20
-56.2301
 30
0.0
 10
-2177.1478
 20
-56.2301
 30
0.0
 10
-2177.1467
 20
-56.2339
 30
0.0
 10
-2177.1467
 20
-56.2339
 30
0.0
 10
-2177.1467
 20
-56.2339
 30
0.0
 10
-2177.14
 20
-56.2588
 30
0.0
 10
-2177.14
 20
-56.2588
 30
0.0
 10
-2177.14
 20
-56.2588
 30
0.0
 10
-2177.1343
 20
-56.2802
 30
0.0
 10
-2177.1343
 20
-56.2802
 30
0.0
 10
-2177.1343
 20
-56.2802
 30
0.0
 10
-2177.1333
 20
-56.2837
 30
0.0
 10
-2177.1333
 20
-56.2837
 30
0.0
 10
-2177.1333
 20
-56.2837
 30
0.0
 10
-2177.132
 20
-56.288
 30
0.0
 10
-2177.132
 20
-56.288
 30
0.0
 10
-2177.1236
 20
-56.3177
 30
0.0
 10
-2177.1145
 20
-56.3476
 30
0.0
 10
-2177.1051
 20
-56.3773
 30
0.0
 10
-2177.1051
 20
-56.3773
 30
0.0
 10
-2177.1045
 20
-56.3793
 30
0.0
 10
-2177.1045
 20
-56.3793
 30
0.0
 10
-2177.1045
 20
-56.3793
 30
0.0
 10
-2177.1034
 20
-56.3825
 30
0.0
 10
-2177.1034
 20
-56.3825
 30
0.0
 10
-2177.1034
 20
-56.3825
 30
0.0
 10
-2177.0886
 20
-56.4285
 30
0.0
 10
-2177.0886
 20
-56.4285
 30
0.0
 10
-2177.0886
 20
-56.4285
 30
0.0
 10
-2177.0876
 20
-56.4317
 30
0.0
 10
-2177.0876
 20
-56.4317
 30
0.0
 10
-2177.0876
 20
-56.4317
 30
0.0
 10
-2177.072
 20
-56.4775
 30
0.0
 10
-2177.072
 20
-56.4775
 30
0.0
 10
-2177.072
 20
-56.4775
 30
0.0
 10
-2177.071
 20
-56.4805
 30
0.0
 10
-2177.071
 20
-56.4805
 30
0.0
 10
-2177.071
 20
-56.4805
 30
0.0
 10
-2177.0543
 20
-56.5262
 30
0.0
 10
-2177.0543
 20
-56.5262
 30
0.0
 10
-2177.0543
 20
-56.5262
 30
0.0
 10
-2177.0532
 20
-56.5291
 30
0.0
 10
-2177.0532
 20
-56.5291
 30
0.0
 10
-2177.0532
 20
-56.5291
 30
0.0
 10
-2177.0358
 20
-56.5746
 30
0.0
 10
-2177.0358
 20
-56.5746
 30
0.0
 10
-2177.0358
 20
-56.5746
 30
0.0
 10
-2177.0349
 20
-56.5774
 30
0.0
 10
-2177.0349
 20
-56.5774
 30
0.0
 10
-2177.0349
 20
-56.5774
 30
0.0
 10
-2177.0167
 20
-56.6227
 30
0.0
 10
-2177.0167
 20
-56.6227
 30
0.0
 10
-2177.0167
 20
-56.6227
 30
0.0
 10
-2177.0155
 20
-56.6254
 30
0.0
 10
-2177.0155
 20
-56.6254
 30
0.0
 10
-2177.0155
 20
-56.6254
 30
0.0
 10
-2176.9966
 20
-56.6706
 30
0.0
 10
-2176.9966
 20
-56.6706
 30
0.0
 10
-2176.9966
 20
-56.6706
 30
0.0
 10
-2176.9956
 20
-56.6731
 30
0.0
 10
-2176.9956
 20
-56.6731
 30
0.0
 10
-2176.9956
 20
-56.6731
 30
0.0
 10
-2176.977
 20
-56.7159
 30
0.0
 10
-2176.977
 20
-56.7159
 30
0.0
 10
-2176.977
 20
-56.7159
 30
0.0
 10
-2176.976
 20
-56.718
 30
0.0
 10
-2176.976
 20
-56.718
 30
0.0
 10
-2176.976
 20
-56.718
 30
0.0
 10
-2176.975
 20
-56.7205
 30
0.0
 10
-2176.975
 20
-56.7205
 30
0.0
 10
-2176.975
 20
-56.7205
 30
0.0
 10
-2176.9542
 20
-56.7652
 30
0.0
 10
-2176.9542
 20
-56.7652
 30
0.0
 10
-2176.9542
 20
-56.7652
 30
0.0
 10
-2176.9533
 20
-56.7674
 30
0.0
 10
-2176.9533
 20
-56.7674
 30
0.0
 10
-2176.9533
 20
-56.7674
 30
0.0
 10
-2176.9321
 20
-56.8121
 30
0.0
 10
-2176.9321
 20
-56.8121
 30
0.0
 10
-2176.9321
 20
-56.8121
 30
0.0
 10
-2176.9311
 20
-56.8142
 30
0.0
 10
-2176.9311
 20
-56.8142
 30
0.0
 10
-2176.9311
 20
-56.8142
 30
0.0
 10
-2176.9196
 20
-56.8376
 30
0.0
 10
-2176.9196
 20
-56.8376
 30
0.0
 10
-2176.9196
 20
-56.8376
 30
0.0
 10
-2176.9089
 20
-56.8587
 30
0.0
 10
-2176.9089
 20
-56.8587
 30
0.0
 10
-2176.9089
 20
-56.8587
 30
0.0
 10
-2176.9079
 20
-56.8607
 30
0.0
 10
-2176.9079
 20
-56.8607
 30
0.0
 10
-2176.9079
 20
-56.8607
 30
0.0
 10
-2176.896
 20
-56.8838
 30
0.0
 10
-2176.896
 20
-56.8838
 30
0.0
 10
-2176.896
 20
-56.8838
 30
0.0
 10
-2176.885
 20
-56.9049
 30
0.0
 10
-2176.885
 20
-56.9049
 30
0.0
 10
-2176.885
 20
-56.9049
 30
0.0
 10
-2176.884
 20
-56.9068
 30
0.0
 10
-2176.884
 20
-56.9068
 30
0.0
 10
-2176.884
 20
-56.9068
 30
0.0
 10
-2176.8602
 20
-56.9507
 30
0.0
 10
-2176.8602
 20
-56.9507
 30
0.0
 10
-2176.8602
 20
-56.9507
 30
0.0
 10
-2176.8592
 20
-56.9525
 30
0.0
 10
-2176.8592
 20
-56.9525
 30
0.0
 10
-2176.8592
 20
-56.9525
 30
0.0
 10
-2176.8467
 20
-56.9753
 30
0.0
 10
-2176.8467
 20
-56.9753
 30
0.0
 10
-2176.8467
 20
-56.9753
 30
0.0
 10
-2176.835
 20
-56.9963
 30
0.0
 10
-2176.835
 20
-56.9963
 30
0.0
 10
-2176.835
 20
-56.9963
 30
0.0
 10
-2176.8338
 20
-56.9978
 30
0.0
 10
-2176.8338
 20
-56.9978
 30
0.0
 10
-2176.8338
 20
-56.9978
 30
0.0
 10
-2176.821
 20
-57.0204
 30
0.0
 10
-2176.821
 20
-57.0204
 30
0.0
 10
-2176.821
 20
-57.0204
 30
0.0
 10
-2176.8086
 20
-57.0413
 30
0.0
 10
-2176.8086
 20
-57.0413
 30
0.0
 10
-2176.8086
 20
-57.0413
 30
0.0
 10
-2176.8077
 20
-57.0428
 30
0.0
 10
-2176.8077
 20
-57.0428
 30
0.0
 10
-2176.8077
 20
-57.0428
 30
0.0
 10
-2176.7817
 20
-57.086
 30
0.0
 10
-2176.7817
 20
-57.086
 30
0.0
 10
-2176.7817
 20
-57.086
 30
0.0
 10
-2176.7808
 20
-57.0875
 30
0.0
 10
-2176.7808
 20
-57.0875
 30
0.0
 10
-2176.7808
 20
-57.0875
 30
0.0
 10
-2176.7538
 20
-57.1304
 30
0.0
 10
-2176.7538
 20
-57.1304
 30
0.0
 10
-2176.7538
 20
-57.1304
 30
0.0
 10
-2176.753
 20
-57.1317
 30
0.0
 10
-2176.753
 20
-57.1317
 30
0.0
 10
-2176.753
 20
-57.1317
 30
0.0
 10
-2176.7389
 20
-57.1534
 30
0.0
 10
-2176.7389
 20
-57.1534
 30
0.0
 10
-2176.7389
 20
-57.1534
 30
0.0
 10
-2176.7254
 20
-57.1742
 30
0.0
 10
-2176.7254
 20
-57.1742
 30
0.0
 10
-2176.7254
 20
-57.1742
 30
0.0
 10
-2176.7245
 20
-57.1755
 30
0.0
 10
-2176.7245
 20
-57.1755
 30
0.0
 10
-2176.7245
 20
-57.1755
 30
0.0
 10
-2176.7227
 20
-57.178
 30
0.0
 10
-2176.7227
 20
-57.178
 30
0.0
 10
-2176.7227
 20
-57.178
 30
0.0
 10
-2176.696
 20
-57.2178
 30
0.0
 10
-2176.696
 20
-57.2178
 30
0.0
 10
-2176.696
 20
-57.2178
 30
0.0
 10
-2176.6953
 20
-57.2188
 30
0.0
 10
-2176.6953
 20
-57.2188
 30
0.0
 10
-2176.6953
 20
-57.2188
 30
0.0
 10
-2176.6804
 20
-57.2402
 30
0.0
 10
-2176.6804
 20
-57.2402
 30
0.0
 10
-2176.6804
 20
-57.2402
 30
0.0
 10
-2176.6659
 20
-57.2607
 30
0.0
 10
-2176.6659
 20
-57.2607
 30
0.0
 10
-2176.6659
 20
-57.2607
 30
0.0
 10
-2176.6652
 20
-57.2616
 30
0.0
 10
-2176.6652
 20
-57.2616
 30
0.0
 10
-2176.6652
 20
-57.2616
 30
0.0
 10
-2176.6499
 20
-57.283
 30
0.0
 10
-2176.6499
 20
-57.283
 30
0.0
 10
-2176.6499
 20
-57.283
 30
0.0
 10
-2176.6351
 20
-57.3033
 30
0.0
 10
-2176.6351
 20
-57.3033
 30
0.0
 10
-2176.6351
 20
-57.3033
 30
0.0
 10
-2176.6345
 20
-57.3041
 30
0.0
 10
-2176.6345
 20
-57.3041
 30
0.0
 10
-2176.6345
 20
-57.3041
 30
0.0
 10
-2176.6189
 20
-57.3252
 30
0.0
 10
-2176.6189
 20
-57.3252
 30
0.0
 10
-2176.6189
 20
-57.3252
 30
0.0
 10
-2176.6035
 20
-57.3454
 30
0.0
 10
-2176.6035
 20
-57.3454
 30
0.0
 10
-2176.6035
 20
-57.3454
 30
0.0
 10
-2176.6029
 20
-57.3461
 30
0.0
 10
-2176.6029
 20
-57.3461
 30
0.0
 10
-2176.6029
 20
-57.3461
 30
0.0
 10
-2176.587
 20
-57.367
 30
0.0
 10
-2176.587
 20
-57.367
 30
0.0
 10
-2176.587
 20
-57.367
 30
0.0
 10
-2176.5712
 20
-57.3871
 30
0.0
 10
-2176.5712
 20
-57.3871
 30
0.0
 10
-2176.5712
 20
-57.3871
 30
0.0
 10
-2176.5707
 20
-57.3877
 30
0.0
 10
-2176.5707
 20
-57.3877
 30
0.0
 10
-2176.5707
 20
-57.3877
 30
0.0
 10
-2176.5542
 20
-57.4083
 30
0.0
 10
-2176.5542
 20
-57.4083
 30
0.0
 10
-2176.5542
 20
-57.4083
 30
0.0
 10
-2176.5382
 20
-57.4283
 30
0.0
 10
-2176.5382
 20
-57.4283
 30
0.0
 10
-2176.5382
 20
-57.4283
 30
0.0
 10
-2176.5375
 20
-57.4288
 30
0.0
 10
-2176.5375
 20
-57.4288
 30
0.0
 10
-2176.5375
 20
-57.4288
 30
0.0
 10
-2176.532
 20
-57.4356
 30
0.0
 10
-2176.532
 20
-57.4356
 30
0.0
 10
-2176.532
 20
-57.4356
 30
0.0
 10
-2176.5085
 20
-57.4638
 30
0.0
 10
-2176.5085
 20
-57.4638
 30
0.0
 10
-2176.5085
 20
-57.4638
 30
0.0
 10
-2176.5043
 20
-57.469
 30
0.0
 10
-2176.5043
 20
-57.469
 30
0.0
 10
-2176.5043
 20
-57.469
 30
0.0
 10
-2176.5039
 20
-57.4694
 30
0.0
 10
-2176.5039
 20
-57.4694
 30
0.0
 10
-2176.5039
 20
-57.4694
 30
0.0
 10
-2176.4867
 20
-57.4894
 30
0.0
 10
-2176.4867
 20
-57.4894
 30
0.0
 10
-2176.4867
 20
-57.4894
 30
0.0
 10
-2176.4697
 20
-57.5092
 30
0.0
 10
-2176.4697
 20
-57.5092
 30
0.0
 10
-2176.4697
 20
-57.5092
 30
0.0
 10
-2176.4695
 20
-57.5094
 30
0.0
 10
-2176.4695
 20
-57.5094
 30
0.0
 10
-2176.4695
 20
-57.5094
 30
0.0
 10
-2176.452
 20
-57.5293
 30
0.0
 10
-2176.452
 20
-57.5293
 30
0.0
 10
-2176.452
 20
-57.5293
 30
0.0
 10
-2176.4344
 20
-57.5488
 30
0.0
 10
-2176.4344
 20
-57.5488
 30
0.0
 10
-2176.4344
 20
-57.5488
 30
0.0
 10
-2176.4342
 20
-57.5491
 30
0.0
 10
-2176.4342
 20
-57.5491
 30
0.0
 10
-2176.4342
 20
-57.5491
 30
0.0
 10
-2176.4328
 20
-57.5506
 30
0.0
 10
-2176.4328
 20
-57.5506
 30
0.0
 10
-2176.4328
 20
-57.5506
 30
0.0
 10
-2176.3989
 20
-57.5873
 30
0.0
 10
-2176.3989
 20
-57.5873
 30
0.0
 10
-2176.3989
 20
-57.5873
 30
0.0
 10
-2176.3983
 20
-57.588
 30
0.0
 10
-2176.3983
 20
-57.588
 30
0.0
 10
-2176.3983
 20
-57.588
 30
0.0
 10
-2176.3982
 20
-57.5881
 30
0.0
 10
-2176.3982
 20
-57.5881
 30
0.0
 10
-2176.3982
 20
-57.5881
 30
0.0
 10
-2176.3977
 20
-57.5885
 30
0.0
 10
-2176.3977
 20
-57.5885
 30
0.0
 10
-2176.3977
 20
-57.5885
 30
0.0
 10
-2176.3615
 20
-57.6267
 30
0.0
 10
-2176.3615
 20
-57.6267
 30
0.0
 10
-2176.3615
 20
-57.6267
 30
0.0
 10
-2175.7598
 20
-58.248
 30
0.0
 10
-2175.7598
 20
-58.248
 30
0.0
 10
-2175.7598
 20
-58.248
 30
0.0
 10
-2175.7598
 20
-58.2479
 30
0.0
 10
-2175.7598
 20
-58.2479
 30
0.0
 10
-2175.7598
 20
-58.2479
 30
0.0
 10
-2174.617
 20
-59.4282
 30
0.0
 10
-2174.617
 20
-59.4282
 30
0.0
 10
-2174.617
 20
-59.4282
 30
0.0
 10
-2172.9157
 20
-57.6358
 30
0.0
 10
-2172.9157
 20
-57.6358
 30
0.0
 10
-2172.9157
 20
-57.6358
 30
0.0
 10
-2172.8964
 20
-57.6152
 30
0.0
 10
-2172.8964
 20
-57.6152
 30
0.0
 10
-2172.8964
 20
-57.6152
 30
0.0
 10
-2172.8794
 20
-57.597
 30
0.0
 10
-2172.8794
 20
-57.597
 30
0.0
 10
-2172.8794
 20
-57.597
 30
0.0
 10
-2172.8772
 20
-57.5945
 30
0.0
 10
-2172.8772
 20
-57.5945
 30
0.0
 10
-2172.8772
 20
-57.5945
 30
0.0
 10
-2172.844
 20
-57.5576
 30
0.0
 10
-2172.844
 20
-57.5576
 30
0.0
 10
-2172.844
 20
-57.5576
 30
0.0
 10
-2172.8397
 20
-57.5528
 30
0.0
 10
-2172.8397
 20
-57.5528
 30
0.0
 10
-2172.8397
 20
-57.5528
 30
0.0
 10
-2172.8212
 20
-57.5317
 30
0.0
 10
-2172.8212
 20
-57.5317
 30
0.0
 10
-2172.8212
 20
-57.5317
 30
0.0
 10
-2172.8092
 20
-57.5178
 30
0.0
 10
-2172.8092
 20
-57.5178
 30
0.0
 10
-2172.8092
 20
-57.5178
 30
0.0
 10
-2172.8028
 20
-57.5103
 30
0.0
 10
-2172.8028
 20
-57.5103
 30
0.0
 10
-2172.8028
 20
-57.5103
 30
0.0
 10
-2172.7849
 20
-57.489
 30
0.0
 10
-2172.7849
 20
-57.489
 30
0.0
 10
-2172.7849
 20
-57.489
 30
0.0
 10
-2172.7751
 20
-57.4775
 30
0.0
 10
-2172.7751
 20
-57.4775
 30
0.0
 10
-2172.7751
 20
-57.4775
 30
0.0
 10
-2172.7669
 20
-57.4675
 30
0.0
 10
-2172.7669
 20
-57.4675
 30
0.0
 10
-2172.7669
 20
-57.4675
 30
0.0
 10
-2172.742
 20
-57.4366
 30
0.0
 10
-2172.742
 20
-57.4366
 30
0.0
 10
-2172.742
 20
-57.4366
 30
0.0
 10
-2172.7318
 20
-57.424
 30
0.0
 10
-2172.7318
 20
-57.424
 30
0.0
 10
-2172.7143
 20
-57.4021
 30
0.0
 10
-2172.6973
 20
-57.38
 30
0.0
 10
-2172.6807
 20
-57.3577
 30
0.0
 10
-2172.6807
 20
-57.3577
 30
0.0
 10
-2172.6774
 20
-57.3535
 30
0.0
 10
-2172.6774
 20
-57.3535
 30
0.0
 10
-2172.6774
 20
-57.3535
 30
0.0
 10
-2172.664
 20
-57.3354
 30
0.0
 10
-2172.664
 20
-57.3354
 30
0.0
 10
-2172.664
 20
-57.3354
 30
0.0
 10
-2172.6478
 20
-57.3129
 30
0.0
 10
-2172.6478
 20
-57.3129
 30
0.0
 10
-2172.6478
 20
-57.3129
 30
0.0
 10
-2172.6465
 20
-57.3112
 30
0.0
 10
-2172.6465
 20
-57.3112
 30
0.0
 10
-2172.6465
 20
-57.3112
 30
0.0
 10
-2172.6315
 20
-57.2903
 30
0.0
 10
-2172.6315
 20
-57.2903
 30
0.0
 10
-2172.6315
 20
-57.2903
 30
0.0
 10
-2172.6162
 20
-57.2687
 30
0.0
 10
-2172.6162
 20
-57.2687
 30
0.0
 10
-2172.6162
 20
-57.2687
 30
0.0
 10
-2172.6155
 20
-57.2677
 30
0.0
 10
-2172.6155
 20
-57.2677
 30
0.0
 10
-2172.6155
 20
-57.2677
 30
0.0
 10
-2172.5998
 20
-57.2448
 30
0.0
 10
-2172.5998
 20
-57.2448
 30
0.0
 10
-2172.5998
 20
-57.2448
 30
0.0
 10
-2172.5867
 20
-57.2255
 30
0.0
 10
-2172.5867
 20
-57.2255
 30
0.0
 10
-2172.5867
 20
-57.2255
 30
0.0
 10
-2172.5843
 20
-57.2219
 30
0.0
 10
-2172.5843
 20
-57.2219
 30
0.0
 10
-2172.5843
 20
-57.2219
 30
0.0
 10
-2172.5814
 20
-57.2176
 30
0.0
 10
-2172.5814
 20
-57.2176
 30
0.0
 10
-2172.5814
 20
-57.2176
 30
0.0
 10
-2172.5579
 20
-57.1819
 30
0.0
 10
-2172.5579
 20
-57.1819
 30
0.0
 10
-2172.5579
 20
-57.1819
 30
0.0
 10
-2172.5538
 20
-57.1756
 30
0.0
 10
-2172.5538
 20
-57.1756
 30
0.0
 10
-2172.5538
 20
-57.1756
 30
0.0
 10
-2172.5389
 20
-57.1522
 30
0.0
 10
-2172.5389
 20
-57.1522
 30
0.0
 10
-2172.5389
 20
-57.1522
 30
0.0
 10
-2172.5298
 20
-57.1381
 30
0.0
 10
-2172.5298
 20
-57.1381
 30
0.0
 10
-2172.5298
 20
-57.1381
 30
0.0
 10
-2172.524
 20
-57.1288
 30
0.0
 10
-2172.524
 20
-57.1288
 30
0.0
 10
-2172.524
 20
-57.1288
 30
0.0
 10
-2172.5098
 20
-57.1053
 30
0.0
 10
-2172.5098
 20
-57.1053
 30
0.0
 10
-2172.5098
 20
-57.1053
 30
0.0
 10
-2172.5025
 20
-57.0935
 30
0.0
 10
-2172.5025
 20
-57.0935
 30
0.0
 10
-2172.5025
 20
-57.0935
 30
0.0
 10
-2172.4955
 20
-57.0816
 30
0.0
 10
-2172.4955
 20
-57.0816
 30
0.0
 10
-2172.4955
 20
-57.0816
 30
0.0
 10
-2172.4815
 20
-57.0577
 30
0.0
 10
-2172.4815
 20
-57.0577
 30
0.0
 10
-2172.4815
 20
-57.0577
 30
0.0
 10
-2172.4806
 20
-57.0565
 30
0.0
 10
-2172.4806
 20
-57.0565
 30
0.0
 10
-2172.4806
 20
-57.0565
 30
0.0
 10
-2172.4676
 20
-57.034
 30
0.0
 10
-2172.4676
 20
-57.034
 30
0.0
 10
-2172.4676
 20
-57.034
 30
0.0
 10
-2172.4539
 20
-57.0099
 30
0.0
 10
-2172.4539
 20
-57.0099
 30
0.0
 10
-2172.4539
 20
-57.0099
 30
0.0
 10
-2172.4432
 20
-56.9907
 30
0.0
 10
-2172.4432
 20
-56.9907
 30
0.0
 10
-2172.4432
 20
-56.9907
 30
0.0
 10
-2172.4406
 20
-56.986
 30
0.0
 10
-2172.4406
 20
-56.986
 30
0.0
 10
-2172.4406
 20
-56.986
 30
0.0
 10
-2172.4273
 20
-56.9618
 30
0.0
 10
-2172.4273
 20
-56.9618
 30
0.0
 10
-2172.4273
 20
-56.9618
 30
0.0
 10
-2172.4252
 20
-56.958
 30
0.0
 10
-2172.4252
 20
-56.958
 30
0.0
 10
-2172.4252
 20
-56.958
 30
0.0
 10
-2172.4144
 20
-56.9375
 30
0.0
 10
-2172.4144
 20
-56.9375
 30
0.0
 10
-2172.4144
 20
-56.9375
 30
0.0
 10
-2172.4016
 20
-56.913
 30
0.0
 10
-2172.4016
 20
-56.913
 30
0.0
 10
-2172.4016
 20
-56.913
 30
0.0
 10
-2172.4011
 20
-56.9122
 30
0.0
 10
-2172.4011
 20
-56.9122
 30
0.0
 10
-2172.4011
 20
-56.9122
 30
0.0
 10
-2172.3893
 20
-56.8887
 30
0.0
 10
-2172.3893
 20
-56.8887
 30
0.0
 10
-2172.3893
 20
-56.8887
 30
0.0
 10
-2172.3777
 20
-56.866
 30
0.0
 10
-2172.3777
 20
-56.866
 30
0.0
 10
-2172.3777
 20
-56.866
 30
0.0
 10
-2172.3767
 20
-56.8639
 30
0.0
 10
-2172.3767
 20
-56.8639
 30
0.0
 10
-2172.3767
 20
-56.8639
 30
0.0
 10
-2172.3647
 20
-56.8394
 30
0.0
 10
-2172.3647
 20
-56.8394
 30
0.0
 10
-2172.3647
 20
-56.8394
 30
0.0
 10
-2172.3552
 20
-56.8195
 30
0.0
 10
-2172.3552
 20
-56.8195
 30
0.0
 10
-2172.3552
 20
-56.8195
 30
0.0
 10
-2172.3528
 20
-56.8145
 30
0.0
 10
-2172.3528
 20
-56.8145
 30
0.0
 10
-2172.3528
 20
-56.8145
 30
0.0
 10
-2172.3412
 20
-56.7896
 30
0.0
 10
-2172.3412
 20
-56.7896
 30
0.0
 10
-2172.3412
 20
-56.7896
 30
0.0
 10
-2172.3333
 20
-56.7726
 30
0.0
 10
-2172.3333
 20
-56.7726
 30
0.0
 10
-2172.3333
 20
-56.7726
 30
0.0
 10
-2172.3297
 20
-56.7647
 30
0.0
 10
-2172.3297
 20
-56.7647
 30
0.0
 10
-2172.3297
 20
-56.7647
 30
0.0
 10
-2172.3184
 20
-56.7397
 30
0.0
 10
-2172.3184
 20
-56.7397
 30
0.0
 10
-2172.3184
 20
-56.7397
 30
0.0
 10
-2172.3123
 20
-56.7254
 30
0.0
 10
-2172.3123
 20
-56.7254
 30
0.0
 10
-2172.3123
 20
-56.7254
 30
0.0
 10
-2172.3075
 20
-56.7144
 30
0.0
 10
-2172.3075
 20
-56.7144
 30
0.0
 10
-2172.3075
 20
-56.7144
 30
0.0
 10
-2172.2968
 20
-56.6894
 30
0.0
 10
-2172.2968
 20
-56.6894
 30
0.0
 10
-2172.2968
 20
-56.6894
 30
0.0
 10
-2172.292
 20
-56.6778
 30
0.0
 10
-2172.292
 20
-56.6778
 30
0.0
 10
-2172.292
 20
-56.6778
 30
0.0
 10
-2172.2864
 20
-56.6638
 30
0.0
 10
-2172.2864
 20
-56.6638
 30
0.0
 10
-2172.2864
 20
-56.6638
 30
0.0
 10
-2172.2758
 20
-56.6387
 30
0.0
 10
-2172.2758
 20
-56.6387
 30
0.0
 10
-2172.2758
 20
-56.6387
 30
0.0
 10
-2172.2724
 20
-56.63
 30
0.0
 10
-2172.2724
 20
-56.63
 30
0.0
 10
-2172.2724
 20
-56.63
 30
0.0
 10
-2172.2658
 20
-56.613
 30
0.0
 10
-2172.2658
 20
-56.613
 30
0.0
 10
-2172.2658
 20
-56.613
 30
0.0
 10
-2172.256
 20
-56.5876
 30
0.0
 10
-2172.256
 20
-56.5876
 30
0.0
 10
-2172.256
 20
-56.5876
 30
0.0
 10
-2172.2537
 20
-56.5819
 30
0.0
 10
-2172.2537
 20
-56.5819
 30
0.0
 10
-2172.2537
 20
-56.5819
 30
0.0
 10
-2172.2464
 20
-56.562
 30
0.0
 10
-2172.2464
 20
-56.562
 30
0.0
 10
-2172.2464
 20
-56.562
 30
0.0
 10
-2172.237
 20
-56.5362
 30
0.0
 10
-2172.237
 20
-56.5362
 30
0.0
 10
-2172.237
 20
-56.5362
 30
0.0
 10
-2172.2359
 20
-56.5336
 30
0.0
 10
-2172.2359
 20
-56.5336
 30
0.0
 10
-2172.2359
 20
-56.5336
 30
0.0
 10
-2172.2275
 20
-56.5104
 30
0.0
 10
-2172.2275
 20
-56.5104
 30
0.0
 10
-2172.2275
 20
-56.5104
 30
0.0
 10
-2172.2187
 20
-56.4849
 30
0.0
 10
-2172.2187
 20
-56.4849
 30
0.0
 10
-2172.2187
 20
-56.4849
 30
0.0
 10
-2172.2187
 20
-56.4847
 30
0.0
 10
-2172.2187
 20
-56.4847
 30
0.0
 10
-2172.2187
 20
-56.4847
 30
0.0
 10
-2172.2098
 20
-56.4586
 30
0.0
 10
-2172.2098
 20
-56.4586
 30
0.0
 10
-2172.2098
 20
-56.4586
 30
0.0
 10
-2172.2076
 20
-56.4517
 30
0.0
 10
-2172.2076
 20
-56.4517
 30
0.0
 10
-2172.2076
 20
-56.4517
 30
0.0
 10
-2172.2014
 20
-56.4327
 30
0.0
 10
-2172.2014
 20
-56.4327
 30
0.0
 10
-2172.2014
 20
-56.4327
 30
0.0
 10
-2172.1931
 20
-56.4064
 30
0.0
 10
-2172.1931
 20
-56.4064
 30
0.0
 10
-2172.1931
 20
-56.4064
 30
0.0
 10
-2172.1869
 20
-56.3868
 30
0.0
 10
-2172.1869
 20
-56.3868
 30
0.0
 10
-2172.1869
 20
-56.3868
 30
0.0
 10
-2172.1851
 20
-56.3804
 30
0.0
 10
-2172.1851
 20
-56.3804
 30
0.0
 10
-2172.1851
 20
-56.3804
 30
0.0
 10
-2172.177
 20
-56.3541
 30
0.0
 10
-2172.177
 20
-56.3541
 30
0.0
 10
-2172.177
 20
-56.3541
 30
0.0
 10
-2172.172
 20
-56.3374
 30
0.0
 10
-2172.172
 20
-56.3374
 30
0.0
 10
-2172.172
 20
-56.3374
 30
0.0
 10
-2172.1694
 20
-56.328
 30
0.0
 10
-2172.1694
 20
-56.328
 30
0.0
 10
-2172.1694
 20
-56.328
 30
0.0
 10
-2172.162
 20
-56.3016
 30
0.0
 10
-2172.162
 20
-56.3016
 30
0.0
 10
-2172.162
 20
-56.3016
 30
0.0
 10
-2172.1583
 20
-56.2878
 30
0.0
 10
-2172.1583
 20
-56.2878
 30
0.0
 10
-2172.1583
 20
-56.2878
 30
0.0
 10
-2172.1549
 20
-56.2752
 30
0.0
 10
-2172.1549
 20
-56.2752
 30
0.0
 10
-2172.1549
 20
-56.2752
 30
0.0
 10
-2172.1479
 20
-56.2488
 30
0.0
 10
-2172.1479
 20
-56.2488
 30
0.0
 10
-2172.1479
 20
-56.2488
 30
0.0
 10
-2172.1451
 20
-56.2379
 30
0.0
 10
-2172.1451
 20
-56.2379
 30
0.0
 10
-2172.1451
 20
-56.2379
 30
0.0
 10
-2172.1413
 20
-56.2224
 30
0.0
 10
-2172.1413
 20
-56.2224
 30
0.0
 10
-2172.1413
 20
-56.2224
 30
0.0
 10
-2172.1348
 20
-56.1957
 30
0.0
 10
-2172.1348
 20
-56.1957
 30
0.0
 10
-2172.1348
 20
-56.1957
 30
0.0
 10
-2172.1329
 20
-56.1879
 30
0.0
 10
-2172.1329
 20
-56.1879
 30
0.0
 10
-2172.1329
 20
-56.1879
 30
0.0
 10
-2172.1224
 20
-56.1424
 30
0.0
 10
-2172.1224
 20
-56.1424
 30
0.0
 10
-2172.1224
 20
-56.1424
 30
0.0
 10
-2172.1212
 20
-56.1377
 30
0.0
 10
-2172.1212
 20
-56.1377
 30
0.0
 10
-2172.1212
 20
-56.1377
 30
0.0
 10
-2172.111
 20
-56.089
 30
0.0
 10
-2172.111
 20
-56.089
 30
0.0
 10
-2172.0562
 20
-55.8209
 30
0.0
 10
-2172.0364
 20
-55.5452
 30
0.0
 10
-2172.0525
 20
-55.2696
 30
0.0
 10
-2172.0525
 20
-55.2696
 30
0.0
 10
-2172.0528
 20
-55.2644
 30
0.0
 10
-2172.0528
 20
-55.2644
 30
0.0
 10
-2172.0528
 20
-55.2644
 30
0.0
 10
-2172.0533
 20
-55.2582
 30
0.0
 10
-2172.0533
 20
-55.2582
 30
0.0
 10
-2172.0533
 20
-55.2582
 30
0.0
 10
-2172.0539
 20
-55.2468
 30
0.0
 10
-2172.0539
 20
-55.2468
 30
0.0
 10
-2172.0539
 20
-55.2468
 30
0.0
 10
-2172.0548
 20
-55.2354
 30
0.0
 10
-2172.0548
 20
-55.2354
 30
0.0
 10
-2172.0548
 20
-55.2354
 30
0.0
 10
-2172.0555
 20
-55.224
 30
0.0
 10
-2172.0555
 20
-55.224
 30
0.0
 10
-2172.0555
 20
-55.224
 30
0.0
 10
-2172.0563
 20
-55.2126
 30
0.0
 10
-2172.0563
 20
-55.2126
 30
0.0
 10
-2172.0563
 20
-55.2126
 30
0.0
 10
-2172.0564
 20
-55.2125
 30
0.0
 10
-2172.0564
 20
-55.2125
 30
0.0
 10
-2172.0564
 20
-55.2125
 30
0.0
 10
-2172.0574
 20
-55.2011
 30
0.0
 10
-2172.0574
 20
-55.2011
 30
0.0
 10
-2172.0574
 20
-55.2011
 30
0.0
 10
-2172.0583
 20
-55.1896
 30
0.0
 10
-2172.0583
 20
-55.1896
 30
0.0
 10
-2172.0583
 20
-55.1896
 30
0.0
 10
-2172.0593
 20
-55.1782
 30
0.0
 10
-2172.0593
 20
-55.1782
 30
0.0
 10
-2172.0593
 20
-55.1782
 30
0.0
 10
-2172.0624
 20
-55.1439
 30
0.0
 10
-2172.0624
 20
-55.1439
 30
0.0
 10
-2172.0624
 20
-55.1439
 30
0.0
 10
-2172.0636
 20
-55.1325
 30
0.0
 10
-2172.0636
 20
-55.1325
 30
0.0
 10
-2172.0636
 20
-55.1325
 30
0.0
 10
-2172.0648
 20
-55.1209
 30
0.0
 10
-2172.0648
 20
-55.1209
 30
0.0
 10
-2172.0648
 20
-55.1209
 30
0.0
 10
-2172.0672
 20
-55.0983
 30
0.0
 10
-2172.0672
 20
-55.0983
 30
0.0
 10
-2172.0672
 20
-55.0983
 30
0.0
 10
-2172.0687
 20
-55.0869
 30
0.0
 10
-2172.0687
 20
-55.0869
 30
0.0
 10
-2172.0687
 20
-55.0869
 30
0.0
 10
-2172.0699
 20
-55.0755
 30
0.0
 10
-2172.0699
 20
-55.0755
 30
0.0
 10
-2172.0699
 20
-55.0755
 30
0.0
 10
-2172.0713
 20
-55.064
 30
0.0
 10
-2172.0713
 20
-55.064
 30
0.0
 10
-2172.0713
 20
-55.064
 30
0.0
 10
-2172.0722
 20
-55.0571
 30
0.0
 10
-2172.0722
 20
-55.0571
 30
0.0
 10
-2172.0722
 20
-55.0571
 30
0.0
 10
-2172.0727
 20
-55.0526
 30
0.0
 10
-2172.0727
 20
-55.0526
 30
0.0
 10
-2172.0727
 20
-55.0526
 30
0.0
 10
-2172.0743
 20
-55.0412
 30
0.0
 10
-2172.0743
 20
-55.0412
 30
0.0
 10
-2172.0743
 20
-55.0412
 30
0.0
 10
-2172.0758
 20
-55.0298
 30
0.0
 10
-2172.0758
 20
-55.0298
 30
0.0
 10
-2172.0758
 20
-55.0298
 30
0.0
 10
-2172.0772
 20
-55.0183
 30
0.0
 10
-2172.0772
 20
-55.0183
 30
0.0
 10
-2172.0772
 20
-55.0183
 30
0.0
 10
-2172.0789
 20
-55.0069
 30
0.0
 10
-2172.0789
 20
-55.0069
 30
0.0
 10
-2172.0789
 20
-55.0069
 30
0.0
 10
-2172.0806
 20
-54.9955
 30
0.0
 10
-2172.0806
 20
-54.9955
 30
0.0
 10
-2172.0806
 20
-54.9955
 30
0.0
 10
-2172.0824
 20
-54.9841
 30
0.0
 10
-2172.0824
 20
-54.9841
 30
0.0
 10
-2172.0824
 20
-54.9841
 30
0.0
 10
-2172.0841
 20
-54.9728
 30
0.0
 10
-2172.0841
 20
-54.9728
 30
0.0
 10
-2172.0841
 20
-54.9728
 30
0.0
 10
-2172.0841
 20
-54.9725
 30
0.0
 10
-2172.0841
 20
-54.9725
 30
0.0
 10
-2172.0841
 20
-54.9725
 30
0.0
 10
-2172.0877
 20
-54.95
 30
0.0
 10
-2172.0877
 20
-54.95
 30
0.0
 10
-2172.0877
 20
-54.95
 30
0.0
 10
-2172.0896
 20
-54.9386
 30
0.0
 10
-2172.0896
 20
-54.9386
 30
0.0
 10
-2172.0896
 20
-54.9386
 30
0.0
 10
-2172.0915
 20
-54.9272
 30
0.0
 10
-2172.0915
 20
-54.9272
 30
0.0
 10
-2172.0915
 20
-54.9272
 30
0.0
 10
-2172.0935
 20
-54.9157
 30
0.0
 10
-2172.0935
 20
-54.9157
 30
0.0
 10
-2172.0935
 20
-54.9157
 30
0.0
 10
-2172.0955
 20
-54.9043
 30
0.0
 10
-2172.0955
 20
-54.9043
 30
0.0
 10
-2172.0955
 20
-54.9043
 30
0.0
 10
-2172.0958
 20
-54.9018
 30
0.0
 10
-2172.0958
 20
-54.9018
 30
0.0
 10
-2172.0958
 20
-54.9018
 30
0.0
 10
-2172.0975
 20
-54.8931
 30
0.0
 10
-2172.0975
 20
-54.8931
 30
0.0
 10
-2172.0975
 20
-54.8931
 30
0.0
 10
-2172.0996
 20
-54.8817
 30
0.0
 10
-2172.0996
 20
-54.8817
 30
0.0
 10
-2172.0996
 20
-54.8817
 30
0.0
 10
-2172.1017
 20
-54.8702
 30
0.0
 10
-2172.1017
 20
-54.8702
 30
0.0
 10
-2172.1017
 20
-54.8702
 30
0.0
 10
-2172.1038
 20
-54.8589
 30
0.0
 10
-2172.1038
 20
-54.8589
 30
0.0
 10
-2172.1038
 20
-54.8589
 30
0.0
 10
-2172.1055
 20
-54.8503
 30
0.0
 10
-2172.1055
 20
-54.8503
 30
0.0
 10
-2172.1055
 20
-54.8503
 30
0.0
 10
-2172.1061
 20
-54.8475
 30
0.0
 10
-2172.1061
 20
-54.8475
 30
0.0
 10
-2172.1061
 20
-54.8475
 30
0.0
 10
-2172.1082
 20
-54.8361
 30
0.0
 10
-2172.1082
 20
-54.8361
 30
0.0
 10
-2172.1082
 20
-54.8361
 30
0.0
 10
-2172.1105
 20
-54.8249
 30
0.0
 10
-2172.1105
 20
-54.8249
 30
0.0
 10
-2172.1105
 20
-54.8249
 30
0.0
 10
-2172.1127
 20
-54.8133
 30
0.0
 10
-2172.1127
 20
-54.8133
 30
0.0
 10
-2172.1127
 20
-54.8133
 30
0.0
 10
-2172.1152
 20
-54.8021
 30
0.0
 10
-2172.1152
 20
-54.8021
 30
0.0
 10
-2172.1152
 20
-54.8021
 30
0.0
 10
-2172.1159
 20
-54.7987
 30
0.0
 10
-2172.1159
 20
-54.7987
 30
0.0
 10
-2172.1159
 20
-54.7987
 30
0.0
 10
-2172.1176
 20
-54.7908
 30
0.0
 10
-2172.1176
 20
-54.7908
 30
0.0
 10
-2172.1176
 20
-54.7908
 30
0.0
 10
-2172.1201
 20
-54.7796
 30
0.0
 10
-2172.1201
 20
-54.7796
 30
0.0
 10
-2172.1201
 20
-54.7796
 30
0.0
 10
-2172.1226
 20
-54.7682
 30
0.0
 10
-2172.1226
 20
-54.7682
 30
0.0
 10
-2172.1226
 20
-54.7682
 30
0.0
 10
-2172.1251
 20
-54.7568
 30
0.0
 10
-2172.1251
 20
-54.7568
 30
0.0
 10
-2172.1251
 20
-54.7568
 30
0.0
 10
-2172.1272
 20
-54.7473
 30
0.0
 10
-2172.1272
 20
-54.7473
 30
0.0
 10
-2172.1272
 20
-54.7473
 30
0.0
 10
-2172.1277
 20
-54.7455
 30
0.0
 10
-2172.1277
 20
-54.7455
 30
0.0
 10
-2172.1277
 20
-54.7455
 30
0.0
 10
-2172.1304
 20
-54.7343
 30
0.0
 10
-2172.1304
 20
-54.7343
 30
0.0
 10
-2172.1304
 20
-54.7343
 30
0.0
 10
-2172.1331
 20
-54.7229
 30
0.0
 10
-2172.1331
 20
-54.7229
 30
0.0
 10
-2172.1331
 20
-54.7229
 30
0.0
 10
-2172.1386
 20
-54.7002
 30
0.0
 10
-2172.1386
 20
-54.7002
 30
0.0
 10
-2172.1386
 20
-54.7002
 30
0.0
 10
-2172.1398
 20
-54.696
 30
0.0
 10
-2172.1398
 20
-54.696
 30
0.0
 10
-2172.1398
 20
-54.696
 30
0.0
 10
-2172.15
 20
-54.6551
 30
0.0
 10
-2172.15
 20
-54.6551
 30
0.0
 10
-2172.15
 20
-54.6551
 30
0.0
 10
-2172.1528
 20
-54.6447
 30
0.0
 10
-2172.1528
 20
-54.6447
 30
0.0
 10
-2172.1528
 20
-54.6447
 30
0.0
 10
-2172.1531
 20
-54.6438
 30
0.0
 10
-2172.1531
 20
-54.6438
 30
0.0
 10
-2172.1531
 20
-54.6438
 30
0.0
 10
-2172.156
 20
-54.6327
 30
0.0
 10
-2172.156
 20
-54.6327
 30
0.0
 10
-2172.156
 20
-54.6327
 30
0.0
 10
-2172.159
 20
-54.6213
 30
0.0
 10
-2172.159
 20
-54.6213
 30
0.0
 10
-2172.159
 20
-54.6213
 30
0.0
 10
-2172.1623
 20
-54.61
 30
0.0
 10
-2172.1623
 20
-54.61
 30
0.0
 10
-2172.1623
 20
-54.61
 30
0.0
 10
-2172.1653
 20
-54.5988
 30
0.0
 10
-2172.1653
 20
-54.5988
 30
0.0
 10
-2172.1653
 20
-54.5988
 30
0.0
 10
-2172.1668
 20
-54.5936
 30
0.0
 10
-2172.1668
 20
-54.5936
 30
0.0
 10
-2172.1668
 20
-54.5936
 30
0.0
 10
-2172.1684
 20
-54.5876
 30
0.0
 10
-2172.1684
 20
-54.5876
 30
0.0
 10
-2172.1684
 20
-54.5876
 30
0.0
 10
-2172.1687
 20
-54.5872
 30
0.0
 10
-2172.1687
 20
-54.5872
 30
0.0
 10
-2172.1687
 20
-54.5872
 30
0.0
 10
-2172.1817
 20
-54.5427
 30
0.0
 10
-2172.1817
 20
-54.5427
 30
0.0
 10
-2172.1817
 20
-54.5427
 30
0.0
 10
-2172.4961
 20
-53.5025
 30
0.0
 10
-2172.4961
 20
-53.5025
 30
0.0
 10
-2172.4961
 20
-53.5025
 30
0.0
 10
-2173.0459
 20
-51.6825
 30
0.0
 10
-2173.0459
 20
-51.6825
 30
0.0
 10
-2173.0459
 20
-51.6825
 30
0.0
 10
-2174.6792
 20
-46.2766
 30
0.0
 10
-2174.6792
 20
-46.2766
 30
0.0
  0
SPLINE
  5
84
330
1F
100
AcDbEntity
  8
Layer 1
 62
   240
100
AcDbSpline
210
0.0
220
0.0
230
1.0
 70
    11
 71
     3
 72
    23
 73
    19
 74
     0
 42
0.0000000001
 43
0.0000000001
 40
0.0
 40
0.0
 40
0.0
 40
0.0
 40
0.1666666666666667
 40
0.1666666666666667
 40
0.1666666666666667
 40
0.3333333333333333
 40
0.3333333333333333
 40
0.3333333333333333
 40
0.5
 40
0.5
 40
0.5
 40
0.6666666666666666
 40
0.6666666666666666
 40
0.6666666666666666
 40
0.8333333333333333
 40
0.8333333333333333
 40
0.8333333333333333
 40
1.0
 40
1.0
 40
1.0
 40
1.0
 10
-2178.8462
 20
-59.9426
 30
0.0
 10
-2179.6772
 20
-59.6177
 30
0.0
 10
-2180.3849
 20
-59.0074
 30
0.0
 10
-2180.8235
 20
-58.2001
 30
0.0
 10
-2180.8235
 20
-58.2001
 30
0.0
 10
-2181.0454
 20
-57.7912
 30
0.0
 10
-2181.0454
 20
-57.7912
 30
0.0
 10
-2181.0454
 20
-57.7912
 30
0.0
 10
-2182.8505
 20
-58.3366
 30
0.0
 10
-2182.8505
 20
-58.3366
 30
0.0
 10
-2182.8505
 20
-58.3366
 30
0.0
 10
-2180.586
 20
-60.17
 30
0.0
 10
-2180.586
 20
-60.17
 30
0.0
 10
-2180.3754
 20
-60.3404
 30
0.0
 10
-2180.1445
 20
-60.4827
 30
0.0
 10
-2179.8985
 20
-60.5939
 30
0.0
 10
-2179.5854
 20
-60.3216
 30
0.0
 10
-2179.2296
 20
-60.1015
 30
0.0
 10
-2178.8462
 20
-59.9426
 30
0.0
  0
SPLINE
  5
85
330
1F
100
AcDbEntity
  8
Layer 1
 62
   240
100
AcDbSpline
210
0.0
220
0.0
230
1.0
 70
    11
 71
     3
 72
    77
 73
    73
 74
     0
 42
0.0000000001
 43
0.0000000001
 40
0.0
 40
0.0
 40
0.0
 40
0.0
 40
0.0416666666666667
 40
0.0416666666666667
 40
0.0416666666666667
 40
0.0833333333333333
 40
0.0833333333333333
 40
0.0833333333333333
 40
0.125
 40
0.125
 40
0.125
 40
0.1666666666666667
 40
0.1666666666666667
 40
0.1666666666666667
 40
0.2083333333333333
 40
0.2083333333333333
 40
0.2083333333333333
 40
0.25
 40
0.25
 40
0.25
 40
0.2916666666666666
 40
0.2916666666666666
 40
0.2916666666666666
 40
0.3333333333333333
 40
0.3333333333333333
 40
0.3333333333333333
 40
0.375
 40
0.375
 40
0.375
 40
0.4166666666666666
 40
0.4166666666666666
 40
0.4166666666666666
 40
0.4583333333333333
 40
0.4583333333333333
 40
0.4583333333333333
 40
0.5
 40
0.5
 40
0.5
 40
0.5416666666666666
 40
0.5416666666666666
 40
0.5416666666666666
 40
0.5833333333333333
 40
0.5833333333333333
 40
0.5833333333333333
 40
0.625
 40
0.625
 40
0.625
 40
0.6666666666666666
 40
0.6666666666666666
 40
0.6666666666666666
 40
0.7083333333333333
 40
0.7083333333333333
 40
0.7083333333333333
 40
0.75
 40
0.75
 40
0.75
 40
0.7916666666666666
 40
0.7916666666666666
 40
0.7916666666666666
 40
0.8333333333333333
 40
0.8333333333333333
 40
0.8333333333333333
 40
0.875
 40
0.875
 40
0.875
 40
0.9166666666666666
 40
0.9166666666666666
 40
0.9166666666666666
 40
0.9583333333333333
 40
0.9583333333333333
 40
0.9583333333333333
 40
1.0
 40
1.0
 40
1.0
 40
1.0
 10
-2176.589
 20
-50.3549
 30
0.0
 10
-2176.589
 20
-50.3549
 30
0.0
 10
-2174.6859
 20
-43.9273
 30
0.0
 10
-2174.6859
 20
-43.9273
 30
0.0
 10
-2174.6859
 20
-43.9273
 30
0.0
 10
-2172.7691
 20
-50.2705
 30
0.0
 10
-2172.7691
 20
-50.2705
 30
0.0
 10
-2172.7691
 20
-50.2705
 30
0.0
 10
-2168.5968
 20
-45.117
 30
0.0
 10
-2168.5968
 20
-45.117
 30
0.0
 10
-2168.5968
 20
-45.117
 30
0.0
 10
-2169.2567
 20
-51.7433
 30
0.0
 10
-2169.2567
 20
-51.7433
 30
0.0
 10
-2169.2567
 20
-51.7433
 30
0.0
 10
-2163.3949
 20
-48.5594
 30
0.0
 10
-2163.3949
 20
-48.5594
 30
0.0
 10
-2163.3949
 20
-48.5594
 30
0.0
 10
-2166.5404
 20
-54.429
 30
0.0
 10
-2166.5404
 20
-54.429
 30
0.0
 10
-2166.5404
 20
-54.429
 30
0.0
 10
-2159.9058
 20
-53.7309
 30
0.0
 10
-2159.9058
 20
-53.7309
 30
0.0
 10
-2159.9058
 20
-53.7309
 30
0.0
 10
-2165.0584
 20
-57.9497
 30
0.0
 10
-2165.0584
 20
-57.9497
 30
0.0
 10
-2165.0584
 20
-57.9497
 30
0.0
 10
-2158.6618
 20
-59.8436
 30
0.0
 10
-2158.6618
 20
-59.8436
 30
0.0
 10
-2158.6618
 20
-59.8436
 30
0.0
 10
-2169.0824
 20
-62.9923
 30
0.0
 10
-2169.0824
 20
-62.9923
 30
0.0
 10
-2169.4432
 20
-63.1014
 30
0.0
 10
-2169.816
 20
-63.1564
 30
0.0
 10
-2170.192
 20
-63.1564
 30
0.0
 10
-2171.1795
 20
-63.1564
 30
0.0
 10
-2172.1176
 20
-62.7821
 30
0.0
 10
-2172.834
 20
-62.102
 30
0.0
 10
-2172.834
 20
-62.102
 30
0.0
 10
-2174.647
 20
-60.3811
 30
0.0
 10
-2174.647
 20
-60.3811
 30
0.0
 10
-2174.647
 20
-60.3811
 30
0.0
 10
-2176.4691
 20
-62.1452
 30
0.0
 10
-2176.4691
 20
-62.1452
 30
0.0
 10
-2177.1887
 20
-62.8423
 30
0.0
 10
-2178.1368
 20
-63.226
 30
0.0
 10
-2179.1385
 20
-63.226
 30
0.0
 10
-2179.507
 20
-63.226
 30
0.0
 10
-2179.8735
 20
-63.1729
 30
0.0
 10
-2180.2276
 20
-63.068
 30
0.0
 10
-2180.2276
 20
-63.068
 30
0.0
 10
-2190.637
 20
-59.9858
 30
0.0
 10
-2190.637
 20
-59.9858
 30
0.0
 10
-2190.637
 20
-59.9858
 30
0.0
 10
-2184.2624
 20
-58.0597
 30
0.0
 10
-2184.2624
 20
-58.0597
 30
0.0
 10
-2184.2624
 20
-58.0597
 30
0.0
 10
-2189.4473
 20
-53.8623
 30
0.0
 10
-2189.4473
 20
-53.8623
 30
0.0
 10
-2189.4473
 20
-53.8623
 30
0.0
 10
-2182.8209
 20
-54.5223
 30
0.0
 10
-2182.8209
 20
-54.5223
 30
0.0
 10
-2182.8209
 20
-54.5223
 30
0.0
 10
-2186.0048
 20
-48.6602
 30
0.0
 10
-2186.0048
 20
-48.6602
 30
0.0
 10
-2186.0048
 20
-48.6602
 30
0.0
 10
-2180.1353
 20
-51.8057
 30
0.0
 10
-2180.1353
 20
-51.8057
 30
0.0
 10
-2180.1353
 20
-51.8057
 30
0.0
 10
-2180.8334
 20
-45.1714
 30
0.0
 10
-2180.8334
 20
-45.1714
 30
0.0
 10
-2180.8334
 20
-45.1714
 30
0.0
 10
-2176.589
 20
-50.3549
 30
0.0
 10
-2176.589
 20
-50.3549
 30
0.0
  0
SPLINE
  5
86
330
1F
100
AcDbEntity
  8
Layer 1
 62
   240
100
AcDbSpline
210
0.0
220
0.0
230
1.0
 70
    11
 71
     3
 72
    17
 73
    13
 74
     0
 42
0.0000000001
 43
0.0000000001
 40
0.0
 40
0.0
 40
0.0
 40
0.0
 40
0.25
 40
0.25
 40
0.25
 40
0.5
 40
0.5
 40
0.5
 40
0.75
 40
0.75
 40
0.75
 40
1.0
 40
1.0
 40
1.0
 40
1.0
 10
-2165.9523
 20
-73.0732
 30
0.0
 10
-2165.9523
 20
-73.0732
 30
0.0
 10
-2165.1684
 20
-73.0732
 30
0.0
 10
-2165.1684
 20
-73.0732
 30
0.0
 10
-2165.1684
 20
-73.0732
 30
0.0
 10
-2165.1684
 20
-68.8411
 30
0.0
 10
-2165.1684
 20
-68.8411
 30
0.0
 10
-2165.1684
 20
-68.8411
 30
0.0
 10
-2165.9523
 20
-68.8411
 30
0.0
 10
-2165.9523
 20
-68.8411
 30
0.0
 10
-2165.9523
 20
-68.8411
 30
0.0
 10
-2165.9523
 20
-73.0732
 30
0.0
 10
-2165.9523
 20
-73.0732
 30
0.0
  0
SPLINE
  5
87
330
1F
100
AcDbEntity
  8
Layer 1
 62
   240
100
AcDbSpline
210
0.0
220
0.0
230
1.0
 70
    11
 71
     3
 72
    41
 73
    37
 74
     0
 42
0.0000000001
 43
0.0000000001
 40
0.0
 40
0.0
 40
0.0
 40
0.0
 40
0.0833333333333333
 40
0.0833333333333333
 40
0.0833333333333333
 40
0.1666666666666667
 40
0.1666666666666667
 40
0.1666666666666667
 40
0.25
 40
0.25
 40
0.25
 40
0.3333333333333333
 40
0.3333333333333333
 40
0.3333333333333333
 40
0.4166666666666666
 40
0.4166666666666666
 40
0.4166666666666666
 40
0.5
 40
0.5
 40
0.5
 40
0.5833333333333333
 40
0.5833333333333333
 40
0.5833333333333333
 40
0.6666666666666666
 40
0.6666666666666666
 40
0.6666666666666666
 40
0.75
 40
0.75
 40
0.75
 40
0.8333333333333333
 40
0.8333333333333333
 40
0.8333333333333333
 40
0.9166666666666666
 40
0.9166666666666666
 40
0.9166666666666666
 40
1.0
 40
1.0
 40
1.0
 40
1.0
 10
-2170.406
 20
-73.0733
 30
0.0
 10
-2170.406
 20
-73.0733
 30
0.0
 10
-2170.406
 20
-68.8411
 30
0.0
 10
-2170.406
 20
-68.8411
 30
0.0
 10
-2170.406
 20
-68.8411
 30
0.0
 10
-2169.6214
 20
-68.8411
 30
0.0
 10
-2169.6214
 20
-68.8411
 30
0.0
 10
-2169.6214
 20
-68.8411
 30
0.0
 10
-2169.6214
 20
-70.5872
 30
0.0
 10
-2169.6214
 20
-70.5872
 30
0.0
 10
-2169.6214
 20
-70.5872
 30
0.0
 10
-2167.5349
 20
-70.5872
 30
0.0
 10
-2167.5349
 20
-70.5872
 30
0.0
 10
-2167.5349
 20
-70.5872
 30
0.0
 10
-2167.5349
 20
-68.8411
 30
0.0
 10
-2167.5349
 20
-68.8411
 30
0.0
 10
-2167.5349
 20
-68.8411
 30
0.0
 10
-2166.7508
 20
-68.8411
 30
0.0
 10
-2166.7508
 20
-68.8411
 30
0.0
 10
-2166.7508
 20
-68.8411
 30
0.0
 10
-2166.7508
 20
-73.0733
 30
0.0
 10
-2166.7508
 20
-73.0733
 30
0.0
 10
-2166.7508
 20
-73.0733
 30
0.0
 10
-2167.5349
 20
-73.0733
 30
0.0
 10
-2167.5349
 20
-73.0733
 30
0.0
 10
-2167.5349
 20
-73.0733
 30
0.0
 10
-2167.5349
 20
-71.2681
 30
0.0
 10
-2167.5349
 20
-71.2681
 30
0.0
 10
-2167.5349
 20
-71.2681
 30
0.0
 10
-2169.6214
 20
-71.2681
 30
0.0
 10
-2169.6214
 20
-71.2681
 30
0.0
 10
-2169.6214
 20
-71.2681
 30
0.0
 10
-2169.6214
 20
-73.0733
 30
0.0
 10
-2169.6214
 20
-73.0733
 30
0.0
 10
-2169.6214
 20
-73.0733
 30
0.0
 10
-2170.406
 20
-73.0733
 30
0.0
 10
-2170.406
 20
-73.0733
 30
0.0
  0
SPLINE
  5
88
330
1F
100
AcDbEntity
  8
Layer 1
 62
   240
100
AcDbSpline
210
0.0
220
0.0
230
1.0
 70
    11
 71
     3
 72
    41
 73
    37
 74
     0
 42
0.0000000001
 43
0.0000000001
 40
0.0
 40
0.0
 40
0.0
 40
0.0
 40
0.0833333333333333
 40
0.0833333333333333
 40
0.0833333333333333
 40
0.1666666666666667
 40
0.1666666666666667
 40
0.1666666666666667
 40
0.25
 40
0.25
 40
0.25
 40
0.3333333333333333
 40
0.3333333333333333
 40
0.3333333333333333
 40
0.4166666666666666
 40
0.4166666666666666
 40
0.4166666666666666
 40
0.5
 40
0.5
 40
0.5
 40
0.5833333333333333
 40
0.5833333333333333
 40
0.5833333333333333
 40
0.6666666666666666
 40
0.6666666666666666
 40
0.6666666666666666
 40
0.75
 40
0.75
 40
0.75
 40
0.8333333333333333
 40
0.8333333333333333
 40
0.8333333333333333
 40
0.9166666666666666
 40
0.9166666666666666
 40
0.9166666666666666
 40
1.0
 40
1.0
 40
1.0
 40
1.0
 10
-2171.1725
 20
-68.8411
 30
0.0
 10
-2171.1725
 20
-68.8411
 30
0.0
 10
-2171.1725
 20
-69.5157
 30
0.0
 10
-2171.1725
 20
-69.5157
 30
0.0
 10
-2171.1725
 20
-69.5157
 30
0.0
 10
-2173.2912
 20
-69.5157
 30
0.0
 10
-2173.2912
 20
-69.5157
 30
0.0
 10
-2173.2912
 20
-69.5157
 30
0.0
 10
-2173.2912
 20
-70.5812
 30
0.0
 10
-2173.2912
 20
-70.5812
 30
0.0
 10
-2173.2912
 20
-70.5812
 30
0.0
 10
-2171.2729
 20
-70.5812
 30
0.0
 10
-2171.2729
 20
-70.5812
 30
0.0
 10
-2171.2729
 20
-70.5812
 30
0.0
 10
-2171.2729
 20
-71.2828
 30
0.0
 10
-2171.2729
 20
-71.2828
 30
0.0
 10
-2171.2729
 20
-71.2828
 30
0.0
 10
-2173.3002
 20
-71.2828
 30
0.0
 10
-2173.3002
 20
-71.2828
 30
0.0
 10
-2173.3002
 20
-71.2828
 30
0.0
 10
-2173.3002
 20
-72.3925
 30
0.0
 10
-2173.3002
 20
-72.3925
 30
0.0
 10
-2173.3002
 20
-72.3925
 30
0.0
 10
-2171.1306
 20
-72.3925
 30
0.0
 10
-2171.1306
 20
-72.3925
 30
0.0
 10
-2171.1306
 20
-72.3925
 30
0.0
 10
-2171.1306
 20
-73.0733
 30
0.0
 10
-2171.1306
 20
-73.0733
 30
0.0
 10
-2171.1306
 20
-73.0733
 30
0.0
 10
-2174.0697
 20
-73.0733
 30
0.0
 10
-2174.0697
 20
-73.0733
 30
0.0
 10
-2174.0697
 20
-73.0733
 30
0.0
 10
-2174.0697
 20
-68.8411
 30
0.0
 10
-2174.0697
 20
-68.8411
 30
0.0
 10
-2174.0697
 20
-68.8411
 30
0.0
 10
-2171.1725
 20
-68.8411
 30
0.0
 10
-2171.1725
 20
-68.8411
 30
0.0
  0
SPLINE
  5
89
330
1F
100
AcDbEntity
  8
Layer 1
 62
   240
100
AcDbSpline
210
0.0
220
0.0
230
1.0
 70
    11
 71
     3
 72
    29
 73
    25
 74
     0
 42
0.0000000001
 43
0.0000000001
 40
0.0
 40
0.0
 40
0.0
 40
0.0
 40
0.125
 40
0.125
 40
0.125
 40
0.25
 40
0.25
 40
0.25
 40
0.375
 40
0.375
 40
0.375
 40
0.5
 40
0.5
 40
0.5
 40
0.625
 40
0.625
 40
0.625
 40
0.75
 40
0.75
 40
0.75
 40
0.875
 40
0.875
 40
0.875
 40
1.0
 40
1.0
 40
1.0
 40
1.0
 10
-2174.5138
 20
-68.8411
 30
0.0
 10
-2174.5138
 20
-68.8411
 30
0.0
 10
-2174.5138
 20
-69.5219
 30
0.0
 10
-2174.5138
 20
-69.5219
 30
0.0
 10
-2174.5138
 20
-69.5219
 30
0.0
 10
-2175.7272
 20
-69.5219
 30
0.0
 10
-2175.7272
 20
-69.5219
 30
0.0
 10
-2175.7272
 20
-69.5219
 30
0.0
 10
-2175.7272
 20
-73.0733
 30
0.0
 10
-2175.7272
 20
-73.0733
 30
0.0
 10
-2175.7272
 20
-73.0733
 30
0.0
 10
-2176.5115
 20
-73.0733
 30
0.0
 10
-2176.5115
 20
-73.0733
 30
0.0
 10
-2176.5115
 20
-73.0733
 30
0.0
 10
-2176.5115
 20
-69.5219
 30
0.0
 10
-2176.5115
 20
-69.5219
 30
0.0
 10
-2176.5115
 20
-69.5219
 30
0.0
 10
-2177.7249
 20
-69.5219
 30
0.0
 10
-2177.7249
 20
-69.5219
 30
0.0
 10
-2177.7249
 20
-69.5219
 30
0.0
 10
-2177.7249
 20
-68.8411
 30
0.0
 10
-2177.7249
 20
-68.8411
 30
0.0
 10
-2177.7249
 20
-68.8411
 30
0.0
 10
-2174.5138
 20
-68.8411
 30
0.0
 10
-2174.5138
 20
-68.8411
 30
0.0
  0
SPLINE
  5
8A
330
1F
100
AcDbEntity
  8
Layer 1
 62
   240
100
AcDbSpline
210
0.0
220
0.0
230
1.0
 70
    11
 71
     3
 72
    38
 73
    34
 74
     0
 42
0.0000000001
 43
0.0000000001
 40
0.0
 40
0.0
 40
0.0
 40
0.0
 40
0.0909090909090909
 40
0.0909090909090909
 40
0.0909090909090909
 40
0.1818181818181818
 40
0.1818181818181818
 40
0.1818181818181818
 40
0.2727272727272727
 40
0.2727272727272727
 40
0.2727272727272727
 40
0.3636363636363636
 40
0.3636363636363636
 40
0.3636363636363636
 40
0.4545454545454546
 40
0.4545454545454546
 40
0.4545454545454546
 40
0.5454545454545454
 40
0.5454545454545454
 40
0.5454545454545454
 40
0.6363636363636364
 40
0.6363636363636364
 40
0.6363636363636364
 40
0.7272727272727273
 40
0.7272727272727273
 40
0.7272727272727273
 40
0.8181818181818182
 40
0.8181818181818182
 40
0.8181818181818182
 40
0.9090909090909092
 40
0.9090909090909092
 40
0.9090909090909092
 40
1.0
 40
1.0
 40
1.0
 40
1.0
 10
-2181.0249
 20
-73.0733
 30
0.0
 10
-2181.0249
 20
-73.0733
 30
0.0
 10
-2181.8299
 20
-73.0733
 30
0.0
 10
-2181.8299
 20
-73.0733
 30
0.0
 10
-2181.8299
 20
-73.0733
 30
0.0
 10
-2180.0333
 20
-68.8411
 30
0.0
 10
-2180.0333
 20
-68.8411
 30
0.0
 10
-2180.0333
 20
-68.8411
 30
0.0
 10
-2179.19
 20
-68.8411
 30
0.0
 10
-2179.19
 20
-68.8411
 30
0.0
 10
-2179.19
 20
-68.8411
 30
0.0
 10
-2177.3551
 20
-73.0733
 30
0.0
 10
-2177.3551
 20
-73.0733
 30
0.0
 10
-2177.3551
 20
-73.0733
 30
0.0
 10
-2178.1985
 20
-73.0733
 30
0.0
 10
-2178.1985
 20
-73.0733
 30
0.0
 10
-2178.1985
 20
-73.0733
 30
0.0
 10
-2178.6811
 20
-71.9192
 30
0.0
 10
-2178.6811
 20
-71.9192
 30
0.0
 10
-2178.6811
 20
-71.9192
 30
0.0
 10
-2180.0867
 20
-71.9192
 30
0.0
 10
-2180.0867
 20
-71.9192
 30
0.0
 10
-2180.0867
 20
-71.9192
 30
0.0
 10
-2179.8172
 20
-71.2383
 30
0.0
 10
-2179.8172
 20
-71.2383
 30
0.0
 10
-2179.8172
 20
-71.2383
 30
0.0
 10
-2178.9649
 20
-71.2383
 30
0.0
 10
-2178.9649
 20
-71.2383
 30
0.0
 10
-2178.9649
 20
-71.2383
 30
0.0
 10
-2179.631
 20
-69.6487
 30
0.0
 10
-2179.631
 20
-69.6487
 30
0.0
 10
-2179.631
 20
-69.6487
 30
0.0
 10
-2181.0249
 20
-73.0733
 30
0.0
 10
-2181.0249
 20
-73.0733
 30
0.0
  0
SPLINE
  5
8B
330
1F
100
AcDbEntity
  8
Layer 1
 62
   240
100
AcDbSpline
210
0.0
220
0.0
230
1.0
 70
    11
 71
     3
 72
    35
 73
    31
 74
     0
 42
0.0000000001
 43
0.0000000001
 40
0.0
 40
0.0
 40
0.0
 40
0.0
 40
0.1
 40
0.1
 40
0.1
 40
0.2
 40
0.2
 40
0.2
 40
0.3
 40
0.3
 40
0.3
 40
0.4
 40
0.4
 40
0.4
 40
0.5
 40
0.5
 40
0.5
 40
0.6000000000000001
 40
0.6000000000000001
 40
0.6000000000000001
 40
0.7000000000000001
 40
0.7000000000000001
 40
0.7000000000000001
 40
0.8
 40
0.8
 40
0.8
 40
0.9
 40
0.9
 40
0.9
 40
1.0
 40
1.0
 40
1.0
 40
1.0
 10
-2181.682
 20
-68.8411
 30
0.0
 10
-2181.682
 20
-68.8411
 30
0.0
 10
-2181.682
 20
-69.5157
 30
0.0
 10
-2181.682
 20
-69.5157
 30
0.0
 10
-2181.682
 20
-69.5157
 30
0.0
 10
-2183.6827
 20
-69.5157
 30
0.0
 10
-2183.6827
 20
-69.5157
 30
0.0
 10
-2183.6827
 20
-69.5157
 30
0.0
 10
-2183.6827
 20
-70.5812
 30
0.0
 10
-2183.6827
 20
-70.5812
 30
0.0
 10
-2183.6827
 20
-70.5812
 30
0.0
 10
-2181.7827
 20
-70.5812
 30
0.0
 10
-2181.7827
 20
-70.5812
 30
0.0
 10
-2181.7827
 20
-70.5812
 30
0.0
 10
-2181.7827
 20
-71.2828
 30
0.0
 10
-2181.7827
 20
-71.2828
 30
0.0
 10
-2181.7827
 20
-71.2828
 30
0.0
 10
-2183.6916
 20
-71.2828
 30
0.0
 10
-2183.6916
 20
-71.2828
 30
0.0
 10
-2183.6916
 20
-71.2828
 30
0.0
 10
-2183.6916
 20
-73.0733
 30
0.0
 10
-2183.6916
 20
-73.0733
 30
0.0
 10
-2183.6916
 20
-73.0733
 30
0.0
 10
-2184.4611
 20
-73.0733
 30
0.0
 10
-2184.4611
 20
-73.0733
 30
0.0
 10
-2184.4611
 20
-73.0733
 30
0.0
 10
-2184.4611
 20
-68.8411
 30
0.0
 10
-2184.4611
 20
-68.8411
 30
0.0
 10
-2184.4611
 20
-68.8411
 30
0.0
 10
-2181.682
 20
-68.8411
 30
0.0
 10
-2181.682
 20
-68.8411
 30
0.0
  0
SPLINE
  5
8C
330
1F
100
AcDbEntity
  8
Layer 1
 62
   240
100
AcDbSpline
210
0.0
220
0.0
230
1.0
 70
    11
 71
     3
 72
    29
 73
    25
 74
     0
 42
0.0000000001
 43
0.0000000001
 40
0.0
 40
0.0
 40
0.0
 40
0.0
 40
0.125
 40
0.125
 40
0.125
 40
0.25
 40
0.25
 40
0.25
 40
0.375
 40
0.375
 40
0.375
 40
0.5
 40
0.5
 40
0.5
 40
0.625
 40
0.625
 40
0.625
 40
0.75
 40
0.75
 40
0.75
 40
0.875
 40
0.875
 40
0.875
 40
1.0
 40
1.0
 40
1.0
 40
1.0
 10
-2182.5287
 20
-88.8105
 30
0.0
 10
-2182.5287
 20
-88.8105
 30
0.0
 10
-2182.9366
 20
-88.8105
 30
0.0
 10
-2182.9366
 20
-88.8105
 30
0.0
 10
-2182.9366
 20
-88.8105
 30
0.0
 10
-2183.0651
 20
-89.2179
 30
0.0
 10
-2183.0651
 20
-89.2179
 30
0.0
 10
-2183.0651
 20
-89.2179
 30
0.0
 10
-2183.3541
 20
-89.2179
 30
0.0
 10
-2183.3541
 20
-89.2179
 30
0.0
 10
-2183.3541
 20
-89.2179
 30
0.0
 10
-2182.8649
 20
-87.7716
 30
0.0
 10
-2182.8649
 20
-87.7716
 30
0.0
 10
-2182.8649
 20
-87.7716
 30
0.0
 10
-2182.5949
 20
-87.7716
 30
0.0
 10
-2182.5949
 20
-87.7716
 30
0.0
 10
-2182.5949
 20
-87.7716
 30
0.0
 10
-2182.1055
 20
-89.2179
 30
0.0
 10
-2182.1055
 20
-89.2179
 30
0.0
 10
-2182.1055
 20
-89.2179
 30
0.0
 10
-2182.4013
 20
-89.2179
 30
0.0
 10
-2182.4013
 20
-89.2179
 30
0.0
 10
-2182.4013
 20
-89.2179
 30
0.0
 10
-2182.5287
 20
-88.8105
 30
0.0
 10
-2182.5287
 20
-88.8105
 30
0.0
  0
SPLINE
  5
8D
330
1F
100
AcDbEntity
  8
Layer 1
 62
   240
100
AcDbSpline
210
0.0
220
0.0
230
1.0
 70
    11
 71
     3
 72
    14
 73
    10
 74
     0
 42
0.0000000001
 43
0.0000000001
 40
0.0
 40
0.0
 40
0.0
 40
0.0
 40
0.3333333333333333
 40
0.3333333333333333
 40
0.3333333333333333
 40
0.6666666666666666
 40
0.6666666666666666
 40
0.6666666666666666
 40
1.0
 40
1.0
 40
1.0
 40
1.0
 10
-2182.8595
 20
-88.5659
 30
0.0
 10
-2182.8595
 20
-88.5659
 30
0.0
 10
-2182.6051
 20
-88.5659
 30
0.0
 10
-2182.6051
 20
-88.5659
 30
0.0
 10
-2182.6481
 20
-88.4284
 30
0.0
 10
-2182.6917
 20
-88.2907
 30
0.0
 10
-2182.7324
 20
-88.1523
 30
0.0
 10
-2182.7726
 20
-88.2909
 30
0.0
 10
-2182.8163
 20
-88.4285
 30
0.0
 10
-2182.8595
 20
-88.5659
 30
0.0
  0
SPLINE
  5
8E
330
1F
100
AcDbEntity
  8
Layer 1
 62
   240
100
AcDbSpline
210
0.0
220
0.0
230
1.0
 70
    11
 71
     3
 72
    29
 73
    25
 74
     0
 42
0.0000000001
 43
0.0000000001
 40
0.0
 40
0.0
 40
0.0
 40
0.0
 40
0.125
 40
0.125
 40
0.125
 40
0.25
 40
0.25
 40
0.25
 40
0.375
 40
0.375
 40
0.375
 40
0.5
 40
0.5
 40
0.5
 40
0.625
 40
0.625
 40
0.625
 40
0.75
 40
0.75
 40
0.75
 40
0.875
 40
0.875
 40
0.875
 40
1.0
 40
1.0
 40
1.0
 40
1.0
 10
-2181.928
 20
-88.0247
 30
0.0
 10
-2181.928
 20
-88.0247
 30
0.0
 10
-2182.3325
 20
-88.0247
 30
0.0
 10
-2182.3325
 20
-88.0247
 30
0.0
 10
-2182.3325
 20
-88.0247
 30
0.0
 10
-2182.3325
 20
-87.7716
 30
0.0
 10
-2182.3325
 20
-87.7716
 30
0.0
 10
-2182.3325
 20
-87.7716
 30
0.0
 10
-2181.2441
 20
-87.7716
 30
0.0
 10
-2181.2441
 20
-87.7716
 30
0.0
 10
-2181.2441
 20
-87.7716
 30
0.0
 10
-2181.2441
 20
-88.0247
 30
0.0
 10
-2181.2441
 20
-88.0247
 30
0.0
 10
-2181.2441
 20
-88.0247
 30
0.0
 10
-2181.6488
 20
-88.0247
 30
0.0
 10
-2181.6488
 20
-88.0247
 30
0.0
 10
-2181.6488
 20
-88.0247
 30
0.0
 10
-2181.6488
 20
-89.2179
 30
0.0
 10
-2181.6488
 20
-89.2179
 30
0.0
 10
-2181.6488
 20
-89.2179
 30
0.0
 10
-2181.928
 20
-89.2179
 30
0.0
 10
-2181.928
 20
-89.2179
 30
0.0
 10
-2181.928
 20
-89.2179
 30
0.0
 10
-2181.928
 20
-88.0247
 30
0.0
 10
-2181.928
 20
-88.0247
 30
0.0
  0
SPLINE
  5
8F
330
1F
100
AcDbEntity
  8
Layer 1
 62
   240
100
AcDbSpline
210
0.0
220
0.0
230
1.0
 70
    11
 71
     3
 72
    44
 73
    40
 74
     0
 42
0.0000000001
 43
0.0000000001
 40
0.0
 40
0.0
 40
0.0
 40
0.0
 40
0.0769230769230769
 40
0.0769230769230769
 40
0.0769230769230769
 40
0.1538461538461539
 40
0.1538461538461539
 40
0.1538461538461539
 40
0.2307692307692308
 40
0.2307692307692308
 40
0.2307692307692308
 40
0.3076923076923077
 40
0.3076923076923077
 40
0.3076923076923077
 40
0.3846153846153846
 40
0.3846153846153846
 40
0.3846153846153846
 40
0.4615384615384616
 40
0.4615384615384616
 40
0.4615384615384616
 40
0.5384615384615385
 40
0.5384615384615385
 40
0.5384615384615385
 40
0.6153846153846154
 40
0.6153846153846154
 40
0.6153846153846154
 40
0.6923076923076923
 40
0.6923076923076923
 40
0.6923076923076923
 40
0.7692307692307693
 40
0.7692307692307693
 40
0.7692307692307693
 40
0.8461538461538463
 40
0.8461538461538463
 40
0.8461538461538463
 40
0.9230769230769231
 40
0.9230769230769231
 40
0.9230769230769231
 40
1.0
 40
1.0
 40
1.0
 40
1.0
 10
-2181.1071
 20
-87.7716
 30
0.0
 10
-2181.1071
 20
-87.7716
 30
0.0
 10
-2180.2819
 20
-87.7716
 30
0.0
 10
-2180.2819
 20
-87.7716
 30
0.0
 10
-2180.2819
 20
-87.7716
 30
0.0
 10
-2180.2819
 20
-88.0247
 30
0.0
 10
-2180.2819
 20
-88.0247
 30
0.0
 10
-2180.2819
 20
-88.0247
 30
0.0
 10
-2180.8827
 20
-88.0247
 30
0.0
 10
-2180.8827
 20
-88.0247
 30
0.0
 10
-2180.8827
 20
-88.0247
 30
0.0
 10
-2180.8827
 20
-88.3346
 30
0.0
 10
-2180.8827
 20
-88.3346
 30
0.0
 10
-2180.8827
 20
-88.3346
 30
0.0
 10
-2180.3759
 20
-88.3346
 30
0.0
 10
-2180.3759
 20
-88.3346
 30
0.0
 10
-2180.3759
 20
-88.3346
 30
0.0
 10
-2180.3759
 20
-88.5876
 30
0.0
 10
-2180.3759
 20
-88.5876
 30
0.0
 10
-2180.3759
 20
-88.5876
 30
0.0
 10
-2180.8827
 20
-88.5876
 30
0.0
 10
-2180.8827
 20
-88.5876
 30
0.0
 10
-2180.8827
 20
-88.5876
 30
0.0
 10
-2180.8827
 20
-88.9649
 30
0.0
 10
-2180.8827
 20
-88.9649
 30
0.0
 10
-2180.8827
 20
-88.9649
 30
0.0
 10
-2180.2618
 20
-88.9649
 30
0.0
 10
-2180.2618
 20
-88.9649
 30
0.0
 10
-2180.2618
 20
-88.9649
 30
0.0
 10
-2180.2618
 20
-89.2179
 30
0.0
 10
-2180.2618
 20
-89.2179
 30
0.0
 10
-2180.2618
 20
-89.2179
 30
0.0
 10
-2181.1616
 20
-89.2179
 30
0.0
 10
-2181.1616
 20
-89.2179
 30
0.0
 10
-2181.1616
 20
-89.2179
 30
0.0
 10
-2181.1616
 20
-87.7716
 30
0.0
 10
-2181.1616
 20
-87.7716
 30
0.0
 10
-2181.1616
 20
-87.7716
 30
0.0
 10
-2181.1071
 20
-87.7716
 30
0.0
 10
-2181.1071
 20
-87.7716
 30
0.0
  0
SPLINE
  5
90
330
1F
100
AcDbEntity
  8
Layer 1
 62
   240
100
AcDbSpline
210
0.0
220
0.0
230
1.0
 70
    11
 71
     3
 72
    44
 73
    40
 74
     0
 42
0.0000000001
 43
0.0000000001
 40
0.0
 40
0.0
 40
0.0
 40
0.0
 40
0.0769230769230769
 40
0.0769230769230769
 40
0.0769230769230769
 40
0.1538461538461539
 40
0.1538461538461539
 40
0.1538461538461539
 40
0.2307692307692308
 40
0.2307692307692308
 40
0.2307692307692308
 40
0.3076923076923077
 40
0.3076923076923077
 40
0.3076923076923077
 40
0.3846153846153846
 40
0.3846153846153846
 40
0.3846153846153846
 40
0.4615384615384616
 40
0.4615384615384616
 40
0.4615384615384616
 40
0.5384615384615385
 40
0.5384615384615385
 40
0.5384615384615385
 40
0.6153846153846154
 40
0.6153846153846154
 40
0.6153846153846154
 40
0.6923076923076923
 40
0.6923076923076923
 40
0.6923076923076923
 40
0.7692307692307693
 40
0.7692307692307693
 40
0.7692307692307693
 40
0.8461538461538463
 40
0.8461538461538463
 40
0.8461538461538463
 40
0.9230769230769231
 40
0.9230769230769231
 40
0.9230769230769231
 40
1.0
 40
1.0
 40
1.0
 40
1.0
 10
-2180.0807
 20
-87.7716
 30
0.0
 10
-2180.0807
 20
-87.7716
 30
0.0
 10
-2179.8563
 20
-87.7716
 30
0.0
 10
-2179.8563
 20
-87.7716
 30
0.0
 10
-2179.8563
 20
-87.7716
 30
0.0
 10
-2179.8563
 20
-88.3321
 30
0.0
 10
-2179.8563
 20
-88.3321
 30
0.0
 10
-2179.8563
 20
-88.3321
 30
0.0
 10
-2179.3431
 20
-88.3321
 30
0.0
 10
-2179.3431
 20
-88.3321
 30
0.0
 10
-2179.3431
 20
-88.3321
 30
0.0
 10
-2179.3431
 20
-87.7716
 30
0.0
 10
-2179.3431
 20
-87.7716
 30
0.0
 10
-2179.3431
 20
-87.7716
 30
0.0
 10
-2179.064
 20
-87.7716
 30
0.0
 10
-2179.064
 20
-87.7716
 30
0.0
 10
-2179.064
 20
-87.7716
 30
0.0
 10
-2179.064
 20
-89.2179
 30
0.0
 10
-2179.064
 20
-89.2179
 30
0.0
 10
-2179.064
 20
-89.2179
 30
0.0
 10
-2179.3431
 20
-89.2179
 30
0.0
 10
-2179.3431
 20
-89.2179
 30
0.0
 10
-2179.3431
 20
-89.2179
 30
0.0
 10
-2179.3431
 20
-88.589
 30
0.0
 10
-2179.3431
 20
-88.589
 30
0.0
 10
-2179.3431
 20
-88.589
 30
0.0
 10
-2179.8563
 20
-88.589
 30
0.0
 10
-2179.8563
 20
-88.589
 30
0.0
 10
-2179.8563
 20
-88.589
 30
0.0
 10
-2179.8563
 20
-89.2179
 30
0.0
 10
-2179.8563
 20
-89.2179
 30
0.0
 10
-2179.8563
 20
-89.2179
 30
0.0
 10
-2180.1352
 20
-89.2179
 30
0.0
 10
-2180.1352
 20
-89.2179
 30
0.0
 10
-2180.1352
 20
-89.2179
 30
0.0
 10
-2180.1352
 20
-87.7716
 30
0.0
 10
-2180.1352
 20
-87.7716
 30
0.0
 10
-2180.1352
 20
-87.7716
 30
0.0
 10
-2180.0807
 20
-87.7716
 30
0.0
 10
-2180.0807
 20
-87.7716
 30
0.0
  0
SPLINE
  5
91
330
1F
100
AcDbEntity
  8
Layer 1
 62
   240
100
AcDbSpline
210
0.0
220
0.0
230
1.0
 70
    11
 71
     3
 72
    20
 73
    16
 74
     0
 42
0.0000000001
 43
0.0000000001
 40
0.0
 40
0.0
 40
0.0
 40
0.0
 40
0.2
 40
0.2
 40
0.2
 40
0.4
 40
0.4
 40
0.4
 40
0.6000000000000001
 40
0.6000000000000001
 40
0.6000000000000001
 40
0.8
 40
0.8
 40
0.8
 40
1.0
 40
1.0
 40
1.0
 40
1.0
 10
-2178.7998
 20
-87.7716
 30
0.0
 10
-2178.7998
 20
-87.7716
 30
0.0
 10
-2178.5753
 20
-87.7716
 30
0.0
 10
-2178.5753
 20
-87.7716
 30
0.0
 10
-2178.5753
 20
-87.7716
 30
0.0
 10
-2178.5753
 20
-89.2179
 30
0.0
 10
-2178.5753
 20
-89.2179
 30
0.0
 10
-2178.5753
 20
-89.2179
 30
0.0
 10
-2178.8541
 20
-89.2179
 30
0.0
 10
-2178.8541
 20
-89.2179
 30
0.0
 10
-2178.8541
 20
-89.2179
 30
0.0
 10
-2178.8541
 20
-87.7716
 30
0.0
 10
-2178.8541
 20
-87.7716
 30
0.0
 10
-2178.8541
 20
-87.7716
 30
0.0
 10
-2178.7998
 20
-87.7716
 30
0.0
 10
-2178.7998
 20
-87.7716
 30
0.0
  0
SPLINE
  5
92
330
1F
100
AcDbEntity
  8
Layer 1
 62
   240
100
AcDbSpline
210
0.0
220
0.0
230
1.0
 70
    11
 71
     3
 72
    20
 73
    16
 74
     0
 42
0.0000000001
 43
0.0000000001
 40
0.0
 40
0.0
 40
0.0
 40
0.0
 40
0.2
 40
0.2
 40
0.2
 40
0.4
 40
0.4
 40
0.4
 40
0.6000000000000001
 40
0.6000000000000001
 40
0.6000000000000001
 40
0.8
 40
0.8
 40
0.8
 40
1.0
 40
1.0
 40
1.0
 40
1.0
 10
-2178.4694
 20
-89.2536
 30
0.0
 10
-2178.4694
 20
-89.2536
 30
0.0
 10
-2177.4451
 20
-89.2536
 30
0.0
 10
-2177.4451
 20
-89.2536
 30
0.0
 10
-2177.4451
 20
-89.2536
 30
0.0
 10
-2177.4451
 20
-89.4745
 30
0.0
 10
-2177.4451
 20
-89.4745
 30
0.0
 10
-2177.4451
 20
-89.4745
 30
0.0
 10
-2178.5238
 20
-89.4745
 30
0.0
 10
-2178.5238
 20
-89.4745
 30
0.0
 10
-2178.5238
 20
-89.4745
 30
0.0
 10
-2178.5238
 20
-89.2536
 30
0.0
 10
-2178.5238
 20
-89.2536
 30
0.0
 10
-2178.5238
 20
-89.2536
 30
0.0
 10
-2178.4694
 20
-89.2536
 30
0.0
 10
-2178.4694
 20
-89.2536
 30
0.0
  0
SPLINE
  5
93
330
1F
100
AcDbEntity
  8
Layer 1
 62
   240
100
AcDbSpline
210
0.0
220
0.0
230
1.0
 70
    11
 71
     3
 72
    80
 73
    76
 74
     0
 42
0.0000000001
 43
0.0000000001
 40
0.0
 40
0.0
 40
0.0
 40
0.0
 40
0.04
 40
0.04
 40
0.04
 40
0.08
 40
0.08
 40
0.08
 40
0.12
 40
0.12
 40
0.12
 40
0.16
 40
0.16
 40
0.16
 40
0.2
 40
0.2
 40
0.2
 40
0.24
 40
0.24
 40
0.24
 40
0.28
 40
0.28
 40
0.28
 40
0.32
 40
0.32
 40
0.32
 40
0.36
 40
0.36
 40
0.36
 40
0.4
 40
0.4
 40
0.4
 40
0.44
 40
0.44
 40
0.44
 40
0.48
 40
0.48
 40
0.48
 40
0.52
 40
0.52
 40
0.52
 40
0.56
 40
0.56
 40
0.56
 40
0.6
 40
0.6
 40
0.6
 40
0.64
 40
0.64
 40
0.64
 40
0.68
 40
0.68
 40
0.68
 40
0.72
 40
0.72
 40
0.72
 40
0.76
 40
0.76
 40
0.76
 40
0.8
 40
0.8
 40
0.8
 40
0.84
 40
0.84
 40
0.84
 40
0.88
 40
0.88
 40
0.88
 40
0.92
 40
0.92
 40
0.92
 40
0.96
 40
0.96
 40
0.96
 40
1.0
 40
1.0
 40
1.0
 40
1.0
 10
-2177.4716
 20
-88.4958
 30
0.0
 10
-2177.4716
 20
-88.2705
 30
0.0
 10
-2177.4039
 20
-88.0869
 30
0.0
 10
-2177.2898
 20
-87.9578
 30
0.0
 10
-2177.1698
 20
-87.8224
 30
0.0
 10
-2176.9999
 20
-87.7476
 30
0.0
 10
-2176.8034
 20
-87.7476
 30
0.0
 10
-2176.7018
 20
-87.7476
 30
0.0
 10
-2176.6169
 20
-87.7707
 30
0.0
 10
-2176.5467
 20
-87.805
 30
0.0
 10
-2176.477
 20
-87.839
 30
0.0
 10
-2176.4219
 20
-87.8843
 30
0.0
 10
-2176.379
 20
-87.9285
 30
0.0
 10
-2176.379
 20
-87.9285
 30
0.0
 10
-2176.3449
 20
-87.9635
 30
0.0
 10
-2176.3449
 20
-87.9635
 30
0.0
 10
-2176.3449
 20
-87.9635
 30
0.0
 10
-2176.5078
 20
-88.1586
 30
0.0
 10
-2176.5078
 20
-88.1586
 30
0.0
 10
-2176.5078
 20
-88.1586
 30
0.0
 10
-2176.5498
 20
-88.1153
 30
0.0
 10
-2176.5498
 20
-88.1153
 30
0.0
 10
-2176.5798
 20
-88.0844
 30
0.0
 10
-2176.6137
 20
-88.0561
 30
0.0
 10
-2176.6535
 20
-88.0368
 30
0.0
 10
-2176.6932
 20
-88.0175
 30
0.0
 10
-2176.7405
 20
-88.0056
 30
0.0
 10
-2176.7988
 20
-88.0056
 30
0.0
 10
-2176.9169
 20
-88.0056
 30
0.0
 10
-2177.0139
 20
-88.0507
 30
0.0
 10
-2177.0803
 20
-88.1317
 30
0.0
 10
-2177.1487
 20
-88.215
 30
0.0
 10
-2177.1873
 20
-88.3383
 30
0.0
 10
-2177.1873
 20
-88.4913
 30
0.0
 10
-2177.1873
 20
-88.6486
 30
0.0
 10
-2177.1508
 20
-88.7751
 30
0.0
 10
-2177.082
 20
-88.8598
 30
0.0
 10
-2177.0172
 20
-88.9396
 30
0.0
 10
-2176.9209
 20
-88.9842
 30
0.0
 10
-2176.7973
 20
-88.9842
 30
0.0
 10
-2176.7546
 20
-88.9842
 30
0.0
 10
-2176.7126
 20
-88.9775
 30
0.0
 10
-2176.6763
 20
-88.9657
 30
0.0
 10
-2176.6514
 20
-88.9575
 30
0.0
 10
-2176.6289
 20
-88.9469
 30
0.0
 10
-2176.6106
 20
-88.9342
 30
0.0
 10
-2176.6106
 20
-88.9342
 30
0.0
 10
-2176.6106
 20
-88.6662
 30
0.0
 10
-2176.6106
 20
-88.6662
 30
0.0
 10
-2176.6106
 20
-88.6662
 30
0.0
 10
-2176.894
 20
-88.6662
 30
0.0
 10
-2176.894
 20
-88.6662
 30
0.0
 10
-2176.894
 20
-88.6662
 30
0.0
 10
-2176.894
 20
-88.4161
 30
0.0
 10
-2176.894
 20
-88.4161
 30
0.0
 10
-2176.894
 20
-88.4161
 30
0.0
 10
-2176.3467
 20
-88.4161
 30
0.0
 10
-2176.3467
 20
-88.4161
 30
0.0
 10
-2176.3467
 20
-88.4161
 30
0.0
 10
-2176.3467
 20
-89.0327
 30
0.0
 10
-2176.3467
 20
-89.0327
 30
0.0
 10
-2176.3467
 20
-89.0327
 30
0.0
 10
-2176.362
 20
-89.0701
 30
0.0
 10
-2176.362
 20
-89.0701
 30
0.0
 10
-2176.4122
 20
-89.1227
 30
0.0
 10
-2176.4806
 20
-89.1677
 30
0.0
 10
-2176.5619
 20
-89.1984
 30
0.0
 10
-2176.6354
 20
-89.2262
 30
0.0
 10
-2176.7206
 20
-89.2427
 30
0.0
 10
-2176.8133
 20
-89.2427
 30
0.0
 10
-2177.0089
 20
-89.2427
 30
0.0
 10
-2177.1764
 20
-89.169
 30
0.0
 10
-2177.2942
 20
-89.0342
 30
0.0
 10
-2177.4059
 20
-88.906
 30
0.0
 10
-2177.4716
 20
-88.7228
 30
0.0
 10
-2177.4716
 20
-88.4958
 30
0.0
  0
SPLINE
  5
94
330
1F
100
AcDbEntity
  8
Layer 1
 62
   240
100
AcDbSpline
210
0.0
220
0.0
230
1.0
 70
    11
 71
     3
 72
    29
 73
    25
 74
     0
 42
0.0000000001
 43
0.0000000001
 40
0.0
 40
0.0
 40
0.0
 40
0.0
 40
0.125
 40
0.125
 40
0.125
 40
0.25
 40
0.25
 40
0.25
 40
0.375
 40
0.375
 40
0.375
 40
0.5
 40
0.5
 40
0.5
 40
0.625
 40
0.625
 40
0.625
 40
0.75
 40
0.75
 40
0.75
 40
0.875
 40
0.875
 40
0.875
 40
1.0
 40
1.0
 40
1.0
 40
1.0
 10
-2176.2615
 20
-88.4899
 30
0.0
 10
-2176.2615
 20
-88.2656
 30
0.0
 10
-2176.1997
 20
-88.0834
 30
0.0
 10
-2176.0936
 20
-87.9556
 30
0.0
 10
-2175.9824
 20
-87.8213
 30
0.0
 10
-2175.8227
 20
-87.7476
 30
0.0
 10
-2175.6359
 20
-87.7476
 30
0.0
 10
-2175.449
 20
-87.7476
 30
0.0
 10
-2175.2898
 20
-87.8216
 30
0.0
 10
-2175.1781
 20
-87.956
 30
0.0
 10
-2175.0716
 20
-88.0839
 30
0.0
 10
-2175.0098
 20
-88.2661
 30
0.0
 10
-2175.0098
 20
-88.4899
 30
0.0
 10
-2175.0098
 20
-88.7148
 30
0.0
 10
-2175.0719
 20
-88.8998
 30
0.0
 10
-2175.1787
 20
-89.0301
 30
0.0
 10
-2175.2902
 20
-89.1664
 30
0.0
 10
-2175.4491
 20
-89.2427
 30
0.0
 10
-2175.6359
 20
-89.2427
 30
0.0
 10
-2175.8223
 20
-89.2427
 30
0.0
 10
-2175.9815
 20
-89.1665
 30
0.0
 10
-2176.0928
 20
-89.0303
 30
0.0
 10
-2176.1996
 20
-88.9
 30
0.0
 10
-2176.2615
 20
-88.7148
 30
0.0
 10
-2176.2615
 20
-88.4899
 30
0.0
  0
SPLINE
  5
95
330
1F
100
AcDbEntity
  8
Layer 1
 62
   240
100
AcDbSpline
210
0.0
220
0.0
230
1.0
 70
    11
 71
     3
 72
    29
 73
    25
 74
     0
 42
0.0000000001
 43
0.0000000001
 40
0.0
 40
0.0
 40
0.0
 40
0.0
 40
0.125
 40
0.125
 40
0.125
 40
0.25
 40
0.25
 40
0.25
 40
0.375
 40
0.375
 40
0.375
 40
0.5
 40
0.5
 40
0.5
 40
0.625
 40
0.625
 40
0.625
 40
0.75
 40
0.75
 40
0.75
 40
0.875
 40
0.875
 40
0.875
 40
1.0
 40
1.0
 40
1.0
 40
1.0
 10
-2175.2943
 20
-88.4899
 30
0.0
 10
-2175.2943
 20
-88.3364
 30
0.0
 10
-2175.3292
 20
-88.213
 30
0.0
 10
-2175.3909
 20
-88.1296
 30
0.0
 10
-2175.4495
 20
-88.0499
 30
0.0
 10
-2175.534
 20
-88.0056
 30
0.0
 10
-2175.6359
 20
-88.0056
 30
0.0
 10
-2175.7379
 20
-88.0056
 30
0.0
 10
-2175.8223
 20
-88.0499
 30
0.0
 10
-2175.8806
 20
-88.1294
 30
0.0
 10
-2175.9422
 20
-88.2129
 30
0.0
 10
-2175.9771
 20
-88.3364
 30
0.0
 10
-2175.9771
 20
-88.4899
 30
0.0
 10
-2175.9771
 20
-88.6447
 30
0.0
 10
-2175.9418
 20
-88.7708
 30
0.0
 10
-2175.8795
 20
-88.8569
 30
0.0
 10
-2175.8211
 20
-88.9381
 30
0.0
 10
-2175.7371
 20
-88.9842
 30
0.0
 10
-2175.6359
 20
-88.9842
 30
0.0
 10
-2175.5347
 20
-88.9842
 30
0.0
 10
-2175.4506
 20
-88.938
 30
0.0
 10
-2175.392
 20
-88.8568
 30
0.0
 10
-2175.3298
 20
-88.7708
 30
0.0
 10
-2175.2943
 20
-88.6446
 30
0.0
 10
-2175.2943
 20
-88.4899
 30
0.0
  0
SPLINE
  5
96
330
1F
100
AcDbEntity
  8
Layer 1
 62
   240
100
AcDbSpline
210
0.0
220
0.0
230
1.0
 70
    11
 71
     3
 72
    26
 73
    22
 74
     0
 42
0.0000000001
 43
0.0000000001
 40
0.0
 40
0.0
 40
0.0
 40
0.0
 40
0.1428571428571428
 40
0.1428571428571428
 40
0.1428571428571428
 40
0.2857142857142857
 40
0.2857142857142857
 40
0.2857142857142857
 40
0.4285714285714285
 40
0.4285714285714285
 40
0.4285714285714285
 40
0.5714285714285714
 40
0.5714285714285714
 40
0.5714285714285714
 40
0.7142857142857142
 40
0.7142857142857142
 40
0.7142857142857142
 40
0.8571428571428571
 40
0.8571428571428571
 40
0.8571428571428571
 40
1.0
 40
1.0
 40
1.0
 40
1.0
 10
-2174.8247
 20
-87.7716
 30
0.0
 10
-2174.8247
 20
-87.7716
 30
0.0
 10
-2174.5997
 20
-87.7716
 30
0.0
 10
-2174.5997
 20
-87.7716
 30
0.0
 10
-2174.5997
 20
-87.7716
 30
0.0
 10
-2174.5997
 20
-88.9649
 30
0.0
 10
-2174.5997
 20
-88.9649
 30
0.0
 10
-2174.5997
 20
-88.9649
 30
0.0
 10
-2174.0165
 20
-88.9649
 30
0.0
 10
-2174.0165
 20
-88.9649
 30
0.0
 10
-2174.0165
 20
-88.9649
 30
0.0
 10
-2174.0165
 20
-89.2179
 30
0.0
 10
-2174.0165
 20
-89.2179
 30
0.0
 10
-2174.0165
 20
-89.2179
 30
0.0
 10
-2174.8791
 20
-89.2179
 30
0.0
 10
-2174.8791
 20
-89.2179
 30
0.0
 10
-2174.8791
 20
-89.2179
 30
0.0
 10
-2174.8791
 20
-87.7716
 30
0.0
 10
-2174.8791
 20
-87.7716
 30
0.0
 10
-2174.8791
 20
-87.7716
 30
0.0
 10
-2174.8247
 20
-87.7716
 30
0.0
 10
-2174.8247
 20
-87.7716
 30
0.0
  0
SPLINE
  5
97
330
1F
100
AcDbEntity
  8
Layer 1
 62
   240
100
AcDbSpline
210
0.0
220
0.0
230
1.0
 70
    11
 71
     3
 72
    29
 73
    25
 74
     0
 42
0.0000000001
 43
0.0000000001
 40
0.0
 40
0.0
 40
0.0
 40
0.0
 40
0.125
 40
0.125
 40
0.125
 40
0.25
 40
0.25
 40
0.25
 40
0.375
 40
0.375
 40
0.375
 40
0.5
 40
0.5
 40
0.5
 40
0.625
 40
0.625
 40
0.625
 40
0.75
 40
0.75
 40
0.75
 40
0.875
 40
0.875
 40
0.875
 40
1.0
 40
1.0
 40
1.0
 40
1.0
 10
-2173.8815
 20
-87.7716
 30
0.0
 10
-2173.8815
 20
-87.7716
 30
0.0
 10
-2173.5469
 20
-87.7716
 30
0.0
 10
-2173.5469
 20
-87.7716
 30
0.0
 10
-2173.3266
 20
-87.7716
 30
0.0
 10
-2173.1557
 20
-87.8369
 30
0.0
 10
-2173.0385
 20
-87.9596
 30
0.0
 10
-2172.9215
 20
-88.083
 30
0.0
 10
-2172.8606
 20
-88.2622
 30
0.0
 10
-2172.8606
 20
-88.4899
 30
0.0
 10
-2172.8606
 20
-88.7177
 30
0.0
 10
-2172.9215
 20
-88.8997
 30
0.0
 10
-2173.038
 20
-89.0253
 30
0.0
 10
-2173.1544
 20
-89.1503
 30
0.0
 10
-2173.3232
 20
-89.2179
 30
0.0
 10
-2173.5394
 20
-89.2179
 30
0.0
 10
-2173.5394
 20
-89.2179
 30
0.0
 10
-2173.9358
 20
-89.2179
 30
0.0
 10
-2173.9358
 20
-89.2179
 30
0.0
 10
-2173.9358
 20
-89.2179
 30
0.0
 10
-2173.9358
 20
-87.7716
 30
0.0
 10
-2173.9358
 20
-87.7716
 30
0.0
 10
-2173.9358
 20
-87.7716
 30
0.0
 10
-2173.8815
 20
-87.7716
 30
0.0
 10
-2173.8815
 20
-87.7716
 30
0.0
  0
SPLINE
  5
98
330
1F
100
AcDbEntity
  8
Layer 1
 62
   240
100
AcDbSpline
210
0.0
220
0.0
230
1.0
 70
    11
 71
     3
 72
    23
 73
    19
 74
     0
 42
0.0000000001
 43
0.0000000001
 40
0.0
 40
0.0
 40
0.0
 40
0.0
 40
0.1666666666666667
 40
0.1666666666666667
 40
0.1666666666666667
 40
0.3333333333333333
 40
0.3333333333333333
 40
0.3333333333333333
 40
0.5
 40
0.5
 40
0.5
 40
0.6666666666666666
 40
0.6666666666666666
 40
0.6666666666666666
 40
0.8333333333333333
 40
0.8333333333333333
 40
0.8333333333333333
 40
1.0
 40
1.0
 40
1.0
 40
1.0
 10
-2173.5592
 20
-88.9694
 30
0.0
 10
-2173.42
 20
-88.9694
 30
0.0
 10
-2173.3166
 20
-88.927
 30
0.0
 10
-2173.2495
 20
-88.8484
 30
0.0
 10
-2173.1803
 20
-88.7676
 30
0.0
 10
-2173.1456
 20
-88.6458
 30
0.0
 10
-2173.1456
 20
-88.4899
 30
0.0
 10
-2173.1456
 20
-88.187
 30
0.0
 10
-2173.2834
 20
-88.0202
 30
0.0
 10
-2173.5592
 20
-88.0202
 30
0.0
 10
-2173.5592
 20
-88.0202
 30
0.0
 10
-2173.6568
 20
-88.0202
 30
0.0
 10
-2173.6568
 20
-88.0202
 30
0.0
 10
-2173.6568
 20
-88.0202
 30
0.0
 10
-2173.6568
 20
-88.9694
 30
0.0
 10
-2173.6568
 20
-88.9694
 30
0.0
 10
-2173.6568
 20
-88.9694
 30
0.0
 10
-2173.5592
 20
-88.9694
 30
0.0
 10
-2173.5592
 20
-88.9694
 30
0.0
  0
SPLINE
  5
99
330
1F
100
AcDbEntity
  8
Layer 1
 62
   240
100
AcDbSpline
210
0.0
220
0.0
230
1.0
 70
    11
 71
     3
 72
    20
 73
    16
 74
     0
 42
0.0000000001
 43
0.0000000001
 40
0.0
 40
0.0
 40
0.0
 40
0.0
 40
0.2
 40
0.2
 40
0.2
 40
0.4
 40
0.4
 40
0.4
 40
0.6000000000000001
 40
0.6000000000000001
 40
0.6000000000000001
 40
0.8
 40
0.8
 40
0.8
 40
1.0
 40
1.0
 40
1.0
 40
1.0
 10
-2172.8343
 20
-89.2536
 30
0.0
 10
-2172.8343
 20
-89.2536
 30
0.0
 10
-2171.8099
 20
-89.2536
 30
0.0
 10
-2171.8099
 20
-89.2536
 30
0.0
 10
-2171.8099
 20
-89.2536
 30
0.0
 10
-2171.8099
 20
-89.4745
 30
0.0
 10
-2171.8099
 20
-89.4745
 30
0.0
 10
-2171.8099
 20
-89.4745
 30
0.0
 10
-2172.8888
 20
-89.4745
 30
0.0
 10
-2172.8888
 20
-89.4745
 30
0.0
 10
-2172.8888
 20
-89.4745
 30
0.0
 10
-2172.8888
 20
-89.2536
 30
0.0
 10
-2172.8888
 20
-89.2536
 30
0.0
 10
-2172.8888
 20
-89.2536
 30
0.0
 10
-2172.8343
 20
-89.2536
 30
0.0
 10
-2172.8343
 20
-89.2536
 30
0.0
  0
SPLINE
  5
9A
330
1F
100
AcDbEntity
  8
Layer 1
 62
   240
100
AcDbSpline
210
0.0
220
0.0
230
1.0
 70
    11
 71
     3
 72
    50
 73
    46
 74
     0
 42
0.0000000001
 43
0.0000000001
 40
0.0
 40
0.0
 40
0.0
 40
0.0
 40
0.0666666666666667
 40
0.0666666666666667
 40
0.0666666666666667
 40
0.1333333333333333
 40
0.1333333333333333
 40
0.1333333333333333
 40
0.2
 40
0.2
 40
0.2
 40
0.2666666666666667
 40
0.2666666666666667
 40
0.2666666666666667
 40
0.3333333333333333
 40
0.3333333333333333
 40
0.3333333333333333
 40
0.4
 40
0.4
 40
0.4
 40
0.4666666666666667
 40
0.4666666666666667
 40
0.4666666666666667
 40
0.5333333333333333
 40
0.5333333333333333
 40
0.5333333333333333
 40
0.6
 40
0.6
 40
0.6
 40
0.6666666666666666
 40
0.6666666666666666
 40
0.6666666666666666
 40
0.7333333333333333
 40
0.7333333333333333
 40
0.7333333333333333
 40
0.8
 40
0.8
 40
0.8
 40
0.8666666666666667
 40
0.8666666666666667
 40
0.8666666666666667
 40
0.9333333333333333
 40
0.9333333333333333
 40
0.9333333333333333
 40
1.0
 40
1.0
 40
1.0
 40
1.0
 10
-2171.855
 20
-88.9304
 30
0.0
 10
-2171.855
 20
-88.9304
 30
0.0
 10
-2171.6853
 20
-88.81
 30
0.0
 10
-2171.6853
 20
-88.81
 30
0.0
 10
-2171.6853
 20
-88.81
 30
0.0
 10
-2171.6559
 20
-88.862
 30
0.0
 10
-2171.6559
 20
-88.862
 30
0.0
 10
-2171.6304
 20
-88.907
 30
0.0
 10
-2171.6023
 20
-88.9383
 30
0.0
 10
-2171.5714
 20
-88.9575
 30
0.0
 10
-2171.5424
 20
-88.9759
 30
0.0
 10
-2171.509
 20
-88.9842
 30
0.0
 10
-2171.4713
 20
-88.9842
 30
0.0
 10
-2171.4172
 20
-88.9842
 30
0.0
 10
-2171.3779
 20
-88.9702
 30
0.0
 10
-2171.3541
 20
-88.9396
 30
0.0
 10
-2171.3262
 20
-88.9038
 30
0.0
 10
-2171.3122
 20
-88.8434
 30
0.0
 10
-2171.3122
 20
-88.7542
 30
0.0
 10
-2171.3122
 20
-88.7542
 30
0.0
 10
-2171.3122
 20
-87.7716
 30
0.0
 10
-2171.3122
 20
-87.7716
 30
0.0
 10
-2171.3122
 20
-87.7716
 30
0.0
 10
-2171.033
 20
-87.7716
 30
0.0
 10
-2171.033
 20
-87.7716
 30
0.0
 10
-2171.033
 20
-87.7716
 30
0.0
 10
-2171.033
 20
-88.7698
 30
0.0
 10
-2171.033
 20
-88.7698
 30
0.0
 10
-2171.033
 20
-88.9053
 30
0.0
 10
-2171.0674
 20
-89.0286
 30
0.0
 10
-2171.1439
 20
-89.1154
 30
0.0
 10
-2171.2135
 20
-89.1944
 30
0.0
 10
-2171.3161
 20
-89.2427
 30
0.0
 10
-2171.4561
 20
-89.2427
 30
0.0
 10
-2171.5505
 20
-89.2427
 30
0.0
 10
-2171.6322
 20
-89.2214
 30
0.0
 10
-2171.7016
 20
-89.1804
 30
0.0
 10
-2171.7711
 20
-89.1396
 30
0.0
 10
-2171.8277
 20
-89.0791
 30
0.0
 10
-2171.8711
 20
-89.0009
 30
0.0
 10
-2171.8711
 20
-89.0009
 30
0.0
 10
-2171.8948
 20
-88.9583
 30
0.0
 10
-2171.8948
 20
-88.9583
 30
0.0
 10
-2171.8948
 20
-88.9583
 30
0.0
 10
-2171.855
 20
-88.9304
 30
0.0
 10
-2171.855
 20
-88.9304
 30
0.0
  0
SPLINE
  5
9B
330
1F
100
AcDbEntity
  8
Layer 1
 62
   240
100
AcDbSpline
210
0.0
220
0.0
230
1.0
 70
    11
 71
     3
 72
   101
 73
    97
 74
     0
 42
0.0000000001
 43
0.0000000001
 40
0.0
 40
0.0
 40
0.0
 40
0.0
 40
0.03125
 40
0.03125
 40
0.03125
 40
0.0625
 40
0.0625
 40
0.0625
 40
0.09375
 40
0.09375
 40
0.09375
 40
0.125
 40
0.125
 40
0.125
 40
0.15625
 40
0.15625
 40
0.15625
 40
0.1875
 40
0.1875
 40
0.1875
 40
0.21875
 40
0.21875
 40
0.21875
 40
0.25
 40
0.25
 40
0.25
 40
0.28125
 40
0.28125
 40
0.28125
 40
0.3125
 40
0.3125
 40
0.3125
 40
0.34375
 40
0.34375
 40
0.34375
 40
0.375
 40
0.375
 40
0.375
 40
0.40625
 40
0.40625
 40
0.40625
 40
0.4375
 40
0.4375
 40
0.4375
 40
0.46875
 40
0.46875
 40
0.46875
 40
0.5
 40
0.5
 40
0.5
 40
0.53125
 40
0.53125
 40
0.53125
 40
0.5625
 40
0.5625
 40
0.5625
 40
0.59375
 40
0.59375
 40
0.59375
 40
0.625
 40
0.625
 40
0.625
 40
0.65625
 40
0.65625
 40
0.65625
 40
0.6875
 40
0.6875
 40
0.6875
 40
0.71875
 40
0.71875
 40
0.71875
 40
0.75
 40
0.75
 40
0.75
 40
0.78125
 40
0.78125
 40
0.78125
 40
0.8125
 40
0.8125
 40
0.8125
 40
0.84375
 40
0.84375
 40
0.84375
 40
0.875
 40
0.875
 40
0.875
 40
0.90625
 40
0.90625
 40
0.90625
 40
0.9375
 40
0.9375
 40
0.9375
 40
0.96875
 40
0.96875
 40
0.96875
 40
1.0
 40
1.0
 40
1.0
 40
1.0
 10
-2169.8839
 20
-87.7716
 30
0.0
 10
-2169.8839
 20
-87.7716
 30
0.0
 10
-2169.6631
 20
-87.7716
 30
0.0
 10
-2169.6631
 20
-87.7716
 30
0.0
 10
-2169.6631
 20
-87.7716
 30
0.0
 10
-2169.5145
 20
-88.5442
 30
0.0
 10
-2169.5145
 20
-88.5442
 30
0.0
 10
-2169.5145
 20
-88.5442
 30
0.0
 10
-2169.4813
 20
-88.727
 30
0.0
 10
-2169.4813
 20
-88.727
 30
0.0
 10
-2169.4101
 20
-88.4063
 30
0.0
 10
-2169.3261
 20
-88.0899
 30
0.0
 10
-2169.2438
 20
-87.7716
 30
0.0
 10
-2169.2438
 20
-87.7716
 30
0.0
 10
-2169.0056
 20
-87.7716
 30
0.0
 10
-2169.0056
 20
-87.7716
 30
0.0
 10
-2169.0056
 20
-87.7716
 30
0.0
 10
-2168.809
 20
-88.541
 30
0.0
 10
-2168.809
 20
-88.541
 30
0.0
 10
-2168.809
 20
-88.541
 30
0.0
 10
-2168.7671
 20
-88.7267
 30
0.0
 10
-2168.7671
 20
-88.7267
 30
0.0
 10
-2168.7671
 20
-88.7267
 30
0.0
 10
-2168.7353
 20
-88.5451
 30
0.0
 10
-2168.7353
 20
-88.5451
 30
0.0
 10
-2168.7353
 20
-88.5451
 30
0.0
 10
-2168.5857
 20
-87.7716
 30
0.0
 10
-2168.5857
 20
-87.7716
 30
0.0
 10
-2168.5857
 20
-87.7716
 30
0.0
 10
-2168.3098
 20
-87.7716
 30
0.0
 10
-2168.3098
 20
-87.7716
 30
0.0
 10
-2168.3098
 20
-87.7716
 30
0.0
 10
-2168.6095
 20
-89.2179
 30
0.0
 10
-2168.6095
 20
-89.2179
 30
0.0
 10
-2168.6095
 20
-89.2179
 30
0.0
 10
-2168.9004
 20
-89.2179
 30
0.0
 10
-2168.9004
 20
-89.2179
 30
0.0
 10
-2168.9778
 20
-88.912
 30
0.0
 10
-2169.0637
 20
-88.6028
 30
0.0
 10
-2169.1302
 20
-88.295
 30
0.0
 10
-2169.1302
 20
-88.295
 30
0.0
 10
-2169.1474
 20
-88.3713
 30
0.0
 10
-2169.1474
 20
-88.3713
 30
0.0
 10
-2169.1474
 20
-88.3713
 30
0.0
 10
-2169.3561
 20
-89.2179
 30
0.0
 10
-2169.3561
 20
-89.2179
 30
0.0
 10
-2169.3561
 20
-89.2179
 30
0.0
 10
-2169.6436
 20
-89.2179
 30
0.0
 10
-2169.6436
 20
-89.2179
 30
0.0
 10
-2169.6436
 20
-89.2179
 30
0.0
 10
-2169.9484
 20
-87.7823
 30
0.0
 10
-2169.9484
 20
-87.7823
 30
0.0
 10
-2169.9484
 20
-87.7823
 30
0.0
 10
-2169.9484
 20
-88.0247
 30
0.0
 10
-2169.9484
 20
-88.0247
 30
0.0
 10
-2169.9484
 20
-88.0247
 30
0.0
 10
-2170.5489
 20
-88.0247
 30
0.0
 10
-2170.5489
 20
-88.0247
 30
0.0
 10
-2170.5489
 20
-88.0247
 30
0.0
 10
-2170.5489
 20
-88.3346
 30
0.0
 10
-2170.5489
 20
-88.3346
 30
0.0
 10
-2170.5489
 20
-88.3346
 30
0.0
 10
-2170.0425
 20
-88.3346
 30
0.0
 10
-2170.0425
 20
-88.3346
 30
0.0
 10
-2170.0425
 20
-88.3346
 30
0.0
 10
-2170.0425
 20
-88.5876
 30
0.0
 10
-2170.0425
 20
-88.5876
 30
0.0
 10
-2170.0425
 20
-88.5876
 30
0.0
 10
-2170.5489
 20
-88.5876
 30
0.0
 10
-2170.5489
 20
-88.5876
 30
0.0
 10
-2170.5489
 20
-88.5876
 30
0.0
 10
-2170.5489
 20
-88.9649
 30
0.0
 10
-2170.5489
 20
-88.9649
 30
0.0
 10
-2170.5489
 20
-88.9649
 30
0.0
 10
-2169.9283
 20
-88.9649
 30
0.0
 10
-2169.9283
 20
-88.9649
 30
0.0
 10
-2169.9283
 20
-88.9649
 30
0.0
 10
-2169.9283
 20
-89.2179
 30
0.0
 10
-2169.9283
 20
-89.2179
 30
0.0
 10
-2169.9283
 20
-89.2179
 30
0.0
 10
-2170.8283
 20
-89.2179
 30
0.0
 10
-2170.8283
 20
-89.2179
 30
0.0
 10
-2170.8283
 20
-89.2179
 30
0.0
 10
-2170.8283
 20
-87.7716
 30
0.0
 10
-2170.8283
 20
-87.7716
 30
0.0
 10
-2170.8283
 20
-87.7716
 30
0.0
 10
-2170.774
 20
-87.7716
 30
0.0
 10
-2170.774
 20
-87.7716
 30
0.0
 10
-2170.774
 20
-87.7716
 30
0.0
 10
-2169.9509
 20
-87.7716
 30
0.0
 10
-2169.9509
 20
-87.7716
 30
0.0
 10
-2169.9509
 20
-87.7716
 30
0.0
 10
-2169.9484
 20
-87.7716
 30
0.0
 10
-2169.9484
 20
-87.7716
 30
0.0
 10
-2169.9484
 20
-87.7716
 30
0.0
 10
-2169.8839
 20
-87.7716
 30
0.0
 10
-2169.8839
 20
-87.7716
 30
0.0
  0
SPLINE
  5
9C
330
1F
100
AcDbEntity
  8
Layer 1
 62
   240
100
AcDbSpline
210
0.0
220
0.0
230
1.0
 70
    11
 71
     3
 72
    44
 73
    40
 74
     0
 42
0.0000000001
 43
0.0000000001
 40
0.0
 40
0.0
 40
0.0
 40
0.0
 40
0.0769230769230769
 40
0.0769230769230769
 40
0.0769230769230769
 40
0.1538461538461539
 40
0.1538461538461539
 40
0.1538461538461539
 40
0.2307692307692308
 40
0.2307692307692308
 40
0.2307692307692308
 40
0.3076923076923077
 40
0.3076923076923077
 40
0.3076923076923077
 40
0.3846153846153846
 40
0.3846153846153846
 40
0.3846153846153846
 40
0.4615384615384616
 40
0.4615384615384616
 40
0.4615384615384616
 40
0.5384615384615385
 40
0.5384615384615385
 40
0.5384615384615385
 40
0.6153846153846154
 40
0.6153846153846154
 40
0.6153846153846154
 40
0.6923076923076923
 40
0.6923076923076923
 40
0.6923076923076923
 40
0.7692307692307693
 40
0.7692307692307693
 40
0.7692307692307693
 40
0.8461538461538463
 40
0.8461538461538463
 40
0.8461538461538463
 40
0.9230769230769231
 40
0.9230769230769231
 40
0.9230769230769231
 40
1.0
 40
1.0
 40
1.0
 40
1.0
 10
-2168.1935
 20
-87.7716
 30
0.0
 10
-2168.1935
 20
-87.7716
 30
0.0
 10
-2167.368
 20
-87.7716
 30
0.0
 10
-2167.368
 20
-87.7716
 30
0.0
 10
-2167.368
 20
-87.7716
 30
0.0
 10
-2167.368
 20
-88.0247
 30
0.0
 10
-2167.368
 20
-88.0247
 30
0.0
 10
-2167.368
 20
-88.0247
 30
0.0
 10
-2167.9688
 20
-88.0247
 30
0.0
 10
-2167.9688
 20
-88.0247
 30
0.0
 10
-2167.9688
 20
-88.0247
 30
0.0
 10
-2167.9688
 20
-88.3346
 30
0.0
 10
-2167.9688
 20
-88.3346
 30
0.0
 10
-2167.9688
 20
-88.3346
 30
0.0
 10
-2167.4626
 20
-88.3346
 30
0.0
 10
-2167.4626
 20
-88.3346
 30
0.0
 10
-2167.4626
 20
-88.3346
 30
0.0
 10
-2167.4626
 20
-88.5876
 30
0.0
 10
-2167.4626
 20
-88.5876
 30
0.0
 10
-2167.4626
 20
-88.5876
 30
0.0
 10
-2167.9688
 20
-88.5876
 30
0.0
 10
-2167.9688
 20
-88.5876
 30
0.0
 10
-2167.9688
 20
-88.5876
 30
0.0
 10
-2167.9688
 20
-88.9649
 30
0.0
 10
-2167.9688
 20
-88.9649
 30
0.0
 10
-2167.9688
 20
-88.9649
 30
0.0
 10
-2167.3478
 20
-88.9649
 30
0.0
 10
-2167.3478
 20
-88.9649
 30
0.0
 10
-2167.3478
 20
-88.9649
 30
0.0
 10
-2167.3478
 20
-89.2179
 30
0.0
 10
-2167.3478
 20
-89.2179
 30
0.0
 10
-2167.3478
 20
-89.2179
 30
0.0
 10
-2168.2478
 20
-89.2179
 30
0.0
 10
-2168.2478
 20
-89.2179
 30
0.0
 10
-2168.2478
 20
-89.2179
 30
0.0
 10
-2168.2478
 20
-87.7716
 30
0.0
 10
-2168.2478
 20
-87.7716
 30
0.0
 10
-2168.2478
 20
-87.7716
 30
0.0
 10
-2168.1935
 20
-87.7716
 30
0.0
 10
-2168.1935
 20
-87.7716
 30
0.0
  0
SPLINE
  5
9D
330
1F
100
AcDbEntity
  8
Layer 1
 62
   240
100
AcDbSpline
210
0.0
220
0.0
230
1.0
 70
    11
 71
     3
 72
    26
 73
    22
 74
     0
 42
0.0000000001
 43
0.0000000001
 40
0.0
 40
0.0
 40
0.0
 40
0.0
 40
0.1428571428571428
 40
0.1428571428571428
 40
0.1428571428571428
 40
0.2857142857142857
 40
0.2857142857142857
 40
0.2857142857142857
 40
0.4285714285714285
 40
0.4285714285714285
 40
0.4285714285714285
 40
0.5714285714285714
 40
0.5714285714285714
 40
0.5714285714285714
 40
0.7142857142857142
 40
0.7142857142857142
 40
0.7142857142857142
 40
0.8571428571428571
 40
0.8571428571428571
 40
0.8571428571428571
 40
1.0
 40
1.0
 40
1.0
 40
1.0
 10
-2167.1671
 20
-87.7716
 30
0.0
 10
-2167.1671
 20
-87.7716
 30
0.0
 10
-2166.9424
 20
-87.7716
 30
0.0
 10
-2166.9424
 20
-87.7716
 30
0.0
 10
-2166.9424
 20
-87.7716
 30
0.0
 10
-2166.9424
 20
-88.9649
 30
0.0
 10
-2166.9424
 20
-88.9649
 30
0.0
 10
-2166.9424
 20
-88.9649
 30
0.0
 10
-2166.3587
 20
-88.9649
 30
0.0
 10
-2166.3587
 20
-88.9649
 30
0.0
 10
-2166.3587
 20
-88.9649
 30
0.0
 10
-2166.3587
 20
-89.2179
 30
0.0
 10
-2166.3587
 20
-89.2179
 30
0.0
 10
-2166.3587
 20
-89.2179
 30
0.0
 10
-2167.2216
 20
-89.2179
 30
0.0
 10
-2167.2216
 20
-89.2179
 30
0.0
 10
-2167.2216
 20
-89.2179
 30
0.0
 10
-2167.2216
 20
-87.7716
 30
0.0
 10
-2167.2216
 20
-87.7716
 30
0.0
 10
-2167.2216
 20
-87.7716
 30
0.0
 10
-2167.1671
 20
-87.7716
 30
0.0
 10
-2167.1671
 20
-87.7716
 30
0.0
  0
SPLINE
  5
9E
330
1F
100
AcDbEntity
  8
Layer 1
 62
   240
100
AcDbSpline
210
0.0
220
0.0
230
1.0
 70
    11
 71
     3
 72
    26
 73
    22
 74
     0
 42
0.0000000001
 43
0.0000000001
 40
0.0
 40
0.0
 40
0.0
 40
0.0
 40
0.1428571428571428
 40
0.1428571428571428
 40
0.1428571428571428
 40
0.2857142857142857
 40
0.2857142857142857
 40
0.2857142857142857
 40
0.4285714285714285
 40
0.4285714285714285
 40
0.4285714285714285
 40
0.5714285714285714
 40
0.5714285714285714
 40
0.5714285714285714
 40
0.7142857142857142
 40
0.7142857142857142
 40
0.7142857142857142
 40
0.8571428571428571
 40
0.8571428571428571
 40
0.8571428571428571
 40
1.0
 40
1.0
 40
1.0
 40
1.0
 10
-2166.2243
 20
-87.7716
 30
0.0
 10
-2166.2243
 20
-87.7716
 30
0.0
 10
-2165.9996
 20
-87.7716
 30
0.0
 10
-2165.9996
 20
-87.7716
 30
0.0
 10
-2165.9996
 20
-87.7716
 30
0.0
 10
-2165.9996
 20
-88.9649
 30
0.0
 10
-2165.9996
 20
-88.9649
 30
0.0
 10
-2165.9996
 20
-88.9649
 30
0.0
 10
-2165.416
 20
-88.9649
 30
0.0
 10
-2165.416
 20
-88.9649
 30
0.0
 10
-2165.416
 20
-88.9649
 30
0.0
 10
-2165.416
 20
-89.2179
 30
0.0
 10
-2165.416
 20
-89.2179
 30
0.0
 10
-2165.416
 20
-89.2179
 30
0.0
 10
-2166.2787
 20
-89.2179
 30
0.0
 10
-2166.2787
 20
-89.2179
 30
0.0
 10
-2166.2787
 20
-89.2179
 30
0.0
 10
-2166.2787
 20
-87.7716
 30
0.0
 10
-2166.2787
 20
-87.7716
 30
0.0
 10
-2166.2787
 20
-87.7716
 30
0.0
 10
-2166.2243
 20
-87.7716
 30
0.0
 10
-2166.2243
 20
-87.7716
 30
0.0
  0
SPLINE
  5
9F
330
1F
100
AcDbEntity
  8
Layer 1
 62
   240
100
AcDbSpline
210
0.0
220
0.0
230
1.0
 70
    11
 71
     3
 72
    44
 73
    40
 74
     0
 42
0.0000000001
 43
0.0000000001
 40
0.0
 40
0.0
 40
0.0
 40
0.0
 40
0.0769230769230769
 40
0.0769230769230769
 40
0.0769230769230769
 40
0.1538461538461539
 40
0.1538461538461539
 40
0.1538461538461539
 40
0.2307692307692308
 40
0.2307692307692308
 40
0.2307692307692308
 40
0.3076923076923077
 40
0.3076923076923077
 40
0.3076923076923077
 40
0.3846153846153846
 40
0.3846153846153846
 40
0.3846153846153846
 40
0.4615384615384616
 40
0.4615384615384616
 40
0.4615384615384616
 40
0.5384615384615385
 40
0.5384615384615385
 40
0.5384615384615385
 40
0.6153846153846154
 40
0.6153846153846154
 40
0.6153846153846154
 40
0.6923076923076923
 40
0.6923076923076923
 40
0.6923076923076923
 40
0.7692307692307693
 40
0.7692307692307693
 40
0.7692307692307693
 40
0.8461538461538463
 40
0.8461538461538463
 40
0.8461538461538463
 40
0.9230769230769231
 40
0.9230769230769231
 40
0.9230769230769231
 40
1.0
 40
1.0
 40
1.0
 40
1.0
 10
-2165.2812
 20
-87.7716
 30
0.0
 10
-2165.2812
 20
-87.7716
 30
0.0
 10
-2164.4558
 20
-87.7716
 30
0.0
 10
-2164.4558
 20
-87.7716
 30
0.0
 10
-2164.4558
 20
-87.7716
 30
0.0
 10
-2164.4558
 20
-88.0247
 30
0.0
 10
-2164.4558
 20
-88.0247
 30
0.0
 10
-2164.4558
 20
-88.0247
 30
0.0
 10
-2165.0563
 20
-88.0247
 30
0.0
 10
-2165.0563
 20
-88.0247
 30
0.0
 10
-2165.0563
 20
-88.0247
 30
0.0
 10
-2165.0563
 20
-88.3346
 30
0.0
 10
-2165.0563
 20
-88.3346
 30
0.0
 10
-2165.0563
 20
-88.3346
 30
0.0
 10
-2164.5498
 20
-88.3346
 30
0.0
 10
-2164.5498
 20
-88.3346
 30
0.0
 10
-2164.5498
 20
-88.3346
 30
0.0
 10
-2164.5498
 20
-88.5876
 30
0.0
 10
-2164.5498
 20
-88.5876
 30
0.0
 10
-2164.5498
 20
-88.5876
 30
0.0
 10
-2165.0563
 20
-88.5876
 30
0.0
 10
-2165.0563
 20
-88.5876
 30
0.0
 10
-2165.0563
 20
-88.5876
 30
0.0
 10
-2165.0563
 20
-88.9649
 30
0.0
 10
-2165.0563
 20
-88.9649
 30
0.0
 10
-2165.0563
 20
-88.9649
 30
0.0
 10
-2164.4356
 20
-88.9649
 30
0.0
 10
-2164.4356
 20
-88.9649
 30
0.0
 10
-2164.4356
 20
-88.9649
 30
0.0
 10
-2164.4356
 20
-89.2179
 30
0.0
 10
-2164.4356
 20
-89.2179
 30
0.0
 10
-2164.4356
 20
-89.2179
 30
0.0
 10
-2165.3358
 20
-89.2179
 30
0.0
 10
-2165.3358
 20
-89.2179
 30
0.0
 10
-2165.3358
 20
-89.2179
 30
0.0
 10
-2165.3358
 20
-87.7716
 30
0.0
 10
-2165.3358
 20
-87.7716
 30
0.0
 10
-2165.3358
 20
-87.7716
 30
0.0
 10
-2165.2812
 20
-87.7716
 30
0.0
 10
-2165.2812
 20
-87.7716
 30
0.0
  0
SPLINE
  5
A0
330
1F
100
AcDbEntity
  8
Layer 1
 62
   240
100
AcDbSpline
210
0.0
220
0.0
230
1.0
 70
    11
 71
     3
 72
    41
 73
    37
 74
     0
 42
0.0000000001
 43
0.0000000001
 40
0.0
 40
0.0
 40
0.0
 40
0.0
 40
0.0833333333333333
 40
0.0833333333333333
 40
0.0833333333333333
 40
0.1666666666666667
 40
0.1666666666666667
 40
0.1666666666666667
 40
0.25
 40
0.25
 40
0.25
 40
0.3333333333333333
 40
0.3333333333333333
 40
0.3333333333333333
 40
0.4166666666666666
 40
0.4166666666666666
 40
0.4166666666666666
 40
0.5
 40
0.5
 40
0.5
 40
0.5833333333333333
 40
0.5833333333333333
 40
0.5833333333333333
 40
0.6666666666666666
 40
0.6666666666666666
 40
0.6666666666666666
 40
0.75
 40
0.75
 40
0.75
 40
0.8333333333333333
 40
0.8333333333333333
 40
0.8333333333333333
 40
0.9166666666666666
 40
0.9166666666666666
 40
0.9166666666666666
 40
1.0
 40
1.0
 40
1.0
 40
1.0
 10
-2163.5873
 20
-88.6108
 30
0.0
 10
-2163.5873
 20
-88.6108
 30
0.0
 10
-2163.2332
 20
-89.2179
 30
0.0
 10
-2163.2332
 20
-89.2179
 30
0.0
 10
-2163.2332
 20
-89.2179
 30
0.0
 10
-2163.5521
 20
-89.2179
 30
0.0
 10
-2163.5521
 20
-89.2179
 30
0.0
 10
-2163.5521
 20
-89.2179
 30
0.0
 10
-2163.874
 20
-88.6526
 30
0.0
 10
-2163.874
 20
-88.6526
 30
0.0
 10
-2163.874
 20
-88.6526
 30
0.0
 10
-2164.0297
 20
-88.6526
 30
0.0
 10
-2164.0297
 20
-88.6526
 30
0.0
 10
-2164.0297
 20
-88.6526
 30
0.0
 10
-2164.0297
 20
-89.2179
 30
0.0
 10
-2164.0297
 20
-89.2179
 30
0.0
 10
-2164.0297
 20
-89.2179
 30
0.0
 10
-2164.3094
 20
-89.2179
 30
0.0
 10
-2164.3094
 20
-89.2179
 30
0.0
 10
-2164.3094
 20
-89.2179
 30
0.0
 10
-2164.3094
 20
-87.7716
 30
0.0
 10
-2164.3094
 20
-87.7716
 30
0.0
 10
-2164.3094
 20
-87.7716
 30
0.0
 10
-2163.8357
 20
-87.7716
 30
0.0
 10
-2163.8357
 20
-87.7716
 30
0.0
 10
-2163.68
 20
-87.7716
 30
0.0
 10
-2163.5454
 20
-87.8026
 30
0.0
 10
-2163.4513
 20
-87.8784
 30
0.0
 10
-2163.3641
 20
-87.9484
 30
0.0
 10
-2163.3133
 20
-88.0535
 30
0.0
 10
-2163.3133
 20
-88.2025
 30
0.0
 10
-2163.3133
 20
-88.3485
 30
0.0
 10
-2163.3659
 20
-88.4589
 30
0.0
 10
-2163.4554
 20
-88.5345
 30
0.0
 10
-2163.4931
 20
-88.5664
 30
0.0
 10
-2163.5377
 20
-88.592
 30
0.0
 10
-2163.5873
 20
-88.6108
 30
0.0
  0
SPLINE
  5
A1
330
1F
100
AcDbEntity
  8
Layer 1
 62
   240
100
AcDbSpline
210
0.0
220
0.0
230
1.0
 70
    11
 71
     3
 72
    29
 73
    25
 74
     0
 42
0.0000000001
 43
0.0000000001
 40
0.0
 40
0.0
 40
0.0
 40
0.0
 40
0.125
 40
0.125
 40
0.125
 40
0.25
 40
0.25
 40
0.25
 40
0.375
 40
0.375
 40
0.375
 40
0.5
 40
0.5
 40
0.5
 40
0.625
 40
0.625
 40
0.625
 40
0.75
 40
0.75
 40
0.75
 40
0.875
 40
0.875
 40
0.875
 40
1.0
 40
1.0
 40
1.0
 40
1.0
 10
-2163.7194
 20
-88.3869
 30
0.0
 10
-2163.6925
 20
-88.3781
 30
0.0
 10
-2163.6708
 20
-88.3666
 30
0.0
 10
-2163.6529
 20
-88.3525
 30
0.0
 10
-2163.6129
 20
-88.3206
 30
0.0
 10
-2163.5918
 20
-88.2705
 30
0.0
 10
-2163.5918
 20
-88.2025
 30
0.0
 10
-2163.5918
 20
-88.1343
 30
0.0
 10
-2163.6124
 20
-88.0891
 30
0.0
 10
-2163.6514
 20
-88.0624
 30
0.0
 10
-2163.6959
 20
-88.0317
 30
0.0
 10
-2163.7668
 20
-88.0187
 30
0.0
 10
-2163.8603
 20
-88.0187
 30
0.0
 10
-2163.8603
 20
-88.0187
 30
0.0
 10
-2164.0297
 20
-88.0187
 30
0.0
 10
-2164.0297
 20
-88.0187
 30
0.0
 10
-2164.0297
 20
-88.0187
 30
0.0
 10
-2164.0297
 20
-88.4058
 30
0.0
 10
-2164.0297
 20
-88.4058
 30
0.0
 10
-2164.0297
 20
-88.4058
 30
0.0
 10
-2163.8603
 20
-88.4058
 30
0.0
 10
-2163.8603
 20
-88.4058
 30
0.0
 10
-2163.8051
 20
-88.4058
 30
0.0
 10
-2163.7578
 20
-88.3996
 30
0.0
 10
-2163.7194
 20
-88.3869
 30
0.0
  0
SPLINE
  5
A2
330
1F
100
AcDbEntity
  8
Layer 1
 62
   240
100
AcDbSpline
210
0.0
220
0.0
230
1.0
 70
    11
 71
     3
 72
    38
 73
    34
 74
     0
 42
0.0000000001
 43
0.0000000001
 40
0.0
 40
0.0
 40
0.0
 40
0.0
 40
0.0909090909090909
 40
0.0909090909090909
 40
0.0909090909090909
 40
0.1818181818181818
 40
0.1818181818181818
 40
0.1818181818181818
 40
0.2727272727272727
 40
0.2727272727272727
 40
0.2727272727272727
 40
0.3636363636363636
 40
0.3636363636363636
 40
0.3636363636363636
 40
0.4545454545454546
 40
0.4545454545454546
 40
0.4545454545454546
 40
0.5454545454545454
 40
0.5454545454545454
 40
0.5454545454545454
 40
0.6363636363636364
 40
0.6363636363636364
 40
0.6363636363636364
 40
0.7272727272727273
 40
0.7272727272727273
 40
0.7272727272727273
 40
0.8181818181818182
 40
0.8181818181818182
 40
0.8181818181818182
 40
0.9090909090909092
 40
0.9090909090909092
 40
0.9090909090909092
 40
1.0
 40
1.0
 40
1.0
 40
1.0
 10
-2162.9827
 20
-88.6575
 30
0.0
 10
-2162.9827
 20
-88.6575
 30
0.0
 10
-2163.4166
 20
-87.7716
 30
0.0
 10
-2163.4166
 20
-87.7716
 30
0.0
 10
-2163.4166
 20
-87.7716
 30
0.0
 10
-2163.1136
 20
-87.7716
 30
0.0
 10
-2163.1136
 20
-87.7716
 30
0.0
 10
-2163.1136
 20
-87.7716
 30
0.0
 10
-2162.9263
 20
-88.181
 30
0.0
 10
-2162.9263
 20
-88.181
 30
0.0
 10
-2162.9263
 20
-88.181
 30
0.0
 10
-2162.8414
 20
-88.3743
 30
0.0
 10
-2162.8414
 20
-88.3743
 30
0.0
 10
-2162.811
 20
-88.31
 30
0.0
 10
-2162.7814
 20
-88.2469
 30
0.0
 10
-2162.7545
 20
-88.1827
 30
0.0
 10
-2162.6886
 20
-88.0511
 30
0.0
 10
-2162.6285
 20
-87.9066
 30
0.0
 10
-2162.5668
 20
-87.7716
 30
0.0
 10
-2162.5668
 20
-87.7716
 30
0.0
 10
-2162.2687
 20
-87.7716
 30
0.0
 10
-2162.2687
 20
-87.7716
 30
0.0
 10
-2162.2687
 20
-87.7716
 30
0.0
 10
-2162.7037
 20
-88.6575
 30
0.0
 10
-2162.7037
 20
-88.6575
 30
0.0
 10
-2162.7037
 20
-88.6575
 30
0.0
 10
-2162.7037
 20
-89.2179
 30
0.0
 10
-2162.7037
 20
-89.2179
 30
0.0
 10
-2162.7037
 20
-89.2179
 30
0.0
 10
-2162.9827
 20
-89.2179
 30
0.0
 10
-2162.9827
 20
-89.2179
 30
0.0
 10
-2162.9827
 20
-89.2179
 30
0.0
 10
-2162.9827
 20
-88.6575
 30
0.0
 10
-2162.9827
 20
-88.6575
 30
0.0
  0
SPLINE
  5
A3
330
1F
100
AcDbEntity
  8
Layer 1
 62
   240
100
AcDbSpline
210
0.0
220
0.0
230
1.0
 70
    11
 71
     3
 72
    38
 73
    34
 74
     0
 42
0.0000000001
 43
0.0000000001
 40
0.0
 40
0.0
 40
0.0
 40
0.0
 40
0.0909090909090909
 40
0.0909090909090909
 40
0.0909090909090909
 40
0.1818181818181818
 40
0.1818181818181818
 40
0.1818181818181818
 40
0.2727272727272727
 40
0.2727272727272727
 40
0.2727272727272727
 40
0.3636363636363636
 40
0.3636363636363636
 40
0.3636363636363636
 40
0.4545454545454546
 40
0.4545454545454546
 40
0.4545454545454546
 40
0.5454545454545454
 40
0.5454545454545454
 40
0.5454545454545454
 40
0.6363636363636364
 40
0.6363636363636364
 40
0.6363636363636364
 40
0.7272727272727273
 40
0.7272727272727273
 40
0.7272727272727273
 40
0.8181818181818182
 40
0.8181818181818182
 40
0.8181818181818182
 40
0.9090909090909092
 40
0.9090909090909092
 40
0.9090909090909092
 40
1.0
 40
1.0
 40
1.0
 40
1.0
 10
-2183.9848
 20
-87.7716
 30
0.0
 10
-2183.9848
 20
-87.7716
 30
0.0
 10
-2183.1593
 20
-87.7716
 30
0.0
 10
-2183.1593
 20
-87.7716
 30
0.0
 10
-2183.1593
 20
-87.7716
 30
0.0
 10
-2183.1593
 20
-88.0247
 30
0.0
 10
-2183.1593
 20
-88.0247
 30
0.0
 10
-2183.1593
 20
-88.0247
 30
0.0
 10
-2183.7604
 20
-88.0247
 30
0.0
 10
-2183.7604
 20
-88.0247
 30
0.0
 10
-2183.7604
 20
-88.0247
 30
0.0
 10
-2183.7604
 20
-88.3666
 30
0.0
 10
-2183.7604
 20
-88.3666
 30
0.0
 10
-2183.7604
 20
-88.3666
 30
0.0
 10
-2183.2505
 20
-88.3666
 30
0.0
 10
-2183.2505
 20
-88.3666
 30
0.0
 10
-2183.2505
 20
-88.3666
 30
0.0
 10
-2183.2505
 20
-88.6196
 30
0.0
 10
-2183.2505
 20
-88.6196
 30
0.0
 10
-2183.2505
 20
-88.6196
 30
0.0
 10
-2183.7604
 20
-88.6196
 30
0.0
 10
-2183.7604
 20
-88.6196
 30
0.0
 10
-2183.7604
 20
-88.6196
 30
0.0
 10
-2183.7604
 20
-89.2179
 30
0.0
 10
-2183.7604
 20
-89.2179
 30
0.0
 10
-2183.7604
 20
-89.2179
 30
0.0
 10
-2184.0392
 20
-89.2179
 30
0.0
 10
-2184.0392
 20
-89.2179
 30
0.0
 10
-2184.0392
 20
-89.2179
 30
0.0
 10
-2184.0392
 20
-87.7716
 30
0.0
 10
-2184.0392
 20
-87.7716
 30
0.0
 10
-2184.0392
 20
-87.7716
 30
0.0
 10
-2183.9848
 20
-87.7716
 30
0.0
 10
-2183.9848
 20
-87.7716
 30
0.0
  0
SPLINE
  5
A4
330
1F
100
AcDbEntity
  8
Layer 1
 62
   240
100
AcDbSpline
210
0.0
220
0.0
230
1.0
 70
    11
 71
     3
 72
    29
 73
    25
 74
     0
 42
0.0000000001
 43
0.0000000001
 40
0.0
 40
0.0
 40
0.0
 40
0.0
 40
0.125
 40
0.125
 40
0.125
 40
0.25
 40
0.25
 40
0.25
 40
0.375
 40
0.375
 40
0.375
 40
0.5
 40
0.5
 40
0.5
 40
0.625
 40
0.625
 40
0.625
 40
0.75
 40
0.75
 40
0.75
 40
0.875
 40
0.875
 40
0.875
 40
1.0
 40
1.0
 40
1.0
 40
1.0
 10
-2180.7997
 20
-78.2453
 30
0.0
 10
-2180.7997
 20
-78.6417
 30
0.0
 10
-2180.8744
 20
-78.9513
 30
0.0
 10
-2181.014
 20
-79.1637
 30
0.0
 10
-2181.1588
 20
-79.3833
 30
0.0
 10
-2181.3715
 20
-79.4989
 30
0.0
 10
-2181.6427
 20
-79.4989
 30
0.0
 10
-2181.887
 20
-79.4989
 30
0.0
 10
-2182.0914
 20
-79.3828
 30
0.0
 10
-2182.2335
 20
-79.1622
 30
0.0
 10
-2182.3663
 20
-78.9562
 30
0.0
 10
-2182.4437
 20
-78.6578
 30
0.0
 10
-2182.4471
 20
-78.2773
 30
0.0
 10
-2182.4472
 20
-77.8934
 30
0.0
 10
-2182.3655
 20
-77.5924
 30
0.0
 10
-2182.2261
 20
-77.3838
 30
0.0
 10
-2182.0756
 20
-77.1585
 30
0.0
 10
-2181.8586
 20
-77.04
 30
0.0
 10
-2181.604
 20
-77.04
 30
0.0
 10
-2181.3466
 20
-77.04
 30
0.0
 10
-2181.1442
 20
-77.1547
 30
0.0
 10
-2181.0062
 20
-77.366
 30
0.0
 10
-2180.8716
 20
-77.5722
 30
0.0
 10
-2180.7997
 20
-77.8713
 30
0.0
 10
-2180.7997
 20
-78.2453
 30
0.0
  0
SPLINE
  5
A5
330
1F
100
AcDbEntity
  8
Layer 1
 62
   240
100
AcDbSpline
210
0.0
220
0.0
230
1.0
 70
    11
 71
     3
 72
    74
 73
    70
 74
     0
 42
0.0000000001
 43
0.0000000001
 40
0.0
 40
0.0
 40
0.0
 40
0.0
 40
0.0434782608695652
 40
0.0434782608695652
 40
0.0434782608695652
 40
0.0869565217391304
 40
0.0869565217391304
 40
0.0869565217391304
 40
0.1304347826086956
 40
0.1304347826086956
 40
0.1304347826086956
 40
0.1739130434782609
 40
0.1739130434782609
 40
0.1739130434782609
 40
0.2173913043478261
 40
0.2173913043478261
 40
0.2173913043478261
 40
0.2608695652173913
 40
0.2608695652173913
 40
0.2608695652173913
 40
0.3043478260869565
 40
0.3043478260869565
 40
0.3043478260869565
 40
0.3478260869565217
 40
0.3478260869565217
 40
0.3478260869565217
 40
0.3913043478260869
 40
0.3913043478260869
 40
0.3913043478260869
 40
0.4347826086956522
 40
0.4347826086956522
 40
0.4347826086956522
 40
0.4782608695652174
 40
0.4782608695652174
 40
0.4782608695652174
 40
0.5217391304347826
 40
0.5217391304347826
 40
0.5217391304347826
 40
0.5652173913043478
 40
0.5652173913043478
 40
0.5652173913043478
 40
0.6086956521739131
 40
0.6086956521739131
 40
0.6086956521739131
 40
0.6521739130434783
 40
0.6521739130434783
 40
0.6521739130434783
 40
0.6956521739130435
 40
0.6956521739130435
 40
0.6956521739130435
 40
0.7391304347826086
 40
0.7391304347826086
 40
0.7391304347826086
 40
0.7826086956521738
 40
0.7826086956521738
 40
0.7826086956521738
 40
0.8260869565217391
 40
0.8260869565217391
 40
0.8260869565217391
 40
0.8695652173913043
 40
0.8695652173913043
 40
0.8695652173913043
 40
0.9130434782608695
 40
0.9130434782608695
 40
0.9130434782608695
 40
0.9565217391304348
 40
0.9565217391304348
 40
0.9565217391304348
 40
1.0
 40
1.0
 40
1.0
 40
1.0
 10
-2180.4605
 20
-79.1439
 30
0.0
 10
-2180.4305
 20
-79.1472
 30
0.0
 10
-2180.3963
 20
-79.1472
 30
0.0
 10
-2180.3579
 20
-79.145
 30
0.0
 10
-2180.3579
 20
-79.145
 30
0.0
 10
-2180.2229
 20
-79.1338
 30
0.0
 10
-2180.2229
 20
-79.1338
 30
0.0
 10
-2180.1367
 20
-79.122
 30
0.0
 10
-2180.0526
 20
-79.0979
 30
0.0
 10
-2179.9754
 20
-79.0623
 30
0.0
 10
-2179.901
 20
-79.0278
 30
0.0
 10
-2179.8322
 20
-78.9821
 30
0.0
 10
-2179.7725
 20
-78.9257
 30
0.0
 10
-2179.699
 20
-78.8588
 30
0.0
 10
-2179.6362
 20
-78.7764
 30
0.0
 10
-2179.5871
 20
-78.6777
 30
0.0
 10
-2179.559
 20
-78.6214
 30
0.0
 10
-2179.5354
 20
-78.5596
 30
0.0
 10
-2179.5167
 20
-78.492
 30
0.0
 10
-2179.5611
 20
-78.5277
 30
0.0
 10
-2179.6098
 20
-78.5579
 30
0.0
 10
-2179.6624
 20
-78.582
 30
0.0
 10
-2179.7578
 20
-78.6255
 30
0.0
 10
-2179.8658
 20
-78.649
 30
0.0
 10
-2179.9846
 20
-78.649
 30
0.0
 10
-2180.1996
 20
-78.649
 30
0.0
 10
-2180.3778
 20
-78.5693
 30
0.0
 10
-2180.5035
 20
-78.439
 30
0.0
 10
-2180.6345
 20
-78.3033
 30
0.0
 10
-2180.7082
 20
-78.1131
 30
0.0
 10
-2180.7082
 20
-77.9009
 30
0.0
 10
-2180.7082
 20
-77.6663
 30
0.0
 10
-2180.6204
 20
-77.4452
 30
0.0
 10
-2180.4674
 20
-77.2862
 30
0.0
 10
-2180.3228
 20
-77.1355
 30
0.0
 10
-2180.12
 20
-77.04
 30
0.0
 10
-2179.8793
 20
-77.04
 30
0.0
 10
-2179.6313
 20
-77.04
 30
0.0
 10
-2179.4297
 20
-77.1409
 30
0.0
 10
-2179.2899
 20
-77.3192
 30
0.0
 10
-2179.1514
 20
-77.4956
 30
0.0
 10
-2179.0748
 20
-77.748
 30
0.0
 10
-2179.0748
 20
-78.0523
 30
0.0
 10
-2179.0748
 20
-78.2942
 30
0.0
 10
-2179.1133
 20
-78.5028
 30
0.0
 10
-2179.1781
 20
-78.6793
 30
0.0
 10
-2179.2514
 20
-78.8791
 30
0.0
 10
-2179.3591
 20
-79.0383
 30
0.0
 10
-2179.4833
 20
-79.1587
 30
0.0
 10
-2179.5733
 20
-79.2469
 30
0.0
 10
-2179.6808
 20
-79.319
 30
0.0
 10
-2179.7969
 20
-79.3721
 30
0.0
 10
-2179.9162
 20
-79.4273
 30
0.0
 10
-2180.0459
 20
-79.463
 30
0.0
 10
-2180.1758
 20
-79.4775
 30
0.0
 10
-2180.2301
 20
-79.4859
 30
0.0
 10
-2180.2803
 20
-79.491
 30
0.0
 10
-2180.3251
 20
-79.4939
 30
0.0
 10
-2180.3785
 20
-79.497
 30
0.0
 10
-2180.4268
 20
-79.4971
 30
0.0
 10
-2180.4679
 20
-79.4953
 30
0.0
 10
-2180.4679
 20
-79.4953
 30
0.0
 10
-2180.5152
 20
-79.4931
 30
0.0
 10
-2180.5152
 20
-79.4931
 30
0.0
 10
-2180.5152
 20
-79.4931
 30
0.0
 10
-2180.5152
 20
-79.1379
 30
0.0
 10
-2180.5152
 20
-79.1379
 30
0.0
 10
-2180.5152
 20
-79.1379
 30
0.0
 10
-2180.4605
 20
-79.1439
 30
0.0
 10
-2180.4605
 20
-79.1439
 30
0.0
  0
SPLINE
  5
A6
330
1F
100
AcDbEntity
  8
Layer 1
 62
   240
100
AcDbSpline
210
0.0
220
0.0
230
1.0
 70
    11
 71
     3
 72
    38
 73
    34
 74
     0
 42
0.0000000001
 43
0.0000000001
 40
0.0
 40
0.0
 40
0.0
 40
0.0
 40
0.0909090909090909
 40
0.0909090909090909
 40
0.0909090909090909
 40
0.1818181818181818
 40
0.1818181818181818
 40
0.1818181818181818
 40
0.2727272727272727
 40
0.2727272727272727
 40
0.2727272727272727
 40
0.3636363636363636
 40
0.3636363636363636
 40
0.3636363636363636
 40
0.4545454545454546
 40
0.4545454545454546
 40
0.4545454545454546
 40
0.5454545454545454
 40
0.5454545454545454
 40
0.5454545454545454
 40
0.6363636363636364
 40
0.6363636363636364
 40
0.6363636363636364
 40
0.7272727272727273
 40
0.7272727272727273
 40
0.7272727272727273
 40
0.8181818181818182
 40
0.8181818181818182
 40
0.8181818181818182
 40
0.9090909090909092
 40
0.9090909090909092
 40
0.9090909090909092
 40
1.0
 40
1.0
 40
1.0
 40
1.0
 10
-2180.3036
 20
-77.8795
 30
0.0
 10
-2180.3036
 20
-78.0109
 30
0.0
 10
-2180.2644
 20
-78.1219
 30
0.0
 10
-2180.1953
 20
-78.1982
 30
0.0
 10
-2180.1285
 20
-78.272
 30
0.0
 10
-2180.0321
 20
-78.3152
 30
0.0
 10
-2179.9143
 20
-78.3152
 30
0.0
 10
-2179.8233
 20
-78.3152
 30
0.0
 10
-2179.7421
 20
-78.2937
 30
0.0
 10
-2179.6746
 20
-78.2579
 30
0.0
 10
-2179.602
 20
-78.2194
 30
0.0
 10
-2179.5444
 20
-78.1639
 30
0.0
 10
-2179.5072
 20
-78.1007
 30
0.0
 10
-2179.5072
 20
-78.1007
 30
0.0
 10
-2179.5065
 20
-78.0995
 30
0.0
 10
-2179.5065
 20
-78.0995
 30
0.0
 10
-2179.5005
 20
-78.0899
 30
0.0
 10
-2179.4953
 20
-78.0783
 30
0.0
 10
-2179.492
 20
-78.0651
 30
0.0
 10
-2179.4884
 20
-78.0509
 30
0.0
 10
-2179.4863
 20
-78.0339
 30
0.0
 10
-2179.4863
 20
-78.0134
 30
0.0
 10
-2179.4863
 20
-77.8182
 30
0.0
 10
-2179.5234
 20
-77.648
 30
0.0
 10
-2179.6015
 20
-77.5327
 30
0.0
 10
-2179.6686
 20
-77.4338
 30
0.0
 10
-2179.7684
 20
-77.3745
 30
0.0
 10
-2179.9038
 20
-77.3745
 30
0.0
 10
-2180.0197
 20
-77.3745
 30
0.0
 10
-2180.1186
 20
-77.4257
 30
0.0
 10
-2180.1886
 20
-77.512
 30
0.0
 10
-2180.261
 20
-77.6014
 30
0.0
 10
-2180.3036
 20
-77.7296
 30
0.0
 10
-2180.3036
 20
-77.8795
 30
0.0
  0
SPLINE
  5
A7
330
1F
100
AcDbEntity
  8
Layer 1
 62
   240
100
AcDbSpline
210
0.0
220
0.0
230
1.0
 70
    11
 71
     3
 72
    29
 73
    25
 74
     0
 42
0.0000000001
 43
0.0000000001
 40
0.0
 40
0.0
 40
0.0
 40
0.0
 40
0.125
 40
0.125
 40
0.125
 40
0.25
 40
0.25
 40
0.25
 40
0.375
 40
0.375
 40
0.375
 40
0.5
 40
0.5
 40
0.5
 40
0.625
 40
0.625
 40
0.625
 40
0.75
 40
0.75
 40
0.75
 40
0.875
 40
0.875
 40
0.875
 40
1.0
 40
1.0
 40
1.0
 40
1.0
 10
-2178.3019
 20
-77.4954
 30
0.0
 10
-2178.3019
 20
-77.4954
 30
0.0
 10
-2178.6887
 20
-77.7041
 30
0.0
 10
-2178.6887
 20
-77.7041
 30
0.0
 10
-2178.6887
 20
-77.7041
 30
0.0
 10
-2178.7732
 20
-77.37
 30
0.0
 10
-2178.7732
 20
-77.37
 30
0.0
 10
-2178.7732
 20
-77.37
 30
0.0
 10
-2178.2406
 20
-77.0851
 30
0.0
 10
-2178.2406
 20
-77.0851
 30
0.0
 10
-2178.2406
 20
-77.0851
 30
0.0
 10
-2178.2172
 20
-77.0791
 30
0.0
 10
-2178.2172
 20
-77.0791
 30
0.0
 10
-2178.2172
 20
-77.0791
 30
0.0
 10
-2177.9044
 20
-77.0791
 30
0.0
 10
-2177.9044
 20
-77.0791
 30
0.0
 10
-2177.9044
 20
-77.0791
 30
0.0
 10
-2177.9044
 20
-79.4606
 30
0.0
 10
-2177.9044
 20
-79.4606
 30
0.0
 10
-2177.9044
 20
-79.4606
 30
0.0
 10
-2178.3019
 20
-79.4606
 30
0.0
 10
-2178.3019
 20
-79.4606
 30
0.0
 10
-2178.3019
 20
-79.4606
 30
0.0
 10
-2178.3019
 20
-77.4954
 30
0.0
 10
-2178.3019
 20
-77.4954
 30
0.0
  0
SPLINE
  5
A8
330
1F
100
AcDbEntity
  8
Layer 1
 62
   240
100
AcDbSpline
210
0.0
220
0.0
230
1.0
 70
    11
 71
     3
 72
    32
 73
    28
 74
     0
 42
0.0000000001
 43
0.0000000001
 40
0.0
 40
0.0
 40
0.0
 40
0.0
 40
0.1111111111111111
 40
0.1111111111111111
 40
0.1111111111111111
 40
0.2222222222222222
 40
0.2222222222222222
 40
0.2222222222222222
 40
0.3333333333333333
 40
0.3333333333333333
 40
0.3333333333333333
 40
0.4444444444444444
 40
0.4444444444444444
 40
0.4444444444444444
 40
0.5555555555555556
 40
0.5555555555555556
 40
0.5555555555555556
 40
0.6666666666666666
 40
0.6666666666666666
 40
0.6666666666666666
 40
0.7777777777777777
 40
0.7777777777777777
 40
0.7777777777777777
 40
0.8888888888888888
 40
0.8888888888888888
 40
0.8888888888888888
 40
1.0
 40
1.0
 40
1.0
 40
1.0
 10
-2175.6703
 20
-77.1286
 30
0.0
 10
-2175.6703
 20
-77.1286
 30
0.0
 10
-2175.6703
 20
-77.3323
 30
0.0
 10
-2175.6703
 20
-77.3323
 30
0.0
 10
-2175.6703
 20
-77.3323
 30
0.0
 10
-2175.6752
 20
-77.3535
 30
0.0
 10
-2175.6752
 20
-77.3535
 30
0.0
 10
-2175.6752
 20
-77.3535
 30
0.0
 10
-2176.6826
 20
-79.4606
 30
0.0
 10
-2176.6826
 20
-79.4606
 30
0.0
 10
-2176.6826
 20
-79.4606
 30
0.0
 10
-2177.1122
 20
-79.4606
 30
0.0
 10
-2177.1122
 20
-79.4606
 30
0.0
 10
-2177.1122
 20
-79.4606
 30
0.0
 10
-2176.1186
 20
-77.4346
 30
0.0
 10
-2176.1186
 20
-77.4346
 30
0.0
 10
-2176.1186
 20
-77.4346
 30
0.0
 10
-2177.2091
 20
-77.4346
 30
0.0
 10
-2177.2091
 20
-77.4346
 30
0.0
 10
-2177.2091
 20
-77.4346
 30
0.0
 10
-2177.2091
 20
-77.0791
 30
0.0
 10
-2177.2091
 20
-77.0791
 30
0.0
 10
-2177.2091
 20
-77.0791
 30
0.0
 10
-2175.6703
 20
-77.0791
 30
0.0
 10
-2175.6703
 20
-77.0791
 30
0.0
 10
-2175.6703
 20
-77.0791
 30
0.0
 10
-2175.6703
 20
-77.1286
 30
0.0
 10
-2175.6703
 20
-77.1286
 30
0.0
  0
SPLINE
  5
A9
330
1F
100
AcDbEntity
  8
Layer 1
 62
   240
100
AcDbSpline
210
0.0
220
0.0
230
1.0
 70
    11
 71
     3
 72
   110
 73
   106
 74
     0
 42
0.0000000001
 43
0.0000000001
 40
0.0
 40
0.0
 40
0.0
 40
0.0
 40
0.0285714285714286
 40
0.0285714285714286
 40
0.0285714285714286
 40
0.0571428571428571
 40
0.0571428571428571
 40
0.0571428571428571
 40
0.0857142857142857
 40
0.0857142857142857
 40
0.0857142857142857
 40
0.1142857142857143
 40
0.1142857142857143
 40
0.1142857142857143
 40
0.1428571428571428
 40
0.1428571428571428
 40
0.1428571428571428
 40
0.1714285714285714
 40
0.1714285714285714
 40
0.1714285714285714
 40
0.2
 40
0.2
 40
0.2
 40
0.2285714285714286
 40
0.2285714285714286
 40
0.2285714285714286
 40
0.2571428571428571
 40
0.2571428571428571
 40
0.2571428571428571
 40
0.2857142857142857
 40
0.2857142857142857
 40
0.2857142857142857
 40
0.3142857142857143
 40
0.3142857142857143
 40
0.3142857142857143
 40
0.3428571428571429
 40
0.3428571428571429
 40
0.3428571428571429
 40
0.3714285714285714
 40
0.3714285714285714
 40
0.3714285714285714
 40
0.4
 40
0.4
 40
0.4
 40
0.4285714285714285
 40
0.4285714285714285
 40
0.4285714285714285
 40
0.4571428571428571
 40
0.4571428571428571
 40
0.4571428571428571
 40
0.4857142857142857
 40
0.4857142857142857
 40
0.4857142857142857
 40
0.5142857142857142
 40
0.5142857142857142
 40
0.5142857142857142
 40
0.5428571428571428
 40
0.5428571428571428
 40
0.5428571428571428
 40
0.5714285714285714
 40
0.5714285714285714
 40
0.5714285714285714
 40
0.6
 40
0.6
 40
0.6
 40
0.6285714285714286
 40
0.6285714285714286
 40
0.6285714285714286
 40
0.6571428571428571
 40
0.6571428571428571
 40
0.6571428571428571
 40
0.6857142857142857
 40
0.6857142857142857
 40
0.6857142857142857
 40
0.7142857142857143
 40
0.7142857142857143
 40
0.7142857142857143
 40
0.7428571428571429
 40
0.7428571428571429
 40
0.7428571428571429
 40
0.7714285714285714
 40
0.7714285714285714
 40
0.7714285714285714
 40
0.7999999999999999
 40
0.7999999999999999
 40
0.7999999999999999
 40
0.8285714285714285
 40
0.8285714285714285
 40
0.8285714285714285
 40
0.8571428571428571
 40
0.8571428571428571
 40
0.8571428571428571
 40
0.8857142857142857
 40
0.8857142857142857
 40
0.8857142857142857
 40
0.9142857142857143
 40
0.9142857142857143
 40
0.9142857142857143
 40
0.9428571428571428
 40
0.9428571428571428
 40
0.9428571428571428
 40
0.9714285714285714
 40
0.9714285714285714
 40
0.9714285714285714
 40
1.0
 40
1.0
 40
1.0
 40
1.0
 10
-2175.3796
 20
-79.0145
 30
0.0
 10
-2175.3326
 20
-79.0448
 30
0.0
 10
-2175.2484
 20
-79.0852
 30
0.0
 10
-2175.1465
 20
-79.1143
 30
0.0
 10
-2175.0714
 20
-79.1357
 30
0.0
 10
-2174.9867
 20
-79.1507
 30
0.0
 10
-2174.9007
 20
-79.1507
 30
0.0
 10
-2174.9007
 20
-79.1507
 30
0.0
 10
-2174.8851
 20
-79.1507
 30
0.0
 10
-2174.8851
 20
-79.1507
 30
0.0
 10
-2174.7115
 20
-79.1477
 30
0.0
 10
-2174.5978
 20
-79.0919
 30
0.0
 10
-2174.5285
 20
-79.0167
 30
0.0
 10
-2174.4602
 20
-78.9425
 30
0.0
 10
-2174.4334
 20
-78.8479
 30
0.0
 10
-2174.4334
 20
-78.7655
 30
0.0
 10
-2174.4334
 20
-78.7655
 30
0.0
 10
-2174.4334
 20
-78.7588
 30
0.0
 10
-2174.4334
 20
-78.7588
 30
0.0
 10
-2174.4347
 20
-78.6281
 30
0.0
 10
-2174.4899
 20
-78.5319
 30
0.0
 10
-2174.5741
 20
-78.4669
 30
0.0
 10
-2174.6766
 20
-78.3877
 30
0.0
 10
-2174.8236
 20
-78.3511
 30
0.0
 10
-2174.9742
 20
-78.3511
 30
0.0
 10
-2174.9742
 20
-78.3511
 30
0.0
 10
-2175.1961
 20
-78.3511
 30
0.0
 10
-2175.1961
 20
-78.3511
 30
0.0
 10
-2175.1961
 20
-78.3511
 30
0.0
 10
-2175.1961
 20
-78.0199
 30
0.0
 10
-2175.1961
 20
-78.0199
 30
0.0
 10
-2175.1961
 20
-78.0199
 30
0.0
 10
-2174.9741
 20
-78.0199
 30
0.0
 10
-2174.9741
 20
-78.0199
 30
0.0
 10
-2174.8589
 20
-78.0199
 30
0.0
 10
-2174.7272
 20
-77.9872
 30
0.0
 10
-2174.6335
 20
-77.9166
 30
0.0
 10
-2174.5631
 20
-77.8631
 30
0.0
 10
-2174.5144
 20
-77.7863
 30
0.0
 10
-2174.5144
 20
-77.6836
 30
0.0
 10
-2174.5144
 20
-77.5992
 30
0.0
 10
-2174.5425
 20
-77.5207
 30
0.0
 10
-2174.6049
 20
-77.467
 30
0.0
 10
-2174.6609
 20
-77.4187
 30
0.0
 10
-2174.7461
 20
-77.3884
 30
0.0
 10
-2174.8654
 20
-77.3884
 30
0.0
 10
-2174.9413
 20
-77.3884
 30
0.0
 10
-2175.0159
 20
-77.4033
 30
0.0
 10
-2175.0828
 20
-77.4256
 30
0.0
 10
-2175.1677
 20
-77.4537
 30
0.0
 10
-2175.242
 20
-77.4938
 30
0.0
 10
-2175.2934
 20
-77.5305
 30
0.0
 10
-2175.2934
 20
-77.5305
 30
0.0
 10
-2175.3461
 20
-77.5682
 30
0.0
 10
-2175.3461
 20
-77.5682
 30
0.0
 10
-2175.3461
 20
-77.5682
 30
0.0
 10
-2175.4616
 20
-77.2473
 30
0.0
 10
-2175.4616
 20
-77.2473
 30
0.0
 10
-2175.4616
 20
-77.2473
 30
0.0
 10
-2175.4319
 20
-77.2256
 30
0.0
 10
-2175.4319
 20
-77.2256
 30
0.0
 10
-2175.3635
 20
-77.1756
 30
0.0
 10
-2175.2608
 20
-77.125
 30
0.0
 10
-2175.1409
 20
-77.0897
 30
0.0
 10
-2175.039
 20
-77.0598
 30
0.0
 10
-2174.9236
 20
-77.04
 30
0.0
 10
-2174.8056
 20
-77.04
 30
0.0
 10
-2174.5848
 20
-77.04
 30
0.0
 10
-2174.4185
 20
-77.102
 30
0.0
 10
-2174.3033
 20
-77.1982
 30
0.0
 10
-2174.1675
 20
-77.3116
 30
0.0
 10
-2174.1029
 20
-77.4716
 30
0.0
 10
-2174.1029
 20
-77.6343
 30
0.0
 10
-2174.1029
 20
-77.7652
 30
0.0
 10
-2174.1431
 20
-77.8866
 30
0.0
 10
-2174.2233
 20
-77.989
 30
0.0
 10
-2174.2773
 20
-78.0578
 30
0.0
 10
-2174.3495
 20
-78.1178
 30
0.0
 10
-2174.4396
 20
-78.1657
 30
0.0
 10
-2174.3325
 20
-78.2062
 30
0.0
 10
-2174.2375
 20
-78.2698
 30
0.0
 10
-2174.1645
 20
-78.3536
 30
0.0
 10
-2174.0717
 20
-78.4606
 30
0.0
 10
-2174.015
 20
-78.5995
 30
0.0
 10
-2174.015
 20
-78.7648
 30
0.0
 10
-2174.015
 20
-78.9712
 30
0.0
 10
-2174.1001
 20
-79.1647
 30
0.0
 10
-2174.2664
 20
-79.3013
 30
0.0
 10
-2174.414
 20
-79.4226
 30
0.0
 10
-2174.6254
 20
-79.4989
 30
0.0
 10
-2174.8971
 20
-79.4989
 30
0.0
 10
-2175.017
 20
-79.4989
 30
0.0
 10
-2175.1306
 20
-79.4816
 30
0.0
 10
-2175.23
 20
-79.456
 30
0.0
 10
-2175.3511
 20
-79.4246
 30
0.0
 10
-2175.4522
 20
-79.3793
 30
0.0
 10
-2175.5175
 20
-79.3365
 30
0.0
 10
-2175.5175
 20
-79.3365
 30
0.0
 10
-2175.5499
 20
-79.3151
 30
0.0
 10
-2175.5499
 20
-79.3151
 30
0.0
 10
-2175.5499
 20
-79.3151
 30
0.0
 10
-2175.4323
 20
-78.9807
 30
0.0
 10
-2175.4323
 20
-78.9807
 30
0.0
 10
-2175.4323
 20
-78.9807
 30
0.0
 10
-2175.3796
 20
-79.0145
 30
0.0
 10
-2175.3796
 20
-79.0145
 30
0.0
  0
SPLINE
  5
AA
330
1F
100
AcDbEntity
  8
Layer 1
 62
   240
100
AcDbSpline
210
0.0
220
0.0
230
1.0
 70
    11
 71
     3
 72
    53
 73
    49
 74
     0
 42
0.0000000001
 43
0.0000000001
 40
0.0
 40
0.0
 40
0.0
 40
0.0
 40
0.0625
 40
0.0625
 40
0.0625
 40
0.125
 40
0.125
 40
0.125
 40
0.1875
 40
0.1875
 40
0.1875
 40
0.25
 40
0.25
 40
0.25
 40
0.3125
 40
0.3125
 40
0.3125
 40
0.375
 40
0.375
 40
0.375
 40
0.4375
 40
0.4375
 40
0.4375
 40
0.5
 40
0.5
 40
0.5
 40
0.5625
 40
0.5625
 40
0.5625
 40
0.625
 40
0.625
 40
0.625
 40
0.6875
 40
0.6875
 40
0.6875
 40
0.75
 40
0.75
 40
0.75
 40
0.8125
 40
0.8125
 40
0.8125
 40
0.875
 40
0.875
 40
0.875
 40
0.9375
 40
0.9375
 40
0.9375
 40
1.0
 40
1.0
 40
1.0
 40
1.0
 10
-2173.8361
 20
-78.8315
 30
0.0
 10
-2173.8361
 20
-78.6806
 30
0.0
 10
-2173.7918
 20
-78.5502
 30
0.0
 10
-2173.7112
 20
-78.4416
 30
0.0
 10
-2173.6431
 20
-78.3497
 30
0.0
 10
-2173.5493
 20
-78.2735
 30
0.0
 10
-2173.4347
 20
-78.2137
 30
0.0
 10
-2173.5248
 20
-78.1598
 30
0.0
 10
-2173.5942
 20
-78.0949
 30
0.0
 10
-2173.6445
 20
-78.0239
 30
0.0
 10
-2173.7155
 20
-77.9232
 30
0.0
 10
-2173.7485
 20
-77.8102
 30
0.0
 10
-2173.7485
 20
-77.6975
 30
0.0
 10
-2173.7485
 20
-77.5035
 30
0.0
 10
-2173.6674
 20
-77.3401
 30
0.0
 10
-2173.533
 20
-77.2245
 30
0.0
 10
-2173.3976
 20
-77.1077
 30
0.0
 10
-2173.2075
 20
-77.04
 30
0.0
 10
-2172.9932
 20
-77.04
 30
0.0
 10
-2172.7743
 20
-77.04
 30
0.0
 10
-2172.6052
 20
-77.105
 30
0.0
 10
-2172.4866
 20
-77.2053
 30
0.0
 10
-2172.3491
 20
-77.322
 30
0.0
 10
-2172.28
 20
-77.4857
 30
0.0
 10
-2172.28
 20
-77.6513
 30
0.0
 10
-2172.28
 20
-77.7649
 30
0.0
 10
-2172.3103
 20
-77.8831
 30
0.0
 10
-2172.386
 20
-77.9909
 30
0.0
 10
-2172.4366
 20
-78.0628
 30
0.0
 10
-2172.5075
 20
-78.1298
 30
0.0
 10
-2172.6032
 20
-78.187
 30
0.0
 10
-2172.4879
 20
-78.2438
 30
0.0
 10
-2172.393
 20
-78.3171
 30
0.0
 10
-2172.3239
 20
-78.4058
 30
0.0
 10
-2172.2411
 20
-78.5118
 30
0.0
 10
-2172.1956
 20
-78.6392
 30
0.0
 10
-2172.1956
 20
-78.7858
 30
0.0
 10
-2172.1956
 20
-78.9963
 30
0.0
 10
-2172.2847
 20
-79.1733
 30
0.0
 10
-2172.4309
 20
-79.2983
 30
0.0
 10
-2172.5798
 20
-79.4257
 30
0.0
 10
-2172.788
 20
-79.4989
 30
0.0
 10
-2173.0209
 20
-79.4989
 30
0.0
 10
-2173.2628
 20
-79.4989
 30
0.0
 10
-2173.4598
 20
-79.4286
 30
0.0
 10
-2173.5993
 20
-79.3161
 30
0.0
 10
-2173.7521
 20
-79.1927
 30
0.0
 10
-2173.8361
 20
-79.0193
 30
0.0
 10
-2173.8361
 20
-78.8315
 30
0.0
  0
SPLINE
  5
AB
330
1F
100
AcDbEntity
  8
Layer 1
 62
   240
100
AcDbSpline
210
0.0
220
0.0
230
1.0
 70
    11
 71
     3
 72
    35
 73
    31
 74
     0
 42
0.0000000001
 43
0.0000000001
 40
0.0
 40
0.0
 40
0.0
 40
0.0
 40
0.1
 40
0.1
 40
0.1
 40
0.2
 40
0.2
 40
0.2
 40
0.3
 40
0.3
 40
0.3
 40
0.4
 40
0.4
 40
0.4
 40
0.5
 40
0.5
 40
0.5
 40
0.6000000000000001
 40
0.6000000000000001
 40
0.6000000000000001
 40
0.7000000000000001
 40
0.7000000000000001
 40
0.7000000000000001
 40
0.8
 40
0.8
 40
0.8
 40
0.9
 40
0.9
 40
0.9
 40
1.0
 40
1.0
 40
1.0
 40
1.0
 10
-2172.6073
 20
-78.8176
 30
0.0
 10
-2172.6073
 20
-78.6942
 30
0.0
 10
-2172.6498
 20
-78.6031
 30
0.0
 10
-2172.7261
 20
-78.5337
 30
0.0
 10
-2172.8042
 20
-78.4629
 30
0.0
 10
-2172.9184
 20
-78.4117
 30
0.0
 10
-2173.0597
 20
-78.3705
 30
0.0
 10
-2173.1754
 20
-78.4062
 30
0.0
 10
-2173.265
 20
-78.4616
 30
0.0
 10
-2173.3258
 20
-78.531
 30
0.0
 10
-2173.3886
 20
-78.603
 30
0.0
 10
-2173.4213
 20
-78.6912
 30
0.0
 10
-2173.4213
 20
-78.7894
 30
0.0
 10
-2173.4213
 20
-78.7894
 30
0.0
 10
-2173.4218
 20
-78.8087
 30
0.0
 10
-2173.4218
 20
-78.8087
 30
0.0
 10
-2173.4217
 20
-78.904
 30
0.0
 10
-2173.3859
 20
-78.9926
 30
0.0
 10
-2173.3212
 20
-79.0588
 30
0.0
 10
-2173.2556
 20
-79.1254
 30
0.0
 10
-2173.1594
 20
-79.1697
 30
0.0
 10
-2173.0392
 20
-79.1748
 30
0.0
 10
-2173.0392
 20
-79.1748
 30
0.0
 10
-2173.0143
 20
-79.1756
 30
0.0
 10
-2173.0143
 20
-79.1756
 30
0.0
 10
-2172.8901
 20
-79.1754
 30
0.0
 10
-2172.7883
 20
-79.1379
 30
0.0
 10
-2172.718
 20
-79.0752
 30
0.0
 10
-2172.6475
 20
-79.0124
 30
0.0
 10
-2172.6073
 20
-78.9222
 30
0.0
 10
-2172.6073
 20
-78.8176
 30
0.0
  0
SPLINE
  5
AC
330
1F
100
AcDbEntity
  8
Layer 1
 62
   240
100
AcDbSpline
210
0.0
220
0.0
230
1.0
 70
    11
 71
     3
 72
    29
 73
    25
 74
     0
 42
0.0000000001
 43
0.0000000001
 40
0.0
 40
0.0
 40
0.0
 40
0.0
 40
0.125
 40
0.125
 40
0.125
 40
0.25
 40
0.25
 40
0.25
 40
0.375
 40
0.375
 40
0.375
 40
0.5
 40
0.5
 40
0.5
 40
0.625
 40
0.625
 40
0.625
 40
0.75
 40
0.75
 40
0.75
 40
0.875
 40
0.875
 40
0.875
 40
1.0
 40
1.0
 40
1.0
 40
1.0
 10
-2173.3581
 20
-77.6759
 30
0.0
 10
-2173.3581
 20
-77.7748
 30
0.0
 10
-2173.3209
 20
-77.8509
 30
0.0
 10
-2173.2556
 20
-77.9094
 30
0.0
 10
-2173.1889
 20
-77.9692
 30
0.0
 10
-2173.0917
 20
-78.0133
 30
0.0
 10
-2172.9736
 20
-78.0458
 30
0.0
 10
-2172.8843
 20
-78.0135
 30
0.0
 10
-2172.8064
 20
-77.9646
 30
0.0
 10
-2172.7526
 20
-77.9004
 30
0.0
 10
-2172.7037
 20
-77.8416
 30
0.0
 10
-2172.6739
 20
-77.769
 30
0.0
 10
-2172.6739
 20
-77.6836
 30
0.0
 10
-2172.6739
 20
-77.5959
 30
0.0
 10
-2172.7018
 20
-77.5069
 30
0.0
 10
-2172.7655
 20
-77.4452
 30
0.0
 10
-2172.8188
 20
-77.3939
 30
0.0
 10
-2172.8989
 20
-77.3602
 30
0.0
 10
-2173.0106
 20
-77.3602
 30
0.0
 10
-2173.1197
 20
-77.3602
 30
0.0
 10
-2173.2044
 20
-77.3937
 30
0.0
 10
-2173.2625
 20
-77.4471
 30
0.0
 10
-2173.3249
 20
-77.5046
 30
0.0
 10
-2173.3581
 20
-77.5868
 30
0.0
 10
-2173.3581
 20
-77.6759
 30
0.0
  0
SPLINE
  5
AD
330
1F
100
AcDbEntity
  8
Layer 1
 62
   240
100
AcDbSpline
210
0.0
220
0.0
230
1.0
 70
    11
 71
     3
 72
    71
 73
    67
 74
     0
 42
0.0000000001
 43
0.0000000001
 40
0.0
 40
0.0
 40
0.0
 40
0.0
 40
0.0454545454545455
 40
0.0454545454545455
 40
0.0454545454545455
 40
0.0909090909090909
 40
0.0909090909090909
 40
0.0909090909090909
 40
0.1363636363636364
 40
0.1363636363636364
 40
0.1363636363636364
 40
0.1818181818181818
 40
0.1818181818181818
 40
0.1818181818181818
 40
0.2272727272727273
 40
0.2272727272727273
 40
0.2272727272727273
 40
0.2727272727272727
 40
0.2727272727272727
 40
0.2727272727272727
 40
0.3181818181818182
 40
0.3181818181818182
 40
0.3181818181818182
 40
0.3636363636363636
 40
0.3636363636363636
 40
0.3636363636363636
 40
0.4090909090909091
 40
0.4090909090909091
 40
0.4090909090909091
 40
0.4545454545454546
 40
0.4545454545454546
 40
0.4545454545454546
 40
0.5
 40
0.5
 40
0.5
 40
0.5454545454545454
 40
0.5454545454545454
 40
0.5454545454545454
 40
0.5909090909090909
 40
0.5909090909090909
 40
0.5909090909090909
 40
0.6363636363636364
 40
0.6363636363636364
 40
0.6363636363636364
 40
0.6818181818181819
 40
0.6818181818181819
 40
0.6818181818181819
 40
0.7272727272727273
 40
0.7272727272727273
 40
0.7272727272727273
 40
0.7727272727272727
 40
0.7727272727272727
 40
0.7727272727272727
 40
0.8181818181818182
 40
0.8181818181818182
 40
0.8181818181818182
 40
0.8636363636363636
 40
0.8636363636363636
 40
0.8636363636363636
 40
0.9090909090909092
 40
0.9090909090909092
 40
0.9090909090909092
 40
0.9545454545454546
 40
0.9545454545454546
 40
0.9545454545454546
 40
1.0
 40
1.0
 40
1.0
 40
1.0
 10
-2172.0863
 20
-79.4111
 30
0.0
 10
-2172.0863
 20
-79.4111
 30
0.0
 10
-2172.0863
 20
-79.2003
 30
0.0
 10
-2172.0863
 20
-79.2003
 30
0.0
 10
-2172.0863
 20
-79.2003
 30
0.0
 10
-2171.8291
 20
-78.951
 30
0.0
 10
-2171.8291
 20
-78.951
 30
0.0
 10
-2171.5393
 20
-78.6752
 30
0.0
 10
-2171.3294
 20
-78.4645
 30
0.0
 10
-2171.1921
 20
-78.2805
 30
0.0
 10
-2171.0598
 20
-78.1034
 30
0.0
 10
-2170.996
 20
-77.9521
 30
0.0
 10
-2170.9942
 20
-77.7918
 30
0.0
 10
-2170.9944
 20
-77.6778
 30
0.0
 10
-2171.0236
 20
-77.5693
 30
0.0
 10
-2171.0982
 20
-77.4959
 30
0.0
 10
-2171.1606
 20
-77.4346
 30
0.0
 10
-2171.2572
 20
-77.3955
 30
0.0
 10
-2171.3983
 20
-77.3955
 30
0.0
 10
-2171.481
 20
-77.3955
 30
0.0
 10
-2171.5582
 20
-77.414
 30
0.0
 10
-2171.6262
 20
-77.441
 30
0.0
 10
-2171.7173
 20
-77.4772
 30
0.0
 10
-2171.7944
 20
-77.5299
 30
0.0
 10
-2171.8507
 20
-77.577
 30
0.0
 10
-2171.8507
 20
-77.577
 30
0.0
 10
-2171.9008
 20
-77.6185
 30
0.0
 10
-2171.9008
 20
-77.6185
 30
0.0
 10
-2171.9008
 20
-77.6185
 30
0.0
 10
-2172.0407
 20
-77.3079
 30
0.0
 10
-2172.0407
 20
-77.3079
 30
0.0
 10
-2172.0407
 20
-77.3079
 30
0.0
 10
-2172.0125
 20
-77.2838
 30
0.0
 10
-2172.0125
 20
-77.2838
 30
0.0
 10
-2171.9255
 20
-77.2103
 30
0.0
 10
-2171.8189
 20
-77.1467
 30
0.0
 10
-2171.6971
 20
-77.1029
 30
0.0
 10
-2171.5875
 20
-77.0636
 30
0.0
 10
-2171.4656
 20
-77.04
 30
0.0
 10
-2171.3346
 20
-77.04
 30
0.0
 10
-2171.0965
 20
-77.04
 30
0.0
 10
-2170.9194
 20
-77.1161
 30
0.0
 10
-2170.7975
 20
-77.2319
 30
0.0
 10
-2170.6523
 20
-77.3698
 30
0.0
 10
-2170.5861
 20
-77.5636
 30
0.0
 10
-2170.5861
 20
-77.7533
 30
0.0
 10
-2170.5861
 20
-77.975
 30
0.0
 10
-2170.6659
 20
-78.1744
 30
0.0
 10
-2170.8083
 20
-78.3786
 30
0.0
 10
-2170.9473
 20
-78.578
 30
0.0
 10
-2171.1459
 20
-78.7813
 30
0.0
 10
-2171.3883
 20
-79.0147
 30
0.0
 10
-2171.3883
 20
-79.0147
 30
0.0
 10
-2171.4861
 20
-79.1051
 30
0.0
 10
-2171.4861
 20
-79.1051
 30
0.0
 10
-2171.4861
 20
-79.1051
 30
0.0
 10
-2170.5303
 20
-79.1051
 30
0.0
 10
-2170.5303
 20
-79.1051
 30
0.0
 10
-2170.5303
 20
-79.1051
 30
0.0
 10
-2170.5303
 20
-79.4606
 30
0.0
 10
-2170.5303
 20
-79.4606
 30
0.0
 10
-2170.5303
 20
-79.4606
 30
0.0
 10
-2172.0863
 20
-79.4606
 30
0.0
 10
-2172.0863
 20
-79.4606
 30
0.0
 10
-2172.0863
 20
-79.4606
 30
0.0
 10
-2172.0863
 20
-79.4111
 30
0.0
 10
-2172.0863
 20
-79.4111
 30
0.0
  0
SPLINE
  5
AE
330
1F
100
AcDbEntity
  8
Layer 1
 62
   240
100
AcDbSpline
210
0.0
220
0.0
230
1.0
 70
    11
 71
     3
 72
    53
 73
    49
 74
     0
 42
0.0000000001
 43
0.0000000001
 40
0.0
 40
0.0
 40
0.0
 40
0.0
 40
0.0625
 40
0.0625
 40
0.0625
 40
0.125
 40
0.125
 40
0.125
 40
0.1875
 40
0.1875
 40
0.1875
 40
0.25
 40
0.25
 40
0.25
 40
0.3125
 40
0.3125
 40
0.3125
 40
0.375
 40
0.375
 40
0.375
 40
0.4375
 40
0.4375
 40
0.4375
 40
0.5
 40
0.5
 40
0.5
 40
0.5625
 40
0.5625
 40
0.5625
 40
0.625
 40
0.625
 40
0.625
 40
0.6875
 40
0.6875
 40
0.6875
 40
0.75
 40
0.75
 40
0.75
 40
0.8125
 40
0.8125
 40
0.8125
 40
0.875
 40
0.875
 40
0.875
 40
0.9375
 40
0.9375
 40
0.9375
 40
1.0
 40
1.0
 40
1.0
 40
1.0
 10
-2170.3933
 20
-78.8315
 30
0.0
 10
-2170.3933
 20
-78.6806
 30
0.0
 10
-2170.3488
 20
-78.5502
 30
0.0
 10
-2170.2683
 20
-78.4415
 30
0.0
 10
-2170.2001
 20
-78.3496
 30
0.0
 10
-2170.1062
 20
-78.2737
 30
0.0
 10
-2169.9916
 20
-78.2139
 30
0.0
 10
-2170.0818
 20
-78.1599
 30
0.0
 10
-2170.1514
 20
-78.0949
 30
0.0
 10
-2170.2016
 20
-78.0239
 30
0.0
 10
-2170.2726
 20
-77.9232
 30
0.0
 10
-2170.3057
 20
-77.8102
 30
0.0
 10
-2170.3057
 20
-77.6975
 30
0.0
 10
-2170.3057
 20
-77.5035
 30
0.0
 10
-2170.2245
 20
-77.3398
 30
0.0
 10
-2170.0899
 20
-77.2242
 30
0.0
 10
-2169.9544
 20
-77.1077
 30
0.0
 10
-2169.7646
 20
-77.04
 30
0.0
 10
-2169.5499
 20
-77.04
 30
0.0
 10
-2169.3311
 20
-77.04
 30
0.0
 10
-2169.1619
 20
-77.1051
 30
0.0
 10
-2169.0433
 20
-77.2055
 30
0.0
 10
-2168.9058
 20
-77.322
 30
0.0
 10
-2168.8367
 20
-77.4857
 30
0.0
 10
-2168.8367
 20
-77.6513
 30
0.0
 10
-2168.8367
 20
-77.7648
 30
0.0
 10
-2168.8668
 20
-77.883
 30
0.0
 10
-2168.9428
 20
-77.9909
 30
0.0
 10
-2168.9933
 20
-78.0628
 30
0.0
 10
-2169.0644
 20
-78.1298
 30
0.0
 10
-2169.1603
 20
-78.187
 30
0.0
 10
-2169.045
 20
-78.2438
 30
0.0
 10
-2168.9502
 20
-78.317
 30
0.0
 10
-2168.8814
 20
-78.4057
 30
0.0
 10
-2168.7984
 20
-78.5118
 30
0.0
 10
-2168.7531
 20
-78.639
 30
0.0
 10
-2168.7531
 20
-78.7858
 30
0.0
 10
-2168.7531
 20
-78.9961
 30
0.0
 10
-2168.8422
 20
-79.1733
 30
0.0
 10
-2168.9883
 20
-79.2983
 30
0.0
 10
-2169.137
 20
-79.4257
 30
0.0
 10
-2169.3452
 20
-79.4989
 30
0.0
 10
-2169.5781
 20
-79.4989
 30
0.0
 10
-2169.8199
 20
-79.4989
 30
0.0
 10
-2170.017
 20
-79.4286
 30
0.0
 10
-2170.1565
 20
-79.316
 30
0.0
 10
-2170.3093
 20
-79.1926
 30
0.0
 10
-2170.3933
 20
-79.0192
 30
0.0
 10
-2170.3933
 20
-78.8315
 30
0.0
  0
SPLINE
  5
AF
330
1F
100
AcDbEntity
  8
Layer 1
 62
   240
100
AcDbSpline
210
0.0
220
0.0
230
1.0
 70
    11
 71
     3
 72
    35
 73
    31
 74
     0
 42
0.0000000001
 43
0.0000000001
 40
0.0
 40
0.0
 40
0.0
 40
0.0
 40
0.1
 40
0.1
 40
0.1
 40
0.2
 40
0.2
 40
0.2
 40
0.3
 40
0.3
 40
0.3
 40
0.4
 40
0.4
 40
0.4
 40
0.5
 40
0.5
 40
0.5
 40
0.6000000000000001
 40
0.6000000000000001
 40
0.6000000000000001
 40
0.7000000000000001
 40
0.7000000000000001
 40
0.7000000000000001
 40
0.8
 40
0.8
 40
0.8
 40
0.9
 40
0.9
 40
0.9
 40
1.0
 40
1.0
 40
1.0
 40
1.0
 10
-2169.1644
 20
-78.8176
 30
0.0
 10
-2169.1644
 20
-78.6942
 30
0.0
 10
-2169.2071
 20
-78.6031
 30
0.0
 10
-2169.2834
 20
-78.5337
 30
0.0
 10
-2169.3612
 20
-78.4629
 30
0.0
 10
-2169.4757
 20
-78.4117
 30
0.0
 10
-2169.6166
 20
-78.3705
 30
0.0
 10
-2169.7325
 20
-78.406
 30
0.0
 10
-2169.8219
 20
-78.4616
 30
0.0
 10
-2169.8827
 20
-78.531
 30
0.0
 10
-2169.9454
 20
-78.603
 30
0.0
 10
-2169.9783
 20
-78.6912
 30
0.0
 10
-2169.9783
 20
-78.7894
 30
0.0
 10
-2169.9783
 20
-78.7894
 30
0.0
 10
-2169.9791
 20
-78.8093
 30
0.0
 10
-2169.9791
 20
-78.8093
 30
0.0
 10
-2169.9787
 20
-78.9043
 30
0.0
 10
-2169.9432
 20
-78.9929
 30
0.0
 10
-2169.8786
 20
-79.0587
 30
0.0
 10
-2169.813
 20
-79.1253
 30
0.0
 10
-2169.7171
 20
-79.1694
 30
0.0
 10
-2169.5972
 20
-79.1748
 30
0.0
 10
-2169.5972
 20
-79.1748
 30
0.0
 10
-2169.5714
 20
-79.1756
 30
0.0
 10
-2169.5714
 20
-79.1756
 30
0.0
 10
-2169.4472
 20
-79.1754
 30
0.0
 10
-2169.3454
 20
-79.1379
 30
0.0
 10
-2169.2751
 20
-79.0752
 30
0.0
 10
-2169.2044
 20
-79.0124
 30
0.0
 10
-2169.1644
 20
-78.9222
 30
0.0
 10
-2169.1644
 20
-78.8176
 30
0.0
  0
SPLINE
  5
B0
330
1F
100
AcDbEntity
  8
Layer 1
 62
   240
100
AcDbSpline
210
0.0
220
0.0
230
1.0
 70
    11
 71
     3
 72
    29
 73
    25
 74
     0
 42
0.0000000001
 43
0.0000000001
 40
0.0
 40
0.0
 40
0.0
 40
0.0
 40
0.125
 40
0.125
 40
0.125
 40
0.25
 40
0.25
 40
0.25
 40
0.375
 40
0.375
 40
0.375
 40
0.5
 40
0.5
 40
0.5
 40
0.625
 40
0.625
 40
0.625
 40
0.75
 40
0.75
 40
0.75
 40
0.875
 40
0.875
 40
0.875
 40
1.0
 40
1.0
 40
1.0
 40
1.0
 10
-2169.9153
 20
-77.6759
 30
0.0
 10
-2169.9153
 20
-77.7748
 30
0.0
 10
-2169.8781
 20
-77.8509
 30
0.0
 10
-2169.8128
 20
-77.9094
 30
0.0
 10
-2169.746
 20
-77.9692
 30
0.0
 10
-2169.6486
 20
-78.0133
 30
0.0
 10
-2169.5306
 20
-78.0458
 30
0.0
 10
-2169.4415
 20
-78.0135
 30
0.0
 10
-2169.3637
 20
-77.9646
 30
0.0
 10
-2169.3098
 20
-77.9003
 30
0.0
 10
-2169.2609
 20
-77.8416
 30
0.0
 10
-2169.2311
 20
-77.7689
 30
0.0
 10
-2169.2311
 20
-77.6836
 30
0.0
 10
-2169.2311
 20
-77.5959
 30
0.0
 10
-2169.2589
 20
-77.5069
 30
0.0
 10
-2169.3226
 20
-77.4452
 30
0.0
 10
-2169.3759
 20
-77.3939
 30
0.0
 10
-2169.4558
 20
-77.3602
 30
0.0
 10
-2169.5678
 20
-77.3602
 30
0.0
 10
-2169.6769
 20
-77.3602
 30
0.0
 10
-2169.7616
 20
-77.3937
 30
0.0
 10
-2169.8197
 20
-77.4471
 30
0.0
 10
-2169.8821
 20
-77.5046
 30
0.0
 10
-2169.9153
 20
-77.5868
 30
0.0
 10
-2169.9153
 20
-77.6759
 30
0.0
  0
SPLINE
  5
B1
330
1F
100
AcDbEntity
  8
Layer 1
 62
   240
100
AcDbSpline
210
0.0
220
0.0
230
1.0
 70
    11
 71
     3
 72
    29
 73
    25
 74
     0
 42
0.0000000001
 43
0.0000000001
 40
0.0
 40
0.0
 40
0.0
 40
0.0
 40
0.125
 40
0.125
 40
0.125
 40
0.25
 40
0.25
 40
0.25
 40
0.375
 40
0.375
 40
0.375
 40
0.5
 40
0.5
 40
0.5
 40
0.625
 40
0.625
 40
0.625
 40
0.75
 40
0.75
 40
0.75
 40
0.875
 40
0.875
 40
0.875
 40
1.0
 40
1.0
 40
1.0
 40
1.0
 10
-2167.0274
 20
-78.2453
 30
0.0
 10
-2167.0274
 20
-78.6417
 30
0.0
 10
-2167.1018
 20
-78.9516
 30
0.0
 10
-2167.2418
 20
-79.1636
 30
0.0
 10
-2167.3866
 20
-79.3835
 30
0.0
 10
-2167.5997
 20
-79.4989
 30
0.0
 10
-2167.8707
 20
-79.4989
 30
0.0
 10
-2168.1153
 20
-79.4989
 30
0.0
 10
-2168.3195
 20
-79.3828
 30
0.0
 10
-2168.4613
 20
-79.1623
 30
0.0
 10
-2168.5938
 20
-78.9562
 30
0.0
 10
-2168.6713
 20
-78.6577
 30
0.0
 10
-2168.6747
 20
-78.2773
 30
0.0
 10
-2168.6748
 20
-77.8934
 30
0.0
 10
-2168.5931
 20
-77.5924
 30
0.0
 10
-2168.4538
 20
-77.3838
 30
0.0
 10
-2168.3032
 20
-77.1587
 30
0.0
 10
-2168.0863
 20
-77.04
 30
0.0
 10
-2167.8318
 20
-77.04
 30
0.0
 10
-2167.5742
 20
-77.04
 30
0.0
 10
-2167.3718
 20
-77.1547
 30
0.0
 10
-2167.2338
 20
-77.366
 30
0.0
 10
-2167.0989
 20
-77.5721
 30
0.0
 10
-2167.0274
 20
-77.8713
 30
0.0
 10
-2167.0274
 20
-78.2453
 30
0.0
  0
SPLINE
  5
B2
330
1F
100
AcDbEntity
  8
Layer 1
 62
   240
100
AcDbSpline
210
0.0
220
0.0
230
1.0
 70
    11
 71
     3
 72
    29
 73
    25
 74
     0
 42
0.0000000001
 43
0.0000000001
 40
0.0
 40
0.0
 40
0.0
 40
0.0
 40
0.125
 40
0.125
 40
0.125
 40
0.25
 40
0.25
 40
0.25
 40
0.375
 40
0.375
 40
0.375
 40
0.5
 40
0.5
 40
0.5
 40
0.625
 40
0.625
 40
0.625
 40
0.75
 40
0.75
 40
0.75
 40
0.875
 40
0.875
 40
0.875
 40
1.0
 40
1.0
 40
1.0
 40
1.0
 10
-2168.2675
 20
-78.28
 30
0.0
 10
-2168.2675
 20
-78.5651
 30
0.0
 10
-2168.2247
 20
-78.7882
 30
0.0
 10
-2168.149
 20
-78.9398
 30
0.0
 10
-2168.0771
 20
-79.0844
 30
0.0
 10
-2167.9749
 20
-79.1616
 30
0.0
 10
-2167.8528
 20
-79.1616
 30
0.0
 10
-2167.7197
 20
-79.1616
 30
0.0
 10
-2167.6193
 20
-79.0835
 30
0.0
 10
-2167.551
 20
-78.9441
 30
0.0
 10
-2167.4736
 20
-78.7861
 30
0.0
 10
-2167.4355
 20
-78.5504
 30
0.0
 10
-2167.4355
 20
-78.259
 30
0.0
 10
-2167.4355
 20
-77.9765
 30
0.0
 10
-2167.4724
 20
-77.7454
 30
0.0
 10
-2167.5499
 20
-77.5895
 30
0.0
 10
-2167.6171
 20
-77.4545
 30
0.0
 10
-2167.7163
 20
-77.3781
 30
0.0
 10
-2167.8496
 20
-77.3781
 30
0.0
 10
-2167.9689
 20
-77.3781
 30
0.0
 10
-2168.0733
 20
-77.4566
 30
0.0
 10
-2168.1476
 20
-77.608
 30
0.0
 10
-2168.2228
 20
-77.7611
 30
0.0
 10
-2168.2675
 20
-77.9866
 30
0.0
 10
-2168.2675
 20
-78.28
 30
0.0
  0
SPLINE
  5
B3
330
1F
100
AcDbEntity
  8
Layer 1
 62
   240
100
AcDbSpline
210
0.0
220
0.0
230
1.0
 70
    11
 71
     3
 72
    29
 73
    25
 74
     0
 42
0.0000000001
 43
0.0000000001
 40
0.0
 40
0.0
 40
0.0
 40
0.0
 40
0.125
 40
0.125
 40
0.125
 40
0.25
 40
0.25
 40
0.25
 40
0.375
 40
0.375
 40
0.375
 40
0.5
 40
0.5
 40
0.5
 40
0.625
 40
0.625
 40
0.625
 40
0.75
 40
0.75
 40
0.75
 40
0.875
 40
0.875
 40
0.875
 40
1.0
 40
1.0
 40
1.0
 40
1.0
 10
-2165.3056
 20
-78.2453
 30
0.0
 10
-2165.3056
 20
-78.6417
 30
0.0
 10
-2165.3801
 20
-78.9516
 30
0.0
 10
-2165.5202
 20
-79.1636
 30
0.0
 10
-2165.665
 20
-79.3835
 30
0.0
 10
-2165.8781
 20
-79.4989
 30
0.0
 10
-2166.149
 20
-79.4989
 30
0.0
 10
-2166.3936
 20
-79.4989
 30
0.0
 10
-2166.5978
 20
-79.3828
 30
0.0
 10
-2166.7396
 20
-79.1623
 30
0.0
 10
-2166.8722
 20
-78.9562
 30
0.0
 10
-2166.9495
 20
-78.6577
 30
0.0
 10
-2166.9529
 20
-78.2773
 30
0.0
 10
-2166.953
 20
-77.8934
 30
0.0
 10
-2166.8715
 20
-77.5925
 30
0.0
 10
-2166.7321
 20
-77.3838
 30
0.0
 10
-2166.5815
 20
-77.1585
 30
0.0
 10
-2166.3647
 20
-77.04
 30
0.0
 10
-2166.11
 20
-77.04
 30
0.0
 10
-2165.8524
 20
-77.04
 30
0.0
 10
-2165.65
 20
-77.1547
 30
0.0
 10
-2165.5122
 20
-77.366
 30
0.0
 10
-2165.3776
 20
-77.5722
 30
0.0
 10
-2165.3056
 20
-77.8713
 30
0.0
 10
-2165.3056
 20
-78.2453
 30
0.0
  0
SPLINE
  5
B4
330
1F
100
AcDbEntity
  8
Layer 1
 62
   240
100
AcDbSpline
210
0.0
220
0.0
230
1.0
 70
    11
 71
     3
 72
    29
 73
    25
 74
     0
 42
0.0000000001
 43
0.0000000001
 40
0.0
 40
0.0
 40
0.0
 40
0.0
 40
0.125
 40
0.125
 40
0.125
 40
0.25
 40
0.25
 40
0.25
 40
0.375
 40
0.375
 40
0.375
 40
0.5
 40
0.5
 40
0.5
 40
0.625
 40
0.625
 40
0.625
 40
0.75
 40
0.75
 40
0.75
 40
0.875
 40
0.875
 40
0.875
 40
1.0
 40
1.0
 40
1.0
 40
1.0
 10
-2166.5458
 20
-78.28
 30
0.0
 10
-2166.5458
 20
-78.565
 30
0.0
 10
-2166.503
 20
-78.7881
 30
0.0
 10
-2166.4275
 20
-78.9397
 30
0.0
 10
-2166.3554
 20
-79.0845
 30
0.0
 10
-2166.2535
 20
-79.1616
 30
0.0
 10
-2166.1316
 20
-79.1616
 30
0.0
 10
-2165.9985
 20
-79.1616
 30
0.0
 10
-2165.898
 20
-79.0836
 30
0.0
 10
-2165.8297
 20
-78.9441
 30
0.0
 10
-2165.7518
 20
-78.7858
 30
0.0
 10
-2165.7139
 20
-78.5504
 30
0.0
 10
-2165.7139
 20
-78.259
 30
0.0
 10
-2165.7139
 20
-77.9765
 30
0.0
 10
-2165.7507
 20
-77.7453
 30
0.0
 10
-2165.8283
 20
-77.5895
 30
0.0
 10
-2165.8955
 20
-77.4545
 30
0.0
 10
-2165.9946
 20
-77.3781
 30
0.0
 10
-2166.128
 20
-77.3781
 30
0.0
 10
-2166.2472
 20
-77.3781
 30
0.0
 10
-2166.3517
 20
-77.4566
 30
0.0
 10
-2166.426
 20
-77.608
 30
0.0
 10
-2166.5012
 20
-77.7611
 30
0.0
 10
-2166.5458
 20
-77.9866
 30
0.0
 10
-2166.5458
 20
-78.28
 30
0.0
  0
SPLINE
  5
B5
330
1F
100
AcDbEntity
  8
Layer 1
 62
   240
100
AcDbSpline
210
0.0
220
0.0
230
1.0
 70
    11
 71
     3
 72
   110
 73
   106
 74
     0
 42
0.0000000001
 43
0.0000000001
 40
0.0
 40
0.0
 40
0.0
 40
0.0
 40
0.0285714285714286
 40
0.0285714285714286
 40
0.0285714285714286
 40
0.0571428571428571
 40
0.0571428571428571
 40
0.0571428571428571
 40
0.0857142857142857
 40
0.0857142857142857
 40
0.0857142857142857
 40
0.1142857142857143
 40
0.1142857142857143
 40
0.1142857142857143
 40
0.1428571428571428
 40
0.1428571428571428
 40
0.1428571428571428
 40
0.1714285714285714
 40
0.1714285714285714
 40
0.1714285714285714
 40
0.2
 40
0.2
 40
0.2
 40
0.2285714285714286
 40
0.2285714285714286
 40
0.2285714285714286
 40
0.2571428571428571
 40
0.2571428571428571
 40
0.2571428571428571
 40
0.2857142857142857
 40
0.2857142857142857
 40
0.2857142857142857
 40
0.3142857142857143
 40
0.3142857142857143
 40
0.3142857142857143
 40
0.3428571428571429
 40
0.3428571428571429
 40
0.3428571428571429
 40
0.3714285714285714
 40
0.3714285714285714
 40
0.3714285714285714
 40
0.4
 40
0.4
 40
0.4
 40
0.4285714285714285
 40
0.4285714285714285
 40
0.4285714285714285
 40
0.4571428571428571
 40
0.4571428571428571
 40
0.4571428571428571
 40
0.4857142857142857
 40
0.4857142857142857
 40
0.4857142857142857
 40
0.5142857142857142
 40
0.5142857142857142
 40
0.5142857142857142
 40
0.5428571428571428
 40
0.5428571428571428
 40
0.5428571428571428
 40
0.5714285714285714
 40
0.5714285714285714
 40
0.5714285714285714
 40
0.6
 40
0.6
 40
0.6
 40
0.6285714285714286
 40
0.6285714285714286
 40
0.6285714285714286
 40
0.6571428571428571
 40
0.6571428571428571
 40
0.6571428571428571
 40
0.6857142857142857
 40
0.6857142857142857
 40
0.6857142857142857
 40
0.7142857142857143
 40
0.7142857142857143
 40
0.7142857142857143
 40
0.7428571428571429
 40
0.7428571428571429
 40
0.7428571428571429
 40
0.7714285714285714
 40
0.7714285714285714
 40
0.7714285714285714
 40
0.7999999999999999
 40
0.7999999999999999
 40
0.7999999999999999
 40
0.8285714285714285
 40
0.8285714285714285
 40
0.8285714285714285
 40
0.8571428571428571
 40
0.8571428571428571
 40
0.8571428571428571
 40
0.8857142857142857
 40
0.8857142857142857
 40
0.8857142857142857
 40
0.9142857142857143
 40
0.9142857142857143
 40
0.9142857142857143
 40
0.9428571428571428
 40
0.9428571428571428
 40
0.9428571428571428
 40
0.9714285714285714
 40
0.9714285714285714
 40
0.9714285714285714
 40
1.0
 40
1.0
 40
1.0
 40
1.0
 10
-2165.0505
 20
-79.0145
 30
0.0
 10
-2165.0033
 20
-79.0448
 30
0.0
 10
-2164.9194
 20
-79.0854
 30
0.0
 10
-2164.8177
 20
-79.1143
 30
0.0
 10
-2164.7425
 20
-79.1357
 30
0.0
 10
-2164.6575
 20
-79.1507
 30
0.0
 10
-2164.5714
 20
-79.1507
 30
0.0
 10
-2164.5714
 20
-79.1507
 30
0.0
 10
-2164.5546
 20
-79.1507
 30
0.0
 10
-2164.5546
 20
-79.1507
 30
0.0
 10
-2164.3821
 20
-79.1474
 30
0.0
 10
-2164.2687
 20
-79.0919
 30
0.0
 10
-2164.1997
 20
-79.0165
 30
0.0
 10
-2164.1316
 20
-78.9426
 30
0.0
 10
-2164.1048
 20
-78.8481
 30
0.0
 10
-2164.1048
 20
-78.766
 30
0.0
 10
-2164.1048
 20
-78.766
 30
0.0
 10
-2164.1048
 20
-78.7588
 30
0.0
 10
-2164.1048
 20
-78.7588
 30
0.0
 10
-2164.1061
 20
-78.628
 30
0.0
 10
-2164.161
 20
-78.5318
 30
0.0
 10
-2164.2451
 20
-78.4669
 30
0.0
 10
-2164.3477
 20
-78.3877
 30
0.0
 10
-2164.4946
 20
-78.3511
 30
0.0
 10
-2164.6452
 20
-78.3511
 30
0.0
 10
-2164.6452
 20
-78.3511
 30
0.0
 10
-2164.8667
 20
-78.3511
 30
0.0
 10
-2164.8667
 20
-78.3511
 30
0.0
 10
-2164.8667
 20
-78.3511
 30
0.0
 10
-2164.8667
 20
-78.0199
 30
0.0
 10
-2164.8667
 20
-78.0199
 30
0.0
 10
-2164.8667
 20
-78.0199
 30
0.0
 10
-2164.6452
 20
-78.0199
 30
0.0
 10
-2164.6452
 20
-78.0199
 30
0.0
 10
-2164.5299
 20
-78.0199
 30
0.0
 10
-2164.3979
 20
-77.9872
 30
0.0
 10
-2164.3048
 20
-77.9167
 30
0.0
 10
-2164.2341
 20
-77.8629
 30
0.0
 10
-2164.1855
 20
-77.7859
 30
0.0
 10
-2164.1855
 20
-77.6836
 30
0.0
 10
-2164.1855
 20
-77.5992
 30
0.0
 10
-2164.2135
 20
-77.5207
 30
0.0
 10
-2164.276
 20
-77.467
 30
0.0
 10
-2164.3319
 20
-77.4187
 30
0.0
 10
-2164.4171
 20
-77.3884
 30
0.0
 10
-2164.5361
 20
-77.3884
 30
0.0
 10
-2164.6121
 20
-77.3884
 30
0.0
 10
-2164.6868
 20
-77.4033
 30
0.0
 10
-2164.7538
 20
-77.4256
 30
0.0
 10
-2164.8387
 20
-77.4537
 30
0.0
 10
-2164.9127
 20
-77.4938
 30
0.0
 10
-2164.9646
 20
-77.5305
 30
0.0
 10
-2164.9646
 20
-77.5305
 30
0.0
 10
-2165.0171
 20
-77.5682
 30
0.0
 10
-2165.0171
 20
-77.5682
 30
0.0
 10
-2165.0171
 20
-77.5682
 30
0.0
 10
-2165.133
 20
-77.2473
 30
0.0
 10
-2165.133
 20
-77.2473
 30
0.0
 10
-2165.133
 20
-77.2473
 30
0.0
 10
-2165.1033
 20
-77.2256
 30
0.0
 10
-2165.1033
 20
-77.2256
 30
0.0
 10
-2165.0346
 20
-77.1754
 30
0.0
 10
-2164.9318
 20
-77.125
 30
0.0
 10
-2164.8118
 20
-77.0896
 30
0.0
 10
-2164.7099
 20
-77.0598
 30
0.0
 10
-2164.5947
 20
-77.04
 30
0.0
 10
-2164.4767
 20
-77.04
 30
0.0
 10
-2164.2558
 20
-77.04
 30
0.0
 10
-2164.0898
 20
-77.102
 30
0.0
 10
-2163.9746
 20
-77.1982
 30
0.0
 10
-2163.8388
 20
-77.3116
 30
0.0
 10
-2163.7741
 20
-77.4716
 30
0.0
 10
-2163.7741
 20
-77.6343
 30
0.0
 10
-2163.7741
 20
-77.7652
 30
0.0
 10
-2163.8143
 20
-77.8866
 30
0.0
 10
-2163.8946
 20
-77.989
 30
0.0
 10
-2163.9484
 20
-78.0577
 30
0.0
 10
-2164.0207
 20
-78.1176
 30
0.0
 10
-2164.1104
 20
-78.1657
 30
0.0
 10
-2164.0037
 20
-78.2062
 30
0.0
 10
-2163.9086
 20
-78.2699
 30
0.0
 10
-2163.8357
 20
-78.3539
 30
0.0
 10
-2163.7433
 20
-78.4605
 30
0.0
 10
-2163.6863
 20
-78.5995
 30
0.0
 10
-2163.6863
 20
-78.7648
 30
0.0
 10
-2163.6863
 20
-78.9712
 30
0.0
 10
-2163.7715
 20
-79.1646
 30
0.0
 10
-2163.9376
 20
-79.3014
 30
0.0
 10
-2164.0852
 20
-79.4226
 30
0.0
 10
-2164.2964
 20
-79.4989
 30
0.0
 10
-2164.5684
 20
-79.4989
 30
0.0
 10
-2164.6883
 20
-79.4989
 30
0.0
 10
-2164.802
 20
-79.4816
 30
0.0
 10
-2164.9012
 20
-79.456
 30
0.0
 10
-2165.0225
 20
-79.4246
 30
0.0
 10
-2165.1233
 20
-79.3793
 30
0.0
 10
-2165.1888
 20
-79.3365
 30
0.0
 10
-2165.1888
 20
-79.3365
 30
0.0
 10
-2165.2213
 20
-79.3151
 30
0.0
 10
-2165.2213
 20
-79.3151
 30
0.0
 10
-2165.2213
 20
-79.3151
 30
0.0
 10
-2165.1028
 20
-78.9807
 30
0.0
 10
-2165.1028
 20
-78.9807
 30
0.0
 10
-2165.1028
 20
-78.9807
 30
0.0
 10
-2165.0505
 20
-79.0145
 30
0.0
 10
-2165.0505
 20
-79.0145
 30
0.0
  0
SPLINE
  5
B6
330
1F
100
AcDbEntity
  8
Layer 1
 62
   240
100
AcDbSpline
210
0.0
220
0.0
230
1.0
 70
    11
 71
     3
 72
    29
 73
    25
 74
     0
 42
0.0000000001
 43
0.0000000001
 40
0.0
 40
0.0
 40
0.0
 40
0.0
 40
0.125
 40
0.125
 40
0.125
 40
0.25
 40
0.25
 40
0.25
 40
0.375
 40
0.375
 40
0.375
 40
0.5
 40
0.5
 40
0.5
 40
0.625
 40
0.625
 40
0.625
 40
0.75
 40
0.75
 40
0.75
 40
0.875
 40
0.875
 40
0.875
 40
1.0
 40
1.0
 40
1.0
 40
1.0
 10
-2182.0392
 20
-78.28
 30
0.0
 10
-2182.0392
 20
-78.5651
 30
0.0
 10
-2181.9964
 20
-78.7883
 30
0.0
 10
-2181.9212
 20
-78.94
 30
0.0
 10
-2181.8491
 20
-79.0844
 30
0.0
 10
-2181.7473
 20
-79.1616
 30
0.0
 10
-2181.6254
 20
-79.1616
 30
0.0
 10
-2181.4921
 20
-79.1616
 30
0.0
 10
-2181.3919
 20
-79.0836
 30
0.0
 10
-2181.3235
 20
-78.9441
 30
0.0
 10
-2181.2458
 20
-78.7858
 30
0.0
 10
-2181.2077
 20
-78.5504
 30
0.0
 10
-2181.2077
 20
-78.259
 30
0.0
 10
-2181.2077
 20
-77.9765
 30
0.0
 10
-2181.2445
 20
-77.7453
 30
0.0
 10
-2181.3221
 20
-77.5894
 30
0.0
 10
-2181.3893
 20
-77.4543
 30
0.0
 10
-2181.4884
 20
-77.3781
 30
0.0
 10
-2181.6218
 20
-77.3781
 30
0.0
 10
-2181.741
 20
-77.3781
 30
0.0
 10
-2181.8455
 20
-77.4563
 30
0.0
 10
-2181.9197
 20
-77.6076
 30
0.0
 10
-2181.9948
 20
-77.7608
 30
0.0
 10
-2182.0392
 20
-77.9864
 30
0.0
 10
-2182.0392
 20
-78.28
 30
0.0
  0
SPLINE
  5
B7
330
1F
100
AcDbEntity
  8
Layer 1
 62
   240
100
AcDbSpline
210
0.0
220
0.0
230
1.0
 70
    11
 71
     3
 72
    29
 73
    25
 74
     0
 42
0.0000000001
 43
0.0000000001
 40
0.0
 40
0.0
 40
0.0
 40
0.0
 40
0.125
 40
0.125
 40
0.125
 40
0.25
 40
0.25
 40
0.25
 40
0.375
 40
0.375
 40
0.375
 40
0.5
 40
0.5
 40
0.5
 40
0.625
 40
0.625
 40
0.625
 40
0.75
 40
0.75
 40
0.75
 40
0.875
 40
0.875
 40
0.875
 40
1.0
 40
1.0
 40
1.0
 40
1.0
 10
-2181.134
 20
-83.3897
 30
0.0
 10
-2181.134
 20
-83.7859
 30
0.0
 10
-2181.2085
 20
-84.0956
 30
0.0
 10
-2181.3484
 20
-84.3077
 30
0.0
 10
-2181.4931
 20
-84.5274
 30
0.0
 10
-2181.7062
 20
-84.6431
 30
0.0
 10
-2181.9771
 20
-84.6431
 30
0.0
 10
-2182.2215
 20
-84.6431
 30
0.0
 10
-2182.4258
 20
-84.5269
 30
0.0
 10
-2182.568
 20
-84.3062
 30
0.0
 10
-2182.7005
 20
-84.1004
 30
0.0
 10
-2182.7781
 20
-83.8017
 30
0.0
 10
-2182.7816
 20
-83.4213
 30
0.0
 10
-2182.7816
 20
-83.0374
 30
0.0
 10
-2182.7
 20
-82.7364
 30
0.0
 10
-2182.5607
 20
-82.5277
 30
0.0
 10
-2182.4099
 20
-82.3025
 30
0.0
 10
-2182.1932
 20
-82.1841
 30
0.0
 10
-2181.9386
 20
-82.1841
 30
0.0
 10
-2181.6811
 20
-82.1841
 30
0.0
 10
-2181.4785
 20
-82.2987
 30
0.0
 10
-2181.3406
 20
-82.5099
 30
0.0
 10
-2181.206
 20
-82.7164
 30
0.0
 10
-2181.134
 20
-83.0154
 30
0.0
 10
-2181.134
 20
-83.3897
 30
0.0
  0
SPLINE
  5
B8
330
1F
100
AcDbEntity
  8
Layer 1
 62
   240
100
AcDbSpline
210
0.0
220
0.0
230
1.0
 70
    11
 71
     3
 72
    29
 73
    25
 74
     0
 42
0.0000000001
 43
0.0000000001
 40
0.0
 40
0.0
 40
0.0
 40
0.0
 40
0.125
 40
0.125
 40
0.125
 40
0.25
 40
0.25
 40
0.25
 40
0.375
 40
0.375
 40
0.375
 40
0.5
 40
0.5
 40
0.5
 40
0.625
 40
0.625
 40
0.625
 40
0.75
 40
0.75
 40
0.75
 40
0.875
 40
0.875
 40
0.875
 40
1.0
 40
1.0
 40
1.0
 40
1.0
 10
-2182.3737
 20
-83.4242
 30
0.0
 10
-2182.3737
 20
-83.7096
 30
0.0
 10
-2182.331
 20
-83.9327
 30
0.0
 10
-2182.2554
 20
-84.084
 30
0.0
 10
-2182.1837
 20
-84.2284
 30
0.0
 10
-2182.0817
 20
-84.3055
 30
0.0
 10
-2181.9595
 20
-84.3055
 30
0.0
 10
-2181.8265
 20
-84.3055
 30
0.0
 10
-2181.726
 20
-84.2276
 30
0.0
 10
-2181.6576
 20
-84.0883
 30
0.0
 10
-2181.58
 20
-83.93
 30
0.0
 10
-2181.5421
 20
-83.6949
 30
0.0
 10
-2181.5421
 20
-83.4036
 30
0.0
 10
-2181.5421
 20
-83.1208
 30
0.0
 10
-2181.5789
 20
-82.8893
 30
0.0
 10
-2181.6564
 20
-82.7334
 30
0.0
 10
-2181.7238
 20
-82.5985
 30
0.0
 10
-2181.8229
 20
-82.5222
 30
0.0
 10
-2181.9562
 20
-82.5222
 30
0.0
 10
-2182.0721
 20
-82.5222
 30
0.0
 10
-2182.1736
 20
-82.5958
 30
0.0
 10
-2182.2472
 20
-82.7379
 30
0.0
 10
-2182.3266
 20
-82.8913
 30
0.0
 10
-2182.3737
 20
-83.1215
 30
0.0
 10
-2182.3737
 20
-83.4242
 30
0.0
  0
SPLINE
  5
B9
330
1F
100
AcDbEntity
  8
Layer 1
 62
   240
100
AcDbSpline
210
0.0
220
0.0
230
1.0
 70
    11
 71
     3
 72
    32
 73
    28
 74
     0
 42
0.0000000001
 43
0.0000000001
 40
0.0
 40
0.0
 40
0.0
 40
0.0
 40
0.1111111111111111
 40
0.1111111111111111
 40
0.1111111111111111
 40
0.2222222222222222
 40
0.2222222222222222
 40
0.2222222222222222
 40
0.3333333333333333
 40
0.3333333333333333
 40
0.3333333333333333
 40
0.4444444444444444
 40
0.4444444444444444
 40
0.4444444444444444
 40
0.5555555555555556
 40
0.5555555555555556
 40
0.5555555555555556
 40
0.6666666666666666
 40
0.6666666666666666
 40
0.6666666666666666
 40
0.7777777777777777
 40
0.7777777777777777
 40
0.7777777777777777
 40
0.8888888888888888
 40
0.8888888888888888
 40
0.8888888888888888
 40
1.0
 40
1.0
 40
1.0
 40
1.0
 10
-2179.4476
 20
-82.2726
 30
0.0
 10
-2179.4476
 20
-82.2726
 30
0.0
 10
-2179.4476
 20
-82.4761
 30
0.0
 10
-2179.4476
 20
-82.4761
 30
0.0
 10
-2179.4476
 20
-82.4761
 30
0.0
 10
-2179.4526
 20
-82.4975
 30
0.0
 10
-2179.4526
 20
-82.4975
 30
0.0
 10
-2179.4526
 20
-82.4975
 30
0.0
 10
-2180.4599
 20
-84.6045
 30
0.0
 10
-2180.4599
 20
-84.6045
 30
0.0
 10
-2180.4599
 20
-84.6045
 30
0.0
 10
-2180.8897
 20
-84.6045
 30
0.0
 10
-2180.8897
 20
-84.6045
 30
0.0
 10
-2180.8897
 20
-84.6045
 30
0.0
 10
-2179.896
 20
-82.5785
 30
0.0
 10
-2179.896
 20
-82.5785
 30
0.0
 10
-2179.896
 20
-82.5785
 30
0.0
 10
-2180.9865
 20
-82.5785
 30
0.0
 10
-2180.9865
 20
-82.5785
 30
0.0
 10
-2180.9865
 20
-82.5785
 30
0.0
 10
-2180.9865
 20
-82.2231
 30
0.0
 10
-2180.9865
 20
-82.2231
 30
0.0
 10
-2180.9865
 20
-82.2231
 30
0.0
 10
-2179.4476
 20
-82.2231
 30
0.0
 10
-2179.4476
 20
-82.2231
 30
0.0
 10
-2179.4476
 20
-82.2231
 30
0.0
 10
-2179.4476
 20
-82.2726
 30
0.0
 10
-2179.4476
 20
-82.2726
 30
0.0
  0
SPLINE
  5
BA
330
1F
100
AcDbEntity
  8
Layer 1
 62
   240
100
AcDbSpline
210
0.0
220
0.0
230
1.0
 70
    11
 71
     3
 72
    29
 73
    25
 74
     0
 42
0.0000000001
 43
0.0000000001
 40
0.0
 40
0.0
 40
0.0
 40
0.0
 40
0.125
 40
0.125
 40
0.125
 40
0.25
 40
0.25
 40
0.25
 40
0.375
 40
0.375
 40
0.375
 40
0.5
 40
0.5
 40
0.5
 40
0.625
 40
0.625
 40
0.625
 40
0.75
 40
0.75
 40
0.75
 40
0.875
 40
0.875
 40
0.875
 40
1.0
 40
1.0
 40
1.0
 40
1.0
 10
-2178.6363
 20
-82.6394
 30
0.0
 10
-2178.6363
 20
-82.6394
 30
0.0
 10
-2179.0232
 20
-82.8483
 30
0.0
 10
-2179.0232
 20
-82.8483
 30
0.0
 10
-2179.0232
 20
-82.8483
 30
0.0
 10
-2179.1075
 20
-82.5139
 30
0.0
 10
-2179.1075
 20
-82.5139
 30
0.0
 10
-2179.1075
 20
-82.5139
 30
0.0
 10
-2178.575
 20
-82.229
 30
0.0
 10
-2178.575
 20
-82.229
 30
0.0
 10
-2178.575
 20
-82.229
 30
0.0
 10
-2178.5516
 20
-82.2231
 30
0.0
 10
-2178.5516
 20
-82.2231
 30
0.0
 10
-2178.5516
 20
-82.2231
 30
0.0
 10
-2178.2389
 20
-82.2231
 30
0.0
 10
-2178.2389
 20
-82.2231
 30
0.0
 10
-2178.2389
 20
-82.2231
 30
0.0
 10
-2178.2389
 20
-84.6045
 30
0.0
 10
-2178.2389
 20
-84.6045
 30
0.0
 10
-2178.2389
 20
-84.6045
 30
0.0
 10
-2178.6363
 20
-84.6045
 30
0.0
 10
-2178.6363
 20
-84.6045
 30
0.0
 10
-2178.6363
 20
-84.6045
 30
0.0
 10
-2178.6363
 20
-82.6394
 30
0.0
 10
-2178.6363
 20
-82.6394
 30
0.0
  0
SPLINE
  5
BB
330
1F
100
AcDbEntity
  8
Layer 1
 62
   240
100
AcDbSpline
210
0.0
220
0.0
230
1.0
 70
    11
 71
     3
 72
    83
 73
    79
 74
     0
 42
0.0000000001
 43
0.0000000001
 40
0.0
 40
0.0
 40
0.0
 40
0.0
 40
0.0384615384615385
 40
0.0384615384615385
 40
0.0384615384615385
 40
0.0769230769230769
 40
0.0769230769230769
 40
0.0769230769230769
 40
0.1153846153846154
 40
0.1153846153846154
 40
0.1153846153846154
 40
0.1538461538461539
 40
0.1538461538461539
 40
0.1538461538461539
 40
0.1923076923076923
 40
0.1923076923076923
 40
0.1923076923076923
 40
0.2307692307692308
 40
0.2307692307692308
 40
0.2307692307692308
 40
0.2692307692307693
 40
0.2692307692307693
 40
0.2692307692307693
 40
0.3076923076923077
 40
0.3076923076923077
 40
0.3076923076923077
 40
0.3461538461538461
 40
0.3461538461538461
 40
0.3461538461538461
 40
0.3846153846153846
 40
0.3846153846153846
 40
0.3846153846153846
 40
0.4230769230769231
 40
0.4230769230769231
 40
0.4230769230769231
 40
0.4615384615384616
 40
0.4615384615384616
 40
0.4615384615384616
 40
0.5
 40
0.5
 40
0.5
 40
0.5384615384615385
 40
0.5384615384615385
 40
0.5384615384615385
 40
0.576923076923077
 40
0.576923076923077
 40
0.576923076923077
 40
0.6153846153846154
 40
0.6153846153846154
 40
0.6153846153846154
 40
0.6538461538461539
 40
0.6538461538461539
 40
0.6538461538461539
 40
0.6923076923076923
 40
0.6923076923076923
 40
0.6923076923076923
 40
0.7307692307692308
 40
0.7307692307692308
 40
0.7307692307692308
 40
0.7692307692307693
 40
0.7692307692307693
 40
0.7692307692307693
 40
0.8076923076923077
 40
0.8076923076923077
 40
0.8076923076923077
 40
0.8461538461538463
 40
0.8461538461538463
 40
0.8461538461538463
 40
0.8846153846153847
 40
0.8846153846153847
 40
0.8846153846153847
 40
0.9230769230769231
 40
0.9230769230769231
 40
0.9230769230769231
 40
0.9615384615384616
 40
0.9615384615384616
 40
0.9615384615384616
 40
1.0
 40
1.0
 40
1.0
 40
1.0
 10
-2176.1734
 20
-82.582
 30
0.0
 10
-2176.1734
 20
-82.582
 30
0.0
 10
-2177.0018
 20
-82.582
 30
0.0
 10
-2177.0018
 20
-82.582
 30
0.0
 10
-2177.0018
 20
-82.582
 30
0.0
 10
-2177.0733
 20
-83.0618
 30
0.0
 10
-2177.0733
 20
-83.0618
 30
0.0
 10
-2177.0383
 20
-83.058
 30
0.0
 10
-2176.9984
 20
-83.0551
 30
0.0
 10
-2176.9461
 20
-83.0551
 30
0.0
 10
-2176.8521
 20
-83.0551
 30
0.0
 10
-2176.7576
 20
-83.066
 30
0.0
 10
-2176.6681
 20
-83.0882
 30
0.0
 10
-2176.5827
 20
-83.1099
 30
0.0
 10
-2176.5014
 20
-83.1421
 30
0.0
 10
-2176.4289
 20
-83.1856
 30
0.0
 10
-2176.3267
 20
-83.2439
 30
0.0
 10
-2176.2336
 20
-83.3314
 30
0.0
 10
-2176.1692
 20
-83.447
 30
0.0
 10
-2176.1129
 20
-83.5483
 30
0.0
 10
-2176.0782
 20
-83.671
 30
0.0
 10
-2176.0782
 20
-83.8144
 30
0.0
 10
-2176.0782
 20
-84.0526
 30
0.0
 10
-2176.1737
 20
-84.2609
 30
0.0
 10
-2176.3357
 20
-84.4095
 30
0.0
 10
-2176.4951
 20
-84.5553
 30
0.0
 10
-2176.7186
 20
-84.6431
 30
0.0
 10
-2176.9777
 20
-84.6431
 30
0.0
 10
-2177.096
 20
-84.6431
 30
0.0
 10
-2177.2065
 20
-84.6275
 30
0.0
 10
-2177.3021
 20
-84.604
 30
0.0
 10
-2177.4158
 20
-84.5759
 30
0.0
 10
-2177.5104
 20
-84.5353
 30
0.0
 10
-2177.5735
 20
-84.4944
 30
0.0
 10
-2177.5735
 20
-84.4944
 30
0.0
 10
-2177.6055
 20
-84.4735
 30
0.0
 10
-2177.6055
 20
-84.4735
 30
0.0
 10
-2177.6055
 20
-84.4735
 30
0.0
 10
-2177.497
 20
-84.1442
 30
0.0
 10
-2177.497
 20
-84.1442
 30
0.0
 10
-2177.497
 20
-84.1442
 30
0.0
 10
-2177.4441
 20
-84.1757
 30
0.0
 10
-2177.4441
 20
-84.1757
 30
0.0
 10
-2177.3945
 20
-84.2052
 30
0.0
 10
-2177.3168
 20
-84.2392
 30
0.0
 10
-2177.2232
 20
-84.2634
 30
0.0
 10
-2177.1504
 20
-84.2822
 30
0.0
 10
-2177.0676
 20
-84.2951
 30
0.0
 10
-2176.981
 20
-84.2951
 30
0.0
 10
-2176.8426
 20
-84.2951
 30
0.0
 10
-2176.715
 20
-84.249
 30
0.0
 10
-2176.6248
 20
-84.1663
 30
0.0
 10
-2176.5419
 20
-84.0904
 30
0.0
 10
-2176.4899
 20
-83.9821
 30
0.0
 10
-2176.4899
 20
-83.8493
 30
0.0
 10
-2176.4914
 20
-83.7106
 30
0.0
 10
-2176.5402
 20
-83.5928
 30
0.0
 10
-2176.6439
 20
-83.5128
 30
0.0
 10
-2176.742
 20
-83.4371
 30
0.0
 10
-2176.8908
 20
-83.3931
 30
0.0
 10
-2177.0971
 20
-83.3931
 30
0.0
 10
-2177.2184
 20
-83.3931
 30
0.0
 10
-2177.3146
 20
-83.4054
 30
0.0
 10
-2177.3945
 20
-83.4156
 30
0.0
 10
-2177.3945
 20
-83.4156
 30
0.0
 10
-2177.4706
 20
-83.4252
 30
0.0
 10
-2177.4706
 20
-83.4252
 30
0.0
 10
-2177.4706
 20
-83.4252
 30
0.0
 10
-2177.3086
 20
-82.2231
 30
0.0
 10
-2177.3086
 20
-82.2231
 30
0.0
 10
-2177.3086
 20
-82.2231
 30
0.0
 10
-2176.1239
 20
-82.2231
 30
0.0
 10
-2176.1239
 20
-82.2231
 30
0.0
 10
-2176.1239
 20
-82.2231
 30
0.0
 10
-2176.1239
 20
-82.582
 30
0.0
 10
-2176.1239
 20
-82.582
 30
0.0
 10
-2176.1239
 20
-82.582
 30
0.0
 10
-2176.1734
 20
-82.582
 30
0.0
 10
-2176.1734
 20
-82.582
 30
0.0
  0
SPLINE
  5
BC
330
1F
100
AcDbEntity
  8
Layer 1
 62
   240
100
AcDbSpline
210
0.0
220
0.0
230
1.0
 70
    11
 71
     3
 72
    71
 73
    67
 74
     0
 42
0.0000000001
 43
0.0000000001
 40
0.0
 40
0.0
 40
0.0
 40
0.0
 40
0.0454545454545455
 40
0.0454545454545455
 40
0.0454545454545455
 40
0.0909090909090909
 40
0.0909090909090909
 40
0.0909090909090909
 40
0.1363636363636364
 40
0.1363636363636364
 40
0.1363636363636364
 40
0.1818181818181818
 40
0.1818181818181818
 40
0.1818181818181818
 40
0.2272727272727273
 40
0.2272727272727273
 40
0.2272727272727273
 40
0.2727272727272727
 40
0.2727272727272727
 40
0.2727272727272727
 40
0.3181818181818182
 40
0.3181818181818182
 40
0.3181818181818182
 40
0.3636363636363636
 40
0.3636363636363636
 40
0.3636363636363636
 40
0.4090909090909091
 40
0.4090909090909091
 40
0.4090909090909091
 40
0.4545454545454546
 40
0.4545454545454546
 40
0.4545454545454546
 40
0.5
 40
0.5
 40
0.5
 40
0.5454545454545454
 40
0.5454545454545454
 40
0.5454545454545454
 40
0.5909090909090909
 40
0.5909090909090909
 40
0.5909090909090909
 40
0.6363636363636364
 40
0.6363636363636364
 40
0.6363636363636364
 40
0.6818181818181819
 40
0.6818181818181819
 40
0.6818181818181819
 40
0.7272727272727273
 40
0.7272727272727273
 40
0.7272727272727273
 40
0.7727272727272727
 40
0.7727272727272727
 40
0.7727272727272727
 40
0.8181818181818182
 40
0.8181818181818182
 40
0.8181818181818182
 40
0.8636363636363636
 40
0.8636363636363636
 40
0.8636363636363636
 40
0.9090909090909092
 40
0.9090909090909092
 40
0.9090909090909092
 40
0.9545454545454546
 40
0.9545454545454546
 40
0.9545454545454546
 40
1.0
 40
1.0
 40
1.0
 40
1.0
 10
-2175.8637
 20
-84.5551
 30
0.0
 10
-2175.8637
 20
-84.5551
 30
0.0
 10
-2175.8637
 20
-84.3445
 30
0.0
 10
-2175.8637
 20
-84.3445
 30
0.0
 10
-2175.8637
 20
-84.3445
 30
0.0
 10
-2175.6065
 20
-84.095
 30
0.0
 10
-2175.6065
 20
-84.095
 30
0.0
 10
-2175.3168
 20
-83.8192
 30
0.0
 10
-2175.1069
 20
-83.6084
 30
0.0
 10
-2174.9695
 20
-83.4246
 30
0.0
 10
-2174.8372
 20
-83.2474
 30
0.0
 10
-2174.773
 20
-83.0965
 30
0.0
 10
-2174.7714
 20
-82.9362
 30
0.0
 10
-2174.7715
 20
-82.8221
 30
0.0
 10
-2174.8007
 20
-82.7136
 30
0.0
 10
-2174.8753
 20
-82.6403
 30
0.0
 10
-2174.9378
 20
-82.5789
 30
0.0
 10
-2175.0344
 20
-82.5398
 30
0.0
 10
-2175.1752
 20
-82.5398
 30
0.0
 10
-2175.2581
 20
-82.5398
 30
0.0
 10
-2175.3352
 20
-82.5581
 30
0.0
 10
-2175.4034
 20
-82.5854
 30
0.0
 10
-2175.4947
 20
-82.6217
 30
0.0
 10
-2175.5717
 20
-82.6742
 30
0.0
 10
-2175.6281
 20
-82.7213
 30
0.0
 10
-2175.6281
 20
-82.7213
 30
0.0
 10
-2175.6781
 20
-82.7628
 30
0.0
 10
-2175.6781
 20
-82.7628
 30
0.0
 10
-2175.6781
 20
-82.7628
 30
0.0
 10
-2175.8181
 20
-82.4521
 30
0.0
 10
-2175.8181
 20
-82.4521
 30
0.0
 10
-2175.8181
 20
-82.4521
 30
0.0
 10
-2175.7899
 20
-82.4282
 30
0.0
 10
-2175.7899
 20
-82.4282
 30
0.0
 10
-2175.7028
 20
-82.3548
 30
0.0
 10
-2175.596
 20
-82.2907
 30
0.0
 10
-2175.4739
 20
-82.247
 30
0.0
 10
-2175.364
 20
-82.2075
 30
0.0
 10
-2175.2421
 20
-82.1841
 30
0.0
 10
-2175.1119
 20
-82.1841
 30
0.0
 10
-2174.8735
 20
-82.1841
 30
0.0
 10
-2174.6967
 20
-82.2602
 30
0.0
 10
-2174.575
 20
-82.3759
 30
0.0
 10
-2174.4298
 20
-82.5139
 30
0.0
 10
-2174.3637
 20
-82.708
 30
0.0
 10
-2174.3637
 20
-82.8978
 30
0.0
 10
-2174.3637
 20
-83.1193
 30
0.0
 10
-2174.4436
 20
-83.3187
 30
0.0
 10
-2174.5857
 20
-83.5227
 30
0.0
 10
-2174.7245
 20
-83.7218
 30
0.0
 10
-2174.9233
 20
-83.9252
 30
0.0
 10
-2175.1659
 20
-84.1587
 30
0.0
 10
-2175.1659
 20
-84.1587
 30
0.0
 10
-2175.2643
 20
-84.2495
 30
0.0
 10
-2175.2643
 20
-84.2495
 30
0.0
 10
-2175.2643
 20
-84.2495
 30
0.0
 10
-2174.3077
 20
-84.2495
 30
0.0
 10
-2174.3077
 20
-84.2495
 30
0.0
 10
-2174.3077
 20
-84.2495
 30
0.0
 10
-2174.3077
 20
-84.6045
 30
0.0
 10
-2174.3077
 20
-84.6045
 30
0.0
 10
-2174.3077
 20
-84.6045
 30
0.0
 10
-2175.8637
 20
-84.6045
 30
0.0
 10
-2175.8637
 20
-84.6045
 30
0.0
 10
-2175.8637
 20
-84.6045
 30
0.0
 10
-2175.8637
 20
-84.5551
 30
0.0
 10
-2175.8637
 20
-84.5551
 30
0.0
  0
SPLINE
  5
BD
330
1F
100
AcDbEntity
  8
Layer 1
 62
   240
100
AcDbSpline
210
0.0
220
0.0
230
1.0
 70
    11
 71
     3
 72
   107
 73
   103
 74
     0
 42
0.0000000001
 43
0.0000000001
 40
0.0
 40
0.0
 40
0.0
 40
0.0
 40
0.0294117647058824
 40
0.0294117647058824
 40
0.0294117647058824
 40
0.0588235294117647
 40
0.0588235294117647
 40
0.0588235294117647
 40
0.0882352941176471
 40
0.0882352941176471
 40
0.0882352941176471
 40
0.1176470588235294
 40
0.1176470588235294
 40
0.1176470588235294
 40
0.1470588235294118
 40
0.1470588235294118
 40
0.1470588235294118
 40
0.1764705882352941
 40
0.1764705882352941
 40
0.1764705882352941
 40
0.2058823529411765
 40
0.2058823529411765
 40
0.2058823529411765
 40
0.2352941176470588
 40
0.2352941176470588
 40
0.2352941176470588
 40
0.2647058823529412
 40
0.2647058823529412
 40
0.2647058823529412
 40
0.2941176470588235
 40
0.2941176470588235
 40
0.2941176470588235
 40
0.3235294117647059
 40
0.3235294117647059
 40
0.3235294117647059
 40
0.3529411764705882
 40
0.3529411764705882
 40
0.3529411764705882
 40
0.3823529411764706
 40
0.3823529411764706
 40
0.3823529411764706
 40
0.4117647058823529
 40
0.4117647058823529
 40
0.4117647058823529
 40
0.4411764705882353
 40
0.4411764705882353
 40
0.4411764705882353
 40
0.4705882352941176
 40
0.4705882352941176
 40
0.4705882352941176
 40
0.5
 40
0.5
 40
0.5
 40
0.5294117647058824
 40
0.5294117647058824
 40
0.5294117647058824
 40
0.5588235294117647
 40
0.5588235294117647
 40
0.5588235294117647
 40
0.5882352941176471
 40
0.5882352941176471
 40
0.5882352941176471
 40
0.6176470588235294
 40
0.6176470588235294
 40
0.6176470588235294
 40
0.6470588235294118
 40
0.6470588235294118
 40
0.6470588235294118
 40
0.6764705882352942
 40
0.6764705882352942
 40
0.6764705882352942
 40
0.7058823529411764
 40
0.7058823529411764
 40
0.7058823529411764
 40
0.7352941176470588
 40
0.7352941176470588
 40
0.7352941176470588
 40
0.7647058823529411
 40
0.7647058823529411
 40
0.7647058823529411
 40
0.7941176470588235
 40
0.7941176470588235
 40
0.7941176470588235
 40
0.8235294117647058
 40
0.8235294117647058
 40
0.8235294117647058
 40
0.8529411764705882
 40
0.8529411764705882
 40
0.8529411764705882
 40
0.8823529411764706
 40
0.8823529411764706
 40
0.8823529411764706
 40
0.9117647058823529
 40
0.9117647058823529
 40
0.9117647058823529
 40
0.9411764705882353
 40
0.9411764705882353
 40
0.9411764705882353
 40
0.9705882352941176
 40
0.9705882352941176
 40
0.9705882352941176
 40
1.0
 40
1.0
 40
1.0
 40
1.0
 10
-2173.9929
 20
-84.1589
 30
0.0
 10
-2173.9457
 20
-84.189
 30
0.0
 10
-2173.8612
 20
-84.2294
 30
0.0
 10
-2173.759
 20
-84.2587
 30
0.0
 10
-2173.6839
 20
-84.2798
 30
0.0
 10
-2173.5997
 20
-84.2951
 30
0.0
 10
-2173.5138
 20
-84.2951
 30
0.0
 10
-2173.5138
 20
-84.2951
 30
0.0
 10
-2173.497
 20
-84.2951
 30
0.0
 10
-2173.497
 20
-84.2951
 30
0.0
 10
-2173.3239
 20
-84.2918
 30
0.0
 10
-2173.2105
 20
-84.236
 30
0.0
 10
-2173.1415
 20
-84.1607
 30
0.0
 10
-2173.0733
 20
-84.0866
 30
0.0
 10
-2173.0467
 20
-83.9922
 30
0.0
 10
-2173.0467
 20
-83.9101
 30
0.0
 10
-2173.0467
 20
-83.9101
 30
0.0
 10
-2173.0467
 20
-83.9028
 30
0.0
 10
-2173.0467
 20
-83.9028
 30
0.0
 10
-2173.048
 20
-83.7721
 30
0.0
 10
-2173.103
 20
-83.676
 30
0.0
 10
-2173.1872
 20
-83.6109
 30
0.0
 10
-2173.2899
 20
-83.5314
 30
0.0
 10
-2173.4367
 20
-83.495
 30
0.0
 10
-2173.5871
 20
-83.495
 30
0.0
 10
-2173.5871
 20
-83.495
 30
0.0
 10
-2173.8089
 20
-83.495
 30
0.0
 10
-2173.8089
 20
-83.495
 30
0.0
 10
-2173.8089
 20
-83.495
 30
0.0
 10
-2173.8089
 20
-83.1642
 30
0.0
 10
-2173.8089
 20
-83.1642
 30
0.0
 10
-2173.8089
 20
-83.1642
 30
0.0
 10
-2173.5871
 20
-83.1642
 30
0.0
 10
-2173.5871
 20
-83.1642
 30
0.0
 10
-2173.4716
 20
-83.1642
 30
0.0
 10
-2173.3398
 20
-83.1318
 30
0.0
 10
-2173.2465
 20
-83.061
 30
0.0
 10
-2173.1758
 20
-83.0074
 30
0.0
 10
-2173.1272
 20
-82.9305
 30
0.0
 10
-2173.1272
 20
-82.8275
 30
0.0
 10
-2173.1272
 20
-82.7435
 30
0.0
 10
-2173.1554
 20
-82.6649
 30
0.0
 10
-2173.2178
 20
-82.6113
 30
0.0
 10
-2173.2738
 20
-82.5632
 30
0.0
 10
-2173.3591
 20
-82.5327
 30
0.0
 10
-2173.4782
 20
-82.5327
 30
0.0
 10
-2173.5538
 20
-82.5327
 30
0.0
 10
-2173.6284
 20
-82.548
 30
0.0
 10
-2173.6962
 20
-82.5702
 30
0.0
 10
-2173.7809
 20
-82.5983
 30
0.0
 10
-2173.8547
 20
-82.638
 30
0.0
 10
-2173.9059
 20
-82.6748
 30
0.0
 10
-2173.9059
 20
-82.6748
 30
0.0
 10
-2173.959
 20
-82.7129
 30
0.0
 10
-2173.959
 20
-82.7129
 30
0.0
 10
-2173.959
 20
-82.7129
 30
0.0
 10
-2174.0747
 20
-82.3914
 30
0.0
 10
-2174.0747
 20
-82.3914
 30
0.0
 10
-2174.0747
 20
-82.3914
 30
0.0
 10
-2174.0452
 20
-82.3697
 30
0.0
 10
-2174.0452
 20
-82.3697
 30
0.0
 10
-2173.9766
 20
-82.3195
 30
0.0
 10
-2173.8739
 20
-82.2689
 30
0.0
 10
-2173.7539
 20
-82.2336
 30
0.0
 10
-2173.6521
 20
-82.2037
 30
0.0
 10
-2173.5368
 20
-82.1841
 30
0.0
 10
-2173.4187
 20
-82.1841
 30
0.0
 10
-2173.1978
 20
-82.1841
 30
0.0
 10
-2173.0315
 20
-82.2462
 30
0.0
 10
-2172.9162
 20
-82.3422
 30
0.0
 10
-2172.7804
 20
-82.4555
 30
0.0
 10
-2172.7158
 20
-82.6155
 30
0.0
 10
-2172.7158
 20
-82.7783
 30
0.0
 10
-2172.7158
 20
-82.9989
 30
0.0
 10
-2172.8281
 20
-83.191
 30
0.0
 10
-2173.0525
 20
-83.3101
 30
0.0
 10
-2172.9457
 20
-83.3508
 30
0.0
 10
-2172.8506
 20
-83.4143
 30
0.0
 10
-2172.7775
 20
-83.4982
 30
0.0
 10
-2172.6849
 20
-83.6046
 30
0.0
 10
-2172.6281
 20
-83.7438
 30
0.0
 10
-2172.6281
 20
-83.9092
 30
0.0
 10
-2172.6281
 20
-84.1155
 30
0.0
 10
-2172.7131
 20
-84.3089
 30
0.0
 10
-2172.8794
 20
-84.4454
 30
0.0
 10
-2173.027
 20
-84.5667
 30
0.0
 10
-2173.2382
 20
-84.6431
 30
0.0
 10
-2173.5101
 20
-84.6431
 30
0.0
 10
-2173.6303
 20
-84.6431
 30
0.0
 10
-2173.7442
 20
-84.6258
 30
0.0
 10
-2173.8437
 20
-84.6
 30
0.0
 10
-2173.9648
 20
-84.5685
 30
0.0
 10
-2174.0656
 20
-84.5234
 30
0.0
 10
-2174.1308
 20
-84.4803
 30
0.0
 10
-2174.1308
 20
-84.4803
 30
0.0
 10
-2174.1629
 20
-84.459
 30
0.0
 10
-2174.1629
 20
-84.459
 30
0.0
 10
-2174.1629
 20
-84.459
 30
0.0
 10
-2174.0454
 20
-84.1254
 30
0.0
 10
-2174.0454
 20
-84.1254
 30
0.0
 10
-2174.0454
 20
-84.1254
 30
0.0
 10
-2173.9929
 20
-84.1589
 30
0.0
 10
-2173.9929
 20
-84.1589
 30
0.0
  0
SPLINE
  5
BE
330
1F
100
AcDbEntity
  8
Layer 1
 62
   240
100
AcDbSpline
210
0.0
220
0.0
230
1.0
 70
    11
 71
     3
 72
    44
 73
    40
 74
     0
 42
0.0000000001
 43
0.0000000001
 40
0.0
 40
0.0
 40
0.0
 40
0.0
 40
0.0769230769230769
 40
0.0769230769230769
 40
0.0769230769230769
 40
0.1538461538461539
 40
0.1538461538461539
 40
0.1538461538461539
 40
0.2307692307692308
 40
0.2307692307692308
 40
0.2307692307692308
 40
0.3076923076923077
 40
0.3076923076923077
 40
0.3076923076923077
 40
0.3846153846153846
 40
0.3846153846153846
 40
0.3846153846153846
 40
0.4615384615384616
 40
0.4615384615384616
 40
0.4615384615384616
 40
0.5384615384615385
 40
0.5384615384615385
 40
0.5384615384615385
 40
0.6153846153846154
 40
0.6153846153846154
 40
0.6153846153846154
 40
0.6923076923076923
 40
0.6923076923076923
 40
0.6923076923076923
 40
0.7692307692307693
 40
0.7692307692307693
 40
0.7692307692307693
 40
0.8461538461538463
 40
0.8461538461538463
 40
0.8461538461538463
 40
0.9230769230769231
 40
0.9230769230769231
 40
0.9230769230769231
 40
1.0
 40
1.0
 40
1.0
 40
1.0
 10
-2171.4656
 20
-84.5551
 30
0.0
 10
-2171.4656
 20
-84.5551
 30
0.0
 10
-2171.4656
 20
-83.9833
 30
0.0
 10
-2171.4656
 20
-83.9833
 30
0.0
 10
-2171.4656
 20
-83.9833
 30
0.0
 10
-2172.5261
 20
-83.9833
 30
0.0
 10
-2172.5261
 20
-83.9833
 30
0.0
 10
-2172.5261
 20
-83.9833
 30
0.0
 10
-2172.5261
 20
-83.7301
 30
0.0
 10
-2172.5261
 20
-83.7301
 30
0.0
 10
-2172.5261
 20
-83.7301
 30
0.0
 10
-2172.5171
 20
-83.702
 30
0.0
 10
-2172.5171
 20
-83.702
 30
0.0
 10
-2172.5171
 20
-83.702
 30
0.0
 10
-2171.4836
 20
-82.2231
 30
0.0
 10
-2171.4836
 20
-82.2231
 30
0.0
 10
-2171.4836
 20
-82.2231
 30
0.0
 10
-2171.0753
 20
-82.2231
 30
0.0
 10
-2171.0753
 20
-82.2231
 30
0.0
 10
-2171.0753
 20
-82.2231
 30
0.0
 10
-2171.0753
 20
-83.6418
 30
0.0
 10
-2171.0753
 20
-83.6418
 30
0.0
 10
-2171.0753
 20
-83.6418
 30
0.0
 10
-2170.7557
 20
-83.6418
 30
0.0
 10
-2170.7557
 20
-83.6418
 30
0.0
 10
-2170.7557
 20
-83.6418
 30
0.0
 10
-2170.7557
 20
-83.9833
 30
0.0
 10
-2170.7557
 20
-83.9833
 30
0.0
 10
-2170.7557
 20
-83.9833
 30
0.0
 10
-2171.0753
 20
-83.9833
 30
0.0
 10
-2171.0753
 20
-83.9833
 30
0.0
 10
-2171.0753
 20
-83.9833
 30
0.0
 10
-2171.0753
 20
-84.6045
 30
0.0
 10
-2171.0753
 20
-84.6045
 30
0.0
 10
-2171.0753
 20
-84.6045
 30
0.0
 10
-2171.4656
 20
-84.6045
 30
0.0
 10
-2171.4656
 20
-84.6045
 30
0.0
 10
-2171.4656
 20
-84.6045
 30
0.0
 10
-2171.4656
 20
-84.5551
 30
0.0
 10
-2171.4656
 20
-84.5551
 30
0.0
  0
SPLINE
  5
BF
330
1F
100
AcDbEntity
  8
Layer 1
 62
   240
100
AcDbSpline
210
0.0
220
0.0
230
1.0
 70
    11
 71
     3
 72
    17
 73
    13
 74
     0
 42
0.0000000001
 43
0.0000000001
 40
0.0
 40
0.0
 40
0.0
 40
0.0
 40
0.25
 40
0.25
 40
0.25
 40
0.5
 40
0.5
 40
0.5
 40
0.75
 40
0.75
 40
0.75
 40
1.0
 40
1.0
 40
1.0
 40
1.0
 10
-2171.4656
 20
-83.6418
 30
0.0
 10
-2171.4656
 20
-83.6418
 30
0.0
 10
-2171.4656
 20
-82.9291
 30
0.0
 10
-2171.4656
 20
-82.9291
 30
0.0
 10
-2171.4656
 20
-82.9291
 30
0.0
 10
-2171.463
 20
-82.761
 30
0.0
 10
-2171.463
 20
-82.761
 30
0.0
 10
-2171.6394
 20
-83.072
 30
0.0
 10
-2171.8642
 20
-83.3519
 30
0.0
 10
-2172.0727
 20
-83.6418
 30
0.0
 10
-2172.0727
 20
-83.6418
 30
0.0
 10
-2171.4656
 20
-83.6418
 30
0.0
 10
-2171.4656
 20
-83.6418
 30
0.0
  0
SPLINE
  5
C0
330
1F
100
AcDbEntity
  8
Layer 1
 62
   240
100
AcDbSpline
210
0.0
220
0.0
230
1.0
 70
    11
 71
     3
 72
    71
 73
    67
 74
     0
 42
0.0000000001
 43
0.0000000001
 40
0.0
 40
0.0
 40
0.0
 40
0.0
 40
0.0454545454545455
 40
0.0454545454545455
 40
0.0454545454545455
 40
0.0909090909090909
 40
0.0909090909090909
 40
0.0909090909090909
 40
0.1363636363636364
 40
0.1363636363636364
 40
0.1363636363636364
 40
0.1818181818181818
 40
0.1818181818181818
 40
0.1818181818181818
 40
0.2272727272727273
 40
0.2272727272727273
 40
0.2272727272727273
 40
0.2727272727272727
 40
0.2727272727272727
 40
0.2727272727272727
 40
0.3181818181818182
 40
0.3181818181818182
 40
0.3181818181818182
 40
0.3636363636363636
 40
0.3636363636363636
 40
0.3636363636363636
 40
0.4090909090909091
 40
0.4090909090909091
 40
0.4090909090909091
 40
0.4545454545454546
 40
0.4545454545454546
 40
0.4545454545454546
 40
0.5
 40
0.5
 40
0.5
 40
0.5454545454545454
 40
0.5454545454545454
 40
0.5454545454545454
 40
0.5909090909090909
 40
0.5909090909090909
 40
0.5909090909090909
 40
0.6363636363636364
 40
0.6363636363636364
 40
0.6363636363636364
 40
0.6818181818181819
 40
0.6818181818181819
 40
0.6818181818181819
 40
0.7272727272727273
 40
0.7272727272727273
 40
0.7272727272727273
 40
0.7727272727272727
 40
0.7727272727272727
 40
0.7727272727272727
 40
0.8181818181818182
 40
0.8181818181818182
 40
0.8181818181818182
 40
0.8636363636363636
 40
0.8636363636363636
 40
0.8636363636363636
 40
0.9090909090909092
 40
0.9090909090909092
 40
0.9090909090909092
 40
0.9545454545454546
 40
0.9545454545454546
 40
0.9545454545454546
 40
1.0
 40
1.0
 40
1.0
 40
1.0
 10
-2170.6994
 20
-84.5551
 30
0.0
 10
-2170.6994
 20
-84.5551
 30
0.0
 10
-2170.6994
 20
-84.3445
 30
0.0
 10
-2170.6994
 20
-84.3445
 30
0.0
 10
-2170.6994
 20
-84.3445
 30
0.0
 10
-2170.4422
 20
-84.095
 30
0.0
 10
-2170.4422
 20
-84.095
 30
0.0
 10
-2170.1525
 20
-83.8191
 30
0.0
 10
-2169.942
 20
-83.608
 30
0.0
 10
-2169.8049
 20
-83.4246
 30
0.0
 10
-2169.6728
 20
-83.2474
 30
0.0
 10
-2169.6088
 20
-83.0966
 30
0.0
 10
-2169.607
 20
-82.9362
 30
0.0
 10
-2169.6071
 20
-82.8222
 30
0.0
 10
-2169.6361
 20
-82.7136
 30
0.0
 10
-2169.7109
 20
-82.6403
 30
0.0
 10
-2169.7734
 20
-82.5789
 30
0.0
 10
-2169.87
 20
-82.5398
 30
0.0
 10
-2170.0109
 20
-82.5398
 30
0.0
 10
-2170.0936
 20
-82.5398
 30
0.0
 10
-2170.1707
 20
-82.5581
 30
0.0
 10
-2170.2388
 20
-82.5854
 30
0.0
 10
-2170.3299
 20
-82.6215
 30
0.0
 10
-2170.4071
 20
-82.6742
 30
0.0
 10
-2170.4639
 20
-82.7214
 30
0.0
 10
-2170.4639
 20
-82.7214
 30
0.0
 10
-2170.5139
 20
-82.7627
 30
0.0
 10
-2170.5139
 20
-82.7627
 30
0.0
 10
-2170.5139
 20
-82.7627
 30
0.0
 10
-2170.6538
 20
-82.4521
 30
0.0
 10
-2170.6538
 20
-82.4521
 30
0.0
 10
-2170.6538
 20
-82.4521
 30
0.0
 10
-2170.6255
 20
-82.4282
 30
0.0
 10
-2170.6255
 20
-82.4282
 30
0.0
 10
-2170.5385
 20
-82.3548
 30
0.0
 10
-2170.4319
 20
-82.2907
 30
0.0
 10
-2170.3099
 20
-82.247
 30
0.0
 10
-2170.2001
 20
-82.2075
 30
0.0
 10
-2170.0782
 20
-82.1841
 30
0.0
 10
-2169.9477
 20
-82.1841
 30
0.0
 10
-2169.7092
 20
-82.1841
 30
0.0
 10
-2169.5325
 20
-82.2602
 30
0.0
 10
-2169.4109
 20
-82.3758
 30
0.0
 10
-2169.2656
 20
-82.5138
 30
0.0
 10
-2169.1996
 20
-82.7079
 30
0.0
 10
-2169.1996
 20
-82.8978
 30
0.0
 10
-2169.1996
 20
-83.1193
 30
0.0
 10
-2169.2794
 20
-83.3186
 30
0.0
 10
-2169.4214
 20
-83.5226
 30
0.0
 10
-2169.5597
 20
-83.7213
 30
0.0
 10
-2169.7586
 20
-83.9248
 30
0.0
 10
-2170.0014
 20
-84.1587
 30
0.0
 10
-2170.0014
 20
-84.1587
 30
0.0
 10
-2170.0996
 20
-84.2495
 30
0.0
 10
-2170.0996
 20
-84.2495
 30
0.0
 10
-2170.0996
 20
-84.2495
 30
0.0
 10
-2169.1432
 20
-84.2495
 30
0.0
 10
-2169.1432
 20
-84.2495
 30
0.0
 10
-2169.1432
 20
-84.2495
 30
0.0
 10
-2169.1432
 20
-84.6045
 30
0.0
 10
-2169.1432
 20
-84.6045
 30
0.0
 10
-2169.1432
 20
-84.6045
 30
0.0
 10
-2170.6994
 20
-84.6045
 30
0.0
 10
-2170.6994
 20
-84.6045
 30
0.0
 10
-2170.6994
 20
-84.6045
 30
0.0
 10
-2170.6994
 20
-84.5551
 30
0.0
 10
-2170.6994
 20
-84.5551
 30
0.0
  0
SPLINE
  5
C1
330
1F
100
AcDbEntity
  8
Layer 1
 62
   240
100
AcDbSpline
210
0.0
220
0.0
230
1.0
 70
    11
 71
     3
 72
    44
 73
    40
 74
     0
 42
0.0000000001
 43
0.0000000001
 40
0.0
 40
0.0
 40
0.0
 40
0.0
 40
0.0769230769230769
 40
0.0769230769230769
 40
0.0769230769230769
 40
0.1538461538461539
 40
0.1538461538461539
 40
0.1538461538461539
 40
0.2307692307692308
 40
0.2307692307692308
 40
0.2307692307692308
 40
0.3076923076923077
 40
0.3076923076923077
 40
0.3076923076923077
 40
0.3846153846153846
 40
0.3846153846153846
 40
0.3846153846153846
 40
0.4615384615384616
 40
0.4615384615384616
 40
0.4615384615384616
 40
0.5384615384615385
 40
0.5384615384615385
 40
0.5384615384615385
 40
0.6153846153846154
 40
0.6153846153846154
 40
0.6153846153846154
 40
0.6923076923076923
 40
0.6923076923076923
 40
0.6923076923076923
 40
0.7692307692307693
 40
0.7692307692307693
 40
0.7692307692307693
 40
0.8461538461538463
 40
0.8461538461538463
 40
0.8461538461538463
 40
0.9230769230769231
 40
0.9230769230769231
 40
0.9230769230769231
 40
1.0
 40
1.0
 40
1.0
 40
1.0
 10
-2168.0226
 20
-84.5551
 30
0.0
 10
-2168.0226
 20
-84.5551
 30
0.0
 10
-2168.0226
 20
-83.9833
 30
0.0
 10
-2168.0226
 20
-83.9833
 30
0.0
 10
-2168.0226
 20
-83.9833
 30
0.0
 10
-2169.0833
 20
-83.9833
 30
0.0
 10
-2169.0833
 20
-83.9833
 30
0.0
 10
-2169.0833
 20
-83.9833
 30
0.0
 10
-2169.0833
 20
-83.7301
 30
0.0
 10
-2169.0833
 20
-83.7301
 30
0.0
 10
-2169.0833
 20
-83.7301
 30
0.0
 10
-2169.0743
 20
-83.702
 30
0.0
 10
-2169.0743
 20
-83.702
 30
0.0
 10
-2169.0743
 20
-83.702
 30
0.0
 10
-2168.0406
 20
-82.2231
 30
0.0
 10
-2168.0406
 20
-82.2231
 30
0.0
 10
-2168.0406
 20
-82.2231
 30
0.0
 10
-2167.6324
 20
-82.2231
 30
0.0
 10
-2167.6324
 20
-82.2231
 30
0.0
 10
-2167.6324
 20
-82.2231
 30
0.0
 10
-2167.6324
 20
-83.6418
 30
0.0
 10
-2167.6324
 20
-83.6418
 30
0.0
 10
-2167.6324
 20
-83.6418
 30
0.0
 10
-2167.3128
 20
-83.6418
 30
0.0
 10
-2167.3128
 20
-83.6418
 30
0.0
 10
-2167.3128
 20
-83.6418
 30
0.0
 10
-2167.3128
 20
-83.9833
 30
0.0
 10
-2167.3128
 20
-83.9833
 30
0.0
 10
-2167.3128
 20
-83.9833
 30
0.0
 10
-2167.6324
 20
-83.9833
 30
0.0
 10
-2167.6324
 20
-83.9833
 30
0.0
 10
-2167.6324
 20
-83.9833
 30
0.0
 10
-2167.6324
 20
-84.6045
 30
0.0
 10
-2167.6324
 20
-84.6045
 30
0.0
 10
-2167.6324
 20
-84.6045
 30
0.0
 10
-2168.0226
 20
-84.6045
 30
0.0
 10
-2168.0226
 20
-84.6045
 30
0.0
 10
-2168.0226
 20
-84.6045
 30
0.0
 10
-2168.0226
 20
-84.5551
 30
0.0
 10
-2168.0226
 20
-84.5551
 30
0.0
  0
SPLINE
  5
C2
330
1F
100
AcDbEntity
  8
Layer 1
 62
   240
100
AcDbSpline
210
0.0
220
0.0
230
1.0
 70
    11
 71
     3
 72
    17
 73
    13
 74
     0
 42
0.0000000001
 43
0.0000000001
 40
0.0
 40
0.0
 40
0.0
 40
0.0
 40
0.25
 40
0.25
 40
0.25
 40
0.5
 40
0.5
 40
0.5
 40
0.75
 40
0.75
 40
0.75
 40
1.0
 40
1.0
 40
1.0
 40
1.0
 10
-2168.0226
 20
-83.6418
 30
0.0
 10
-2168.0226
 20
-83.6418
 30
0.0
 10
-2168.0226
 20
-82.9291
 30
0.0
 10
-2168.0226
 20
-82.9291
 30
0.0
 10
-2168.0226
 20
-82.9291
 30
0.0
 10
-2168.0202
 20
-82.7613
 30
0.0
 10
-2168.0202
 20
-82.7613
 30
0.0
 10
-2168.1937
 20
-83.0711
 30
0.0
 10
-2168.4221
 20
-83.353
 30
0.0
 10
-2168.6299
 20
-83.6418
 30
0.0
 10
-2168.6299
 20
-83.6418
 30
0.0
 10
-2168.0226
 20
-83.6418
 30
0.0
 10
-2168.0226
 20
-83.6418
 30
0.0
  0
SPLINE
  5
C3
330
1F
100
AcDbEntity
  8
Layer 1
 62
   240
100
AcDbSpline
210
0.0
220
0.0
230
1.0
 70
    11
 71
     3
 72
    74
 73
    70
 74
     0
 42
0.0000000001
 43
0.0000000001
 40
0.0
 40
0.0
 40
0.0
 40
0.0
 40
0.0434782608695652
 40
0.0434782608695652
 40
0.0434782608695652
 40
0.0869565217391304
 40
0.0869565217391304
 40
0.0869565217391304
 40
0.1304347826086956
 40
0.1304347826086956
 40
0.1304347826086956
 40
0.1739130434782609
 40
0.1739130434782609
 40
0.1739130434782609
 40
0.2173913043478261
 40
0.2173913043478261
 40
0.2173913043478261
 40
0.2608695652173913
 40
0.2608695652173913
 40
0.2608695652173913
 40
0.3043478260869565
 40
0.3043478260869565
 40
0.3043478260869565
 40
0.3478260869565217
 40
0.3478260869565217
 40
0.3478260869565217
 40
0.3913043478260869
 40
0.3913043478260869
 40
0.3913043478260869
 40
0.4347826086956522
 40
0.4347826086956522
 40
0.4347826086956522
 40
0.4782608695652174
 40
0.4782608695652174
 40
0.4782608695652174
 40
0.5217391304347826
 40
0.5217391304347826
 40
0.5217391304347826
 40
0.5652173913043478
 40
0.5652173913043478
 40
0.5652173913043478
 40
0.6086956521739131
 40
0.6086956521739131
 40
0.6086956521739131
 40
0.6521739130434783
 40
0.6521739130434783
 40
0.6521739130434783
 40
0.6956521739130435
 40
0.6956521739130435
 40
0.6956521739130435
 40
0.7391304347826086
 40
0.7391304347826086
 40
0.7391304347826086
 40
0.7826086956521738
 40
0.7826086956521738
 40
0.7826086956521738
 40
0.8260869565217391
 40
0.8260869565217391
 40
0.8260869565217391
 40
0.8695652173913043
 40
0.8695652173913043
 40
0.8695652173913043
 40
0.9130434782608695
 40
0.9130434782608695
 40
0.9130434782608695
 40
0.9565217391304348
 40
0.9565217391304348
 40
0.9565217391304348
 40
1.0
 40
1.0
 40
1.0
 40
1.0
 10
-2167.0225
 20
-84.2885
 30
0.0
 10
-2166.9925
 20
-84.2916
 30
0.0
 10
-2166.9586
 20
-84.2916
 30
0.0
 10
-2166.9199
 20
-84.2896
 30
0.0
 10
-2166.8797
 20
-84.2875
 30
0.0
 10
-2166.8353
 20
-84.2829
 30
0.0
 10
-2166.7848
 20
-84.2778
 30
0.0
 10
-2166.6987
 20
-84.2659
 30
0.0
 10
-2166.6148
 20
-84.242
 30
0.0
 10
-2166.5375
 20
-84.2062
 30
0.0
 10
-2166.4632
 20
-84.1718
 30
0.0
 10
-2166.3942
 20
-84.126
 30
0.0
 10
-2166.3346
 20
-84.0697
 30
0.0
 10
-2166.2612
 20
-84.0029
 30
0.0
 10
-2166.1982
 20
-83.9205
 30
0.0
 10
-2166.1489
 20
-83.8215
 30
0.0
 10
-2166.1208
 20
-83.7653
 30
0.0
 10
-2166.0972
 20
-83.7035
 30
0.0
 10
-2166.0787
 20
-83.6362
 30
0.0
 10
-2166.123
 20
-83.6718
 30
0.0
 10
-2166.1715
 20
-83.7021
 30
0.0
 10
-2166.2243
 20
-83.7261
 30
0.0
 10
-2166.3195
 20
-83.7698
 30
0.0
 10
-2166.4276
 20
-83.7936
 30
0.0
 10
-2166.5464
 20
-83.7936
 30
0.0
 10
-2166.7615
 20
-83.7936
 30
0.0
 10
-2166.9395
 20
-83.7138
 30
0.0
 10
-2167.0655
 20
-83.583
 30
0.0
 10
-2167.1964
 20
-83.4475
 30
0.0
 10
-2167.2702
 20
-83.2572
 30
0.0
 10
-2167.2702
 20
-83.0451
 30
0.0
 10
-2167.2702
 20
-82.8102
 30
0.0
 10
-2167.1822
 20
-82.5892
 30
0.0
 10
-2167.0295
 20
-82.4302
 30
0.0
 10
-2166.8847
 20
-82.2794
 30
0.0
 10
-2166.682
 20
-82.1841
 30
0.0
 10
-2166.4413
 20
-82.1841
 30
0.0
 10
-2166.1929
 20
-82.1841
 30
0.0
 10
-2165.9913
 20
-82.2851
 30
0.0
 10
-2165.8516
 20
-82.4631
 30
0.0
 10
-2165.7131
 20
-82.6397
 30
0.0
 10
-2165.6364
 20
-82.8922
 30
0.0
 10
-2165.6364
 20
-83.1964
 30
0.0
 10
-2165.6364
 20
-83.4379
 30
0.0
 10
-2165.6749
 20
-83.6467
 30
0.0
 10
-2165.7396
 20
-83.823
 30
0.0
 10
-2165.813
 20
-84.0229
 30
0.0
 10
-2165.9209
 20
-84.1822
 30
0.0
 10
-2166.0448
 20
-84.3026
 30
0.0
 10
-2166.1351
 20
-84.3911
 30
0.0
 10
-2166.2425
 20
-84.4629
 30
0.0
 10
-2166.3587
 20
-84.5162
 30
0.0
 10
-2166.4784
 20
-84.5712
 30
0.0
 10
-2166.6078
 20
-84.6073
 30
0.0
 10
-2166.7376
 20
-84.622
 30
0.0
 10
-2166.7913
 20
-84.6302
 30
0.0
 10
-2166.8412
 20
-84.6354
 30
0.0
 10
-2166.8857
 20
-84.6381
 30
0.0
 10
-2166.9394
 20
-84.6413
 30
0.0
 10
-2166.9881
 20
-84.6414
 30
0.0
 10
-2167.0295
 20
-84.6398
 30
0.0
 10
-2167.0295
 20
-84.6398
 30
0.0
 10
-2167.077
 20
-84.6377
 30
0.0
 10
-2167.077
 20
-84.6377
 30
0.0
 10
-2167.077
 20
-84.6377
 30
0.0
 10
-2167.077
 20
-84.2826
 30
0.0
 10
-2167.077
 20
-84.2826
 30
0.0
 10
-2167.077
 20
-84.2826
 30
0.0
 10
-2167.0225
 20
-84.2885
 30
0.0
 10
-2167.0225
 20
-84.2885
 30
0.0
  0
SPLINE
  5
C4
330
1F
100
AcDbEntity
  8
Layer 1
 62
   240
100
AcDbSpline
210
0.0
220
0.0
230
1.0
 70
    11
 71
     3
 72
    35
 73
    31
 74
     0
 42
0.0000000001
 43
0.0000000001
 40
0.0
 40
0.0
 40
0.0
 40
0.0
 40
0.1
 40
0.1
 40
0.1
 40
0.2
 40
0.2
 40
0.2
 40
0.3
 40
0.3
 40
0.3
 40
0.4
 40
0.4
 40
0.4
 40
0.5
 40
0.5
 40
0.5
 40
0.6000000000000001
 40
0.6000000000000001
 40
0.6000000000000001
 40
0.7000000000000001
 40
0.7000000000000001
 40
0.7000000000000001
 40
0.8
 40
0.8
 40
0.8
 40
0.9
 40
0.9
 40
0.9
 40
1.0
 40
1.0
 40
1.0
 40
1.0
 10
-2166.8657
 20
-83.0239
 30
0.0
 10
-2166.8657
 20
-83.1551
 30
0.0
 10
-2166.8265
 20
-83.2659
 30
0.0
 10
-2166.7574
 20
-83.3424
 30
0.0
 10
-2166.6905
 20
-83.416
 30
0.0
 10
-2166.5941
 20
-83.4591
 30
0.0
 10
-2166.4763
 20
-83.4591
 30
0.0
 10
-2166.3851
 20
-83.4591
 30
0.0
 10
-2166.3039
 20
-83.4376
 30
0.0
 10
-2166.2363
 20
-83.4019
 30
0.0
 10
-2166.1639
 20
-83.3634
 30
0.0
 10
-2166.1062
 20
-83.308
 30
0.0
 10
-2166.0689
 20
-83.2445
 30
0.0
 10
-2166.0625
 20
-83.2343
 30
0.0
 10
-2166.0574
 20
-83.2226
 30
0.0
 10
-2166.054
 20
-83.2096
 30
0.0
 10
-2166.0504
 20
-83.1952
 30
0.0
 10
-2166.0481
 20
-83.1778
 30
0.0
 10
-2166.0481
 20
-83.1574
 30
0.0
 10
-2166.0481
 20
-82.9624
 30
0.0
 10
-2166.0852
 20
-82.7926
 30
0.0
 10
-2166.1636
 20
-82.6771
 30
0.0
 10
-2166.2306
 20
-82.5782
 30
0.0
 10
-2166.3304
 20
-82.5191
 30
0.0
 10
-2166.4658
 20
-82.5191
 30
0.0
 10
-2166.5817
 20
-82.5191
 30
0.0
 10
-2166.6808
 20
-82.57
 30
0.0
 10
-2166.7506
 20
-82.6563
 30
0.0
 10
-2166.8232
 20
-82.7459
 30
0.0
 10
-2166.8657
 20
-82.8739
 30
0.0
 10
-2166.8657
 20
-83.0239
 30
0.0
  0
SPLINE
  5
C5
330
1F
100
AcDbEntity
  8
Layer 1
 62
   240
100
AcDbSpline
210
0.0
220
0.0
230
1.0
 70
    11
 71
     3
 72
    74
 73
    70
 74
     0
 42
0.0000000001
 43
0.0000000001
 40
0.0
 40
0.0
 40
0.0
 40
0.0
 40
0.0434782608695652
 40
0.0434782608695652
 40
0.0434782608695652
 40
0.0869565217391304
 40
0.0869565217391304
 40
0.0869565217391304
 40
0.1304347826086956
 40
0.1304347826086956
 40
0.1304347826086956
 40
0.1739130434782609
 40
0.1739130434782609
 40
0.1739130434782609
 40
0.2173913043478261
 40
0.2173913043478261
 40
0.2173913043478261
 40
0.2608695652173913
 40
0.2608695652173913
 40
0.2608695652173913
 40
0.3043478260869565
 40
0.3043478260869565
 40
0.3043478260869565
 40
0.3478260869565217
 40
0.3478260869565217
 40
0.3478260869565217
 40
0.3913043478260869
 40
0.3913043478260869
 40
0.3913043478260869
 40
0.4347826086956522
 40
0.4347826086956522
 40
0.4347826086956522
 40
0.4782608695652174
 40
0.4782608695652174
 40
0.4782608695652174
 40
0.5217391304347826
 40
0.5217391304347826
 40
0.5217391304347826
 40
0.5652173913043478
 40
0.5652173913043478
 40
0.5652173913043478
 40
0.6086956521739131
 40
0.6086956521739131
 40
0.6086956521739131
 40
0.6521739130434783
 40
0.6521739130434783
 40
0.6521739130434783
 40
0.6956521739130435
 40
0.6956521739130435
 40
0.6956521739130435
 40
0.7391304347826086
 40
0.7391304347826086
 40
0.7391304347826086
 40
0.7826086956521738
 40
0.7826086956521738
 40
0.7826086956521738
 40
0.8260869565217391
 40
0.8260869565217391
 40
0.8260869565217391
 40
0.8695652173913043
 40
0.8695652173913043
 40
0.8695652173913043
 40
0.9130434782608695
 40
0.9130434782608695
 40
0.9130434782608695
 40
0.9565217391304348
 40
0.9565217391304348
 40
0.9565217391304348
 40
1.0
 40
1.0
 40
1.0
 40
1.0
 10
-2165.3013
 20
-84.2885
 30
0.0
 10
-2165.2714
 20
-84.2916
 30
0.0
 10
-2165.2372
 20
-84.2916
 30
0.0
 10
-2165.1985
 20
-84.2896
 30
0.0
 10
-2165.1585
 20
-84.2875
 30
0.0
 10
-2165.1142
 20
-84.2829
 30
0.0
 10
-2165.0638
 20
-84.2778
 30
0.0
 10
-2164.9773
 20
-84.2659
 30
0.0
 10
-2164.8935
 20
-84.242
 30
0.0
 10
-2164.8163
 20
-84.2062
 30
0.0
 10
-2164.742
 20
-84.1718
 30
0.0
 10
-2164.6731
 20
-84.126
 30
0.0
 10
-2164.6131
 20
-84.0697
 30
0.0
 10
-2164.5399
 20
-84.0034
 30
0.0
 10
-2164.4772
 20
-83.9212
 30
0.0
 10
-2164.4278
 20
-83.822
 30
0.0
 10
-2164.3995
 20
-83.7654
 30
0.0
 10
-2164.3758
 20
-83.7035
 30
0.0
 10
-2164.3571
 20
-83.6359
 30
0.0
 10
-2164.4015
 20
-83.6718
 30
0.0
 10
-2164.4503
 20
-83.7021
 30
0.0
 10
-2164.503
 20
-83.7261
 30
0.0
 10
-2164.5981
 20
-83.7698
 30
0.0
 10
-2164.7064
 20
-83.7936
 30
0.0
 10
-2164.8252
 20
-83.7936
 30
0.0
 10
-2165.0401
 20
-83.7936
 30
0.0
 10
-2165.2183
 20
-83.7138
 30
0.0
 10
-2165.3443
 20
-83.583
 30
0.0
 10
-2165.4752
 20
-83.4475
 30
0.0
 10
-2165.5491
 20
-83.2572
 30
0.0
 10
-2165.5491
 20
-83.0451
 30
0.0
 10
-2165.5491
 20
-82.8102
 30
0.0
 10
-2165.461
 20
-82.5892
 30
0.0
 10
-2165.3081
 20
-82.4301
 30
0.0
 10
-2165.1634
 20
-82.2796
 30
0.0
 10
-2164.9605
 20
-82.1841
 30
0.0
 10
-2164.7196
 20
-82.1841
 30
0.0
 10
-2164.4714
 20
-82.1841
 30
0.0
 10
-2164.27
 20
-82.2849
 30
0.0
 10
-2164.1302
 20
-82.463
 30
0.0
 10
-2163.9918
 20
-82.6398
 30
0.0
 10
-2163.9151
 20
-82.8922
 30
0.0
 10
-2163.9151
 20
-83.1964
 30
0.0
 10
-2163.9151
 20
-83.4381
 30
0.0
 10
-2163.9537
 20
-83.6467
 30
0.0
 10
-2164.0184
 20
-83.823
 30
0.0
 10
-2164.0918
 20
-84.0231
 30
0.0
 10
-2164.1997
 20
-84.1822
 30
0.0
 10
-2164.3237
 20
-84.3026
 30
0.0
 10
-2164.4137
 20
-84.3911
 30
0.0
 10
-2164.5209
 20
-84.4628
 30
0.0
 10
-2164.637
 20
-84.5161
 30
0.0
 10
-2164.7567
 20
-84.5712
 30
0.0
 10
-2164.8862
 20
-84.6073
 30
0.0
 10
-2165.0162
 20
-84.622
 30
0.0
 10
-2165.0695
 20
-84.6302
 30
0.0
 10
-2165.1196
 20
-84.6354
 30
0.0
 10
-2165.1643
 20
-84.6381
 30
0.0
 10
-2165.2182
 20
-84.6413
 30
0.0
 10
-2165.2671
 20
-84.6414
 30
0.0
 10
-2165.3083
 20
-84.6398
 30
0.0
 10
-2165.3083
 20
-84.6398
 30
0.0
 10
-2165.3558
 20
-84.6377
 30
0.0
 10
-2165.3558
 20
-84.6377
 30
0.0
 10
-2165.3558
 20
-84.6377
 30
0.0
 10
-2165.3558
 20
-84.2826
 30
0.0
 10
-2165.3558
 20
-84.2826
 30
0.0
 10
-2165.3558
 20
-84.2826
 30
0.0
 10
-2165.3013
 20
-84.2885
 30
0.0
 10
-2165.3013
 20
-84.2885
 30
0.0
  0
SPLINE
  5
C6
330
1F
100
AcDbEntity
  8
Layer 1
 62
   240
100
AcDbSpline
210
0.0
220
0.0
230
1.0
 70
    11
 71
     3
 72
    35
 73
    31
 74
     0
 42
0.0000000001
 43
0.0000000001
 40
0.0
 40
0.0
 40
0.0
 40
0.0
 40
0.1
 40
0.1
 40
0.1
 40
0.2
 40
0.2
 40
0.2
 40
0.3
 40
0.3
 40
0.3
 40
0.4
 40
0.4
 40
0.4
 40
0.5
 40
0.5
 40
0.5
 40
0.6000000000000001
 40
0.6000000000000001
 40
0.6000000000000001
 40
0.7000000000000001
 40
0.7000000000000001
 40
0.7000000000000001
 40
0.8
 40
0.8
 40
0.8
 40
0.9
 40
0.9
 40
0.9
 40
1.0
 40
1.0
 40
1.0
 40
1.0
 10
-2165.1445
 20
-83.0239
 30
0.0
 10
-2165.1445
 20
-83.1551
 30
0.0
 10
-2165.1051
 20
-83.2657
 30
0.0
 10
-2165.036
 20
-83.3423
 30
0.0
 10
-2164.9693
 20
-83.416
 30
0.0
 10
-2164.8726
 20
-83.4591
 30
0.0
 10
-2164.7548
 20
-83.4591
 30
0.0
 10
-2164.6636
 20
-83.4591
 30
0.0
 10
-2164.5827
 20
-83.4376
 30
0.0
 10
-2164.5151
 20
-83.4019
 30
0.0
 10
-2164.4427
 20
-83.3634
 30
0.0
 10
-2164.3851
 20
-83.308
 30
0.0
 10
-2164.3477
 20
-83.2445
 30
0.0
 10
-2164.3413
 20
-83.2341
 30
0.0
 10
-2164.336
 20
-83.2224
 30
0.0
 10
-2164.3324
 20
-83.2089
 30
0.0
 10
-2164.3288
 20
-83.1947
 30
0.0
 10
-2164.3265
 20
-83.1776
 30
0.0
 10
-2164.3265
 20
-83.1574
 30
0.0
 10
-2164.3265
 20
-82.9624
 30
0.0
 10
-2164.3633
 20
-82.7926
 30
0.0
 10
-2164.4418
 20
-82.6771
 30
0.0
 10
-2164.509
 20
-82.5782
 30
0.0
 10
-2164.6087
 20
-82.5191
 30
0.0
 10
-2164.7442
 20
-82.5191
 30
0.0
 10
-2164.8601
 20
-82.5191
 30
0.0
 10
-2164.9593
 20
-82.57
 30
0.0
 10
-2165.0292
 20
-82.6563
 30
0.0
 10
-2165.1018
 20
-82.7458
 30
0.0
 10
-2165.1445
 20
-82.8739
 30
0.0
 10
-2165.1445
 20
-83.0239
 30
0.0
  0
SPLINE
  5
C7
330
1F
100
AcDbEntity
  8
Layer 1
 62
   240
100
AcDbSpline
210
0.0
220
0.0
230
1.0
 70
    11
 71
     3
 72
    29
 73
    25
 74
     0
 42
0.0000000001
 43
0.0000000001
 40
0.0
 40
0.0
 40
0.0
 40
0.0
 40
0.125
 40
0.125
 40
0.125
 40
0.25
 40
0.25
 40
0.25
 40
0.375
 40
0.375
 40
0.375
 40
0.5
 40
0.5
 40
0.5
 40
0.625
 40
0.625
 40
0.625
 40
0.75
 40
0.75
 40
0.75
 40
0.875
 40
0.875
 40
0.875
 40
1.0
 40
1.0
 40
1.0
 40
1.0
 10
-2185.6422
 20
-87.6187
 30
0.0
 10
-2185.6422
 20
-87.6187
 30
0.0
 10
-2185.6408
 20
-87.615
 30
0.0
 10
-2185.6408
 20
-87.615
 30
0.0
 10
-2185.6408
 20
-87.615
 30
0.0
 10
-2185.6421
 20
-87.6108
 30
0.0
 10
-2185.6421
 20
-87.6108
 30
0.0
 10
-2185.6421
 20
-87.6108
 30
0.0
 10
-2185.6462
 20
-87.6094
 30
0.0
 10
-2185.6462
 20
-87.6094
 30
0.0
 10
-2185.6462
 20
-87.6094
 30
0.0
 10
-2185.6501
 20
-87.6109
 30
0.0
 10
-2185.6501
 20
-87.6109
 30
0.0
 10
-2185.6501
 20
-87.6109
 30
0.0
 10
-2185.6517
 20
-87.615
 30
0.0
 10
-2185.6517
 20
-87.615
 30
0.0
 10
-2185.6517
 20
-87.615
 30
0.0
 10
-2185.6504
 20
-87.6187
 30
0.0
 10
-2185.6504
 20
-87.6187
 30
0.0
 10
-2185.6504
 20
-87.6187
 30
0.0
 10
-2185.6462
 20
-87.6202
 30
0.0
 10
-2185.6462
 20
-87.6202
 30
0.0
 10
-2185.6462
 20
-87.6202
 30
0.0
 10
-2185.6422
 20
-87.6187
 30
0.0
 10
-2185.6422
 20
-87.6187
 30
0.0
  0
SPLINE
  5
C8
330
1F
100
AcDbEntity
  8
Layer 1
 62
   240
100
AcDbSpline
210
0.0
220
0.0
230
1.0
 70
    11
 71
     3
 72
    29
 73
    25
 74
     0
 42
0.0000000001
 43
0.0000000001
 40
0.0
 40
0.0
 40
0.0
 40
0.0
 40
0.125
 40
0.125
 40
0.125
 40
0.25
 40
0.25
 40
0.25
 40
0.375
 40
0.375
 40
0.375
 40
0.5
 40
0.5
 40
0.5
 40
0.625
 40
0.625
 40
0.625
 40
0.75
 40
0.75
 40
0.75
 40
0.875
 40
0.875
 40
0.875
 40
1.0
 40
1.0
 40
1.0
 40
1.0
 10
-2185.41
 20
-87.615
 30
0.0
 10
-2185.41
 20
-87.6797
 30
0.0
 10
-2185.4366
 20
-87.7389
 30
0.0
 10
-2185.4794
 20
-87.7817
 30
0.0
 10
-2185.5219
 20
-87.8245
 30
0.0
 10
-2185.5811
 20
-87.8512
 30
0.0
 10
-2185.6462
 20
-87.8512
 30
0.0
 10
-2185.7114
 20
-87.8512
 30
0.0
 10
-2185.7706
 20
-87.8245
 30
0.0
 10
-2185.8132
 20
-87.782
 30
0.0
 10
-2185.8559
 20
-87.7389
 30
0.0
 10
-2185.8826
 20
-87.6797
 30
0.0
 10
-2185.8826
 20
-87.615
 30
0.0
 10
-2185.8826
 20
-87.5502
 30
0.0
 10
-2185.8562
 20
-87.4913
 30
0.0
 10
-2185.8134
 20
-87.4483
 30
0.0
 10
-2185.7704
 20
-87.405
 30
0.0
 10
-2185.7114
 20
-87.3786
 30
0.0
 10
-2185.6462
 20
-87.3786
 30
0.0
 10
-2185.5811
 20
-87.3786
 30
0.0
 10
-2185.5219
 20
-87.405
 30
0.0
 10
-2185.4791
 20
-87.4479
 30
0.0
 10
-2185.4364
 20
-87.4913
 30
0.0
 10
-2185.41
 20
-87.5502
 30
0.0
 10
-2185.41
 20
-87.615
 30
0.0
  0
SPLINE
  5
C9
330
1F
100
AcDbEntity
  8
Layer 1
 62
   240
100
AcDbSpline
210
0.0
220
0.0
230
1.0
 70
    11
 71
     3
 72
    29
 73
    25
 74
     0
 42
0.0000000001
 43
0.0000000001
 40
0.0
 40
0.0
 40
0.0
 40
0.0
 40
0.125
 40
0.125
 40
0.125
 40
0.25
 40
0.25
 40
0.25
 40
0.375
 40
0.375
 40
0.375
 40
0.5
 40
0.5
 40
0.5
 40
0.625
 40
0.625
 40
0.625
 40
0.75
 40
0.75
 40
0.75
 40
0.875
 40
0.875
 40
0.875
 40
1.0
 40
1.0
 40
1.0
 40
1.0
 10
-2186.0345
 20
-88.7954
 30
0.0
 10
-2185.9407
 20
-88.7015
 30
0.0
 10
-2185.8826
 20
-88.5713
 30
0.0
 10
-2185.8826
 20
-88.4279
 30
0.0
 10
-2185.8826
 20
-88.2843
 30
0.0
 10
-2185.9405
 20
-88.1545
 30
0.0
 10
-2186.0337
 20
-88.0611
 30
0.0
 10
-2186.128
 20
-87.9674
 30
0.0
 10
-2186.2579
 20
-87.9095
 30
0.0
 10
-2186.4011
 20
-87.9095
 30
0.0
 10
-2186.5445
 20
-87.9095
 30
0.0
 10
-2186.6743
 20
-87.9674
 30
0.0
 10
-2186.7681
 20
-88.0611
 30
0.0
 10
-2186.8618
 20
-88.1545
 30
0.0
 10
-2186.9197
 20
-88.2843
 30
0.0
 10
-2186.9197
 20
-88.4279
 30
0.0
 10
-2186.9197
 20
-88.571
 30
0.0
 10
-2186.8618
 20
-88.701
 30
0.0
 10
-2186.7679
 20
-88.7949
 30
0.0
 10
-2186.6745
 20
-88.889
 30
0.0
 10
-2186.5447
 20
-88.9468
 30
0.0
 10
-2186.4011
 20
-88.9468
 30
0.0
 10
-2186.2577
 20
-88.9468
 30
0.0
 10
-2186.1279
 20
-88.889
 30
0.0
 10
-2186.0345
 20
-88.7954
 30
0.0
  0
SPLINE
  5
CA
330
1F
100
AcDbEntity
  8
Layer 1
 62
   240
100
AcDbSpline
210
0.0
220
0.0
230
1.0
 70
    11
 71
     3
 72
    29
 73
    25
 74
     0
 42
0.0000000001
 43
0.0000000001
 40
0.0
 40
0.0
 40
0.0
 40
0.0
 40
0.125
 40
0.125
 40
0.125
 40
0.25
 40
0.25
 40
0.25
 40
0.375
 40
0.375
 40
0.375
 40
0.5
 40
0.5
 40
0.5
 40
0.625
 40
0.625
 40
0.625
 40
0.75
 40
0.75
 40
0.75
 40
0.875
 40
0.875
 40
0.875
 40
1.0
 40
1.0
 40
1.0
 40
1.0
 10
-2185.6517
 20
-88.4279
 30
0.0
 10
-2185.6517
 20
-88.6343
 30
0.0
 10
-2185.7357
 20
-88.8219
 30
0.0
 10
-2185.8713
 20
-88.9575
 30
0.0
 10
-2186.0072
 20
-89.0937
 30
0.0
 10
-2186.1946
 20
-89.1779
 30
0.0
 10
-2186.4011
 20
-89.1779
 30
0.0
 10
-2186.6077
 20
-89.1779
 30
0.0
 10
-2186.7948
 20
-89.0938
 30
0.0
 10
-2186.9309
 20
-88.9578
 30
0.0
 10
-2187.0667
 20
-88.8224
 30
0.0
 10
-2187.151
 20
-88.6347
 30
0.0
 10
-2187.151
 20
-88.4279
 30
0.0
 10
-2187.151
 20
-88.2214
 30
0.0
 10
-2187.0667
 20
-88.0341
 30
0.0
 10
-2186.931
 20
-87.8982
 30
0.0
 10
-2186.7956
 20
-87.7623
 30
0.0
 10
-2186.6082
 20
-87.6785
 30
0.0
 10
-2186.4011
 20
-87.6785
 30
0.0
 10
-2186.1942
 20
-87.6785
 30
0.0
 10
-2186.0068
 20
-87.7623
 30
0.0
 10
-2185.8712
 20
-87.898
 30
0.0
 10
-2185.7355
 20
-88.0341
 30
0.0
 10
-2185.6517
 20
-88.2214
 30
0.0
 10
-2185.6517
 20
-88.4279
 30
0.0
  0
SPLINE
  5
CB
330
1F
100
AcDbEntity
  8
Layer 1
 62
   240
100
AcDbSpline
210
0.0
220
0.0
230
1.0
 70
    11
 71
     3
 72
    41
 73
    37
 74
     0
 42
0.0000000001
 43
0.0000000001
 40
0.0
 40
0.0
 40
0.0
 40
0.0
 40
0.0833333333333333
 40
0.0833333333333333
 40
0.0833333333333333
 40
0.1666666666666667
 40
0.1666666666666667
 40
0.1666666666666667
 40
0.25
 40
0.25
 40
0.25
 40
0.3333333333333333
 40
0.3333333333333333
 40
0.3333333333333333
 40
0.4166666666666666
 40
0.4166666666666666
 40
0.4166666666666666
 40
0.5
 40
0.5
 40
0.5
 40
0.5833333333333333
 40
0.5833333333333333
 40
0.5833333333333333
 40
0.6666666666666666
 40
0.6666666666666666
 40
0.6666666666666666
 40
0.75
 40
0.75
 40
0.75
 40
0.8333333333333333
 40
0.8333333333333333
 40
0.8333333333333333
 40
0.9166666666666666
 40
0.9166666666666666
 40
0.9166666666666666
 40
1.0
 40
1.0
 40
1.0
 40
1.0
 10
-2186.8827
 20
-89.7479
 30
0.0
 10
-2186.8827
 20
-89.7479
 30
0.0
 10
-2185.921
 20
-89.7479
 30
0.0
 10
-2185.921
 20
-89.7479
 30
0.0
 10
-2185.6735
 20
-89.7479
 30
0.0
 10
-2185.4491
 20
-89.6476
 30
0.0
 10
-2185.2872
 20
-89.4857
 30
0.0
 10
-2185.125
 20
-89.3236
 30
0.0
 10
-2185.0248
 20
-89.0994
 30
0.0
 10
-2185.0248
 20
-88.8519
 30
0.0
 10
-2185.0248
 20
-88.8519
 30
0.0
 10
-2185.0248
 20
-87.8897
 30
0.0
 10
-2185.0248
 20
-87.8897
 30
0.0
 10
-2185.0248
 20
-87.6419
 30
0.0
 10
-2185.125
 20
-87.4177
 30
0.0
 10
-2185.2868
 20
-87.2559
 30
0.0
 10
-2185.4491
 20
-87.094
 30
0.0
 10
-2185.6735
 20
-86.9937
 30
0.0
 10
-2185.921
 20
-86.9937
 30
0.0
 10
-2185.921
 20
-86.9937
 30
0.0
 10
-2186.8827
 20
-86.9937
 30
0.0
 10
-2186.8827
 20
-86.9937
 30
0.0
 10
-2187.1308
 20
-86.9937
 30
0.0
 10
-2187.3553
 20
-87.094
 30
0.0
 10
-2187.5173
 20
-87.2559
 30
0.0
 10
-2187.679
 20
-87.4177
 30
0.0
 10
-2187.7793
 20
-87.6419
 30
0.0
 10
-2187.7793
 20
-87.8897
 30
0.0
 10
-2187.7793
 20
-87.8897
 30
0.0
 10
-2187.7793
 20
-88.8519
 30
0.0
 10
-2187.7793
 20
-88.8519
 30
0.0
 10
-2187.7793
 20
-89.0997
 30
0.0
 10
-2187.679
 20
-89.3239
 30
0.0
 10
-2187.5173
 20
-89.4857
 30
0.0
 10
-2187.3553
 20
-89.6476
 30
0.0
 10
-2187.1307
 20
-89.7479
 30
0.0
 10
-2186.8827
 20
-89.7479
 30
0.0
  0
SPLINE
  5
CC
330
1F
100
AcDbEntity
  8
Layer 1
 62
   240
100
AcDbSpline
210
0.0
220
0.0
230
1.0
 70
    11
 71
     3
 72
    41
 73
    37
 74
     0
 42
0.0000000001
 43
0.0000000001
 40
0.0
 40
0.0
 40
0.0
 40
0.0
 40
0.0833333333333333
 40
0.0833333333333333
 40
0.0833333333333333
 40
0.1666666666666667
 40
0.1666666666666667
 40
0.1666666666666667
 40
0.25
 40
0.25
 40
0.25
 40
0.3333333333333333
 40
0.3333333333333333
 40
0.3333333333333333
 40
0.4166666666666666
 40
0.4166666666666666
 40
0.4166666666666666
 40
0.5
 40
0.5
 40
0.5
 40
0.5833333333333333
 40
0.5833333333333333
 40
0.5833333333333333
 40
0.6666666666666666
 40
0.6666666666666666
 40
0.6666666666666666
 40
0.75
 40
0.75
 40
0.75
 40
0.8333333333333333
 40
0.8333333333333333
 40
0.8333333333333333
 40
0.9166666666666666
 40
0.9166666666666666
 40
0.9166666666666666
 40
1.0
 40
1.0
 40
1.0
 40
1.0
 10
-2185.921
 20
-89.979
 30
0.0
 10
-2185.921
 20
-89.979
 30
0.0
 10
-2186.8827
 20
-89.979
 30
0.0
 10
-2186.8827
 20
-89.979
 30
0.0
 10
-2187.1935
 20
-89.979
 30
0.0
 10
-2187.4757
 20
-89.8527
 30
0.0
 10
-2187.6796
 20
-89.6488
 30
0.0
 10
-2187.8838
 20
-89.4446
 30
0.0
 10
-2188.0103
 20
-89.1626
 30
0.0
 10
-2188.0103
 20
-88.8519
 30
0.0
 10
-2188.0103
 20
-88.8519
 30
0.0
 10
-2188.0103
 20
-87.8897
 30
0.0
 10
-2188.0103
 20
-87.8897
 30
0.0
 10
-2188.0103
 20
-87.579
 30
0.0
 10
-2187.8838
 20
-87.297
 30
0.0
 10
-2187.6796
 20
-87.0928
 30
0.0
 10
-2187.4757
 20
-86.8889
 30
0.0
 10
-2187.1935
 20
-86.7626
 30
0.0
 10
-2186.8827
 20
-86.7626
 30
0.0
 10
-2186.8827
 20
-86.7626
 30
0.0
 10
-2185.921
 20
-86.7626
 30
0.0
 10
-2185.921
 20
-86.7626
 30
0.0
 10
-2185.6099
 20
-86.7626
 30
0.0
 10
-2185.328
 20
-86.8889
 30
0.0
 10
-2185.1239
 20
-87.0928
 30
0.0
 10
-2184.92
 20
-87.2972
 30
0.0
 10
-2184.7937
 20
-87.5791
 30
0.0
 10
-2184.7937
 20
-87.8897
 30
0.0
 10
-2184.7937
 20
-87.8897
 30
0.0
 10
-2184.7937
 20
-88.8519
 30
0.0
 10
-2184.7937
 20
-88.8519
 30
0.0
 10
-2184.7937
 20
-89.163
 30
0.0
 10
-2184.92
 20
-89.4448
 30
0.0
 10
-2185.1239
 20
-89.6488
 30
0.0
 10
-2185.328
 20
-89.8527
 30
0.0
 10
-2185.6099
 20
-89.979
 30
0.0
 10
-2185.921
 20
-89.979
 30
0.0
  0
SPLINE
  5
CD
330
1F
100
AcDbEntity
  8
Layer 1
 62
   240
100
AcDbSpline
210
0.0
220
0.0
230
1.0
 70
    11
 71
     3
 72
    50
 73
    46
 74
     0
 42
0.0000000001
 43
0.0000000001
 40
0.0
 40
0.0
 40
0.0
 40
0.0
 40
0.0666666666666667
 40
0.0666666666666667
 40
0.0666666666666667
 40
0.1333333333333333
 40
0.1333333333333333
 40
0.1333333333333333
 40
0.2
 40
0.2
 40
0.2
 40
0.2666666666666667
 40
0.2666666666666667
 40
0.2666666666666667
 40
0.3333333333333333
 40
0.3333333333333333
 40
0.3333333333333333
 40
0.4
 40
0.4
 40
0.4
 40
0.4666666666666667
 40
0.4666666666666667
 40
0.4666666666666667
 40
0.5333333333333333
 40
0.5333333333333333
 40
0.5333333333333333
 40
0.6
 40
0.6
 40
0.6
 40
0.6666666666666666
 40
0.6666666666666666
 40
0.6666666666666666
 40
0.7333333333333333
 40
0.7333333333333333
 40
0.7333333333333333
 40
0.8
 40
0.8
 40
0.8
 40
0.8666666666666667
 40
0.8666666666666667
 40
0.8666666666666667
 40
0.9333333333333333
 40
0.9333333333333333
 40
0.9333333333333333
 40
1.0
 40
1.0
 40
1.0
 40
1.0
 10
-2186.279
 20
-82.577
 30
0.0
 10
-2186.279
 20
-82.577
 30
0.0
 10
-2186.2497
 20
-82.5481
 30
0.0
 10
-2186.2497
 20
-82.5481
 30
0.0
 10
-2186.1248
 20
-82.4252
 30
0.0
 10
-2186.1159
 20
-82.2271
 30
0.0
 10
-2186.2288
 20
-82.0935
 30
0.0
 10
-2186.2288
 20
-82.0935
 30
0.0
 10
-2186.5298
 20
-81.7364
 30
0.0
 10
-2186.5298
 20
-81.7364
 30
0.0
 10
-2186.6511
 20
-81.5927
 30
0.0
 10
-2186.8664
 20
-81.577
 30
0.0
 10
-2187.0073
 20
-81.7011
 30
0.0
 10
-2187.0073
 20
-81.7011
 30
0.0
 10
-2187.2661
 20
-81.9291
 30
0.0
 10
-2187.2661
 20
-81.9291
 30
0.0
 10
-2187.3553
 20
-82.0077
 30
0.0
 10
-2187.3954
 20
-82.1268
 30
0.0
 10
-2187.3738
 20
-82.2435
 30
0.0
 10
-2187.2567
 20
-82.8713
 30
0.0
 10
-2186.7332
 20
-84.8174
 30
0.0
 10
-2184.7438
 20
-84.8174
 30
0.0
 10
-2184.699
 20
-84.8174
 30
0.0
 10
-2184.5709
 20
-84.7136
 30
0.0
 10
-2184.45
 20
-84.6059
 30
0.0
 10
-2184.3085
 20
-84.4794
 30
0.0
 10
-2184.2985
 20
-84.2616
 30
0.0
 10
-2184.4295
 20
-84.124
 30
0.0
 10
-2184.4295
 20
-84.124
 30
0.0
 10
-2184.8045
 20
-83.73
 30
0.0
 10
-2184.8045
 20
-83.73
 30
0.0
 10
-2184.9341
 20
-83.5939
 30
0.0
 10
-2185.1508
 20
-83.591
 30
0.0
 10
-2185.2837
 20
-83.7243
 30
0.0
 10
-2185.2837
 20
-83.7243
 30
0.0
 10
-2185.2837
 20
-83.7243
 30
0.0
 10
-2185.2837
 20
-83.7243
 30
0.0
 10
-2185.4026
 20
-83.8431
 30
0.0
 10
-2185.5898
 20
-83.8565
 30
0.0
 10
-2185.7233
 20
-83.7549
 30
0.0
 10
-2185.8843
 20
-83.6324
 30
0.0
 10
-2186.1025
 20
-83.4043
 30
0.0
 10
-2186.3363
 20
-82.9806
 30
0.0
 10
-2186.4092
 20
-82.849
 30
0.0
 10
-2186.3863
 20
-82.6826
 30
0.0
 10
-2186.279
 20
-82.577
 30
0.0
  0
SPLINE
  5
CE
330
1F
100
AcDbEntity
  8
Layer 1
 62
   240
100
AcDbSpline
210
0.0
220
0.0
230
1.0
 70
    11
 71
     3
 72
    17
 73
    13
 74
     0
 42
0.0000000001
 43
0.0000000001
 40
0.0
 40
0.0
 40
0.0
 40
0.0
 40
0.25
 40
0.25
 40
0.25
 40
0.5
 40
0.5
 40
0.5
 40
0.75
 40
0.75
 40
0.75
 40
1.0
 40
1.0
 40
1.0
 40
1.0
 10
-2185.7985
 20
-80.1045
 30
0.0
 10
-2185.7985
 20
-80.1718
 30
0.0
 10
-2185.853
 20
-80.226
 30
0.0
 10
-2185.9198
 20
-80.226
 30
0.0
 10
-2185.987
 20
-80.226
 30
0.0
 10
-2186.0415
 20
-80.1718
 30
0.0
 10
-2186.0415
 20
-80.1045
 30
0.0
 10
-2186.0415
 20
-80.0376
 30
0.0
 10
-2185.987
 20
-79.9834
 30
0.0
 10
-2185.9198
 20
-79.9834
 30
0.0
 10
-2185.853
 20
-79.9834
 30
0.0
 10
-2185.7985
 20
-80.0376
 30
0.0
 10
-2185.7985
 20
-80.1045
 30
0.0
  0
SPLINE
  5
CF
330
1F
100
AcDbEntity
  8
Layer 1
 62
   240
100
AcDbSpline
210
0.0
220
0.0
230
1.0
 70
    11
 71
     3
 72
    17
 73
    13
 74
     0
 42
0.0000000001
 43
0.0000000001
 40
0.0
 40
0.0
 40
0.0
 40
0.0
 40
0.25
 40
0.25
 40
0.25
 40
0.5
 40
0.5
 40
0.5
 40
0.75
 40
0.75
 40
0.75
 40
1.0
 40
1.0
 40
1.0
 40
1.0
 10
-2185.5186
 20
-76.6151
 30
0.0
 10
-2185.5186
 20
-76.6151
 30
0.0
 10
-2186.3461
 20
-76.6151
 30
0.0
 10
-2186.3461
 20
-76.6151
 30
0.0
 10
-2186.3461
 20
-76.6151
 30
0.0
 10
-2186.3461
 20
-76.5036
 30
0.0
 10
-2186.3461
 20
-76.5036
 30
0.0
 10
-2186.3461
 20
-76.5036
 30
0.0
 10
-2185.5186
 20
-76.5036
 30
0.0
 10
-2185.5186
 20
-76.5036
 30
0.0
 10
-2185.5186
 20
-76.5036
 30
0.0
 10
-2185.5186
 20
-76.6151
 30
0.0
 10
-2185.5186
 20
-76.6151
 30
0.0
  0
SPLINE
  5
D0
330
1F
100
AcDbEntity
  8
Layer 1
 62
   240
100
AcDbSpline
210
0.0
220
0.0
230
1.0
 70
    11
 71
     3
 72
    17
 73
    13
 74
     0
 42
0.0000000001
 43
0.0000000001
 40
0.0
 40
0.0
 40
0.0
 40
0.0
 40
0.25
 40
0.25
 40
0.25
 40
0.5
 40
0.5
 40
0.5
 40
0.75
 40
0.75
 40
0.75
 40
1.0
 40
1.0
 40
1.0
 40
1.0
 10
-2184.9092
 20
-79.8974
 30
0.0
 10
-2184.9092
 20
-79.8974
 30
0.0
 10
-2186.9307
 20
-79.8974
 30
0.0
 10
-2186.9307
 20
-79.8974
 30
0.0
 10
-2186.9307
 20
-79.8974
 30
0.0
 10
-2186.9307
 20
-76.8315
 30
0.0
 10
-2186.9307
 20
-76.8315
 30
0.0
 10
-2186.9307
 20
-76.8315
 30
0.0
 10
-2184.9092
 20
-76.8315
 30
0.0
 10
-2184.9092
 20
-76.8315
 30
0.0
 10
-2184.9092
 20
-76.8315
 30
0.0
 10
-2184.9092
 20
-79.8974
 30
0.0
 10
-2184.9092
 20
-79.8974
 30
0.0
  0
SPLINE
  5
D1
330
1F
100
AcDbEntity
  8
Layer 1
 62
   240
100
AcDbSpline
210
0.0
220
0.0
230
1.0
 70
    11
 71
     3
 72
    29
 73
    25
 74
     0
 42
0.0000000001
 43
0.0000000001
 40
0.0
 40
0.0
 40
0.0
 40
0.0
 40
0.125
 40
0.125
 40
0.125
 40
0.25
 40
0.25
 40
0.25
 40
0.375
 40
0.375
 40
0.375
 40
0.5
 40
0.5
 40
0.5
 40
0.625
 40
0.625
 40
0.625
 40
0.75
 40
0.75
 40
0.75
 40
0.875
 40
0.875
 40
0.875
 40
1.0
 40
1.0
 40
1.0
 40
1.0
 10
-2185.4629
 20
-80.3013
 30
0.0
 10
-2185.4629
 20
-80.3013
 30
0.0
 10
-2186.4018
 20
-80.3013
 30
0.0
 10
-2186.4018
 20
-80.3013
 30
0.0
 10
-2186.7853
 20
-80.3013
 30
0.0
 10
-2187.0963
 20
-79.99
 30
0.0
 10
-2187.0963
 20
-79.6066
 30
0.0
 10
-2187.0963
 20
-79.6066
 30
0.0
 10
-2187.0963
 20
-76.9801
 30
0.0
 10
-2187.0963
 20
-76.9801
 30
0.0
 10
-2187.0963
 20
-76.596
 30
0.0
 10
-2186.7853
 20
-76.2852
 30
0.0
 10
-2186.4018
 20
-76.2852
 30
0.0
 10
-2186.4018
 20
-76.2852
 30
0.0
 10
-2185.4629
 20
-76.2852
 30
0.0
 10
-2185.4629
 20
-76.2852
 30
0.0
 10
-2185.0792
 20
-76.2852
 30
0.0
 10
-2184.7682
 20
-76.596
 30
0.0
 10
-2184.7682
 20
-76.9801
 30
0.0
 10
-2184.7682
 20
-76.9801
 30
0.0
 10
-2184.7682
 20
-79.6066
 30
0.0
 10
-2184.7682
 20
-79.6066
 30
0.0
 10
-2184.7682
 20
-79.99
 30
0.0
 10
-2185.0792
 20
-80.3013
 30
0.0
 10
-2185.4629
 20
-80.3013
 30
0.0
  0
SPLINE
  5
D2
330
1F
100
AcDbEntity
  8
Layer 1
 62
   240
100
AcDbSpline
210
0.0
220
0.0
230
1.0
 70
    11
 71
     3
 72
    47
 73
    43
 74
     0
 42
0.0000000001
 43
0.0000000001
 40
0.0
 40
0.0
 40
0.0
 40
0.0
 40
0.0714285714285714
 40
0.0714285714285714
 40
0.0714285714285714
 40
0.1428571428571428
 40
0.1428571428571428
 40
0.1428571428571428
 40
0.2142857142857143
 40
0.2142857142857143
 40
0.2142857142857143
 40
0.2857142857142857
 40
0.2857142857142857
 40
0.2857142857142857
 40
0.3571428571428571
 40
0.3571428571428571
 40
0.3571428571428571
 40
0.4285714285714285
 40
0.4285714285714285
 40
0.4285714285714285
 40
0.5
 40
0.5
 40
0.5
 40
0.5714285714285714
 40
0.5714285714285714
 40
0.5714285714285714
 40
0.6428571428571428
 40
0.6428571428571428
 40
0.6428571428571428
 40
0.7142857142857142
 40
0.7142857142857142
 40
0.7142857142857142
 40
0.7857142857142857
 40
0.7857142857142857
 40
0.7857142857142857
 40
0.8571428571428571
 40
0.8571428571428571
 40
0.8571428571428571
 40
0.9285714285714285
 40
0.9285714285714285
 40
0.9285714285714285
 40
1.0
 40
1.0
 40
1.0
 40
1.0
 10
-2174.9413
 20
-66.9683
 30
0.0
 10
-2174.9413
 20
-66.9683
 30
0.0
 10
-2174.8948
 20
-66.9473
 30
0.0
 10
-2174.8948
 20
-66.9473
 30
0.0
 10
-2174.8948
 20
-66.9473
 30
0.0
 10
-2174.8504
 20
-66.9235
 30
0.0
 10
-2174.8504
 20
-66.9235
 30
0.0
 10
-2174.8187
 20
-66.9047
 30
0.0
 10
-2174.7949
 20
-66.8861
 30
0.0
 10
-2174.7802
 20
-66.8687
 30
0.0
 10
-2174.7703
 20
-66.8568
 30
0.0
 10
-2174.7651
 20
-66.8463
 30
0.0
 10
-2174.7651
 20
-66.8373
 30
0.0
 10
-2174.7651
 20
-66.7608
 30
0.0
 10
-2174.7852
 20
-66.7236
 30
0.0
 10
-2174.8189
 20
-66.664
 30
0.0
 10
-2174.8373
 20
-66.6385
 30
0.0
 10
-2174.8541
 20
-66.6205
 30
0.0
 10
-2174.8699
 20
-66.6092
 30
0.0
 10
-2174.8809
 20
-66.6013
 30
0.0
 10
-2174.8916
 20
-66.5972
 30
0.0
 10
-2174.9012
 20
-66.5972
 30
0.0
 10
-2174.9249
 20
-66.5972
 30
0.0
 10
-2174.9501
 20
-66.6044
 30
0.0
 10
-2174.9759
 20
-66.6181
 30
0.0
 10
-2175.0053
 20
-66.6337
 30
0.0
 10
-2175.036
 20
-66.6577
 30
0.0
 10
-2175.0672
 20
-66.6894
 30
0.0
 10
-2175.0975
 20
-66.7212
 30
0.0
 10
-2175.1197
 20
-66.7507
 30
0.0
 10
-2175.1341
 20
-66.7767
 30
0.0
 10
-2175.1461
 20
-66.7993
 30
0.0
 10
-2175.1523
 20
-66.819
 30
0.0
 10
-2175.1523
 20
-66.8355
 30
0.0
 10
-2175.1523
 20
-66.8583
 30
0.0
 10
-2175.1403
 20
-66.8822
 30
0.0
 10
-2175.1166
 20
-66.9071
 30
0.0
 10
-2175.0907
 20
-66.9346
 30
0.0
 10
-2175.0512
 20
-66.9628
 30
0.0
 10
-2174.9991
 20
-66.9911
 30
0.0
 10
-2174.9991
 20
-66.9911
 30
0.0
 10
-2174.9413
 20
-66.9683
 30
0.0
 10
-2174.9413
 20
-66.9683
 30
0.0
  0
SPLINE
  5
D3
330
1F
100
AcDbEntity
  8
Layer 1
 62
   240
100
AcDbSpline
210
0.0
220
0.0
230
1.0
 70
    11
 71
     3
 72
   221
 73
   217
 74
     0
 42
0.0000000001
 43
0.0000000001
 40
0.0
 40
0.0
 40
0.0
 40
0.0
 40
0.0138888888888889
 40
0.0138888888888889
 40
0.0138888888888889
 40
0.0277777777777778
 40
0.0277777777777778
 40
0.0277777777777778
 40
0.0416666666666667
 40
0.0416666666666667
 40
0.0416666666666667
 40
0.0555555555555556
 40
0.0555555555555556
 40
0.0555555555555556
 40
0.0694444444444444
 40
0.0694444444444444
 40
0.0694444444444444
 40
0.0833333333333333
 40
0.0833333333333333
 40
0.0833333333333333
 40
0.0972222222222222
 40
0.0972222222222222
 40
0.0972222222222222
 40
0.1111111111111111
 40
0.1111111111111111
 40
0.1111111111111111
 40
0.125
 40
0.125
 40
0.125
 40
0.1388888888888889
 40
0.1388888888888889
 40
0.1388888888888889
 40
0.1527777777777778
 40
0.1527777777777778
 40
0.1527777777777778
 40
0.1666666666666667
 40
0.1666666666666667
 40
0.1666666666666667
 40
0.1805555555555556
 40
0.1805555555555556
 40
0.1805555555555556
 40
0.1944444444444444
 40
0.1944444444444444
 40
0.1944444444444444
 40
0.2083333333333333
 40
0.2083333333333333
 40
0.2083333333333333
 40
0.2222222222222222
 40
0.2222222222222222
 40
0.2222222222222222
 40
0.2361111111111111
 40
0.2361111111111111
 40
0.2361111111111111
 40
0.25
 40
0.25
 40
0.25
 40
0.2638888888888889
 40
0.2638888888888889
 40
0.2638888888888889
 40
0.2777777777777778
 40
0.2777777777777778
 40
0.2777777777777778
 40
0.2916666666666666
 40
0.2916666666666666
 40
0.2916666666666666
 40
0.3055555555555555
 40
0.3055555555555555
 40
0.3055555555555555
 40
0.3194444444444444
 40
0.3194444444444444
 40
0.3194444444444444
 40
0.3333333333333333
 40
0.3333333333333333
 40
0.3333333333333333
 40
0.3472222222222222
 40
0.3472222222222222
 40
0.3472222222222222
 40
0.3611111111111111
 40
0.3611111111111111
 40
0.3611111111111111
 40
0.375
 40
0.375
 40
0.375
 40
0.3888888888888888
 40
0.3888888888888888
 40
0.3888888888888888
 40
0.4027777777777777
 40
0.4027777777777777
 40
0.4027777777777777
 40
0.4166666666666666
 40
0.4166666666666666
 40
0.4166666666666666
 40
0.4305555555555555
 40
0.4305555555555555
 40
0.4305555555555555
 40
0.4444444444444444
 40
0.4444444444444444
 40
0.4444444444444444
 40
0.4583333333333333
 40
0.4583333333333333
 40
0.4583333333333333
 40
0.4722222222222222
 40
0.4722222222222222
 40
0.4722222222222222
 40
0.4861111111111111
 40
0.4861111111111111
 40
0.4861111111111111
 40
0.5
 40
0.5
 40
0.5
 40
0.5138888888888888
 40
0.5138888888888888
 40
0.5138888888888888
 40
0.5277777777777778
 40
0.5277777777777778
 40
0.5277777777777778
 40
0.5416666666666666
 40
0.5416666666666666
 40
0.5416666666666666
 40
0.5555555555555556
 40
0.5555555555555556
 40
0.5555555555555556
 40
0.5694444444444444
 40
0.5694444444444444
 40
0.5694444444444444
 40
0.5833333333333333
 40
0.5833333333333333
 40
0.5833333333333333
 40
0.5972222222222222
 40
0.5972222222222222
 40
0.5972222222222222
 40
0.611111111111111
 40
0.611111111111111
 40
0.611111111111111
 40
0.625
 40
0.625
 40
0.625
 40
0.6388888888888888
 40
0.6388888888888888
 40
0.6388888888888888
 40
0.6527777777777778
 40
0.6527777777777778
 40
0.6527777777777778
 40
0.6666666666666666
 40
0.6666666666666666
 40
0.6666666666666666
 40
0.6805555555555555
 40
0.6805555555555555
 40
0.6805555555555555
 40
0.6944444444444444
 40
0.6944444444444444
 40
0.6944444444444444
 40
0.7083333333333333
 40
0.7083333333333333
 40
0.7083333333333333
 40
0.7222222222222222
 40
0.7222222222222222
 40
0.7222222222222222
 40
0.736111111111111
 40
0.736111111111111
 40
0.736111111111111
 40
0.75
 40
0.75
 40
0.75
 40
0.7638888888888888
 40
0.7638888888888888
 40
0.7638888888888888
 40
0.7777777777777777
 40
0.7777777777777777
 40
0.7777777777777777
 40
0.7916666666666666
 40
0.7916666666666666
 40
0.7916666666666666
 40
0.8055555555555555
 40
0.8055555555555555
 40
0.8055555555555555
 40
0.8194444444444444
 40
0.8194444444444444
 40
0.8194444444444444
 40
0.8333333333333333
 40
0.8333333333333333
 40
0.8333333333333333
 40
0.8472222222222222
 40
0.8472222222222222
 40
0.8472222222222222
 40
0.861111111111111
 40
0.861111111111111
 40
0.861111111111111
 40
0.875
 40
0.875
 40
0.875
 40
0.8888888888888888
 40
0.8888888888888888
 40
0.8888888888888888
 40
0.9027777777777777
 40
0.9027777777777777
 40
0.9027777777777777
 40
0.9166666666666666
 40
0.9166666666666666
 40
0.9166666666666666
 40
0.9305555555555555
 40
0.9305555555555555
 40
0.9305555555555555
 40
0.9444444444444444
 40
0.9444444444444444
 40
0.9444444444444444
 40
0.9583333333333333
 40
0.9583333333333333
 40
0.9583333333333333
 40
0.9722222222222222
 40
0.9722222222222222
 40
0.9722222222222222
 40
0.986111111111111
 40
0.986111111111111
 40
0.986111111111111
 40
1.0
 40
1.0
 40
1.0
 40
1.0
 10
-2175.0562
 20
-66.3014
 30
0.0
 10
-2175.0562
 20
-66.3014
 30
0.0
 10
-2175.0474
 20
-66.2383
 30
0.0
 10
-2175.0474
 20
-66.2383
 30
0.0
 10
-2175.0474
 20
-66.2383
 30
0.0
 10
-2175.016
 20
-66.1003
 30
0.0
 10
-2175.016
 20
-66.1003
 30
0.0
 10
-2175.016
 20
-66.1003
 30
0.0
 10
-2175.0135
 20
-66.1003
 30
0.0
 10
-2175.0135
 20
-66.1003
 30
0.0
 10
-2175.0135
 20
-66.1003
 30
0.0
 10
-2175.0114
 20
-66.0917
 30
0.0
 10
-2175.0114
 20
-66.0917
 30
0.0
 10
-2175.0114
 20
-66.0917
 30
0.0
 10
-2174.9533
 20
-66.0917
 30
0.0
 10
-2174.9533
 20
-66.0917
 30
0.0
 10
-2174.9533
 20
-66.0917
 30
0.0
 10
-2174.9145
 20
-66.1076
 30
0.0
 10
-2174.9145
 20
-66.1076
 30
0.0
 10
-2174.9145
 20
-66.1076
 30
0.0
 10
-2174.8492
 20
-66.1674
 30
0.0
 10
-2174.8492
 20
-66.1674
 30
0.0
 10
-2174.8492
 20
-66.1674
 30
0.0
 10
-2174.7718
 20
-66.2323
 30
0.0
 10
-2174.7718
 20
-66.2323
 30
0.0
 10
-2174.7718
 20
-66.2323
 30
0.0
 10
-2174.6947
 20
-66.2916
 30
0.0
 10
-2174.6947
 20
-66.2916
 30
0.0
 10
-2174.6336
 20
-66.3354
 30
0.0
 10
-2174.5662
 20
-66.3796
 30
0.0
 10
-2174.5074
 20
-66.4255
 30
0.0
 10
-2174.5003
 20
-66.4284
 30
0.0
 10
-2174.4941
 20
-66.4325
 30
0.0
 10
-2174.4889
 20
-66.4381
 30
0.0
 10
-2174.4202
 20
-66.4931
 30
0.0
 10
-2174.338
 20
-66.5469
 30
0.0
 10
-2174.2656
 20
-66.5989
 30
0.0
 10
-2174.1819
 20
-66.6621
 30
0.0
 10
-2174.1192
 20
-66.7304
 30
0.0
 10
-2174.0771
 20
-66.8039
 30
0.0
 10
-2174.0342
 20
-66.8791
 30
0.0
 10
-2174.0125
 20
-66.9597
 30
0.0
 10
-2174.0125
 20
-67.0445
 30
0.0
 10
-2174.0125
 20
-67.0999
 30
0.0
 10
-2174.0209
 20
-67.1514
 30
0.0
 10
-2174.038
 20
-67.1983
 30
0.0
 10
-2174.0554
 20
-67.246
 30
0.0
 10
-2174.082
 20
-67.2891
 30
0.0
 10
-2174.1172
 20
-67.3262
 30
0.0
 10
-2174.1568
 20
-67.3672
 30
0.0
 10
-2174.2041
 20
-67.398
 30
0.0
 10
-2174.2586
 20
-67.4183
 30
0.0
 10
-2174.3118
 20
-67.438
 30
0.0
 10
-2174.3717
 20
-67.448
 30
0.0
 10
-2174.4383
 20
-67.448
 30
0.0
 10
-2174.5221
 20
-67.4477
 30
0.0
 10
-2174.619
 20
-67.4368
 30
0.0
 10
-2174.7277
 20
-67.415
 30
0.0
 10
-2174.8307
 20
-67.3942
 30
0.0
 10
-2174.9452
 20
-67.3638
 30
0.0
 10
-2175.0699
 20
-67.3242
 30
0.0
 10
-2175.167
 20
-67.3638
 30
0.0
 10
-2175.2569
 20
-67.394
 30
0.0
 10
-2175.339
 20
-67.4145
 30
0.0
 10
-2175.4286
 20
-67.4368
 30
0.0
 10
-2175.5099
 20
-67.448
 30
0.0
 10
-2175.5822
 20
-67.448
 30
0.0
 10
-2177.0964
 20
-67.4377
 30
0.0
 10
-2178.6145
 20
-67.4479
 30
0.0
 10
-2180.1293
 20
-67.4479
 30
0.0
 10
-2180.1754
 20
-67.4479
 30
0.0
 10
-2180.2174
 20
-67.4419
 30
0.0
 10
-2180.2544
 20
-67.43
 30
0.0
 10
-2180.2544
 20
-67.43
 30
0.0
 10
-2180.2658
 20
-67.4263
 30
0.0
 10
-2180.2658
 20
-67.4263
 30
0.0
 10
-2180.2679
 20
-67.4719
 30
0.0
 10
-2180.2745
 20
-67.5171
 30
0.0
 10
-2180.2857
 20
-67.561
 30
0.0
 10
-2180.2993
 20
-67.6136
 30
0.0
 10
-2180.3197
 20
-67.6646
 30
0.0
 10
-2180.3467
 20
-67.7131
 30
0.0
 10
-2180.3834
 20
-67.7774
 30
0.0
 10
-2180.4218
 20
-67.8344
 30
0.0
 10
-2180.4612
 20
-67.8839
 30
0.0
 10
-2180.5017
 20
-67.9343
 30
0.0
 10
-2180.5433
 20
-67.9767
 30
0.0
 10
-2180.5856
 20
-68.0102
 30
0.0
 10
-2180.6272
 20
-68.0435
 30
0.0
 10
-2180.6691
 20
-68.0687
 30
0.0
 10
-2180.7097
 20
-68.0852
 30
0.0
 10
-2180.7535
 20
-68.1029
 30
0.0
 10
-2180.7972
 20
-68.1116
 30
0.0
 10
-2180.84
 20
-68.1116
 30
0.0
 10
-2180.8759
 20
-68.1116
 30
0.0
 10
-2180.9149
 20
-68.1077
 30
0.0
 10
-2180.9562
 20
-68.0999
 30
0.0
 10
-2180.9971
 20
-68.0924
 30
0.0
 10
-2181.0402
 20
-68.081
 30
0.0
 10
-2181.0845
 20
-68.0664
 30
0.0
 10
-2181.1245
 20
-68.0533
 30
0.0
 10
-2181.1649
 20
-68.038
 30
0.0
 10
-2181.2052
 20
-68.0205
 30
0.0
 10
-2181.245
 20
-68.0035
 30
0.0
 10
-2181.2873
 20
-67.983
 30
0.0
 10
-2181.3311
 20
-67.9599
 30
0.0
 10
-2181.3311
 20
-67.9599
 30
0.0
 10
-2181.3769
 20
-67.9358
 30
0.0
 10
-2181.3769
 20
-67.9358
 30
0.0
 10
-2181.3769
 20
-67.9358
 30
0.0
 10
-2181.3047
 20
-67.7727
 30
0.0
 10
-2181.3047
 20
-67.7727
 30
0.0
 10
-2181.3047
 20
-67.7727
 30
0.0
 10
-2181.2532
 20
-67.7975
 30
0.0
 10
-2181.2532
 20
-67.7975
 30
0.0
 10
-2181.229
 20
-67.809
 30
0.0
 10
-2181.2012
 20
-67.8179
 30
0.0
 10
-2181.1707
 20
-67.8235
 30
0.0
 10
-2181.1385
 20
-67.8297
 30
0.0
 10
-2181.1025
 20
-67.8328
 30
0.0
 10
-2181.0631
 20
-67.8328
 30
0.0
 10
-2180.9507
 20
-67.8328
 30
0.0
 10
-2180.8339
 20
-67.7785
 30
0.0
 10
-2180.7131
 20
-67.6703
 30
0.0
 10
-2180.6499
 20
-67.6143
 30
0.0
 10
-2180.6006
 20
-67.5568
 30
0.0
 10
-2180.5653
 20
-67.4986
 30
0.0
 10
-2180.5341
 20
-67.4472
 30
0.0
 10
-2180.5133
 20
-67.3935
 30
0.0
 10
-2180.503
 20
-67.3384
 30
0.0
 10
-2180.5413
 20
-67.2702
 30
0.0
 10
-2180.5936
 20
-67.1993
 30
0.0
 10
-2180.6352
 20
-67.1312
 30
0.0
 10
-2180.6352
 20
-67.1312
 30
0.0
 10
-2180.6713
 20
-67.0668
 30
0.0
 10
-2180.6713
 20
-67.0668
 30
0.0
 10
-2180.6713
 20
-67.0668
 30
0.0
 10
-2180.719
 20
-66.9701
 30
0.0
 10
-2180.719
 20
-66.9701
 30
0.0
 10
-2180.719
 20
-66.9701
 30
0.0
 10
-2180.6581
 20
-66.837
 30
0.0
 10
-2180.6581
 20
-66.837
 30
0.0
 10
-2180.6581
 20
-66.837
 30
0.0
 10
-2180.5915
 20
-66.7024
 30
0.0
 10
-2180.5915
 20
-66.7024
 30
0.0
 10
-2180.5915
 20
-66.7024
 30
0.0
 10
-2180.5067
 20
-66.6912
 30
0.0
 10
-2180.5067
 20
-66.6912
 30
0.0
 10
-2180.5067
 20
-66.6912
 30
0.0
 10
-2180.4503
 20
-66.8233
 30
0.0
 10
-2180.4503
 20
-66.8233
 30
0.0
 10
-2180.4503
 20
-66.8233
 30
0.0
 10
-2180.4136
 20
-66.8961
 30
0.0
 10
-2180.4136
 20
-66.8961
 30
0.0
 10
-2180.4136
 20
-66.8961
 30
0.0
 10
-2180.3734
 20
-66.961
 30
0.0
 10
-2180.3734
 20
-66.961
 30
0.0
 10
-2180.3734
 20
-66.961
 30
0.0
 10
-2180.3344
 20
-67.0095
 30
0.0
 10
-2180.3344
 20
-67.0095
 30
0.0
 10
-2180.3062
 20
-67.0391
 30
0.0
 10
-2180.2748
 20
-67.0616
 30
0.0
 10
-2180.2403
 20
-67.076
 30
0.0
 10
-2180.2056
 20
-67.0908
 30
0.0
 10
-2180.1664
 20
-67.0981
 30
0.0
 10
-2180.1236
 20
-67.0981
 30
0.0
 10
-2178.6095
 20
-67.0981
 30
0.0
 10
-2177.0203
 20
-67.1447
 30
0.0
 10
-2175.5153
 20
-67.0956
 30
0.0
 10
-2175.5153
 20
-67.0956
 30
0.0
 10
-2175.4432
 20
-67.0876
 30
0.0
 10
-2175.4432
 20
-67.0876
 30
0.0
 10
-2175.4118
 20
-67.0835
 30
0.0
 10
-2175.3828
 20
-67.078
 30
0.0
 10
-2175.3562
 20
-67.0717
 30
0.0
 10
-2175.3562
 20
-67.0717
 30
0.0
 10
-2175.33
 20
-67.0647
 30
0.0
 10
-2175.33
 20
-67.0647
 30
0.0
 10
-2175.33
 20
-67.0647
 30
0.0
 10
-2175.3458
 20
-66.9911
 30
0.0
 10
-2175.3458
 20
-66.9911
 30
0.0
 10
-2175.3531
 20
-66.9453
 30
0.0
 10
-2175.357
 20
-66.8962
 30
0.0
 10
-2175.357
 20
-66.8452
 30
0.0
 10
-2175.357
 20
-66.811
 30
0.0
 10
-2175.3516
 20
-66.7395
 30
0.0
 10
-2175.3443
 20
-66.7125
 30
0.0
 10
-2175.3443
 20
-66.7125
 30
0.0
 10
-2175.3427
 20
-66.7125
 30
0.0
 10
-2175.3427
 20
-66.7125
 30
0.0
 10
-2175.3427
 20
-66.7125
 30
0.0
 10
-2175.3347
 20
-66.6746
 30
0.0
 10
-2175.3347
 20
-66.6746
 30
0.0
 10
-2175.3347
 20
-66.6746
 30
0.0
 10
-2175.3331
 20
-66.6746
 30
0.0
 10
-2175.3331
 20
-66.6746
 30
0.0
 10
-2175.3331
 20
-66.6746
 30
0.0
 10
-2175.3194
 20
-66.632
 30
0.0
 10
-2175.3194
 20
-66.632
 30
0.0
 10
-2175.3194
 20
-66.632
 30
0.0
 10
-2175.3172
 20
-66.632
 30
0.0
 10
-2175.3172
 20
-66.632
 30
0.0
 10
-2175.3172
 20
-66.632
 30
0.0
 10
-2175.2958
 20
-66.5792
 30
0.0
 10
-2175.2958
 20
-66.5792
 30
0.0
 10
-2175.2958
 20
-66.5792
 30
0.0
 10
-2175.2933
 20
-66.5792
 30
0.0
 10
-2175.2933
 20
-66.5792
 30
0.0
 10
-2175.2739
 20
-66.5416
 30
0.0
 10
-2175.2543
 20
-66.5082
 30
0.0
 10
-2175.2295
 20
-66.4739
 30
0.0
 10
-2175.1971
 20
-66.4303
 30
0.0
 10
-2175.1647
 20
-66.3932
 30
0.0
 10
-2175.1319
 20
-66.3623
 30
0.0
 10
-2175.1069
 20
-66.3385
 30
0.0
 10
-2175.0816
 20
-66.3183
 30
0.0
 10
-2175.0562
 20
-66.3014
 30
0.0
  0
SPLINE
  5
D4
330
1F
100
AcDbEntity
  8
Layer 1
 62
   240
100
AcDbSpline
210
0.0
220
0.0
230
1.0
 70
    11
 71
     3
 72
    77
 73
    73
 74
     0
 42
0.0000000001
 43
0.0000000001
 40
0.0
 40
0.0
 40
0.0
 40
0.0
 40
0.0416666666666667
 40
0.0416666666666667
 40
0.0416666666666667
 40
0.0833333333333333
 40
0.0833333333333333
 40
0.0833333333333333
 40
0.125
 40
0.125
 40
0.125
 40
0.1666666666666667
 40
0.1666666666666667
 40
0.1666666666666667
 40
0.2083333333333333
 40
0.2083333333333333
 40
0.2083333333333333
 40
0.25
 40
0.25
 40
0.25
 40
0.2916666666666666
 40
0.2916666666666666
 40
0.2916666666666666
 40
0.3333333333333333
 40
0.3333333333333333
 40
0.3333333333333333
 40
0.375
 40
0.375
 40
0.375
 40
0.4166666666666666
 40
0.4166666666666666
 40
0.4166666666666666
 40
0.4583333333333333
 40
0.4583333333333333
 40
0.4583333333333333
 40
0.5
 40
0.5
 40
0.5
 40
0.5416666666666666
 40
0.5416666666666666
 40
0.5416666666666666
 40
0.5833333333333333
 40
0.5833333333333333
 40
0.5833333333333333
 40
0.625
 40
0.625
 40
0.625
 40
0.6666666666666666
 40
0.6666666666666666
 40
0.6666666666666666
 40
0.7083333333333333
 40
0.7083333333333333
 40
0.7083333333333333
 40
0.75
 40
0.75
 40
0.75
 40
0.7916666666666666
 40
0.7916666666666666
 40
0.7916666666666666
 40
0.8333333333333333
 40
0.8333333333333333
 40
0.8333333333333333
 40
0.875
 40
0.875
 40
0.875
 40
0.9166666666666666
 40
0.9166666666666666
 40
0.9166666666666666
 40
0.9583333333333333
 40
0.9583333333333333
 40
0.9583333333333333
 40
1.0
 40
1.0
 40
1.0
 40
1.0
 10
-2173.8686
 20
-67.4238
 30
0.0
 10
-2173.8686
 20
-67.3951
 30
0.0
 10
-2173.8644
 20
-67.3655
 30
0.0
 10
-2173.8601
 20
-67.3345
 30
0.0
 10
-2173.8516
 20
-67.2692
 30
0.0
 10
-2173.8505
 20
-67.2113
 30
0.0
 10
-2173.8483
 20
-67.1447
 30
0.0
 10
-2173.8485
 20
-66.9168
 30
0.0
 10
-2173.844
 20
-66.6785
 30
0.0
 10
-2173.8617
 20
-66.4518
 30
0.0
 10
-2173.866
 20
-66.3989
 30
0.0
 10
-2173.8705
 20
-66.3432
 30
0.0
 10
-2173.8705
 20
-66.2845
 30
0.0
 10
-2173.8734
 20
-66.2388
 30
0.0
 10
-2173.8755
 20
-66.1935
 30
0.0
 10
-2173.8803
 20
-66.1482
 30
0.0
 10
-2173.8864
 20
-66.0942
 30
0.0
 10
-2173.8926
 20
-66.0386
 30
0.0
 10
-2173.8928
 20
-65.9819
 30
0.0
 10
-2173.896
 20
-65.9383
 30
0.0
 10
-2173.8984
 20
-65.8935
 30
0.0
 10
-2173.9038
 20
-65.8503
 30
0.0
 10
-2173.9094
 20
-65.8041
 30
0.0
 10
-2173.9154
 20
-65.7577
 30
0.0
 10
-2173.9154
 20
-65.7118
 30
0.0
 10
-2173.9154
 20
-65.7118
 30
0.0
 10
-2173.9034
 20
-65.6775
 30
0.0
 10
-2173.9034
 20
-65.6775
 30
0.0
 10
-2173.8737
 20
-65.6396
 30
0.0
 10
-2173.8428
 20
-65.6036
 30
0.0
 10
-2173.8116
 20
-65.5699
 30
0.0
 10
-2173.7809
 20
-65.5369
 30
0.0
 10
-2173.7482
 20
-65.5048
 30
0.0
 10
-2173.7138
 20
-65.4736
 30
0.0
 10
-2173.7138
 20
-65.4736
 30
0.0
 10
-2173.6897
 20
-65.4517
 30
0.0
 10
-2173.6897
 20
-65.4517
 30
0.0
 10
-2173.6897
 20
-65.4517
 30
0.0
 10
-2173.6082
 20
-65.4789
 30
0.0
 10
-2173.6082
 20
-65.4789
 30
0.0
 10
-2173.6082
 20
-65.4789
 30
0.0
 10
-2173.6079
 20
-65.4829
 30
0.0
 10
-2173.6079
 20
-65.4829
 30
0.0
 10
-2173.6079
 20
-65.4829
 30
0.0
 10
-2173.606
 20
-65.4829
 30
0.0
 10
-2173.606
 20
-65.4829
 30
0.0
 10
-2173.606
 20
-65.4829
 30
0.0
 10
-2173.6001
 20
-65.5616
 30
0.0
 10
-2173.6001
 20
-65.5616
 30
0.0
 10
-2173.5906
 20
-65.6472
 30
0.0
 10
-2173.5807
 20
-65.7386
 30
0.0
 10
-2173.5807
 20
-65.8343
 30
0.0
 10
-2173.5581
 20
-66.2259
 30
0.0
 10
-2173.5503
 20
-66.624
 30
0.0
 10
-2173.5602
 20
-67.0166
 30
0.0
 10
-2173.5602
 20
-67.0166
 30
0.0
 10
-2173.5692
 20
-67.1394
 30
0.0
 10
-2173.5692
 20
-67.1394
 30
0.0
 10
-2173.5696
 20
-67.1835
 30
0.0
 10
-2173.5827
 20
-67.2302
 30
0.0
 10
-2173.6067
 20
-67.2789
 30
0.0
 10
-2173.6291
 20
-67.3243
 30
0.0
 10
-2173.6625
 20
-67.3728
 30
0.0
 10
-2173.7045
 20
-67.4239
 30
0.0
 10
-2173.7045
 20
-67.4239
 30
0.0
 10
-2173.7756
 20
-67.5057
 30
0.0
 10
-2173.7756
 20
-67.5057
 30
0.0
 10
-2173.7756
 20
-67.5057
 30
0.0
 10
-2173.8686
 20
-67.4572
 30
0.0
 10
-2173.8686
 20
-67.4572
 30
0.0
 10
-2173.8686
 20
-67.4572
 30
0.0
 10
-2173.8686
 20
-67.4238
 30
0.0
 10
-2173.8686
 20
-67.4238
 30
0.0
  0
SPLINE
  5
D5
330
1F
100
AcDbEntity
  8
Layer 1
 62
   240
100
AcDbSpline
210
0.0
220
0.0
230
1.0
 70
    11
 71
     3
 72
    50
 73
    46
 74
     0
 42
0.0000000001
 43
0.0000000001
 40
0.0
 40
0.0
 40
0.0
 40
0.0
 40
0.0666666666666667
 40
0.0666666666666667
 40
0.0666666666666667
 40
0.1333333333333333
 40
0.1333333333333333
 40
0.1333333333333333
 40
0.2
 40
0.2
 40
0.2
 40
0.2666666666666667
 40
0.2666666666666667
 40
0.2666666666666667
 40
0.3333333333333333
 40
0.3333333333333333
 40
0.3333333333333333
 40
0.4
 40
0.4
 40
0.4
 40
0.4666666666666667
 40
0.4666666666666667
 40
0.4666666666666667
 40
0.5333333333333333
 40
0.5333333333333333
 40
0.5333333333333333
 40
0.6
 40
0.6
 40
0.6
 40
0.6666666666666666
 40
0.6666666666666666
 40
0.6666666666666666
 40
0.7333333333333333
 40
0.7333333333333333
 40
0.7333333333333333
 40
0.8
 40
0.8
 40
0.8
 40
0.8666666666666667
 40
0.8666666666666667
 40
0.8666666666666667
 40
0.9333333333333333
 40
0.9333333333333333
 40
0.9333333333333333
 40
1.0
 40
1.0
 40
1.0
 40
1.0
 10
-2172.7232
 20
-67.0981
 30
0.0
 10
-2172.731
 20
-67.0729
 30
0.0
 10
-2172.7404
 20
-67.0491
 30
0.0
 10
-2172.7509
 20
-67.0267
 30
0.0
 10
-2172.7696
 20
-66.9869
 30
0.0
 10
-2172.7938
 20
-66.9514
 30
0.0
 10
-2172.8227
 20
-66.9203
 30
0.0
 10
-2172.8506
 20
-66.8897
 30
0.0
 10
-2172.8775
 20
-66.8673
 30
0.0
 10
-2172.9043
 20
-66.8533
 30
0.0
 10
-2172.9289
 20
-66.8406
 30
0.0
 10
-2172.9542
 20
-66.8338
 30
0.0
 10
-2172.9797
 20
-66.8338
 30
0.0
 10
-2172.9987
 20
-66.8338
 30
0.0
 10
-2173.017
 20
-66.8372
 30
0.0
 10
-2173.0343
 20
-66.8437
 30
0.0
 10
-2173.0524
 20
-66.8504
 30
0.0
 10
-2173.0709
 20
-66.8612
 30
0.0
 10
-2173.0892
 20
-66.8756
 30
0.0
 10
-2173.1059
 20
-66.8885
 30
0.0
 10
-2173.1182
 20
-66.9015
 30
0.0
 10
-2173.1255
 20
-66.9138
 30
0.0
 10
-2173.1309
 20
-66.9233
 30
0.0
 10
-2173.134
 20
-66.9328
 30
0.0
 10
-2173.134
 20
-66.9418
 30
0.0
 10
-2173.134
 20
-66.9554
 30
0.0
 10
-2173.1311
 20
-66.9681
 30
0.0
 10
-2173.1257
 20
-66.9789
 30
0.0
 10
-2173.1196
 20
-66.9913
 30
0.0
 10
-2173.1097
 20
-67.0033
 30
0.0
 10
-2173.0965
 20
-67.0142
 30
0.0
 10
-2173.0832
 20
-67.0249
 30
0.0
 10
-2173.0664
 20
-67.0354
 30
0.0
 10
-2173.047
 20
-67.0445
 30
0.0
 10
-2173.0251
 20
-67.0546
 30
0.0
 10
-2173.0005
 20
-67.064
 30
0.0
 10
-2172.9726
 20
-67.072
 30
0.0
 10
-2172.9726
 20
-67.072
 30
0.0
 10
-2172.9043
 20
-67.0858
 30
0.0
 10
-2172.9043
 20
-67.0858
 30
0.0
 10
-2172.9043
 20
-67.0858
 30
0.0
 10
-2172.8234
 20
-67.0947
 30
0.0
 10
-2172.8234
 20
-67.0947
 30
0.0
 10
-2172.8234
 20
-67.0947
 30
0.0
 10
-2172.7232
 20
-67.0981
 30
0.0
 10
-2172.7232
 20
-67.0981
 30
0.0
  0
SPLINE
  5
D6
330
1F
100
AcDbEntity
  8
Layer 1
 62
   240
100
AcDbSpline
210
0.0
220
0.0
230
1.0
 70
    11
 71
     3
 72
    41
 73
    37
 74
     0
 42
0.0000000001
 43
0.0000000001
 40
0.0
 40
0.0
 40
0.0
 40
0.0
 40
0.0833333333333333
 40
0.0833333333333333
 40
0.0833333333333333
 40
0.1666666666666667
 40
0.1666666666666667
 40
0.1666666666666667
 40
0.25
 40
0.25
 40
0.25
 40
0.3333333333333333
 40
0.3333333333333333
 40
0.3333333333333333
 40
0.4166666666666666
 40
0.4166666666666666
 40
0.4166666666666666
 40
0.5
 40
0.5
 40
0.5
 40
0.5833333333333333
 40
0.5833333333333333
 40
0.5833333333333333
 40
0.6666666666666666
 40
0.6666666666666666
 40
0.6666666666666666
 40
0.75
 40
0.75
 40
0.75
 40
0.8333333333333333
 40
0.8333333333333333
 40
0.8333333333333333
 40
0.9166666666666666
 40
0.9166666666666666
 40
0.9166666666666666
 40
1.0
 40
1.0
 40
1.0
 40
1.0
 10
-2171.8739
 20
-67.8253
 30
0.0
 10
-2171.8739
 20
-67.8253
 30
0.0
 10
-2171.7592
 20
-67.6773
 30
0.0
 10
-2171.7592
 20
-67.6773
 30
0.0
 10
-2171.7592
 20
-67.6773
 30
0.0
 10
-2171.6864
 20
-67.5953
 30
0.0
 10
-2171.6864
 20
-67.5953
 30
0.0
 10
-2171.6864
 20
-67.5953
 30
0.0
 10
-2171.6466
 20
-67.624
 30
0.0
 10
-2171.6466
 20
-67.624
 30
0.0
 10
-2171.6086
 20
-67.6511
 30
0.0
 10
-2171.5698
 20
-67.6824
 30
0.0
 10
-2171.5305
 20
-67.7173
 30
0.0
 10
-2171.4925
 20
-67.7512
 30
0.0
 10
-2171.4538
 20
-67.789
 30
0.0
 10
-2171.4154
 20
-67.8298
 30
0.0
 10
-2171.4154
 20
-67.8298
 30
0.0
 10
-2171.3859
 20
-67.861
 30
0.0
 10
-2171.3859
 20
-67.861
 30
0.0
 10
-2171.3859
 20
-67.861
 30
0.0
 10
-2171.4086
 20
-67.8974
 30
0.0
 10
-2171.4086
 20
-67.8974
 30
0.0
 10
-2171.4314
 20
-67.9342
 30
0.0
 10
-2171.4571
 20
-67.9693
 30
0.0
 10
-2171.4845
 20
-68.0018
 30
0.0
 10
-2171.5117
 20
-68.0339
 30
0.0
 10
-2171.5415
 20
-68.0644
 30
0.0
 10
-2171.5734
 20
-68.0922
 30
0.0
 10
-2171.5734
 20
-68.0922
 30
0.0
 10
-2171.611
 20
-68.1247
 30
0.0
 10
-2171.611
 20
-68.1247
 30
0.0
 10
-2171.7082
 20
-68.0361
 30
0.0
 10
-2171.8055
 20
-67.9527
 30
0.0
 10
-2171.9055
 20
-67.8672
 30
0.0
 10
-2171.9055
 20
-67.8672
 30
0.0
 10
-2171.8739
 20
-67.8253
 30
0.0
 10
-2171.8739
 20
-67.8253
 30
0.0
  0
SPLINE
  5
D7
330
1F
100
AcDbEntity
  8
Layer 1
 62
   240
100
AcDbSpline
210
0.0
220
0.0
230
1.0
 70
    11
 71
     3
 72
    38
 73
    34
 74
     0
 42
0.0000000001
 43
0.0000000001
 40
0.0
 40
0.0
 40
0.0
 40
0.0
 40
0.0909090909090909
 40
0.0909090909090909
 40
0.0909090909090909
 40
0.1818181818181818
 40
0.1818181818181818
 40
0.1818181818181818
 40
0.2727272727272727
 40
0.2727272727272727
 40
0.2727272727272727
 40
0.3636363636363636
 40
0.3636363636363636
 40
0.3636363636363636
 40
0.4545454545454546
 40
0.4545454545454546
 40
0.4545454545454546
 40
0.5454545454545454
 40
0.5454545454545454
 40
0.5454545454545454
 40
0.6363636363636364
 40
0.6363636363636364
 40
0.6363636363636364
 40
0.7272727272727273
 40
0.7272727272727273
 40
0.7272727272727273
 40
0.8181818181818182
 40
0.8181818181818182
 40
0.8181818181818182
 40
0.9090909090909092
 40
0.9090909090909092
 40
0.9090909090909092
 40
1.0
 40
1.0
 40
1.0
 40
1.0
 10
-2172.0631
 20
-67.083
 30
0.0
 10
-2171.9785
 20
-67.0699
 30
0.0
 10
-2171.8904
 20
-67.0478
 30
0.0
 10
-2171.799
 20
-67.0169
 30
0.0
 10
-2171.6655
 20
-66.9717
 30
0.0
 10
-2171.5243
 20
-66.9075
 30
0.0
 10
-2171.376
 20
-66.8245
 30
0.0
 10
-2171.376
 20
-66.8245
 30
0.0
 10
-2171.428
 20
-66.808
 30
0.0
 10
-2171.428
 20
-66.808
 30
0.0
 10
-2171.4767
 20
-66.7933
 30
0.0
 10
-2171.5251
 20
-66.7799
 30
0.0
 10
-2171.5722
 20
-66.7689
 30
0.0
 10
-2171.6212
 20
-66.7578
 30
0.0
 10
-2171.6682
 20
-66.7491
 30
0.0
 10
-2171.7118
 20
-66.7436
 30
0.0
 10
-2171.7547
 20
-66.7379
 30
0.0
 10
-2171.7959
 20
-66.7351
 30
0.0
 10
-2171.8353
 20
-66.7351
 30
0.0
 10
-2171.8799
 20
-66.7351
 30
0.0
 10
-2171.9188
 20
-66.7418
 30
0.0
 10
-2171.9513
 20
-66.7545
 30
0.0
 10
-2171.9731
 20
-66.7631
 30
0.0
 10
-2171.9931
 20
-66.7749
 30
0.0
 10
-2172.0104
 20
-66.7899
 30
0.0
 10
-2172.0104
 20
-66.7899
 30
0.0
 10
-2171.9951
 20
-66.8524
 30
0.0
 10
-2171.9951
 20
-66.8524
 30
0.0
 10
-2171.9951
 20
-66.8524
 30
0.0
 10
-2171.9964
 20
-66.8831
 30
0.0
 10
-2171.9964
 20
-66.8831
 30
0.0
 10
-2171.9964
 20
-66.8831
 30
0.0
 10
-2172.0631
 20
-67.083
 30
0.0
 10
-2172.0631
 20
-67.083
 30
0.0
  0
SPLINE
  5
D8
330
1F
100
AcDbEntity
  8
Layer 1
 62
   240
100
AcDbSpline
210
0.0
220
0.0
230
1.0
 70
    11
 71
     3
 72
   206
 73
   202
 74
     0
 42
0.0000000001
 43
0.0000000001
 40
0.0
 40
0.0
 40
0.0
 40
0.0
 40
0.0149253731343284
 40
0.0149253731343284
 40
0.0149253731343284
 40
0.0298507462686567
 40
0.0298507462686567
 40
0.0298507462686567
 40
0.0447761194029851
 40
0.0447761194029851
 40
0.0447761194029851
 40
0.0597014925373134
 40
0.0597014925373134
 40
0.0597014925373134
 40
0.0746268656716418
 40
0.0746268656716418
 40
0.0746268656716418
 40
0.0895522388059701
 40
0.0895522388059701
 40
0.0895522388059701
 40
0.1044776119402985
 40
0.1044776119402985
 40
0.1044776119402985
 40
0.1194029850746269
 40
0.1194029850746269
 40
0.1194029850746269
 40
0.1343283582089552
 40
0.1343283582089552
 40
0.1343283582089552
 40
0.1492537313432836
 40
0.1492537313432836
 40
0.1492537313432836
 40
0.1641791044776119
 40
0.1641791044776119
 40
0.1641791044776119
 40
0.1791044776119403
 40
0.1791044776119403
 40
0.1791044776119403
 40
0.1940298507462687
 40
0.1940298507462687
 40
0.1940298507462687
 40
0.208955223880597
 40
0.208955223880597
 40
0.208955223880597
 40
0.2238805970149254
 40
0.2238805970149254
 40
0.2238805970149254
 40
0.2388059701492537
 40
0.2388059701492537
 40
0.2388059701492537
 40
0.2537313432835821
 40
0.2537313432835821
 40
0.2537313432835821
 40
0.2686567164179104
 40
0.2686567164179104
 40
0.2686567164179104
 40
0.2835820895522388
 40
0.2835820895522388
 40
0.2835820895522388
 40
0.2985074626865671
 40
0.2985074626865671
 40
0.2985074626865671
 40
0.3134328358208955
 40
0.3134328358208955
 40
0.3134328358208955
 40
0.3283582089552239
 40
0.3283582089552239
 40
0.3283582089552239
 40
0.3432835820895522
 40
0.3432835820895522
 40
0.3432835820895522
 40
0.3582089552238806
 40
0.3582089552238806
 40
0.3582089552238806
 40
0.3731343283582089
 40
0.3731343283582089
 40
0.3731343283582089
 40
0.3880597014925373
 40
0.3880597014925373
 40
0.3880597014925373
 40
0.4029850746268657
 40
0.4029850746268657
 40
0.4029850746268657
 40
0.417910447761194
 40
0.417910447761194
 40
0.417910447761194
 40
0.4328358208955224
 40
0.4328358208955224
 40
0.4328358208955224
 40
0.4477611940298508
 40
0.4477611940298508
 40
0.4477611940298508
 40
0.4626865671641791
 40
0.4626865671641791
 40
0.4626865671641791
 40
0.4776119402985075
 40
0.4776119402985075
 40
0.4776119402985075
 40
0.4925373134328358
 40
0.4925373134328358
 40
0.4925373134328358
 40
0.5074626865671642
 40
0.5074626865671642
 40
0.5074626865671642
 40
0.5223880597014925
 40
0.5223880597014925
 40
0.5223880597014925
 40
0.5373134328358209
 40
0.5373134328358209
 40
0.5373134328358209
 40
0.5522388059701493
 40
0.5522388059701493
 40
0.5522388059701493
 40
0.5671641791044776
 40
0.5671641791044776
 40
0.5671641791044776
 40
0.582089552238806
 40
0.582089552238806
 40
0.582089552238806
 40
0.5970149253731343
 40
0.5970149253731343
 40
0.5970149253731343
 40
0.6119402985074627
 40
0.6119402985074627
 40
0.6119402985074627
 40
0.6268656716417911
 40
0.6268656716417911
 40
0.6268656716417911
 40
0.6417910447761194
 40
0.6417910447761194
 40
0.6417910447761194
 40
0.6567164179104478
 40
0.6567164179104478
 40
0.6567164179104478
 40
0.6716417910447761
 40
0.6716417910447761
 40
0.6716417910447761
 40
0.6865671641791045
 40
0.6865671641791045
 40
0.6865671641791045
 40
0.7014925373134329
 40
0.7014925373134329
 40
0.7014925373134329
 40
0.7164179104477612
 40
0.7164179104477612
 40
0.7164179104477612
 40
0.7313432835820896
 40
0.7313432835820896
 40
0.7313432835820896
 40
0.7462686567164178
 40
0.7462686567164178
 40
0.7462686567164178
 40
0.7611940298507462
 40
0.7611940298507462
 40
0.7611940298507462
 40
0.7761194029850746
 40
0.7761194029850746
 40
0.7761194029850746
 40
0.7910447761194029
 40
0.7910447761194029
 40
0.7910447761194029
 40
0.8059701492537313
 40
0.8059701492537313
 40
0.8059701492537313
 40
0.8208955223880597
 40
0.8208955223880597
 40
0.8208955223880597
 40
0.835820895522388
 40
0.835820895522388
 40
0.835820895522388
 40
0.8507462686567164
 40
0.8507462686567164
 40
0.8507462686567164
 40
0.8656716417910447
 40
0.8656716417910447
 40
0.8656716417910447
 40
0.8805970149253731
 40
0.8805970149253731
 40
0.8805970149253731
 40
0.8955223880597015
 40
0.8955223880597015
 40
0.8955223880597015
 40
0.9104477611940298
 40
0.9104477611940298
 40
0.9104477611940298
 40
0.9253731343283582
 40
0.9253731343283582
 40
0.9253731343283582
 40
0.9402985074626865
 40
0.9402985074626865
 40
0.9402985074626865
 40
0.9552238805970149
 40
0.9552238805970149
 40
0.9552238805970149
 40
0.9701492537313433
 40
0.9701492537313433
 40
0.9701492537313433
 40
0.9850746268656716
 40
0.9850746268656716
 40
0.9850746268656716
 40
1.0
 40
1.0
 40
1.0
 40
1.0
 10
-2172.2705
 20
-66.787
 30
0.0
 10
-2172.2705
 20
-66.7348
 30
0.0
 10
-2172.2591
 20
-66.6863
 30
0.0
 10
-2172.239
 20
-66.6421
 30
0.0
 10
-2172.2178
 20
-66.5957
 30
0.0
 10
-2172.1867
 20
-66.5544
 30
0.0
 10
-2172.1486
 20
-66.5187
 30
0.0
 10
-2172.1486
 20
-66.5187
 30
0.0
 10
-2172.1305
 20
-66.5007
 30
0.0
 10
-2172.1305
 20
-66.5007
 30
0.0
 10
-2172.1305
 20
-66.5007
 30
0.0
 10
-2172.1256
 20
-66.4988
 30
0.0
 10
-2172.1256
 20
-66.4988
 30
0.0
 10
-2172.0831
 20
-66.4644
 30
0.0
 10
-2172.035
 20
-66.4385
 30
0.0
 10
-2171.9823
 20
-66.4216
 30
0.0
 10
-2171.93
 20
-66.405
 30
0.0
 10
-2171.8727
 20
-66.3965
 30
0.0
 10
-2171.8105
 20
-66.3965
 30
0.0
 10
-2171.776
 20
-66.3965
 30
0.0
 10
-2171.7362
 20
-66.4
 30
0.0
 10
-2171.6919
 20
-66.4067
 30
0.0
 10
-2171.6493
 20
-66.4134
 30
0.0
 10
-2171.603
 20
-66.4231
 30
0.0
 10
-2171.5539
 20
-66.4358
 30
0.0
 10
-2171.4996
 20
-66.4499
 30
0.0
 10
-2171.4412
 20
-66.4676
 30
0.0
 10
-2171.3789
 20
-66.4886
 30
0.0
 10
-2171.3178
 20
-66.5093
 30
0.0
 10
-2171.2514
 20
-66.5341
 30
0.0
 10
-2171.1804
 20
-66.5624
 30
0.0
 10
-2171.1357
 20
-66.5802
 30
0.0
 10
-2171.0888
 20
-66.5942
 30
0.0
 10
-2171.0397
 20
-66.6032
 30
0.0
 10
-2170.9896
 20
-66.6126
 30
0.0
 10
-2170.937
 20
-66.6177
 30
0.0
 10
-2170.8829
 20
-66.6181
 30
0.0
 10
-2170.8829
 20
-66.6181
 30
0.0
 10
-2170.7326
 20
-66.6163
 30
0.0
 10
-2170.7326
 20
-66.6163
 30
0.0
 10
-2170.7326
 20
-66.6163
 30
0.0
 10
-2170.7017
 20
-66.6256
 30
0.0
 10
-2170.7017
 20
-66.6256
 30
0.0
 10
-2170.7017
 20
-66.6256
 30
0.0
 10
-2170.6548
 20
-66.6565
 30
0.0
 10
-2170.6548
 20
-66.6565
 30
0.0
 10
-2170.6548
 20
-66.6565
 30
0.0
 10
-2170.7914
 20
-66.9275
 30
0.0
 10
-2170.7914
 20
-66.9275
 30
0.0
 10
-2170.7914
 20
-66.9275
 30
0.0
 10
-2170.8264
 20
-66.9269
 30
0.0
 10
-2170.8264
 20
-66.9269
 30
0.0
 10
-2170.861
 20
-66.9263
 30
0.0
 10
-2170.8941
 20
-66.9273
 30
0.0
 10
-2170.9245
 20
-66.9301
 30
0.0
 10
-2170.9536
 20
-66.9328
 30
0.0
 10
-2170.9822
 20
-66.9375
 30
0.0
 10
-2171.0096
 20
-66.944
 30
0.0
 10
-2171.0316
 20
-66.9489
 30
0.0
 10
-2171.0515
 20
-66.9553
 30
0.0
 10
-2171.0689
 20
-66.9623
 30
0.0
 10
-2171.0863
 20
-66.9692
 30
0.0
 10
-2171.1025
 20
-66.9774
 30
0.0
 10
-2171.1171
 20
-66.9868
 30
0.0
 10
-2171.1171
 20
-66.9868
 30
0.0
 10
-2171.427
 20
-67.1893
 30
0.0
 10
-2171.427
 20
-67.1893
 30
0.0
 10
-2171.5592
 20
-67.275
 30
0.0
 10
-2171.6954
 20
-67.3398
 30
0.0
 10
-2171.8346
 20
-67.3828
 30
0.0
 10
-2171.9745
 20
-67.426
 30
0.0
 10
-2172.1175
 20
-67.448
 30
0.0
 10
-2172.2631
 20
-67.448
 30
0.0
 10
-2172.2631
 20
-67.448
 30
0.0
 10
-2172.465
 20
-67.4479
 30
0.0
 10
-2172.465
 20
-67.4479
 30
0.0
 10
-2172.4725
 20
-67.4995
 30
0.0
 10
-2172.486
 20
-67.5511
 30
0.0
 10
-2172.5049
 20
-67.6024
 30
0.0
 10
-2172.5303
 20
-67.6701
 30
0.0
 10
-2172.5656
 20
-67.7378
 30
0.0
 10
-2172.61
 20
-67.804
 30
0.0
 10
-2172.6275
 20
-67.8305
 30
0.0
 10
-2172.6469
 20
-67.8568
 30
0.0
 10
-2172.6672
 20
-67.8815
 30
0.0
 10
-2172.6874
 20
-67.9064
 30
0.0
 10
-2172.7102
 20
-67.9308
 30
0.0
 10
-2172.7341
 20
-67.9544
 30
0.0
 10
-2172.7341
 20
-67.9544
 30
0.0
 10
-2172.7969
 20
-68.01
 30
0.0
 10
-2172.7969
 20
-68.01
 30
0.0
 10
-2172.7969
 20
-68.01
 30
0.0
 10
-2172.8655
 20
-68.0599
 30
0.0
 10
-2172.8655
 20
-68.0599
 30
0.0
 10
-2172.9104
 20
-68.0884
 30
0.0
 10
-2172.9521
 20
-68.1097
 30
0.0
 10
-2172.9902
 20
-68.1241
 30
0.0
 10
-2173.0313
 20
-68.1395
 30
0.0
 10
-2173.0696
 20
-68.1474
 30
0.0
 10
-2173.1043
 20
-68.1474
 30
0.0
 10
-2173.1475
 20
-68.1474
 30
0.0
 10
-2173.1934
 20
-68.1422
 30
0.0
 10
-2173.2417
 20
-68.1325
 30
0.0
 10
-2173.2889
 20
-68.123
 30
0.0
 10
-2173.3377
 20
-68.1086
 30
0.0
 10
-2173.3879
 20
-68.0899
 30
0.0
 10
-2173.4326
 20
-68.0735
 30
0.0
 10
-2173.4792
 20
-68.0536
 30
0.0
 10
-2173.5269
 20
-68.03
 30
0.0
 10
-2173.5729
 20
-68.0072
 30
0.0
 10
-2173.6206
 20
-67.9807
 30
0.0
 10
-2173.6689
 20
-67.951
 30
0.0
 10
-2173.6689
 20
-67.951
 30
0.0
 10
-2173.7128
 20
-67.9239
 30
0.0
 10
-2173.7128
 20
-67.9239
 30
0.0
 10
-2173.7128
 20
-67.9239
 30
0.0
 10
-2173.6324
 20
-67.766
 30
0.0
 10
-2173.6324
 20
-67.766
 30
0.0
 10
-2173.6324
 20
-67.766
 30
0.0
 10
-2173.5823
 20
-67.7933
 30
0.0
 10
-2173.5823
 20
-67.7933
 30
0.0
 10
-2173.5449
 20
-67.8134
 30
0.0
 10
-2173.5056
 20
-67.8285
 30
0.0
 10
-2173.4653
 20
-67.8384
 30
0.0
 10
-2173.424
 20
-67.8483
 30
0.0
 10
-2173.3808
 20
-67.8534
 30
0.0
 10
-2173.3351
 20
-67.8534
 30
0.0
 10
-2173.2553
 20
-67.8534
 30
0.0
 10
-2173.1759
 20
-67.8339
 30
0.0
 10
-2173.0977
 20
-67.7951
 30
0.0
 10
-2173.017
 20
-67.7553
 30
0.0
 10
-2172.9371
 20
-67.6949
 30
0.0
 10
-2172.8582
 20
-67.6145
 30
0.0
 10
-2172.8582
 20
-67.6145
 30
0.0
 10
-2172.7964
 20
-67.5461
 30
0.0
 10
-2172.7964
 20
-67.5461
 30
0.0
 10
-2172.7964
 20
-67.5461
 30
0.0
 10
-2172.7512
 20
-67.4897
 30
0.0
 10
-2172.7512
 20
-67.4897
 30
0.0
 10
-2172.7512
 20
-67.4897
 30
0.0
 10
-2172.7248
 20
-67.4477
 30
0.0
 10
-2172.7248
 20
-67.4477
 30
0.0
 10
-2172.7248
 20
-67.4477
 30
0.0
 10
-2172.7344
 20
-67.4477
 30
0.0
 10
-2172.7344
 20
-67.4477
 30
0.0
 10
-2172.9363
 20
-67.4479
 30
0.0
 10
-2173.0901
 20
-67.4128
 30
0.0
 10
-2173.1948
 20
-67.3432
 30
0.0
 10
-2173.3068
 20
-67.2685
 30
0.0
 10
-2173.3631
 20
-67.1575
 30
0.0
 10
-2173.3631
 20
-67.0106
 30
0.0
 10
-2173.3631
 20
-66.9788
 30
0.0
 10
-2173.3604
 20
-66.947
 30
0.0
 10
-2173.3554
 20
-66.9154
 30
0.0
 10
-2173.3502
 20
-66.8837
 30
0.0
 10
-2173.3423
 20
-66.8529
 30
0.0
 10
-2173.3323
 20
-66.8233
 30
0.0
 10
-2173.3239
 20
-66.7988
 30
0.0
 10
-2173.3133
 20
-66.7739
 30
0.0
 10
-2173.301
 20
-66.7498
 30
0.0
 10
-2173.2889
 20
-66.7262
 30
0.0
 10
-2173.2746
 20
-66.7028
 30
0.0
 10
-2173.2586
 20
-66.6798
 30
0.0
 10
-2173.2381
 20
-66.6499
 30
0.0
 10
-2173.2157
 20
-66.6226
 30
0.0
 10
-2173.1924
 20
-66.5989
 30
0.0
 10
-2173.1688
 20
-66.5749
 30
0.0
 10
-2173.1431
 20
-66.5539
 30
0.0
 10
-2173.1162
 20
-66.5366
 30
0.0
 10
-2173.0867
 20
-66.517
 30
0.0
 10
-2173.0557
 20
-66.502
 30
0.0
 10
-2173.0241
 20
-66.4921
 30
0.0
 10
-2172.9919
 20
-66.4818
 30
0.0
 10
-2172.9588
 20
-66.4766
 30
0.0
 10
-2172.9258
 20
-66.4766
 30
0.0
 10
-2172.8705
 20
-66.4766
 30
0.0
 10
-2172.8173
 20
-66.4941
 30
0.0
 10
-2172.767
 20
-66.5284
 30
0.0
 10
-2172.7203
 20
-66.5604
 30
0.0
 10
-2172.6755
 20
-66.6073
 30
0.0
 10
-2172.634
 20
-66.6689
 30
0.0
 10
-2172.5921
 20
-66.7313
 30
0.0
 10
-2172.5574
 20
-66.8028
 30
0.0
 10
-2172.5301
 20
-66.8828
 30
0.0
 10
-2172.508
 20
-66.9483
 30
0.0
 10
-2172.4905
 20
-67.0202
 30
0.0
 10
-2172.4777
 20
-67.0981
 30
0.0
 10
-2172.4777
 20
-67.0981
 30
0.0
 10
-2172.2466
 20
-67.0981
 30
0.0
 10
-2172.2466
 20
-67.0981
 30
0.0
 10
-2172.1992
 20
-67.0981
 30
0.0
 10
-2172.1506
 20
-67.0949
 30
0.0
 10
-2172.1007
 20
-67.0886
 30
0.0
 10
-2172.1007
 20
-67.0886
 30
0.0
 10
-2172.162
 20
-67.0886
 30
0.0
 10
-2172.162
 20
-67.0886
 30
0.0
 10
-2172.162
 20
-67.0886
 30
0.0
 10
-2172.2669
 20
-66.8064
 30
0.0
 10
-2172.2669
 20
-66.8064
 30
0.0
 10
-2172.2669
 20
-66.8064
 30
0.0
 10
-2172.2705
 20
-66.787
 30
0.0
 10
-2172.2705
 20
-66.787
 30
0.0
  0
SPLINE
  5
D9
330
1F
100
AcDbEntity
  8
Layer 1
 62
   240
100
AcDbSpline
210
0.0
220
0.0
230
1.0
 70
    11
 71
     3
 72
   116
 73
   112
 74
     0
 42
0.0000000001
 43
0.0000000001
 40
0.0
 40
0.0
 40
0.0
 40
0.0
 40
0.027027027027027
 40
0.027027027027027
 40
0.027027027027027
 40
0.0540540540540541
 40
0.0540540540540541
 40
0.0540540540540541
 40
0.0810810810810811
 40
0.0810810810810811
 40
0.0810810810810811
 40
0.1081081081081081
 40
0.1081081081081081
 40
0.1081081081081081
 40
0.1351351351351351
 40
0.1351351351351351
 40
0.1351351351351351
 40
0.1621621621621622
 40
0.1621621621621622
 40
0.1621621621621622
 40
0.1891891891891892
 40
0.1891891891891892
 40
0.1891891891891892
 40
0.2162162162162162
 40
0.2162162162162162
 40
0.2162162162162162
 40
0.2432432432432433
 40
0.2432432432432433
 40
0.2432432432432433
 40
0.2702702702702703
 40
0.2702702702702703
 40
0.2702702702702703
 40
0.2972972972972973
 40
0.2972972972972973
 40
0.2972972972972973
 40
0.3243243243243243
 40
0.3243243243243243
 40
0.3243243243243243
 40
0.3513513513513514
 40
0.3513513513513514
 40
0.3513513513513514
 40
0.3783783783783784
 40
0.3783783783783784
 40
0.3783783783783784
 40
0.4054054054054054
 40
0.4054054054054054
 40
0.4054054054054054
 40
0.4324324324324325
 40
0.4324324324324325
 40
0.4324324324324325
 40
0.4594594594594595
 40
0.4594594594594595
 40
0.4594594594594595
 40
0.4864864864864865
 40
0.4864864864864865
 40
0.4864864864864865
 40
0.5135135135135136
 40
0.5135135135135136
 40
0.5135135135135136
 40
0.5405405405405406
 40
0.5405405405405406
 40
0.5405405405405406
 40
0.5675675675675675
 40
0.5675675675675675
 40
0.5675675675675675
 40
0.5945945945945946
 40
0.5945945945945946
 40
0.5945945945945946
 40
0.6216216216216217
 40
0.6216216216216217
 40
0.6216216216216217
 40
0.6486486486486487
 40
0.6486486486486487
 40
0.6486486486486487
 40
0.6756756756756757
 40
0.6756756756756757
 40
0.6756756756756757
 40
0.7027027027027027
 40
0.7027027027027027
 40
0.7027027027027027
 40
0.7297297297297298
 40
0.7297297297297298
 40
0.7297297297297298
 40
0.7567567567567568
 40
0.7567567567567568
 40
0.7567567567567568
 40
0.7837837837837838
 40
0.7837837837837838
 40
0.7837837837837838
 40
0.8108108108108109
 40
0.8108108108108109
 40
0.8108108108108109
 40
0.8378378378378379
 40
0.8378378378378379
 40
0.8378378378378379
 40
0.8648648648648649
 40
0.8648648648648649
 40
0.8648648648648649
 40
0.8918918918918919
 40
0.8918918918918919
 40
0.8918918918918919
 40
0.918918918918919
 40
0.918918918918919
 40
0.918918918918919
 40
0.945945945945946
 40
0.945945945945946
 40
0.945945945945946
 40
0.972972972972973
 40
0.972972972972973
 40
0.972972972972973
 40
1.0
 40
1.0
 40
1.0
 40
1.0
 10
-2169.6663
 20
-67.2525
 30
0.0
 10
-2169.7296
 20
-67.2525
 30
0.0
 10
-2169.788
 20
-67.2447
 30
0.0
 10
-2169.8408
 20
-67.2293
 30
0.0
 10
-2169.8946
 20
-67.2139
 30
0.0
 10
-2169.9427
 20
-67.1903
 30
0.0
 10
-2169.984
 20
-67.1589
 30
0.0
 10
-2170.0319
 20
-67.1226
 30
0.0
 10
-2170.0684
 20
-67.0774
 30
0.0
 10
-2170.0923
 20
-67.0244
 30
0.0
 10
-2170.116
 20
-66.9724
 30
0.0
 10
-2170.1277
 20
-66.9129
 30
0.0
 10
-2170.1277
 20
-66.8467
 30
0.0
 10
-2170.1277
 20
-66.8198
 30
0.0
 10
-2170.1205
 20
-66.7133
 30
0.0
 10
-2170.112
 20
-66.7133
 30
0.0
 10
-2170.1115
 20
-66.7093
 30
0.0
 10
-2170.1091
 20
-66.6878
 30
0.0
 10
-2170.1045
 20
-66.6878
 30
0.0
 10
-2170.1045
 20
-66.6878
 30
0.0
 10
-2170.101
 20
-66.6726
 30
0.0
 10
-2170.101
 20
-66.6726
 30
0.0
 10
-2170.101
 20
-66.6726
 30
0.0
 10
-2170.0992
 20
-66.6726
 30
0.0
 10
-2170.0992
 20
-66.6726
 30
0.0
 10
-2170.093
 20
-66.649
 30
0.0
 10
-2170.0816
 20
-66.6296
 30
0.0
 10
-2170.0722
 20
-66.6074
 30
0.0
 10
-2170.0722
 20
-66.6074
 30
0.0
 10
-2170.0697
 20
-66.6074
 30
0.0
 10
-2170.0697
 20
-66.6074
 30
0.0
 10
-2170.0697
 20
-66.6074
 30
0.0
 10
-2170.0381
 20
-66.5484
 30
0.0
 10
-2170.0381
 20
-66.5484
 30
0.0
 10
-2170.0354
 20
-66.5484
 30
0.0
 10
-2170.0026
 20
-66.4991
 30
0.0
 10
-2169.994
 20
-66.4893
 30
0.0
 10
-2169.9428
 20
-66.4336
 30
0.0
 10
-2169.8925
 20
-66.3912
 30
0.0
 10
-2169.8433
 20
-66.3628
 30
0.0
 10
-2169.7904
 20
-66.332
 30
0.0
 10
-2169.7381
 20
-66.3167
 30
0.0
 10
-2169.6867
 20
-66.3167
 30
0.0
 10
-2169.6188
 20
-66.3167
 30
0.0
 10
-2169.5562
 20
-66.3379
 30
0.0
 10
-2169.4992
 20
-66.3805
 30
0.0
 10
-2169.4461
 20
-66.4204
 30
0.0
 10
-2169.3985
 20
-66.4788
 30
0.0
 10
-2169.3572
 20
-66.5556
 30
0.0
 10
-2169.3373
 20
-66.5907
 30
0.0
 10
-2169.3197
 20
-66.6293
 30
0.0
 10
-2169.3044
 20
-66.6701
 30
0.0
 10
-2169.2889
 20
-66.7103
 30
0.0
 10
-2169.2761
 20
-66.7528
 30
0.0
 10
-2169.2657
 20
-66.7968
 30
0.0
 10
-2169.2545
 20
-66.8446
 30
0.0
 10
-2169.2455
 20
-66.8934
 30
0.0
 10
-2169.2398
 20
-66.9423
 30
0.0
 10
-2169.2341
 20
-66.9922
 30
0.0
 10
-2169.2311
 20
-67.0431
 30
0.0
 10
-2169.2311
 20
-67.0944
 30
0.0
 10
-2169.2311
 20
-67.1893
 30
0.0
 10
-2169.2436
 20
-67.2801
 30
0.0
 10
-2169.2686
 20
-67.367
 30
0.0
 10
-2169.2938
 20
-67.4537
 30
0.0
 10
-2169.3311
 20
-67.5364
 30
0.0
 10
-2169.3811
 20
-67.6137
 30
0.0
 10
-2169.4627
 20
-67.7372
 30
0.0
 10
-2169.5457
 20
-67.8303
 30
0.0
 10
-2169.6307
 20
-67.8932
 30
0.0
 10
-2169.7203
 20
-67.9596
 30
0.0
 10
-2169.8123
 20
-67.9927
 30
0.0
 10
-2169.9061
 20
-67.9927
 30
0.0
 10
-2170.0009
 20
-67.9927
 30
0.0
 10
-2170.0956
 20
-67.9764
 30
0.0
 10
-2170.1903
 20
-67.944
 30
0.0
 10
-2170.2843
 20
-67.912
 30
0.0
 10
-2170.3784
 20
-67.864
 30
0.0
 10
-2170.4717
 20
-67.8004
 30
0.0
 10
-2170.4717
 20
-67.8004
 30
0.0
 10
-2170.511
 20
-67.7734
 30
0.0
 10
-2170.511
 20
-67.7734
 30
0.0
 10
-2170.511
 20
-67.7734
 30
0.0
 10
-2170.4377
 20
-67.6193
 30
0.0
 10
-2170.4377
 20
-67.6193
 30
0.0
 10
-2170.4377
 20
-67.6193
 30
0.0
 10
-2170.3867
 20
-67.6455
 30
0.0
 10
-2170.3867
 20
-67.6455
 30
0.0
 10
-2170.3496
 20
-67.6645
 30
0.0
 10
-2170.3102
 20
-67.6789
 30
0.0
 10
-2170.2695
 20
-67.6884
 30
0.0
 10
-2170.2283
 20
-67.698
 30
0.0
 10
-2170.1852
 20
-67.7028
 30
0.0
 10
-2170.1405
 20
-67.7028
 30
0.0
 10
-2170.0529
 20
-67.7028
 30
0.0
 10
-2169.9676
 20
-67.6811
 30
0.0
 10
-2169.8845
 20
-67.6379
 30
0.0
 10
-2169.7994
 20
-67.5936
 30
0.0
 10
-2169.7159
 20
-67.5264
 30
0.0
 10
-2169.635
 20
-67.4368
 30
0.0
 10
-2169.6135
 20
-67.4131
 30
0.0
 10
-2169.5929
 20
-67.3885
 30
0.0
 10
-2169.5739
 20
-67.3636
 30
0.0
 10
-2169.5403
 20
-67.3143
 30
0.0
 10
-2169.522
 20
-67.2886
 30
0.0
 10
-2169.497
 20
-67.238
 30
0.0
 10
-2169.497
 20
-67.238
 30
0.0
 10
-2169.5328
 20
-67.2435
 30
0.0
 10
-2169.5328
 20
-67.2435
 30
0.0
 10
-2169.5768
 20
-67.2493
 30
0.0
 10
-2169.6215
 20
-67.2525
 30
0.0
 10
-2169.6663
 20
-67.2525
 30
0.0
  0
SPLINE
  5
DA
330
1F
100
AcDbEntity
  8
Layer 1
 62
   240
100
AcDbSpline
210
0.0
220
0.0
230
1.0
 70
    11
 71
     3
 72
    47
 73
    43
 74
     0
 42
0.0000000001
 43
0.0000000001
 40
0.0
 40
0.0
 40
0.0
 40
0.0
 40
0.0714285714285714
 40
0.0714285714285714
 40
0.0714285714285714
 40
0.1428571428571428
 40
0.1428571428571428
 40
0.1428571428571428
 40
0.2142857142857143
 40
0.2142857142857143
 40
0.2142857142857143
 40
0.2857142857142857
 40
0.2857142857142857
 40
0.2857142857142857
 40
0.3571428571428571
 40
0.3571428571428571
 40
0.3571428571428571
 40
0.4285714285714285
 40
0.4285714285714285
 40
0.4285714285714285
 40
0.5
 40
0.5
 40
0.5
 40
0.5714285714285714
 40
0.5714285714285714
 40
0.5714285714285714
 40
0.6428571428571428
 40
0.6428571428571428
 40
0.6428571428571428
 40
0.7142857142857142
 40
0.7142857142857142
 40
0.7142857142857142
 40
0.7857142857142857
 40
0.7857142857142857
 40
0.7857142857142857
 40
0.8571428571428571
 40
0.8571428571428571
 40
0.8571428571428571
 40
0.9285714285714285
 40
0.9285714285714285
 40
0.9285714285714285
 40
1.0
 40
1.0
 40
1.0
 40
1.0
 10
-2169.8536
 20
-66.7098
 30
0.0
 10
-2169.8774
 20
-66.7304
 30
0.0
 10
-2169.8934
 20
-66.764
 30
0.0
 10
-2169.9004
 20
-66.7807
 30
0.0
 10
-2169.899
 20
-66.7939
 30
0.0
 10
-2169.894
 20
-66.8061
 30
0.0
 10
-2169.8859
 20
-66.8175
 30
0.0
 10
-2169.874
 20
-66.8343
 30
0.0
 10
-2169.8547
 20
-66.8506
 30
0.0
 10
-2169.8283
 20
-66.8655
 30
0.0
 10
-2169.801
 20
-66.8818
 30
0.0
 10
-2169.7719
 20
-66.8939
 30
0.0
 10
-2169.7408
 20
-66.9017
 30
0.0
 10
-2169.7101
 20
-66.9096
 30
0.0
 10
-2169.6762
 20
-66.9136
 30
0.0
 10
-2169.64
 20
-66.9136
 30
0.0
 10
-2169.604
 20
-66.9136
 30
0.0
 10
-2169.5694
 20
-66.9117
 30
0.0
 10
-2169.537
 20
-66.908
 30
0.0
 10
-2169.537
 20
-66.908
 30
0.0
 10
-2169.5014
 20
-66.9032
 30
0.0
 10
-2169.5014
 20
-66.9032
 30
0.0
 10
-2169.5101
 20
-66.8783
 30
0.0
 10
-2169.5194
 20
-66.8552
 30
0.0
 10
-2169.5296
 20
-66.8342
 30
0.0
 10
-2169.5469
 20
-66.7988
 30
0.0
 10
-2169.5669
 20
-66.7677
 30
0.0
 10
-2169.5893
 20
-66.742
 30
0.0
 10
-2169.6136
 20
-66.7148
 30
0.0
 10
-2169.6391
 20
-66.6945
 30
0.0
 10
-2169.6658
 20
-66.6813
 30
0.0
 10
-2169.6909
 20
-66.6689
 30
0.0
 10
-2169.7184
 20
-66.6624
 30
0.0
 10
-2169.7477
 20
-66.6624
 30
0.0
 10
-2169.7624
 20
-66.6624
 30
0.0
 10
-2169.7779
 20
-66.6659
 30
0.0
 10
-2169.7934
 20
-66.6724
 30
0.0
 10
-2169.8112
 20
-66.6798
 30
0.0
 10
-2169.8308
 20
-66.6919
 30
0.0
 10
-2169.851
 20
-66.7078
 30
0.0
 10
-2169.851
 20
-66.7078
 30
0.0
 10
-2169.8536
 20
-66.7098
 30
0.0
 10
-2169.8536
 20
-66.7098
 30
0.0
  0
SPLINE
  5
DB
330
1F
100
AcDbEntity
  8
Layer 1
 62
   240
100
AcDbSpline
210
0.0
220
0.0
230
1.0
 70
    11
 71
     3
 72
    47
 73
    43
 74
     0
 42
0.0000000001
 43
0.0000000001
 40
0.0
 40
0.0
 40
0.0
 40
0.0
 40
0.0714285714285714
 40
0.0714285714285714
 40
0.0714285714285714
 40
0.1428571428571428
 40
0.1428571428571428
 40
0.1428571428571428
 40
0.2142857142857143
 40
0.2142857142857143
 40
0.2142857142857143
 40
0.2857142857142857
 40
0.2857142857142857
 40
0.2857142857142857
 40
0.3571428571428571
 40
0.3571428571428571
 40
0.3571428571428571
 40
0.4285714285714285
 40
0.4285714285714285
 40
0.4285714285714285
 40
0.5
 40
0.5
 40
0.5
 40
0.5714285714285714
 40
0.5714285714285714
 40
0.5714285714285714
 40
0.6428571428571428
 40
0.6428571428571428
 40
0.6428571428571428
 40
0.7142857142857142
 40
0.7142857142857142
 40
0.7142857142857142
 40
0.7857142857142857
 40
0.7857142857142857
 40
0.7857142857142857
 40
0.8571428571428571
 40
0.8571428571428571
 40
0.8571428571428571
 40
0.9285714285714285
 40
0.9285714285714285
 40
0.9285714285714285
 40
1.0
 40
1.0
 40
1.0
 40
1.0
 10
-2166.9263
 20
-67.0981
 30
0.0
 10
-2166.7356
 20
-67.0981
 30
0.0
 10
-2166.5705
 20
-67.0865
 30
0.0
 10
-2166.4314
 20
-67.0642
 30
0.0
 10
-2166.2939
 20
-67.0419
 30
0.0
 10
-2166.1811
 20
-67.0086
 30
0.0
 10
-2166.0934
 20
-66.9647
 30
0.0
 10
-2166.0713
 20
-66.9538
 30
0.0
 10
-2166.0523
 20
-66.9424
 30
0.0
 10
-2166.037
 20
-66.9305
 30
0.0
 10
-2166.037
 20
-66.9305
 30
0.0
 10
-2166.0142
 20
-66.9102
 30
0.0
 10
-2166.0142
 20
-66.9102
 30
0.0
 10
-2166.0159
 20
-66.897
 30
0.0
 10
-2166.0197
 20
-66.8832
 30
0.0
 10
-2166.025
 20
-66.8705
 30
0.0
 10
-2166.0295
 20
-66.8587
 30
0.0
 10
-2166.0361
 20
-66.8468
 30
0.0
 10
-2166.044
 20
-66.8348
 30
0.0
 10
-2166.061
 20
-66.8124
 30
0.0
 10
-2166.0743
 20
-66.7964
 30
0.0
 10
-2166.0948
 20
-66.7775
 30
0.0
 10
-2166.1262
 20
-66.7512
 30
0.0
 10
-2166.1605
 20
-66.7309
 30
0.0
 10
-2166.1972
 20
-66.7176
 30
0.0
 10
-2166.2331
 20
-66.7045
 30
0.0
 10
-2166.2722
 20
-66.6979
 30
0.0
 10
-2166.3142
 20
-66.6979
 30
0.0
 10
-2166.3665
 20
-66.6979
 30
0.0
 10
-2166.421
 20
-66.7082
 30
0.0
 10
-2166.4773
 20
-66.7287
 30
0.0
 10
-2166.5356
 20
-66.75
 30
0.0
 10
-2166.5969
 20
-66.7825
 30
0.0
 10
-2166.6606
 20
-66.8258
 30
0.0
 10
-2166.7213
 20
-66.8668
 30
0.0
 10
-2166.7845
 20
-66.918
 30
0.0
 10
-2166.8491
 20
-66.9787
 30
0.0
 10
-2166.8876
 20
-67.0149
 30
0.0
 10
-2166.927
 20
-67.0546
 30
0.0
 10
-2166.9668
 20
-67.0981
 30
0.0
 10
-2166.9668
 20
-67.0981
 30
0.0
 10
-2166.9263
 20
-67.0981
 30
0.0
 10
-2166.9263
 20
-67.0981
 30
0.0
  0
SPLINE
  5
DC
330
1F
100
AcDbEntity
  8
Layer 1
 62
   240
100
AcDbSpline
210
0.0
220
0.0
230
1.0
 70
    11
 71
     3
 72
   308
 73
   304
 74
     0
 42
0.0000000001
 43
0.0000000001
 40
0.0
 40
0.0
 40
0.0
 40
0.0
 40
0.0099009900990099
 40
0.0099009900990099
 40
0.0099009900990099
 40
0.0198019801980198
 40
0.0198019801980198
 40
0.0198019801980198
 40
0.0297029702970297
 40
0.0297029702970297
 40
0.0297029702970297
 40
0.0396039603960396
 40
0.0396039603960396
 40
0.0396039603960396
 40
0.0495049504950495
 40
0.0495049504950495
 40
0.0495049504950495
 40
0.0594059405940594
 40
0.0594059405940594
 40
0.0594059405940594
 40
0.0693069306930693
 40
0.0693069306930693
 40
0.0693069306930693
 40
0.0792079207920792
 40
0.0792079207920792
 40
0.0792079207920792
 40
0.0891089108910891
 40
0.0891089108910891
 40
0.0891089108910891
 40
0.099009900990099
 40
0.099009900990099
 40
0.099009900990099
 40
0.1089108910891089
 40
0.1089108910891089
 40
0.1089108910891089
 40
0.1188118811881188
 40
0.1188118811881188
 40
0.1188118811881188
 40
0.1287128712871287
 40
0.1287128712871287
 40
0.1287128712871287
 40
0.1386138613861386
 40
0.1386138613861386
 40
0.1386138613861386
 40
0.1485148514851485
 40
0.1485148514851485
 40
0.1485148514851485
 40
0.1584158415841584
 40
0.1584158415841584
 40
0.1584158415841584
 40
0.1683168316831683
 40
0.1683168316831683
 40
0.1683168316831683
 40
0.1782178217821782
 40
0.1782178217821782
 40
0.1782178217821782
 40
0.1881188118811881
 40
0.1881188118811881
 40
0.1881188118811881
 40
0.198019801980198
 40
0.198019801980198
 40
0.198019801980198
 40
0.2079207920792079
 40
0.2079207920792079
 40
0.2079207920792079
 40
0.2178217821782178
 40
0.2178217821782178
 40
0.2178217821782178
 40
0.2277227722772277
 40
0.2277227722772277
 40
0.2277227722772277
 40
0.2376237623762376
 40
0.2376237623762376
 40
0.2376237623762376
 40
0.2475247524752475
 40
0.2475247524752475
 40
0.2475247524752475
 40
0.2574257425742574
 40
0.2574257425742574
 40
0.2574257425742574
 40
0.2673267326732673
 40
0.2673267326732673
 40
0.2673267326732673
 40
0.2772277227722773
 40
0.2772277227722773
 40
0.2772277227722773
 40
0.2871287128712871
 40
0.2871287128712871
 40
0.2871287128712871
 40
0.297029702970297
 40
0.297029702970297
 40
0.297029702970297
 40
0.3069306930693069
 40
0.3069306930693069
 40
0.3069306930693069
 40
0.3168316831683168
 40
0.3168316831683168
 40
0.3168316831683168
 40
0.3267326732673267
 40
0.3267326732673267
 40
0.3267326732673267
 40
0.3366336633663367
 40
0.3366336633663367
 40
0.3366336633663367
 40
0.3465346534653466
 40
0.3465346534653466
 40
0.3465346534653466
 40
0.3564356435643564
 40
0.3564356435643564
 40
0.3564356435643564
 40
0.3663366336633663
 40
0.3663366336633663
 40
0.3663366336633663
 40
0.3762376237623762
 40
0.3762376237623762
 40
0.3762376237623762
 40
0.3861386138613861
 40
0.3861386138613861
 40
0.3861386138613861
 40
0.3960396039603961
 40
0.3960396039603961
 40
0.3960396039603961
 40
0.405940594059406
 40
0.405940594059406
 40
0.405940594059406
 40
0.4158415841584158
 40
0.4158415841584158
 40
0.4158415841584158
 40
0.4257425742574257
 40
0.4257425742574257
 40
0.4257425742574257
 40
0.4356435643564356
 40
0.4356435643564356
 40
0.4356435643564356
 40
0.4455445544554456
 40
0.4455445544554456
 40
0.4455445544554456
 40
0.4554455445544555
 40
0.4554455445544555
 40
0.4554455445544555
 40
0.4653465346534654
 40
0.4653465346534654
 40
0.4653465346534654
 40
0.4752475247524752
 40
0.4752475247524752
 40
0.4752475247524752
 40
0.4851485148514851
 40
0.4851485148514851
 40
0.4851485148514851
 40
0.495049504950495
 40
0.495049504950495
 40
0.495049504950495
 40
0.504950495049505
 40
0.504950495049505
 40
0.504950495049505
 40
0.5148514851485149
 40
0.5148514851485149
 40
0.5148514851485149
 40
0.5247524752475248
 40
0.5247524752475248
 40
0.5247524752475248
 40
0.5346534653465347
 40
0.5346534653465347
 40
0.5346534653465347
 40
0.5445544554455446
 40
0.5445544554455446
 40
0.5445544554455446
 40
0.5544554455445545
 40
0.5544554455445545
 40
0.5544554455445545
 40
0.5643564356435644
 40
0.5643564356435644
 40
0.5643564356435644
 40
0.5742574257425742
 40
0.5742574257425742
 40
0.5742574257425742
 40
0.5841584158415841
 40
0.5841584158415841
 40
0.5841584158415841
 40
0.594059405940594
 40
0.594059405940594
 40
0.594059405940594
 40
0.6039603960396039
 40
0.6039603960396039
 40
0.6039603960396039
 40
0.6138613861386139
 40
0.6138613861386139
 40
0.6138613861386139
 40
0.6237623762376238
 40
0.6237623762376238
 40
0.6237623762376238
 40
0.6336633663366337
 40
0.6336633663366337
 40
0.6336633663366337
 40
0.6435643564356436
 40
0.6435643564356436
 40
0.6435643564356436
 40
0.6534653465346535
 40
0.6534653465346535
 40
0.6534653465346535
 40
0.6633663366336634
 40
0.6633663366336634
 40
0.6633663366336634
 40
0.6732673267326733
 40
0.6732673267326733
 40
0.6732673267326733
 40
0.6831683168316832
 40
0.6831683168316832
 40
0.6831683168316832
 40
0.6930693069306931
 40
0.6930693069306931
 40
0.6930693069306931
 40
0.7029702970297029
 40
0.7029702970297029
 40
0.7029702970297029
 40
0.7128712871287128
 40
0.7128712871287128
 40
0.7128712871287128
 40
0.7227722772277227
 40
0.7227722772277227
 40
0.7227722772277227
 40
0.7326732673267327
 40
0.7326732673267327
 40
0.7326732673267327
 40
0.7425742574257426
 40
0.7425742574257426
 40
0.7425742574257426
 40
0.7524752475247525
 40
0.7524752475247525
 40
0.7524752475247525
 40
0.7623762376237624
 40
0.7623762376237624
 40
0.7623762376237624
 40
0.7722772277227723
 40
0.7722772277227723
 40
0.7722772277227723
 40
0.7821782178217822
 40
0.7821782178217822
 40
0.7821782178217822
 40
0.7920792079207921
 40
0.7920792079207921
 40
0.7920792079207921
 40
0.801980198019802
 40
0.801980198019802
 40
0.801980198019802
 40
0.8118811881188119
 40
0.8118811881188119
 40
0.8118811881188119
 40
0.8217821782178218
 40
0.8217821782178218
 40
0.8217821782178218
 40
0.8316831683168316
 40
0.8316831683168316
 40
0.8316831683168316
 40
0.8415841584158416
 40
0.8415841584158416
 40
0.8415841584158416
 40
0.8514851485148515
 40
0.8514851485148515
 40
0.8514851485148515
 40
0.8613861386138614
 40
0.8613861386138614
 40
0.8613861386138614
 40
0.8712871287128713
 40
0.8712871287128713
 40
0.8712871287128713
 40
0.8811881188118812
 40
0.8811881188118812
 40
0.8811881188118812
 40
0.8910891089108911
 40
0.8910891089108911
 40
0.8910891089108911
 40
0.900990099009901
 40
0.900990099009901
 40
0.900990099009901
 40
0.9108910891089109
 40
0.9108910891089109
 40
0.9108910891089109
 40
0.9207920792079208
 40
0.9207920792079208
 40
0.9207920792079208
 40
0.9306930693069307
 40
0.9306930693069307
 40
0.9306930693069307
 40
0.9405940594059407
 40
0.9405940594059407
 40
0.9405940594059407
 40
0.9504950495049505
 40
0.9504950495049505
 40
0.9504950495049505
 40
0.9603960396039604
 40
0.9603960396039604
 40
0.9603960396039604
 40
0.9702970297029703
 40
0.9702970297029703
 40
0.9702970297029703
 40
0.9801980198019802
 40
0.9801980198019802
 40
0.9801980198019802
 40
0.9900990099009901
 40
0.9900990099009901
 40
0.9900990099009901
 40
1.0
 40
1.0
 40
1.0
 40
1.0
 10
-2167.1459
 20
-66.585
 30
0.0
 10
-2167.1477
 20
-66.4903
 30
0.0
 10
-2167.1477
 20
-66.3954
 30
0.0
 10
-2167.1545
 20
-66.3008
 30
0.0
 10
-2167.1578
 20
-66.2598
 30
0.0
 10
-2167.1609
 20
-66.2174
 30
0.0
 10
-2167.1609
 20
-66.1728
 30
0.0
 10
-2167.1609
 20
-66.1728
 30
0.0
 10
-2167.1913
 20
-65.7742
 30
0.0
 10
-2167.1913
 20
-65.7742
 30
0.0
 10
-2167.1913
 20
-65.7742
 30
0.0
 10
-2167.1937
 20
-65.7719
 30
0.0
 10
-2167.1937
 20
-65.7719
 30
0.0
 10
-2167.1937
 20
-65.7167
 30
0.0
 10
-2167.199
 20
-65.6352
 30
0.0
 10
-2167.2037
 20
-65.5789
 30
0.0
 10
-2167.2037
 20
-65.5321
 30
0.0
 10
-2167.1882
 20
-65.4864
 30
0.0
 10
-2167.1575
 20
-65.4413
 30
0.0
 10
-2167.1299
 20
-65.4006
 30
0.0
 10
-2167.0893
 20
-65.3599
 30
0.0
 10
-2167.0366
 20
-65.3199
 30
0.0
 10
-2167.0366
 20
-65.3199
 30
0.0
 10
-2166.9992
 20
-65.2912
 30
0.0
 10
-2166.9992
 20
-65.2912
 30
0.0
 10
-2166.9992
 20
-65.2912
 30
0.0
 10
-2166.9335
 20
-65.3529
 30
0.0
 10
-2166.9335
 20
-65.3529
 30
0.0
 10
-2166.9335
 20
-65.3529
 30
0.0
 10
-2166.9335
 20
-65.3767
 30
0.0
 10
-2166.9335
 20
-65.3767
 30
0.0
 10
-2166.9335
 20
-65.4224
 30
0.0
 10
-2166.9218
 20
-65.4759
 30
0.0
 10
-2166.8981
 20
-65.5367
 30
0.0
 10
-2166.8736
 20
-65.6012
 30
0.0
 10
-2166.8353
 20
-65.674
 30
0.0
 10
-2166.7846
 20
-65.7548
 30
0.0
 10
-2166.7846
 20
-65.7548
 30
0.0
 10
-2166.7579
 20
-65.7971
 30
0.0
 10
-2166.7579
 20
-65.7971
 30
0.0
 10
-2166.7579
 20
-65.7971
 30
0.0
 10
-2166.8954
 20
-65.9055
 30
0.0
 10
-2166.8954
 20
-65.9055
 30
0.0
 10
-2166.886
 20
-66.0968
 30
0.0
 10
-2166.8802
 20
-66.2909
 30
0.0
 10
-2166.8802
 20
-66.4822
 30
0.0
 10
-2166.8802
 20
-66.5229
 30
0.0
 10
-2166.8816
 20
-66.5615
 30
0.0
 10
-2166.8844
 20
-66.5976
 30
0.0
 10
-2166.8844
 20
-66.5976
 30
0.0
 10
-2166.8942
 20
-66.6811
 30
0.0
 10
-2166.8942
 20
-66.6811
 30
0.0
 10
-2166.8942
 20
-66.6811
 30
0.0
 10
-2166.8192
 20
-66.6146
 30
0.0
 10
-2166.8192
 20
-66.6146
 30
0.0
 10
-2166.7823
 20
-66.5827
 30
0.0
 10
-2166.7463
 20
-66.5535
 30
0.0
 10
-2166.7118
 20
-66.5275
 30
0.0
 10
-2166.6789
 20
-66.5026
 30
0.0
 10
-2166.6455
 20
-66.4796
 30
0.0
 10
-2166.6132
 20
-66.4593
 30
0.0
 10
-2166.55
 20
-66.4198
 30
0.0
 10
-2166.4867
 20
-66.3897
 30
0.0
 10
-2166.424
 20
-66.3696
 30
0.0
 10
-2166.3601
 20
-66.3493
 30
0.0
 10
-2166.2965
 20
-66.3388
 30
0.0
 10
-2166.2343
 20
-66.3388
 30
0.0
 10
-2166.172
 20
-66.3388
 30
0.0
 10
-2166.1143
 20
-66.3489
 30
0.0
 10
-2166.0618
 20
-66.3687
 30
0.0
 10
-2166.0087
 20
-66.3885
 30
0.0
 10
-2165.9611
 20
-66.4188
 30
0.0
 10
-2165.9193
 20
-66.4583
 30
0.0
 10
-2165.8672
 20
-66.507
 30
0.0
 10
-2165.8277
 20
-66.5625
 30
0.0
 10
-2165.8014
 20
-66.6245
 30
0.0
 10
-2165.775
 20
-66.6864
 30
0.0
 10
-2165.7619
 20
-66.7546
 30
0.0
 10
-2165.7619
 20
-66.8282
 30
0.0
 10
-2165.7619
 20
-66.8282
 30
0.0
 10
-2165.7656
 20
-66.8705
 30
0.0
 10
-2165.7656
 20
-66.8705
 30
0.0
 10
-2165.7764
 20
-66.9284
 30
0.0
 10
-2165.7905
 20
-66.9857
 30
0.0
 10
-2165.8066
 20
-67.0399
 30
0.0
 10
-2165.8203
 20
-67.086
 30
0.0
 10
-2165.8432
 20
-67.1283
 30
0.0
 10
-2165.8751
 20
-67.1665
 30
0.0
 10
-2165.9055
 20
-67.2032
 30
0.0
 10
-2165.9452
 20
-67.2366
 30
0.0
 10
-2165.9931
 20
-67.2661
 30
0.0
 10
-2166.033
 20
-67.2913
 30
0.0
 10
-2166.079
 20
-67.3135
 30
0.0
 10
-2166.1301
 20
-67.3328
 30
0.0
 10
-2166.1805
 20
-67.3519
 30
0.0
 10
-2166.2375
 20
-67.3688
 30
0.0
 10
-2166.3003
 20
-67.383
 30
0.0
 10
-2166.3003
 20
-67.383
 30
0.0
 10
-2166.3827
 20
-67.4006
 30
0.0
 10
-2166.3827
 20
-67.4006
 30
0.0
 10
-2166.3827
 20
-67.4006
 30
0.0
 10
-2166.5598
 20
-67.4271
 30
0.0
 10
-2166.5598
 20
-67.4271
 30
0.0
 10
-2166.8514
 20
-67.4559
 30
0.0
 10
-2167.1304
 20
-67.4479
 30
0.0
 10
-2167.4248
 20
-67.4479
 30
0.0
 10
-2167.4822
 20
-67.4479
 30
0.0
 10
-2167.5365
 20
-67.4357
 30
0.0
 10
-2167.5873
 20
-67.4115
 30
0.0
 10
-2167.6369
 20
-67.3879
 30
0.0
 10
-2167.6824
 20
-67.3524
 30
0.0
 10
-2167.7233
 20
-67.3061
 30
0.0
 10
-2167.7452
 20
-67.281
 30
0.0
 10
-2167.7652
 20
-67.2536
 30
0.0
 10
-2167.7824
 20
-67.2236
 30
0.0
 10
-2167.7995
 20
-67.1945
 30
0.0
 10
-2167.8148
 20
-67.162
 30
0.0
 10
-2167.8269
 20
-67.1272
 30
0.0
 10
-2167.8269
 20
-67.1272
 30
0.0
 10
-2167.8421
 20
-67.0769
 30
0.0
 10
-2167.8421
 20
-67.0769
 30
0.0
 10
-2167.8712
 20
-67.131
 30
0.0
 10
-2167.9066
 20
-67.1804
 30
0.0
 10
-2167.9474
 20
-67.2239
 30
0.0
 10
-2167.9808
 20
-67.2612
 30
0.0
 10
-2168.0196
 20
-67.2954
 30
0.0
 10
-2168.0632
 20
-67.3262
 30
0.0
 10
-2168.1055
 20
-67.3563
 30
0.0
 10
-2168.1533
 20
-67.3833
 30
0.0
 10
-2168.2056
 20
-67.4072
 30
0.0
 10
-2168.2056
 20
-67.4072
 30
0.0
 10
-2168.2086
 20
-67.4086
 30
0.0
 10
-2168.2086
 20
-67.4086
 30
0.0
 10
-2168.2759
 20
-67.4346
 30
0.0
 10
-2168.3428
 20
-67.4544
 30
0.0
 10
-2168.4085
 20
-67.4671
 30
0.0
 10
-2168.4751
 20
-67.4801
 30
0.0
 10
-2168.5418
 20
-67.4868
 30
0.0
 10
-2168.6081
 20
-67.4868
 30
0.0
 10
-2168.6081
 20
-67.4868
 30
0.0
 10
-2168.8458
 20
-67.4648
 30
0.0
 10
-2168.8458
 20
-67.4648
 30
0.0
 10
-2168.8458
 20
-67.4648
 30
0.0
 10
-2168.8972
 20
-67.3696
 30
0.0
 10
-2168.8972
 20
-67.3696
 30
0.0
 10
-2168.8972
 20
-67.3696
 30
0.0
 10
-2168.8374
 20
-67.3472
 30
0.0
 10
-2168.8374
 20
-67.3472
 30
0.0
 10
-2168.7681
 20
-67.3212
 30
0.0
 10
-2168.6989
 20
-67.2934
 30
0.0
 10
-2168.6311
 20
-67.2641
 30
0.0
 10
-2168.5642
 20
-67.2351
 30
0.0
 10
-2168.5009
 20
-67.2059
 30
0.0
 10
-2168.443
 20
-67.1768
 30
0.0
 10
-2168.3857
 20
-67.1482
 30
0.0
 10
-2168.3329
 20
-67.1203
 30
0.0
 10
-2168.2849
 20
-67.0933
 30
0.0
 10
-2168.2849
 20
-67.0933
 30
0.0
 10
-2168.1721
 20
-67.0257
 30
0.0
 10
-2168.1721
 20
-67.0257
 30
0.0
 10
-2168.1925
 20
-66.9492
 30
0.0
 10
-2168.2398
 20
-66.8479
 30
0.0
 10
-2168.3138
 20
-66.7224
 30
0.0
 10
-2168.401
 20
-66.5739
 30
0.0
 10
-2168.5269
 20
-66.3912
 30
0.0
 10
-2168.6898
 20
-66.1753
 30
0.0
 10
-2168.7172
 20
-66.1392
 30
0.0
 10
-2168.8005
 20
-66.0146
 30
0.0
 10
-2168.8292
 20
-65.9876
 30
0.0
 10
-2168.849
 20
-65.9585
 30
0.0
 10
-2168.8646
 20
-65.9324
 30
0.0
 10
-2168.8751
 20
-65.9099
 30
0.0
 10
-2168.888
 20
-65.8822
 30
0.0
 10
-2168.8946
 20
-65.8576
 30
0.0
 10
-2168.8946
 20
-65.8368
 30
0.0
 10
-2168.8946
 20
-65.8368
 30
0.0
 10
-2168.89
 20
-65.7948
 30
0.0
 10
-2168.89
 20
-65.7948
 30
0.0
 10
-2168.8725
 20
-65.7233
 30
0.0
 10
-2168.8555
 20
-65.6841
 30
0.0
 10
-2168.8263
 20
-65.6097
 30
0.0
 10
-2168.8263
 20
-65.6097
 30
0.0
 10
-2168.756
 20
-65.6097
 30
0.0
 10
-2168.756
 20
-65.6097
 30
0.0
 10
-2168.756
 20
-65.6097
 30
0.0
 10
-2168.7392
 20
-65.6268
 30
0.0
 10
-2168.7392
 20
-65.6268
 30
0.0
 10
-2168.7187
 20
-65.6484
 30
0.0
 10
-2168.6952
 20
-65.6698
 30
0.0
 10
-2168.6695
 20
-65.6911
 30
0.0
 10
-2168.6695
 20
-65.6911
 30
0.0
 10
-2168.5814
 20
-65.7595
 30
0.0
 10
-2168.5814
 20
-65.7595
 30
0.0
 10
-2168.5065
 20
-65.8121
 30
0.0
 10
-2168.4299
 20
-65.8618
 30
0.0
 10
-2168.3532
 20
-65.912
 30
0.0
 10
-2168.3532
 20
-65.912
 30
0.0
 10
-2168.4247
 20
-66.036
 30
0.0
 10
-2168.4247
 20
-66.036
 30
0.0
 10
-2168.3516
 20
-66.1387
 30
0.0
 10
-2168.2864
 20
-66.2352
 30
0.0
 10
-2168.2187
 20
-66.3411
 30
0.0
 10
-2168.2187
 20
-66.3411
 30
0.0
 10
-2168.1457
 20
-66.4607
 30
0.0
 10
-2168.1457
 20
-66.4607
 30
0.0
 10
-2168.1457
 20
-66.4607
 30
0.0
 10
-2168.0843
 20
-66.5737
 30
0.0
 10
-2168.0843
 20
-66.5737
 30
0.0
 10
-2168.0664
 20
-66.6094
 30
0.0
 10
-2168.0509
 20
-66.6434
 30
0.0
 10
-2168.0389
 20
-66.674
 30
0.0
 10
-2168.0234
 20
-66.7129
 30
0.0
 10
-2168.0111
 20
-66.7508
 30
0.0
 10
-2168.0031
 20
-66.7859
 30
0.0
 10
-2167.9971
 20
-66.8119
 30
0.0
 10
-2167.9932
 20
-66.8368
 30
0.0
 10
-2167.9915
 20
-66.8603
 30
0.0
 10
-2167.9716
 20
-66.832
 30
0.0
 10
-2167.9606
 20
-66.8168
 30
0.0
 10
-2167.9448
 20
-66.7889
 30
0.0
 10
-2167.936
 20
-66.7709
 30
0.0
 10
-2167.9285
 20
-66.7507
 30
0.0
 10
-2167.9221
 20
-66.7283
 30
0.0
 10
-2167.9141
 20
-66.7007
 30
0.0
 10
-2167.9083
 20
-66.6691
 30
0.0
 10
-2167.9046
 20
-66.6352
 30
0.0
 10
-2167.9046
 20
-66.6352
 30
0.0
 10
-2167.8989
 20
-66.538
 30
0.0
 10
-2167.8989
 20
-66.538
 30
0.0
 10
-2167.8989
 20
-66.538
 30
0.0
 10
-2167.8984
 20
-66.4707
 30
0.0
 10
-2167.8984
 20
-66.4707
 30
0.0
 10
-2167.8902
 20
-66.4707
 30
0.0
 10
-2167.8965
 20
-66.1626
 30
0.0
 10
-2167.8967
 20
-66.1382
 30
0.0
 10
-2167.8967
 20
-66.1382
 30
0.0
 10
-2167.8984
 20
-66.1382
 30
0.0
 10
-2167.8984
 20
-66.1382
 30
0.0
 10
-2167.8984
 20
-65.9738
 30
0.0
 10
-2167.9121
 20
-65.7969
 30
0.0
 10
-2167.9198
 20
-65.6327
 30
0.0
 10
-2167.9198
 20
-65.6327
 30
0.0
 10
-2167.9071
 20
-65.5947
 30
0.0
 10
-2167.9071
 20
-65.5947
 30
0.0
 10
-2167.8651
 20
-65.544
 30
0.0
 10
-2167.8356
 20
-65.5093
 30
0.0
 10
-2167.7889
 20
-65.4644
 30
0.0
 10
-2167.7889
 20
-65.4644
 30
0.0
 10
-2167.7199
 20
-65.4089
 30
0.0
 10
-2167.7199
 20
-65.4089
 30
0.0
 10
-2167.7199
 20
-65.4089
 30
0.0
 10
-2167.6417
 20
-65.4384
 30
0.0
 10
-2167.6417
 20
-65.4384
 30
0.0
 10
-2167.6417
 20
-65.4384
 30
0.0
 10
-2167.6321
 20
-65.7958
 30
0.0
 10
-2167.6321
 20
-65.7958
 30
0.0
 10
-2167.6321
 20
-65.7958
 30
0.0
 10
-2167.6306
 20
-65.7958
 30
0.0
 10
-2167.6306
 20
-65.7958
 30
0.0
 10
-2167.6306
 20
-66.1033
 30
0.0
 10
-2167.6316
 20
-66.4239
 30
0.0
 10
-2167.6185
 20
-66.7331
 30
0.0
 10
-2167.6185
 20
-66.7331
 30
0.0
 10
-2167.615
 20
-66.7331
 30
0.0
 10
-2167.615
 20
-66.7331
 30
0.0
 10
-2167.615
 20
-66.7331
 30
0.0
 10
-2167.6147
 20
-66.7926
 30
0.0
 10
-2167.6147
 20
-66.7926
 30
0.0
 10
-2167.6117
 20
-66.8248
 30
0.0
 10
-2167.6073
 20
-66.8542
 30
0.0
 10
-2167.6018
 20
-66.8808
 30
0.0
 10
-2167.5966
 20
-66.907
 30
0.0
 10
-2167.5899
 20
-66.931
 30
0.0
 10
-2167.5822
 20
-66.9523
 30
0.0
 10
-2167.5822
 20
-66.9523
 30
0.0
 10
-2167.5791
 20
-66.9599
 30
0.0
 10
-2167.5791
 20
-66.9599
 30
0.0
 10
-2167.5703
 20
-66.9801
 30
0.0
 10
-2167.5598
 20
-66.9983
 30
0.0
 10
-2167.5476
 20
-67.0144
 30
0.0
 10
-2167.5355
 20
-67.0307
 30
0.0
 10
-2167.5215
 20
-67.0456
 30
0.0
 10
-2167.5054
 20
-67.0585
 30
0.0
 10
-2167.489
 20
-67.0722
 30
0.0
 10
-2167.4721
 20
-67.0822
 30
0.0
 10
-2167.4547
 20
-67.0889
 30
0.0
 10
-2167.4387
 20
-67.0949
 30
0.0
 10
-2167.4215
 20
-67.0981
 30
0.0
 10
-2167.404
 20
-67.0981
 30
0.0
 10
-2167.404
 20
-67.0981
 30
0.0
 10
-2167.2496
 20
-67.0981
 30
0.0
 10
-2167.2496
 20
-67.0981
 30
0.0
 10
-2167.2496
 20
-67.0981
 30
0.0
 10
-2167.17
 20
-66.9637
 30
0.0
 10
-2167.17
 20
-66.9637
 30
0.0
 10
-2167.1625
 20
-66.9311
 30
0.0
 10
-2167.1563
 20
-66.8872
 30
0.0
 10
-2167.1525
 20
-66.8329
 30
0.0
 10
-2167.1481
 20
-66.7727
 30
0.0
 10
-2167.1457
 20
-66.6997
 30
0.0
 10
-2167.1457
 20
-66.614
 30
0.0
 10
-2167.1457
 20
-66.614
 30
0.0
 10
-2167.1459
 20
-66.585
 30
0.0
 10
-2167.1459
 20
-66.585
 30
0.0
  0
SPLINE
  5
DD
330
1F
100
AcDbEntity
  8
Layer 1
 62
   240
100
AcDbSpline
210
0.0
220
0.0
230
1.0
 70
    11
 71
     3
 72
   122
 73
   118
 74
     0
 42
0.0000000001
 43
0.0000000001
 40
0.0
 40
0.0
 40
0.0
 40
0.0
 40
0.0256410256410256
 40
0.0256410256410256
 40
0.0256410256410256
 40
0.0512820512820513
 40
0.0512820512820513
 40
0.0512820512820513
 40
0.0769230769230769
 40
0.0769230769230769
 40
0.0769230769230769
 40
0.1025641025641026
 40
0.1025641025641026
 40
0.1025641025641026
 40
0.1282051282051282
 40
0.1282051282051282
 40
0.1282051282051282
 40
0.1538461538461539
 40
0.1538461538461539
 40
0.1538461538461539
 40
0.1794871794871795
 40
0.1794871794871795
 40
0.1794871794871795
 40
0.2051282051282051
 40
0.2051282051282051
 40
0.2051282051282051
 40
0.2307692307692308
 40
0.2307692307692308
 40
0.2307692307692308
 40
0.2564102564102564
 40
0.2564102564102564
 40
0.2564102564102564
 40
0.282051282051282
 40
0.282051282051282
 40
0.282051282051282
 40
0.3076923076923077
 40
0.3076923076923077
 40
0.3076923076923077
 40
0.3333333333333333
 40
0.3333333333333333
 40
0.3333333333333333
 40
0.358974358974359
 40
0.358974358974359
 40
0.358974358974359
 40
0.3846153846153846
 40
0.3846153846153846
 40
0.3846153846153846
 40
0.4102564102564102
 40
0.4102564102564102
 40
0.4102564102564102
 40
0.4358974358974359
 40
0.4358974358974359
 40
0.4358974358974359
 40
0.4615384615384615
 40
0.4615384615384615
 40
0.4615384615384615
 40
0.4871794871794872
 40
0.4871794871794872
 40
0.4871794871794872
 40
0.5128205128205128
 40
0.5128205128205128
 40
0.5128205128205128
 40
0.5384615384615384
 40
0.5384615384615384
 40
0.5384615384615384
 40
0.5641025641025641
 40
0.5641025641025641
 40
0.5641025641025641
 40
0.5897435897435898
 40
0.5897435897435898
 40
0.5897435897435898
 40
0.6153846153846154
 40
0.6153846153846154
 40
0.6153846153846154
 40
0.641025641025641
 40
0.641025641025641
 40
0.641025641025641
 40
0.6666666666666666
 40
0.6666666666666666
 40
0.6666666666666666
 40
0.6923076923076923
 40
0.6923076923076923
 40
0.6923076923076923
 40
0.717948717948718
 40
0.717948717948718
 40
0.717948717948718
 40
0.7435897435897436
 40
0.7435897435897436
 40
0.7435897435897436
 40
0.7692307692307692
 40
0.7692307692307692
 40
0.7692307692307692
 40
0.7948717948717948
 40
0.7948717948717948
 40
0.7948717948717948
 40
0.8205128205128205
 40
0.8205128205128205
 40
0.8205128205128205
 40
0.8461538461538461
 40
0.8461538461538461
 40
0.8461538461538461
 40
0.8717948717948718
 40
0.8717948717948718
 40
0.8717948717948718
 40
0.8974358974358974
 40
0.8974358974358974
 40
0.8974358974358974
 40
0.923076923076923
 40
0.923076923076923
 40
0.923076923076923
 40
0.9487179487179487
 40
0.9487179487179487
 40
0.9487179487179487
 40
0.9743589743589743
 40
0.9743589743589743
 40
0.9743589743589743
 40
1.0
 40
1.0
 40
1.0
 40
1.0
 10
-2178.1792
 20
-65.6826
 30
0.0
 10
-2178.1792
 20
-65.6826
 30
0.0
 10
-2177.8198
 20
-65.2337
 30
0.0
 10
-2177.8198
 20
-65.2337
 30
0.0
 10
-2177.8198
 20
-65.2337
 30
0.0
 10
-2177.7795
 20
-65.3055
 30
0.0
 10
-2177.7795
 20
-65.3055
 30
0.0
 10
-2177.7783
 20
-65.3078
 30
0.0
 10
-2177.2913
 20
-66.1255
 30
0.0
 10
-2177.6588
 20
-66.7785
 30
0.0
 10
-2177.6588
 20
-66.7785
 30
0.0
 10
-2177.6747
 20
-66.8071
 30
0.0
 10
-2177.6747
 20
-66.8071
 30
0.0
 10
-2177.6747
 20
-66.8071
 30
0.0
 10
-2179.9929
 20
-66.8071
 30
0.0
 10
-2179.9929
 20
-66.8071
 30
0.0
 10
-2179.994
 20
-66.8071
 30
0.0
 10
-2180.4154
 20
-66.8318
 30
0.0
 10
-2180.3892
 20
-66.4605
 30
0.0
 10
-2180.3892
 20
-66.4605
 30
0.0
 10
-2180.39
 20
-66.1213
 30
0.0
 10
-2180.39
 20
-66.1213
 30
0.0
 10
-2180.39
 20
-66.1213
 30
0.0
 10
-2181.1165
 20
-66.3856
 30
0.0
 10
-2181.1165
 20
-66.3856
 30
0.0
 10
-2181.1165
 20
-66.3856
 30
0.0
 10
-2180.7221
 20
-66.7318
 30
0.0
 10
-2180.7221
 20
-66.7318
 30
0.0
 10
-2180.7221
 20
-66.7318
 30
0.0
 10
-2180.8834
 20
-67.4219
 30
0.0
 10
-2180.8834
 20
-67.4219
 30
0.0
 10
-2180.8834
 20
-67.4219
 30
0.0
 10
-2180.9033
 20
-67.453
 30
0.0
 10
-2180.9033
 20
-67.453
 30
0.0
 10
-2180.9053
 20
-67.4547
 30
0.0
 10
-2181.6352
 20
-68.0047
 30
0.0
 10
-2182.5784
 20
-67.9487
 30
0.0
 10
-2182.6021
 20
-67.9475
 30
0.0
 10
-2183.6743
 20
-67.8911
 30
0.0
 10
-2183.3988
 20
-66.8491
 30
0.0
 10
-2183.3987
 20
-66.8478
 30
0.0
 10
-2183.3088
 20
-66.3414
 30
0.0
 10
-2182.9799
 20
-65.9558
 30
0.0
 10
-2182.9799
 20
-65.9558
 30
0.0
 10
-2182.8854
 20
-66.0106
 30
0.0
 10
-2182.8854
 20
-66.0106
 30
0.0
 10
-2182.8865
 20
-66.014
 30
0.0
 10
-2183.3404
 20
-67.2227
 30
0.0
 10
-2182.5532
 20
-67.244
 30
0.0
 10
-2182.5507
 20
-67.2438
 30
0.0
 10
-2181.6518
 20
-67.2327
 30
0.0
 10
-2181.332
 20
-67.1051
 30
0.0
 10
-2181.332
 20
-67.1051
 30
0.0
 10
-2181.325
 20
-67.1028
 30
0.0
 10
-2181.325
 20
-67.1028
 30
0.0
 10
-2181.3244
 20
-67.1028
 30
0.0
 10
-2181.0789
 20
-67.0314
 30
0.0
 10
-2181.3294
 20
-66.9457
 30
0.0
 10
-2181.3294
 20
-66.9457
 30
0.0
 10
-2181.3447
 20
-66.9374
 30
0.0
 10
-2181.3447
 20
-66.9374
 30
0.0
 10
-2181.3452
 20
-66.9371
 30
0.0
 10
-2181.5377
 20
-66.7872
 30
0.0
 10
-2181.8798
 20
-66.807
 30
0.0
 10
-2181.8798
 20
-66.807
 30
0.0
 10
-2181.9327
 20
-66.8099
 30
0.0
 10
-2181.9327
 20
-66.8099
 30
0.0
 10
-2181.9327
 20
-66.8099
 30
0.0
 10
-2181.9381
 20
-66.7568
 30
0.0
 10
-2181.9381
 20
-66.7568
 30
0.0
 10
-2181.9381
 20
-66.7555
 30
0.0
 10
-2182.0093
 20
-66.2182
 30
0.0
 10
-2181.4519
 20
-66.0495
 30
0.0
 10
-2181.4133
 20
-66.0305
 30
0.0
 10
-2181.1662
 20
-65.9142
 30
0.0
 10
-2180.6347
 20
-65.784
 30
0.0
 10
-2180.7247
 20
-65.7294
 30
0.0
 10
-2180.8543
 20
-65.6547
 30
0.0
 10
-2180.9856
 20
-65.6118
 30
0.0
 10
-2181.1714
 20
-65.5511
 30
0.0
 10
-2181.3655
 20
-65.5568
 30
0.0
 10
-2181.4451
 20
-65.8006
 30
0.0
 10
-2181.4451
 20
-65.8006
 30
0.0
 10
-2181.5538
 20
-65.7832
 30
0.0
 10
-2181.5538
 20
-65.7832
 30
0.0
 10
-2181.5538
 20
-65.7806
 30
0.0
 10
-2181.5418
 20
-64.8209
 30
0.0
 10
-2180.8136
 20
-65.015
 30
0.0
 10
-2180.7801
 20
-65.0237
 30
0.0
 10
-2180.3474
 20
-65.1381
 30
0.0
 10
-2180.0597
 20
-65.2336
 30
0.0
 10
-2180.0597
 20
-65.2336
 30
0.0
 10
-2179.1266
 20
-65.3044
 30
0.0
 10
-2179.1266
 20
-65.3044
 30
0.0
 10
-2179.1266
 20
-65.3044
 30
0.0
 10
-2179.3362
 20
-65.9465
 30
0.0
 10
-2179.3362
 20
-65.9465
 30
0.0
 10
-2179.3362
 20
-65.9465
 30
0.0
 10
-2179.9764
 20
-65.9811
 30
0.0
 10
-2179.9764
 20
-65.9811
 30
0.0
 10
-2179.9764
 20
-65.9811
 30
0.0
 10
-2180.0518
 20
-66.0261
 30
0.0
 10
-2180.0518
 20
-66.0261
 30
0.0
 10
-2180.0528
 20
-66.0659
 30
0.0
 10
-2180.0308
 20
-66.1491
 30
0.0
 10
-2179.828
 20
-66.156
 30
0.0
 10
-2179.828
 20
-66.156
 30
0.0
 10
-2177.9455
 20
-66.1559
 30
0.0
 10
-2177.9455
 20
-66.1559
 30
0.0
 10
-2177.9445
 20
-66.071
 30
0.0
 10
-2177.9675
 20
-65.8886
 30
0.0
 10
-2178.1653
 20
-65.7642
 30
0.0
 10
-2178.1653
 20
-65.7642
 30
0.0
 10
-2178.2179
 20
-65.7311
 30
0.0
 10
-2178.2179
 20
-65.7311
 30
0.0
 10
-2178.2179
 20
-65.7311
 30
0.0
 10
-2178.1792
 20
-65.6826
 30
0.0
 10
-2178.1792
 20
-65.6826
 30
0.0
  0
SPLINE
  5
DE
330
1F
100
AcDbEntity
  8
Layer 1
 62
   240
100
AcDbSpline
210
0.0
220
0.0
230
1.0
 70
    11
 71
     3
 72
    77
 73
    73
 74
     0
 42
0.0000000001
 43
0.0000000001
 40
0.0
 40
0.0
 40
0.0
 40
0.0
 40
0.0416666666666667
 40
0.0416666666666667
 40
0.0416666666666667
 40
0.0833333333333333
 40
0.0833333333333333
 40
0.0833333333333333
 40
0.125
 40
0.125
 40
0.125
 40
0.1666666666666667
 40
0.1666666666666667
 40
0.1666666666666667
 40
0.2083333333333333
 40
0.2083333333333333
 40
0.2083333333333333
 40
0.25
 40
0.25
 40
0.25
 40
0.2916666666666666
 40
0.2916666666666666
 40
0.2916666666666666
 40
0.3333333333333333
 40
0.3333333333333333
 40
0.3333333333333333
 40
0.375
 40
0.375
 40
0.375
 40
0.4166666666666666
 40
0.4166666666666666
 40
0.4166666666666666
 40
0.4583333333333333
 40
0.4583333333333333
 40
0.4583333333333333
 40
0.5
 40
0.5
 40
0.5
 40
0.5416666666666666
 40
0.5416666666666666
 40
0.5416666666666666
 40
0.5833333333333333
 40
0.5833333333333333
 40
0.5833333333333333
 40
0.625
 40
0.625
 40
0.625
 40
0.6666666666666666
 40
0.6666666666666666
 40
0.6666666666666666
 40
0.7083333333333333
 40
0.7083333333333333
 40
0.7083333333333333
 40
0.75
 40
0.75
 40
0.75
 40
0.7916666666666666
 40
0.7916666666666666
 40
0.7916666666666666
 40
0.8333333333333333
 40
0.8333333333333333
 40
0.8333333333333333
 40
0.875
 40
0.875
 40
0.875
 40
0.9166666666666666
 40
0.9166666666666666
 40
0.9166666666666666
 40
0.9583333333333333
 40
0.9583333333333333
 40
0.9583333333333333
 40
1.0
 40
1.0
 40
1.0
 40
1.0
 10
-2176.3063
 20
-64.3255
 30
0.0
 10
-2176.3063
 20
-64.3255
 30
0.0
 10
-2175.9719
 20
-64.0026
 30
0.0
 10
-2175.9719
 20
-64.0026
 30
0.0
 10
-2175.9719
 20
-64.0026
 30
0.0
 10
-2175.5951
 20
-64.3649
 30
0.0
 10
-2175.5951
 20
-64.3649
 30
0.0
 10
-2175.5951
 20
-64.3649
 30
0.0
 10
-2175.9089
 20
-64.6789
 30
0.0
 10
-2175.9089
 20
-64.6789
 30
0.0
 10
-2175.7613
 20
-64.7057
 30
0.0
 10
-2175.6021
 20
-64.8329
 30
0.0
 10
-2175.4587
 20
-65.1565
 30
0.0
 10
-2175.4587
 20
-65.1565
 30
0.0
 10
-2175.4538
 20
-65.1788
 30
0.0
 10
-2175.4538
 20
-65.1788
 30
0.0
 10
-2175.4538
 20
-65.1793
 30
0.0
 10
-2175.449
 20
-65.1853
 30
0.0
 10
-2175.4413
 20
-65.2115
 30
0.0
 10
-2175.4319
 20
-65.2439
 30
0.0
 10
-2175.4189
 20
-65.2911
 30
0.0
 10
-2175.406
 20
-65.3477
 30
0.0
 10
-2175.3378
 20
-65.6455
 30
0.0
 10
-2175.2509
 20
-66.2497
 30
0.0
 10
-2175.5036
 20
-66.7635
 30
0.0
 10
-2175.5036
 20
-66.7635
 30
0.0
 10
-2175.5189
 20
-66.7949
 30
0.0
 10
-2175.5189
 20
-66.7949
 30
0.0
 10
-2175.5189
 20
-66.7949
 30
0.0
 10
-2176.9174
 20
-66.7949
 30
0.0
 10
-2176.9174
 20
-66.7949
 30
0.0
 10
-2176.9699
 20
-66.8137
 30
0.0
 10
-2177.2674
 20
-66.8931
 30
0.0
 10
-2177.2684
 20
-66.2696
 30
0.0
 10
-2177.2684
 20
-66.2696
 30
0.0
 10
-2177.4441
 20
-64.1724
 30
0.0
 10
-2177.4441
 20
-64.1724
 30
0.0
 10
-2177.4441
 20
-64.1724
 30
0.0
 10
-2177.4316
 20
-64.1323
 30
0.0
 10
-2177.4316
 20
-64.1323
 30
0.0
 10
-2177.4316
 20
-64.1323
 30
0.0
 10
-2177.0578
 20
-63.6818
 30
0.0
 10
-2177.0578
 20
-63.6818
 30
0.0
 10
-2177.0578
 20
-63.6818
 30
0.0
 10
-2176.9593
 20
-63.7145
 30
0.0
 10
-2176.9593
 20
-63.7145
 30
0.0
 10
-2176.9593
 20
-63.7145
 30
0.0
 10
-2176.8305
 20
-66.188
 30
0.0
 10
-2176.8305
 20
-66.188
 30
0.0
 10
-2176.8305
 20
-66.188
 30
0.0
 10
-2175.7404
 20
-66.1681
 30
0.0
 10
-2175.7404
 20
-66.1681
 30
0.0
 10
-2175.7399
 20
-66.1076
 30
0.0
 10
-2175.7412
 20
-66.0058
 30
0.0
 10
-2175.7528
 20
-65.9091
 30
0.0
 10
-2175.8714
 20
-66.0201
 30
0.0
 10
-2176.1254
 20
-66.1656
 30
0.0
 10
-2176.5531
 20
-65.9883
 30
0.0
 10
-2176.5531
 20
-65.9883
 30
0.0
 10
-2176.5757
 20
-65.9712
 30
0.0
 10
-2176.5757
 20
-65.9712
 30
0.0
 10
-2176.5767
 20
-65.9699
 30
0.0
 10
-2176.9671
 20
-65.4963
 30
0.0
 10
-2176.4423
 20
-64.9564
 30
0.0
 10
-2176.4248
 20
-64.9336
 30
0.0
 10
-2176.2342
 20
-64.69
 30
0.0
 10
-2175.9963
 20
-64.674
 30
0.0
 10
-2175.9963
 20
-64.674
 30
0.0
 10
-2176.35
 20
-64.3678
 30
0.0
 10
-2176.35
 20
-64.3678
 30
0.0
 10
-2176.35
 20
-64.3678
 30
0.0
 10
-2176.3063
 20
-64.3255
 30
0.0
 10
-2176.3063
 20
-64.3255
 30
0.0
  0
SPLINE
  5
DF
330
1F
100
AcDbEntity
  8
Layer 1
 62
   240
100
AcDbSpline
210
0.0
220
0.0
230
1.0
 70
    11
 71
     3
 72
    32
 73
    28
 74
     0
 42
0.0000000001
 43
0.0000000001
 40
0.0
 40
0.0
 40
0.0
 40
0.0
 40
0.1111111111111111
 40
0.1111111111111111
 40
0.1111111111111111
 40
0.2222222222222222
 40
0.2222222222222222
 40
0.2222222222222222
 40
0.3333333333333333
 40
0.3333333333333333
 40
0.3333333333333333
 40
0.4444444444444444
 40
0.4444444444444444
 40
0.4444444444444444
 40
0.5555555555555556
 40
0.5555555555555556
 40
0.5555555555555556
 40
0.6666666666666666
 40
0.6666666666666666
 40
0.6666666666666666
 40
0.7777777777777777
 40
0.7777777777777777
 40
0.7777777777777777
 40
0.8888888888888888
 40
0.8888888888888888
 40
0.8888888888888888
 40
1.0
 40
1.0
 40
1.0
 40
1.0
 10
-2179.1083
 20
-64.9859
 30
0.0
 10
-2179.1083
 20
-64.9859
 30
0.0
 10
-2178.7738
 20
-64.6631
 30
0.0
 10
-2178.7738
 20
-64.6631
 30
0.0
 10
-2178.7738
 20
-64.6631
 30
0.0
 10
-2178.397
 20
-65.0252
 30
0.0
 10
-2178.397
 20
-65.0252
 30
0.0
 10
-2178.397
 20
-65.0252
 30
0.0
 10
-2178.6701
 20
-65.2983
 30
0.0
 10
-2178.6701
 20
-65.2983
 30
0.0
 10
-2178.6701
 20
-65.2983
 30
0.0
 10
-2178.3862
 20
-65.571
 30
0.0
 10
-2178.3862
 20
-65.571
 30
0.0
 10
-2178.3862
 20
-65.571
 30
0.0
 10
-2178.7378
 20
-65.9225
 30
0.0
 10
-2178.7378
 20
-65.9225
 30
0.0
 10
-2178.7378
 20
-65.9225
 30
0.0
 10
-2179.1408
 20
-65.574
 30
0.0
 10
-2179.1408
 20
-65.574
 30
0.0
 10
-2179.1408
 20
-65.574
 30
0.0
 10
-2178.848
 20
-65.2911
 30
0.0
 10
-2178.848
 20
-65.2911
 30
0.0
 10
-2178.848
 20
-65.2911
 30
0.0
 10
-2179.1522
 20
-65.0282
 30
0.0
 10
-2179.1522
 20
-65.0282
 30
0.0
 10
-2179.1522
 20
-65.0282
 30
0.0
 10
-2179.1083
 20
-64.9859
 30
0.0
 10
-2179.1083
 20
-64.9859
 30
0.0
  0
SPLINE
  5
E0
330
1F
100
AcDbEntity
  8
Layer 1
 62
   240
100
AcDbSpline
210
0.0
220
0.0
230
1.0
 70
    11
 71
     3
 72
    44
 73
    40
 74
     0
 42
0.0000000001
 43
0.0000000001
 40
0.0
 40
0.0
 40
0.0
 40
0.0
 40
0.0769230769230769
 40
0.0769230769230769
 40
0.0769230769230769
 40
0.1538461538461539
 40
0.1538461538461539
 40
0.1538461538461539
 40
0.2307692307692308
 40
0.2307692307692308
 40
0.2307692307692308
 40
0.3076923076923077
 40
0.3076923076923077
 40
0.3076923076923077
 40
0.3846153846153846
 40
0.3846153846153846
 40
0.3846153846153846
 40
0.4615384615384616
 40
0.4615384615384616
 40
0.4615384615384616
 40
0.5384615384615385
 40
0.5384615384615385
 40
0.5384615384615385
 40
0.6153846153846154
 40
0.6153846153846154
 40
0.6153846153846154
 40
0.6923076923076923
 40
0.6923076923076923
 40
0.6923076923076923
 40
0.7692307692307693
 40
0.7692307692307693
 40
0.7692307692307693
 40
0.8461538461538463
 40
0.8461538461538463
 40
0.8461538461538463
 40
0.9230769230769231
 40
0.9230769230769231
 40
0.9230769230769231
 40
1.0
 40
1.0
 40
1.0
 40
1.0
 10
-2174.3823
 20
-67.1277
 30
0.0
 10
-2174.3378
 20
-67.1277
 30
0.0
 10
-2174.2992
 20
-67.1215
 30
0.0
 10
-2174.2686
 20
-67.1093
 30
0.0
 10
-2174.2686
 20
-67.1093
 30
0.0
 10
-2174.2634
 20
-67.1069
 30
0.0
 10
-2174.2634
 20
-67.1069
 30
0.0
 10
-2174.2555
 20
-67.1034
 30
0.0
 10
-2174.2482
 20
-67.0959
 30
0.0
 10
-2174.2432
 20
-67.0894
 30
0.0
 10
-2174.2432
 20
-67.0894
 30
0.0
 10
-2174.2414
 20
-67.0872
 30
0.0
 10
-2174.2414
 20
-67.0872
 30
0.0
 10
-2174.2439
 20
-67.0724
 30
0.0
 10
-2174.2502
 20
-67.0561
 30
0.0
 10
-2174.2606
 20
-67.0386
 30
0.0
 10
-2174.2764
 20
-67.0117
 30
0.0
 10
-2174.3013
 20
-66.9822
 30
0.0
 10
-2174.3343
 20
-66.9509
 30
0.0
 10
-2174.3343
 20
-66.9509
 30
0.0
 10
-2174.3884
 20
-66.9027
 30
0.0
 10
-2174.3884
 20
-66.9027
 30
0.0
 10
-2174.3884
 20
-66.9027
 30
0.0
 10
-2174.4551
 20
-66.8512
 30
0.0
 10
-2174.4551
 20
-66.8512
 30
0.0
 10
-2174.4551
 20
-66.8512
 30
0.0
 10
-2174.5422
 20
-66.7915
 30
0.0
 10
-2174.5422
 20
-66.7915
 30
0.0
 10
-2174.5511
 20
-66.8397
 30
0.0
 10
-2174.5632
 20
-66.887
 30
0.0
 10
-2174.5786
 20
-66.9338
 30
0.0
 10
-2174.5967
 20
-66.9885
 30
0.0
 10
-2174.6194
 20
-67.0431
 30
0.0
 10
-2174.6469
 20
-67.0973
 30
0.0
 10
-2174.6174
 20
-67.1048
 30
0.0
 10
-2174.587
 20
-67.1108
 30
0.0
 10
-2174.5554
 20
-67.1155
 30
0.0
 10
-2174.5006
 20
-67.1236
 30
0.0
 10
-2174.4428
 20
-67.1277
 30
0.0
 10
-2174.3823
 20
-67.1277
 30
0.0
  0
SPLINE
  5
E1
330
1F
100
AcDbEntity
  8
Layer 1
 62
   240
100
AcDbSpline
210
0.0
220
0.0
230
1.0
 70
    11
 71
     3
 72
    26
 73
    22
 74
     0
 42
0.0000000001
 43
0.0000000001
 40
0.0
 40
0.0
 40
0.0
 40
0.0
 40
0.1428571428571428
 40
0.1428571428571428
 40
0.1428571428571428
 40
0.2857142857142857
 40
0.2857142857142857
 40
0.2857142857142857
 40
0.4285714285714285
 40
0.4285714285714285
 40
0.4285714285714285
 40
0.5714285714285714
 40
0.5714285714285714
 40
0.5714285714285714
 40
0.7142857142857142
 40
0.7142857142857142
 40
0.7142857142857142
 40
0.8571428571428571
 40
0.8571428571428571
 40
0.8571428571428571
 40
1.0
 40
1.0
 40
1.0
 40
1.0
 10
-2182.1877
 20
-74.766
 30
0.0
 10
-2182.1878
 20
-74.607
 30
0.0
 10
-2182.1469
 20
-74.4859
 30
0.0
 10
-2182.0655
 20
-74.403
 30
0.0
 10
-2181.9836
 20
-74.3203
 30
0.0
 10
-2181.864
 20
-74.2785
 30
0.0
 10
-2181.7066
 20
-74.2785
 30
0.0
 10
-2181.5498
 20
-74.2785
 30
0.0
 10
-2181.4301
 20
-74.3202
 30
0.0
 10
-2181.3481
 20
-74.403
 30
0.0
 10
-2181.2669
 20
-74.4859
 30
0.0
 10
-2181.2258
 20
-74.6069
 30
0.0
 10
-2181.2258
 20
-74.766
 30
0.0
 10
-2181.2258
 20
-74.9245
 30
0.0
 10
-2181.2669
 20
-75.0457
 30
0.0
 10
-2181.3481
 20
-75.1283
 30
0.0
 10
-2181.4301
 20
-75.2111
 30
0.0
 10
-2181.5497
 20
-75.2526
 30
0.0
 10
-2181.7066
 20
-75.2526
 30
0.0
 10
-2182.0262
 20
-75.2526
 30
0.0
 10
-2182.1866
 20
-75.0903
 30
0.0
 10
-2182.1877
 20
-74.766
 30
0.0
  0
SPLINE
  5
E2
330
1F
100
AcDbEntity
  8
Layer 1
 62
   240
100
AcDbSpline
210
0.0
220
0.0
230
1.0
 70
    11
 71
     3
 72
    29
 73
    25
 74
     0
 42
0.0000000001
 43
0.0000000001
 40
0.0
 40
0.0
 40
0.0
 40
0.0
 40
0.125
 40
0.125
 40
0.125
 40
0.25
 40
0.25
 40
0.25
 40
0.375
 40
0.375
 40
0.375
 40
0.5
 40
0.5
 40
0.5
 40
0.625
 40
0.625
 40
0.625
 40
0.75
 40
0.75
 40
0.75
 40
0.875
 40
0.875
 40
0.875
 40
1.0
 40
1.0
 40
1.0
 40
1.0
 10
-2181.7066
 20
-74.976
 30
0.0
 10
-2181.6553
 20
-74.976
 30
0.0
 10
-2181.6178
 20
-74.9607
 30
0.0
 10
-2181.5944
 20
-74.9304
 30
0.0
 10
-2181.5675
 20
-74.8958
 30
0.0
 10
-2181.5538
 20
-74.8395
 30
0.0
 10
-2181.5538
 20
-74.7624
 30
0.0
 10
-2181.5538
 20
-74.6881
 30
0.0
 10
-2181.5673
 20
-74.6338
 30
0.0
 10
-2181.5939
 20
-74.6002
 30
0.0
 10
-2181.6175
 20
-74.5708
 30
0.0
 10
-2181.6552
 20
-74.5556
 30
0.0
 10
-2181.7066
 20
-74.5556
 30
0.0
 10
-2181.7583
 20
-74.5556
 30
0.0
 10
-2181.7961
 20
-74.5708
 30
0.0
 10
-2181.8197
 20
-74.6002
 30
0.0
 10
-2181.8461
 20
-74.6338
 30
0.0
 10
-2181.8596
 20
-74.6881
 30
0.0
 10
-2181.8596
 20
-74.7624
 30
0.0
 10
-2181.8596
 20
-74.8396
 30
0.0
 10
-2181.8461
 20
-74.8958
 30
0.0
 10
-2181.8193
 20
-74.9304
 30
0.0
 10
-2181.796
 20
-74.9607
 30
0.0
 10
-2181.758
 20
-74.976
 30
0.0
 10
-2181.7066
 20
-74.976
 30
0.0
  0
SPLINE
  5
E3
330
1F
100
AcDbEntity
  8
Layer 1
 62
   240
100
AcDbSpline
210
0.0
220
0.0
230
1.0
 70
    11
 71
     3
 72
    20
 73
    16
 74
     0
 42
0.0000000001
 43
0.0000000001
 40
0.0
 40
0.0
 40
0.0
 40
0.0
 40
0.2
 40
0.2
 40
0.2
 40
0.4
 40
0.4
 40
0.4
 40
0.6000000000000001
 40
0.6000000000000001
 40
0.6000000000000001
 40
0.8
 40
0.8
 40
0.8
 40
1.0
 40
1.0
 40
1.0
 40
1.0
 10
-2180.4432
 20
-74.0258
 30
0.0
 10
-2180.4432
 20
-74.0258
 30
0.0
 10
-2180.4432
 20
-75.251
 30
0.0
 10
-2180.4432
 20
-75.251
 30
0.0
 10
-2180.4432
 20
-75.251
 30
0.0
 10
-2180.7715
 20
-75.251
 30
0.0
 10
-2180.7715
 20
-75.251
 30
0.0
 10
-2180.7715
 20
-75.251
 30
0.0
 10
-2180.7715
 20
-73.97
 30
0.0
 10
-2180.7715
 20
-73.97
 30
0.0
 10
-2180.7715
 20
-73.97
 30
0.0
 10
-2180.4432
 20
-73.97
 30
0.0
 10
-2180.4432
 20
-73.97
 30
0.0
 10
-2180.4432
 20
-73.97
 30
0.0
 10
-2180.4432
 20
-74.0258
 30
0.0
 10
-2180.4432
 20
-74.0258
 30
0.0
  0
SPLINE
  5
E4
330
1F
100
AcDbEntity
  8
Layer 1
 62
   240
100
AcDbSpline
210
0.0
220
0.0
230
1.0
 70
    11
 71
     3
 72
    41
 73
    37
 74
     0
 42
0.0000000001
 43
0.0000000001
 40
0.0
 40
0.0
 40
0.0
 40
0.0
 40
0.0833333333333333
 40
0.0833333333333333
 40
0.0833333333333333
 40
0.1666666666666667
 40
0.1666666666666667
 40
0.1666666666666667
 40
0.25
 40
0.25
 40
0.25
 40
0.3333333333333333
 40
0.3333333333333333
 40
0.3333333333333333
 40
0.4166666666666666
 40
0.4166666666666666
 40
0.4166666666666666
 40
0.5
 40
0.5
 40
0.5
 40
0.5833333333333333
 40
0.5833333333333333
 40
0.5833333333333333
 40
0.6666666666666666
 40
0.6666666666666666
 40
0.6666666666666666
 40
0.75
 40
0.75
 40
0.75
 40
0.8333333333333333
 40
0.8333333333333333
 40
0.8333333333333333
 40
0.9166666666666666
 40
0.9166666666666666
 40
0.9166666666666666
 40
1.0
 40
1.0
 40
1.0
 40
1.0
 10
-2179.1176
 20
-75.1978
 30
0.0
 10
-2179.1855
 20
-75.2155
 30
0.0
 10
-2179.2528
 20
-75.229
 30
0.0
 10
-2179.3188
 20
-75.2376
 30
0.0
 10
-2179.3859
 20
-75.2465
 30
0.0
 10
-2179.4522
 20
-75.251
 30
0.0
 10
-2179.5168
 20
-75.251
 30
0.0
 10
-2179.6717
 20
-75.251
 30
0.0
 10
-2179.7896
 20
-75.2076
 30
0.0
 10
-2179.8699
 20
-75.1215
 30
0.0
 10
-2179.9491
 20
-75.0365
 30
0.0
 10
-2179.989
 20
-74.9119
 30
0.0
 10
-2179.989
 20
-74.7489
 30
0.0
 10
-2179.989
 20
-74.5963
 30
0.0
 10
-2179.9495
 20
-74.4799
 30
0.0
 10
-2179.8711
 20
-74.4004
 30
0.0
 10
-2179.7923
 20
-74.3206
 30
0.0
 10
-2179.6771
 20
-74.2805
 30
0.0
 10
-2179.5259
 20
-74.2805
 30
0.0
 10
-2179.4929
 20
-74.2805
 30
0.0
 10
-2179.4592
 20
-74.2844
 30
0.0
 10
-2179.4254
 20
-74.2922
 30
0.0
 10
-2179.4254
 20
-74.2922
 30
0.0
 10
-2179.4039
 20
-74.2978
 30
0.0
 10
-2179.4039
 20
-74.2978
 30
0.0
 10
-2179.4039
 20
-74.2978
 30
0.0
 10
-2179.4039
 20
-73.97
 30
0.0
 10
-2179.4039
 20
-73.97
 30
0.0
 10
-2179.4039
 20
-73.97
 30
0.0
 10
-2179.0758
 20
-73.97
 30
0.0
 10
-2179.0758
 20
-73.97
 30
0.0
 10
-2179.0758
 20
-73.97
 30
0.0
 10
-2179.0758
 20
-75.1868
 30
0.0
 10
-2179.0758
 20
-75.1868
 30
0.0
 10
-2179.0758
 20
-75.1868
 30
0.0
 10
-2179.1176
 20
-75.1978
 30
0.0
 10
-2179.1176
 20
-75.1978
 30
0.0
  0
SPLINE
  5
E5
330
1F
100
AcDbEntity
  8
Layer 1
 62
   240
100
AcDbSpline
210
0.0
220
0.0
230
1.0
 70
    11
 71
     3
 72
    32
 73
    28
 74
     0
 42
0.0000000001
 43
0.0000000001
 40
0.0
 40
0.0
 40
0.0
 40
0.0
 40
0.1111111111111111
 40
0.1111111111111111
 40
0.1111111111111111
 40
0.2222222222222222
 40
0.2222222222222222
 40
0.2222222222222222
 40
0.3333333333333333
 40
0.3333333333333333
 40
0.3333333333333333
 40
0.4444444444444444
 40
0.4444444444444444
 40
0.4444444444444444
 40
0.5555555555555556
 40
0.5555555555555556
 40
0.5555555555555556
 40
0.6666666666666666
 40
0.6666666666666666
 40
0.6666666666666666
 40
0.7777777777777777
 40
0.7777777777777777
 40
0.7777777777777777
 40
0.8888888888888888
 40
0.8888888888888888
 40
0.8888888888888888
 40
1.0
 40
1.0
 40
1.0
 40
1.0
 10
-2179.4039
 20
-74.5932
 30
0.0
 10
-2179.4039
 20
-74.5932
 30
0.0
 10
-2179.4378
 20
-74.5815
 30
0.0
 10
-2179.4378
 20
-74.5815
 30
0.0
 10
-2179.4609
 20
-74.5754
 30
0.0
 10
-2179.4876
 20
-74.5723
 30
0.0
 10
-2179.5168
 20
-74.5723
 30
0.0
 10
-2179.5677
 20
-74.5723
 30
0.0
 10
-2179.6045
 20
-74.5851
 30
0.0
 10
-2179.6269
 20
-74.61
 30
0.0
 10
-2179.6509
 20
-74.6369
 30
0.0
 10
-2179.6631
 20
-74.6813
 30
0.0
 10
-2179.6631
 20
-74.7429
 30
0.0
 10
-2179.6631
 20
-74.8199
 30
0.0
 10
-2179.6495
 20
-74.876
 30
0.0
 10
-2179.6226
 20
-74.9103
 30
0.0
 10
-2179.5986
 20
-74.9408
 30
0.0
 10
-2179.5606
 20
-74.9561
 30
0.0
 10
-2179.5088
 20
-74.9561
 30
0.0
 10
-2179.4831
 20
-74.9561
 30
0.0
 10
-2179.458
 20
-74.9543
 30
0.0
 10
-2179.4342
 20
-74.9511
 30
0.0
 10
-2179.4342
 20
-74.9511
 30
0.0
 10
-2179.4039
 20
-74.9456
 30
0.0
 10
-2179.4039
 20
-74.9456
 30
0.0
 10
-2179.4039
 20
-74.9456
 30
0.0
 10
-2179.4039
 20
-74.5932
 30
0.0
 10
-2179.4039
 20
-74.5932
 30
0.0
  0
SPLINE
  5
E6
330
1F
100
AcDbEntity
  8
Layer 1
 62
   240
100
AcDbSpline
210
0.0
220
0.0
230
1.0
 70
    11
 71
     3
 72
    92
 73
    88
 74
     0
 42
0.0000000001
 43
0.0000000001
 40
0.0
 40
0.0
 40
0.0
 40
0.0
 40
0.0344827586206897
 40
0.0344827586206897
 40
0.0344827586206897
 40
0.0689655172413793
 40
0.0689655172413793
 40
0.0689655172413793
 40
0.103448275862069
 40
0.103448275862069
 40
0.103448275862069
 40
0.1379310344827586
 40
0.1379310344827586
 40
0.1379310344827586
 40
0.1724137931034483
 40
0.1724137931034483
 40
0.1724137931034483
 40
0.2068965517241379
 40
0.2068965517241379
 40
0.2068965517241379
 40
0.2413793103448276
 40
0.2413793103448276
 40
0.2413793103448276
 40
0.2758620689655172
 40
0.2758620689655172
 40
0.2758620689655172
 40
0.3103448275862069
 40
0.3103448275862069
 40
0.3103448275862069
 40
0.3448275862068966
 40
0.3448275862068966
 40
0.3448275862068966
 40
0.3793103448275862
 40
0.3793103448275862
 40
0.3793103448275862
 40
0.4137931034482759
 40
0.4137931034482759
 40
0.4137931034482759
 40
0.4482758620689655
 40
0.4482758620689655
 40
0.4482758620689655
 40
0.4827586206896551
 40
0.4827586206896551
 40
0.4827586206896551
 40
0.5172413793103449
 40
0.5172413793103449
 40
0.5172413793103449
 40
0.5517241379310345
 40
0.5517241379310345
 40
0.5517241379310345
 40
0.5862068965517241
 40
0.5862068965517241
 40
0.5862068965517241
 40
0.6206896551724138
 40
0.6206896551724138
 40
0.6206896551724138
 40
0.6551724137931034
 40
0.6551724137931034
 40
0.6551724137931034
 40
0.6896551724137931
 40
0.6896551724137931
 40
0.6896551724137931
 40
0.7241379310344828
 40
0.7241379310344828
 40
0.7241379310344828
 40
0.7586206896551724
 40
0.7586206896551724
 40
0.7586206896551724
 40
0.7931034482758621
 40
0.7931034482758621
 40
0.7931034482758621
 40
0.8275862068965517
 40
0.8275862068965517
 40
0.8275862068965517
 40
0.8620689655172413
 40
0.8620689655172413
 40
0.8620689655172413
 40
0.896551724137931
 40
0.896551724137931
 40
0.896551724137931
 40
0.9310344827586207
 40
0.9310344827586207
 40
0.9310344827586207
 40
0.9655172413793103
 40
0.9655172413793103
 40
0.9655172413793103
 40
1.0
 40
1.0
 40
1.0
 40
1.0
 10
-2177.831
 20
-74.3488
 30
0.0
 10
-2177.831
 20
-74.2231
 30
0.0
 10
-2177.7887
 20
-74.1272
 30
0.0
 10
-2177.7048
 20
-74.0622
 30
0.0
 10
-2177.6254
 20
-74.0007
 30
0.0
 10
-2177.5096
 20
-73.97
 30
0.0
 10
-2177.358
 20
-73.97
 30
0.0
 10
-2177.3058
 20
-73.97
 30
0.0
 10
-2177.2529
 20
-73.9738
 30
0.0
 10
-2177.2012
 20
-73.9809
 30
0.0
 10
-2177.1498
 20
-73.988
 30
0.0
 10
-2177.0989
 20
-73.9989
 30
0.0
 10
-2177.0486
 20
-74.0129
 30
0.0
 10
-2177.0486
 20
-74.0129
 30
0.0
 10
-2177.0078
 20
-74.0244
 30
0.0
 10
-2177.0078
 20
-74.0244
 30
0.0
 10
-2177.0078
 20
-74.0244
 30
0.0
 10
-2177.0078
 20
-74.3119
 30
0.0
 10
-2177.0078
 20
-74.3119
 30
0.0
 10
-2177.0078
 20
-74.3119
 30
0.0
 10
-2177.0788
 20
-74.2919
 30
0.0
 10
-2177.0788
 20
-74.2919
 30
0.0
 10
-2177.1238
 20
-74.2792
 30
0.0
 10
-2177.1691
 20
-74.2693
 30
0.0
 10
-2177.2142
 20
-74.2626
 30
0.0
 10
-2177.2586
 20
-74.2561
 30
0.0
 10
-2177.3033
 20
-74.2529
 30
0.0
 10
-2177.3474
 20
-74.2529
 30
0.0
 10
-2177.4063
 20
-74.2529
 30
0.0
 10
-2177.4487
 20
-74.2619
 30
0.0
 10
-2177.474
 20
-74.2797
 30
0.0
 10
-2177.493
 20
-74.2929
 30
0.0
 10
-2177.5026
 20
-74.3147
 30
0.0
 10
-2177.5026
 20
-74.3447
 30
0.0
 10
-2177.5026
 20
-74.3869
 30
0.0
 10
-2177.4938
 20
-74.4172
 30
0.0
 10
-2177.4767
 20
-74.4348
 30
0.0
 10
-2177.4598
 20
-74.4521
 30
0.0
 10
-2177.4311
 20
-74.4608
 30
0.0
 10
-2177.3907
 20
-74.4608
 30
0.0
 10
-2177.3907
 20
-74.4608
 30
0.0
 10
-2177.1698
 20
-74.4608
 30
0.0
 10
-2177.1698
 20
-74.4608
 30
0.0
 10
-2177.1698
 20
-74.4608
 30
0.0
 10
-2177.1698
 20
-74.3445
 30
0.0
 10
-2177.1698
 20
-74.3445
 30
0.0
 10
-2177.1698
 20
-74.3445
 30
0.0
 10
-2176.9685
 20
-74.3445
 30
0.0
 10
-2176.9685
 20
-74.3445
 30
0.0
 10
-2176.9685
 20
-74.3445
 30
0.0
 10
-2176.8853
 20
-74.4608
 30
0.0
 10
-2176.8853
 20
-74.4608
 30
0.0
 10
-2176.8853
 20
-74.4608
 30
0.0
 10
-2176.7092
 20
-74.4608
 30
0.0
 10
-2176.7092
 20
-74.4608
 30
0.0
 10
-2176.7092
 20
-74.4608
 30
0.0
 10
-2176.7092
 20
-74.7436
 30
0.0
 10
-2176.7092
 20
-74.7436
 30
0.0
 10
-2176.7092
 20
-74.7436
 30
0.0
 10
-2176.8419
 20
-74.7436
 30
0.0
 10
-2176.8419
 20
-74.7436
 30
0.0
 10
-2176.8419
 20
-74.7436
 30
0.0
 10
-2176.8419
 20
-74.7942
 30
0.0
 10
-2176.8419
 20
-74.7942
 30
0.0
 10
-2176.8419
 20
-74.9452
 30
0.0
 10
-2176.8854
 20
-75.0601
 30
0.0
 10
-2176.9724
 20
-75.1384
 30
0.0
 10
-2177.0577
 20
-75.2153
 30
0.0
 10
-2177.1824
 20
-75.2536
 30
0.0
 10
-2177.3459
 20
-75.2536
 30
0.0
 10
-2177.5018
 20
-75.2536
 30
0.0
 10
-2177.621
 20
-75.221
 30
0.0
 10
-2177.7025
 20
-75.156
 30
0.0
 10
-2177.7879
 20
-75.0881
 30
0.0
 10
-2177.831
 20
-74.9882
 30
0.0
 10
-2177.831
 20
-74.8566
 30
0.0
 10
-2177.831
 20
-74.7853
 30
0.0
 10
-2177.8156
 20
-74.7233
 30
0.0
 10
-2177.7858
 20
-74.6722
 30
0.0
 10
-2177.7704
 20
-74.6451
 30
0.0
 10
-2177.7508
 20
-74.6215
 30
0.0
 10
-2177.7275
 20
-74.601
 30
0.0
 10
-2177.7505
 20
-74.5808
 30
0.0
 10
-2177.7699
 20
-74.5576
 30
0.0
 10
-2177.7855
 20
-74.5315
 30
0.0
 10
-2177.8156
 20
-74.4807
 30
0.0
 10
-2177.831
 20
-74.4195
 30
0.0
 10
-2177.831
 20
-74.3488
 30
0.0
  0
SPLINE
  5
E7
330
1F
100
AcDbEntity
  8
Layer 1
 62
   240
100
AcDbSpline
210
0.0
220
0.0
230
1.0
 70
    11
 71
     3
 72
    29
 73
    25
 74
     0
 42
0.0000000001
 43
0.0000000001
 40
0.0
 40
0.0
 40
0.0
 40
0.0
 40
0.125
 40
0.125
 40
0.125
 40
0.25
 40
0.25
 40
0.25
 40
0.375
 40
0.375
 40
0.375
 40
0.5
 40
0.5
 40
0.5
 40
0.625
 40
0.625
 40
0.625
 40
0.75
 40
0.75
 40
0.75
 40
0.875
 40
0.875
 40
0.875
 40
1.0
 40
1.0
 40
1.0
 40
1.0
 10
-2177.3893
 20
-74.7436
 30
0.0
 10
-2177.4307
 20
-74.7436
 30
0.0
 10
-2177.4601
 20
-74.7521
 30
0.0
 10
-2177.4774
 20
-74.769
 30
0.0
 10
-2177.4941
 20
-74.7853
 30
0.0
 10
-2177.5026
 20
-74.8134
 30
0.0
 10
-2177.5026
 20
-74.8527
 30
0.0
 10
-2177.5026
 20
-74.8919
 30
0.0
 10
-2177.4919
 20
-74.9204
 30
0.0
 10
-2177.4704
 20
-74.9376
 30
0.0
 10
-2177.4453
 20
-74.9576
 30
0.0
 10
-2177.4034
 20
-74.968
 30
0.0
 10
-2177.345
 20
-74.968
 30
0.0
 10
-2177.2834
 20
-74.968
 30
0.0
 10
-2177.2389
 20
-74.954
 30
0.0
 10
-2177.2113
 20
-74.9266
 30
0.0
 10
-2177.1838
 20
-74.8989
 30
0.0
 10
-2177.1698
 20
-74.8544
 30
0.0
 10
-2177.1698
 20
-74.7928
 30
0.0
 10
-2177.1698
 20
-74.7928
 30
0.0
 10
-2177.1698
 20
-74.7436
 30
0.0
 10
-2177.1698
 20
-74.7436
 30
0.0
 10
-2177.1698
 20
-74.7436
 30
0.0
 10
-2177.3893
 20
-74.7436
 30
0.0
 10
-2177.3893
 20
-74.7436
 30
0.0
  0
SPLINE
  5
E8
330
1F
100
AcDbEntity
  8
Layer 1
 62
   240
100
AcDbSpline
210
0.0
220
0.0
230
1.0
 70
    11
 71
     3
 72
    38
 73
    34
 74
     0
 42
0.0000000001
 43
0.0000000001
 40
0.0
 40
0.0
 40
0.0
 40
0.0
 40
0.0909090909090909
 40
0.0909090909090909
 40
0.0909090909090909
 40
0.1818181818181818
 40
0.1818181818181818
 40
0.1818181818181818
 40
0.2727272727272727
 40
0.2727272727272727
 40
0.2727272727272727
 40
0.3636363636363636
 40
0.3636363636363636
 40
0.3636363636363636
 40
0.4545454545454546
 40
0.4545454545454546
 40
0.4545454545454546
 40
0.5454545454545454
 40
0.5454545454545454
 40
0.5454545454545454
 40
0.6363636363636364
 40
0.6363636363636364
 40
0.6363636363636364
 40
0.7272727272727273
 40
0.7272727272727273
 40
0.7272727272727273
 40
0.8181818181818182
 40
0.8181818181818182
 40
0.8181818181818182
 40
0.9090909090909092
 40
0.9090909090909092
 40
0.9090909090909092
 40
1.0
 40
1.0
 40
1.0
 40
1.0
 10
-2175.0543
 20
-74.0258
 30
0.0
 10
-2175.0543
 20
-74.0258
 30
0.0
 10
-2175.0543
 20
-74.8582
 30
0.0
 10
-2175.0543
 20
-74.8582
 30
0.0
 10
-2175.0543
 20
-74.9894
 30
0.0
 10
-2175.1006
 20
-75.0887
 30
0.0
 10
-2175.1929
 20
-75.1559
 30
0.0
 10
-2175.2797
 20
-75.2192
 30
0.0
 10
-2175.4063
 20
-75.251
 30
0.0
 10
-2175.5721
 20
-75.251
 30
0.0
 10
-2175.5721
 20
-75.251
 30
0.0
 10
-2175.6278
 20
-75.251
 30
0.0
 10
-2175.6278
 20
-75.251
 30
0.0
 10
-2175.6278
 20
-75.251
 30
0.0
 10
-2175.6278
 20
-74.9512
 30
0.0
 10
-2175.6278
 20
-74.9512
 30
0.0
 10
-2175.6278
 20
-74.9512
 30
0.0
 10
-2175.5721
 20
-74.9512
 30
0.0
 10
-2175.5721
 20
-74.9512
 30
0.0
 10
-2175.5005
 20
-74.9512
 30
0.0
 10
-2175.4488
 20
-74.9416
 30
0.0
 10
-2175.4172
 20
-74.9224
 30
0.0
 10
-2175.3943
 20
-74.9085
 30
0.0
 10
-2175.3828
 20
-74.8871
 30
0.0
 10
-2175.3828
 20
-74.8582
 30
0.0
 10
-2175.3828
 20
-74.8582
 30
0.0
 10
-2175.3828
 20
-73.97
 30
0.0
 10
-2175.3828
 20
-73.97
 30
0.0
 10
-2175.3828
 20
-73.97
 30
0.0
 10
-2175.0543
 20
-73.97
 30
0.0
 10
-2175.0543
 20
-73.97
 30
0.0
 10
-2175.0543
 20
-73.97
 30
0.0
 10
-2175.0543
 20
-74.0258
 30
0.0
 10
-2175.0543
 20
-74.0258
 30
0.0
  0
SPLINE
  5
E9
330
1F
100
AcDbEntity
  8
Layer 1
 62
   240
100
AcDbSpline
210
0.0
220
0.0
230
1.0
 70
    11
 71
     3
 72
    53
 73
    49
 74
     0
 42
0.0000000001
 43
0.0000000001
 40
0.0
 40
0.0
 40
0.0
 40
0.0
 40
0.0625
 40
0.0625
 40
0.0625
 40
0.125
 40
0.125
 40
0.125
 40
0.1875
 40
0.1875
 40
0.1875
 40
0.25
 40
0.25
 40
0.25
 40
0.3125
 40
0.3125
 40
0.3125
 40
0.375
 40
0.375
 40
0.375
 40
0.4375
 40
0.4375
 40
0.4375
 40
0.5
 40
0.5
 40
0.5
 40
0.5625
 40
0.5625
 40
0.5625
 40
0.625
 40
0.625
 40
0.625
 40
0.6875
 40
0.6875
 40
0.6875
 40
0.75
 40
0.75
 40
0.75
 40
0.8125
 40
0.8125
 40
0.8125
 40
0.875
 40
0.875
 40
0.875
 40
0.9375
 40
0.9375
 40
0.9375
 40
1.0
 40
1.0
 40
1.0
 40
1.0
 10
-2174.1206
 20
-74.2805
 30
0.0
 10
-2173.9751
 20
-74.2805
 30
0.0
 10
-2173.8636
 20
-74.3194
 30
0.0
 10
-2173.7877
 20
-74.3973
 30
0.0
 10
-2173.7118
 20
-74.4748
 30
0.0
 10
-2173.6739
 20
-74.5877
 30
0.0
 10
-2173.6739
 20
-74.7359
 30
0.0
 10
-2173.6758
 20
-74.7922
 30
0.0
 10
-2173.6808
 20
-74.8415
 30
0.0
 10
-2173.6863
 20
-74.8978
 30
0.0
 10
-2173.6863
 20
-74.8978
 30
0.0
 10
-2174.2396
 20
-74.8978
 30
0.0
 10
-2174.2396
 20
-74.8978
 30
0.0
 10
-2174.2325
 20
-74.9117
 30
0.0
 10
-2174.2223
 20
-74.9232
 30
0.0
 10
-2174.2092
 20
-74.9322
 30
0.0
 10
-2174.1743
 20
-74.9558
 30
0.0
 10
-2174.1179
 20
-74.968
 30
0.0
 10
-2174.0405
 20
-74.968
 30
0.0
 10
-2173.9979
 20
-74.968
 30
0.0
 10
-2173.9558
 20
-74.9658
 30
0.0
 10
-2173.9159
 20
-74.9621
 30
0.0
 10
-2173.8755
 20
-74.9583
 30
0.0
 10
-2173.8335
 20
-74.9522
 30
0.0
 10
-2173.791
 20
-74.9442
 30
0.0
 10
-2173.791
 20
-74.9442
 30
0.0
 10
-2173.7248
 20
-74.9314
 30
0.0
 10
-2173.7248
 20
-74.9314
 30
0.0
 10
-2173.7248
 20
-74.9314
 30
0.0
 10
-2173.7248
 20
-75.2155
 30
0.0
 10
-2173.7248
 20
-75.2155
 30
0.0
 10
-2173.7248
 20
-75.2155
 30
0.0
 10
-2173.7685
 20
-75.2251
 30
0.0
 10
-2173.7685
 20
-75.2251
 30
0.0
 10
-2173.8074
 20
-75.2335
 30
0.0
 10
-2173.8522
 20
-75.2401
 30
0.0
 10
-2173.9015
 20
-75.2445
 30
0.0
 10
-2173.9508
 20
-75.2489
 30
0.0
 10
-2174.0028
 20
-75.251
 30
0.0
 10
-2174.0567
 20
-75.251
 30
0.0
 10
-2174.2269
 20
-75.251
 30
0.0
 10
-2174.3567
 20
-75.2092
 30
0.0
 10
-2174.4452
 20
-75.126
 30
0.0
 10
-2174.5345
 20
-75.0419
 30
0.0
 10
-2174.5796
 20
-74.9183
 30
0.0
 10
-2174.5796
 20
-74.7559
 30
0.0
 10
-2174.5796
 20
-74.4392
 30
0.0
 10
-2174.4267
 20
-74.2805
 30
0.0
 10
-2174.1206
 20
-74.2805
 30
0.0
  0
SPLINE
  5
EA
330
1F
100
AcDbEntity
  8
Layer 1
 62
   240
100
AcDbSpline
210
0.0
220
0.0
230
1.0
 70
    11
 71
     3
 72
    20
 73
    16
 74
     0
 42
0.0000000001
 43
0.0000000001
 40
0.0
 40
0.0
 40
0.0
 40
0.0
 40
0.2
 40
0.2
 40
0.2
 40
0.4
 40
0.4
 40
0.4
 40
0.6000000000000001
 40
0.6000000000000001
 40
0.6000000000000001
 40
0.8
 40
0.8
 40
0.8
 40
1.0
 40
1.0
 40
1.0
 40
1.0
 10
-2174.2401
 20
-74.6356
 30
0.0
 10
-2174.2401
 20
-74.6356
 30
0.0
 10
-2174.0017
 20
-74.6356
 30
0.0
 10
-2174.0017
 20
-74.6356
 30
0.0
 10
-2174.0064
 20
-74.6164
 30
0.0
 10
-2174.0141
 20
-74.6011
 30
0.0
 10
-2174.025
 20
-74.5905
 30
0.0
 10
-2174.0439
 20
-74.5718
 30
0.0
 10
-2174.0758
 20
-74.5622
 30
0.0
 10
-2174.1206
 20
-74.5622
 30
0.0
 10
-2174.1627
 20
-74.5622
 30
0.0
 10
-2174.1939
 20
-74.5723
 30
0.0
 10
-2174.214
 20
-74.5921
 30
0.0
 10
-2174.225
 20
-74.6029
 30
0.0
 10
-2174.2335
 20
-74.6175
 30
0.0
 10
-2174.2401
 20
-74.6356
 30
0.0
  0
SPLINE
  5
EB
330
1F
100
AcDbEntity
  8
Layer 1
 62
   240
100
AcDbSpline
210
0.0
220
0.0
230
1.0
 70
    11
 71
     3
 72
    47
 73
    43
 74
     0
 42
0.0000000001
 43
0.0000000001
 40
0.0
 40
0.0
 40
0.0
 40
0.0
 40
0.0714285714285714
 40
0.0714285714285714
 40
0.0714285714285714
 40
0.1428571428571428
 40
0.1428571428571428
 40
0.1428571428571428
 40
0.2142857142857143
 40
0.2142857142857143
 40
0.2142857142857143
 40
0.2857142857142857
 40
0.2857142857142857
 40
0.2857142857142857
 40
0.3571428571428571
 40
0.3571428571428571
 40
0.3571428571428571
 40
0.4285714285714285
 40
0.4285714285714285
 40
0.4285714285714285
 40
0.5
 40
0.5
 40
0.5
 40
0.5714285714285714
 40
0.5714285714285714
 40
0.5714285714285714
 40
0.6428571428571428
 40
0.6428571428571428
 40
0.6428571428571428
 40
0.7142857142857142
 40
0.7142857142857142
 40
0.7142857142857142
 40
0.7857142857142857
 40
0.7857142857142857
 40
0.7857142857142857
 40
0.8571428571428571
 40
0.8571428571428571
 40
0.8571428571428571
 40
0.9285714285714285
 40
0.9285714285714285
 40
0.9285714285714285
 40
1.0
 40
1.0
 40
1.0
 40
1.0
 10
-2173.2382
 20
-74.2805
 30
0.0
 10
-2173.2382
 20
-74.2805
 30
0.0
 10
-2172.9738
 20
-74.2805
 30
0.0
 10
-2172.9738
 20
-74.2805
 30
0.0
 10
-2172.9738
 20
-74.2805
 30
0.0
 10
-2172.8934
 20
-74.7127
 30
0.0
 10
-2172.8934
 20
-74.7127
 30
0.0
 10
-2172.8934
 20
-74.7127
 30
0.0
 10
-2172.7495
 20
-74.2805
 30
0.0
 10
-2172.7495
 20
-74.2805
 30
0.0
 10
-2172.7495
 20
-74.2805
 30
0.0
 10
-2172.4847
 20
-74.2805
 30
0.0
 10
-2172.4847
 20
-74.2805
 30
0.0
 10
-2172.4847
 20
-74.2805
 30
0.0
 10
-2172.3303
 20
-74.7121
 30
0.0
 10
-2172.3303
 20
-74.7121
 30
0.0
 10
-2172.3303
 20
-74.7121
 30
0.0
 10
-2172.2606
 20
-74.2805
 30
0.0
 10
-2172.2606
 20
-74.2805
 30
0.0
 10
-2172.2606
 20
-74.2805
 30
0.0
 10
-2171.9152
 20
-74.2805
 30
0.0
 10
-2171.9152
 20
-74.2805
 30
0.0
 10
-2171.9152
 20
-74.2805
 30
0.0
 10
-2172.1685
 20
-75.251
 30
0.0
 10
-2172.1685
 20
-75.251
 30
0.0
 10
-2172.1685
 20
-75.251
 30
0.0
 10
-2172.4553
 20
-75.251
 30
0.0
 10
-2172.4553
 20
-75.251
 30
0.0
 10
-2172.4553
 20
-75.251
 30
0.0
 10
-2172.6176
 20
-74.7614
 30
0.0
 10
-2172.6176
 20
-74.7614
 30
0.0
 10
-2172.6176
 20
-74.7614
 30
0.0
 10
-2172.782
 20
-75.251
 30
0.0
 10
-2172.782
 20
-75.251
 30
0.0
 10
-2172.782
 20
-75.251
 30
0.0
 10
-2173.0726
 20
-75.251
 30
0.0
 10
-2173.0726
 20
-75.251
 30
0.0
 10
-2173.0726
 20
-75.251
 30
0.0
 10
-2173.3089
 20
-74.2805
 30
0.0
 10
-2173.3089
 20
-74.2805
 30
0.0
 10
-2173.3089
 20
-74.2805
 30
0.0
 10
-2173.2382
 20
-74.2805
 30
0.0
 10
-2173.2382
 20
-74.2805
 30
0.0
  0
SPLINE
  5
EC
330
1F
100
AcDbEntity
  8
Layer 1
 62
   240
100
AcDbSpline
210
0.0
220
0.0
230
1.0
 70
    11
 71
     3
 72
    59
 73
    55
 74
     0
 42
0.0000000001
 43
0.0000000001
 40
0.0
 40
0.0
 40
0.0
 40
0.0
 40
0.0555555555555556
 40
0.0555555555555556
 40
0.0555555555555556
 40
0.1111111111111111
 40
0.1111111111111111
 40
0.1111111111111111
 40
0.1666666666666667
 40
0.1666666666666667
 40
0.1666666666666667
 40
0.2222222222222222
 40
0.2222222222222222
 40
0.2222222222222222
 40
0.2777777777777778
 40
0.2777777777777778
 40
0.2777777777777778
 40
0.3333333333333333
 40
0.3333333333333333
 40
0.3333333333333333
 40
0.3888888888888888
 40
0.3888888888888888
 40
0.3888888888888888
 40
0.4444444444444444
 40
0.4444444444444444
 40
0.4444444444444444
 40
0.5
 40
0.5
 40
0.5
 40
0.5555555555555556
 40
0.5555555555555556
 40
0.5555555555555556
 40
0.611111111111111
 40
0.611111111111111
 40
0.611111111111111
 40
0.6666666666666666
 40
0.6666666666666666
 40
0.6666666666666666
 40
0.7222222222222222
 40
0.7222222222222222
 40
0.7222222222222222
 40
0.7777777777777777
 40
0.7777777777777777
 40
0.7777777777777777
 40
0.8333333333333333
 40
0.8333333333333333
 40
0.8333333333333333
 40
0.8888888888888888
 40
0.8888888888888888
 40
0.8888888888888888
 40
0.9444444444444444
 40
0.9444444444444444
 40
0.9444444444444444
 40
1.0
 40
1.0
 40
1.0
 40
1.0
 10
-2171.0925
 20
-74.2805
 30
0.0
 10
-2170.9466
 20
-74.2805
 30
0.0
 10
-2170.8353
 20
-74.3196
 30
0.0
 10
-2170.7592
 20
-74.3973
 30
0.0
 10
-2170.6835
 20
-74.4748
 30
0.0
 10
-2170.6456
 20
-74.5878
 30
0.0
 10
-2170.6456
 20
-74.7359
 30
0.0
 10
-2170.6456
 20
-74.7359
 30
0.0
 10
-2170.6475
 20
-74.7923
 30
0.0
 10
-2170.6475
 20
-74.7923
 30
0.0
 10
-2170.6475
 20
-74.7923
 30
0.0
 10
-2170.66
 20
-74.8978
 30
0.0
 10
-2170.66
 20
-74.8978
 30
0.0
 10
-2170.66
 20
-74.8978
 30
0.0
 10
-2171.2114
 20
-74.8978
 30
0.0
 10
-2171.2114
 20
-74.8978
 30
0.0
 10
-2171.2044
 20
-74.9118
 30
0.0
 10
-2171.1942
 20
-74.9234
 30
0.0
 10
-2171.1809
 20
-74.9323
 30
0.0
 10
-2171.1463
 20
-74.9557
 30
0.0
 10
-2171.0896
 20
-74.968
 30
0.0
 10
-2171.0119
 20
-74.968
 30
0.0
 10
-2170.969
 20
-74.968
 30
0.0
 10
-2170.927
 20
-74.9658
 30
0.0
 10
-2170.8871
 20
-74.9621
 30
0.0
 10
-2170.8468
 20
-74.9583
 30
0.0
 10
-2170.8048
 20
-74.9522
 30
0.0
 10
-2170.7622
 20
-74.9442
 30
0.0
 10
-2170.7622
 20
-74.9442
 30
0.0
 10
-2170.6961
 20
-74.9314
 30
0.0
 10
-2170.6961
 20
-74.9314
 30
0.0
 10
-2170.6961
 20
-74.9314
 30
0.0
 10
-2170.6961
 20
-75.2155
 30
0.0
 10
-2170.6961
 20
-75.2155
 30
0.0
 10
-2170.6961
 20
-75.2155
 30
0.0
 10
-2170.7401
 20
-75.2251
 30
0.0
 10
-2170.7401
 20
-75.2251
 30
0.0
 10
-2170.7793
 20
-75.2335
 30
0.0
 10
-2170.8241
 20
-75.2402
 30
0.0
 10
-2170.8732
 20
-75.2445
 30
0.0
 10
-2170.9203
 20
-75.2489
 30
0.0
 10
-2170.9723
 20
-75.251
 30
0.0
 10
-2171.0285
 20
-75.251
 30
0.0
 10
-2171.1987
 20
-75.251
 30
0.0
 10
-2171.3286
 20
-75.2092
 30
0.0
 10
-2171.4169
 20
-75.126
 30
0.0
 10
-2171.5065
 20
-75.0418
 30
0.0
 10
-2171.5514
 20
-74.9182
 30
0.0
 10
-2171.5514
 20
-74.7559
 30
0.0
 10
-2171.5514
 20
-74.6012
 30
0.0
 10
-2171.5124
 20
-74.4834
 30
0.0
 10
-2171.4349
 20
-74.4028
 30
0.0
 10
-2171.3567
 20
-74.3213
 30
0.0
 10
-2171.2424
 20
-74.2805
 30
0.0
 10
-2171.0925
 20
-74.2805
 30
0.0
  0
SPLINE
  5
ED
330
1F
100
AcDbEntity
  8
Layer 1
 62
   240
100
AcDbSpline
210
0.0
220
0.0
230
1.0
 70
    11
 71
     3
 72
    20
 73
    16
 74
     0
 42
0.0000000001
 43
0.0000000001
 40
0.0
 40
0.0
 40
0.0
 40
0.0
 40
0.2
 40
0.2
 40
0.2
 40
0.4
 40
0.4
 40
0.4
 40
0.6000000000000001
 40
0.6000000000000001
 40
0.6000000000000001
 40
0.8
 40
0.8
 40
0.8
 40
1.0
 40
1.0
 40
1.0
 40
1.0
 10
-2171.2117
 20
-74.6356
 30
0.0
 10
-2171.2117
 20
-74.6356
 30
0.0
 10
-2170.973
 20
-74.6356
 30
0.0
 10
-2170.973
 20
-74.6356
 30
0.0
 10
-2170.9775
 20
-74.6164
 30
0.0
 10
-2170.9855
 20
-74.6012
 30
0.0
 10
-2170.9965
 20
-74.5905
 30
0.0
 10
-2171.0153
 20
-74.5718
 30
0.0
 10
-2171.0474
 20
-74.5622
 30
0.0
 10
-2171.0925
 20
-74.5622
 30
0.0
 10
-2171.1345
 20
-74.5622
 30
0.0
 10
-2171.1658
 20
-74.5723
 30
0.0
 10
-2171.1857
 20
-74.5921
 30
0.0
 10
-2171.1967
 20
-74.6029
 30
0.0
 10
-2171.2053
 20
-74.6175
 30
0.0
 10
-2171.2117
 20
-74.6356
 30
0.0
  0
SPLINE
  5
EE
330
1F
100
AcDbEntity
  8
Layer 1
 62
   240
100
AcDbSpline
210
0.0
220
0.0
230
1.0
 70
    11
 71
     3
 72
    20
 73
    16
 74
     0
 42
0.0000000001
 43
0.0000000001
 40
0.0
 40
0.0
 40
0.0
 40
0.0
 40
0.2
 40
0.2
 40
0.2
 40
0.4
 40
0.4
 40
0.4
 40
0.6000000000000001
 40
0.6000000000000001
 40
0.6000000000000001
 40
0.8
 40
0.8
 40
0.8
 40
1.0
 40
1.0
 40
1.0
 40
1.0
 10
-2169.864
 20
-74.0258
 30
0.0
 10
-2169.864
 20
-74.0258
 30
0.0
 10
-2169.864
 20
-75.251
 30
0.0
 10
-2169.864
 20
-75.251
 30
0.0
 10
-2169.864
 20
-75.251
 30
0.0
 10
-2170.192
 20
-75.251
 30
0.0
 10
-2170.192
 20
-75.251
 30
0.0
 10
-2170.192
 20
-75.251
 30
0.0
 10
-2170.192
 20
-73.97
 30
0.0
 10
-2170.192
 20
-73.97
 30
0.0
 10
-2170.192
 20
-73.97
 30
0.0
 10
-2169.864
 20
-73.97
 30
0.0
 10
-2169.864
 20
-73.97
 30
0.0
 10
-2169.864
 20
-73.97
 30
0.0
 10
-2169.864
 20
-74.0258
 30
0.0
 10
-2169.864
 20
-74.0258
 30
0.0
  0
SPLINE
  5
EF
330
1F
100
AcDbEntity
  8
Layer 1
 62
   240
100
AcDbSpline
210
0.0
220
0.0
230
1.0
 70
    11
 71
     3
 72
    20
 73
    16
 74
     0
 42
0.0000000001
 43
0.0000000001
 40
0.0
 40
0.0
 40
0.0
 40
0.0
 40
0.2
 40
0.2
 40
0.2
 40
0.4
 40
0.4
 40
0.4
 40
0.6000000000000001
 40
0.6000000000000001
 40
0.6000000000000001
 40
0.8
 40
0.8
 40
0.8
 40
1.0
 40
1.0
 40
1.0
 40
1.0
 10
-2169.0405
 20
-74.0258
 30
0.0
 10
-2169.0405
 20
-74.0258
 30
0.0
 10
-2169.0405
 20
-75.251
 30
0.0
 10
-2169.0405
 20
-75.251
 30
0.0
 10
-2169.0405
 20
-75.251
 30
0.0
 10
-2169.3687
 20
-75.251
 30
0.0
 10
-2169.3687
 20
-75.251
 30
0.0
 10
-2169.3687
 20
-75.251
 30
0.0
 10
-2169.3687
 20
-73.97
 30
0.0
 10
-2169.3687
 20
-73.97
 30
0.0
 10
-2169.3687
 20
-73.97
 30
0.0
 10
-2169.0405
 20
-73.97
 30
0.0
 10
-2169.0405
 20
-73.97
 30
0.0
 10
-2169.0405
 20
-73.97
 30
0.0
 10
-2169.0405
 20
-74.0258
 30
0.0
 10
-2169.0405
 20
-74.0258
 30
0.0
  0
SPLINE
  5
F0
330
1F
100
AcDbEntity
  8
Layer 1
 62
   240
100
AcDbSpline
210
0.0
220
0.0
230
1.0
 70
    11
 71
     3
 72
    59
 73
    55
 74
     0
 42
0.0000000001
 43
0.0000000001
 40
0.0
 40
0.0
 40
0.0
 40
0.0
 40
0.0555555555555556
 40
0.0555555555555556
 40
0.0555555555555556
 40
0.1111111111111111
 40
0.1111111111111111
 40
0.1111111111111111
 40
0.1666666666666667
 40
0.1666666666666667
 40
0.1666666666666667
 40
0.2222222222222222
 40
0.2222222222222222
 40
0.2222222222222222
 40
0.2777777777777778
 40
0.2777777777777778
 40
0.2777777777777778
 40
0.3333333333333333
 40
0.3333333333333333
 40
0.3333333333333333
 40
0.3888888888888888
 40
0.3888888888888888
 40
0.3888888888888888
 40
0.4444444444444444
 40
0.4444444444444444
 40
0.4444444444444444
 40
0.5
 40
0.5
 40
0.5
 40
0.5555555555555556
 40
0.5555555555555556
 40
0.5555555555555556
 40
0.611111111111111
 40
0.611111111111111
 40
0.611111111111111
 40
0.6666666666666666
 40
0.6666666666666666
 40
0.6666666666666666
 40
0.7222222222222222
 40
0.7222222222222222
 40
0.7222222222222222
 40
0.7777777777777777
 40
0.7777777777777777
 40
0.7777777777777777
 40
0.8333333333333333
 40
0.8333333333333333
 40
0.8333333333333333
 40
0.8888888888888888
 40
0.8888888888888888
 40
0.8888888888888888
 40
0.9444444444444444
 40
0.9444444444444444
 40
0.9444444444444444
 40
1.0
 40
1.0
 40
1.0
 40
1.0
 10
-2168.1272
 20
-74.2805
 30
0.0
 10
-2167.9817
 20
-74.2805
 30
0.0
 10
-2167.8703
 20
-74.3196
 30
0.0
 10
-2167.7943
 20
-74.397
 30
0.0
 10
-2167.7186
 20
-74.4745
 30
0.0
 10
-2167.6804
 20
-74.5877
 30
0.0
 10
-2167.6804
 20
-74.7359
 30
0.0
 10
-2167.6804
 20
-74.7733
 30
0.0
 10
-2167.6833
 20
-74.8113
 30
0.0
 10
-2167.6885
 20
-74.8496
 30
0.0
 10
-2167.6885
 20
-74.8496
 30
0.0
 10
-2167.695
 20
-74.8978
 30
0.0
 10
-2167.695
 20
-74.8978
 30
0.0
 10
-2167.695
 20
-74.8978
 30
0.0
 10
-2168.2462
 20
-74.8978
 30
0.0
 10
-2168.2462
 20
-74.8978
 30
0.0
 10
-2168.2392
 20
-74.9118
 30
0.0
 10
-2168.2291
 20
-74.9233
 30
0.0
 10
-2168.2159
 20
-74.9323
 30
0.0
 10
-2168.1809
 20
-74.956
 30
0.0
 10
-2168.1247
 20
-74.968
 30
0.0
 10
-2168.047
 20
-74.968
 30
0.0
 10
-2168.0041
 20
-74.968
 30
0.0
 10
-2167.9623
 20
-74.9658
 30
0.0
 10
-2167.9221
 20
-74.9621
 30
0.0
 10
-2167.8819
 20
-74.9583
 30
0.0
 10
-2167.8399
 20
-74.9522
 30
0.0
 10
-2167.7974
 20
-74.9442
 30
0.0
 10
-2167.7974
 20
-74.9442
 30
0.0
 10
-2167.7313
 20
-74.9313
 30
0.0
 10
-2167.7313
 20
-74.9313
 30
0.0
 10
-2167.7313
 20
-74.9313
 30
0.0
 10
-2167.7313
 20
-75.2151
 30
0.0
 10
-2167.7313
 20
-75.2151
 30
0.0
 10
-2167.7313
 20
-75.2151
 30
0.0
 10
-2167.775
 20
-75.225
 30
0.0
 10
-2167.775
 20
-75.225
 30
0.0
 10
-2167.8148
 20
-75.2335
 30
0.0
 10
-2167.8595
 20
-75.2402
 30
0.0
 10
-2167.9081
 20
-75.2445
 30
0.0
 10
-2167.9574
 20
-75.2489
 30
0.0
 10
-2168.0094
 20
-75.251
 30
0.0
 10
-2168.0633
 20
-75.251
 30
0.0
 10
-2168.2335
 20
-75.251
 30
0.0
 10
-2168.3633
 20
-75.2092
 30
0.0
 10
-2168.4516
 20
-75.126
 30
0.0
 10
-2168.5411
 20
-75.0418
 30
0.0
 10
-2168.5861
 20
-74.9182
 30
0.0
 10
-2168.5861
 20
-74.7559
 30
0.0
 10
-2168.5861
 20
-74.6012
 30
0.0
 10
-2168.547
 20
-74.4834
 30
0.0
 10
-2168.4698
 20
-74.4028
 30
0.0
 10
-2168.3916
 20
-74.3213
 30
0.0
 10
-2168.2775
 20
-74.2805
 30
0.0
 10
-2168.1272
 20
-74.2805
 30
0.0
  0
SPLINE
  5
F1
330
1F
100
AcDbEntity
  8
Layer 1
 62
   240
100
AcDbSpline
210
0.0
220
0.0
230
1.0
 70
    11
 71
     3
 72
    17
 73
    13
 74
     0
 42
0.0000000001
 43
0.0000000001
 40
0.0
 40
0.0
 40
0.0
 40
0.0
 40
0.25
 40
0.25
 40
0.25
 40
0.5
 40
0.5
 40
0.5
 40
0.75
 40
0.75
 40
0.75
 40
1.0
 40
1.0
 40
1.0
 40
1.0
 10
-2168.2465
 20
-74.6356
 30
0.0
 10
-2168.2465
 20
-74.6356
 30
0.0
 10
-2168.0095
 20
-74.6356
 30
0.0
 10
-2168.0095
 20
-74.6356
 30
0.0
 10
-2168.024
 20
-74.5868
 30
0.0
 10
-2168.0632
 20
-74.5622
 30
0.0
 10
-2168.1272
 20
-74.5622
 30
0.0
 10
-2168.1693
 20
-74.5622
 30
0.0
 10
-2168.2006
 20
-74.5723
 30
0.0
 10
-2168.2207
 20
-74.5921
 30
0.0
 10
-2168.2315
 20
-74.6029
 30
0.0
 10
-2168.2402
 20
-74.6176
 30
0.0
 10
-2168.2465
 20
-74.6356
 30
0.0
  0
SPLINE
  5
F2
330
1F
100
AcDbEntity
  8
Layer 1
 62
   240
100
AcDbSpline
210
0.0
220
0.0
230
1.0
 70
    11
 71
     3
 72
    44
 73
    40
 74
     0
 42
0.0000000001
 43
0.0000000001
 40
0.0
 40
0.0
 40
0.0
 40
0.0
 40
0.0769230769230769
 40
0.0769230769230769
 40
0.0769230769230769
 40
0.1538461538461539
 40
0.1538461538461539
 40
0.1538461538461539
 40
0.2307692307692308
 40
0.2307692307692308
 40
0.2307692307692308
 40
0.3076923076923077
 40
0.3076923076923077
 40
0.3076923076923077
 40
0.3846153846153846
 40
0.3846153846153846
 40
0.3846153846153846
 40
0.4615384615384616
 40
0.4615384615384616
 40
0.4615384615384616
 40
0.5384615384615385
 40
0.5384615384615385
 40
0.5384615384615385
 40
0.6153846153846154
 40
0.6153846153846154
 40
0.6153846153846154
 40
0.6923076923076923
 40
0.6923076923076923
 40
0.6923076923076923
 40
0.7692307692307693
 40
0.7692307692307693
 40
0.7692307692307693
 40
0.8461538461538463
 40
0.8461538461538463
 40
0.8461538461538463
 40
0.9230769230769231
 40
0.9230769230769231
 40
0.9230769230769231
 40
1.0
 40
1.0
 40
1.0
 40
1.0
 10
-2167.2268
 20
-75.1953
 30
0.0
 10
-2167.2268
 20
-75.1953
 30
0.0
 10
-2167.2268
 20
-74.2805
 30
0.0
 10
-2167.2268
 20
-74.2805
 30
0.0
 10
-2167.2268
 20
-74.2805
 30
0.0
 10
-2166.9597
 20
-74.2805
 30
0.0
 10
-2166.9597
 20
-74.2805
 30
0.0
 10
-2166.9597
 20
-74.2805
 30
0.0
 10
-2166.9435
 20
-74.3471
 30
0.0
 10
-2166.9435
 20
-74.3471
 30
0.0
 10
-2166.9239
 20
-74.334
 30
0.0
 10
-2166.904
 20
-74.3227
 30
0.0
 10
-2166.8836
 20
-74.3132
 30
0.0
 10
-2166.8364
 20
-74.2917
 30
0.0
 10
-2166.7875
 20
-74.2805
 30
0.0
 10
-2166.7378
 20
-74.2805
 30
0.0
 10
-2166.7378
 20
-74.2805
 30
0.0
 10
-2166.6822
 20
-74.2805
 30
0.0
 10
-2166.6822
 20
-74.2805
 30
0.0
 10
-2166.6822
 20
-74.2805
 30
0.0
 10
-2166.6822
 20
-74.5673
 30
0.0
 10
-2166.6822
 20
-74.5673
 30
0.0
 10
-2166.6822
 20
-74.5673
 30
0.0
 10
-2166.7378
 20
-74.5673
 30
0.0
 10
-2166.7378
 20
-74.5673
 30
0.0
 10
-2166.77
 20
-74.5673
 30
0.0
 10
-2166.8005
 20
-74.5739
 30
0.0
 10
-2166.8288
 20
-74.5868
 30
0.0
 10
-2166.8529
 20
-74.5982
 30
0.0
 10
-2166.8765
 20
-74.6142
 30
0.0
 10
-2166.8986
 20
-74.6348
 30
0.0
 10
-2166.8986
 20
-74.6348
 30
0.0
 10
-2166.8986
 20
-75.251
 30
0.0
 10
-2166.8986
 20
-75.251
 30
0.0
 10
-2166.8986
 20
-75.251
 30
0.0
 10
-2167.2268
 20
-75.251
 30
0.0
 10
-2167.2268
 20
-75.251
 30
0.0
 10
-2167.2268
 20
-75.251
 30
0.0
 10
-2167.2268
 20
-75.1953
 30
0.0
 10
-2167.2268
 20
-75.1953
 30
0.0
  0
SPLINE
  5
F3
330
1F
100
AcDbEntity
  8
Layer 1
 62
   240
100
AcDbSpline
210
0.0
220
0.0
230
1.0
 70
    11
 71
     3
 72
    47
 73
    43
 74
     0
 42
0.0000000001
 43
0.0000000001
 40
0.0
 40
0.0
 40
0.0
 40
0.0
 40
0.0714285714285714
 40
0.0714285714285714
 40
0.0714285714285714
 40
0.1428571428571428
 40
0.1428571428571428
 40
0.1428571428571428
 40
0.2142857142857143
 40
0.2142857142857143
 40
0.2142857142857143
 40
0.2857142857142857
 40
0.2857142857142857
 40
0.2857142857142857
 40
0.3571428571428571
 40
0.3571428571428571
 40
0.3571428571428571
 40
0.4285714285714285
 40
0.4285714285714285
 40
0.4285714285714285
 40
0.5
 40
0.5
 40
0.5
 40
0.5714285714285714
 40
0.5714285714285714
 40
0.5714285714285714
 40
0.6428571428571428
 40
0.6428571428571428
 40
0.6428571428571428
 40
0.7142857142857142
 40
0.7142857142857142
 40
0.7142857142857142
 40
0.7857142857142857
 40
0.7857142857142857
 40
0.7857142857142857
 40
0.8571428571428571
 40
0.8571428571428571
 40
0.8571428571428571
 40
0.9285714285714285
 40
0.9285714285714285
 40
0.9285714285714285
 40
1.0
 40
1.0
 40
1.0
 40
1.0
 10
-2166.3152
 20
-74.2805
 30
0.0
 10
-2166.3152
 20
-74.2805
 30
0.0
 10
-2166.0456
 20
-74.2805
 30
0.0
 10
-2166.0456
 20
-74.2805
 30
0.0
 10
-2166.0456
 20
-74.2805
 30
0.0
 10
-2165.8691
 20
-74.785
 30
0.0
 10
-2165.8691
 20
-74.785
 30
0.0
 10
-2165.8691
 20
-74.785
 30
0.0
 10
-2165.6964
 20
-74.2805
 30
0.0
 10
-2165.6964
 20
-74.2805
 30
0.0
 10
-2165.6964
 20
-74.2805
 30
0.0
 10
-2165.3486
 20
-74.2805
 30
0.0
 10
-2165.3486
 20
-74.2805
 30
0.0
 10
-2165.3486
 20
-74.2805
 30
0.0
 10
-2165.7362
 20
-75.2412
 30
0.0
 10
-2165.7362
 20
-75.2412
 30
0.0
 10
-2165.7701
 20
-75.3253
 30
0.0
 10
-2165.8149
 20
-75.3979
 30
0.0
 10
-2165.8697
 20
-75.4583
 30
0.0
 10
-2165.9253
 20
-75.5194
 30
0.0
 10
-2165.9915
 20
-75.5679
 30
0.0
 10
-2166.0677
 20
-75.604
 30
0.0
 10
-2166.0677
 20
-75.604
 30
0.0
 10
-2166.1095
 20
-75.624
 30
0.0
 10
-2166.1095
 20
-75.624
 30
0.0
 10
-2166.1095
 20
-75.624
 30
0.0
 10
-2166.2809
 20
-75.3819
 30
0.0
 10
-2166.2809
 20
-75.3819
 30
0.0
 10
-2166.2809
 20
-75.3819
 30
0.0
 10
-2166.2183
 20
-75.3546
 30
0.0
 10
-2166.2183
 20
-75.3546
 30
0.0
 10
-2166.1764
 20
-75.3365
 30
0.0
 10
-2166.1404
 20
-75.3123
 30
0.0
 10
-2166.1105
 20
-75.2832
 30
0.0
 10
-2166.0857
 20
-75.2588
 30
0.0
 10
-2166.0644
 20
-75.2302
 30
0.0
 10
-2166.047
 20
-75.1977
 30
0.0
 10
-2166.047
 20
-75.1977
 30
0.0
 10
-2166.3957
 20
-74.2805
 30
0.0
 10
-2166.3957
 20
-74.2805
 30
0.0
 10
-2166.3957
 20
-74.2805
 30
0.0
 10
-2166.3152
 20
-74.2805
 30
0.0
 10
-2166.3152
 20
-74.2805
 30
0.0
  0
SPLINE
  5
F4
330
1F
100
AcDbEntity
  8
Layer 1
 62
   240
100
AcDbSpline
210
0.0
220
0.0
230
1.0
 70
    11
 71
     3
 72
    65
 73
    61
 74
     0
 42
0.0000000001
 43
0.0000000001
 40
0.0
 40
0.0
 40
0.0
 40
0.0
 40
0.05
 40
0.05
 40
0.05
 40
0.1
 40
0.1
 40
0.1
 40
0.15
 40
0.15
 40
0.15
 40
0.2
 40
0.2
 40
0.2
 40
0.25
 40
0.25
 40
0.25
 40
0.3
 40
0.3
 40
0.3
 40
0.35
 40
0.35
 40
0.35
 40
0.4
 40
0.4
 40
0.4
 40
0.45
 40
0.45
 40
0.45
 40
0.5
 40
0.5
 40
0.5
 40
0.55
 40
0.55
 40
0.55
 40
0.6000000000000001
 40
0.6000000000000001
 40
0.6000000000000001
 40
0.65
 40
0.65
 40
0.65
 40
0.7000000000000001
 40
0.7000000000000001
 40
0.7000000000000001
 40
0.75
 40
0.75
 40
0.75
 40
0.8
 40
0.8
 40
0.8
 40
0.8500000000000001
 40
0.8500000000000001
 40
0.8500000000000001
 40
0.9
 40
0.9
 40
0.9
 40
0.9500000000000001
 40
0.9500000000000001
 40
0.9500000000000001
 40
1.0
 40
1.0
 40
1.0
 40
1.0
 10
-2182.6552
 20
-75.1924
 30
0.0
 10
-2182.7065
 20
-75.215
 30
0.0
 10
-2182.764
 20
-75.232
 30
0.0
 10
-2182.8272
 20
-75.2427
 30
0.0
 10
-2182.8894
 20
-75.2535
 30
0.0
 10
-2182.9577
 20
-75.259
 30
0.0
 10
-2183.0317
 20
-75.259
 30
0.0
 10
-2183.4813
 20
-75.259
 30
0.0
 10
-2183.7064
 20
-75.0375
 30
0.0
 10
-2183.7064
 20
-74.5942
 30
0.0
 10
-2183.7064
 20
-74.1728
 30
0.0
 10
-2183.478
 20
-73.9615
 30
0.0
 10
-2183.0211
 20
-73.9615
 30
0.0
 10
-2182.9545
 20
-73.9615
 30
0.0
 10
-2182.8907
 20
-73.9668
 30
0.0
 10
-2182.8301
 20
-73.9767
 30
0.0
 10
-2182.7691
 20
-73.9867
 30
0.0
 10
-2182.7114
 20
-74.0021
 30
0.0
 10
-2182.6578
 20
-74.0225
 30
0.0
 10
-2182.6578
 20
-74.0225
 30
0.0
 10
-2182.6217
 20
-74.036
 30
0.0
 10
-2182.6217
 20
-74.036
 30
0.0
 10
-2182.6217
 20
-74.036
 30
0.0
 10
-2182.6217
 20
-74.3559
 30
0.0
 10
-2182.6217
 20
-74.3559
 30
0.0
 10
-2182.6217
 20
-74.3559
 30
0.0
 10
-2182.6996
 20
-74.3221
 30
0.0
 10
-2182.6996
 20
-74.3221
 30
0.0
 10
-2182.7457
 20
-74.3019
 30
0.0
 10
-2182.7945
 20
-74.2868
 30
0.0
 10
-2182.8455
 20
-74.2768
 30
0.0
 10
-2182.8957
 20
-74.2665
 30
0.0
 10
-2182.949
 20
-74.2613
 30
0.0
 10
-2183.0048
 20
-74.2613
 30
0.0
 10
-2183.1307
 20
-74.2613
 30
0.0
 10
-2183.2236
 20
-74.289
 30
0.0
 10
-2183.2832
 20
-74.3438
 30
0.0
 10
-2183.3411
 20
-74.3974
 30
0.0
 10
-2183.3704
 20
-74.4811
 30
0.0
 10
-2183.3704
 20
-74.5942
 30
0.0
 10
-2183.3704
 20
-74.7198
 30
0.0
 10
-2183.3421
 20
-74.8126
 30
0.0
 10
-2183.2861
 20
-74.8721
 30
0.0
 10
-2183.2311
 20
-74.9304
 30
0.0
 10
-2183.1449
 20
-74.9598
 30
0.0
 10
-2183.0283
 20
-74.9598
 30
0.0
 10
-2183.0045
 20
-74.9598
 30
0.0
 10
-2182.9785
 20
-74.957
 30
0.0
 10
-2182.9497
 20
-74.9515
 30
0.0
 10
-2182.9497
 20
-74.9515
 30
0.0
 10
-2182.9497
 20
-74.5993
 30
0.0
 10
-2182.9497
 20
-74.5993
 30
0.0
 10
-2182.9497
 20
-74.5993
 30
0.0
 10
-2182.6217
 20
-74.5993
 30
0.0
 10
-2182.6217
 20
-74.5993
 30
0.0
 10
-2182.6217
 20
-74.5993
 30
0.0
 10
-2182.6217
 20
-75.1777
 30
0.0
 10
-2182.6217
 20
-75.1777
 30
0.0
 10
-2182.6217
 20
-75.1777
 30
0.0
 10
-2182.6552
 20
-75.1924
 30
0.0
 10
-2182.6552
 20
-75.1924
 30
0.0
  0
SPLINE
  5
F5
330
1F
100
AcDbEntity
  8
Layer 1
 62
   250
370
    18
100
AcDbSpline
210
0.0
220
0.0
230
1.0
 70
    11
 71
     3
 72
    29
 73
    25
 74
     0
 42
0.0000000001
 43
0.0000000001
 40
0.0
 40
0.0
 40
0.0
 40
0.0
 40
0.125
 40
0.125
 40
0.125
 40
0.25
 40
0.25
 40
0.25
 40
0.375
 40
0.375
 40
0.375
 40
0.5
 40
0.5
 40
0.5
 40
0.625
 40
0.625
 40
0.625
 40
0.75
 40
0.75
 40
0.75
 40
0.875
 40
0.875
 40
0.875
 40
1.0
 40
1.0
 40
1.0
 40
1.0
 10
-2197.5574
 20
-41.7137
 30
0.0
 10
-2197.5574
 20
-41.7137
 30
0.0
 10
-2151.7414
 20
-41.7137
 30
0.0
 10
-2151.7414
 20
-41.7137
 30
0.0
 10
-2150.6458
 20
-41.7137
 30
0.0
 10
-2149.7494
 20
-42.6098
 30
0.0
 10
-2149.7494
 20
-43.7054
 30
0.0
 10
-2149.7494
 20
-43.7054
 30
0.0
 10
-2149.7494
 20
-89.522
 30
0.0
 10
-2149.7494
 20
-89.522
 30
0.0
 10
-2149.7494
 20
-90.6176
 30
0.0
 10
-2150.6458
 20
-91.5136
 30
0.0
 10
-2151.7414
 20
-91.5136
 30
0.0
 10
-2151.7414
 20
-91.5136
 30
0.0
 10
-2197.5574
 20
-91.5136
 30
0.0
 10
-2197.5574
 20
-91.5136
 30
0.0
 10
-2198.6531
 20
-91.5136
 30
0.0
 10
-2199.5494
 20
-90.6176
 30
0.0
 10
-2199.5494
 20
-89.522
 30
0.0
 10
-2199.5494
 20
-89.522
 30
0.0
 10
-2199.5494
 20
-43.7054
 30
0.0
 10
-2199.5494
 20
-43.7054
 30
0.0
 10
-2199.5494
 20
-42.6098
 30
0.0
 10
-2198.6531
 20
-41.7137
 30
0.0
 10
-2197.5574
 20
-41.7137
 30
0.0
  0
ENDSEC
  0
SECTION
  2
OBJECTS
  0
DICTIONARY
  5
C
330
0
100
AcDbDictionary
281
     1
  3
ACAD_DETAILVIEWSTYLE
350
FD
  3
ACAD_GROUP
350
D
  3
ACAD_LAYOUT
350
1A
  3
ACAD_MATERIAL
350
43
  3
ACAD_MLEADERSTYLE
350
5B
  3
ACAD_MLINESTYLE
350
17
  3
ACAD_PLOTSETTINGS
350
19
  3
ACAD_PLOTSTYLENAME
350
E
  3
ACAD_SCALELIST
350
47
  3
ACAD_SECTIONVIEWSTYLE
350
FE
  3
ACAD_TABLESTYLE
350
59
  3
ACAD_VISUALSTYLE
350
2A
  3
ACDB_RECOMPOSE_DATA
350
FA
  3
AcDbVariableDictionary
350
F6
  0
SUN
  5
5D
330
29
100
AcDbSun
 90
        1
290
     0
 63
     7
421
 16777215
 40
1.0
291
     1
 91
  2455826
 92
 54000000
292
     0
 70
     2
 71
   256
280
     1
  0
DICTIONARY
  5
FD
102
{ACAD_REACTORS
330
C
102
}
330
C
100
AcDbDictionary
281
     1
  0
DICTIONARY
  5
D
102
{ACAD_REACTORS
330
C
102
}
330
C
100
AcDbDictionary
281
     1
  0
DICTIONARY
  5
1A
102
{ACAD_REACTORS
330
C
102
}
330
C
100
AcDbDictionary
281
     1
  3
Layout1
350
1E
  3
Layout2
350
26
  3
Model
350
22
  0
DICTIONARY
  5
43
102
{ACAD_REACTORS
330
C
102
}
330
C
100
AcDbDictionary
281
     1
  3
ByBlock
350
45
  3
ByLayer
350
44
  3
Global
350
46
  0
DICTIONARY
  5
5B
102
{ACAD_REACTORS
330
C
102
}
330
C
100
AcDbDictionary
281
     1
  3
Standard
350
5C
  0
DICTIONARY
  5
17
102
{ACAD_REACTORS
330
C
102
}
330
C
100
AcDbDictionary
281
     1
  3
Standard
350
18
  0
DICTIONARY
  5
19
102
{ACAD_REACTORS
330
C
102
}
330
C
100
AcDbDictionary
281
     1
  0
ACDBDICTIONARYWDFLT
  5
E
102
{ACAD_REACTORS
330
C
102
}
330
C
100
AcDbDictionary
281
     1
  3
Normal
350
F
100
AcDbDictionaryWithDefault
340
F
  0
DICTIONARY
  5
47
102
{ACAD_REACTORS
330
C
102
}
330
C
100
AcDbDictionary
281
     1
  3
A0
350
48
  3
A1
350
49
  3
A2
350
4A
  3
A3
350
4B
  3
A4
350
4C
  3
A5
350
4D
  3
A6
350
4E
  3
A7
350
4F
  3
A8
350
50
  3
A9
350
51
  3
B1
350
52
  3
B2
350
53
  3
B3
350
54
  3
B4
350
55
  3
B5
350
56
  3
B6
350
57
  3
B7
350
58
  0
DICTIONARY
  5
FE
102
{ACAD_REACTORS
330
C
102
}
330
C
100
AcDbDictionary
281
     1
  0
DICTIONARY
  5
59
102
{ACAD_REACTORS
330
C
102
}
330
C
100
AcDbDictionary
281
     1
  3
Standard
350
5A
  0
DICTIONARY
  5
2A
102
{ACAD_REACTORS
330
C
102
}
330
C
100
AcDbDictionary
281
     1
  3
2dWireframe
350
2F
  3
Basic
350
32
  3
Brighten
350
36
  3
ColorChange
350
3A
  3
Conceptual
350
34
  3
Dim
350
35
  3
EdgeColorOff
350
3D
  3
Facepattern
350
39
  3
Flat
350
2B
  3
FlatWithEdges
350
2C
  3
Gouraud
350
2D
  3
GouraudWithEdges
350
2E
  3
Hidden
350
31
  3
JitterOff
350
3B
  3
Linepattern
350
38
  3
OverhangOff
350
3C
  3
Realistic
350
33
  3
Shaded
350
42
  3
Shaded with edges
350
41
  3
Shades of Gray
350
3E
  3
Sketchy
350
3F
  3
Thicken
350
37
  3
Wireframe
350
30
  3
X-Ray
350
40
  0
XRECORD
  5
FA
102
{ACAD_REACTORS
330
C
102
}
330
C
100
AcDbXrecord
280
     1
 90
        1
330
5A
  0
DICTIONARY
  5
F6
102
{ACAD_REACTORS
330
C
102
}
330
C
100
AcDbDictionary
281
     1
  3
CANNOSCALE
350
F7
  3
CMLEADERSTYLE
350
FC
  3
CTABLESTYLE
350
FB
  0
LAYOUT
  5
1E
102
{ACAD_REACTORS
330
1A
102
}
330
1A
100
AcDbPlotSettings
  1

  2
none_device
  4

  6

 40
0.0
 41
0.0
 42
0.0
 43
0.0
 44
0.0
 45
0.0
 46
0.0
 47
0.0
 48
0.0
 49
0.0
140
0.0
141
0.0
142
1.0
143
1.0
 70
   688
 72
     0
 73
     0
 74
     5
  7

 75
    16
 76
     0
 77
     2
 78
   300
147
1.0
148
0.0
149
0.0
100
AcDbLayout
  1
Layout1
 70
     1
 71
     1
 10
0.0
 20
0.0
 11
12.0
 21
9.0
 12
0.0
 22
0.0
 32
0.0
 14
1.000000000000000E+20
 24
1.000000000000000E+20
 34
1.000000000000000E+20
 15
-1.000000000000000E+20
 25
-1.000000000000000E+20
 35
-1.000000000000000E+20
146
0.0
 13
0.0
 23
0.0
 33
0.0
 16
1.0
 26
0.0
 36
0.0
 17
0.0
 27
1.0
 37
0.0
 76
     0
330
1B
  0
LAYOUT
  5
26
102
{ACAD_REACTORS
330
1A
102
}
330
1A
100
AcDbPlotSettings
  1

  2
none_device
  4

  6

 40
0.0
 41
0.0
 42
0.0
 43
0.0
 44
0.0
 45
0.0
 46
0.0
 47
0.0
 48
0.0
 49
0.0
140
0.0
141
0.0
142
1.0
143
1.0
 70
   688
 72
     0
 73
     0
 74
     5
  7

 75
    16
 76
     0
 77
     2
 78
   300
147
1.0
148
0.0
149
0.0
100
AcDbLayout
  1
Layout2
 70
     1
 71
     2
 10
0.0
 20
0.0
 11
0.0
 21
0.0
 12
0.0
 22
0.0
 32
0.0
 14
0.0
 24
0.0
 34
0.0
 15
0.0
 25
0.0
 35
0.0
146
0.0
 13
0.0
 23
0.0
 33
0.0
 16
1.0
 26
0.0
 36
0.0
 17
0.0
 27
1.0
 37
0.0
 76
     0
330
23
  0
LAYOUT
  5
22
102
{ACAD_REACTORS
330
1A
102
}
330
1A
100
AcDbPlotSettings
  1

  2
none_device
  4
Letter_(8.50_x_11.00_Inches)
  6

 40
6.35
 41
6.35
 42
6.35000508
 43
6.35000508
 44
215.9
 45
279.4
 46
0.0
 47
0.0
 48
0.0
 49
0.0
140
0.0
141
0.0
142
1.0
143
1.0
 70
  1712
 72
     0
 73
     0
 74
     0
  7

 75
     0
 76
     0
 77
     2
 78
   300
147
1.0
148
0.0
149
0.0
100
AcDbLayout
  1
Model
 70
     1
 71
     0
 10
0.0
 20
0.0
 11
12.0
 21
9.0
 12
0.0
 22
0.0
 32
0.0
 14
-2199.6394
 24
-91.6036
 34
0.0
 15
-2149.6594
 25
-41.6237
 35
0.0
146
0.0
 13
0.0
 23
0.0
 33
0.0
 16
1.0
 26
0.0
 36
0.0
 17
0.0
 27
1.0
 37
0.0
 76
     0
330
1F
331
29
  0
MATERIAL
  5
45
102
{ACAD_REACTORS
330
43
102
}
330
43
100
AcDbMaterial
  1
ByBlock
 72
     1
 94
      127
  0
MATERIAL
  5
44
102
{ACAD_REACTORS
330
43
102
}
330
43
100
AcDbMaterial
  1
ByLayer
 72
     1
 94
      127
  0
MATERIAL
  5
46
102
{ACAD_REACTORS
330
43
102
}
330
43
100
AcDbMaterial
  1
Global
 72
     1
 94
      127
  0
MLEADERSTYLE
  5
5C
102
{ACAD_REACTORS
330
5B
102
}
330
5B
100
AcDbMLeaderStyle
179
     2
170
     2
171
     1
172
     0
 90
        2
 40
0.0
 41
0.0
173
     1
 91
-1056964608
340
14
 92
       -2
290
     1
 42
0.09
291
     1
 43
0.36
  3
Standard
341
0
 44
0.18
300

342
11
174
     1
178
     6
175
     1
176
     0
 93
-1056964608
 45
0.18
292
     0
297
     0
 46
0.18
343
0
 94
-1056964608
 47
1.0
 49
1.0
140
1.0
293
     1
141
0.0
294
     1
177
     0
142
1.0
295
     0
296
     0
143
0.125
271
     0
272
     9
273
     9
298
     0
  0
MLINESTYLE
  5
18
102
{ACAD_REACTORS
330
17
102
}
330
17
100
AcDbMlineStyle
  2
Standard
 70
     0
  3

 62
   256
 51
90.0
 52
90.0
 71
     2
 49
0.5
 62
   256
  6
BYLAYER
 49
-0.5
 62
   256
  6
BYLAYER
  0
ACDBPLACEHOLDER
  5
F
102
{ACAD_REACTORS
330
E
102
}
330
E
  0
SCALE
  5
48
102
{ACAD_REACTORS
330
47
102
}
330
47
100
AcDbScale
 70
     0
300
1:1
140
1.0
141
1.0
290
     1
  0
SCALE
  5
49
102
{ACAD_REACTORS
330
47
102
}
330
47
100
AcDbScale
 70
     0
300
1/128" = 1'-0"
140
0.0078125
141
12.0
290
     0
  0
SCALE
  5
4A
102
{ACAD_REACTORS
330
47
102
}
330
47
100
AcDbScale
 70
     0
300
1/64" = 1'-0"
140
0.015625
141
12.0
290
     0
  0
SCALE
  5
4B
102
{ACAD_REACTORS
330
47
102
}
330
47
100
AcDbScale
 70
     0
300
1/32" = 1'-0"
140
0.03125
141
12.0
290
     0
  0
SCALE
  5
4C
102
{ACAD_REACTORS
330
47
102
}
330
47
100
AcDbScale
 70
     0
300
1/16" = 1'-0"
140
0.0625
141
12.0
290
     0
  0
SCALE
  5
4D
102
{ACAD_REACTORS
330
47
102
}
330
47
100
AcDbScale
 70
     0
300
3/32" = 1'-0"
140
0.09375
141
12.0
290
     0
  0
SCALE
  5
4E
102
{ACAD_REACTORS
330
47
102
}
330
47
100
AcDbScale
 70
     0
300
1/8" = 1'-0"
140
0.125
141
12.0
290
     0
  0
SCALE
  5
4F
102
{ACAD_REACTORS
330
47
102
}
330
47
100
AcDbScale
 70
     0
300
3/16" = 1'-0"
140
0.1875
141
12.0
290
     0
  0
SCALE
  5
50
102
{ACAD_REACTORS
330
47
102
}
330
47
100
AcDbScale
 70
     0
300
1/4" = 1'-0"
140
0.25
141
12.0
290
     0
  0
SCALE
  5
51
102
{ACAD_REACTORS
330
47
102
}
330
47
100
AcDbScale
 70
     0
300
3/8" = 1'-0"
140
0.375
141
12.0
290
     0
  0
SCALE
  5
52
102
{ACAD_REACTORS
330
47
102
}
330
47
100
AcDbScale
 70
     0
300
1/2" = 1'-0"
140
0.5
141
12.0
290
     0
  0
SCALE
  5
53
102
{ACAD_REACTORS
330
47
102
}
330
47
100
AcDbScale
 70
     0
300
3/4" = 1'-0"
140
0.75
141
12.0
290
     0
  0
SCALE
  5
54
102
{ACAD_REACTORS
330
47
102
}
330
47
100
AcDbScale
 70
     0
300
1" = 1'-0"
140
1.0
141
12.0
290
     0
  0
SCALE
  5
55
102
{ACAD_REACTORS
330
47
102
}
330
47
100
AcDbScale
 70
     0
300
1-1/2" = 1'-0"
140
1.5
141
12.0
290
     0
  0
SCALE
  5
56
102
{ACAD_REACTORS
330
47
102
}
330
47
100
AcDbScale
 70
     0
300
3" = 1'-0"
140
3.0
141
12.0
290
     0
  0
SCALE
  5
57
102
{ACAD_REACTORS
330
47
102
}
330
47
100
AcDbScale
 70
     0
300
6" = 1'-0"
140
6.0
141
12.0
290
     0
  0
SCALE
  5
58
102
{ACAD_REACTORS
330
47
102
}
330
47
100
AcDbScale
 70
     0
300
1'-0" = 1'-0"
140
12.0
141
12.0
290
     0
  0
TABLESTYLE
  5
5A
102
{ACAD_REACTORS
330
59
102
}
102
{ACAD_XDICTIONARY
360
F8
102
}
330
59
100
AcDbTableStyle
  3
Standard
 70
     0
 71
     0
 40
0.06
 41
0.06
280
     0
281
     0
  7
Standard
140
0.18
170
     2
 62
     0
 63
   257
283
     0
 90
        4
 91
        0
  1

274
    -2
284
     1
 64
     0
275
    -2
285
     1
 65
     0
276
    -2
286
     1
 66
     0
277
    -2
287
     1
 67
     0
278
    -2
288
     1
 68
     0
279
    -2
289
     1
 69
     0
  7
Standard
140
0.25
170
     5
 62
     0
 63
   257
283
     0
 90
        4
 91
        0
  1

274
    -2
284
     1
 64
     0
275
    -2
285
     1
 65
     0
276
    -2
286
     1
 66
     0
277
    -2
287
     1
 67
     0
278
    -2
288
     1
 68
     0
279
    -2
289
     1
 69
     0
  7
Standard
140
0.18
170
     5
 62
     0
 63
   257
283
     0
 90
        4
 91
        0
  1

274
    -2
284
     1
 64
     0
275
    -2
285
     1
 65
     0
276
    -2
286
     1
 66
     0
277
    -2
287
     1
 67
     0
278
    -2
288
     1
 68
     0
279
    -2
289
     1
 69
     0
  0
VISUALSTYLE
  5
2F
102
{ACAD_REACTORS
330
2A
102
}
330
2A
100
AcDbVisualStyle
  2
2dWireframe
 70
     4
177
     3
291
     0
 70
    58
 90
        0
176
     1
 90
        2
176
     1
 90
        0
176
     1
 90
        0
176
     1
 40
0.6
176
     1
 40
30.0
176
     1
 62
     7
420
 16777215
176
     1
 90
        1
176
     1
 90
        4
176
     1
 62
     7
176
     1
 62
   257
176
     1
 90
        1
176
     1
 90
        1
176
     1
 40
1.0
176
     1
 90
        0
176
     1
 62
   257
176
     1
 40
1.0
176
     1
 90
        1
176
     1
 90
        6
176
     1
 90
        2
176
     1
 62
     7
176
     1
 90
        5
176
     1
 90
        0
176
     1
 90
        0
176
     1
290
     0
176
     1
 90
        1
176
     1
 40
0.0
176
     1
 90
        0
176
     1
290
     1
176
     1
290
     1
176
     1
290
     0
176
     1
290
     0
176
     1
290
     0
176
     1
290
     0
176
     1
290
     0
176
     1
290
     0
176
     1
290
     0
176
     1
 90
       50
176
     1
 40
0.0
176
     1
 40
1.0
176
     1
 90
        0
176
     1
 62
    18
420
        0
176
     1
 90
       50
176
     1
 90
        3
176
     1
 62
     5
420
      255
176
     1
290
     0
176
     1
 90
       50
176
     1
 90
       50
176
     1
 90
       50
176
     1
290
     0
176
     1
 90
       50
176
     1
 62
   256
176
     0
 40
1.0
176
     0
 90
        2
176
     1
  1
strokes_ogs.tif
176
     1
290
     0
176
     1
 40
1.0
176
     1
 40
1.0
176
     1
  0
VISUALSTYLE
  5
32
102
{ACAD_REACTORS
330
2A
102
}
330
2A
100
AcDbVisualStyle
  2
Basic
 70
     7
177
     3
291
     1
 70
    58
 90
        1
176
     1
 90
        0
176
     1
 90
        1
176
     1
 90
        0
176
     1
 40
0.6
176
     1
 40
30.0
176
     1
 62
     7
420
 16777215
176
     1
 90
        0
176
     1
 90
        4
176
     1
 62
     7
176
     1
 62
   257
176
     1
 90
        1
176
     1
 90
        1
176
     1
 40
1.0
176
     1
 90
        8
176
     1
 62
     7
176
     1
 40
1.0
176
     1
 90
        1
176
     1
 90
        6
176
     1
 90
        2
176
     1
 62
     7
176
     1
 90
        5
176
     1
 90
        0
176
     1
 90
        0
176
     1
290
     0
176
     1
 90
        1
176
     1
 40
0.0
176
     1
 90
        0
176
     1
290
     0
176
     1
290
     1
176
     1
290
     1
176
     1
290
     0
176
     1
290
     0
176
     1
290
     0
176
     1
290
     0
176
     1
290
     0
176
     1
290
     0
176
     1
 90
       50
176
     1
 40
0.0
176
     1
 40
1.0
176
     1
 90
        0
176
     1
 62
    18
420
        0
176
     1
 90
       50
176
     1
 90
        3
176
     1
 62
     5
420
      255
176
     1
290
     0
176
     1
 90
       50
176
     1
 90
       50
176
     1
 90
       50
176
     1
290
     0
176
     1
 90
       50
176
     1
 62
   256
176
     0
 40
1.0
176
     0
 90
        2
176
     1
  1
strokes_ogs.tif
176
     1
290
     0
176
     1
 40
1.0
176
     1
 40
1.0
176
     1
  0
VISUALSTYLE
  5
36
102
{ACAD_REACTORS
330
2A
102
}
330
2A
100
AcDbVisualStyle
  2
Brighten
 70
    12
177
     3
291
     1
 70
    58
 90
        2
176
     1
 90
        2
176
     1
 90
        0
176
     1
 90
        0
176
     1
 40
0.6
176
     1
 40
30.0
176
     1
 62
     7
420
 16777215
176
     1
 90
        1
176
     1
 90
        4
176
     1
 62
     7
176
     1
 62
   257
176
     1
 90
        1
176
     1
 90
        1
176
     1
 40
1.0
176
     1
 90
        8
176
     1
 62
     7
176
     1
 40
1.0
176
     1
 90
        1
176
     1
 90
        6
176
     1
 90
        2
176
     1
 62
     7
176
     1
 90
        5
176
     1
 90
        0
176
     1
 90
        0
176
     1
290
     0
176
     1
 90
        1
176
     1
 40
50.0
176
     1
 90
        0
176
     1
290
     0
176
     1
290
     1
176
     1
290
     1
176
     1
290
     0
176
     1
290
     0
176
     1
290
     0
176
     1
290
     0
176
     1
290
     0
176
     1
290
     0
176
     1
 90
       50
176
     1
 40
0.0
176
     1
 40
1.0
176
     1
 90
        0
176
     1
 62
    18
420
        0
176
     1
 90
       50
176
     1
 90
        3
176
     1
 62
     5
420
      255
176
     1
290
     0
176
     1
 90
       50
176
     1
 90
       50
176
     1
 90
       50
176
     1
290
     0
176
     1
 90
       50
176
     1
 62
   256
176
     0
 40
1.0
176
     0
 90
        2
176
     1
  1
strokes_ogs.tif
176
     1
290
     0
176
     1
 40
1.0
176
     1
 40
1.0
176
     1
  0
VISUALSTYLE
  5
3A
102
{ACAD_REACTORS
330
2A
102
}
330
2A
100
AcDbVisualStyle
  2
ColorChange
 70
    16
177
     3
291
     1
 70
    58
 90
        2
176
     1
 90
        2
176
     1
 90
        3
176
     1
 90
        0
176
     1
 40
0.6
176
     1
 40
30.0
176
     1
 62
     8
420
  8421504
176
     1
 90
        1
176
     1
 90
        4
176
     1
 62
     7
176
     1
 62
   257
176
     1
 90
        1
176
     1
 90
        1
176
     1
 40
1.0
176
     1
 90
        8
176
     1
 62
     8
420
  8421504
176
     1
 40
1.0
176
     1
 90
        1
176
     1
 90
        6
176
     1
 90
        2
176
     1
 62
     7
176
     1
 90
        5
176
     1
 90
        0
176
     1
 90
        0
176
     1
290
     0
176
     1
 90
        1
176
     1
 40
0.0
176
     1
 90
        0
176
     1
290
     0
176
     1
290
     1
176
     1
290
     1
176
     1
290
     0
176
     1
290
     0
176
     1
290
     0
176
     1
290
     0
176
     1
290
     0
176
     1
290
     0
176
     1
 90
       50
176
     1
 40
0.0
176
     1
 40
1.0
176
     1
 90
        0
176
     1
 62
    18
420
        0
176
     1
 90
       50
176
     1
 90
        3
176
     1
 62
     5
420
      255
176
     1
290
     0
176
     1
 90
       50
176
     1
 90
       50
176
     1
 90
       50
176
     1
290
     0
176
     1
 90
       50
176
     1
 62
   256
176
     0
 40
1.0
176
     0
 90
        2
176
     1
  1
strokes_ogs.tif
176
     1
290
     0
176
     1
 40
1.0
176
     1
 40
1.0
176
     1
  0
VISUALSTYLE
  5
34
102
{ACAD_REACTORS
330
2A
102
}
330
2A
100
AcDbVisualStyle
  2
Conceptual
 70
     9
177
     3
291
     0
 70
    58
 90
        3
176
     1
 90
        2
176
     1
 90
        0
176
     1
 90
        0
176
     1
 40
0.6
176
     1
 40
30.0
176
     1
 62
     7
420
 16777215
176
     1
 90
        2
176
     1
 90
        2
176
     1
 62
     7
176
     1
 62
   257
176
     1
 90
        1
176
     1
 90
        1
176
     1
 40
179.0
176
     1
 90
        8
176
     1
 62
     7
176
     1
 40
1.0
176
     1
 90
        1
176
     1
 90
        6
176
     1
 90
        2
176
     1
 62
     7
176
     1
 90
        3
176
     1
 90
        0
176
     1
 90
        0
176
     1
290
     0
176
     1
 90
        1
176
     1
 40
0.0
176
     1
 90
        0
176
     1
290
     0
176
     1
290
     1
176
     1
290
     1
176
     1
290
     0
176
     1
290
     0
176
     1
290
     0
176
     1
290
     0
176
     1
290
     0
176
     1
290
     0
176
     1
 90
       50
176
     1
 40
0.0
176
     1
 40
1.0
176
     1
 90
        0
176
     1
 62
    18
420
        0
176
     1
 90
       50
176
     1
 90
        3
176
     1
 62
     5
420
      255
176
     1
290
     0
176
     1
 90
       50
176
     1
 90
       50
176
     1
 90
       50
176
     1
290
     0
176
     1
 90
       50
176
     1
 62
   256
176
     0
 40
1.0
176
     0
 90
        2
176
     1
  1
strokes_ogs.tif
176
     1
290
     0
176
     1
 40
1.0
176
     1
 40
1.0
176
     1
  0
VISUALSTYLE
  5
35
102
{ACAD_REACTORS
330
2A
102
}
330
2A
100
AcDbVisualStyle
  2
Dim
 70
    11
177
     3
291
     1
 70
    58
 90
        2
176
     1
 90
        2
176
     1
 90
        0
176
     1
 90
        0
176
     1
 40
0.6
176
     1
 40
30.0
176
     1
 62
     7
420
 16777215
176
     1
 90
        1
176
     1
 90
        4
176
     1
 62
     7
176
     1
 62
   257
176
     1
 90
        1
176
     1
 90
        1
176
     1
 40
1.0
176
     1
 90
        8
176
     1
 62
     7
176
     1
 40
1.0
176
     1
 90
        1
176
     1
 90
        6
176
     1
 90
        2
176
     1
 62
     7
176
     1
 90
        5
176
     1
 90
        0
176
     1
 90
        0
176
     1
290
     0
176
     1
 90
        1
176
     1
 40
-50.0
176
     1
 90
        0
176
     1
290
     0
176
     1
290
     1
176
     1
290
     1
176
     1
290
     0
176
     1
290
     0
176
     1
290
     0
176
     1
290
     0
176
     1
290
     0
176
     1
290
     0
176
     1
 90
       50
176
     1
 40
0.0
176
     1
 40
1.0
176
     1
 90
        0
176
     1
 62
    18
420
        0
176
     1
 90
       50
176
     1
 90
        3
176
     1
 62
     5
420
      255
176
     1
290
     0
176
     1
 90
       50
176
     1
 90
       50
176
     1
 90
       50
176
     1
290
     0
176
     1
 90
       50
176
     1
 62
   256
176
     0
 40
1.0
176
     0
 90
        2
176
     1
  1
strokes_ogs.tif
176
     1
290
     0
176
     1
 40
1.0
176
     1
 40
1.0
176
     1
  0
VISUALSTYLE
  5
3D
102
{ACAD_REACTORS
330
2A
102
}
330
2A
100
AcDbVisualStyle
  2
EdgeColorOff
 70
    22
177
     3
291
     1
 70
    58
 90
        2
176
     0
 90
        2
176
     0
 90
        0
176
     0
 90
        0
176
     0
 40
0.6
176
     0
 40
30.0
176
     0
 62
     7
420
 16777215
176
     0
 90
        1
176
     0
 90
        4
176
     0
 62
     7
176
     0
 62
   257
176
     0
 90
        1
176
     0
 90
        1
176
     0
 40
1.0
176
     0
 90
        8
176
     2
 62
     7
176
     0
 40
1.0
176
     0
 90
        1
176
     0
 90
        6
176
     0
 90
        2
176
     0
 62
     7
176
     0
 90
        5
176
     0
 90
        0
176
     0
 90
        0
176
     0
290
     0
176
     0
 90
        1
176
     0
 40
0.0
176
     0
 90
        0
176
     0
290
     0
176
     0
290
     1
176
     0
290
     1
176
     0
290
     0
176
     0
290
     0
176
     0
290
     0
176
     0
290
     0
176
     0
290
     0
176
     0
290
     0
176
     0
 90
       50
176
     0
 40
0.0
176
     0
 40
1.0
176
     0
 90
        0
176
     0
 62
    18
420
        0
176
     0
 90
       50
176
     0
 90
        3
176
     0
 62
     5
420
      255
176
     0
290
     0
176
     0
 90
       50
176
     0
 90
       50
176
     0
 90
       50
176
     0
290
     0
176
     0
 90
       50
176
     0
 62
   256
176
     0
 40
1.0
176
     0
 90
        2
176
     0
  1
strokes_ogs.tif
176
     0
290
     0
176
     0
 40
1.0
176
     0
 40
1.0
176
     0
  0
VISUALSTYLE
  5
39
102
{ACAD_REACTORS
330
2A
102
}
330
2A
100
AcDbVisualStyle
  2
Facepattern
 70
    15
177
     3
291
     1
 70
    58
 90
        2
176
     1
 90
        2
176
     1
 90
        0
176
     1
 90
        0
176
     1
 40
0.6
176
     1
 40
30.0
176
     1
 62
     7
420
 16777215
176
     1
 90
        1
176
     1
 90
        4
176
     1
 62
     7
176
     1
 62
   257
176
     1
 90
        1
176
     1
 90
        1
176
     1
 40
1.0
176
     1
 90
        8
176
     1
 62
     7
176
     1
 40
1.0
176
     1
 90
        1
176
     1
 90
        6
176
     1
 90
        2
176
     1
 62
     7
176
     1
 90
        5
176
     1
 90
        0
176
     1
 90
        0
176
     1
290
     0
176
     1
 90
        1
176
     1
 40
0.0
176
     1
 90
        0
176
     1
290
     0
176
     1
290
     1
176
     1
290
     1
176
     1
290
     0
176
     1
290
     0
176
     1
290
     0
176
     1
290
     0
176
     1
290
     0
176
     1
290
     0
176
     1
 90
       50
176
     1
 40
0.0
176
     1
 40
1.0
176
     1
 90
        0
176
     1
 62
    18
420
        0
176
     1
 90
       50
176
     1
 90
        3
176
     1
 62
     5
420
      255
176
     1
290
     0
176
     1
 90
       50
176
     1
 90
       50
176
     1
 90
       50
176
     1
290
     0
176
     1
 90
       50
176
     1
 62
   256
176
     0
 40
1.0
176
     0
 90
        2
176
     1
  1
strokes_ogs.tif
176
     1
290
     0
176
     1
 40
1.0
176
     1
 40
1.0
176
     1
  0
VISUALSTYLE
  5
2B
102
{ACAD_REACTORS
330
2A
102
}
330
2A
100
AcDbVisualStyle
  2
Flat
 70
     0
177
     3
291
     1
 70
    58
 90
        2
176
     1
 90
        1
176
     1
 90
        1
176
     1
 90
        2
176
     1
 40
0.6
176
     1
 40
30.0
176
     1
 62
     7
420
 16777215
176
     1
 90
        0
176
     1
 90
        0
176
     1
 62
     7
176
     1
 62
   257
176
     1
 90
        1
176
     1
 90
        1
176
     1
 40
1.0
176
     1
 90
        8
176
     1
 62
     7
176
     1
 40
1.0
176
     1
 90
        1
176
     1
 90
        6
176
     1
 90
        2
176
     1
 62
     7
176
     1
 90
        5
176
     1
 90
        0
176
     1
 90
        0
176
     1
290
     0
176
     1
 90
       13
176
     1
 40
0.0
176
     1
 90
        0
176
     1
290
     0
176
     1
290
     1
176
     1
290
     1
176
     1
290
     0
176
     1
290
     0
176
     1
290
     0
176
     1
290
     0
176
     1
290
     0
176
     1
290
     0
176
     1
 90
       50
176
     1
 40
0.0
176
     1
 40
1.0
176
     1
 90
        0
176
     1
 62
    18
420
        0
176
     1
 90
       50
176
     1
 90
        3
176
     1
 62
     5
420
      255
176
     1
290
     0
176
     1
 90
       50
176
     1
 90
       50
176
     1
 90
       50
176
     1
290
     0
176
     1
 90
       50
176
     1
 62
   256
176
     0
 40
1.0
176
     0
 90
        2
176
     1
  1
strokes_ogs.tif
176
     1
290
     0
176
     1
 40
1.0
176
     1
 40
1.0
176
     1
  0
VISUALSTYLE
  5
2C
102
{ACAD_REACTORS
330
2A
102
}
330
2A
100
AcDbVisualStyle
  2
FlatWithEdges
 70
     1
177
     3
291
     1
 70
    58
 90
        2
176
     1
 90
        1
176
     1
 90
        1
176
     1
 90
        2
176
     1
 40
0.6
176
     1
 40
30.0
176
     1
 62
     7
420
 16777215
176
     1
 90
        1
176
     1
 90
        0
176
     1
 62
     7
176
     1
 62
   257
176
     1
 90
        1
176
     1
 90
        1
176
     1
 40
1.0
176
     1
 90
        0
176
     1
 62
   257
176
     1
 40
1.0
176
     1
 90
        1
176
     1
 90
        6
176
     1
 90
        2
176
     1
 62
     7
176
     1
 90
        5
176
     1
 90
        0
176
     1
 90
        0
176
     1
290
     0
176
     1
 90
       13
176
     1
 40
0.0
176
     1
 90
        0
176
     1
290
     0
176
     1
290
     1
176
     1
290
     1
176
     1
290
     0
176
     1
290
     0
176
     1
290
     0
176
     1
290
     0
176
     1
290
     0
176
     1
290
     0
176
     1
 90
       50
176
     1
 40
0.0
176
     1
 40
1.0
176
     1
 90
        0
176
     1
 62
    18
420
        0
176
     1
 90
       50
176
     1
 90
        3
176
     1
 62
     5
420
      255
176
     1
290
     0
176
     1
 90
       50
176
     1
 90
       50
176
     1
 90
       50
176
     1
290
     0
176
     1
 90
       50
176
     1
 62
   256
176
     0
 40
1.0
176
     0
 90
        2
176
     1
  1
strokes_ogs.tif
176
     1
290
     0
176
     1
 40
1.0
176
     1
 40
1.0
176
     1
  0
VISUALSTYLE
  5
2D
102
{ACAD_REACTORS
330
2A
102
}
330
2A
100
AcDbVisualStyle
  2
Gouraud
 70
     2
177
     3
291
     1
 70
    58
 90
        2
176
     1
 90
        2
176
     1
 90
        1
176
     1
 90
        2
176
     1
 40
0.6
176
     1
 40
30.0
176
     1
 62
     7
420
 16777215
176
     1
 90
        0
176
     1
 90
        0
176
     1
 62
     7
176
     1
 62
   257
176
     1
 90
        1
176
     1
 90
        1
176
     1
 40
1.0
176
     1
 90
        0
176
     1
 62
     7
176
     1
 40
1.0
176
     1
 90
        1
176
     1
 90
        6
176
     1
 90
        2
176
     1
 62
     7
176
     1
 90
        5
176
     1
 90
        0
176
     1
 90
        0
176
     1
290
     0
176
     1
 90
       13
176
     1
 40
0.0
176
     1
 90
        0
176
     1
290
     0
176
     1
290
     1
176
     1
290
     1
176
     1
290
     0
176
     1
290
     0
176
     1
290
     0
176
     1
290
     0
176
     1
290
     0
176
     1
290
     0
176
     1
 90
       50
176
     1
 40
0.0
176
     1
 40
1.0
176
     1
 90
        0
176
     1
 62
    18
420
        0
176
     1
 90
       50
176
     1
 90
        3
176
     1
 62
     5
420
      255
176
     1
290
     0
176
     1
 90
       50
176
     1
 90
       50
176
     1
 90
       50
176
     1
290
     0
176
     1
 90
       50
176
     1
 62
   256
176
     0
 40
1.0
176
     0
 90
        2
176
     1
  1
strokes_ogs.tif
176
     1
290
     0
176
     1
 40
1.0
176
     1
 40
1.0
176
     1
  0
VISUALSTYLE
  5
2E
102
{ACAD_REACTORS
330
2A
102
}
330
2A
100
AcDbVisualStyle
  2
GouraudWithEdges
 70
     3
177
     3
291
     1
 70
    58
 90
        2
176
     1
 90
        2
176
     1
 90
        1
176
     1
 90
        2
176
     1
 40
0.6
176
     1
 40
30.0
176
     1
 62
     7
420
 16777215
176
     1
 90
        1
176
     1
 90
        0
176
     1
 62
     7
176
     1
 62
   257
176
     1
 90
        1
176
     1
 90
        1
176
     1
 40
1.0
176
     1
 90
        0
176
     1
 62
   257
176
     1
 40
1.0
176
     1
 90
        1
176
     1
 90
        6
176
     1
 90
        2
176
     1
 62
     7
176
     1
 90
        5
176
     1
 90
        0
176
     1
 90
        0
176
     1
290
     0
176
     1
 90
       13
176
     1
 40
0.0
176
     1
 90
        0
176
     1
290
     0
176
     1
290
     1
176
     1
290
     1
176
     1
290
     0
176
     1
290
     0
176
     1
290
     0
176
     1
290
     0
176
     1
290
     0
176
     1
290
     0
176
     1
 90
       50
176
     1
 40
0.0
176
     1
 40
1.0
176
     1
 90
        0
176
     1
 62
    18
420
        0
176
     1
 90
       50
176
     1
 90
        3
176
     1
 62
     5
420
      255
176
     1
290
     0
176
     1
 90
       50
176
     1
 90
       50
176
     1
 90
       50
176
     1
290
     0
176
     1
 90
       50
176
     1
 62
   256
176
     0
 40
1.0
176
     0
 90
        2
176
     1
  1
strokes_ogs.tif
176
     1
290
     0
176
     1
 40
1.0
176
     1
 40
1.0
176
     1
  0
VISUALSTYLE
  5
31
102
{ACAD_REACTORS
330
2A
102
}
330
2A
100
AcDbVisualStyle
  2
Hidden
 70
     6
177
     3
291
     0
 70
    58
 90
        1
176
     1
 90
        2
176
     1
 90
        2
176
     1
 90
        0
176
     1
 40
0.6
176
     1
 40
30.0
176
     1
 62
     7
420
 16777215
176
     1
 90
        2
176
     1
 90
        2
176
     1
 62
     7
176
     1
 62
   257
176
     1
 90
        2
176
     1
 90
        1
176
     1
 40
40.0
176
     1
 90
        0
176
     1
 62
   257
176
     1
 40
1.0
176
     1
 90
        1
176
     1
 90
        6
176
     1
 90
        2
176
     1
 62
     7
176
     1
 90
        3
176
     1
 90
        0
176
     1
 90
        0
176
     1
290
     0
176
     1
 90
        1
176
     1
 40
0.0
176
     1
 90
        0
176
     1
290
     0
176
     1
290
     1
176
     1
290
     1
176
     1
290
     0
176
     1
290
     0
176
     1
290
     0
176
     1
290
     0
176
     1
290
     0
176
     1
290
     0
176
     1
 90
       50
176
     1
 40
0.0
176
     1
 40
1.0
176
     1
 90
        0
176
     1
 62
    18
420
        0
176
     1
 90
       50
176
     1
 90
        3
176
     1
 62
     5
420
      255
176
     1
290
     0
176
     1
 90
       50
176
     1
 90
       50
176
     1
 90
       50
176
     1
290
     0
176
     1
 90
       50
176
     1
 62
   256
176
     0
 40
1.0
176
     0
 90
        2
176
     1
  1
strokes_ogs.tif
176
     1
290
     0
176
     1
 40
1.0
176
     1
 40
1.0
176
     1
  0
VISUALSTYLE
  5
3B
102
{ACAD_REACTORS
330
2A
102
}
330
2A
100
AcDbVisualStyle
  2
JitterOff
 70
    20
177
     3
291
     1
 70
    58
 90
        2
176
     0
 90
        2
176
     0
 90
        0
176
     0
 90
        0
176
     0
 40
0.6
176
     0
 40
30.0
176
     0
 62
     7
420
 16777215
176
     0
 90
        1
176
     0
 90
        4
176
     0
 62
     7
176
     0
 62
   257
176
     0
 90
        1
176
     0
 90
        1
176
     0
 40
1.0
176
     0
 90
       10
176
     2
 62
     7
176
     0
 40
1.0
176
     0
 90
        1
176
     0
 90
        6
176
     0
 90
        2
176
     0
 62
     7
176
     0
 90
        5
176
     0
 90
        0
176
     0
 90
        0
176
     0
290
     0
176
     0
 90
        1
176
     0
 40
0.0
176
     0
 90
        0
176
     0
290
     0
176
     0
290
     1
176
     0
290
     1
176
     0
290
     0
176
     0
290
     0
176
     0
290
     0
176
     0
290
     0
176
     0
290
     0
176
     0
290
     0
176
     0
 90
       50
176
     0
 40
0.0
176
     0
 40
1.0
176
     0
 90
        0
176
     0
 62
    18
420
        0
176
     0
 90
       50
176
     0
 90
        3
176
     0
 62
     5
420
      255
176
     0
290
     0
176
     0
 90
       50
176
     0
 90
       50
176
     0
 90
       50
176
     0
290
     0
176
     0
 90
       50
176
     0
 62
   256
176
     0
 40
1.0
176
     0
 90
        2
176
     0
  1
strokes_ogs.tif
176
     0
290
     0
176
     0
 40
1.0
176
     0
 40
1.0
176
     0
  0
VISUALSTYLE
  5
38
102
{ACAD_REACTORS
330
2A
102
}
330
2A
100
AcDbVisualStyle
  2
Linepattern
 70
    14
177
     3
291
     1
 70
    58
 90
        2
176
     1
 90
        2
176
     1
 90
        0
176
     1
 90
        0
176
     1
 40
0.6
176
     1
 40
30.0
176
     1
 62
     7
420
 16777215
176
     1
 90
        1
176
     1
 90
        4
176
     1
 62
     7
176
     1
 62
   257
176
     1
 90
        7
176
     1
 90
        7
176
     1
 40
1.0
176
     1
 90
        8
176
     1
 62
     7
176
     1
 40
1.0
176
     1
 90
        1
176
     1
 90
        6
176
     1
 90
        2
176
     1
 62
     7
176
     1
 90
        5
176
     1
 90
        0
176
     1
 90
        0
176
     1
290
     0
176
     1
 90
        1
176
     1
 40
0.0
176
     1
 90
        0
176
     1
290
     0
176
     1
290
     1
176
     1
290
     1
176
     1
290
     0
176
     1
290
     0
176
     1
290
     0
176
     1
290
     0
176
     1
290
     0
176
     1
290
     0
176
     1
 90
       50
176
     1
 40
0.0
176
     1
 40
1.0
176
     1
 90
        0
176
     1
 62
    18
420
        0
176
     1
 90
       50
176
     1
 90
        3
176
     1
 62
     5
420
      255
176
     1
290
     0
176
     1
 90
       50
176
     1
 90
       50
176
     1
 90
       50
176
     1
290
     0
176
     1
 90
       50
176
     1
 62
   256
176
     0
 40
1.0
176
     0
 90
        2
176
     1
  1
strokes_ogs.tif
176
     1
290
     0
176
     1
 40
1.0
176
     1
 40
1.0
176
     1
  0
VISUALSTYLE
  5
3C
102
{ACAD_REACTORS
330
2A
102
}
330
2A
100
AcDbVisualStyle
  2
OverhangOff
 70
    21
177
     3
291
     1
 70
    58
 90
        2
176
     0
 90
        2
176
     0
 90
        0
176
     0
 90
        0
176
     0
 40
0.6
176
     0
 40
30.0
176
     0
 62
     7
420
 16777215
176
     0
 90
        1
176
     0
 90
        4
176
     0
 62
     7
176
     0
 62
   257
176
     0
 90
        1
176
     0
 90
        1
176
     0
 40
1.0
176
     0
 90
        9
176
     2
 62
     7
176
     0
 40
1.0
176
     0
 90
        1
176
     0
 90
        6
176
     0
 90
        2
176
     0
 62
     7
176
     0
 90
        5
176
     0
 90
        0
176
     0
 90
        0
176
     0
290
     0
176
     0
 90
        1
176
     0
 40
0.0
176
     0
 90
        0
176
     0
290
     0
176
     0
290
     1
176
     0
290
     1
176
     0
290
     0
176
     0
290
     0
176
     0
290
     0
176
     0
290
     0
176
     0
290
     0
176
     0
290
     0
176
     0
 90
       50
176
     0
 40
0.0
176
     0
 40
1.0
176
     0
 90
        0
176
     0
 62
    18
420
        0
176
     0
 90
       50
176
     0
 90
        3
176
     0
 62
     5
420
      255
176
     0
290
     0
176
     0
 90
       50
176
     0
 90
       50
176
     0
 90
       50
176
     0
290
     0
176
     0
 90
       50
176
     0
 62
   256
176
     0
 40
1.0
176
     0
 90
        2
176
     0
  1
strokes_ogs.tif
176
     0
290
     0
176
     0
 40
1.0
176
     0
 40
1.0
176
     0
  0
VISUALSTYLE
  5
33
102
{ACAD_REACTORS
330
2A
102
}
330
2A
100
AcDbVisualStyle
  2
Realistic
 70
     8
177
     3
291
     0
 70
    58
 90
        2
176
     1
 90
        3
176
     1
 90
        0
176
     1
 90
        2
176
     1
 40
0.6
176
     1
 40
30.0
176
     1
 62
     7
420
 16777215
176
     1
 90
        0
176
     1
 90
        0
176
     1
 62
     7
176
     1
 62
   257
176
     1
 90
        1
176
     1
 90
        1
176
     1
 40
1.0
176
     1
 90
        8
176
     1
 62
   257
176
     1
 40
1.0
176
     1
 90
        1
176
     1
 90
        6
176
     1
 90
        2
176
     1
 62
     7
176
     1
 90
        3
176
     1
 90
        0
176
     1
 90
        0
176
     1
290
     0
176
     1
 90
       13
176
     1
 40
0.0
176
     1
 90
        0
176
     1
290
     0
176
     1
290
     1
176
     1
290
     1
176
     1
290
     0
176
     1
290
     0
176
     1
290
     0
176
     1
290
     0
176
     1
290
     0
176
     1
290
     0
176
     1
 90
       50
176
     1
 40
0.0
176
     1
 40
1.0
176
     1
 90
        0
176
     1
 62
    18
420
        0
176
     1
 90
       50
176
     1
 90
        3
176
     1
 62
     5
420
      255
176
     1
290
     0
176
     1
 90
       50
176
     1
 90
       50
176
     1
 90
       50
176
     1
290
     0
176
     1
 90
       50
176
     1
 62
   256
176
     0
 40
1.0
176
     0
 90
        2
176
     1
  1
strokes_ogs.tif
176
     1
290
     0
176
     1
 40
1.0
176
     1
 40
1.0
176
     1
  0
VISUALSTYLE
  5
42
102
{ACAD_REACTORS
330
2A
102
}
330
2A
100
AcDbVisualStyle
  2
Shaded
 70
    27
177
     3
291
     0
 70
    58
 90
        2
176
     1
 90
        2
176
     1
 90
        1
176
     1
 90
        2
176
     1
 40
0.6
176
     1
 40
30.0
176
     1
 62
     7
420
 16777215
176
     1
 90
        0
176
     1
 90
        4
176
     1
 62
     7
176
     1
 62
   257
176
     1
 90
        1
176
     1
 90
        1
176
     1
 40
1.0
176
     1
 90
        8
176
     1
 62
   257
176
     1
 40
1.0
176
     1
 90
        1
176
     1
 90
        6
176
     1
 90
        2
176
     1
 62
     8
420
  7895160
176
     1
 90
        3
176
     1
 90
        0
176
     1
 90
        0
176
     1
290
     0
176
     1
 90
        5
176
     1
 40
0.0
176
     1
 90
        0
176
     1
290
     0
176
     1
290
     1
176
     1
290
     1
176
     1
290
     0
176
     1
290
     0
176
     1
290
     0
176
     1
290
     0
176
     1
290
     0
176
     1
290
     0
176
     1
 90
       50
176
     1
 40
0.0
176
     1
 40
1.0
176
     1
 90
        0
176
     1
 62
    18
420
        0
176
     1
 90
       50
176
     1
 90
        3
176
     1
 62
     5
420
      255
176
     1
290
     0
176
     1
 90
       50
176
     1
 90
       50
176
     1
 90
       50
176
     1
290
     0
176
     1
 90
       50
176
     1
 62
   256
176
     0
 40
1.0
176
     0
 90
        2
176
     1
  1
strokes_ogs.tif
176
     1
290
     0
176
     1
 40
1.0
176
     1
 40
1.0
176
     1
  0
VISUALSTYLE
  5
41
102
{ACAD_REACTORS
330
2A
102
}
330
2A
100
AcDbVisualStyle
  2
Shaded with edges
 70
    26
177
     3
291
     0
 70
    58
 90
        2
176
     1
 90
        2
176
     1
 90
        1
176
     1
 90
        2
176
     1
 40
0.6
176
     1
 40
30.0
176
     1
 62
     7
420
 16777215
176
     1
 90
        1
176
     1
 90
       10
176
     1
 62
     7
176
     1
 62
   257
176
     1
 90
        2
176
     1
 90
        1
176
     1
 40
1.0
176
     1
 90
        8
176
     1
 62
   257
176
     1
 40
1.0
176
     1
 90
        1
176
     1
 90
        6
176
     1
 90
        2
176
     1
 62
     7
176
     1
 90
        3
176
     1
 90
        0
176
     1
 90
        0
176
     1
290
     0
176
     1
 90
        5
176
     1
 40
0.0
176
     1
 90
        0
176
     1
290
     0
176
     1
290
     1
176
     1
290
     1
176
     1
290
     0
176
     1
290
     0
176
     1
290
     0
176
     1
290
     0
176
     1
290
     0
176
     1
290
     0
176
     1
 90
       50
176
     1
 40
0.0
176
     1
 40
1.0
176
     1
 90
        0
176
     1
 62
    18
420
        0
176
     1
 90
       50
176
     1
 90
        3
176
     1
 62
     5
420
      255
176
     1
290
     0
176
     1
 90
       50
176
     1
 90
       50
176
     1
 90
       50
176
     1
290
     0
176
     1
 90
       50
176
     1
 62
   256
176
     0
 40
1.0
176
     0
 90
        2
176
     1
  1
strokes_ogs.tif
176
     1
290
     0
176
     1
 40
1.0
176
     1
 40
1.0
176
     1
  0
VISUALSTYLE
  5
3E
102
{ACAD_REACTORS
330
2A
102
}
330
2A
100
AcDbVisualStyle
  2
Shades of Gray
 70
    23
177
     3
291
     0
 70
    58
 90
        2
176
     1
 90
        2
176
     1
 90
        3
176
     1
 90
        0
176
     1
 40
0.6
176
     1
 40
30.0
176
     1
 62
     7
420
 16777215
176
     1
 90
        2
176
     1
 90
        2
176
     1
 62
     7
176
     1
 62
     7
176
     1
 90
        1
176
     1
 90
        1
176
     1
 40
40.0
176
     1
 90
        8
176
     1
 62
     7
176
     1
 40
1.0
176
     1
 90
        1
176
     1
 90
        6
176
     1
 90
        2
176
     1
 62
     7
176
     1
 90
        3
176
     1
 90
        0
176
     1
 90
        0
176
     1
290
     0
176
     1
 90
        1
176
     1
 40
0.0
176
     1
 90
        0
176
     1
290
     0
176
     1
290
     1
176
     1
290
     1
176
     1
290
     0
176
     1
290
     0
176
     1
290
     0
176
     1
290
     0
176
     1
290
     0
176
     1
290
     0
176
     1
 90
       50
176
     1
 40
0.0
176
     1
 40
1.0
176
     1
 90
        0
176
     1
 62
    18
420
        0
176
     1
 90
       50
176
     1
 90
        3
176
     1
 62
     5
420
      255
176
     1
290
     0
176
     1
 90
       50
176
     1
 90
       50
176
     1
 90
       50
176
     1
290
     0
176
     1
 90
       50
176
     1
 62
   256
176
     0
 40
1.0
176
     0
 90
        2
176
     1
  1
strokes_ogs.tif
176
     1
290
     0
176
     1
 40
1.0
176
     1
 40
1.0
176
     1
  0
VISUALSTYLE
  5
3F
102
{ACAD_REACTORS
330
2A
102
}
330
2A
100
AcDbVisualStyle
  2
Sketchy
 70
    24
177
     3
291
     0
 70
    58
 90
        1
176
     1
 90
        2
176
     1
 90
        2
176
     1
 90
        0
176
     1
 40
0.6
176
     1
 40
30.0
176
     1
 62
     7
420
 16777215
176
     1
 90
        2
176
     1
 90
        2
176
     1
 62
     7
176
     1
 62
     7
176
     1
 90
        1
176
     1
 90
        1
176
     1
 40
40.0
176
     1
 90
       11
176
     1
 62
     7
176
     1
 40
1.0
176
     1
 90
        1
176
     1
 90
        6
176
     1
 90
        2
176
     1
 62
     7
176
     1
 90
        6
176
     1
 90
        0
176
     1
 90
        0
176
     1
290
     0
176
     1
 90
        1
176
     1
 40
0.0
176
     1
 90
        0
176
     1
290
     0
176
     1
290
     1
176
     1
290
     1
176
     1
290
     0
176
     1
290
     0
176
     1
290
     0
176
     1
290
     0
176
     1
290
     0
176
     1
290
     0
176
     1
 90
       50
176
     1
 40
0.0
176
     1
 40
1.0
176
     1
 90
        0
176
     1
 62
    18
420
        0
176
     1
 90
       50
176
     1
 90
        3
176
     1
 62
     5
420
      255
176
     1
290
     0
176
     1
 90
       50
176
     1
 90
       50
176
     1
 90
       50
176
     1
290
     0
176
     1
 90
       50
176
     1
 62
   256
176
     0
 40
1.0
176
     0
 90
        2
176
     1
  1
strokes_ogs.tif
176
     1
290
     0
176
     1
 40
1.0
176
     1
 40
1.0
176
     1
  0
VISUALSTYLE
  5
37
102
{ACAD_REACTORS
330
2A
102
}
330
2A
100
AcDbVisualStyle
  2
Thicken
 70
    13
177
     3
291
     1
 70
    58
 90
        2
176
     1
 90
        2
176
     1
 90
        0
176
     1
 90
        0
176
     1
 40
0.6
176
     1
 40
30.0
176
     1
 62
     7
420
 16777215
176
     1
 90
        1
176
     1
 90
        4
176
     1
 62
     7
176
     1
 62
   257
176
     1
 90
        1
176
     1
 90
        1
176
     1
 40
1.0
176
     1
 90
       12
176
     1
 62
     7
176
     1
 40
1.0
176
     1
 90
        1
176
     1
 90
        6
176
     1
 90
        2
176
     1
 62
     7
176
     1
 90
        5
176
     1
 90
        0
176
     1
 90
        0
176
     1
290
     0
176
     1
 90
        1
176
     1
 40
0.0
176
     1
 90
        0
176
     1
290
     0
176
     1
290
     1
176
     1
290
     1
176
     1
290
     0
176
     1
290
     0
176
     1
290
     0
176
     1
290
     0
176
     1
290
     0
176
     1
290
     0
176
     1
 90
       50
176
     1
 40
0.0
176
     1
 40
1.0
176
     1
 90
        0
176
     1
 62
    18
420
        0
176
     1
 90
       50
176
     1
 90
        3
176
     1
 62
     5
420
      255
176
     1
290
     0
176
     1
 90
       50
176
     1
 90
       50
176
     1
 90
       50
176
     1
290
     0
176
     1
 90
       50
176
     1
 62
   256
176
     0
 40
1.0
176
     0
 90
        2
176
     1
  1
strokes_ogs.tif
176
     1
290
     0
176
     1
 40
1.0
176
     1
 40
1.0
176
     1
  0
VISUALSTYLE
  5
30
102
{ACAD_REACTORS
330
2A
102
}
330
2A
100
AcDbVisualStyle
  2
Wireframe
 70
     5
177
     3
291
     0
 70
    58
 90
        0
176
     1
 90
        2
176
     1
 90
        0
176
     1
 90
        0
176
     1
 40
0.6
176
     1
 40
30.0
176
     1
 62
     7
420
 16777215
176
     1
 90
        1
176
     1
 90
        4
176
     1
 62
     7
176
     1
 62
   257
176
     1
 90
        1
176
     1
 90
        1
176
     1
 40
1.0
176
     1
 90
        0
176
     1
 62
   257
176
     1
 40
1.0
176
     1
 90
        1
176
     1
 90
        6
176
     1
 90
        2
176
     1
 62
     7
176
     1
 90
        3
176
     1
 90
        0
176
     1
 90
        0
176
     1
290
     0
176
     1
 90
        1
176
     1
 40
0.0
176
     1
 90
        0
176
     1
290
     0
176
     1
290
     1
176
     1
290
     1
176
     1
290
     0
176
     1
290
     0
176
     1
290
     0
176
     1
290
     0
176
     1
290
     0
176
     1
290
     0
176
     1
 90
       50
176
     1
 40
0.0
176
     1
 40
1.0
176
     1
 90
        0
176
     1
 62
    18
420
        0
176
     1
 90
       50
176
     1
 90
        3
176
     1
 62
     5
420
      255
176
     1
290
     0
176
     1
 90
       50
176
     1
 90
       50
176
     1
 90
       50
176
     1
290
     0
176
     1
 90
       50
176
     1
 62
   256
176
     0
 40
1.0
176
     0
 90
        2
176
     1
  1
strokes_ogs.tif
176
     1
290
     0
176
     1
 40
1.0
176
     1
 40
1.0
176
     1
  0
VISUALSTYLE
  5
40
102
{ACAD_REACTORS
330
2A
102
}
330
2A
100
AcDbVisualStyle
  2
X-Ray
 70
    25
177
     3
291
     0
 70
    58
 90
        2
176
     1
 90
        2
176
     1
 90
        1
176
     1
 90
        1
176
     1
 40
0.5
176
     1
 40
30.0
176
     1
 62
     7
420
 16777215
176
     1
 90
        1
176
     1
 90
        0
176
     1
 62
     7
176
     1
 62
   257
176
     1
 90
        1
176
     1
 90
        1
176
     1
 40
1.0
176
     1
 90
        8
176
     1
 62
     7
176
     1
 40
1.0
176
     1
 90
        1
176
     1
 90
        6
176
     1
 90
        2
176
     1
 62
     7
176
     1
 90
        3
176
     1
 90
        0
176
     1
 90
        0
176
     1
290
     0
176
     1
 90
       13
176
     1
 40
0.0
176
     1
 90
        0
176
     1
290
     0
176
     1
290
     1
176
     1
290
     1
176
     1
290
     0
176
     1
290
     0
176
     1
290
     0
176
     1
290
     0
176
     1
290
     0
176
     1
290
     0
176
     1
 90
       50
176
     1
 40
0.0
176
     1
 40
1.0
176
     1
 90
        0
176
     1
 62
    18
420
        0
176
     1
 90
       50
176
     1
 90
        3
176
     1
 62
     5
420
      255
176
     1
290
     0
176
     1
 90
       50
176
     1
 90
       50
176
     1
 90
       50
176
     1
290
     0
176
     1
 90
       50
176
     1
 62
   256
176
     0
 40
1.0
176
     0
 90
        2
176
     1
  1
strokes_ogs.tif
176
     1
290
     0
176
     1
 40
1.0
176
     1
 40
1.0
176
     1
  0
DICTIONARYVAR
  5
F7
102
{ACAD_REACTORS
330
F6
102
}
330
F6
100
DictionaryVariables
280
     0
  1
1:1
  0
DICTIONARYVAR
  5
FC
102
{ACAD_REACTORS
330
F6
102
}
330
F6
100
DictionaryVariables
280
     0
  1
Standard
  0
DICTIONARYVAR
  5
FB
102
{ACAD_REACTORS
330
F6
102
}
330
F6
100
DictionaryVariables
280
     0
  1
Standard
  0
DICTIONARY
  5
F8
330
5A
100
AcDbDictionary
280
     1
281
     1
  3
ACAD_ROUNDTRIP_2008_TABLESTYLE_CELLSTYLEMAP
360
F9
  0
CELLSTYLEMAP
  5
F9
102
{ACAD_REACTORS
330
F8
102
}
330
F8
100
AcDbCellStyleMap
 90
        3
300
CELLSTYLE
  1
TABLEFORMAT_BEGIN
 90
        5
170
     1
 91
        0
 92
    32768
 62
   257
 93
        1
300
CONTENTFORMAT
  1
CONTENTFORMAT_BEGIN
 90
        0
 91
        0
 92
        4
 93
        0
300

 40
0.0
140
1.0
 94
        5
 62
     0
340
11
144
0.25
309
CONTENTFORMAT_END
171
     1
301
MARGIN
  1
CELLMARGIN_BEGIN
 40
0.06
 40
0.06
 40
0.06
 40
0.06
 40
0.06
 40
0.06
309
CELLMARGIN_END
 94
        6
 95
        1
302
GRIDFORMAT
  1
GRIDFORMAT_BEGIN
 90
        0
 91
        1
 62
     0
 92
       -2
340
14
 93
        0
 40
0.045
309
GRIDFORMAT_END
 95
        2
302
GRIDFORMAT
  1
GRIDFORMAT_BEGIN
 90
        0
 91
        1
 62
     0
 92
       -2
340
14
 93
        0
 40
0.045
309
GRIDFORMAT_END
 95
        4
302
GRIDFORMAT
  1
GRIDFORMAT_BEGIN
 90
        0
 91
        1
 62
     0
 92
       -2
340
14
 93
        0
 40
0.045
309
GRIDFORMAT_END
 95
        8
302
GRIDFORMAT
  1
GRIDFORMAT_BEGIN
 90
        0
 91
        1
 62
     0
 92
       -2
340
14
 93
        0
 40
0.045
309
GRIDFORMAT_END
 95
       16
302
GRIDFORMAT
  1
GRIDFORMAT_BEGIN
 90
        0
 91
        1
 62
     0
 92
       -2
340
14
 93
        0
 40
0.045
309
GRIDFORMAT_END
 95
       32
302
GRIDFORMAT
  1
GRIDFORMAT_BEGIN
 90
        0
 91
        1
 62
     0
 92
       -2
340
14
 93
        0
 40
0.045
309
GRIDFORMAT_END
309
TABLEFORMAT_END
  1
CELLSTYLE_BEGIN
 90
        1
 91
        1
300
_TITLE
309
CELLSTYLE_END
300
CELLSTYLE
  1
TABLEFORMAT_BEGIN
 90
        5
170
     1
 91
        0
 92
        0
 62
   257
 93
        1
300
CONTENTFORMAT
  1
CONTENTFORMAT_BEGIN
 90
        0
 91
        0
 92
        4
 93
        0
300

 40
0.0
140
1.0
 94
        5
 62
     0
340
11
144
0.18
309
CONTENTFORMAT_END
171
     1
301
MARGIN
  1
CELLMARGIN_BEGIN
 40
0.06
 40
0.06
 40
0.06
 40
0.06
 40
0.06
 40
0.06
309
CELLMARGIN_END
 94
        6
 95
        1
302
GRIDFORMAT
  1
GRIDFORMAT_BEGIN
 90
        0
 91
        1
 62
     0
 92
       -2
340
14
 93
        0
 40
0.045
309
GRIDFORMAT_END
 95
        2
302
GRIDFORMAT
  1
GRIDFORMAT_BEGIN
 90
        0
 91
        1
 62
     0
 92
       -2
340
14
 93
        0
 40
0.045
309
GRIDFORMAT_END
 95
        4
302
GRIDFORMAT
  1
GRIDFORMAT_BEGIN
 90
        0
 91
        1
 62
     0
 92
       -2
340
14
 93
        0
 40
0.045
309
GRIDFORMAT_END
 95
        8
302
GRIDFORMAT
  1
GRIDFORMAT_BEGIN
 90
        0
 91
        1
 62
     0
 92
       -2
340
14
 93
        0
 40
0.045
309
GRIDFORMAT_END
 95
       16
302
GRIDFORMAT
  1
GRIDFORMAT_BEGIN
 90
        0
 91
        1
 62
     0
 92
       -2
340
14
 93
        0
 40
0.045
309
GRIDFORMAT_END
 95
       32
302
GRIDFORMAT
  1
GRIDFORMAT_BEGIN
 90
        0
 91
        1
 62
     0
 92
       -2
340
14
 93
        0
 40
0.045
309
GRIDFORMAT_END
309
TABLEFORMAT_END
  1
CELLSTYLE_BEGIN
 90
        2
 91
        1
300
_HEADER
309
CELLSTYLE_END
300
CELLSTYLE
  1
TABLEFORMAT_BEGIN
 90
        5
170
     1
 91
        0
 92
        0
 62
   257
 93
        1
300
CONTENTFORMAT
  1
CONTENTFORMAT_BEGIN
 90
        0
 91
        0
 92
        4
 93
        0
300

 40
0.0
140
1.0
 94
        2
 62
     0
340
11
144
0.18
309
CONTENTFORMAT_END
171
     1
301
MARGIN
  1
CELLMARGIN_BEGIN
 40
0.06
 40
0.06
 40
0.06
 40
0.06
 40
0.06
 40
0.06
309
CELLMARGIN_END
 94
        6
 95
        1
302
GRIDFORMAT
  1
GRIDFORMAT_BEGIN
 90
        0
 91
        1
 62
     0
 92
       -2
340
14
 93
        0
 40
0.045
309
GRIDFORMAT_END
 95
        2
302
GRIDFORMAT
  1
GRIDFORMAT_BEGIN
 90
        0
 91
        1
 62
     0
 92
       -2
340
14
 93
        0
 40
0.045
309
GRIDFORMAT_END
 95
        4
302
GRIDFORMAT
  1
GRIDFORMAT_BEGIN
 90
        0
 91
        1
 62
     0
 92
       -2
340
14
 93
        0
 40
0.045
309
GRIDFORMAT_END
 95
        8
302
GRIDFORMAT
  1
GRIDFORMAT_BEGIN
 90
        0
 91
        1
 62
     0
 92
       -2
340
14
 93
        0
 40
0.045
309
GRIDFORMAT_END
 95
       16
302
GRIDFORMAT
  1
GRIDFORMAT_BEGIN
 90
        0
 91
        1
 62
     0
 92
       -2
340
14
 93
        0
 40
0.045
309
GRIDFORMAT_END
 95
       32
302
GRIDFORMAT
  1
GRIDFORMAT_BEGIN
 90
        0
 91
        1
 62
     0
 92
       -2
340
14
 93
        0
 40
0.045
309
GRIDFORMAT_END
309
TABLEFORMAT_END
  1
CELLSTYLE_BEGIN
 90
        3
 91
        2
300
_DATA
309
CELLSTYLE_END
  0
ENDSEC
  0
EOF
