  0
SECTION
  2
HEADER
  9
$ACADVER
  1
AC1021
  9
$ACADMAINTVER
 70
    25
  9
$DWGCODEPAGE
  3
ANSI_1252
  9
$LASTSAVEDBY
  1
PC
  9
$INSBASE
 10
0.0
 20
0.0
 30
0.0
  9
$EXTMIN
 10
-479.3412
 20
36.4716
 30
0.0
  9
$EXTMAX
 10
-439.265
 20
76.5477
 30
0.0
  9
$LIMMIN
 10
0.0
 20
0.0
  9
$LIMMAX
 10
12.0
 20
9.0
  9
$ORTHOMODE
 70
     0
  9
$REGENMODE
 70
     1
  9
$FILLMODE
 70
     1
  9
$QTEXTMODE
 70
     0
  9
$MIRRTEXT
 70
     1
  9
$LTSCALE
 40
1.0
  9
$ATTMODE
 70
     1
  9
$TEXTSIZE
 40
0.2
  9
$TRACEWID
 40
0.05
  9
$TEXTSTYLE
  7
Standard
  9
$CLAYER
  8
0
  9
$CELTYPE
  6
ByLayer
  9
$CECOLOR
 62
   256
  9
$CELTSCALE
 40
1.0
  9
$DISPSILH
 70
     0
  9
$DIMSCALE
 40
1.0
  9
$DIMASZ
 40
0.18
  9
$DIMEXO
 40
0.0625
  9
$DIMDLI
 40
0.38
  9
$DIMRND
 40
0.0
  9
$DIMDLE
 40
0.0
  9
$DIMEXE
 40
0.18
  9
$DIMTP
 40
0.0
  9
$DIMTM
 40
0.0
  9
$DIMTXT
 40
0.18
  9
$DIMCEN
 40
0.09
  9
$DIMTSZ
 40
0.0
  9
$DIMTOL
 70
     0
  9
$DIMLIM
 70
     0
  9
$DIMTIH
 70
     1
  9
$DIMTOH
 70
     1
  9
$DIMSE1
 70
     0
  9
$DIMSE2
 70
     0
  9
$DIMTAD
 70
     0
  9
$DIMZIN
 70
     0
  9
$DIMBLK
  1

  9
$DIMASO
 70
     1
  9
$DIMSHO
 70
     1
  9
$DIMPOST
  1

  9
$DIMAPOST
  1

  9
$DIMALT
 70
     0
  9
$DIMALTD
 70
     2
  9
$DIMALTF
 40
25.4
  9
$DIMLFAC
 40
1.0
  9
$DIMTOFL
 70
     0
  9
$DIMTVP
 40
0.0
  9
$DIMTIX
 70
     0
  9
$DIMSOXD
 70
     0
  9
$DIMSAH
 70
     0
  9
$DIMBLK1
  1

  9
$DIMBLK2
  1

  9
$DIMSTYLE
  2
Standard
  9
$DIMCLRD
 70
     0
  9
$DIMCLRE
 70
     0
  9
$DIMCLRT
 70
     0
  9
$DIMTFAC
 40
1.0
  9
$DIMGAP
 40
0.09
  9
$DIMJUST
 70
     0
  9
$DIMSD1
 70
     0
  9
$DIMSD2
 70
     0
  9
$DIMTOLJ
 70
     1
  9
$DIMTZIN
 70
     0
  9
$DIMALTZ
 70
     0
  9
$DIMALTTZ
 70
     0
  9
$DIMUPT
 70
     0
  9
$DIMDEC
 70
     4
  9
$DIMTDEC
 70
     4
  9
$DIMALTU
 70
     2
  9
$DIMALTTD
 70
     2
  9
$DIMTXSTY
  7
Standard
  9
$DIMAUNIT
 70
     0
  9
$DIMADEC
 70
     0
  9
$DIMALTRND
 40
0.0
  9
$DIMAZIN
 70
     0
  9
$DIMDSEP
 70
    46
  9
$DIMATFIT
 70
     3
  9
$DIMFRAC
 70
     0
  9
$DIMLDRBLK
  1

  9
$DIMLUNIT
 70
     2
  9
$DIMLWD
 70
    -2
  9
$DIMLWE
 70
    -2
  9
$DIMTMOVE
 70
     0
  9
$DIMFXL
 40
1.0
  9
$DIMFXLON
 70
     0
  9
$DIMJOGANG
 40
0.7853981633974483
  9
$DIMTFILL
 70
     0
  9
$DIMTFILLCLR
 70
     0
  9
$DIMARCSYM
 70
     0
  9
$DIMLTYPE
  6

  9
$DIMLTEX1
  6

  9
$DIMLTEX2
  6

  9
$LUNITS
 70
     2
  9
$LUPREC
 70
     4
  9
$SKETCHINC
 40
0.1
  9
$FILLETRAD
 40
0.5
  9
$AUNITS
 70
     0
  9
$AUPREC
 70
     0
  9
$MENU
  1
.
  9
$ELEVATION
 40
0.0
  9
$PELEVATION
 40
0.0
  9
$THICKNESS
 40
0.0
  9
$LIMCHECK
 70
     0
  9
$CHAMFERA
 40
0.0
  9
$CHAMFERB
 40
0.0
  9
$CHAMFERC
 40
0.0
  9
$CHAMFERD
 40
0.0
  9
$SKPOLY
 70
     0
  9
$TDCREATE
 40
2460305.760197651
  9
$TDUCREATE
 40
2460305.614364317
  9
$TDUPDATE
 40
2460305.760197708
  9
$TDUUPDATE
 40
2460305.614364375
  9
$TDINDWG
 40
0.0000000116
  9
$TDUSRTIMER
 40
0.0000000116
  9
$USRTIMER
 70
     1
  9
$ANGBASE
 50
0.0
  9
$ANGDIR
 70
     0
  9
$PDMODE
 70
     0
  9
$PDSIZE
 40
0.0
  9
$PLINEWID
 40
0.0
  9
$SPLFRAME
 70
     0
  9
$SPLINETYPE
 70
     6
  9
$SPLINESEGS
 70
     8
  9
$HANDSEED
  5
EB
  9
$SURFTAB1
 70
     6
  9
$SURFTAB2
 70
     6
  9
$SURFTYPE
 70
     6
  9
$SURFU
 70
     6
  9
$SURFV
 70
     6
  9
$UCSBASE
  2

  9
$UCSNAME
  2

  9
$UCSORG
 10
0.0
 20
0.0
 30
0.0
  9
$UCSXDIR
 10
1.0
 20
0.0
 30
0.0
  9
$UCSYDIR
 10
0.0
 20
1.0
 30
0.0
  9
$UCSORTHOREF
  2

  9
$UCSORTHOVIEW
 70
     0
  9
$UCSORGTOP
 10
0.0
 20
0.0
 30
0.0
  9
$UCSORGBOTTOM
 10
0.0
 20
0.0
 30
0.0
  9
$UCSORGLEFT
 10
0.0
 20
0.0
 30
0.0
  9
$UCSORGRIGHT
 10
0.0
 20
0.0
 30
0.0
  9
$UCSORGFRONT
 10
0.0
 20
0.0
 30
0.0
  9
$UCSORGBACK
 10
0.0
 20
0.0
 30
0.0
  9
$PUCSBASE
  2

  9
$PUCSNAME
  2

  9
$PUCSORG
 10
0.0
 20
0.0
 30
0.0
  9
$PUCSXDIR
 10
1.0
 20
0.0
 30
0.0
  9
$PUCSYDIR
 10
0.0
 20
1.0
 30
0.0
  9
$PUCSORTHOREF
  2

  9
$PUCSORTHOVIEW
 70
     0
  9
$PUCSORGTOP
 10
0.0
 20
0.0
 30
0.0
  9
$PUCSORGBOTTOM
 10
0.0
 20
0.0
 30
0.0
  9
$PUCSORGLEFT
 10
0.0
 20
0.0
 30
0.0
  9
$PUCSORGRIGHT
 10
0.0
 20
0.0
 30
0.0
  9
$PUCSORGFRONT
 10
0.0
 20
0.0
 30
0.0
  9
$PUCSORGBACK
 10
0.0
 20
0.0
 30
0.0
  9
$USERI1
 70
     0
  9
$USERI2
 70
     0
  9
$USERI3
 70
     0
  9
$USERI4
 70
     0
  9
$USERI5
 70
     0
  9
$USERR1
 40
0.0
  9
$USERR2
 40
0.0
  9
$USERR3
 40
0.0
  9
$USERR4
 40
0.0
  9
$USERR5
 40
0.0
  9
$WORLDVIEW
 70
     1
  9
$SHADEDGE
 70
     3
  9
$SHADEDIF
 70
    70
  9
$TILEMODE
 70
     1
  9
$MAXACTVP
 70
    64
  9
$PINSBASE
 10
0.0
 20
0.0
 30
0.0
  9
$PLIMCHECK
 70
     0
  9
$PEXTMIN
 10
1.000000000000000E+20
 20
1.000000000000000E+20
 30
1.000000000000000E+20
  9
$PEXTMAX
 10
-1.000000000000000E+20
 20
-1.000000000000000E+20
 30
-1.000000000000000E+20
  9
$PLIMMIN
 10
0.0
 20
0.0
  9
$PLIMMAX
 10
12.0
 20
9.0
  9
$UNITMODE
 70
     0
  9
$VISRETAIN
 70
     1
  9
$PLINEGEN
 70
     0
  9
$PSLTSCALE
 70
     1
  9
$TREEDEPTH
 70
  3020
  9
$CMLSTYLE
  2
Standard
  9
$CMLJUST
 70
     0
  9
$CMLSCALE
 40
1.0
  9
$PROXYGRAPHICS
 70
     1
  9
$MEASUREMENT
 70
     0
  9
$CELWEIGHT
370
    -1
  9
$ENDCAPS
280
     0
  9
$JOINSTYLE
280
     0
  9
$LWDISPLAY
290
     0
  9
$INSUNITS
 70
     4
  9
$HYPERLINKBASE
  1

  9
$STYLESHEET
  1

  9
$XEDIT
290
     1
  9
$CEPSNTYPE
380
     0
  9
$PSTYLEMODE
290
     1
  9
$FINGERPRINTGUID
  2
{0a1eee2d-7de0-4cba-8a4e-8c2638146982}
  9
$VERSIONGUID
  2
{FAEB1C32-E019-11D5-929B-00C0DF256EC4}
  9
$EXTNAMES
290
     1
  9
$PSVPSCALE
 40
0.0
  9
$OLESTARTUP
290
     0
  9
$SORTENTS
280
   127
  9
$INDEXCTL
280
     0
  9
$HIDETEXT
280
     1
  9
$XCLIPFRAME
290
     0
  9
$HALOGAP
280
     0
  9
$OBSCOLOR
 70
   257
  9
$OBSLTYPE
280
     0
  9
$INTERSECTIONDISPLAY
280
     0
  9
$INTERSECTIONCOLOR
 70
   257
  9
$DIMASSOC
280
     2
  9
$PROJECTNAME
  1

  9
$CAMERADISPLAY
290
     0
  9
$LENSLENGTH
 40
50.0
  9
$CAMERAHEIGHT
 40
0.0
  9
$STEPSPERSEC
 40
2.0
  9
$STEPSIZE
 40
6.0
  9
$3DDWFPREC
 40
2.0
  9
$PSOLWIDTH
 40
0.25
  9
$PSOLHEIGHT
 40
4.0
  9
$LOFTANG1
 40
1.570796326794897
  9
$LOFTANG2
 40
1.570796326794897
  9
$LOFTMAG1
 40
0.0
  9
$LOFTMAG2
 40
0.0
  9
$LOFTPARAM
 70
     7
  9
$LOFTNORMALS
280
     1
  9
$LATITUDE
 40
37.795
  9
$LONGITUDE
 40
-122.394
  9
$NORTHDIRECTION
 40
0.0
  9
$TIMEZONE
 70
 -8000
  9
$LIGHTGLYPHDISPLAY
280
     1
  9
$TILEMODELIGHTSYNCH
280
     1
  9
$CMATERIAL
347
44
  9
$SOLIDHIST
280
     0
  9
$SHOWHIST
280
     1
  9
$DWFFRAME
280
     2
  9
$DGNFRAME
280
     2
  9
$REALWORLDSCALE
290
     1
  9
$INTERFERECOLOR
 62
   256
  9
$CSHADOW
280
     0
  9
$SHADOWPLANELOCATION
 40
0.0
  0
ENDSEC
  0
SECTION
  2
CLASSES
  0
CLASS
  1
ACDBDICTIONARYWDFLT
  2
AcDbDictionaryWithDefault
  3
ObjectDBX Classes
 90
        0
 91
        3
280
     0
281
     0
  0
CLASS
  1
VISUALSTYLE
  2
AcDbVisualStyle
  3
ObjectDBX Classes
 90
     4095
 91
        3
280
     0
281
     0
  0
CLASS
  1
MATERIAL
  2
AcDbMaterial
  3
ObjectDBX Classes
 90
     1153
 91
        3
280
     0
281
     0
  0
CLASS
  1
SCALE
  2
AcDbScale
  3
ObjectDBX Classes
 90
     1153
 91
        3
280
     0
281
     0
  0
CLASS
  1
TABLESTYLE
  2
AcDbTableStyle
  3
ObjectDBX Classes
 90
     4095
 91
        3
280
     0
281
     0
  0
CLASS
  1
MLEADERSTYLE
  2
AcDbMLeaderStyle
  3
ACDB_MLEADERSTYLE_CLASS
 90
     4095
 91
        3
280
     0
281
     0
  0
CLASS
  1
SUN
  2
AcDbSun
  3
SCENEOE
 90
     1153
 91
        3
280
     0
281
     0
  0
CLASS
  1
DICTIONARYVAR
  2
AcDbDictionaryVar
  3
ObjectDBX Classes
 90
        0
 91
        3
280
     0
281
     0
  0
CLASS
  1
CELLSTYLEMAP
  2
AcDbCellStyleMap
  3
ObjectDBX Classes
 90
     1152
 91
        3
280
     0
281
     0
  0
ENDSEC
  0
SECTION
  2
TABLES
  0
TABLE
  2
VPORT
  5
8
330
0
100
AcDbSymbolTable
 70
     1
  0
VPORT
  5
29
330
8
100
AcDbSymbolTableRecord
100
AcDbViewportTableRecord
  2
*Active
 70
     0
 10
0.0
 20
0.0
 11
1.0
 21
1.0
 12
10.42990654205607
 22
4.5
 13
0.0
 23
0.0
 14
0.5
 24
0.5
 15
0.5
 25
0.5
 16
0.0
 26
0.0
 36
1.0
 17
0.0
 27
0.0
 37
0.0
 40
9.0
 41
1.972972972850329
 42
50.0
 43
0.0
 44
0.0
 50
0.0
 51
0.0
 71
     0
 72
   100
 73
     1
 74
     3
 75
     0
 76
     0
 77
     0
 78
     0
281
     0
 65
     1
110
0.0
120
0.0
130
0.0
111
1.0
121
0.0
131
0.0
112
0.0
122
1.0
132
0.0
 79
     0
146
0.0
348
2F
 60
     3
 61
     5
292
     1
282
     1
141
0.0
142
0.0
 63
   250
361
6D
  0
ENDTAB
  0
TABLE
  2
LTYPE
  5
5
330
0
100
AcDbSymbolTable
 70
     1
  0
LTYPE
  5
14
330
5
100
AcDbSymbolTableRecord
100
AcDbLinetypeTableRecord
  2
ByBlock
 70
     0
  3

 72
    65
 73
     0
 40
0.0
  0
LTYPE
  5
15
330
5
100
AcDbSymbolTableRecord
100
AcDbLinetypeTableRecord
  2
ByLayer
 70
     0
  3

 72
    65
 73
     0
 40
0.0
  0
LTYPE
  5
16
330
5
100
AcDbSymbolTableRecord
100
AcDbLinetypeTableRecord
  2
Continuous
 70
     0
  3
Solid line
 72
    65
 73
     0
 40
0.0
  0
ENDTAB
  0
TABLE
  2
LAYER
  5
2
330
0
100
AcDbSymbolTable
 70
     2
  0
LAYER
  5
10
330
2
100
AcDbSymbolTableRecord
100
AcDbLayerTableRecord
  2
0
 70
     0
 62
     7
  6
Continuous
370
    -3
390
F
347
46
  0
LAYER
  5
6F
330
2
100
AcDbSymbolTableRecord
100
AcDbLayerTableRecord
  2
Layer 1
 70
     0
 62
     7
  6
Continuous
370
    -3
390
F
347
46
  0
ENDTAB
  0
TABLE
  2
STYLE
  5
3
330
0
100
AcDbSymbolTable
 70
     1
  0
STYLE
  5
11
330
3
100
AcDbSymbolTableRecord
100
AcDbTextStyleTableRecord
  2
Standard
 70
     0
 40
0.0
 41
1.0
 50
0.0
 71
     0
 42
0.2
  3
txt
  4

  0
ENDTAB
  0
TABLE
  2
VIEW
  5
6
330
0
100
AcDbSymbolTable
 70
     0
  0
ENDTAB
  0
TABLE
  2
UCS
  5
7
330
0
100
AcDbSymbolTable
 70
     0
  0
ENDTAB
  0
TABLE
  2
APPID
  5
9
330
0
100
AcDbSymbolTable
 70
     3
  0
APPID
  5
12
330
9
100
AcDbSymbolTableRecord
100
AcDbRegAppTableRecord
  2
ACAD
 70
     0
  0
APPID
  5
6E
330
9
100
AcDbSymbolTableRecord
100
AcDbRegAppTableRecord
  2
ODA
 70
     0
  0
APPID
  5
E3
330
9
100
AcDbSymbolTableRecord
100
AcDbRegAppTableRecord
  2
ACAD_MLEADERVER
 70
     0
  0
ENDTAB
  0
TABLE
  2
DIMSTYLE
  5
A
330
0
100
AcDbSymbolTable
 70
     1
100
AcDbDimStyleTable
  0
DIMSTYLE
105
27
330
A
100
AcDbSymbolTableRecord
100
AcDbDimStyleTableRecord
  2
Standard
 70
     0
178
     0
340
11
  0
ENDTAB
  0
TABLE
  2
BLOCK_RECORD
  5
1
330
0
100
AcDbSymbolTable
 70
     1
  0
BLOCK_RECORD
  5
1F
330
1
100
AcDbSymbolTableRecord
100
AcDbBlockTableRecord
  2
*Model_Space
340
22
 70
     0
280
     1
281
     0
  0
BLOCK_RECORD
  5
1B
330
1
100
AcDbSymbolTableRecord
100
AcDbBlockTableRecord
  2
*Paper_Space
340
1E
 70
     0
280
     1
281
     0
  0
BLOCK_RECORD
  5
23
330
1
100
AcDbSymbolTableRecord
100
AcDbBlockTableRecord
  2
*Paper_Space0
340
26
 70
     0
280
     1
281
     0
  0
ENDTAB
  0
ENDSEC
  0
SECTION
  2
BLOCKS
  0
BLOCK
  5
20
330
1F
100
AcDbEntity
  8
0
100
AcDbBlockBegin
  2
*Model_Space
 70
     0
 10
0.0
 20
0.0
 30
0.0
  3
*Model_Space
  1

  0
ENDBLK
  5
21
330
1F
100
AcDbEntity
  8
0
100
AcDbBlockEnd
  0
BLOCK
  5
1C
330
1B
100
AcDbEntity
 67
     1
  8
0
100
AcDbBlockBegin
  2
*Paper_Space
 70
     0
 10
0.0
 20
0.0
 30
0.0
  3
*Paper_Space
  1

  0
ENDBLK
  5
1D
330
1B
100
AcDbEntity
 67
     1
  8
0
100
AcDbBlockEnd
  0
BLOCK
  5
24
330
23
100
AcDbEntity
  8
0
100
AcDbBlockBegin
  2
*Paper_Space0
 70
     0
 10
0.0
 20
0.0
 30
0.0
  3
*Paper_Space0
  1

  0
ENDBLK
  5
25
330
23
100
AcDbEntity
  8
0
100
AcDbBlockEnd
  0
ENDSEC
  0
SECTION
  2
ENTITIES
  0
SPLINE
  5
70
102
{ACAD_REACTORS
330
71
102
}
330
1F
100
AcDbEntity
  8
Layer 1
 62
   250
370
     9
100
AcDbSpline
210
0.0
220
0.0
230
1.0
 70
    11
 71
     3
 72
    29
 73
    25
 74
     0
 42
0.0000000001
 43
0.0000000001
 40
0.0
 40
0.0
 40
0.0
 40
0.0
 40
0.125
 40
0.125
 40
0.125
 40
0.25
 40
0.25
 40
0.25
 40
0.375
 40
0.375
 40
0.375
 40
0.5
 40
0.5
 40
0.5
 40
0.625
 40
0.625
 40
0.625
 40
0.75
 40
0.75
 40
0.75
 40
0.875
 40
0.875
 40
0.875
 40
1.0
 40
1.0
 40
1.0
 40
1.0
 10
-442.378
 20
76.5096
 30
0.0
 10
-442.378
 20
76.5096
 30
0.0
 10
-476.2282
 20
76.5096
 30
0.0
 10
-476.2282
 20
76.5096
 30
0.0
 10
-477.9194
 20
76.5096
 30
0.0
 10
-479.3031
 20
75.1259
 30
0.0
 10
-479.3031
 20
73.4347
 30
0.0
 10
-479.3031
 20
73.4347
 30
0.0
 10
-479.3031
 20
39.5846
 30
0.0
 10
-479.3031
 20
39.5846
 30
0.0
 10
-479.3031
 20
37.8934
 30
0.0
 10
-477.9194
 20
36.5097
 30
0.0
 10
-476.2282
 20
36.5097
 30
0.0
 10
-476.2282
 20
36.5097
 30
0.0
 10
-442.378
 20
36.5097
 30
0.0
 10
-442.378
 20
36.5097
 30
0.0
 10
-440.6868
 20
36.5097
 30
0.0
 10
-439.3031
 20
37.8934
 30
0.0
 10
-439.3031
 20
39.5846
 30
0.0
 10
-439.3031
 20
39.5846
 30
0.0
 10
-439.3031
 20
73.4347
 30
0.0
 10
-439.3031
 20
73.4347
 30
0.0
 10
-439.3031
 20
75.1259
 30
0.0
 10
-440.6868
 20
76.5096
 30
0.0
 10
-442.378
 20
76.5096
 30
0.0
  0
HATCH
  5
71
330
1F
100
AcDbEntity
  8
Layer 1
 62
     2
420
 16773650
100
AcDbHatch
 10
0.0
 20
0.0
 30
0.0
210
0.0
220
0.0
230
1.0
  2
SOLID
 70
     1
 71
     1
 91
        1
 92
        1
 93
        1
 72
     4
 94
        3
 73
     0
 74
     1
 95
       29
 96
       25
 40
0.0
 40
0.0
 40
0.0
 40
0.0
 40
0.125
 40
0.125
 40
0.125
 40
0.25
 40
0.25
 40
0.25
 40
0.375
 40
0.375
 40
0.375
 40
0.5
 40
0.5
 40
0.5
 40
0.625
 40
0.625
 40
0.625
 40
0.75
 40
0.75
 40
0.75
 40
0.875
 40
0.875
 40
0.875
 40
1.0
 40
1.0
 40
1.0
 40
1.0
 10
-442.378
 20
76.5096
 10
-442.378
 20
76.5096
 10
-476.2282
 20
76.5096
 10
-476.2282
 20
76.5096
 10
-477.9194
 20
76.5096
 10
-479.3031
 20
75.1259
 10
-479.3031
 20
73.4347
 10
-479.3031
 20
73.4347
 10
-479.3031
 20
39.5846
 10
-479.3031
 20
39.5846
 10
-479.3031
 20
37.8934
 10
-477.9194
 20
36.5097
 10
-476.2282
 20
36.5097
 10
-476.2282
 20
36.5097
 10
-442.378
 20
36.5097
 10
-442.378
 20
36.5097
 10
-440.6868
 20
36.5097
 10
-439.3031
 20
37.8934
 10
-439.3031
 20
39.5846
 10
-439.3031
 20
39.5846
 10
-439.3031
 20
73.4347
 10
-439.3031
 20
73.4347
 10
-439.3031
 20
75.1259
 10
-440.6868
 20
76.5096
 10
-442.378
 20
76.5096
 97
        1
330
70
 75
     0
 76
     1
 98
        1
 10
0.0
 20
0.0
  0
SPLINE
  5
72
102
{ACAD_REACTORS
330
73
102
}
330
1F
100
AcDbEntity
  8
Layer 1
 62
   250
100
AcDbSpline
210
0.0
220
0.0
230
1.0
 70
    11
 71
     3
 72
    74
 73
    70
 74
     0
 42
0.0000000001
 43
0.0000000001
 40
0.0
 40
0.0
 40
0.0
 40
0.0
 40
0.0434782608695652
 40
0.0434782608695652
 40
0.0434782608695652
 40
0.0869565217391304
 40
0.0869565217391304
 40
0.0869565217391304
 40
0.1304347826086956
 40
0.1304347826086956
 40
0.1304347826086956
 40
0.1739130434782609
 40
0.1739130434782609
 40
0.1739130434782609
 40
0.2173913043478261
 40
0.2173913043478261
 40
0.2173913043478261
 40
0.2608695652173913
 40
0.2608695652173913
 40
0.2608695652173913
 40
0.3043478260869565
 40
0.3043478260869565
 40
0.3043478260869565
 40
0.3478260869565217
 40
0.3478260869565217
 40
0.3478260869565217
 40
0.3913043478260869
 40
0.3913043478260869
 40
0.3913043478260869
 40
0.4347826086956522
 40
0.4347826086956522
 40
0.4347826086956522
 40
0.4782608695652174
 40
0.4782608695652174
 40
0.4782608695652174
 40
0.5217391304347826
 40
0.5217391304347826
 40
0.5217391304347826
 40
0.5652173913043478
 40
0.5652173913043478
 40
0.5652173913043478
 40
0.6086956521739131
 40
0.6086956521739131
 40
0.6086956521739131
 40
0.6521739130434783
 40
0.6521739130434783
 40
0.6521739130434783
 40
0.6956521739130435
 40
0.6956521739130435
 40
0.6956521739130435
 40
0.7391304347826086
 40
0.7391304347826086
 40
0.7391304347826086
 40
0.7826086956521738
 40
0.7826086956521738
 40
0.7826086956521738
 40
0.8260869565217391
 40
0.8260869565217391
 40
0.8260869565217391
 40
0.8695652173913043
 40
0.8695652173913043
 40
0.8695652173913043
 40
0.9130434782608695
 40
0.9130434782608695
 40
0.9130434782608695
 40
0.9565217391304348
 40
0.9565217391304348
 40
0.9565217391304348
 40
1.0
 40
1.0
 40
1.0
 40
1.0
 10
-446.6187
 20
64.0403
 30
0.0
 10
-446.6384
 20
63.512
 30
0.0
 10
-446.651
 20
63.0385
 30
0.0
 10
-446.6584
 20
62.6192
 30
0.0
 10
-446.6658
 20
62.2002
 30
0.0
 10
-446.6855
 20
61.8456
 30
0.0
 10
-446.7203
 20
61.5556
 30
0.0
 10
-446.7772
 20
60.9307
 30
0.0
 10
-446.8988
 20
60.3774
 30
0.0
 10
-447.0798
 20
59.8938
 30
0.0
 10
-447.2609
 20
59.413
 30
0.0
 10
-447.4046
 20
59.0931
 30
0.0
 10
-447.509
 20
58.9318
 30
0.0
 10
-447.613
 20
58.7729
 30
0.0
 10
-447.6999
 20
58.6566
 30
0.0
 10
-447.767
 20
58.582
 30
0.0
 10
-447.8436
 20
58.51
 30
0.0
 10
-447.9034
 20
58.4854
 30
0.0
 10
-447.9455
 20
58.51
 30
0.0
 10
-447.9849
 20
58.5349
 30
0.0
 10
-448.0025
 20
58.5771
 30
0.0
 10
-447.9926
 20
58.6341
 30
0.0
 10
-447.9926
 20
58.6492
 30
0.0
 10
-447.948
 20
58.8699
 30
0.0
 10
-447.8612
 20
59.2963
 30
0.0
 10
-447.7744
 20
59.7205
 30
0.0
 10
-447.7195
 20
60.1346
 30
0.0
 10
-447.6974
 20
60.5338
 30
0.0
 10
-447.6749
 20
60.9331
 30
0.0
 10
-447.6724
 20
61.4983
 30
0.0
 10
-447.6876
 20
62.2276
 30
0.0
 10
-447.7023
 20
62.9566
 30
0.0
 10
-447.6851
 20
63.5144
 30
0.0
 10
-447.6355
 20
63.9014
 30
0.0
 10
-447.6057
 20
64.1246
 30
0.0
 10
-447.5586
 20
64.3576
 30
0.0
 10
-447.4914
 20
64.5984
 30
0.0
 10
-447.4222
 20
64.8413
 30
0.0
 10
-447.3427
 20
65.0768
 30
0.0
 10
-447.2535
 20
65.3077
 30
0.0
 10
-447.1642
 20
65.5383
 30
0.0
 10
-447.0725
 20
65.7566
 30
0.0
 10
-446.9733
 20
65.9646
 30
0.0
 10
-446.8767
 20
66.1731
 30
0.0
 10
-446.7874
 20
66.3565
 30
0.0
 10
-446.7055
 20
66.5179
 30
0.0
 10
-446.6384
 20
66.6195
 30
0.0
 10
-446.579
 20
66.6592
 30
0.0
 10
-446.5319
 20
66.6367
 30
0.0
 10
-446.4823
 20
66.6145
 30
0.0
 10
-446.4623
 20
66.5748
 30
0.0
 10
-446.4647
 20
66.5179
 30
0.0
 10
-446.4749
 20
66.4831
 30
0.0
 10
-446.4872
 20
66.4086
 30
0.0
 10
-446.4995
 20
66.2947
 30
0.0
 10
-446.5118
 20
66.1805
 30
0.0
 10
-446.522
 20
66.0465
 30
0.0
 10
-446.5343
 20
65.888
 30
0.0
 10
-446.5466
 20
65.7316
 30
0.0
 10
-446.5589
 20
65.5629
 30
0.0
 10
-446.5667
 20
65.3843
 30
0.0
 10
-446.5765
 20
65.2033
 30
0.0
 10
-446.5863
 20
65.0297
 30
0.0
 10
-446.5937
 20
64.8564
 30
0.0
 10
-446.6011
 20
64.6852
 30
0.0
 10
-446.6064
 20
64.5264
 30
0.0
 10
-446.6113
 20
64.3801
 30
0.0
 10
-446.6162
 20
64.2364
 30
0.0
 10
-446.6187
 20
64.1222
 30
0.0
 10
-446.6187
 20
64.0403
 30
0.0
  0
HATCH
  5
73
330
1F
100
AcDbEntity
  8
Layer 1
 62
   250
420
  3617845
100
AcDbHatch
 10
0.0
 20
0.0
 30
0.0
210
0.0
220
0.0
230
1.0
  2
SOLID
 70
     1
 71
     1
 91
        1
 92
        1
 93
        1
 72
     4
 94
        3
 73
     0
 74
     1
 95
       74
 96
       70
 40
0.0
 40
0.0
 40
0.0
 40
0.0
 40
0.0434782608695652
 40
0.0434782608695652
 40
0.0434782608695652
 40
0.0869565217391304
 40
0.0869565217391304
 40
0.0869565217391304
 40
0.1304347826086956
 40
0.1304347826086956
 40
0.1304347826086956
 40
0.1739130434782609
 40
0.1739130434782609
 40
0.1739130434782609
 40
0.2173913043478261
 40
0.2173913043478261
 40
0.2173913043478261
 40
0.2608695652173913
 40
0.2608695652173913
 40
0.2608695652173913
 40
0.3043478260869565
 40
0.3043478260869565
 40
0.3043478260869565
 40
0.3478260869565217
 40
0.3478260869565217
 40
0.3478260869565217
 40
0.3913043478260869
 40
0.3913043478260869
 40
0.3913043478260869
 40
0.4347826086956522
 40
0.4347826086956522
 40
0.4347826086956522
 40
0.4782608695652174
 40
0.4782608695652174
 40
0.4782608695652174
 40
0.5217391304347826
 40
0.5217391304347826
 40
0.5217391304347826
 40
0.5652173913043478
 40
0.5652173913043478
 40
0.5652173913043478
 40
0.6086956521739131
 40
0.6086956521739131
 40
0.6086956521739131
 40
0.6521739130434783
 40
0.6521739130434783
 40
0.6521739130434783
 40
0.6956521739130435
 40
0.6956521739130435
 40
0.6956521739130435
 40
0.7391304347826086
 40
0.7391304347826086
 40
0.7391304347826086
 40
0.7826086956521738
 40
0.7826086956521738
 40
0.7826086956521738
 40
0.8260869565217391
 40
0.8260869565217391
 40
0.8260869565217391
 40
0.8695652173913043
 40
0.8695652173913043
 40
0.8695652173913043
 40
0.9130434782608695
 40
0.9130434782608695
 40
0.9130434782608695
 40
0.9565217391304348
 40
0.9565217391304348
 40
0.9565217391304348
 40
1.0
 40
1.0
 40
1.0
 40
1.0
 10
-446.6187
 20
64.0403
 10
-446.6384
 20
63.512
 10
-446.651
 20
63.0385
 10
-446.6584
 20
62.6192
 10
-446.6658
 20
62.2002
 10
-446.6855
 20
61.8456
 10
-446.7203
 20
61.5556
 10
-446.7772
 20
60.9307
 10
-446.8988
 20
60.3774
 10
-447.0798
 20
59.8938
 10
-447.2609
 20
59.413
 10
-447.4046
 20
59.0931
 10
-447.509
 20
58.9318
 10
-447.613
 20
58.7729
 10
-447.6999
 20
58.6566
 10
-447.767
 20
58.582
 10
-447.8436
 20
58.51
 10
-447.9034
 20
58.4854
 10
-447.9455
 20
58.51
 10
-447.9849
 20
58.5349
 10
-448.0025
 20
58.5771
 10
-447.9926
 20
58.6341
 10
-447.9926
 20
58.6492
 10
-447.948
 20
58.8699
 10
-447.8612
 20
59.2963
 10
-447.7744
 20
59.7205
 10
-447.7195
 20
60.1346
 10
-447.6974
 20
60.5338
 10
-447.6749
 20
60.9331
 10
-447.6724
 20
61.4983
 10
-447.6876
 20
62.2276
 10
-447.7023
 20
62.9566
 10
-447.6851
 20
63.5144
 10
-447.6355
 20
63.9014
 10
-447.6057
 20
64.1246
 10
-447.5586
 20
64.3576
 10
-447.4914
 20
64.5984
 10
-447.4222
 20
64.8413
 10
-447.3427
 20
65.0768
 10
-447.2535
 20
65.3077
 10
-447.1642
 20
65.5383
 10
-447.0725
 20
65.7566
 10
-446.9733
 20
65.9646
 10
-446.8767
 20
66.1731
 10
-446.7874
 20
66.3565
 10
-446.7055
 20
66.5179
 10
-446.6384
 20
66.6195
 10
-446.579
 20
66.6592
 10
-446.5319
 20
66.6367
 10
-446.4823
 20
66.6145
 10
-446.4623
 20
66.5748
 10
-446.4647
 20
66.5179
 10
-446.4749
 20
66.4831
 10
-446.4872
 20
66.4086
 10
-446.4995
 20
66.2947
 10
-446.5118
 20
66.1805
 10
-446.522
 20
66.0465
 10
-446.5343
 20
65.888
 10
-446.5466
 20
65.7316
 10
-446.5589
 20
65.5629
 10
-446.5667
 20
65.3843
 10
-446.5765
 20
65.2033
 10
-446.5863
 20
65.0297
 10
-446.5937
 20
64.8564
 10
-446.6011
 20
64.6852
 10
-446.6064
 20
64.5264
 10
-446.6113
 20
64.3801
 10
-446.6162
 20
64.2364
 10
-446.6187
 20
64.1222
 10
-446.6187
 20
64.0403
 97
        1
330
72
 75
     0
 76
     1
 98
        1
 10
0.0
 20
0.0
  0
SPLINE
  5
74
102
{ACAD_REACTORS
330
75
102
}
330
1F
100
AcDbEntity
  8
Layer 1
 62
   250
100
AcDbSpline
210
0.0
220
0.0
230
1.0
 70
    11
 71
     3
 72
    89
 73
    85
 74
     0
 42
0.0000000001
 43
0.0000000001
 40
0.0
 40
0.0
 40
0.0
 40
0.0
 40
0.0357142857142857
 40
0.0357142857142857
 40
0.0357142857142857
 40
0.0714285714285714
 40
0.0714285714285714
 40
0.0714285714285714
 40
0.1071428571428571
 40
0.1071428571428571
 40
0.1071428571428571
 40
0.1428571428571428
 40
0.1428571428571428
 40
0.1428571428571428
 40
0.1785714285714285
 40
0.1785714285714285
 40
0.1785714285714285
 40
0.2142857142857143
 40
0.2142857142857143
 40
0.2142857142857143
 40
0.25
 40
0.25
 40
0.25
 40
0.2857142857142857
 40
0.2857142857142857
 40
0.2857142857142857
 40
0.3214285714285714
 40
0.3214285714285714
 40
0.3214285714285714
 40
0.3571428571428571
 40
0.3571428571428571
 40
0.3571428571428571
 40
0.3928571428571428
 40
0.3928571428571428
 40
0.3928571428571428
 40
0.4285714285714285
 40
0.4285714285714285
 40
0.4285714285714285
 40
0.4642857142857142
 40
0.4642857142857142
 40
0.4642857142857142
 40
0.5
 40
0.5
 40
0.5
 40
0.5357142857142857
 40
0.5357142857142857
 40
0.5357142857142857
 40
0.5714285714285714
 40
0.5714285714285714
 40
0.5714285714285714
 40
0.6071428571428571
 40
0.6071428571428571
 40
0.6071428571428571
 40
0.6428571428571428
 40
0.6428571428571428
 40
0.6428571428571428
 40
0.6785714285714285
 40
0.6785714285714285
 40
0.6785714285714285
 40
0.7142857142857142
 40
0.7142857142857142
 40
0.7142857142857142
 40
0.75
 40
0.75
 40
0.75
 40
0.7857142857142857
 40
0.7857142857142857
 40
0.7857142857142857
 40
0.8214285714285714
 40
0.8214285714285714
 40
0.8214285714285714
 40
0.8571428571428571
 40
0.8571428571428571
 40
0.8571428571428571
 40
0.8928571428571428
 40
0.8928571428571428
 40
0.8928571428571428
 40
0.9285714285714285
 40
0.9285714285714285
 40
0.9285714285714285
 40
0.9642857142857142
 40
0.9642857142857142
 40
0.9642857142857142
 40
1.0
 40
1.0
 40
1.0
 40
1.0
 10
-471.6409
 20
58.0562
 30
0.0
 10
-471.8494
 20
57.8977
 30
0.0
 10
-471.9833
 20
57.8158
 30
0.0
 10
-472.0476
 20
57.8158
 30
0.0
 10
-472.1095
 20
57.8158
 30
0.0
 10
-472.1172
 20
57.8826
 30
0.0
 10
-472.0673
 20
58.0165
 30
0.0
 10
-472.0202
 20
58.1504
 30
0.0
 10
-471.9161
 20
58.3342
 30
0.0
 10
-471.7548
 20
58.5722
 30
0.0
 10
-471.5963
 20
58.8102
 30
0.0
 10
-471.4227
 20
59.0456
 30
0.0
 10
-471.2343
 20
59.284
 30
0.0
 10
-471.2343
 20
59.284
 30
0.0
 10
-471.1376
 20
59.4302
 30
0.0
 10
-471.1376
 20
59.4302
 30
0.0
 10
-471.1376
 20
59.4302
 30
0.0
 10
-471.1376
 20
59.4724
 30
0.0
 10
-471.1376
 20
59.4724
 30
0.0
 10
-471.3334
 20
59.5469
 30
0.0
 10
-471.5467
 20
59.6337
 30
0.0
 10
-471.7847
 20
59.7377
 30
0.0
 10
-472.0226
 20
59.8418
 30
0.0
 10
-472.1418
 20
59.9384
 30
0.0
 10
-472.1418
 20
60.0252
 30
0.0
 10
-472.1418
 20
60.2586
 30
0.0
 10
-471.8219
 20
60.7521
 30
0.0
 10
-471.1822
 20
61.5085
 30
0.0
 10
-470.8522
 20
61.9524
 30
0.0
 10
-470.6786
 20
62.1756
 30
0.0
 10
-470.6589
 20
62.1756
 30
0.0
 10
-470.3686
 20
62.4435
 30
0.0
 10
-470.0737
 20
62.5746
 30
0.0
 10
-469.7735
 20
62.5746
 30
0.0
 10
-469.6224
 20
62.5746
 30
0.0
 10
-469.4835
 20
62.5225
 30
0.0
 10
-469.3545
 20
62.4185
 30
0.0
 10
-469.2255
 20
62.3145
 30
0.0
 10
-469.1633
 20
62.183
 30
0.0
 10
-469.1633
 20
62.0241
 30
0.0
 10
-469.1633
 20
61.9078
 30
0.0
 10
-469.203
 20
61.7985
 30
0.0
 10
-469.2825
 20
61.6994
 30
0.0
 10
-469.3619
 20
61.6002
 30
0.0
 10
-469.461
 20
61.5507
 30
0.0
 10
-469.5777
 20
61.5507
 30
0.0
 10
-469.6048
 20
61.5507
 30
0.0
 10
-469.6818
 20
61.5851
 30
0.0
 10
-469.8009
 20
61.6572
 30
0.0
 10
-469.9222
 20
61.7264
 30
0.0
 10
-470.0638
 20
61.7612
 30
0.0
 10
-470.2223
 20
61.7612
 30
0.0
 10
-470.3538
 20
61.7612
 30
0.0
 10
-470.5053
 20
61.6944
 30
0.0
 10
-470.6736
 20
61.5581
 30
0.0
 10
-470.8424
 20
61.4217
 30
0.0
 10
-470.9267
 20
61.3173
 30
0.0
 10
-470.9267
 20
61.2382
 30
0.0
 10
-470.9267
 20
61.0544
 30
0.0
 10
-470.8178
 20
60.9106
 30
0.0
 10
-470.597
 20
60.8066
 30
0.0
 10
-470.3763
 20
60.7026
 30
0.0
 10
-470.1306
 20
60.6502
 30
0.0
 10
-469.8603
 20
60.6502
 30
0.0
 10
-469.699
 20
60.6502
 30
0.0
 10
-469.4438
 20
60.7321
 30
0.0
 10
-469.0891
 20
60.8983
 30
0.0
 10
-468.8709
 20
61.0073
 30
0.0
 10
-468.6055
 20
61.1612
 30
0.0
 10
-468.2906
 20
61.3546
 30
0.0
 10
-468.241
 20
61.3844
 30
0.0
 10
-468.1964
 20
61.3918
 30
0.0
 10
-468.1567
 20
61.3771
 30
0.0
 10
-468.1145
 20
61.3619
 30
0.0
 10
-468.0948
 20
61.3247
 30
0.0
 10
-468.0948
 20
61.2677
 30
0.0
 10
-468.0948
 20
61.1612
 30
0.0
 10
-468.4393
 20
60.8611
 30
0.0
 10
-469.1264
 20
60.3676
 30
0.0
 10
-469.8132
 20
59.8716
 30
0.0
 10
-470.3984
 20
59.3634
 30
0.0
 10
-470.8772
 20
58.84
 30
0.0
 10
-471.3559
 20
58.3167
 30
0.0
 10
-471.6111
 20
58.0562
 30
0.0
 10
-471.6409
 20
58.0562
 30
0.0
  0
HATCH
  5
75
330
1F
100
AcDbEntity
  8
Layer 1
 62
   250
420
  3617845
100
AcDbHatch
 10
0.0
 20
0.0
 30
0.0
210
0.0
220
0.0
230
1.0
  2
SOLID
 70
     1
 71
     1
 91
        1
 92
        1
 93
        1
 72
     4
 94
        3
 73
     0
 74
     1
 95
       89
 96
       85
 40
0.0
 40
0.0
 40
0.0
 40
0.0
 40
0.0357142857142857
 40
0.0357142857142857
 40
0.0357142857142857
 40
0.0714285714285714
 40
0.0714285714285714
 40
0.0714285714285714
 40
0.1071428571428571
 40
0.1071428571428571
 40
0.1071428571428571
 40
0.1428571428571428
 40
0.1428571428571428
 40
0.1428571428571428
 40
0.1785714285714285
 40
0.1785714285714285
 40
0.1785714285714285
 40
0.2142857142857143
 40
0.2142857142857143
 40
0.2142857142857143
 40
0.25
 40
0.25
 40
0.25
 40
0.2857142857142857
 40
0.2857142857142857
 40
0.2857142857142857
 40
0.3214285714285714
 40
0.3214285714285714
 40
0.3214285714285714
 40
0.3571428571428571
 40
0.3571428571428571
 40
0.3571428571428571
 40
0.3928571428571428
 40
0.3928571428571428
 40
0.3928571428571428
 40
0.4285714285714285
 40
0.4285714285714285
 40
0.4285714285714285
 40
0.4642857142857142
 40
0.4642857142857142
 40
0.4642857142857142
 40
0.5
 40
0.5
 40
0.5
 40
0.5357142857142857
 40
0.5357142857142857
 40
0.5357142857142857
 40
0.5714285714285714
 40
0.5714285714285714
 40
0.5714285714285714
 40
0.6071428571428571
 40
0.6071428571428571
 40
0.6071428571428571
 40
0.6428571428571428
 40
0.6428571428571428
 40
0.6428571428571428
 40
0.6785714285714285
 40
0.6785714285714285
 40
0.6785714285714285
 40
0.7142857142857142
 40
0.7142857142857142
 40
0.7142857142857142
 40
0.75
 40
0.75
 40
0.75
 40
0.7857142857142857
 40
0.7857142857142857
 40
0.7857142857142857
 40
0.8214285714285714
 40
0.8214285714285714
 40
0.8214285714285714
 40
0.8571428571428571
 40
0.8571428571428571
 40
0.8571428571428571
 40
0.8928571428571428
 40
0.8928571428571428
 40
0.8928571428571428
 40
0.9285714285714285
 40
0.9285714285714285
 40
0.9285714285714285
 40
0.9642857142857142
 40
0.9642857142857142
 40
0.9642857142857142
 40
1.0
 40
1.0
 40
1.0
 40
1.0
 10
-471.6409
 20
58.0562
 10
-471.8494
 20
57.8977
 10
-471.9833
 20
57.8158
 10
-472.0476
 20
57.8158
 10
-472.1095
 20
57.8158
 10
-472.1172
 20
57.8826
 10
-472.0673
 20
58.0165
 10
-472.0202
 20
58.1504
 10
-471.9161
 20
58.3342
 10
-471.7548
 20
58.5722
 10
-471.5963
 20
58.8102
 10
-471.4227
 20
59.0456
 10
-471.2343
 20
59.284
 10
-471.2343
 20
59.284
 10
-471.1376
 20
59.4302
 10
-471.1376
 20
59.4302
 10
-471.1376
 20
59.4302
 10
-471.1376
 20
59.4724
 10
-471.1376
 20
59.4724
 10
-471.3334
 20
59.5469
 10
-471.5467
 20
59.6337
 10
-471.7847
 20
59.7377
 10
-472.0226
 20
59.8418
 10
-472.1418
 20
59.9384
 10
-472.1418
 20
60.0252
 10
-472.1418
 20
60.2586
 10
-471.8219
 20
60.7521
 10
-471.1822
 20
61.5085
 10
-470.8522
 20
61.9524
 10
-470.6786
 20
62.1756
 10
-470.6589
 20
62.1756
 10
-470.3686
 20
62.4435
 10
-470.0737
 20
62.5746
 10
-469.7735
 20
62.5746
 10
-469.6224
 20
62.5746
 10
-469.4835
 20
62.5225
 10
-469.3545
 20
62.4185
 10
-469.2255
 20
62.3145
 10
-469.1633
 20
62.183
 10
-469.1633
 20
62.0241
 10
-469.1633
 20
61.9078
 10
-469.203
 20
61.7985
 10
-469.2825
 20
61.6994
 10
-469.3619
 20
61.6002
 10
-469.461
 20
61.5507
 10
-469.5777
 20
61.5507
 10
-469.6048
 20
61.5507
 10
-469.6818
 20
61.5851
 10
-469.8009
 20
61.6572
 10
-469.9222
 20
61.7264
 10
-470.0638
 20
61.7612
 10
-470.2223
 20
61.7612
 10
-470.3538
 20
61.7612
 10
-470.5053
 20
61.6944
 10
-470.6736
 20
61.5581
 10
-470.8424
 20
61.4217
 10
-470.9267
 20
61.3173
 10
-470.9267
 20
61.2382
 10
-470.9267
 20
61.0544
 10
-470.8178
 20
60.9106
 10
-470.597
 20
60.8066
 10
-470.3763
 20
60.7026
 10
-470.1306
 20
60.6502
 10
-469.8603
 20
60.6502
 10
-469.699
 20
60.6502
 10
-469.4438
 20
60.7321
 10
-469.0891
 20
60.8983
 10
-468.8709
 20
61.0073
 10
-468.6055
 20
61.1612
 10
-468.2906
 20
61.3546
 10
-468.241
 20
61.3844
 10
-468.1964
 20
61.3918
 10
-468.1567
 20
61.3771
 10
-468.1145
 20
61.3619
 10
-468.0948
 20
61.3247
 10
-468.0948
 20
61.2677
 10
-468.0948
 20
61.1612
 10
-468.4393
 20
60.8611
 10
-469.1264
 20
60.3676
 10
-469.8132
 20
59.8716
 10
-470.3984
 20
59.3634
 10
-470.8772
 20
58.84
 10
-471.3559
 20
58.3167
 10
-471.6111
 20
58.0562
 10
-471.6409
 20
58.0562
 97
        1
330
74
 75
     0
 76
     1
 98
        1
 10
0.0
 20
0.0
  0
SPLINE
  5
76
102
{ACAD_REACTORS
330
77
102
}
330
1F
100
AcDbEntity
  8
Layer 1
 62
   250
100
AcDbSpline
210
0.0
220
0.0
230
1.0
 70
    11
 71
     3
 72
    74
 73
    70
 74
     0
 42
0.0000000001
 43
0.0000000001
 40
0.0
 40
0.0
 40
0.0
 40
0.0
 40
0.0434782608695652
 40
0.0434782608695652
 40
0.0434782608695652
 40
0.0869565217391304
 40
0.0869565217391304
 40
0.0869565217391304
 40
0.1304347826086956
 40
0.1304347826086956
 40
0.1304347826086956
 40
0.1739130434782609
 40
0.1739130434782609
 40
0.1739130434782609
 40
0.2173913043478261
 40
0.2173913043478261
 40
0.2173913043478261
 40
0.2608695652173913
 40
0.2608695652173913
 40
0.2608695652173913
 40
0.3043478260869565
 40
0.3043478260869565
 40
0.3043478260869565
 40
0.3478260869565217
 40
0.3478260869565217
 40
0.3478260869565217
 40
0.3913043478260869
 40
0.3913043478260869
 40
0.3913043478260869
 40
0.4347826086956522
 40
0.4347826086956522
 40
0.4347826086956522
 40
0.4782608695652174
 40
0.4782608695652174
 40
0.4782608695652174
 40
0.5217391304347826
 40
0.5217391304347826
 40
0.5217391304347826
 40
0.5652173913043478
 40
0.5652173913043478
 40
0.5652173913043478
 40
0.6086956521739131
 40
0.6086956521739131
 40
0.6086956521739131
 40
0.6521739130434783
 40
0.6521739130434783
 40
0.6521739130434783
 40
0.6956521739130435
 40
0.6956521739130435
 40
0.6956521739130435
 40
0.7391304347826086
 40
0.7391304347826086
 40
0.7391304347826086
 40
0.7826086956521738
 40
0.7826086956521738
 40
0.7826086956521738
 40
0.8260869565217391
 40
0.8260869565217391
 40
0.8260869565217391
 40
0.8695652173913043
 40
0.8695652173913043
 40
0.8695652173913043
 40
0.9130434782608695
 40
0.9130434782608695
 40
0.9130434782608695
 40
0.9565217391304348
 40
0.9565217391304348
 40
0.9565217391304348
 40
1.0
 40
1.0
 40
1.0
 40
1.0
 10
-465.4362
 20
64.0403
 30
0.0
 10
-465.4558
 20
63.512
 30
0.0
 10
-465.4685
 20
63.0385
 30
0.0
 10
-465.4759
 20
62.6192
 30
0.0
 10
-465.4833
 20
62.2002
 30
0.0
 10
-465.5029
 20
61.8456
 30
0.0
 10
-465.5377
 20
61.5556
 30
0.0
 10
-465.5947
 20
60.9307
 30
0.0
 10
-465.7163
 20
60.3774
 30
0.0
 10
-465.8973
 20
59.8938
 30
0.0
 10
-466.0783
 20
59.413
 30
0.0
 10
-466.2221
 20
59.0931
 30
0.0
 10
-466.3265
 20
58.9318
 30
0.0
 10
-466.4305
 20
58.7729
 30
0.0
 10
-466.5173
 20
58.6566
 30
0.0
 10
-466.5845
 20
58.582
 30
0.0
 10
-466.6611
 20
58.51
 30
0.0
 10
-466.7208
 20
58.4854
 30
0.0
 10
-466.763
 20
58.51
 30
0.0
 10
-466.8024
 20
58.5349
 30
0.0
 10
-466.82
 20
58.5771
 30
0.0
 10
-466.8101
 20
58.6341
 30
0.0
 10
-466.8101
 20
58.6492
 30
0.0
 10
-466.7655
 20
58.8699
 30
0.0
 10
-466.6787
 20
59.2963
 30
0.0
 10
-466.5918
 20
59.7205
 30
0.0
 10
-466.537
 20
60.1346
 30
0.0
 10
-466.5149
 20
60.5338
 30
0.0
 10
-466.4924
 20
60.9331
 30
0.0
 10
-466.4899
 20
61.4983
 30
0.0
 10
-466.505
 20
62.2276
 30
0.0
 10
-466.5198
 20
62.9566
 30
0.0
 10
-466.5026
 20
63.5144
 30
0.0
 10
-466.453
 20
63.9014
 30
0.0
 10
-466.4231
 20
64.1246
 30
0.0
 10
-466.376
 20
64.3576
 30
0.0
 10
-466.3089
 20
64.5984
 30
0.0
 10
-466.2397
 20
64.8413
 30
0.0
 10
-466.1602
 20
65.0768
 30
0.0
 10
-466.0709
 20
65.3077
 30
0.0
 10
-465.9817
 20
65.5383
 30
0.0
 10
-465.8899
 20
65.7566
 30
0.0
 10
-465.7908
 20
65.9646
 30
0.0
 10
-465.6942
 20
66.1731
 30
0.0
 10
-465.6049
 20
66.3565
 30
0.0
 10
-465.523
 20
66.5179
 30
0.0
 10
-465.4558
 20
66.6195
 30
0.0
 10
-465.3964
 20
66.6592
 30
0.0
 10
-465.3493
 20
66.6367
 30
0.0
 10
-465.2998
 20
66.6145
 30
0.0
 10
-465.2798
 20
66.5748
 30
0.0
 10
-465.2822
 20
66.5179
 30
0.0
 10
-465.2924
 20
66.4831
 30
0.0
 10
-465.3047
 20
66.4086
 30
0.0
 10
-465.317
 20
66.2947
 30
0.0
 10
-465.3293
 20
66.1805
 30
0.0
 10
-465.3395
 20
66.0465
 30
0.0
 10
-465.3518
 20
65.888
 30
0.0
 10
-465.3641
 20
65.7316
 30
0.0
 10
-465.3764
 20
65.5629
 30
0.0
 10
-465.3841
 20
65.3843
 30
0.0
 10
-465.394
 20
65.2033
 30
0.0
 10
-465.4038
 20
65.0297
 30
0.0
 10
-465.4112
 20
64.8564
 30
0.0
 10
-465.4186
 20
64.6852
 30
0.0
 10
-465.4239
 20
64.5264
 30
0.0
 10
-465.4288
 20
64.3801
 30
0.0
 10
-465.4337
 20
64.2364
 30
0.0
 10
-465.4362
 20
64.1222
 30
0.0
 10
-465.4362
 20
64.0403
 30
0.0
  0
HATCH
  5
77
330
1F
100
AcDbEntity
  8
Layer 1
 62
   250
420
  3617845
100
AcDbHatch
 10
0.0
 20
0.0
 30
0.0
210
0.0
220
0.0
230
1.0
  2
SOLID
 70
     1
 71
     1
 91
        1
 92
        1
 93
        1
 72
     4
 94
        3
 73
     0
 74
     1
 95
       74
 96
       70
 40
0.0
 40
0.0
 40
0.0
 40
0.0
 40
0.0434782608695652
 40
0.0434782608695652
 40
0.0434782608695652
 40
0.0869565217391304
 40
0.0869565217391304
 40
0.0869565217391304
 40
0.1304347826086956
 40
0.1304347826086956
 40
0.1304347826086956
 40
0.1739130434782609
 40
0.1739130434782609
 40
0.1739130434782609
 40
0.2173913043478261
 40
0.2173913043478261
 40
0.2173913043478261
 40
0.2608695652173913
 40
0.2608695652173913
 40
0.2608695652173913
 40
0.3043478260869565
 40
0.3043478260869565
 40
0.3043478260869565
 40
0.3478260869565217
 40
0.3478260869565217
 40
0.3478260869565217
 40
0.3913043478260869
 40
0.3913043478260869
 40
0.3913043478260869
 40
0.4347826086956522
 40
0.4347826086956522
 40
0.4347826086956522
 40
0.4782608695652174
 40
0.4782608695652174
 40
0.4782608695652174
 40
0.5217391304347826
 40
0.5217391304347826
 40
0.5217391304347826
 40
0.5652173913043478
 40
0.5652173913043478
 40
0.5652173913043478
 40
0.6086956521739131
 40
0.6086956521739131
 40
0.6086956521739131
 40
0.6521739130434783
 40
0.6521739130434783
 40
0.6521739130434783
 40
0.6956521739130435
 40
0.6956521739130435
 40
0.6956521739130435
 40
0.7391304347826086
 40
0.7391304347826086
 40
0.7391304347826086
 40
0.7826086956521738
 40
0.7826086956521738
 40
0.7826086956521738
 40
0.8260869565217391
 40
0.8260869565217391
 40
0.8260869565217391
 40
0.8695652173913043
 40
0.8695652173913043
 40
0.8695652173913043
 40
0.9130434782608695
 40
0.9130434782608695
 40
0.9130434782608695
 40
0.9565217391304348
 40
0.9565217391304348
 40
0.9565217391304348
 40
1.0
 40
1.0
 40
1.0
 40
1.0
 10
-465.4362
 20
64.0403
 10
-465.4558
 20
63.512
 10
-465.4685
 20
63.0385
 10
-465.4759
 20
62.6192
 10
-465.4833
 20
62.2002
 10
-465.5029
 20
61.8456
 10
-465.5377
 20
61.5556
 10
-465.5947
 20
60.9307
 10
-465.7163
 20
60.3774
 10
-465.8973
 20
59.8938
 10
-466.0783
 20
59.413
 10
-466.2221
 20
59.0931
 10
-466.3265
 20
58.9318
 10
-466.4305
 20
58.7729
 10
-466.5173
 20
58.6566
 10
-466.5845
 20
58.582
 10
-466.6611
 20
58.51
 10
-466.7208
 20
58.4854
 10
-466.763
 20
58.51
 10
-466.8024
 20
58.5349
 10
-466.82
 20
58.5771
 10
-466.8101
 20
58.6341
 10
-466.8101
 20
58.6492
 10
-466.7655
 20
58.8699
 10
-466.6787
 20
59.2963
 10
-466.5918
 20
59.7205
 10
-466.537
 20
60.1346
 10
-466.5149
 20
60.5338
 10
-466.4924
 20
60.9331
 10
-466.4899
 20
61.4983
 10
-466.505
 20
62.2276
 10
-466.5198
 20
62.9566
 10
-466.5026
 20
63.5144
 10
-466.453
 20
63.9014
 10
-466.4231
 20
64.1246
 10
-466.376
 20
64.3576
 10
-466.3089
 20
64.5984
 10
-466.2397
 20
64.8413
 10
-466.1602
 20
65.0768
 10
-466.0709
 20
65.3077
 10
-465.9817
 20
65.5383
 10
-465.8899
 20
65.7566
 10
-465.7908
 20
65.9646
 10
-465.6942
 20
66.1731
 10
-465.6049
 20
66.3565
 10
-465.523
 20
66.5179
 10
-465.4558
 20
66.6195
 10
-465.3964
 20
66.6592
 10
-465.3493
 20
66.6367
 10
-465.2998
 20
66.6145
 10
-465.2798
 20
66.5748
 10
-465.2822
 20
66.5179
 10
-465.2924
 20
66.4831
 10
-465.3047
 20
66.4086
 10
-465.317
 20
66.2947
 10
-465.3293
 20
66.1805
 10
-465.3395
 20
66.0465
 10
-465.3518
 20
65.888
 10
-465.3641
 20
65.7316
 10
-465.3764
 20
65.5629
 10
-465.3841
 20
65.3843
 10
-465.394
 20
65.2033
 10
-465.4038
 20
65.0297
 10
-465.4112
 20
64.8564
 10
-465.4186
 20
64.6852
 10
-465.4239
 20
64.5264
 10
-465.4288
 20
64.3801
 10
-465.4337
 20
64.2364
 10
-465.4362
 20
64.1222
 10
-465.4362
 20
64.0403
 97
        1
330
76
 75
     0
 76
     1
 98
        1
 10
0.0
 20
0.0
  0
SPLINE
  5
78
102
{ACAD_REACTORS
330
79
102
}
330
1F
100
AcDbEntity
  8
Layer 1
 62
   250
100
AcDbSpline
210
0.0
220
0.0
230
1.0
 70
    11
 71
     3
 72
   131
 73
   127
 74
     0
 42
0.0000000001
 43
0.0000000001
 40
0.0
 40
0.0
 40
0.0
 40
0.0
 40
0.0238095238095238
 40
0.0238095238095238
 40
0.0238095238095238
 40
0.0476190476190476
 40
0.0476190476190476
 40
0.0476190476190476
 40
0.0714285714285714
 40
0.0714285714285714
 40
0.0714285714285714
 40
0.0952380952380952
 40
0.0952380952380952
 40
0.0952380952380952
 40
0.119047619047619
 40
0.119047619047619
 40
0.119047619047619
 40
0.1428571428571428
 40
0.1428571428571428
 40
0.1428571428571428
 40
0.1666666666666667
 40
0.1666666666666667
 40
0.1666666666666667
 40
0.1904761904761905
 40
0.1904761904761905
 40
0.1904761904761905
 40
0.2142857142857143
 40
0.2142857142857143
 40
0.2142857142857143
 40
0.2380952380952381
 40
0.2380952380952381
 40
0.2380952380952381
 40
0.2619047619047619
 40
0.2619047619047619
 40
0.2619047619047619
 40
0.2857142857142857
 40
0.2857142857142857
 40
0.2857142857142857
 40
0.3095238095238095
 40
0.3095238095238095
 40
0.3095238095238095
 40
0.3333333333333333
 40
0.3333333333333333
 40
0.3333333333333333
 40
0.3571428571428571
 40
0.3571428571428571
 40
0.3571428571428571
 40
0.3809523809523809
 40
0.3809523809523809
 40
0.3809523809523809
 40
0.4047619047619048
 40
0.4047619047619048
 40
0.4047619047619048
 40
0.4285714285714285
 40
0.4285714285714285
 40
0.4285714285714285
 40
0.4523809523809523
 40
0.4523809523809523
 40
0.4523809523809523
 40
0.4761904761904762
 40
0.4761904761904762
 40
0.4761904761904762
 40
0.5
 40
0.5
 40
0.5
 40
0.5238095238095237
 40
0.5238095238095237
 40
0.5238095238095237
 40
0.5476190476190476
 40
0.5476190476190476
 40
0.5476190476190476
 40
0.5714285714285714
 40
0.5714285714285714
 40
0.5714285714285714
 40
0.5952380952380952
 40
0.5952380952380952
 40
0.5952380952380952
 40
0.6190476190476191
 40
0.6190476190476191
 40
0.6190476190476191
 40
0.6428571428571428
 40
0.6428571428571428
 40
0.6428571428571428
 40
0.6666666666666666
 40
0.6666666666666666
 40
0.6666666666666666
 40
0.6904761904761905
 40
0.6904761904761905
 40
0.6904761904761905
 40
0.7142857142857142
 40
0.7142857142857142
 40
0.7142857142857142
 40
0.738095238095238
 40
0.738095238095238
 40
0.738095238095238
 40
0.7619047619047619
 40
0.7619047619047619
 40
0.7619047619047619
 40
0.7857142857142857
 40
0.7857142857142857
 40
0.7857142857142857
 40
0.8095238095238095
 40
0.8095238095238095
 40
0.8095238095238095
 40
0.8333333333333333
 40
0.8333333333333333
 40
0.8333333333333333
 40
0.8571428571428571
 40
0.8571428571428571
 40
0.8571428571428571
 40
0.8809523809523809
 40
0.8809523809523809
 40
0.8809523809523809
 40
0.9047619047619047
 40
0.9047619047619047
 40
0.9047619047619047
 40
0.9285714285714285
 40
0.9285714285714285
 40
0.9285714285714285
 40
0.9523809523809523
 40
0.9523809523809523
 40
0.9523809523809523
 40
0.9761904761904762
 40
0.9761904761904762
 40
0.9761904761904762
 40
1.0
 40
1.0
 40
1.0
 40
1.0
 10
-458.9316
 20
64.1197
 30
0.0
 10
-458.8546
 20
64.1545
 30
0.0
 10
-458.7776
 20
64.1766
 30
0.0
 10
-458.6957
 20
64.1917
 30
0.0
 10
-458.6957
 20
64.1917
 30
0.0
 10
-458.5586
 20
64.2174
 30
0.0
 10
-458.5586
 20
64.2174
 30
0.0
 10
-458.5586
 20
64.2174
 30
0.0
 10
-458.533
 20
64.2318
 30
0.0
 10
-458.533
 20
64.2318
 30
0.0
 10
-458.2676
 20
64.2838
 30
0.0
 10
-457.9826
 20
64.3088
 30
0.0
 10
-457.6799
 20
64.3039
 30
0.0
 10
-457.3773
 20
64.2986
 30
0.0
 10
-457.2385
 20
64.2961
 30
0.0
 10
-457.261
 20
64.2961
 30
0.0
 10
-457.107
 20
64.2961
 30
0.0
 10
-456.9485
 20
64.4054
 30
0.0
 10
-456.7896
 20
64.6237
 30
0.0
 10
-456.7253
 20
64.7105
 30
0.0
 10
-456.616
 20
64.8691
 30
0.0
 10
-456.4547
 20
65.0947
 30
0.0
 10
-456.358
 20
65.2262
 30
0.0
 10
-456.1946
 20
65.4346
 30
0.0
 10
-455.9612
 20
65.7172
 30
0.0
 10
-455.7281
 20
66.0001
 30
0.0
 10
-455.4877
 20
66.171
 30
0.0
 10
-455.242
 20
66.2307
 30
0.0
 10
-454.9942
 20
66.2877
 30
0.0
 10
-454.7809
 20
66.3175
 30
0.0
 10
-454.6023
 20
66.3175
 30
0.0
 10
-454.5007
 20
66.4662
 30
0.0
 10
-454.4065
 20
66.6124
 30
0.0
 10
-454.3222
 20
66.7562
 30
0.0
 10
-454.2378
 20
66.9003
 30
0.0
 10
-454.1658
 20
66.9846
 30
0.0
 10
-454.1088
 20
67.0142
 30
0.0
 10
-454.022
 20
67.0564
 30
0.0
 10
-453.97
 20
67.0019
 30
0.0
 10
-453.9552
 20
66.8483
 30
0.0
 10
-453.9552
 20
66.7414
 30
0.0
 10
-454.0073
 20
66.5481
 30
0.0
 10
-454.1088
 20
66.2729
 30
0.0
 10
-454.4238
 20
65.5038
 30
0.0
 10
-454.7039
 20
65.1098
 30
0.0
 10
-454.9521
 20
65.0947
 30
0.0
 10
-455.1158
 20
65.0873
 30
0.0
 10
-455.2719
 20
65.0627
 30
0.0
 10
-455.4157
 20
65.023
 30
0.0
 10
-455.5622
 20
64.9858
 30
0.0
 10
-455.7011
 20
64.9186
 30
0.0
 10
-455.8374
 20
64.8244
 30
0.0
 10
-455.9738
 20
64.7302
 30
0.0
 10
-456.1348
 20
64.5517
 30
0.0
 10
-456.3236
 20
64.2888
 30
0.0
 10
-456.9485
 20
63.235
 30
0.0
 10
-457.3748
 20
62.5876
 30
0.0
 10
-457.603
 20
62.3545
 30
0.0
 10
-457.8311
 20
62.119
 30
0.0
 10
-458.1411
 20
62.0146
 30
0.0
 10
-458.533
 20
62.0445
 30
0.0
 10
-458.5463
 20
62.0484
 30
0.0
 10
-458.5593
 20
62.054
 30
0.0
 10
-458.5724
 20
62.061
 30
0.0
 10
-458.6616
 20
62.0677
 30
0.0
 10
-458.7727
 20
62.0712
 30
0.0
 10
-458.9042
 20
62.0712
 30
0.0
 10
-459.0975
 20
62.0712
 30
0.0
 10
-459.3133
 20
62.0364
 30
0.0
 10
-459.5512
 20
61.9697
 30
0.0
 10
-459.7646
 20
61.9103
 30
0.0
 10
-460.0549
 20
61.7936
 30
0.0
 10
-460.4219
 20
61.6199
 30
0.0
 10
-460.96
 20
61.3247
 30
0.0
 10
-461.4088
 20
60.9479
 30
0.0
 10
-461.7709
 20
60.4917
 30
0.0
 10
-462.1304
 20
60.033
 30
0.0
 10
-462.5621
 20
59.4502
 30
0.0
 10
-463.0679
 20
58.7384
 30
0.0
 10
-463.5712
 20
58.0292
 30
0.0
 10
-464.0847
 20
57.419
 30
0.0
 10
-464.6081
 20
56.9083
 30
0.0
 10
-465.1311
 20
56.3972
 30
0.0
 10
-465.5627
 20
56.018
 30
0.0
 10
-465.905
 20
55.7723
 30
0.0
 10
-466.2446
 20
55.5245
 30
0.0
 10
-466.562
 20
55.316
 30
0.0
 10
-466.8523
 20
55.1424
 30
0.0
 10
-467.1423
 20
54.9712
 30
0.0
 10
-467.4547
 20
54.8176
 30
0.0
 10
-467.7897
 20
54.6813
 30
0.0
 10
-467.8192
 20
54.6661
 30
0.0
 10
-467.854
 20
54.6538
 30
0.0
 10
-467.8987
 20
54.6391
 30
0.0
 10
-467.9507
 20
54.6141
 30
0.0
 10
-468.0104
 20
54.592
 30
0.0
 10
-468.0723
 20
54.5719
 30
0.0
 10
-468.1988
 20
54.5199
 30
0.0
 10
-468.3004
 20
54.5199
 30
0.0
 10
-468.3774
 20
54.5719
 30
0.0
 10
-468.402
 20
54.6067
 30
0.0
 10
-468.37
 20
54.6739
 30
0.0
 10
-468.2832
 20
54.7755
 30
0.0
 10
-468.1714
 20
54.8921
 30
0.0
 10
-467.9633
 20
55.0707
 30
0.0
 10
-467.6583
 20
55.3136
 30
0.0
 10
-467.3085
 20
55.5368
 30
0.0
 10
-466.9166
 20
55.8243
 30
0.0
 10
-466.4776
 20
56.1789
 30
0.0
 10
-466.039
 20
56.5311
 30
0.0
 10
-465.5901
 20
56.9578
 30
0.0
 10
-465.1262
 20
57.4538
 30
0.0
 10
-464.665
 20
57.9497
 30
0.0
 10
-464.226
 20
58.5251
 30
0.0
 10
-463.8144
 20
59.1796
 30
0.0
 10
-463.6158
 20
59.44
 30
0.0
 10
-463.4299
 20
59.7152
 30
0.0
 10
-463.2562
 20
60.0006
 30
0.0
 10
-462.6116
 20
60.9356
 30
0.0
 10
-462.1951
 20
61.5159
 30
0.0
 10
-462.0064
 20
61.744
 30
0.0
 10
-461.4535
 20
62.4259
 30
0.0
 10
-460.9203
 20
62.9492
 30
0.0
 10
-460.4043
 20
63.3137
 30
0.0
 10
-459.8887
 20
63.6758
 30
0.0
 10
-459.3976
 20
63.9461
 30
0.0
 10
-458.9316
 20
64.1197
 30
0.0
  0
HATCH
  5
79
330
1F
100
AcDbEntity
  8
Layer 1
 62
   250
420
  3617845
100
AcDbHatch
 10
0.0
 20
0.0
 30
0.0
210
0.0
220
0.0
230
1.0
  2
SOLID
 70
     1
 71
     1
 91
        1
 92
        1
 93
        1
 72
     4
 94
        3
 73
     0
 74
     1
 95
      131
 96
      127
 40
0.0
 40
0.0
 40
0.0
 40
0.0
 40
0.0238095238095238
 40
0.0238095238095238
 40
0.0238095238095238
 40
0.0476190476190476
 40
0.0476190476190476
 40
0.0476190476190476
 40
0.0714285714285714
 40
0.0714285714285714
 40
0.0714285714285714
 40
0.0952380952380952
 40
0.0952380952380952
 40
0.0952380952380952
 40
0.119047619047619
 40
0.119047619047619
 40
0.119047619047619
 40
0.1428571428571428
 40
0.1428571428571428
 40
0.1428571428571428
 40
0.1666666666666667
 40
0.1666666666666667
 40
0.1666666666666667
 40
0.1904761904761905
 40
0.1904761904761905
 40
0.1904761904761905
 40
0.2142857142857143
 40
0.2142857142857143
 40
0.2142857142857143
 40
0.2380952380952381
 40
0.2380952380952381
 40
0.2380952380952381
 40
0.2619047619047619
 40
0.2619047619047619
 40
0.2619047619047619
 40
0.2857142857142857
 40
0.2857142857142857
 40
0.2857142857142857
 40
0.3095238095238095
 40
0.3095238095238095
 40
0.3095238095238095
 40
0.3333333333333333
 40
0.3333333333333333
 40
0.3333333333333333
 40
0.3571428571428571
 40
0.3571428571428571
 40
0.3571428571428571
 40
0.3809523809523809
 40
0.3809523809523809
 40
0.3809523809523809
 40
0.4047619047619048
 40
0.4047619047619048
 40
0.4047619047619048
 40
0.4285714285714285
 40
0.4285714285714285
 40
0.4285714285714285
 40
0.4523809523809523
 40
0.4523809523809523
 40
0.4523809523809523
 40
0.4761904761904762
 40
0.4761904761904762
 40
0.4761904761904762
 40
0.5
 40
0.5
 40
0.5
 40
0.5238095238095237
 40
0.5238095238095237
 40
0.5238095238095237
 40
0.5476190476190476
 40
0.5476190476190476
 40
0.5476190476190476
 40
0.5714285714285714
 40
0.5714285714285714
 40
0.5714285714285714
 40
0.5952380952380952
 40
0.5952380952380952
 40
0.5952380952380952
 40
0.6190476190476191
 40
0.6190476190476191
 40
0.6190476190476191
 40
0.6428571428571428
 40
0.6428571428571428
 40
0.6428571428571428
 40
0.6666666666666666
 40
0.6666666666666666
 40
0.6666666666666666
 40
0.6904761904761905
 40
0.6904761904761905
 40
0.6904761904761905
 40
0.7142857142857142
 40
0.7142857142857142
 40
0.7142857142857142
 40
0.738095238095238
 40
0.738095238095238
 40
0.738095238095238
 40
0.7619047619047619
 40
0.7619047619047619
 40
0.7619047619047619
 40
0.7857142857142857
 40
0.7857142857142857
 40
0.7857142857142857
 40
0.8095238095238095
 40
0.8095238095238095
 40
0.8095238095238095
 40
0.8333333333333333
 40
0.8333333333333333
 40
0.8333333333333333
 40
0.8571428571428571
 40
0.8571428571428571
 40
0.8571428571428571
 40
0.8809523809523809
 40
0.8809523809523809
 40
0.8809523809523809
 40
0.9047619047619047
 40
0.9047619047619047
 40
0.9047619047619047
 40
0.9285714285714285
 40
0.9285714285714285
 40
0.9285714285714285
 40
0.9523809523809523
 40
0.9523809523809523
 40
0.9523809523809523
 40
0.9761904761904762
 40
0.9761904761904762
 40
0.9761904761904762
 40
1.0
 40
1.0
 40
1.0
 40
1.0
 10
-458.9316
 20
64.1197
 10
-458.8546
 20
64.1545
 10
-458.7776
 20
64.1766
 10
-458.6957
 20
64.1917
 10
-458.6957
 20
64.1917
 10
-458.5586
 20
64.2174
 10
-458.5586
 20
64.2174
 10
-458.5586
 20
64.2174
 10
-458.533
 20
64.2318
 10
-458.533
 20
64.2318
 10
-458.2676
 20
64.2838
 10
-457.9826
 20
64.3088
 10
-457.6799
 20
64.3039
 10
-457.3773
 20
64.2986
 10
-457.2385
 20
64.2961
 10
-457.261
 20
64.2961
 10
-457.107
 20
64.2961
 10
-456.9485
 20
64.4054
 10
-456.7896
 20
64.6237
 10
-456.7253
 20
64.7105
 10
-456.616
 20
64.8691
 10
-456.4547
 20
65.0947
 10
-456.358
 20
65.2262
 10
-456.1946
 20
65.4346
 10
-455.9612
 20
65.7172
 10
-455.7281
 20
66.0001
 10
-455.4877
 20
66.171
 10
-455.242
 20
66.2307
 10
-454.9942
 20
66.2877
 10
-454.7809
 20
66.3175
 10
-454.6023
 20
66.3175
 10
-454.5007
 20
66.4662
 10
-454.4065
 20
66.6124
 10
-454.3222
 20
66.7562
 10
-454.2378
 20
66.9003
 10
-454.1658
 20
66.9846
 10
-454.1088
 20
67.0142
 10
-454.022
 20
67.0564
 10
-453.97
 20
67.0019
 10
-453.9552
 20
66.8483
 10
-453.9552
 20
66.7414
 10
-454.0073
 20
66.5481
 10
-454.1088
 20
66.2729
 10
-454.4238
 20
65.5038
 10
-454.7039
 20
65.1098
 10
-454.9521
 20
65.0947
 10
-455.1158
 20
65.0873
 10
-455.2719
 20
65.0627
 10
-455.4157
 20
65.023
 10
-455.5622
 20
64.9858
 10
-455.7011
 20
64.9186
 10
-455.8374
 20
64.8244
 10
-455.9738
 20
64.7302
 10
-456.1348
 20
64.5517
 10
-456.3236
 20
64.2888
 10
-456.9485
 20
63.235
 10
-457.3748
 20
62.5876
 10
-457.603
 20
62.3545
 10
-457.8311
 20
62.119
 10
-458.1411
 20
62.0146
 10
-458.533
 20
62.0445
 10
-458.5463
 20
62.0484
 10
-458.5593
 20
62.054
 10
-458.5724
 20
62.061
 10
-458.6616
 20
62.0677
 10
-458.7727
 20
62.0712
 10
-458.9042
 20
62.0712
 10
-459.0975
 20
62.0712
 10
-459.3133
 20
62.0364
 10
-459.5512
 20
61.9697
 10
-459.7646
 20
61.9103
 10
-460.0549
 20
61.7936
 10
-460.4219
 20
61.6199
 10
-460.96
 20
61.3247
 10
-461.4088
 20
60.9479
 10
-461.7709
 20
60.4917
 10
-462.1304
 20
60.033
 10
-462.5621
 20
59.4502
 10
-463.0679
 20
58.7384
 10
-463.5712
 20
58.0292
 10
-464.0847
 20
57.419
 10
-464.6081
 20
56.9083
 10
-465.1311
 20
56.3972
 10
-465.5627
 20
56.018
 10
-465.905
 20
55.7723
 10
-466.2446
 20
55.5245
 10
-466.562
 20
55.316
 10
-466.8523
 20
55.1424
 10
-467.1423
 20
54.9712
 10
-467.4547
 20
54.8176
 10
-467.7897
 20
54.6813
 10
-467.8192
 20
54.6661
 10
-467.854
 20
54.6538
 10
-467.8987
 20
54.6391
 10
-467.9507
 20
54.6141
 10
-468.0104
 20
54.592
 10
-468.0723
 20
54.5719
 10
-468.1988
 20
54.5199
 10
-468.3004
 20
54.5199
 10
-468.3774
 20
54.5719
 10
-468.402
 20
54.6067
 10
-468.37
 20
54.6739
 10
-468.2832
 20
54.7755
 10
-468.1714
 20
54.8921
 10
-467.9633
 20
55.0707
 10
-467.6583
 20
55.3136
 10
-467.3085
 20
55.5368
 10
-466.9166
 20
55.8243
 10
-466.4776
 20
56.1789
 10
-466.039
 20
56.5311
 10
-465.5901
 20
56.9578
 10
-465.1262
 20
57.4538
 10
-464.665
 20
57.9497
 10
-464.226
 20
58.5251
 10
-463.8144
 20
59.1796
 10
-463.6158
 20
59.44
 10
-463.4299
 20
59.7152
 10
-463.2562
 20
60.0006
 10
-462.6116
 20
60.9356
 10
-462.1951
 20
61.5159
 10
-462.0064
 20
61.744
 10
-461.4535
 20
62.4259
 10
-460.9203
 20
62.9492
 10
-460.4043
 20
63.3137
 10
-459.8887
 20
63.6758
 10
-459.3976
 20
63.9461
 10
-458.9316
 20
64.1197
 97
        1
330
78
 75
     0
 76
     1
 98
        1
 10
0.0
 20
0.0
  0
SPLINE
  5
7A
102
{ACAD_REACTORS
330
7B
102
}
330
1F
100
AcDbEntity
  8
Layer 1
 62
   250
100
AcDbSpline
210
0.0
220
0.0
230
1.0
 70
    11
 71
     3
 72
   134
 73
   130
 74
     0
 42
0.0000000001
 43
0.0000000001
 40
0.0
 40
0.0
 40
0.0
 40
0.0
 40
0.0232558139534884
 40
0.0232558139534884
 40
0.0232558139534884
 40
0.0465116279069767
 40
0.0465116279069767
 40
0.0465116279069767
 40
0.0697674418604651
 40
0.0697674418604651
 40
0.0697674418604651
 40
0.0930232558139535
 40
0.0930232558139535
 40
0.0930232558139535
 40
0.1162790697674419
 40
0.1162790697674419
 40
0.1162790697674419
 40
0.1395348837209302
 40
0.1395348837209302
 40
0.1395348837209302
 40
0.1627906976744186
 40
0.1627906976744186
 40
0.1627906976744186
 40
0.186046511627907
 40
0.186046511627907
 40
0.186046511627907
 40
0.2093023255813953
 40
0.2093023255813953
 40
0.2093023255813953
 40
0.2325581395348837
 40
0.2325581395348837
 40
0.2325581395348837
 40
0.2558139534883721
 40
0.2558139534883721
 40
0.2558139534883721
 40
0.2790697674418605
 40
0.2790697674418605
 40
0.2790697674418605
 40
0.3023255813953488
 40
0.3023255813953488
 40
0.3023255813953488
 40
0.3255813953488372
 40
0.3255813953488372
 40
0.3255813953488372
 40
0.3488372093023256
 40
0.3488372093023256
 40
0.3488372093023256
 40
0.3720930232558139
 40
0.3720930232558139
 40
0.3720930232558139
 40
0.3953488372093023
 40
0.3953488372093023
 40
0.3953488372093023
 40
0.4186046511627907
 40
0.4186046511627907
 40
0.4186046511627907
 40
0.4418604651162791
 40
0.4418604651162791
 40
0.4418604651162791
 40
0.4651162790697674
 40
0.4651162790697674
 40
0.4651162790697674
 40
0.4883720930232558
 40
0.4883720930232558
 40
0.4883720930232558
 40
0.5116279069767442
 40
0.5116279069767442
 40
0.5116279069767442
 40
0.5348837209302325
 40
0.5348837209302325
 40
0.5348837209302325
 40
0.5581395348837209
 40
0.5581395348837209
 40
0.5581395348837209
 40
0.5813953488372093
 40
0.5813953488372093
 40
0.5813953488372093
 40
0.6046511627906976
 40
0.6046511627906976
 40
0.6046511627906976
 40
0.627906976744186
 40
0.627906976744186
 40
0.627906976744186
 40
0.6511627906976745
 40
0.6511627906976745
 40
0.6511627906976745
 40
0.6744186046511628
 40
0.6744186046511628
 40
0.6744186046511628
 40
0.6976744186046512
 40
0.6976744186046512
 40
0.6976744186046512
 40
0.7209302325581395
 40
0.7209302325581395
 40
0.7209302325581395
 40
0.7441860465116279
 40
0.7441860465116279
 40
0.7441860465116279
 40
0.7674418604651163
 40
0.7674418604651163
 40
0.7674418604651163
 40
0.7906976744186046
 40
0.7906976744186046
 40
0.7906976744186046
 40
0.813953488372093
 40
0.813953488372093
 40
0.813953488372093
 40
0.8372093023255813
 40
0.8372093023255813
 40
0.8372093023255813
 40
0.8604651162790697
 40
0.8604651162790697
 40
0.8604651162790697
 40
0.8837209302325582
 40
0.8837209302325582
 40
0.8837209302325582
 40
0.9069767441860465
 40
0.9069767441860465
 40
0.9069767441860465
 40
0.9302325581395349
 40
0.9302325581395349
 40
0.9302325581395349
 40
0.9534883720930233
 40
0.9534883720930233
 40
0.9534883720930233
 40
0.9767441860465116
 40
0.9767441860465116
 40
0.9767441860465116
 40
1.0
 40
1.0
 40
1.0
 40
1.0
 10
-449.4731
 20
65.087
 30
0.0
 10
-449.4829
 20
64.804
 30
0.0
 10
-449.4952
 20
64.4596
 30
0.0
 10
-449.5104
 20
64.0476
 30
0.0
 10
-449.5227
 20
63.636
 30
0.0
 10
-449.5325
 20
63.3461
 30
0.0
 10
-449.5374
 20
63.1823
 30
0.0
 10
-449.5525
 20
62.6069
 30
0.0
 10
-449.6144
 20
62.1257
 30
0.0
 10
-449.7209
 20
61.7391
 30
0.0
 10
-449.8277
 20
61.3546
 30
0.0
 10
-449.917
 20
61.0544
 30
0.0
 10
-449.9887
 20
60.8365
 30
0.0
 10
-450.0608
 20
60.6182
 30
0.0
 10
-450.1427
 20
60.3901
 30
0.0
 10
-450.2369
 20
60.1518
 30
0.0
 10
-450.3757
 20
59.7947
 30
0.0
 10
-450.5272
 20
59.492
 30
0.0
 10
-450.6857
 20
59.2442
 30
0.0
 10
-450.9536
 20
58.8376
 30
0.0
 10
-451.1992
 20
58.5325
 30
0.0
 10
-451.4274
 20
58.329
 30
0.0
 10
-451.762
 20
58.039
 30
0.0
 10
-452.1166
 20
57.8977
 30
0.0
 10
-452.4962
 20
57.9075
 30
0.0
 10
-452.6994
 20
57.9125
 30
0.0
 10
-452.8779
 20
57.962
 30
0.0
 10
-453.0294
 20
58.0562
 30
0.0
 10
-453.183
 20
58.1504
 30
0.0
 10
-453.3268
 20
58.2745
 30
0.0
 10
-453.4607
 20
58.4309
 30
0.0
 10
-453.5725
 20
58.5177
 30
0.0
 10
-453.6442
 20
58.5771
 30
0.0
 10
-453.6716
 20
58.6045
 30
0.0
 10
-453.7781
 20
58.7061
 30
0.0
 10
-453.8301
 20
58.8077
 30
0.0
 10
-453.8252
 20
58.9093
 30
0.0
 10
-453.8252
 20
58.9838
 30
0.0
 10
-453.7883
 20
59.0657
 30
0.0
 10
-453.7162
 20
59.1599
 30
0.0
 10
-453.6442
 20
59.2541
 30
0.0
 10
-453.5623
 20
59.3609
 30
0.0
 10
-453.4758
 20
59.4773
 30
0.0
 10
-453.4336
 20
59.5342
 30
0.0
 10
-453.3739
 20
59.621
 30
0.0
 10
-453.3022
 20
59.7377
 30
0.0
 10
-453.2301
 20
59.8544
 30
0.0
 10
-453.1633
 20
60.008
 30
0.0
 10
-453.1061
 20
60.1989
 30
0.0
 10
-453.0467
 20
60.3901
 30
0.0
 10
-453.0045
 20
60.6428
 30
0.0
 10
-452.9746
 20
60.9553
 30
0.0
 10
-452.9451
 20
61.2677
 30
0.0
 10
-452.9275
 20
61.538
 30
0.0
 10
-452.9177
 20
61.7661
 30
0.0
 10
-452.9127
 20
61.9893
 30
0.0
 10
-452.9078
 20
62.2125
 30
0.0
 10
-452.9029
 20
62.4382
 30
0.0
 10
-452.898
 20
62.6638
 30
0.0
 10
-452.9004
 20
62.9071
 30
0.0
 10
-452.9103
 20
63.1675
 30
0.0
 10
-452.8853
 20
63.8371
 30
0.0
 10
-452.7641
 20
64.5636
 30
0.0
 10
-452.5458
 20
65.3474
 30
0.0
 10
-452.4017
 20
65.8803
 30
0.0
 10
-452.1613
 20
66.597
 30
0.0
 10
-451.8266
 20
67.4975
 30
0.0
 10
-451.8115
 20
67.5421
 30
0.0
 10
-451.7943
 20
67.5766
 30
0.0
 10
-451.7718
 20
67.6064
 30
0.0
 10
-451.7497
 20
67.6363
 30
0.0
 10
-451.7321
 20
67.6511
 30
0.0
 10
-451.7173
 20
67.6511
 30
0.0
 10
-451.6702
 20
67.6511
 30
0.0
 10
-451.6481
 20
67.5147
 30
0.0
 10
-451.653
 20
67.2444
 30
0.0
 10
-451.653
 20
67.1129
 30
0.0
 10
-451.7075
 20
66.3217
 30
0.0
 10
-451.8165
 20
64.8687
 30
0.0
 10
-451.9258
 20
63.4153
 30
0.0
 10
-452.015
 20
62.473
 30
0.0
 10
-452.0843
 20
62.0442
 30
0.0
 10
-452.1539
 20
61.6175
 30
0.0
 10
-452.2579
 20
61.2034
 30
0.0
 10
-452.3943
 20
60.8066
 30
0.0
 10
-452.583
 20
60.2164
 30
0.0
 10
-452.8235
 20
59.7103
 30
0.0
 10
-453.1134
 20
59.2889
 30
0.0
 10
-453.0987
 20
59.259
 30
0.0
 10
-453.0393
 20
59.2442
 30
0.0
 10
-452.9373
 20
59.2418
 30
0.0
 10
-452.8358
 20
59.2393
 30
0.0
 10
-452.7489
 20
59.2369
 30
0.0
 10
-452.6772
 20
59.2369
 30
0.0
 10
-452.2804
 20
59.2217
 30
0.0
 10
-451.8811
 20
59.3757
 30
0.0
 10
-451.4818
 20
59.698
 30
0.0
 10
-451.0826
 20
60.0203
 30
0.0
 10
-450.8147
 20
60.3876
 30
0.0
 10
-450.6783
 20
60.8017
 30
0.0
 10
-450.5444
 20
61.2157
 30
0.0
 10
-450.4748
 20
61.5356
 30
0.0
 10
-450.4748
 20
61.7612
 30
0.0
 10
-450.4748
 20
61.9869
 30
0.0
 10
-450.4748
 20
62.2125
 30
0.0
 10
-450.4748
 20
62.4406
 30
0.0
 10
-450.4601
 20
62.7904
 30
0.0
 10
-450.4576
 20
63.2441
 30
0.0
 10
-450.465
 20
63.8072
 30
0.0
 10
-450.4724
 20
64.3678
 30
0.0
 10
-450.4675
 20
64.8785
 30
0.0
 10
-450.4502
 20
65.3372
 30
0.0
 10
-450.4327
 20
65.7935
 30
0.0
 10
-450.3335
 20
66.3242
 30
0.0
 10
-450.1525
 20
66.927
 30
0.0
 10
-449.9715
 20
67.5295
 30
0.0
 10
-449.6763
 20
68.1892
 30
0.0
 10
-449.2696
 20
68.9009
 30
0.0
 10
-449.2151
 20
68.973
 30
0.0
 10
-449.1705
 20
69.0001
 30
0.0
 10
-449.1357
 20
68.9828
 30
0.0
 10
-449.0988
 20
68.9653
 30
0.0
 10
-449.1012
 20
68.844
 30
0.0
 10
-449.1381
 20
68.6159
 30
0.0
 10
-449.1582
 20
68.4124
 30
0.0
 10
-449.188
 20
68.2166
 30
0.0
 10
-449.225
 20
68.0279
 30
0.0
 10
-449.3416
 20
67.1801
 30
0.0
 10
-449.4235
 20
66.2005
 30
0.0
 10
-449.4731
 20
65.087
 30
0.0
  0
HATCH
  5
7B
330
1F
100
AcDbEntity
  8
Layer 1
 62
   250
420
  3617845
100
AcDbHatch
 10
0.0
 20
0.0
 30
0.0
210
0.0
220
0.0
230
1.0
  2
SOLID
 70
     1
 71
     1
 91
        1
 92
        1
 93
        1
 72
     4
 94
        3
 73
     0
 74
     1
 95
      134
 96
      130
 40
0.0
 40
0.0
 40
0.0
 40
0.0
 40
0.0232558139534884
 40
0.0232558139534884
 40
0.0232558139534884
 40
0.0465116279069767
 40
0.0465116279069767
 40
0.0465116279069767
 40
0.0697674418604651
 40
0.0697674418604651
 40
0.0697674418604651
 40
0.0930232558139535
 40
0.0930232558139535
 40
0.0930232558139535
 40
0.1162790697674419
 40
0.1162790697674419
 40
0.1162790697674419
 40
0.1395348837209302
 40
0.1395348837209302
 40
0.1395348837209302
 40
0.1627906976744186
 40
0.1627906976744186
 40
0.1627906976744186
 40
0.186046511627907
 40
0.186046511627907
 40
0.186046511627907
 40
0.2093023255813953
 40
0.2093023255813953
 40
0.2093023255813953
 40
0.2325581395348837
 40
0.2325581395348837
 40
0.2325581395348837
 40
0.2558139534883721
 40
0.2558139534883721
 40
0.2558139534883721
 40
0.2790697674418605
 40
0.2790697674418605
 40
0.2790697674418605
 40
0.3023255813953488
 40
0.3023255813953488
 40
0.3023255813953488
 40
0.3255813953488372
 40
0.3255813953488372
 40
0.3255813953488372
 40
0.3488372093023256
 40
0.3488372093023256
 40
0.3488372093023256
 40
0.3720930232558139
 40
0.3720930232558139
 40
0.3720930232558139
 40
0.3953488372093023
 40
0.3953488372093023
 40
0.3953488372093023
 40
0.4186046511627907
 40
0.4186046511627907
 40
0.4186046511627907
 40
0.4418604651162791
 40
0.4418604651162791
 40
0.4418604651162791
 40
0.4651162790697674
 40
0.4651162790697674
 40
0.4651162790697674
 40
0.4883720930232558
 40
0.4883720930232558
 40
0.4883720930232558
 40
0.5116279069767442
 40
0.5116279069767442
 40
0.5116279069767442
 40
0.5348837209302325
 40
0.5348837209302325
 40
0.5348837209302325
 40
0.5581395348837209
 40
0.5581395348837209
 40
0.5581395348837209
 40
0.5813953488372093
 40
0.5813953488372093
 40
0.5813953488372093
 40
0.6046511627906976
 40
0.6046511627906976
 40
0.6046511627906976
 40
0.627906976744186
 40
0.627906976744186
 40
0.627906976744186
 40
0.6511627906976745
 40
0.6511627906976745
 40
0.6511627906976745
 40
0.6744186046511628
 40
0.6744186046511628
 40
0.6744186046511628
 40
0.6976744186046512
 40
0.6976744186046512
 40
0.6976744186046512
 40
0.7209302325581395
 40
0.7209302325581395
 40
0.7209302325581395
 40
0.7441860465116279
 40
0.7441860465116279
 40
0.7441860465116279
 40
0.7674418604651163
 40
0.7674418604651163
 40
0.7674418604651163
 40
0.7906976744186046
 40
0.7906976744186046
 40
0.7906976744186046
 40
0.813953488372093
 40
0.813953488372093
 40
0.813953488372093
 40
0.8372093023255813
 40
0.8372093023255813
 40
0.8372093023255813
 40
0.8604651162790697
 40
0.8604651162790697
 40
0.8604651162790697
 40
0.8837209302325582
 40
0.8837209302325582
 40
0.8837209302325582
 40
0.9069767441860465
 40
0.9069767441860465
 40
0.9069767441860465
 40
0.9302325581395349
 40
0.9302325581395349
 40
0.9302325581395349
 40
0.9534883720930233
 40
0.9534883720930233
 40
0.9534883720930233
 40
0.9767441860465116
 40
0.9767441860465116
 40
0.9767441860465116
 40
1.0
 40
1.0
 40
1.0
 40
1.0
 10
-449.4731
 20
65.087
 10
-449.4829
 20
64.804
 10
-449.4952
 20
64.4596
 10
-449.5104
 20
64.0476
 10
-449.5227
 20
63.636
 10
-449.5325
 20
63.3461
 10
-449.5374
 20
63.1823
 10
-449.5525
 20
62.6069
 10
-449.6144
 20
62.1257
 10
-449.7209
 20
61.7391
 10
-449.8277
 20
61.3546
 10
-449.917
 20
61.0544
 10
-449.9887
 20
60.8365
 10
-450.0608
 20
60.6182
 10
-450.1427
 20
60.3901
 10
-450.2369
 20
60.1518
 10
-450.3757
 20
59.7947
 10
-450.5272
 20
59.492
 10
-450.6857
 20
59.2442
 10
-450.9536
 20
58.8376
 10
-451.1992
 20
58.5325
 10
-451.4274
 20
58.329
 10
-451.762
 20
58.039
 10
-452.1166
 20
57.8977
 10
-452.4962
 20
57.9075
 10
-452.6994
 20
57.9125
 10
-452.8779
 20
57.962
 10
-453.0294
 20
58.0562
 10
-453.183
 20
58.1504
 10
-453.3268
 20
58.2745
 10
-453.4607
 20
58.4309
 10
-453.5725
 20
58.5177
 10
-453.6442
 20
58.5771
 10
-453.6716
 20
58.6045
 10
-453.7781
 20
58.7061
 10
-453.8301
 20
58.8077
 10
-453.8252
 20
58.9093
 10
-453.8252
 20
58.9838
 10
-453.7883
 20
59.0657
 10
-453.7162
 20
59.1599
 10
-453.6442
 20
59.2541
 10
-453.5623
 20
59.3609
 10
-453.4758
 20
59.4773
 10
-453.4336
 20
59.5342
 10
-453.3739
 20
59.621
 10
-453.3022
 20
59.7377
 10
-453.2301
 20
59.8544
 10
-453.1633
 20
60.008
 10
-453.1061
 20
60.1989
 10
-453.0467
 20
60.3901
 10
-453.0045
 20
60.6428
 10
-452.9746
 20
60.9553
 10
-452.9451
 20
61.2677
 10
-452.9275
 20
61.538
 10
-452.9177
 20
61.7661
 10
-452.9127
 20
61.9893
 10
-452.9078
 20
62.2125
 10
-452.9029
 20
62.4382
 10
-452.898
 20
62.6638
 10
-452.9004
 20
62.9071
 10
-452.9103
 20
63.1675
 10
-452.8853
 20
63.8371
 10
-452.7641
 20
64.5636
 10
-452.5458
 20
65.3474
 10
-452.4017
 20
65.8803
 10
-452.1613
 20
66.597
 10
-451.8266
 20
67.4975
 10
-451.8115
 20
67.5421
 10
-451.7943
 20
67.5766
 10
-451.7718
 20
67.6064
 10
-451.7497
 20
67.6363
 10
-451.7321
 20
67.6511
 10
-451.7173
 20
67.6511
 10
-451.6702
 20
67.6511
 10
-451.6481
 20
67.5147
 10
-451.653
 20
67.2444
 10
-451.653
 20
67.1129
 10
-451.7075
 20
66.3217
 10
-451.8165
 20
64.8687
 10
-451.9258
 20
63.4153
 10
-452.015
 20
62.473
 10
-452.0843
 20
62.0442
 10
-452.1539
 20
61.6175
 10
-452.2579
 20
61.2034
 10
-452.3943
 20
60.8066
 10
-452.583
 20
60.2164
 10
-452.8235
 20
59.7103
 10
-453.1134
 20
59.2889
 10
-453.0987
 20
59.259
 10
-453.0393
 20
59.2442
 10
-452.9373
 20
59.2418
 10
-452.8358
 20
59.2393
 10
-452.7489
 20
59.2369
 10
-452.6772
 20
59.2369
 10
-452.2804
 20
59.2217
 10
-451.8811
 20
59.3757
 10
-451.4818
 20
59.698
 10
-451.0826
 20
60.0203
 10
-450.8147
 20
60.3876
 10
-450.6783
 20
60.8017
 10
-450.5444
 20
61.2157
 10
-450.4748
 20
61.5356
 10
-450.4748
 20
61.7612
 10
-450.4748
 20
61.9869
 10
-450.4748
 20
62.2125
 10
-450.4748
 20
62.4406
 10
-450.4601
 20
62.7904
 10
-450.4576
 20
63.2441
 10
-450.465
 20
63.8072
 10
-450.4724
 20
64.3678
 10
-450.4675
 20
64.8785
 10
-450.4502
 20
65.3372
 10
-450.4327
 20
65.7935
 10
-450.3335
 20
66.3242
 10
-450.1525
 20
66.927
 10
-449.9715
 20
67.5295
 10
-449.6763
 20
68.1892
 10
-449.2696
 20
68.9009
 10
-449.2151
 20
68.973
 10
-449.1705
 20
69.0001
 10
-449.1357
 20
68.9828
 10
-449.0988
 20
68.9653
 10
-449.1012
 20
68.844
 10
-449.1381
 20
68.6159
 10
-449.1582
 20
68.4124
 10
-449.188
 20
68.2166
 10
-449.225
 20
68.0279
 10
-449.3416
 20
67.1801
 10
-449.4235
 20
66.2005
 10
-449.4731
 20
65.087
 97
        1
330
7A
 75
     0
 76
     1
 98
        1
 10
0.0
 20
0.0
  0
SPLINE
  5
7C
102
{ACAD_REACTORS
330
7D
102
}
330
1F
100
AcDbEntity
  8
Layer 1
 62
   250
100
AcDbSpline
210
0.0
220
0.0
230
1.0
 70
    11
 71
     3
 72
    41
 73
    37
 74
     0
 42
0.0000000001
 43
0.0000000001
 40
0.0
 40
0.0
 40
0.0
 40
0.0
 40
0.0833333333333333
 40
0.0833333333333333
 40
0.0833333333333333
 40
0.1666666666666667
 40
0.1666666666666667
 40
0.1666666666666667
 40
0.25
 40
0.25
 40
0.25
 40
0.3333333333333333
 40
0.3333333333333333
 40
0.3333333333333333
 40
0.4166666666666666
 40
0.4166666666666666
 40
0.4166666666666666
 40
0.5
 40
0.5
 40
0.5
 40
0.5833333333333333
 40
0.5833333333333333
 40
0.5833333333333333
 40
0.6666666666666666
 40
0.6666666666666666
 40
0.6666666666666666
 40
0.75
 40
0.75
 40
0.75
 40
0.8333333333333333
 40
0.8333333333333333
 40
0.8333333333333333
 40
0.9166666666666666
 40
0.9166666666666666
 40
0.9166666666666666
 40
1.0
 40
1.0
 40
1.0
 40
1.0
 10
-473.2954
 20
42.264
 30
0.0
 10
-473.2954
 20
42.264
 30
0.0
 10
-474.9138
 20
42.2636
 30
0.0
 10
-474.9138
 20
42.2636
 30
0.0
 10
-475.2936
 20
42.2636
 30
0.0
 10
-475.6379
 20
42.4179
 30
0.0
 10
-475.8869
 20
42.6668
 30
0.0
 10
-476.1357
 20
42.9164
 30
0.0
 10
-476.2902
 20
43.2606
 30
0.0
 10
-476.2902
 20
43.6397
 30
0.0
 10
-476.2902
 20
43.6397
 30
0.0
 10
-476.2892
 20
45.3017
 30
0.0
 10
-476.2892
 20
45.3017
 30
0.0
 10
-476.2899
 20
45.6815
 30
0.0
 10
-476.1358
 20
46.0256
 30
0.0
 10
-475.8869
 20
46.2746
 30
0.0
 10
-475.6379
 20
46.5236
 30
0.0
 10
-475.2936
 20
46.6777
 30
0.0
 10
-474.9139
 20
46.6777
 30
0.0
 10
-474.9139
 20
46.6777
 30
0.0
 10
-473.2955
 20
46.6777
 30
0.0
 10
-473.2955
 20
46.6777
 30
0.0
 10
-472.9164
 20
46.6777
 30
0.0
 10
-472.5725
 20
46.5236
 30
0.0
 10
-472.323
 20
46.2745
 30
0.0
 10
-472.0735
 20
46.0246
 30
0.0
 10
-471.9192
 20
45.6807
 30
0.0
 10
-471.9192
 20
45.3015
 30
0.0
 10
-471.9192
 20
45.3015
 30
0.0
 10
-471.9192
 20
43.6397
 30
0.0
 10
-471.9192
 20
43.6397
 30
0.0
 10
-471.9192
 20
43.2603
 30
0.0
 10
-472.0736
 20
42.9164
 30
0.0
 10
-472.3229
 20
42.6671
 30
0.0
 10
-472.571
 20
42.4183
 30
0.0
 10
-472.9153
 20
42.2643
 30
0.0
 10
-473.2954
 20
42.264
 30
0.0
  0
HATCH
  5
7D
330
1F
100
AcDbEntity
  8
Layer 1
 62
   250
420
  3617845
100
AcDbHatch
 10
0.0
 20
0.0
 30
0.0
210
0.0
220
0.0
230
1.0
  2
SOLID
 70
     1
 71
     1
 91
        1
 92
        1
 93
        1
 72
     4
 94
        3
 73
     0
 74
     1
 95
       41
 96
       37
 40
0.0
 40
0.0
 40
0.0
 40
0.0
 40
0.0833333333333333
 40
0.0833333333333333
 40
0.0833333333333333
 40
0.1666666666666667
 40
0.1666666666666667
 40
0.1666666666666667
 40
0.25
 40
0.25
 40
0.25
 40
0.3333333333333333
 40
0.3333333333333333
 40
0.3333333333333333
 40
0.4166666666666666
 40
0.4166666666666666
 40
0.4166666666666666
 40
0.5
 40
0.5
 40
0.5
 40
0.5833333333333333
 40
0.5833333333333333
 40
0.5833333333333333
 40
0.6666666666666666
 40
0.6666666666666666
 40
0.6666666666666666
 40
0.75
 40
0.75
 40
0.75
 40
0.8333333333333333
 40
0.8333333333333333
 40
0.8333333333333333
 40
0.9166666666666666
 40
0.9166666666666666
 40
0.9166666666666666
 40
1.0
 40
1.0
 40
1.0
 40
1.0
 10
-473.2954
 20
42.264
 10
-473.2954
 20
42.264
 10
-474.9138
 20
42.2636
 10
-474.9138
 20
42.2636
 10
-475.2936
 20
42.2636
 10
-475.6379
 20
42.4179
 10
-475.8869
 20
42.6668
 10
-476.1357
 20
42.9164
 10
-476.2902
 20
43.2606
 10
-476.2902
 20
43.6397
 10
-476.2902
 20
43.6397
 10
-476.2892
 20
45.3017
 10
-476.2892
 20
45.3017
 10
-476.2899
 20
45.6815
 10
-476.1358
 20
46.0256
 10
-475.8869
 20
46.2746
 10
-475.6379
 20
46.5236
 10
-475.2936
 20
46.6777
 10
-474.9139
 20
46.6777
 10
-474.9139
 20
46.6777
 10
-473.2955
 20
46.6777
 10
-473.2955
 20
46.6777
 10
-472.9164
 20
46.6777
 10
-472.5725
 20
46.5236
 10
-472.323
 20
46.2745
 10
-472.0735
 20
46.0246
 10
-471.9192
 20
45.6807
 10
-471.9192
 20
45.3015
 10
-471.9192
 20
45.3015
 10
-471.9192
 20
43.6397
 10
-471.9192
 20
43.6397
 10
-471.9192
 20
43.2603
 10
-472.0736
 20
42.9164
 10
-472.3229
 20
42.6671
 10
-472.571
 20
42.4183
 10
-472.9153
 20
42.2643
 10
-473.2954
 20
42.264
 97
        1
330
7C
 75
     0
 76
     1
 98
        1
 10
0.0
 20
0.0
  0
SPLINE
  5
7E
102
{ACAD_REACTORS
330
7F
102
}
330
1F
100
AcDbEntity
  8
Layer 1
 62
   250
100
AcDbSpline
210
0.0
220
0.0
230
1.0
 70
    11
 71
     3
 72
    41
 73
    37
 74
     0
 42
0.0000000001
 43
0.0000000001
 40
0.0
 40
0.0
 40
0.0
 40
0.0
 40
0.0833333333333333
 40
0.0833333333333333
 40
0.0833333333333333
 40
0.1666666666666667
 40
0.1666666666666667
 40
0.1666666666666667
 40
0.25
 40
0.25
 40
0.25
 40
0.3333333333333333
 40
0.3333333333333333
 40
0.3333333333333333
 40
0.4166666666666666
 40
0.4166666666666666
 40
0.4166666666666666
 40
0.5
 40
0.5
 40
0.5
 40
0.5833333333333333
 40
0.5833333333333333
 40
0.5833333333333333
 40
0.6666666666666666
 40
0.6666666666666666
 40
0.6666666666666666
 40
0.75
 40
0.75
 40
0.75
 40
0.8333333333333333
 40
0.8333333333333333
 40
0.8333333333333333
 40
0.9166666666666666
 40
0.9166666666666666
 40
0.9166666666666666
 40
1.0
 40
1.0
 40
1.0
 40
1.0
 10
-474.9138
 20
42.6072
 30
0.0
 10
-474.9138
 20
42.6072
 30
0.0
 10
-473.2955
 20
42.6072
 30
0.0
 10
-473.2955
 20
42.6072
 30
0.0
 10
-473.0109
 20
42.6064
 30
0.0
 10
-472.7525
 20
42.7222
 30
0.0
 10
-472.5653
 20
42.9094
 30
0.0
 10
-472.3783
 20
43.0958
 30
0.0
 10
-472.2627
 20
43.3541
 30
0.0
 10
-472.2627
 20
43.6394
 30
0.0
 10
-472.2627
 20
43.6394
 30
0.0
 10
-472.2627
 20
45.3015
 30
0.0
 10
-472.2627
 20
45.3015
 30
0.0
 10
-472.2627
 20
45.5873
 30
0.0
 10
-472.3783
 20
45.8456
 30
0.0
 10
-472.5646
 20
46.0318
 30
0.0
 10
-472.7515
 20
46.2188
 30
0.0
 10
-473.0099
 20
46.3343
 30
0.0
 10
-473.2955
 20
46.3343
 30
0.0
 10
-473.2955
 20
46.3343
 30
0.0
 10
-474.9139
 20
46.3343
 30
0.0
 10
-474.9139
 20
46.3343
 30
0.0
 10
-475.199
 20
46.3343
 30
0.0
 10
-475.4574
 20
46.2186
 30
0.0
 10
-475.6442
 20
46.0319
 30
0.0
 10
-475.8308
 20
45.8453
 30
0.0
 10
-475.9465
 20
45.5869
 30
0.0
 10
-475.9465
 20
45.3017
 30
0.0
 10
-475.9465
 20
45.3017
 30
0.0
 10
-475.9473
 20
43.6397
 30
0.0
 10
-475.9473
 20
43.6397
 30
0.0
 10
-475.9466
 20
43.3542
 30
0.0
 10
-475.8312
 20
43.0958
 30
0.0
 10
-475.6448
 20
42.9096
 30
0.0
 10
-475.4574
 20
42.7229
 30
0.0
 10
-475.199
 20
42.6072
 30
0.0
 10
-474.9138
 20
42.6072
 30
0.0
  0
HATCH
  5
7F
330
1F
100
AcDbEntity
  8
Layer 1
 62
   250
420
  3617845
100
AcDbHatch
 10
0.0
 20
0.0
 30
0.0
210
0.0
220
0.0
230
1.0
  2
SOLID
 70
     1
 71
     1
 91
        1
 92
        1
 93
        1
 72
     4
 94
        3
 73
     0
 74
     1
 95
       41
 96
       37
 40
0.0
 40
0.0
 40
0.0
 40
0.0
 40
0.0833333333333333
 40
0.0833333333333333
 40
0.0833333333333333
 40
0.1666666666666667
 40
0.1666666666666667
 40
0.1666666666666667
 40
0.25
 40
0.25
 40
0.25
 40
0.3333333333333333
 40
0.3333333333333333
 40
0.3333333333333333
 40
0.4166666666666666
 40
0.4166666666666666
 40
0.4166666666666666
 40
0.5
 40
0.5
 40
0.5
 40
0.5833333333333333
 40
0.5833333333333333
 40
0.5833333333333333
 40
0.6666666666666666
 40
0.6666666666666666
 40
0.6666666666666666
 40
0.75
 40
0.75
 40
0.75
 40
0.8333333333333333
 40
0.8333333333333333
 40
0.8333333333333333
 40
0.9166666666666666
 40
0.9166666666666666
 40
0.9166666666666666
 40
1.0
 40
1.0
 40
1.0
 40
1.0
 10
-474.9138
 20
42.6072
 10
-474.9138
 20
42.6072
 10
-473.2955
 20
42.6072
 10
-473.2955
 20
42.6072
 10
-473.0109
 20
42.6064
 10
-472.7525
 20
42.7222
 10
-472.5653
 20
42.9094
 10
-472.3783
 20
43.0958
 10
-472.2627
 20
43.3541
 10
-472.2627
 20
43.6394
 10
-472.2627
 20
43.6394
 10
-472.2627
 20
45.3015
 10
-472.2627
 20
45.3015
 10
-472.2627
 20
45.5873
 10
-472.3783
 20
45.8456
 10
-472.5646
 20
46.0318
 10
-472.7515
 20
46.2188
 10
-473.0099
 20
46.3343
 10
-473.2955
 20
46.3343
 10
-473.2955
 20
46.3343
 10
-474.9139
 20
46.3343
 10
-474.9139
 20
46.3343
 10
-475.199
 20
46.3343
 10
-475.4574
 20
46.2186
 10
-475.6442
 20
46.0319
 10
-475.8308
 20
45.8453
 10
-475.9465
 20
45.5869
 10
-475.9465
 20
45.3017
 10
-475.9465
 20
45.3017
 10
-475.9473
 20
43.6397
 10
-475.9473
 20
43.6397
 10
-475.9466
 20
43.3542
 10
-475.8312
 20
43.0958
 10
-475.6448
 20
42.9096
 10
-475.4574
 20
42.7229
 10
-475.199
 20
42.6072
 10
-474.9138
 20
42.6072
 97
        1
330
7E
 75
     0
 76
     1
 98
        1
 10
0.0
 20
0.0
  0
SPLINE
  5
80
102
{ACAD_REACTORS
330
81
102
}
330
1F
100
AcDbEntity
  8
Layer 1
 62
   250
100
AcDbSpline
210
0.0
220
0.0
230
1.0
 70
    11
 71
     3
 72
    29
 73
    25
 74
     0
 42
0.0000000001
 43
0.0000000001
 40
0.0
 40
0.0
 40
0.0
 40
0.0
 40
0.125
 40
0.125
 40
0.125
 40
0.25
 40
0.25
 40
0.25
 40
0.375
 40
0.375
 40
0.375
 40
0.5
 40
0.5
 40
0.5
 40
0.625
 40
0.625
 40
0.625
 40
0.75
 40
0.75
 40
0.75
 40
0.875
 40
0.875
 40
0.875
 40
1.0
 40
1.0
 40
1.0
 40
1.0
 10
-473.0765
 20
44.3926
 30
0.0
 10
-473.0765
 20
44.1076
 30
0.0
 10
-473.1913
 20
43.8488
 30
0.0
 10
-473.3767
 20
43.6611
 30
0.0
 10
-473.5636
 20
43.4725
 30
0.0
 10
-473.8206
 20
43.3562
 30
0.0
 10
-474.1037
 20
43.3562
 30
0.0
 10
-474.3875
 20
43.3571
 30
0.0
 10
-474.6447
 20
43.4733
 30
0.0
 10
-474.83
 20
43.6606
 30
0.0
 10
-475.0159
 20
43.8483
 30
0.0
 10
-475.1309
 20
44.1072
 30
0.0
 10
-475.1309
 20
44.3925
 30
0.0
 10
-475.1309
 20
44.6778
 30
0.0
 10
-475.016
 20
44.9364
 30
0.0
 10
-474.8307
 20
45.124
 30
0.0
 10
-474.6442
 20
45.3124
 30
0.0
 10
-474.3871
 20
45.4289
 30
0.0
 10
-474.1037
 20
45.4289
 30
0.0
 10
-473.8203
 20
45.4289
 30
0.0
 10
-473.5634
 20
45.3126
 30
0.0
 10
-473.3774
 20
45.1247
 30
0.0
 10
-473.1915
 20
44.937
 30
0.0
 10
-473.0765
 20
44.678
 30
0.0
 10
-473.0765
 20
44.3926
 30
0.0
  0
HATCH
  5
81
330
1F
100
AcDbEntity
  8
Layer 1
 62
   250
420
  3617845
100
AcDbHatch
 10
0.0
 20
0.0
 30
0.0
210
0.0
220
0.0
230
1.0
  2
SOLID
 70
     1
 71
     1
 91
        1
 92
        1
 93
        1
 72
     4
 94
        3
 73
     0
 74
     1
 95
       29
 96
       25
 40
0.0
 40
0.0
 40
0.0
 40
0.0
 40
0.125
 40
0.125
 40
0.125
 40
0.25
 40
0.25
 40
0.25
 40
0.375
 40
0.375
 40
0.375
 40
0.5
 40
0.5
 40
0.5
 40
0.625
 40
0.625
 40
0.625
 40
0.75
 40
0.75
 40
0.75
 40
0.875
 40
0.875
 40
0.875
 40
1.0
 40
1.0
 40
1.0
 40
1.0
 10
-473.0765
 20
44.3926
 10
-473.0765
 20
44.1076
 10
-473.1913
 20
43.8488
 10
-473.3767
 20
43.6611
 10
-473.5636
 20
43.4725
 10
-473.8206
 20
43.3562
 10
-474.1037
 20
43.3562
 10
-474.3875
 20
43.3571
 10
-474.6447
 20
43.4733
 10
-474.83
 20
43.6606
 10
-475.0159
 20
43.8483
 10
-475.1309
 20
44.1072
 10
-475.1309
 20
44.3925
 10
-475.1309
 20
44.6778
 10
-475.016
 20
44.9364
 10
-474.8307
 20
45.124
 10
-474.6442
 20
45.3124
 10
-474.3871
 20
45.4289
 10
-474.1037
 20
45.4289
 10
-473.8203
 20
45.4289
 10
-473.5634
 20
45.3126
 10
-473.3774
 20
45.1247
 10
-473.1915
 20
44.937
 10
-473.0765
 20
44.678
 10
-473.0765
 20
44.3926
 97
        1
330
80
 75
     0
 76
     1
 98
        1
 10
0.0
 20
0.0
  0
SPLINE
  5
82
102
{ACAD_REACTORS
330
83
102
}
330
1F
100
AcDbEntity
  8
Layer 1
 62
   250
100
AcDbSpline
210
0.0
220
0.0
230
1.0
 70
    11
 71
     3
 72
    29
 73
    25
 74
     0
 42
0.0000000001
 43
0.0000000001
 40
0.0
 40
0.0
 40
0.0
 40
0.0
 40
0.125
 40
0.125
 40
0.125
 40
0.25
 40
0.25
 40
0.25
 40
0.375
 40
0.375
 40
0.375
 40
0.5
 40
0.5
 40
0.5
 40
0.625
 40
0.625
 40
0.625
 40
0.75
 40
0.75
 40
0.75
 40
0.875
 40
0.875
 40
0.875
 40
1.0
 40
1.0
 40
1.0
 40
1.0
 10
-473.6206
 20
43.9016
 30
0.0
 10
-473.4966
 20
44.0268
 30
0.0
 10
-473.42
 20
44.2003
 30
0.0
 10
-473.42
 20
44.3926
 30
0.0
 10
-473.42
 20
44.5848
 30
0.0
 10
-473.4966
 20
44.7584
 30
0.0
 10
-473.6202
 20
44.8833
 30
0.0
 10
-473.7437
 20
45.008
 30
0.0
 10
-473.9148
 20
45.0854
 30
0.0
 10
-474.1037
 20
45.0854
 30
0.0
 10
-474.2922
 20
45.0854
 30
0.0
 10
-474.4632
 20
45.0083
 30
0.0
 10
-474.5867
 20
44.8838
 30
0.0
 10
-474.7106
 20
44.7584
 30
0.0
 10
-474.7875
 20
44.5845
 30
0.0
 10
-474.7875
 20
44.3925
 30
0.0
 10
-474.7875
 20
44.2003
 30
0.0
 10
-474.7109
 20
44.0268
 30
0.0
 10
-474.5873
 20
43.902
 30
0.0
 10
-474.4632
 20
43.7767
 30
0.0
 10
-474.2918
 20
43.6989
 30
0.0
 10
-474.1037
 20
43.6989
 30
0.0
 10
-473.9147
 20
43.6996
 30
0.0
 10
-473.7438
 20
43.7767
 30
0.0
 10
-473.6206
 20
43.9016
 30
0.0
  0
HATCH
  5
83
330
1F
100
AcDbEntity
  8
Layer 1
 62
   250
420
  3617845
100
AcDbHatch
 10
0.0
 20
0.0
 30
0.0
210
0.0
220
0.0
230
1.0
  2
SOLID
 70
     1
 71
     1
 91
        1
 92
        1
 93
        1
 72
     4
 94
        3
 73
     0
 74
     1
 95
       29
 96
       25
 40
0.0
 40
0.0
 40
0.0
 40
0.0
 40
0.125
 40
0.125
 40
0.125
 40
0.25
 40
0.25
 40
0.25
 40
0.375
 40
0.375
 40
0.375
 40
0.5
 40
0.5
 40
0.5
 40
0.625
 40
0.625
 40
0.625
 40
0.75
 40
0.75
 40
0.75
 40
0.875
 40
0.875
 40
0.875
 40
1.0
 40
1.0
 40
1.0
 40
1.0
 10
-473.6206
 20
43.9016
 10
-473.4966
 20
44.0268
 10
-473.42
 20
44.2003
 10
-473.42
 20
44.3926
 10
-473.42
 20
44.5848
 10
-473.4966
 20
44.7584
 10
-473.6202
 20
44.8833
 10
-473.7437
 20
45.008
 10
-473.9148
 20
45.0854
 10
-474.1037
 20
45.0854
 10
-474.2922
 20
45.0854
 10
-474.4632
 20
45.0083
 10
-474.5867
 20
44.8838
 10
-474.7106
 20
44.7584
 10
-474.7875
 20
44.5845
 10
-474.7875
 20
44.3925
 10
-474.7875
 20
44.2003
 10
-474.7109
 20
44.0268
 10
-474.5873
 20
43.902
 10
-474.4632
 20
43.7767
 10
-474.2918
 20
43.6989
 10
-474.1037
 20
43.6989
 10
-473.9147
 20
43.6996
 10
-473.7438
 20
43.7767
 10
-473.6206
 20
43.9016
 97
        1
330
82
 75
     0
 76
     1
 98
        1
 10
0.0
 20
0.0
  0
SPLINE
  5
84
102
{ACAD_REACTORS
330
85
102
}
330
1F
100
AcDbEntity
  8
Layer 1
 62
   250
100
AcDbSpline
210
0.0
220
0.0
230
1.0
 70
    11
 71
     3
 72
    29
 73
    25
 74
     0
 42
0.0000000001
 43
0.0000000001
 40
0.0
 40
0.0
 40
0.0
 40
0.0
 40
0.125
 40
0.125
 40
0.125
 40
0.25
 40
0.25
 40
0.25
 40
0.375
 40
0.375
 40
0.375
 40
0.5
 40
0.5
 40
0.5
 40
0.625
 40
0.625
 40
0.625
 40
0.75
 40
0.75
 40
0.75
 40
0.875
 40
0.875
 40
0.875
 40
1.0
 40
1.0
 40
1.0
 40
1.0
 10
-472.7508
 20
45.5511
 30
0.0
 10
-472.7505
 20
45.4724
 30
0.0
 10
-472.7822
 20
45.401
 30
0.0
 10
-472.8335
 20
45.3491
 30
0.0
 10
-472.8858
 20
45.2964
 30
0.0
 10
-472.9574
 20
45.2639
 30
0.0
 10
-473.0359
 20
45.2639
 30
0.0
 10
-473.1151
 20
45.2648
 30
0.0
 10
-473.1866
 20
45.297
 30
0.0
 10
-473.2378
 20
45.3486
 30
0.0
 10
-473.2895
 20
45.401
 30
0.0
 10
-473.3212
 20
45.4725
 30
0.0
 10
-473.3212
 20
45.5509
 30
0.0
 10
-473.3212
 20
45.6292
 30
0.0
 10
-473.2895
 20
45.7008
 30
0.0
 10
-473.2383
 20
45.7527
 30
0.0
 10
-473.186
 20
45.8054
 30
0.0
 10
-473.1146
 20
45.8378
 30
0.0
 10
-473.0359
 20
45.8378
 30
0.0
 10
-472.9571
 20
45.8378
 30
0.0
 10
-472.8857
 20
45.8054
 30
0.0
 10
-472.834
 20
45.7533
 30
0.0
 10
-472.7827
 20
45.7013
 30
0.0
 10
-472.7514
 20
45.6298
 30
0.0
 10
-472.7508
 20
45.5511
 30
0.0
  0
HATCH
  5
85
330
1F
100
AcDbEntity
  8
Layer 1
 62
   250
420
  3617845
100
AcDbHatch
 10
0.0
 20
0.0
 30
0.0
210
0.0
220
0.0
230
1.0
  2
SOLID
 70
     1
 71
     1
 91
        1
 92
        1
 93
        1
 72
     4
 94
        3
 73
     0
 74
     1
 95
       29
 96
       25
 40
0.0
 40
0.0
 40
0.0
 40
0.0
 40
0.125
 40
0.125
 40
0.125
 40
0.25
 40
0.25
 40
0.25
 40
0.375
 40
0.375
 40
0.375
 40
0.5
 40
0.5
 40
0.5
 40
0.625
 40
0.625
 40
0.625
 40
0.75
 40
0.75
 40
0.75
 40
0.875
 40
0.875
 40
0.875
 40
1.0
 40
1.0
 40
1.0
 40
1.0
 10
-472.7508
 20
45.5511
 10
-472.7505
 20
45.4724
 10
-472.7822
 20
45.401
 10
-472.8335
 20
45.3491
 10
-472.8858
 20
45.2964
 10
-472.9574
 20
45.2639
 10
-473.0359
 20
45.2639
 10
-473.1151
 20
45.2648
 10
-473.1866
 20
45.297
 10
-473.2378
 20
45.3486
 10
-473.2895
 20
45.401
 10
-473.3212
 20
45.4725
 10
-473.3212
 20
45.5509
 10
-473.3212
 20
45.6292
 10
-473.2895
 20
45.7008
 10
-473.2383
 20
45.7527
 10
-473.186
 20
45.8054
 10
-473.1146
 20
45.8378
 10
-473.0359
 20
45.8378
 10
-472.9571
 20
45.8378
 10
-472.8857
 20
45.8054
 10
-472.834
 20
45.7533
 10
-472.7827
 20
45.7013
 10
-472.7514
 20
45.6298
 10
-472.7508
 20
45.5511
 97
        1
330
84
 75
     0
 76
     1
 98
        1
 10
0.0
 20
0.0
  0
SPLINE
  5
86
102
{ACAD_REACTORS
330
87
102
}
330
1F
100
AcDbEntity
  8
Layer 1
 62
   250
100
AcDbSpline
210
0.0
220
0.0
230
1.0
 70
    11
 71
     3
 72
   101
 73
    97
 74
     0
 42
0.0000000001
 43
0.0000000001
 40
0.0
 40
0.0
 40
0.0
 40
0.0
 40
0.03125
 40
0.03125
 40
0.03125
 40
0.0625
 40
0.0625
 40
0.0625
 40
0.09375
 40
0.09375
 40
0.09375
 40
0.125
 40
0.125
 40
0.125
 40
0.15625
 40
0.15625
 40
0.15625
 40
0.1875
 40
0.1875
 40
0.1875
 40
0.21875
 40
0.21875
 40
0.21875
 40
0.25
 40
0.25
 40
0.25
 40
0.28125
 40
0.28125
 40
0.28125
 40
0.3125
 40
0.3125
 40
0.3125
 40
0.34375
 40
0.34375
 40
0.34375
 40
0.375
 40
0.375
 40
0.375
 40
0.40625
 40
0.40625
 40
0.40625
 40
0.4375
 40
0.4375
 40
0.4375
 40
0.46875
 40
0.46875
 40
0.46875
 40
0.5
 40
0.5
 40
0.5
 40
0.53125
 40
0.53125
 40
0.53125
 40
0.5625
 40
0.5625
 40
0.5625
 40
0.59375
 40
0.59375
 40
0.59375
 40
0.625
 40
0.625
 40
0.625
 40
0.65625
 40
0.65625
 40
0.65625
 40
0.6875
 40
0.6875
 40
0.6875
 40
0.71875
 40
0.71875
 40
0.71875
 40
0.75
 40
0.75
 40
0.75
 40
0.78125
 40
0.78125
 40
0.78125
 40
0.8125
 40
0.8125
 40
0.8125
 40
0.84375
 40
0.84375
 40
0.84375
 40
0.875
 40
0.875
 40
0.875
 40
0.90625
 40
0.90625
 40
0.90625
 40
0.9375
 40
0.9375
 40
0.9375
 40
0.96875
 40
0.96875
 40
0.96875
 40
1.0
 40
1.0
 40
1.0
 40
1.0
 10
-469.0133
 20
43.2211
 30
0.0
 10
-469.1502
 20
43.1153
 30
0.0
 10
-469.2821
 20
43.0362
 30
0.0
 10
-469.4091
 20
42.9833
 30
0.0
 10
-469.5368
 20
42.9304
 30
0.0
 10
-469.68
 20
42.9043
 30
0.0
 10
-469.8381
 20
42.9043
 30
0.0
 10
-469.9827
 20
42.9043
 30
0.0
 10
-470.1104
 20
42.9332
 30
0.0
 10
-470.2198
 20
42.9904
 30
0.0
 10
-470.3291
 20
43.0475
 30
0.0
 10
-470.4138
 20
43.1244
 30
0.0
 10
-470.4731
 20
43.2225
 30
0.0
 10
-470.5323
 20
43.3206
 30
0.0
 10
-470.562
 20
43.4264
 30
0.0
 10
-470.562
 20
43.5407
 30
0.0
 10
-470.562
 20
43.6952
 30
0.0
 10
-470.5133
 20
43.8265
 30
0.0
 10
-470.4152
 20
43.9351
 30
0.0
 10
-470.3171
 20
44.0445
 30
0.0
 10
-470.1824
 20
44.1171
 30
0.0
 10
-470.0109
 20
44.1545
 30
0.0
 10
-469.9757
 20
44.163
 30
0.0
 10
-469.8868
 20
44.1813
 30
0.0
 10
-469.7449
 20
44.2103
 30
0.0
 10
-469.6031
 20
44.2392
 30
0.0
 10
-469.4811
 20
44.2653
 30
0.0
 10
-469.3802
 20
44.29
 30
0.0
 10
-469.2793
 20
44.314
 30
0.0
 10
-469.1692
 20
44.3429
 30
0.0
 10
-469.0507
 20
44.3775
 30
0.0
 10
-469.0577
 20
44.5264
 30
0.0
 10
-469.0874
 20
44.6357
 30
0.0
 10
-469.1403
 20
44.7049
 30
0.0
 10
-469.1939
 20
44.7747
 30
0.0
 10
-469.3033
 20
44.8093
 30
0.0
 10
-469.4705
 20
44.8093
 30
0.0
 10
-469.6137
 20
44.8093
 30
0.0
 10
-469.7217
 20
44.7895
 30
0.0
 10
-469.7936
 20
44.7493
 30
0.0
 10
-469.8663
 20
44.7098
 30
0.0
 10
-469.9284
 20
44.6498
 30
0.0
 10
-469.9799
 20
44.5694
 30
0.0
 10
-470.0314
 20
44.4897
 30
0.0
 10
-470.0681
 20
44.4375
 30
0.0
 10
-470.0892
 20
44.4114
 30
0.0
 10
-470.1111
 20
44.386
 30
0.0
 10
-470.157
 20
44.3733
 30
0.0
 10
-470.2268
 20
44.3733
 30
0.0
 10
-470.2903
 20
44.3733
 30
0.0
 10
-470.3454
 20
44.3937
 30
0.0
 10
-470.3912
 20
44.4346
 30
0.0
 10
-470.4371
 20
44.4749
 30
0.0
 10
-470.4604
 20
44.5271
 30
0.0
 10
-470.4604
 20
44.5906
 30
0.0
 10
-470.4604
 20
44.69
 30
0.0
 10
-470.4251
 20
44.7867
 30
0.0
 10
-470.3552
 20
44.8805
 30
0.0
 10
-470.2847
 20
44.9744
 30
0.0
 10
-470.1753
 20
45.0513
 30
0.0
 10
-470.0265
 20
45.112
 30
0.0
 10
-469.8776
 20
45.1726
 30
0.0
 10
-469.692
 20
45.203
 30
0.0
 10
-469.4698
 20
45.203
 30
0.0
 10
-469.2221
 20
45.203
 30
0.0
 10
-469.0267
 20
45.1733
 30
0.0
 10
-468.8849
 20
45.1148
 30
0.0
 10
-468.7431
 20
45.0562
 30
0.0
 10
-468.6429
 20
44.9638
 30
0.0
 10
-468.5843
 20
44.8368
 30
0.0
 10
-468.5258
 20
44.7098
 30
0.0
 10
-468.4961
 20
44.5419
 30
0.0
 10
-468.4961
 20
44.3323
 30
0.0
 10
-468.4961
 20
44.1997
 30
0.0
 10
-468.4968
 20
44.0875
 30
0.0
 10
-468.4975
 20
43.9951
 30
0.0
 10
-468.4982
 20
43.9027
 30
0.0
 10
-468.4989
 20
43.7996
 30
0.0
 10
-468.5004
 20
43.6868
 30
0.0
 10
-468.5004
 20
43.5809
 30
0.0
 10
-468.4827
 20
43.4702
 30
0.0
 10
-468.4474
 20
43.3551
 30
0.0
 10
-468.4122
 20
43.2408
 30
0.0
 10
-468.3952
 20
43.1668
 30
0.0
 10
-468.3952
 20
43.1336
 30
0.0
 10
-468.3952
 20
43.0757
 30
0.0
 10
-468.422
 20
43.0228
 30
0.0
 10
-468.4764
 20
42.9756
 30
0.0
 10
-468.5314
 20
42.9283
 30
0.0
 10
-468.5928
 20
42.9043
 30
0.0
 10
-468.6619
 20
42.9043
 30
0.0
 10
-468.7198
 20
42.9043
 30
0.0
 10
-468.7769
 20
42.9311
 30
0.0
 10
-468.8334
 20
42.9854
 30
0.0
 10
-468.8898
 20
43.0398
 30
0.0
 10
-468.9498
 20
43.1181
 30
0.0
 10
-469.0133
 20
43.2211
 30
0.0
  0
HATCH
  5
87
330
1F
100
AcDbEntity
  8
Layer 1
 62
   250
420
  3617845
100
AcDbHatch
 10
0.0
 20
0.0
 30
0.0
210
0.0
220
0.0
230
1.0
  2
SOLID
 70
     1
 71
     1
 91
        1
 92
        1
 93
        1
 72
     4
 94
        3
 73
     0
 74
     1
 95
      101
 96
       97
 40
0.0
 40
0.0
 40
0.0
 40
0.0
 40
0.03125
 40
0.03125
 40
0.03125
 40
0.0625
 40
0.0625
 40
0.0625
 40
0.09375
 40
0.09375
 40
0.09375
 40
0.125
 40
0.125
 40
0.125
 40
0.15625
 40
0.15625
 40
0.15625
 40
0.1875
 40
0.1875
 40
0.1875
 40
0.21875
 40
0.21875
 40
0.21875
 40
0.25
 40
0.25
 40
0.25
 40
0.28125
 40
0.28125
 40
0.28125
 40
0.3125
 40
0.3125
 40
0.3125
 40
0.34375
 40
0.34375
 40
0.34375
 40
0.375
 40
0.375
 40
0.375
 40
0.40625
 40
0.40625
 40
0.40625
 40
0.4375
 40
0.4375
 40
0.4375
 40
0.46875
 40
0.46875
 40
0.46875
 40
0.5
 40
0.5
 40
0.5
 40
0.53125
 40
0.53125
 40
0.53125
 40
0.5625
 40
0.5625
 40
0.5625
 40
0.59375
 40
0.59375
 40
0.59375
 40
0.625
 40
0.625
 40
0.625
 40
0.65625
 40
0.65625
 40
0.65625
 40
0.6875
 40
0.6875
 40
0.6875
 40
0.71875
 40
0.71875
 40
0.71875
 40
0.75
 40
0.75
 40
0.75
 40
0.78125
 40
0.78125
 40
0.78125
 40
0.8125
 40
0.8125
 40
0.8125
 40
0.84375
 40
0.84375
 40
0.84375
 40
0.875
 40
0.875
 40
0.875
 40
0.90625
 40
0.90625
 40
0.90625
 40
0.9375
 40
0.9375
 40
0.9375
 40
0.96875
 40
0.96875
 40
0.96875
 40
1.0
 40
1.0
 40
1.0
 40
1.0
 10
-469.0133
 20
43.2211
 10
-469.1502
 20
43.1153
 10
-469.2821
 20
43.0362
 10
-469.4091
 20
42.9833
 10
-469.5368
 20
42.9304
 10
-469.68
 20
42.9043
 10
-469.8381
 20
42.9043
 10
-469.9827
 20
42.9043
 10
-470.1104
 20
42.9332
 10
-470.2198
 20
42.9904
 10
-470.3291
 20
43.0475
 10
-470.4138
 20
43.1244
 10
-470.4731
 20
43.2225
 10
-470.5323
 20
43.3206
 10
-470.562
 20
43.4264
 10
-470.562
 20
43.5407
 10
-470.562
 20
43.6952
 10
-470.5133
 20
43.8265
 10
-470.4152
 20
43.9351
 10
-470.3171
 20
44.0445
 10
-470.1824
 20
44.1171
 10
-470.0109
 20
44.1545
 10
-469.9757
 20
44.163
 10
-469.8868
 20
44.1813
 10
-469.7449
 20
44.2103
 10
-469.6031
 20
44.2392
 10
-469.4811
 20
44.2653
 10
-469.3802
 20
44.29
 10
-469.2793
 20
44.314
 10
-469.1692
 20
44.3429
 10
-469.0507
 20
44.3775
 10
-469.0577
 20
44.5264
 10
-469.0874
 20
44.6357
 10
-469.1403
 20
44.7049
 10
-469.1939
 20
44.7747
 10
-469.3033
 20
44.8093
 10
-469.4705
 20
44.8093
 10
-469.6137
 20
44.8093
 10
-469.7217
 20
44.7895
 10
-469.7936
 20
44.7493
 10
-469.8663
 20
44.7098
 10
-469.9284
 20
44.6498
 10
-469.9799
 20
44.5694
 10
-470.0314
 20
44.4897
 10
-470.0681
 20
44.4375
 10
-470.0892
 20
44.4114
 10
-470.1111
 20
44.386
 10
-470.157
 20
44.3733
 10
-470.2268
 20
44.3733
 10
-470.2903
 20
44.3733
 10
-470.3454
 20
44.3937
 10
-470.3912
 20
44.4346
 10
-470.4371
 20
44.4749
 10
-470.4604
 20
44.5271
 10
-470.4604
 20
44.5906
 10
-470.4604
 20
44.69
 10
-470.4251
 20
44.7867
 10
-470.3552
 20
44.8805
 10
-470.2847
 20
44.9744
 10
-470.1753
 20
45.0513
 10
-470.0265
 20
45.112
 10
-469.8776
 20
45.1726
 10
-469.692
 20
45.203
 10
-469.4698
 20
45.203
 10
-469.2221
 20
45.203
 10
-469.0267
 20
45.1733
 10
-468.8849
 20
45.1148
 10
-468.7431
 20
45.0562
 10
-468.6429
 20
44.9638
 10
-468.5843
 20
44.8368
 10
-468.5258
 20
44.7098
 10
-468.4961
 20
44.5419
 10
-468.4961
 20
44.3323
 10
-468.4961
 20
44.1997
 10
-468.4968
 20
44.0875
 10
-468.4975
 20
43.9951
 10
-468.4982
 20
43.9027
 10
-468.4989
 20
43.7996
 10
-468.5004
 20
43.6868
 10
-468.5004
 20
43.5809
 10
-468.4827
 20
43.4702
 10
-468.4474
 20
43.3551
 10
-468.4122
 20
43.2408
 10
-468.3952
 20
43.1668
 10
-468.3952
 20
43.1336
 10
-468.3952
 20
43.0757
 10
-468.422
 20
43.0228
 10
-468.4764
 20
42.9756
 10
-468.5314
 20
42.9283
 10
-468.5928
 20
42.9043
 10
-468.6619
 20
42.9043
 10
-468.7198
 20
42.9043
 10
-468.7769
 20
42.9311
 10
-468.8334
 20
42.9854
 10
-468.8898
 20
43.0398
 10
-468.9498
 20
43.1181
 10
-469.0133
 20
43.2211
 97
        1
330
86
 75
     0
 76
     1
 98
        1
 10
0.0
 20
0.0
  0
SPLINE
  5
88
102
{ACAD_REACTORS
330
89
102
}
330
1F
100
AcDbEntity
  8
Layer 1
 62
   250
100
AcDbSpline
210
0.0
220
0.0
230
1.0
 70
    11
 71
     3
 72
    35
 73
    31
 74
     0
 42
0.0000000001
 43
0.0000000001
 40
0.0
 40
0.0
 40
0.0
 40
0.0
 40
0.1
 40
0.1
 40
0.1
 40
0.2
 40
0.2
 40
0.2
 40
0.3
 40
0.3
 40
0.3
 40
0.4
 40
0.4
 40
0.4
 40
0.5
 40
0.5
 40
0.5
 40
0.6000000000000001
 40
0.6000000000000001
 40
0.6000000000000001
 40
0.7000000000000001
 40
0.7000000000000001
 40
0.7000000000000001
 40
0.8
 40
0.8
 40
0.8
 40
0.9
 40
0.9
 40
0.9
 40
1.0
 40
1.0
 40
1.0
 40
1.0
 10
-469.0507
 20
44.0388
 30
0.0
 10
-469.1332
 20
44.0085
 30
0.0
 10
-469.2532
 20
43.976
 30
0.0
 10
-469.4112
 20
43.9429
 30
0.0
 10
-469.5686
 20
43.909
 30
0.0
 10
-469.6779
 20
43.8836
 30
0.0
 10
-469.7386
 20
43.8681
 30
0.0
 10
-469.7993
 20
43.8519
 30
0.0
 10
-469.8571
 20
43.8208
 30
0.0
 10
-469.9122
 20
43.7749
 30
0.0
 10
-469.9672
 20
43.7284
 30
0.0
 10
-469.9947
 20
43.6642
 30
0.0
 10
-469.9947
 20
43.5809
 30
0.0
 10
-469.9947
 20
43.4956
 30
0.0
 10
-469.9623
 20
43.4229
 30
0.0
 10
-469.8973
 20
43.3629
 30
0.0
 10
-469.8331
 20
43.3029
 30
0.0
 10
-469.7485
 20
43.2726
 30
0.0
 10
-469.6433
 20
43.2726
 30
0.0
 10
-469.5319
 20
43.2726
 30
0.0
 10
-469.4289
 20
43.2973
 30
0.0
 10
-469.335
 20
43.346
 30
0.0
 10
-469.2405
 20
43.3954
 30
0.0
 10
-469.1713
 20
43.4582
 30
0.0
 10
-469.1269
 20
43.5358
 30
0.0
 10
-469.0761
 20
43.6211
 30
0.0
 10
-469.0507
 20
43.7622
 30
0.0
 10
-469.0507
 20
43.9584
 30
0.0
 10
-469.0507
 20
43.9584
 30
0.0
 10
-469.0507
 20
44.0388
 30
0.0
 10
-469.0507
 20
44.0388
 30
0.0
  0
HATCH
  5
89
330
1F
100
AcDbEntity
  8
Layer 1
 62
   250
420
  3617845
100
AcDbHatch
 10
0.0
 20
0.0
 30
0.0
210
0.0
220
0.0
230
1.0
  2
SOLID
 70
     1
 71
     1
 91
        1
 92
        1
 93
        1
 72
     4
 94
        3
 73
     0
 74
     1
 95
       35
 96
       31
 40
0.0
 40
0.0
 40
0.0
 40
0.0
 40
0.1
 40
0.1
 40
0.1
 40
0.2
 40
0.2
 40
0.2
 40
0.3
 40
0.3
 40
0.3
 40
0.4
 40
0.4
 40
0.4
 40
0.5
 40
0.5
 40
0.5
 40
0.6000000000000001
 40
0.6000000000000001
 40
0.6000000000000001
 40
0.7000000000000001
 40
0.7000000000000001
 40
0.7000000000000001
 40
0.8
 40
0.8
 40
0.8
 40
0.9
 40
0.9
 40
0.9
 40
1.0
 40
1.0
 40
1.0
 40
1.0
 10
-469.0507
 20
44.0388
 10
-469.1332
 20
44.0085
 10
-469.2532
 20
43.976
 10
-469.4112
 20
43.9429
 10
-469.5686
 20
43.909
 10
-469.6779
 20
43.8836
 10
-469.7386
 20
43.8681
 10
-469.7993
 20
43.8519
 10
-469.8571
 20
43.8208
 10
-469.9122
 20
43.7749
 10
-469.9672
 20
43.7284
 10
-469.9947
 20
43.6642
 10
-469.9947
 20
43.5809
 10
-469.9947
 20
43.4956
 10
-469.9623
 20
43.4229
 10
-469.8973
 20
43.3629
 10
-469.8331
 20
43.3029
 10
-469.7485
 20
43.2726
 10
-469.6433
 20
43.2726
 10
-469.5319
 20
43.2726
 10
-469.4289
 20
43.2973
 10
-469.335
 20
43.346
 10
-469.2405
 20
43.3954
 10
-469.1713
 20
43.4582
 10
-469.1269
 20
43.5358
 10
-469.0761
 20
43.6211
 10
-469.0507
 20
43.7622
 10
-469.0507
 20
43.9584
 10
-469.0507
 20
43.9584
 10
-469.0507
 20
44.0388
 10
-469.0507
 20
44.0388
 97
        1
330
88
 75
     0
 76
     1
 98
        1
 10
0.0
 20
0.0
  0
SPLINE
  5
8A
102
{ACAD_REACTORS
330
8B
102
}
330
1F
100
AcDbEntity
  8
Layer 1
 62
   250
100
AcDbSpline
210
0.0
220
0.0
230
1.0
 70
    11
 71
     3
 72
    35
 73
    31
 74
     0
 42
0.0000000001
 43
0.0000000001
 40
0.0
 40
0.0
 40
0.0
 40
0.0
 40
0.1
 40
0.1
 40
0.1
 40
0.2
 40
0.2
 40
0.2
 40
0.3
 40
0.3
 40
0.3
 40
0.4
 40
0.4
 40
0.4
 40
0.5
 40
0.5
 40
0.5
 40
0.6000000000000001
 40
0.6000000000000001
 40
0.6000000000000001
 40
0.7000000000000001
 40
0.7000000000000001
 40
0.7000000000000001
 40
0.8
 40
0.8
 40
0.8
 40
0.9
 40
0.9
 40
0.9
 40
1.0
 40
1.0
 40
1.0
 40
1.0
 10
-467.9239
 20
43.2472
 30
0.0
 10
-467.9239
 20
43.2472
 30
0.0
 10
-467.9239
 20
45.694
 30
0.0
 10
-467.9239
 20
45.694
 30
0.0
 10
-467.9239
 20
45.8069
 30
0.0
 10
-467.8985
 20
45.8923
 30
0.0
 10
-467.8484
 20
45.9502
 30
0.0
 10
-467.7983
 20
46.008
 30
0.0
 10
-467.7306
 20
46.0369
 30
0.0
 10
-467.6452
 20
46.0369
 30
0.0
 10
-467.5605
 20
46.0369
 30
0.0
 10
-467.4914
 20
46.008
 30
0.0
 10
-467.4392
 20
45.9509
 30
0.0
 10
-467.387
 20
45.8937
 30
0.0
 10
-467.3609
 20
45.8083
 30
0.0
 10
-467.3609
 20
45.694
 30
0.0
 10
-467.3609
 20
45.694
 30
0.0
 10
-467.3609
 20
43.2472
 30
0.0
 10
-467.3609
 20
43.2472
 30
0.0
 10
-467.3609
 20
43.1329
 30
0.0
 10
-467.3877
 20
43.0475
 30
0.0
 10
-467.4406
 20
42.9904
 30
0.0
 10
-467.4935
 20
42.9332
 30
0.0
 10
-467.562
 20
42.9043
 30
0.0
 10
-467.6452
 20
42.9043
 30
0.0
 10
-467.7278
 20
42.9043
 30
0.0
 10
-467.7948
 20
42.9339
 30
0.0
 10
-467.8463
 20
42.9932
 30
0.0
 10
-467.8978
 20
43.0525
 30
0.0
 10
-467.9239
 20
43.1371
 30
0.0
 10
-467.9239
 20
43.2472
 30
0.0
  0
HATCH
  5
8B
330
1F
100
AcDbEntity
  8
Layer 1
 62
   250
420
  3617845
100
AcDbHatch
 10
0.0
 20
0.0
 30
0.0
210
0.0
220
0.0
230
1.0
  2
SOLID
 70
     1
 71
     1
 91
        1
 92
        1
 93
        1
 72
     4
 94
        3
 73
     0
 74
     1
 95
       35
 96
       31
 40
0.0
 40
0.0
 40
0.0
 40
0.0
 40
0.1
 40
0.1
 40
0.1
 40
0.2
 40
0.2
 40
0.2
 40
0.3
 40
0.3
 40
0.3
 40
0.4
 40
0.4
 40
0.4
 40
0.5
 40
0.5
 40
0.5
 40
0.6000000000000001
 40
0.6000000000000001
 40
0.6000000000000001
 40
0.7000000000000001
 40
0.7000000000000001
 40
0.7000000000000001
 40
0.8
 40
0.8
 40
0.8
 40
0.9
 40
0.9
 40
0.9
 40
1.0
 40
1.0
 40
1.0
 40
1.0
 10
-467.9239
 20
43.2472
 10
-467.9239
 20
43.2472
 10
-467.9239
 20
45.694
 10
-467.9239
 20
45.694
 10
-467.9239
 20
45.8069
 10
-467.8985
 20
45.8923
 10
-467.8484
 20
45.9502
 10
-467.7983
 20
46.008
 10
-467.7306
 20
46.0369
 10
-467.6452
 20
46.0369
 10
-467.5605
 20
46.0369
 10
-467.4914
 20
46.008
 10
-467.4392
 20
45.9509
 10
-467.387
 20
45.8937
 10
-467.3609
 20
45.8083
 10
-467.3609
 20
45.694
 10
-467.3609
 20
45.694
 10
-467.3609
 20
43.2472
 10
-467.3609
 20
43.2472
 10
-467.3609
 20
43.1329
 10
-467.3877
 20
43.0475
 10
-467.4406
 20
42.9904
 10
-467.4935
 20
42.9332
 10
-467.562
 20
42.9043
 10
-467.6452
 20
42.9043
 10
-467.7278
 20
42.9043
 10
-467.7948
 20
42.9339
 10
-467.8463
 20
42.9932
 10
-467.8978
 20
43.0525
 10
-467.9239
 20
43.1371
 10
-467.9239
 20
43.2472
 97
        1
330
8A
 75
     0
 76
     1
 98
        1
 10
0.0
 20
0.0
  0
SPLINE
  5
8C
102
{ACAD_REACTORS
330
8D
102
}
330
1F
100
AcDbEntity
  8
Layer 1
 62
   250
100
AcDbSpline
210
0.0
220
0.0
230
1.0
 70
    11
 71
     3
 72
    29
 73
    25
 74
     0
 42
0.0000000001
 43
0.0000000001
 40
0.0
 40
0.0
 40
0.0
 40
0.0
 40
0.125
 40
0.125
 40
0.125
 40
0.25
 40
0.25
 40
0.25
 40
0.375
 40
0.375
 40
0.375
 40
0.5
 40
0.5
 40
0.5
 40
0.625
 40
0.625
 40
0.625
 40
0.75
 40
0.75
 40
0.75
 40
0.875
 40
0.875
 40
0.875
 40
1.0
 40
1.0
 40
1.0
 40
1.0
 10
-466.4035
 20
42.9043
 30
0.0
 10
-466.4888
 20
42.9043
 30
0.0
 10
-466.5622
 20
42.9318
 30
0.0
 10
-466.6243
 20
42.9868
 30
0.0
 10
-466.6864
 20
43.0419
 30
0.0
 10
-466.7174
 20
43.1195
 30
0.0
 10
-466.7174
 20
43.2183
 30
0.0
 10
-466.7174
 20
43.3029
 30
0.0
 10
-466.6878
 20
43.3749
 30
0.0
 10
-466.6285
 20
43.4356
 30
0.0
 10
-466.5693
 20
43.4963
 30
0.0
 10
-466.4959
 20
43.5266
 30
0.0
 10
-466.4091
 20
43.5266
 30
0.0
 10
-466.3223
 20
43.5266
 30
0.0
 10
-466.2482
 20
43.497
 30
0.0
 10
-466.1869
 20
43.437
 30
0.0
 10
-466.1255
 20
43.377
 30
0.0
 10
-466.0951
 20
43.3043
 30
0.0
 10
-466.0951
 20
43.2183
 30
0.0
 10
-466.0951
 20
43.1209
 30
0.0
 10
-466.1255
 20
43.044
 30
0.0
 10
-466.1869
 20
42.9883
 30
0.0
 10
-466.2482
 20
42.9325
 30
0.0
 10
-466.3202
 20
42.9043
 30
0.0
 10
-466.4035
 20
42.9043
 30
0.0
  0
HATCH
  5
8D
330
1F
100
AcDbEntity
  8
Layer 1
 62
   250
420
  3617845
100
AcDbHatch
 10
0.0
 20
0.0
 30
0.0
210
0.0
220
0.0
230
1.0
  2
SOLID
 70
     1
 71
     1
 91
        1
 92
        1
 93
        1
 72
     4
 94
        3
 73
     0
 74
     1
 95
       29
 96
       25
 40
0.0
 40
0.0
 40
0.0
 40
0.0
 40
0.125
 40
0.125
 40
0.125
 40
0.25
 40
0.25
 40
0.25
 40
0.375
 40
0.375
 40
0.375
 40
0.5
 40
0.5
 40
0.5
 40
0.625
 40
0.625
 40
0.625
 40
0.75
 40
0.75
 40
0.75
 40
0.875
 40
0.875
 40
0.875
 40
1.0
 40
1.0
 40
1.0
 40
1.0
 10
-466.4035
 20
42.9043
 10
-466.4888
 20
42.9043
 10
-466.5622
 20
42.9318
 10
-466.6243
 20
42.9868
 10
-466.6864
 20
43.0419
 10
-466.7174
 20
43.1195
 10
-466.7174
 20
43.2183
 10
-466.7174
 20
43.3029
 10
-466.6878
 20
43.3749
 10
-466.6285
 20
43.4356
 10
-466.5693
 20
43.4963
 10
-466.4959
 20
43.5266
 10
-466.4091
 20
43.5266
 10
-466.3223
 20
43.5266
 10
-466.2482
 20
43.497
 10
-466.1869
 20
43.437
 10
-466.1255
 20
43.377
 10
-466.0951
 20
43.3043
 10
-466.0951
 20
43.2183
 10
-466.0951
 20
43.1209
 10
-466.1255
 20
43.044
 10
-466.1869
 20
42.9883
 10
-466.2482
 20
42.9325
 10
-466.3202
 20
42.9043
 10
-466.4035
 20
42.9043
 97
        1
330
8C
 75
     0
 76
     1
 98
        1
 10
0.0
 20
0.0
  0
SPLINE
  5
8E
102
{ACAD_REACTORS
330
8F
102
}
330
1F
100
AcDbEntity
  8
Layer 1
 62
   250
100
AcDbSpline
210
0.0
220
0.0
230
1.0
 70
    11
 71
     3
 72
   101
 73
    97
 74
     0
 42
0.0000000001
 43
0.0000000001
 40
0.0
 40
0.0
 40
0.0
 40
0.0
 40
0.03125
 40
0.03125
 40
0.03125
 40
0.0625
 40
0.0625
 40
0.0625
 40
0.09375
 40
0.09375
 40
0.09375
 40
0.125
 40
0.125
 40
0.125
 40
0.15625
 40
0.15625
 40
0.15625
 40
0.1875
 40
0.1875
 40
0.1875
 40
0.21875
 40
0.21875
 40
0.21875
 40
0.25
 40
0.25
 40
0.25
 40
0.28125
 40
0.28125
 40
0.28125
 40
0.3125
 40
0.3125
 40
0.3125
 40
0.34375
 40
0.34375
 40
0.34375
 40
0.375
 40
0.375
 40
0.375
 40
0.40625
 40
0.40625
 40
0.40625
 40
0.4375
 40
0.4375
 40
0.4375
 40
0.46875
 40
0.46875
 40
0.46875
 40
0.5
 40
0.5
 40
0.5
 40
0.53125
 40
0.53125
 40
0.53125
 40
0.5625
 40
0.5625
 40
0.5625
 40
0.59375
 40
0.59375
 40
0.59375
 40
0.625
 40
0.625
 40
0.625
 40
0.65625
 40
0.65625
 40
0.65625
 40
0.6875
 40
0.6875
 40
0.6875
 40
0.71875
 40
0.71875
 40
0.71875
 40
0.75
 40
0.75
 40
0.75
 40
0.78125
 40
0.78125
 40
0.78125
 40
0.8125
 40
0.8125
 40
0.8125
 40
0.84375
 40
0.84375
 40
0.84375
 40
0.875
 40
0.875
 40
0.875
 40
0.90625
 40
0.90625
 40
0.90625
 40
0.9375
 40
0.9375
 40
0.9375
 40
0.96875
 40
0.96875
 40
0.96875
 40
1.0
 40
1.0
 40
1.0
 40
1.0
 10
-464.0258
 20
43.2211
 30
0.0
 10
-464.1627
 20
43.1153
 30
0.0
 10
-464.2946
 20
43.0362
 30
0.0
 10
-464.4216
 20
42.9833
 30
0.0
 10
-464.5493
 20
42.9304
 30
0.0
 10
-464.6925
 20
42.9043
 30
0.0
 10
-464.8506
 20
42.9043
 30
0.0
 10
-464.9952
 20
42.9043
 30
0.0
 10
-465.1229
 20
42.9332
 30
0.0
 10
-465.2323
 20
42.9904
 30
0.0
 10
-465.3416
 20
43.0475
 30
0.0
 10
-465.4263
 20
43.1244
 30
0.0
 10
-465.4856
 20
43.2225
 30
0.0
 10
-465.5448
 20
43.3206
 30
0.0
 10
-465.5745
 20
43.4264
 30
0.0
 10
-465.5745
 20
43.5407
 30
0.0
 10
-465.5745
 20
43.6952
 30
0.0
 10
-465.5258
 20
43.8265
 30
0.0
 10
-465.4277
 20
43.9351
 30
0.0
 10
-465.3296
 20
44.0445
 30
0.0
 10
-465.1949
 20
44.1171
 30
0.0
 10
-465.0234
 20
44.1545
 30
0.0
 10
-464.9882
 20
44.163
 30
0.0
 10
-464.8993
 20
44.1813
 30
0.0
 10
-464.7574
 20
44.2103
 30
0.0
 10
-464.6156
 20
44.2392
 30
0.0
 10
-464.4936
 20
44.2653
 30
0.0
 10
-464.3927
 20
44.29
 30
0.0
 10
-464.2918
 20
44.314
 30
0.0
 10
-464.1817
 20
44.3429
 30
0.0
 10
-464.0632
 20
44.3775
 30
0.0
 10
-464.0702
 20
44.5264
 30
0.0
 10
-464.0999
 20
44.6357
 30
0.0
 10
-464.1528
 20
44.7049
 30
0.0
 10
-464.2064
 20
44.7747
 30
0.0
 10
-464.3158
 20
44.8093
 30
0.0
 10
-464.483
 20
44.8093
 30
0.0
 10
-464.6262
 20
44.8093
 30
0.0
 10
-464.7342
 20
44.7895
 30
0.0
 10
-464.8061
 20
44.7493
 30
0.0
 10
-464.8788
 20
44.7098
 30
0.0
 10
-464.9409
 20
44.6498
 30
0.0
 10
-464.9924
 20
44.5694
 30
0.0
 10
-465.0439
 20
44.4897
 30
0.0
 10
-465.0806
 20
44.4375
 30
0.0
 10
-465.1017
 20
44.4114
 30
0.0
 10
-465.1236
 20
44.386
 30
0.0
 10
-465.1695
 20
44.3733
 30
0.0
 10
-465.2393
 20
44.3733
 30
0.0
 10
-465.3028
 20
44.3733
 30
0.0
 10
-465.3579
 20
44.3937
 30
0.0
 10
-465.4037
 20
44.4346
 30
0.0
 10
-465.4496
 20
44.4749
 30
0.0
 10
-465.4729
 20
44.5271
 30
0.0
 10
-465.4729
 20
44.5906
 30
0.0
 10
-465.4729
 20
44.69
 30
0.0
 10
-465.4376
 20
44.7867
 30
0.0
 10
-465.3677
 20
44.8805
 30
0.0
 10
-465.2972
 20
44.9744
 30
0.0
 10
-465.1878
 20
45.0513
 30
0.0
 10
-465.039
 20
45.112
 30
0.0
 10
-464.8901
 20
45.1726
 30
0.0
 10
-464.7045
 20
45.203
 30
0.0
 10
-464.4823
 20
45.203
 30
0.0
 10
-464.2346
 20
45.203
 30
0.0
 10
-464.0392
 20
45.1733
 30
0.0
 10
-463.8974
 20
45.1148
 30
0.0
 10
-463.7556
 20
45.0562
 30
0.0
 10
-463.6554
 20
44.9638
 30
0.0
 10
-463.5968
 20
44.8368
 30
0.0
 10
-463.5383
 20
44.7098
 30
0.0
 10
-463.5086
 20
44.5419
 30
0.0
 10
-463.5086
 20
44.3323
 30
0.0
 10
-463.5086
 20
44.1997
 30
0.0
 10
-463.5093
 20
44.0875
 30
0.0
 10
-463.51
 20
43.9951
 30
0.0
 10
-463.5107
 20
43.9027
 30
0.0
 10
-463.5114
 20
43.7996
 30
0.0
 10
-463.5129
 20
43.6868
 30
0.0
 10
-463.5129
 20
43.5809
 30
0.0
 10
-463.4952
 20
43.4702
 30
0.0
 10
-463.4599
 20
43.3551
 30
0.0
 10
-463.4247
 20
43.2408
 30
0.0
 10
-463.4077
 20
43.1668
 30
0.0
 10
-463.4077
 20
43.1336
 30
0.0
 10
-463.4077
 20
43.0757
 30
0.0
 10
-463.4345
 20
43.0228
 30
0.0
 10
-463.4889
 20
42.9756
 30
0.0
 10
-463.5439
 20
42.9283
 30
0.0
 10
-463.6053
 20
42.9043
 30
0.0
 10
-463.6744
 20
42.9043
 30
0.0
 10
-463.7323
 20
42.9043
 30
0.0
 10
-463.7894
 20
42.9311
 30
0.0
 10
-463.8459
 20
42.9854
 30
0.0
 10
-463.9023
 20
43.0398
 30
0.0
 10
-463.9623
 20
43.1181
 30
0.0
 10
-464.0258
 20
43.2211
 30
0.0
  0
HATCH
  5
8F
330
1F
100
AcDbEntity
  8
Layer 1
 62
   250
420
  3617845
100
AcDbHatch
 10
0.0
 20
0.0
 30
0.0
210
0.0
220
0.0
230
1.0
  2
SOLID
 70
     1
 71
     1
 91
        1
 92
        1
 93
        1
 72
     4
 94
        3
 73
     0
 74
     1
 95
      101
 96
       97
 40
0.0
 40
0.0
 40
0.0
 40
0.0
 40
0.03125
 40
0.03125
 40
0.03125
 40
0.0625
 40
0.0625
 40
0.0625
 40
0.09375
 40
0.09375
 40
0.09375
 40
0.125
 40
0.125
 40
0.125
 40
0.15625
 40
0.15625
 40
0.15625
 40
0.1875
 40
0.1875
 40
0.1875
 40
0.21875
 40
0.21875
 40
0.21875
 40
0.25
 40
0.25
 40
0.25
 40
0.28125
 40
0.28125
 40
0.28125
 40
0.3125
 40
0.3125
 40
0.3125
 40
0.34375
 40
0.34375
 40
0.34375
 40
0.375
 40
0.375
 40
0.375
 40
0.40625
 40
0.40625
 40
0.40625
 40
0.4375
 40
0.4375
 40
0.4375
 40
0.46875
 40
0.46875
 40
0.46875
 40
0.5
 40
0.5
 40
0.5
 40
0.53125
 40
0.53125
 40
0.53125
 40
0.5625
 40
0.5625
 40
0.5625
 40
0.59375
 40
0.59375
 40
0.59375
 40
0.625
 40
0.625
 40
0.625
 40
0.65625
 40
0.65625
 40
0.65625
 40
0.6875
 40
0.6875
 40
0.6875
 40
0.71875
 40
0.71875
 40
0.71875
 40
0.75
 40
0.75
 40
0.75
 40
0.78125
 40
0.78125
 40
0.78125
 40
0.8125
 40
0.8125
 40
0.8125
 40
0.84375
 40
0.84375
 40
0.84375
 40
0.875
 40
0.875
 40
0.875
 40
0.90625
 40
0.90625
 40
0.90625
 40
0.9375
 40
0.9375
 40
0.9375
 40
0.96875
 40
0.96875
 40
0.96875
 40
1.0
 40
1.0
 40
1.0
 40
1.0
 10
-464.0258
 20
43.2211
 10
-464.1627
 20
43.1153
 10
-464.2946
 20
43.0362
 10
-464.4216
 20
42.9833
 10
-464.5493
 20
42.9304
 10
-464.6925
 20
42.9043
 10
-464.8506
 20
42.9043
 10
-464.9952
 20
42.9043
 10
-465.1229
 20
42.9332
 10
-465.2323
 20
42.9904
 10
-465.3416
 20
43.0475
 10
-465.4263
 20
43.1244
 10
-465.4856
 20
43.2225
 10
-465.5448
 20
43.3206
 10
-465.5745
 20
43.4264
 10
-465.5745
 20
43.5407
 10
-465.5745
 20
43.6952
 10
-465.5258
 20
43.8265
 10
-465.4277
 20
43.9351
 10
-465.3296
 20
44.0445
 10
-465.1949
 20
44.1171
 10
-465.0234
 20
44.1545
 10
-464.9882
 20
44.163
 10
-464.8993
 20
44.1813
 10
-464.7574
 20
44.2103
 10
-464.6156
 20
44.2392
 10
-464.4936
 20
44.2653
 10
-464.3927
 20
44.29
 10
-464.2918
 20
44.314
 10
-464.1817
 20
44.3429
 10
-464.0632
 20
44.3775
 10
-464.0702
 20
44.5264
 10
-464.0999
 20
44.6357
 10
-464.1528
 20
44.7049
 10
-464.2064
 20
44.7747
 10
-464.3158
 20
44.8093
 10
-464.483
 20
44.8093
 10
-464.6262
 20
44.8093
 10
-464.7342
 20
44.7895
 10
-464.8061
 20
44.7493
 10
-464.8788
 20
44.7098
 10
-464.9409
 20
44.6498
 10
-464.9924
 20
44.5694
 10
-465.0439
 20
44.4897
 10
-465.0806
 20
44.4375
 10
-465.1017
 20
44.4114
 10
-465.1236
 20
44.386
 10
-465.1695
 20
44.3733
 10
-465.2393
 20
44.3733
 10
-465.3028
 20
44.3733
 10
-465.3579
 20
44.3937
 10
-465.4037
 20
44.4346
 10
-465.4496
 20
44.4749
 10
-465.4729
 20
44.5271
 10
-465.4729
 20
44.5906
 10
-465.4729
 20
44.69
 10
-465.4376
 20
44.7867
 10
-465.3677
 20
44.8805
 10
-465.2972
 20
44.9744
 10
-465.1878
 20
45.0513
 10
-465.039
 20
45.112
 10
-464.8901
 20
45.1726
 10
-464.7045
 20
45.203
 10
-464.4823
 20
45.203
 10
-464.2346
 20
45.203
 10
-464.0392
 20
45.1733
 10
-463.8974
 20
45.1148
 10
-463.7556
 20
45.0562
 10
-463.6554
 20
44.9638
 10
-463.5968
 20
44.8368
 10
-463.5383
 20
44.7098
 10
-463.5086
 20
44.5419
 10
-463.5086
 20
44.3323
 10
-463.5086
 20
44.1997
 10
-463.5093
 20
44.0875
 10
-463.51
 20
43.9951
 10
-463.5107
 20
43.9027
 10
-463.5114
 20
43.7996
 10
-463.5129
 20
43.6868
 10
-463.5129
 20
43.5809
 10
-463.4952
 20
43.4702
 10
-463.4599
 20
43.3551
 10
-463.4247
 20
43.2408
 10
-463.4077
 20
43.1668
 10
-463.4077
 20
43.1336
 10
-463.4077
 20
43.0757
 10
-463.4345
 20
43.0228
 10
-463.4889
 20
42.9756
 10
-463.5439
 20
42.9283
 10
-463.6053
 20
42.9043
 10
-463.6744
 20
42.9043
 10
-463.7323
 20
42.9043
 10
-463.7894
 20
42.9311
 10
-463.8459
 20
42.9854
 10
-463.9023
 20
43.0398
 10
-463.9623
 20
43.1181
 10
-464.0258
 20
43.2211
 97
        1
330
8E
 75
     0
 76
     1
 98
        1
 10
0.0
 20
0.0
  0
SPLINE
  5
90
102
{ACAD_REACTORS
330
91
102
}
330
1F
100
AcDbEntity
  8
Layer 1
 62
   250
100
AcDbSpline
210
0.0
220
0.0
230
1.0
 70
    11
 71
     3
 72
    35
 73
    31
 74
     0
 42
0.0000000001
 43
0.0000000001
 40
0.0
 40
0.0
 40
0.0
 40
0.0
 40
0.1
 40
0.1
 40
0.1
 40
0.2
 40
0.2
 40
0.2
 40
0.3
 40
0.3
 40
0.3
 40
0.4
 40
0.4
 40
0.4
 40
0.5
 40
0.5
 40
0.5
 40
0.6000000000000001
 40
0.6000000000000001
 40
0.6000000000000001
 40
0.7000000000000001
 40
0.7000000000000001
 40
0.7000000000000001
 40
0.8
 40
0.8
 40
0.8
 40
0.9
 40
0.9
 40
0.9
 40
1.0
 40
1.0
 40
1.0
 40
1.0
 10
-464.0632
 20
44.0388
 30
0.0
 10
-464.1457
 20
44.0085
 30
0.0
 10
-464.2657
 20
43.976
 30
0.0
 10
-464.4237
 20
43.9429
 30
0.0
 10
-464.5811
 20
43.909
 30
0.0
 10
-464.6904
 20
43.8836
 30
0.0
 10
-464.7511
 20
43.8681
 30
0.0
 10
-464.8118
 20
43.8519
 30
0.0
 10
-464.8696
 20
43.8208
 30
0.0
 10
-464.9247
 20
43.7749
 30
0.0
 10
-464.9797
 20
43.7284
 30
0.0
 10
-465.0072
 20
43.6642
 30
0.0
 10
-465.0072
 20
43.5809
 30
0.0
 10
-465.0072
 20
43.4956
 30
0.0
 10
-464.9748
 20
43.4229
 30
0.0
 10
-464.9098
 20
43.3629
 30
0.0
 10
-464.8456
 20
43.3029
 30
0.0
 10
-464.761
 20
43.2726
 30
0.0
 10
-464.6558
 20
43.2726
 30
0.0
 10
-464.5444
 20
43.2726
 30
0.0
 10
-464.4414
 20
43.2973
 30
0.0
 10
-464.3475
 20
43.346
 30
0.0
 10
-464.253
 20
43.3954
 30
0.0
 10
-464.1838
 20
43.4582
 30
0.0
 10
-464.1394
 20
43.5358
 30
0.0
 10
-464.0886
 20
43.6211
 30
0.0
 10
-464.0632
 20
43.7622
 30
0.0
 10
-464.0632
 20
43.9584
 30
0.0
 10
-464.0632
 20
43.9584
 30
0.0
 10
-464.0632
 20
44.0388
 30
0.0
 10
-464.0632
 20
44.0388
 30
0.0
  0
HATCH
  5
91
330
1F
100
AcDbEntity
  8
Layer 1
 62
   250
420
  3617845
100
AcDbHatch
 10
0.0
 20
0.0
 30
0.0
210
0.0
220
0.0
230
1.0
  2
SOLID
 70
     1
 71
     1
 91
        1
 92
        1
 93
        1
 72
     4
 94
        3
 73
     0
 74
     1
 95
       35
 96
       31
 40
0.0
 40
0.0
 40
0.0
 40
0.0
 40
0.1
 40
0.1
 40
0.1
 40
0.2
 40
0.2
 40
0.2
 40
0.3
 40
0.3
 40
0.3
 40
0.4
 40
0.4
 40
0.4
 40
0.5
 40
0.5
 40
0.5
 40
0.6000000000000001
 40
0.6000000000000001
 40
0.6000000000000001
 40
0.7000000000000001
 40
0.7000000000000001
 40
0.7000000000000001
 40
0.8
 40
0.8
 40
0.8
 40
0.9
 40
0.9
 40
0.9
 40
1.0
 40
1.0
 40
1.0
 40
1.0
 10
-464.0632
 20
44.0388
 10
-464.1457
 20
44.0085
 10
-464.2657
 20
43.976
 10
-464.4237
 20
43.9429
 10
-464.5811
 20
43.909
 10
-464.6904
 20
43.8836
 10
-464.7511
 20
43.8681
 10
-464.8118
 20
43.8519
 10
-464.8696
 20
43.8208
 10
-464.9247
 20
43.7749
 10
-464.9797
 20
43.7284
 10
-465.0072
 20
43.6642
 10
-465.0072
 20
43.5809
 10
-465.0072
 20
43.4956
 10
-464.9748
 20
43.4229
 10
-464.9098
 20
43.3629
 10
-464.8456
 20
43.3029
 10
-464.761
 20
43.2726
 10
-464.6558
 20
43.2726
 10
-464.5444
 20
43.2726
 10
-464.4414
 20
43.2973
 10
-464.3475
 20
43.346
 10
-464.253
 20
43.3954
 10
-464.1838
 20
43.4582
 10
-464.1394
 20
43.5358
 10
-464.0886
 20
43.6211
 10
-464.0632
 20
43.7622
 10
-464.0632
 20
43.9584
 10
-464.0632
 20
43.9584
 10
-464.0632
 20
44.0388
 10
-464.0632
 20
44.0388
 97
        1
330
90
 75
     0
 76
     1
 98
        1
 10
0.0
 20
0.0
  0
SPLINE
  5
92
102
{ACAD_REACTORS
330
93
102
}
330
1F
100
AcDbEntity
  8
Layer 1
 62
   250
100
AcDbSpline
210
0.0
220
0.0
230
1.0
 70
    11
 71
     3
 72
   125
 73
   121
 74
     0
 42
0.0000000001
 43
0.0000000001
 40
0.0
 40
0.0
 40
0.0
 40
0.0
 40
0.025
 40
0.025
 40
0.025
 40
0.05
 40
0.05
 40
0.05
 40
0.075
 40
0.075
 40
0.075
 40
0.1
 40
0.1
 40
0.1
 40
0.125
 40
0.125
 40
0.125
 40
0.15
 40
0.15
 40
0.15
 40
0.175
 40
0.175
 40
0.175
 40
0.2
 40
0.2
 40
0.2
 40
0.225
 40
0.225
 40
0.225
 40
0.25
 40
0.25
 40
0.25
 40
0.275
 40
0.275
 40
0.275
 40
0.3
 40
0.3
 40
0.3
 40
0.325
 40
0.325
 40
0.325
 40
0.35
 40
0.35
 40
0.35
 40
0.375
 40
0.375
 40
0.375
 40
0.4
 40
0.4
 40
0.4
 40
0.425
 40
0.425
 40
0.425
 40
0.45
 40
0.45
 40
0.45
 40
0.475
 40
0.475
 40
0.475
 40
0.5
 40
0.5
 40
0.5
 40
0.525
 40
0.525
 40
0.525
 40
0.55
 40
0.55
 40
0.55
 40
0.5750000000000001
 40
0.5750000000000001
 40
0.5750000000000001
 40
0.6000000000000001
 40
0.6000000000000001
 40
0.6000000000000001
 40
0.625
 40
0.625
 40
0.625
 40
0.65
 40
0.65
 40
0.65
 40
0.675
 40
0.675
 40
0.675
 40
0.7000000000000001
 40
0.7000000000000001
 40
0.7000000000000001
 40
0.7250000000000001
 40
0.7250000000000001
 40
0.7250000000000001
 40
0.75
 40
0.75
 40
0.75
 40
0.775
 40
0.775
 40
0.775
 40
0.8
 40
0.8
 40
0.8
 40
0.8250000000000001
 40
0.8250000000000001
 40
0.8250000000000001
 40
0.8500000000000001
 40
0.8500000000000001
 40
0.8500000000000001
 40
0.875
 40
0.875
 40
0.875
 40
0.9
 40
0.9
 40
0.9
 40
0.925
 40
0.925
 40
0.925
 40
0.9500000000000001
 40
0.9500000000000001
 40
0.9500000000000001
 40
0.9750000000000001
 40
0.9750000000000001
 40
0.9750000000000001
 40
1.0
 40
1.0
 40
1.0
 40
1.0
 10
-461.1203
 20
43.6409
 30
0.0
 10
-461.1203
 20
43.4857
 30
0.0
 10
-461.1584
 20
43.3523
 30
0.0
 10
-461.2339
 20
43.2416
 30
0.0
 10
-461.3094
 20
43.1308
 30
0.0
 10
-461.4216
 20
43.0468
 30
0.0
 10
-461.5698
 20
42.9897
 30
0.0
 10
-461.7179
 20
42.9325
 30
0.0
 10
-461.8978
 20
42.9043
 30
0.0
 10
-462.1102
 20
42.9043
 30
0.0
 10
-462.3127
 20
42.9043
 30
0.0
 10
-462.4863
 20
42.9353
 30
0.0
 10
-462.6309
 20
42.9974
 30
0.0
 10
-462.7755
 20
43.0588
 30
0.0
 10
-462.8821
 20
43.1364
 30
0.0
 10
-462.9512
 20
43.2296
 30
0.0
 10
-463.0197
 20
43.322
 30
0.0
 10
-463.0542
 20
43.4151
 30
0.0
 10
-463.0542
 20
43.509
 30
0.0
 10
-463.0542
 20
43.571
 30
0.0
 10
-463.0324
 20
43.624
 30
0.0
 10
-462.9879
 20
43.6677
 30
0.0
 10
-462.9442
 20
43.7122
 30
0.0
 10
-462.8884
 20
43.734
 30
0.0
 10
-462.8207
 20
43.734
 30
0.0
 10
-462.7614
 20
43.734
 30
0.0
 10
-462.7163
 20
43.7192
 30
0.0
 10
-462.6845
 20
43.6903
 30
0.0
 10
-462.6528
 20
43.6614
 30
0.0
 10
-462.6224
 20
43.6211
 30
0.0
 10
-462.5935
 20
43.5682
 30
0.0
 10
-462.5356
 20
43.468
 30
0.0
 10
-462.4665
 20
43.3925
 30
0.0
 10
-462.3861
 20
43.3432
 30
0.0
 10
-462.3056
 20
43.2931
 30
0.0
 10
-462.1956
 20
43.2684
 30
0.0
 10
-462.0566
 20
43.2684
 30
0.0
 10
-461.9437
 20
43.2684
 30
0.0
 10
-461.8513
 20
43.2938
 30
0.0
 10
-461.7793
 20
43.3439
 30
0.0
 10
-461.7066
 20
43.394
 30
0.0
 10
-461.6706
 20
43.4518
 30
0.0
 10
-461.6706
 20
43.5167
 30
0.0
 10
-461.6706
 20
43.6162
 30
0.0
 10
-461.708
 20
43.6882
 30
0.0
 10
-461.7828
 20
43.734
 30
0.0
 10
-461.8583
 20
43.7792
 30
0.0
 10
-461.9818
 20
43.8229
 30
0.0
 10
-462.1539
 20
43.8646
 30
0.0
 10
-462.348
 20
43.9125
 30
0.0
 10
-462.506
 20
43.9633
 30
0.0
 10
-462.6281
 20
44.0162
 30
0.0
 10
-462.7494
 20
44.0692
 30
0.0
 10
-462.8468
 20
44.1397
 30
0.0
 10
-462.9202
 20
44.2265
 30
0.0
 10
-462.9928
 20
44.3133
 30
0.0
 10
-463.0295
 20
44.4205
 30
0.0
 10
-463.0295
 20
44.5468
 30
0.0
 10
-463.0295
 20
44.6604
 30
0.0
 10
-462.9957
 20
44.767
 30
0.0
 10
-462.9286
 20
44.8678
 30
0.0
 10
-462.8609
 20
44.9687
 30
0.0
 10
-462.7614
 20
45.0485
 30
0.0
 10
-462.6295
 20
45.1084
 30
0.0
 10
-462.4983
 20
45.1684
 30
0.0
 10
-462.3395
 20
45.1987
 30
0.0
 10
-462.1532
 20
45.1987
 30
0.0
 10
-462.0072
 20
45.1987
 30
0.0
 10
-461.876
 20
45.1839
 30
0.0
 10
-461.7603
 20
45.1536
 30
0.0
 10
-461.6438
 20
45.1233
 30
0.0
 10
-461.5465
 20
45.0823
 30
0.0
 10
-461.4689
 20
45.0315
 30
0.0
 10
-461.3905
 20
44.98
 30
0.0
 10
-461.3313
 20
44.9236
 30
0.0
 10
-461.2911
 20
44.8615
 30
0.0
 10
-461.2501
 20
44.7994
 30
0.0
 10
-461.2297
 20
44.7394
 30
0.0
 10
-461.2297
 20
44.6795
 30
0.0
 10
-461.2297
 20
44.6153
 30
0.0
 10
-461.2515
 20
44.5616
 30
0.0
 10
-461.2953
 20
44.5207
 30
0.0
 10
-461.3383
 20
44.4791
 30
0.0
 10
-461.4004
 20
44.4586
 30
0.0
 10
-461.4801
 20
44.4586
 30
0.0
 10
-461.538
 20
44.4586
 30
0.0
 10
-461.5874
 20
44.4749
 30
0.0
 10
-461.6283
 20
44.508
 30
0.0
 10
-461.6685
 20
44.5412
 30
0.0
 10
-461.7151
 20
44.5906
 30
0.0
 10
-461.768
 20
44.6569
 30
0.0
 10
-461.8103
 20
44.7119
 30
0.0
 10
-461.8604
 20
44.7564
 30
0.0
 10
-461.9183
 20
44.7895
 30
0.0
 10
-461.9761
 20
44.8227
 30
0.0
 10
-462.0545
 20
44.8389
 30
0.0
 10
-462.1539
 20
44.8389
 30
0.0
 10
-462.2555
 20
44.8389
 30
0.0
 10
-462.3402
 20
44.817
 30
0.0
 10
-462.4079
 20
44.774
 30
0.0
 10
-462.475
 20
44.7303
 30
0.0
 10
-462.5088
 20
44.6759
 30
0.0
 10
-462.5088
 20
44.611
 30
0.0
 10
-462.5088
 20
44.5518
 30
0.0
 10
-462.4841
 20
44.5031
 30
0.0
 10
-462.4348
 20
44.4657
 30
0.0
 10
-462.3847
 20
44.4276
 30
0.0
 10
-462.3183
 20
44.3958
 30
0.0
 10
-462.2344
 20
44.3711
 30
0.0
 10
-462.1504
 20
44.3464
 30
0.0
 10
-462.0347
 20
44.3161
 30
0.0
 10
-461.8872
 20
44.2801
 30
0.0
 10
-461.7123
 20
44.2378
 30
0.0
 10
-461.569
 20
44.1863
 30
0.0
 10
-461.4583
 20
44.127
 30
0.0
 10
-461.3475
 20
44.0678
 30
0.0
 10
-461.2635
 20
43.9979
 30
0.0
 10
-461.2064
 20
43.9168
 30
0.0
 10
-461.1492
 20
43.8363
 30
0.0
 10
-461.1203
 20
43.7446
 30
0.0
 10
-461.1203
 20
43.6409
 30
0.0
  0
HATCH
  5
93
330
1F
100
AcDbEntity
  8
Layer 1
 62
   250
420
  3617845
100
AcDbHatch
 10
0.0
 20
0.0
 30
0.0
210
0.0
220
0.0
230
1.0
  2
SOLID
 70
     1
 71
     1
 91
        1
 92
        1
 93
        1
 72
     4
 94
        3
 73
     0
 74
     1
 95
      125
 96
      121
 40
0.0
 40
0.0
 40
0.0
 40
0.0
 40
0.025
 40
0.025
 40
0.025
 40
0.05
 40
0.05
 40
0.05
 40
0.075
 40
0.075
 40
0.075
 40
0.1
 40
0.1
 40
0.1
 40
0.125
 40
0.125
 40
0.125
 40
0.15
 40
0.15
 40
0.15
 40
0.175
 40
0.175
 40
0.175
 40
0.2
 40
0.2
 40
0.2
 40
0.225
 40
0.225
 40
0.225
 40
0.25
 40
0.25
 40
0.25
 40
0.275
 40
0.275
 40
0.275
 40
0.3
 40
0.3
 40
0.3
 40
0.325
 40
0.325
 40
0.325
 40
0.35
 40
0.35
 40
0.35
 40
0.375
 40
0.375
 40
0.375
 40
0.4
 40
0.4
 40
0.4
 40
0.425
 40
0.425
 40
0.425
 40
0.45
 40
0.45
 40
0.45
 40
0.475
 40
0.475
 40
0.475
 40
0.5
 40
0.5
 40
0.5
 40
0.525
 40
0.525
 40
0.525
 40
0.55
 40
0.55
 40
0.55
 40
0.5750000000000001
 40
0.5750000000000001
 40
0.5750000000000001
 40
0.6000000000000001
 40
0.6000000000000001
 40
0.6000000000000001
 40
0.625
 40
0.625
 40
0.625
 40
0.65
 40
0.65
 40
0.65
 40
0.675
 40
0.675
 40
0.675
 40
0.7000000000000001
 40
0.7000000000000001
 40
0.7000000000000001
 40
0.7250000000000001
 40
0.7250000000000001
 40
0.7250000000000001
 40
0.75
 40
0.75
 40
0.75
 40
0.775
 40
0.775
 40
0.775
 40
0.8
 40
0.8
 40
0.8
 40
0.8250000000000001
 40
0.8250000000000001
 40
0.8250000000000001
 40
0.8500000000000001
 40
0.8500000000000001
 40
0.8500000000000001
 40
0.875
 40
0.875
 40
0.875
 40
0.9
 40
0.9
 40
0.9
 40
0.925
 40
0.925
 40
0.925
 40
0.9500000000000001
 40
0.9500000000000001
 40
0.9500000000000001
 40
0.9750000000000001
 40
0.9750000000000001
 40
0.9750000000000001
 40
1.0
 40
1.0
 40
1.0
 40
1.0
 10
-461.1203
 20
43.6409
 10
-461.1203
 20
43.4857
 10
-461.1584
 20
43.3523
 10
-461.2339
 20
43.2416
 10
-461.3094
 20
43.1308
 10
-461.4216
 20
43.0468
 10
-461.5698
 20
42.9897
 10
-461.7179
 20
42.9325
 10
-461.8978
 20
42.9043
 10
-462.1102
 20
42.9043
 10
-462.3127
 20
42.9043
 10
-462.4863
 20
42.9353
 10
-462.6309
 20
42.9974
 10
-462.7755
 20
43.0588
 10
-462.8821
 20
43.1364
 10
-462.9512
 20
43.2296
 10
-463.0197
 20
43.322
 10
-463.0542
 20
43.4151
 10
-463.0542
 20
43.509
 10
-463.0542
 20
43.571
 10
-463.0324
 20
43.624
 10
-462.9879
 20
43.6677
 10
-462.9442
 20
43.7122
 10
-462.8884
 20
43.734
 10
-462.8207
 20
43.734
 10
-462.7614
 20
43.734
 10
-462.7163
 20
43.7192
 10
-462.6845
 20
43.6903
 10
-462.6528
 20
43.6614
 10
-462.6224
 20
43.6211
 10
-462.5935
 20
43.5682
 10
-462.5356
 20
43.468
 10
-462.4665
 20
43.3925
 10
-462.3861
 20
43.3432
 10
-462.3056
 20
43.2931
 10
-462.1956
 20
43.2684
 10
-462.0566
 20
43.2684
 10
-461.9437
 20
43.2684
 10
-461.8513
 20
43.2938
 10
-461.7793
 20
43.3439
 10
-461.7066
 20
43.394
 10
-461.6706
 20
43.4518
 10
-461.6706
 20
43.5167
 10
-461.6706
 20
43.6162
 10
-461.708
 20
43.6882
 10
-461.7828
 20
43.734
 10
-461.8583
 20
43.7792
 10
-461.9818
 20
43.8229
 10
-462.1539
 20
43.8646
 10
-462.348
 20
43.9125
 10
-462.506
 20
43.9633
 10
-462.6281
 20
44.0162
 10
-462.7494
 20
44.0692
 10
-462.8468
 20
44.1397
 10
-462.9202
 20
44.2265
 10
-462.9928
 20
44.3133
 10
-463.0295
 20
44.4205
 10
-463.0295
 20
44.5468
 10
-463.0295
 20
44.6604
 10
-462.9957
 20
44.767
 10
-462.9286
 20
44.8678
 10
-462.8609
 20
44.9687
 10
-462.7614
 20
45.0485
 10
-462.6295
 20
45.1084
 10
-462.4983
 20
45.1684
 10
-462.3395
 20
45.1987
 10
-462.1532
 20
45.1987
 10
-462.0072
 20
45.1987
 10
-461.876
 20
45.1839
 10
-461.7603
 20
45.1536
 10
-461.6438
 20
45.1233
 10
-461.5465
 20
45.0823
 10
-461.4689
 20
45.0315
 10
-461.3905
 20
44.98
 10
-461.3313
 20
44.9236
 10
-461.2911
 20
44.8615
 10
-461.2501
 20
44.7994
 10
-461.2297
 20
44.7394
 10
-461.2297
 20
44.6795
 10
-461.2297
 20
44.6153
 10
-461.2515
 20
44.5616
 10
-461.2953
 20
44.5207
 10
-461.3383
 20
44.4791
 10
-461.4004
 20
44.4586
 10
-461.4801
 20
44.4586
 10
-461.538
 20
44.4586
 10
-461.5874
 20
44.4749
 10
-461.6283
 20
44.508
 10
-461.6685
 20
44.5412
 10
-461.7151
 20
44.5906
 10
-461.768
 20
44.6569
 10
-461.8103
 20
44.7119
 10
-461.8604
 20
44.7564
 10
-461.9183
 20
44.7895
 10
-461.9761
 20
44.8227
 10
-462.0545
 20
44.8389
 10
-462.1539
 20
44.8389
 10
-462.2555
 20
44.8389
 10
-462.3402
 20
44.817
 10
-462.4079
 20
44.774
 10
-462.475
 20
44.7303
 10
-462.5088
 20
44.6759
 10
-462.5088
 20
44.611
 10
-462.5088
 20
44.5518
 10
-462.4841
 20
44.5031
 10
-462.4348
 20
44.4657
 10
-462.3847
 20
44.4276
 10
-462.3183
 20
44.3958
 10
-462.2344
 20
44.3711
 10
-462.1504
 20
44.3464
 10
-462.0347
 20
44.3161
 10
-461.8872
 20
44.2801
 10
-461.7123
 20
44.2378
 10
-461.569
 20
44.1863
 10
-461.4583
 20
44.127
 10
-461.3475
 20
44.0678
 10
-461.2635
 20
43.9979
 10
-461.2064
 20
43.9168
 10
-461.1492
 20
43.8363
 10
-461.1203
 20
43.7446
 10
-461.1203
 20
43.6409
 97
        1
330
92
 75
     0
 76
     1
 98
        1
 10
0.0
 20
0.0
  0
SPLINE
  5
94
102
{ACAD_REACTORS
330
95
102
}
330
1F
100
AcDbEntity
  8
Layer 1
 62
   250
100
AcDbSpline
210
0.0
220
0.0
230
1.0
 70
    11
 71
     3
 72
    68
 73
    64
 74
     0
 42
0.0000000001
 43
0.0000000001
 40
0.0
 40
0.0
 40
0.0
 40
0.0
 40
0.0476190476190476
 40
0.0476190476190476
 40
0.0476190476190476
 40
0.0952380952380952
 40
0.0952380952380952
 40
0.0952380952380952
 40
0.1428571428571428
 40
0.1428571428571428
 40
0.1428571428571428
 40
0.1904761904761905
 40
0.1904761904761905
 40
0.1904761904761905
 40
0.2380952380952381
 40
0.2380952380952381
 40
0.2380952380952381
 40
0.2857142857142857
 40
0.2857142857142857
 40
0.2857142857142857
 40
0.3333333333333333
 40
0.3333333333333333
 40
0.3333333333333333
 40
0.3809523809523809
 40
0.3809523809523809
 40
0.3809523809523809
 40
0.4285714285714285
 40
0.4285714285714285
 40
0.4285714285714285
 40
0.4761904761904762
 40
0.4761904761904762
 40
0.4761904761904762
 40
0.5238095238095237
 40
0.5238095238095237
 40
0.5238095238095237
 40
0.5714285714285714
 40
0.5714285714285714
 40
0.5714285714285714
 40
0.6190476190476191
 40
0.6190476190476191
 40
0.6190476190476191
 40
0.6666666666666666
 40
0.6666666666666666
 40
0.6666666666666666
 40
0.7142857142857142
 40
0.7142857142857142
 40
0.7142857142857142
 40
0.7619047619047619
 40
0.7619047619047619
 40
0.7619047619047619
 40
0.8095238095238095
 40
0.8095238095238095
 40
0.8095238095238095
 40
0.8571428571428571
 40
0.8571428571428571
 40
0.8571428571428571
 40
0.9047619047619047
 40
0.9047619047619047
 40
0.9047619047619047
 40
0.9523809523809523
 40
0.9523809523809523
 40
0.9523809523809523
 40
1.0
 40
1.0
 40
1.0
 40
1.0
 10
-460.0832
 20
43.7185
 30
0.0
 10
-460.0832
 20
43.7185
 30
0.0
 10
-460.0832
 20
43.2472
 30
0.0
 10
-460.0832
 20
43.2472
 30
0.0
 10
-460.0832
 20
43.1329
 30
0.0
 10
-460.11
 20
43.0475
 30
0.0
 10
-460.1636
 20
42.9904
 30
0.0
 10
-460.2173
 20
42.9332
 30
0.0
 10
-460.285
 20
42.9043
 30
0.0
 10
-460.3675
 20
42.9043
 30
0.0
 10
-460.4487
 20
42.9043
 30
0.0
 10
-460.5157
 20
42.9332
 30
0.0
 10
-460.5679
 20
42.9911
 30
0.0
 10
-460.6201
 20
43.0489
 30
0.0
 10
-460.6462
 20
43.1343
 30
0.0
 10
-460.6462
 20
43.2472
 30
0.0
 10
-460.6462
 20
43.2472
 30
0.0
 10
-460.6462
 20
44.8185
 30
0.0
 10
-460.6462
 20
44.8185
 30
0.0
 10
-460.6462
 20
45.0718
 30
0.0
 10
-460.5545
 20
45.1987
 30
0.0
 10
-460.3718
 20
45.1987
 30
0.0
 10
-460.2786
 20
45.1987
 30
0.0
 10
-460.2109
 20
45.1691
 30
0.0
 10
-460.17
 20
45.1098
 30
0.0
 10
-460.1284
 20
45.0506
 30
0.0
 10
-460.1058
 20
44.9624
 30
0.0
 10
-460.1016
 20
44.8467
 30
0.0
 10
-460.0345
 20
44.9624
 30
0.0
 10
-459.9654
 20
45.0506
 30
0.0
 10
-459.8941
 20
45.1098
 30
0.0
 10
-459.8229
 20
45.1691
 30
0.0
 10
-459.7283
 20
45.1987
 30
0.0
 10
-459.6098
 20
45.1987
 30
0.0
 10
-459.4913
 20
45.1987
 30
0.0
 10
-459.3762
 20
45.1691
 30
0.0
 10
-459.2648
 20
45.1098
 30
0.0
 10
-459.1533
 20
45.0506
 30
0.0
 10
-459.0976
 20
44.9716
 30
0.0
 10
-459.0976
 20
44.8735
 30
0.0
 10
-459.0976
 20
44.8043
 30
0.0
 10
-459.1208
 20
44.7479
 30
0.0
 10
-459.1688
 20
44.7027
 30
0.0
 10
-459.2161
 20
44.6576
 30
0.0
 10
-459.2676
 20
44.6357
 30
0.0
 10
-459.3226
 20
44.6357
 30
0.0
 10
-459.3431
 20
44.6357
 30
0.0
 10
-459.3932
 20
44.6484
 30
0.0
 10
-459.4722
 20
44.6738
 30
0.0
 10
-459.5519
 20
44.6992
 30
0.0
 10
-459.6218
 20
44.7119
 30
0.0
 10
-459.6825
 20
44.7119
 30
0.0
 10
-459.765
 20
44.7119
 30
0.0
 10
-459.832
 20
44.69
 30
0.0
 10
-459.8849
 20
44.647
 30
0.0
 10
-459.9372
 20
44.6033
 30
0.0
 10
-459.9781
 20
44.5391
 30
0.0
 10
-460.007
 20
44.4537
 30
0.0
 10
-460.0359
 20
44.3683
 30
0.0
 10
-460.0557
 20
44.2667
 30
0.0
 10
-460.067
 20
44.1489
 30
0.0
 10
-460.0776
 20
44.0311
 30
0.0
 10
-460.0832
 20
43.8878
 30
0.0
 10
-460.0832
 20
43.7185
 30
0.0
  0
HATCH
  5
95
330
1F
100
AcDbEntity
  8
Layer 1
 62
   250
420
  3617845
100
AcDbHatch
 10
0.0
 20
0.0
 30
0.0
210
0.0
220
0.0
230
1.0
  2
SOLID
 70
     1
 71
     1
 91
        1
 92
        1
 93
        1
 72
     4
 94
        3
 73
     0
 74
     1
 95
       68
 96
       64
 40
0.0
 40
0.0
 40
0.0
 40
0.0
 40
0.0476190476190476
 40
0.0476190476190476
 40
0.0476190476190476
 40
0.0952380952380952
 40
0.0952380952380952
 40
0.0952380952380952
 40
0.1428571428571428
 40
0.1428571428571428
 40
0.1428571428571428
 40
0.1904761904761905
 40
0.1904761904761905
 40
0.1904761904761905
 40
0.2380952380952381
 40
0.2380952380952381
 40
0.2380952380952381
 40
0.2857142857142857
 40
0.2857142857142857
 40
0.2857142857142857
 40
0.3333333333333333
 40
0.3333333333333333
 40
0.3333333333333333
 40
0.3809523809523809
 40
0.3809523809523809
 40
0.3809523809523809
 40
0.4285714285714285
 40
0.4285714285714285
 40
0.4285714285714285
 40
0.4761904761904762
 40
0.4761904761904762
 40
0.4761904761904762
 40
0.5238095238095237
 40
0.5238095238095237
 40
0.5238095238095237
 40
0.5714285714285714
 40
0.5714285714285714
 40
0.5714285714285714
 40
0.6190476190476191
 40
0.6190476190476191
 40
0.6190476190476191
 40
0.6666666666666666
 40
0.6666666666666666
 40
0.6666666666666666
 40
0.7142857142857142
 40
0.7142857142857142
 40
0.7142857142857142
 40
0.7619047619047619
 40
0.7619047619047619
 40
0.7619047619047619
 40
0.8095238095238095
 40
0.8095238095238095
 40
0.8095238095238095
 40
0.8571428571428571
 40
0.8571428571428571
 40
0.8571428571428571
 40
0.9047619047619047
 40
0.9047619047619047
 40
0.9047619047619047
 40
0.9523809523809523
 40
0.9523809523809523
 40
0.9523809523809523
 40
1.0
 40
1.0
 40
1.0
 40
1.0
 10
-460.0832
 20
43.7185
 10
-460.0832
 20
43.7185
 10
-460.0832
 20
43.2472
 10
-460.0832
 20
43.2472
 10
-460.0832
 20
43.1329
 10
-460.11
 20
43.0475
 10
-460.1636
 20
42.9904
 10
-460.2173
 20
42.9332
 10
-460.285
 20
42.9043
 10
-460.3675
 20
42.9043
 10
-460.4487
 20
42.9043
 10
-460.5157
 20
42.9332
 10
-460.5679
 20
42.9911
 10
-460.6201
 20
43.0489
 10
-460.6462
 20
43.1343
 10
-460.6462
 20
43.2472
 10
-460.6462
 20
43.2472
 10
-460.6462
 20
44.8185
 10
-460.6462
 20
44.8185
 10
-460.6462
 20
45.0718
 10
-460.5545
 20
45.1987
 10
-460.3718
 20
45.1987
 10
-460.2786
 20
45.1987
 10
-460.2109
 20
45.1691
 10
-460.17
 20
45.1098
 10
-460.1284
 20
45.0506
 10
-460.1058
 20
44.9624
 10
-460.1016
 20
44.8467
 10
-460.0345
 20
44.9624
 10
-459.9654
 20
45.0506
 10
-459.8941
 20
45.1098
 10
-459.8229
 20
45.1691
 10
-459.7283
 20
45.1987
 10
-459.6098
 20
45.1987
 10
-459.4913
 20
45.1987
 10
-459.3762
 20
45.1691
 10
-459.2648
 20
45.1098
 10
-459.1533
 20
45.0506
 10
-459.0976
 20
44.9716
 10
-459.0976
 20
44.8735
 10
-459.0976
 20
44.8043
 10
-459.1208
 20
44.7479
 10
-459.1688
 20
44.7027
 10
-459.2161
 20
44.6576
 10
-459.2676
 20
44.6357
 10
-459.3226
 20
44.6357
 10
-459.3431
 20
44.6357
 10
-459.3932
 20
44.6484
 10
-459.4722
 20
44.6738
 10
-459.5519
 20
44.6992
 10
-459.6218
 20
44.7119
 10
-459.6825
 20
44.7119
 10
-459.765
 20
44.7119
 10
-459.832
 20
44.69
 10
-459.8849
 20
44.647
 10
-459.9372
 20
44.6033
 10
-459.9781
 20
44.5391
 10
-460.007
 20
44.4537
 10
-460.0359
 20
44.3683
 10
-460.0557
 20
44.2667
 10
-460.067
 20
44.1489
 10
-460.0776
 20
44.0311
 10
-460.0832
 20
43.8878
 10
-460.0832
 20
43.7185
 97
        1
330
94
 75
     0
 76
     1
 98
        1
 10
0.0
 20
0.0
  0
SPLINE
  5
96
102
{ACAD_REACTORS
330
97
102
}
330
1F
100
AcDbEntity
  8
Layer 1
 62
   250
100
AcDbSpline
210
0.0
220
0.0
230
1.0
 70
    11
 71
     3
 72
   101
 73
    97
 74
     0
 42
0.0000000001
 43
0.0000000001
 40
0.0
 40
0.0
 40
0.0
 40
0.0
 40
0.03125
 40
0.03125
 40
0.03125
 40
0.0625
 40
0.0625
 40
0.0625
 40
0.09375
 40
0.09375
 40
0.09375
 40
0.125
 40
0.125
 40
0.125
 40
0.15625
 40
0.15625
 40
0.15625
 40
0.1875
 40
0.1875
 40
0.1875
 40
0.21875
 40
0.21875
 40
0.21875
 40
0.25
 40
0.25
 40
0.25
 40
0.28125
 40
0.28125
 40
0.28125
 40
0.3125
 40
0.3125
 40
0.3125
 40
0.34375
 40
0.34375
 40
0.34375
 40
0.375
 40
0.375
 40
0.375
 40
0.40625
 40
0.40625
 40
0.40625
 40
0.4375
 40
0.4375
 40
0.4375
 40
0.46875
 40
0.46875
 40
0.46875
 40
0.5
 40
0.5
 40
0.5
 40
0.53125
 40
0.53125
 40
0.53125
 40
0.5625
 40
0.5625
 40
0.5625
 40
0.59375
 40
0.59375
 40
0.59375
 40
0.625
 40
0.625
 40
0.625
 40
0.65625
 40
0.65625
 40
0.65625
 40
0.6875
 40
0.6875
 40
0.6875
 40
0.71875
 40
0.71875
 40
0.71875
 40
0.75
 40
0.75
 40
0.75
 40
0.78125
 40
0.78125
 40
0.78125
 40
0.8125
 40
0.8125
 40
0.8125
 40
0.84375
 40
0.84375
 40
0.84375
 40
0.875
 40
0.875
 40
0.875
 40
0.90625
 40
0.90625
 40
0.90625
 40
0.9375
 40
0.9375
 40
0.9375
 40
0.96875
 40
0.96875
 40
0.96875
 40
1.0
 40
1.0
 40
1.0
 40
1.0
 10
-457.467
 20
43.2211
 30
0.0
 10
-457.6039
 20
43.1153
 30
0.0
 10
-457.7358
 20
43.0362
 30
0.0
 10
-457.8628
 20
42.9833
 30
0.0
 10
-457.9905
 20
42.9304
 30
0.0
 10
-458.1337
 20
42.9043
 30
0.0
 10
-458.2918
 20
42.9043
 30
0.0
 10
-458.4364
 20
42.9043
 30
0.0
 10
-458.5641
 20
42.9332
 30
0.0
 10
-458.6735
 20
42.9904
 30
0.0
 10
-458.7828
 20
43.0475
 30
0.0
 10
-458.8675
 20
43.1244
 30
0.0
 10
-458.9268
 20
43.2225
 30
0.0
 10
-458.986
 20
43.3206
 30
0.0
 10
-459.0157
 20
43.4264
 30
0.0
 10
-459.0157
 20
43.5407
 30
0.0
 10
-459.0157
 20
43.6952
 30
0.0
 10
-458.967
 20
43.8265
 30
0.0
 10
-458.8689
 20
43.9351
 30
0.0
 10
-458.7708
 20
44.0445
 30
0.0
 10
-458.6361
 20
44.1171
 30
0.0
 10
-458.4646
 20
44.1545
 30
0.0
 10
-458.4294
 20
44.163
 30
0.0
 10
-458.3405
 20
44.1813
 30
0.0
 10
-458.1986
 20
44.2103
 30
0.0
 10
-458.0568
 20
44.2392
 30
0.0
 10
-457.9348
 20
44.2653
 30
0.0
 10
-457.8339
 20
44.29
 30
0.0
 10
-457.733
 20
44.314
 30
0.0
 10
-457.6229
 20
44.3429
 30
0.0
 10
-457.5044
 20
44.3775
 30
0.0
 10
-457.5114
 20
44.5264
 30
0.0
 10
-457.5411
 20
44.6357
 30
0.0
 10
-457.594
 20
44.7049
 30
0.0
 10
-457.6476
 20
44.7747
 30
0.0
 10
-457.757
 20
44.8093
 30
0.0
 10
-457.9242
 20
44.8093
 30
0.0
 10
-458.0674
 20
44.8093
 30
0.0
 10
-458.1754
 20
44.7895
 30
0.0
 10
-458.2473
 20
44.7493
 30
0.0
 10
-458.32
 20
44.7098
 30
0.0
 10
-458.3821
 20
44.6498
 30
0.0
 10
-458.4336
 20
44.5694
 30
0.0
 10
-458.4851
 20
44.4897
 30
0.0
 10
-458.5218
 20
44.4375
 30
0.0
 10
-458.5429
 20
44.4114
 30
0.0
 10
-458.5648
 20
44.386
 30
0.0
 10
-458.6107
 20
44.3733
 30
0.0
 10
-458.6805
 20
44.3733
 30
0.0
 10
-458.744
 20
44.3733
 30
0.0
 10
-458.7991
 20
44.3937
 30
0.0
 10
-458.8449
 20
44.4346
 30
0.0
 10
-458.8908
 20
44.4749
 30
0.0
 10
-458.9141
 20
44.5271
 30
0.0
 10
-458.9141
 20
44.5906
 30
0.0
 10
-458.9141
 20
44.69
 30
0.0
 10
-458.8788
 20
44.7867
 30
0.0
 10
-458.8089
 20
44.8805
 30
0.0
 10
-458.7384
 20
44.9744
 30
0.0
 10
-458.629
 20
45.0513
 30
0.0
 10
-458.4802
 20
45.112
 30
0.0
 10
-458.3313
 20
45.1726
 30
0.0
 10
-458.1457
 20
45.203
 30
0.0
 10
-457.9235
 20
45.203
 30
0.0
 10
-457.6758
 20
45.203
 30
0.0
 10
-457.4804
 20
45.1733
 30
0.0
 10
-457.3386
 20
45.1148
 30
0.0
 10
-457.1968
 20
45.0562
 30
0.0
 10
-457.0966
 20
44.9638
 30
0.0
 10
-457.038
 20
44.8368
 30
0.0
 10
-456.9795
 20
44.7098
 30
0.0
 10
-456.9498
 20
44.5419
 30
0.0
 10
-456.9498
 20
44.3323
 30
0.0
 10
-456.9498
 20
44.1997
 30
0.0
 10
-456.9505
 20
44.0875
 30
0.0
 10
-456.9512
 20
43.9951
 30
0.0
 10
-456.9519
 20
43.9027
 30
0.0
 10
-456.9526
 20
43.7996
 30
0.0
 10
-456.9541
 20
43.6868
 30
0.0
 10
-456.9541
 20
43.5809
 30
0.0
 10
-456.9364
 20
43.4702
 30
0.0
 10
-456.9011
 20
43.3551
 30
0.0
 10
-456.8659
 20
43.2408
 30
0.0
 10
-456.8489
 20
43.1668
 30
0.0
 10
-456.8489
 20
43.1336
 30
0.0
 10
-456.8489
 20
43.0757
 30
0.0
 10
-456.8757
 20
43.0228
 30
0.0
 10
-456.9301
 20
42.9756
 30
0.0
 10
-456.9851
 20
42.9283
 30
0.0
 10
-457.0465
 20
42.9043
 30
0.0
 10
-457.1156
 20
42.9043
 30
0.0
 10
-457.1735
 20
42.9043
 30
0.0
 10
-457.2306
 20
42.9311
 30
0.0
 10
-457.2871
 20
42.9854
 30
0.0
 10
-457.3435
 20
43.0398
 30
0.0
 10
-457.4035
 20
43.1181
 30
0.0
 10
-457.467
 20
43.2211
 30
0.0
  0
HATCH
  5
97
330
1F
100
AcDbEntity
  8
Layer 1
 62
   250
420
  3617845
100
AcDbHatch
 10
0.0
 20
0.0
 30
0.0
210
0.0
220
0.0
230
1.0
  2
SOLID
 70
     1
 71
     1
 91
        1
 92
        1
 93
        1
 72
     4
 94
        3
 73
     0
 74
     1
 95
      101
 96
       97
 40
0.0
 40
0.0
 40
0.0
 40
0.0
 40
0.03125
 40
0.03125
 40
0.03125
 40
0.0625
 40
0.0625
 40
0.0625
 40
0.09375
 40
0.09375
 40
0.09375
 40
0.125
 40
0.125
 40
0.125
 40
0.15625
 40
0.15625
 40
0.15625
 40
0.1875
 40
0.1875
 40
0.1875
 40
0.21875
 40
0.21875
 40
0.21875
 40
0.25
 40
0.25
 40
0.25
 40
0.28125
 40
0.28125
 40
0.28125
 40
0.3125
 40
0.3125
 40
0.3125
 40
0.34375
 40
0.34375
 40
0.34375
 40
0.375
 40
0.375
 40
0.375
 40
0.40625
 40
0.40625
 40
0.40625
 40
0.4375
 40
0.4375
 40
0.4375
 40
0.46875
 40
0.46875
 40
0.46875
 40
0.5
 40
0.5
 40
0.5
 40
0.53125
 40
0.53125
 40
0.53125
 40
0.5625
 40
0.5625
 40
0.5625
 40
0.59375
 40
0.59375
 40
0.59375
 40
0.625
 40
0.625
 40
0.625
 40
0.65625
 40
0.65625
 40
0.65625
 40
0.6875
 40
0.6875
 40
0.6875
 40
0.71875
 40
0.71875
 40
0.71875
 40
0.75
 40
0.75
 40
0.75
 40
0.78125
 40
0.78125
 40
0.78125
 40
0.8125
 40
0.8125
 40
0.8125
 40
0.84375
 40
0.84375
 40
0.84375
 40
0.875
 40
0.875
 40
0.875
 40
0.90625
 40
0.90625
 40
0.90625
 40
0.9375
 40
0.9375
 40
0.9375
 40
0.96875
 40
0.96875
 40
0.96875
 40
1.0
 40
1.0
 40
1.0
 40
1.0
 10
-457.467
 20
43.2211
 10
-457.6039
 20
43.1153
 10
-457.7358
 20
43.0362
 10
-457.8628
 20
42.9833
 10
-457.9905
 20
42.9304
 10
-458.1337
 20
42.9043
 10
-458.2918
 20
42.9043
 10
-458.4364
 20
42.9043
 10
-458.5641
 20
42.9332
 10
-458.6735
 20
42.9904
 10
-458.7828
 20
43.0475
 10
-458.8675
 20
43.1244
 10
-458.9268
 20
43.2225
 10
-458.986
 20
43.3206
 10
-459.0157
 20
43.4264
 10
-459.0157
 20
43.5407
 10
-459.0157
 20
43.6952
 10
-458.967
 20
43.8265
 10
-458.8689
 20
43.9351
 10
-458.7708
 20
44.0445
 10
-458.6361
 20
44.1171
 10
-458.4646
 20
44.1545
 10
-458.4294
 20
44.163
 10
-458.3405
 20
44.1813
 10
-458.1986
 20
44.2103
 10
-458.0568
 20
44.2392
 10
-457.9348
 20
44.2653
 10
-457.8339
 20
44.29
 10
-457.733
 20
44.314
 10
-457.6229
 20
44.3429
 10
-457.5044
 20
44.3775
 10
-457.5114
 20
44.5264
 10
-457.5411
 20
44.6357
 10
-457.594
 20
44.7049
 10
-457.6476
 20
44.7747
 10
-457.757
 20
44.8093
 10
-457.9242
 20
44.8093
 10
-458.0674
 20
44.8093
 10
-458.1754
 20
44.7895
 10
-458.2473
 20
44.7493
 10
-458.32
 20
44.7098
 10
-458.3821
 20
44.6498
 10
-458.4336
 20
44.5694
 10
-458.4851
 20
44.4897
 10
-458.5218
 20
44.4375
 10
-458.5429
 20
44.4114
 10
-458.5648
 20
44.386
 10
-458.6107
 20
44.3733
 10
-458.6805
 20
44.3733
 10
-458.744
 20
44.3733
 10
-458.7991
 20
44.3937
 10
-458.8449
 20
44.4346
 10
-458.8908
 20
44.4749
 10
-458.9141
 20
44.5271
 10
-458.9141
 20
44.5906
 10
-458.9141
 20
44.69
 10
-458.8788
 20
44.7867
 10
-458.8089
 20
44.8805
 10
-458.7384
 20
44.9744
 10
-458.629
 20
45.0513
 10
-458.4802
 20
45.112
 10
-458.3313
 20
45.1726
 10
-458.1457
 20
45.203
 10
-457.9235
 20
45.203
 10
-457.6758
 20
45.203
 10
-457.4804
 20
45.1733
 10
-457.3386
 20
45.1148
 10
-457.1968
 20
45.0562
 10
-457.0966
 20
44.9638
 10
-457.038
 20
44.8368
 10
-456.9795
 20
44.7098
 10
-456.9498
 20
44.5419
 10
-456.9498
 20
44.3323
 10
-456.9498
 20
44.1997
 10
-456.9505
 20
44.0875
 10
-456.9512
 20
43.9951
 10
-456.9519
 20
43.9027
 10
-456.9526
 20
43.7996
 10
-456.9541
 20
43.6868
 10
-456.9541
 20
43.5809
 10
-456.9364
 20
43.4702
 10
-456.9011
 20
43.3551
 10
-456.8659
 20
43.2408
 10
-456.8489
 20
43.1668
 10
-456.8489
 20
43.1336
 10
-456.8489
 20
43.0757
 10
-456.8757
 20
43.0228
 10
-456.9301
 20
42.9756
 10
-456.9851
 20
42.9283
 10
-457.0465
 20
42.9043
 10
-457.1156
 20
42.9043
 10
-457.1735
 20
42.9043
 10
-457.2306
 20
42.9311
 10
-457.2871
 20
42.9854
 10
-457.3435
 20
43.0398
 10
-457.4035
 20
43.1181
 10
-457.467
 20
43.2211
 97
        1
330
96
 75
     0
 76
     1
 98
        1
 10
0.0
 20
0.0
  0
SPLINE
  5
98
102
{ACAD_REACTORS
330
99
102
}
330
1F
100
AcDbEntity
  8
Layer 1
 62
   250
100
AcDbSpline
210
0.0
220
0.0
230
1.0
 70
    11
 71
     3
 72
    35
 73
    31
 74
     0
 42
0.0000000001
 43
0.0000000001
 40
0.0
 40
0.0
 40
0.0
 40
0.0
 40
0.1
 40
0.1
 40
0.1
 40
0.2
 40
0.2
 40
0.2
 40
0.3
 40
0.3
 40
0.3
 40
0.4
 40
0.4
 40
0.4
 40
0.5
 40
0.5
 40
0.5
 40
0.6000000000000001
 40
0.6000000000000001
 40
0.6000000000000001
 40
0.7000000000000001
 40
0.7000000000000001
 40
0.7000000000000001
 40
0.8
 40
0.8
 40
0.8
 40
0.9
 40
0.9
 40
0.9
 40
1.0
 40
1.0
 40
1.0
 40
1.0
 10
-457.5044
 20
44.0388
 30
0.0
 10
-457.5869
 20
44.0085
 30
0.0
 10
-457.7069
 20
43.976
 30
0.0
 10
-457.8649
 20
43.9429
 30
0.0
 10
-458.0223
 20
43.909
 30
0.0
 10
-458.1316
 20
43.8836
 30
0.0
 10
-458.1923
 20
43.8681
 30
0.0
 10
-458.253
 20
43.8519
 30
0.0
 10
-458.3108
 20
43.8208
 30
0.0
 10
-458.3659
 20
43.7749
 30
0.0
 10
-458.4209
 20
43.7284
 30
0.0
 10
-458.4484
 20
43.6642
 30
0.0
 10
-458.4484
 20
43.5809
 30
0.0
 10
-458.4484
 20
43.4956
 30
0.0
 10
-458.416
 20
43.4229
 30
0.0
 10
-458.351
 20
43.3629
 30
0.0
 10
-458.2868
 20
43.3029
 30
0.0
 10
-458.2022
 20
43.2726
 30
0.0
 10
-458.097
 20
43.2726
 30
0.0
 10
-457.9856
 20
43.2726
 30
0.0
 10
-457.8826
 20
43.2973
 30
0.0
 10
-457.7887
 20
43.346
 30
0.0
 10
-457.6942
 20
43.3954
 30
0.0
 10
-457.625
 20
43.4582
 30
0.0
 10
-457.5806
 20
43.5358
 30
0.0
 10
-457.5298
 20
43.6211
 30
0.0
 10
-457.5044
 20
43.7622
 30
0.0
 10
-457.5044
 20
43.9584
 30
0.0
 10
-457.5044
 20
43.9584
 30
0.0
 10
-457.5044
 20
44.0388
 30
0.0
 10
-457.5044
 20
44.0388
 30
0.0
  0
HATCH
  5
99
330
1F
100
AcDbEntity
  8
Layer 1
 62
   250
420
  3617845
100
AcDbHatch
 10
0.0
 20
0.0
 30
0.0
210
0.0
220
0.0
230
1.0
  2
SOLID
 70
     1
 71
     1
 91
        1
 92
        1
 93
        1
 72
     4
 94
        3
 73
     0
 74
     1
 95
       35
 96
       31
 40
0.0
 40
0.0
 40
0.0
 40
0.0
 40
0.1
 40
0.1
 40
0.1
 40
0.2
 40
0.2
 40
0.2
 40
0.3
 40
0.3
 40
0.3
 40
0.4
 40
0.4
 40
0.4
 40
0.5
 40
0.5
 40
0.5
 40
0.6000000000000001
 40
0.6000000000000001
 40
0.6000000000000001
 40
0.7000000000000001
 40
0.7000000000000001
 40
0.7000000000000001
 40
0.8
 40
0.8
 40
0.8
 40
0.9
 40
0.9
 40
0.9
 40
1.0
 40
1.0
 40
1.0
 40
1.0
 10
-457.5044
 20
44.0388
 10
-457.5869
 20
44.0085
 10
-457.7069
 20
43.976
 10
-457.8649
 20
43.9429
 10
-458.0223
 20
43.909
 10
-458.1316
 20
43.8836
 10
-458.1923
 20
43.8681
 10
-458.253
 20
43.8519
 10
-458.3108
 20
43.8208
 10
-458.3659
 20
43.7749
 10
-458.4209
 20
43.7284
 10
-458.4484
 20
43.6642
 10
-458.4484
 20
43.5809
 10
-458.4484
 20
43.4956
 10
-458.416
 20
43.4229
 10
-458.351
 20
43.3629
 10
-458.2868
 20
43.3029
 10
-458.2022
 20
43.2726
 10
-458.097
 20
43.2726
 10
-457.9856
 20
43.2726
 10
-457.8826
 20
43.2973
 10
-457.7887
 20
43.346
 10
-457.6942
 20
43.3954
 10
-457.625
 20
43.4582
 10
-457.5806
 20
43.5358
 10
-457.5298
 20
43.6211
 10
-457.5044
 20
43.7622
 10
-457.5044
 20
43.9584
 10
-457.5044
 20
43.9584
 10
-457.5044
 20
44.0388
 10
-457.5044
 20
44.0388
 97
        1
330
98
 75
     0
 76
     1
 98
        1
 10
0.0
 20
0.0
  0
SPLINE
  5
9A
102
{ACAD_REACTORS
330
9B
102
}
330
1F
100
AcDbEntity
  8
Layer 1
 62
   250
100
AcDbSpline
210
0.0
220
0.0
230
1.0
 70
    11
 71
     3
 72
    29
 73
    25
 74
     0
 42
0.0000000001
 43
0.0000000001
 40
0.0
 40
0.0
 40
0.0
 40
0.0
 40
0.125
 40
0.125
 40
0.125
 40
0.25
 40
0.25
 40
0.25
 40
0.375
 40
0.375
 40
0.375
 40
0.5
 40
0.5
 40
0.5
 40
0.625
 40
0.625
 40
0.625
 40
0.75
 40
0.75
 40
0.75
 40
0.875
 40
0.875
 40
0.875
 40
1.0
 40
1.0
 40
1.0
 40
1.0
 10
-456.0044
 20
42.9043
 30
0.0
 10
-456.0897
 20
42.9043
 30
0.0
 10
-456.1631
 20
42.9318
 30
0.0
 10
-456.2252
 20
42.9868
 30
0.0
 10
-456.2873
 20
43.0419
 30
0.0
 10
-456.3183
 20
43.1195
 30
0.0
 10
-456.3183
 20
43.2183
 30
0.0
 10
-456.3183
 20
43.3029
 30
0.0
 10
-456.2887
 20
43.3749
 30
0.0
 10
-456.2294
 20
43.4356
 30
0.0
 10
-456.1702
 20
43.4963
 30
0.0
 10
-456.0968
 20
43.5266
 30
0.0
 10
-456.01
 20
43.5266
 30
0.0
 10
-455.9232
 20
43.5266
 30
0.0
 10
-455.8491
 20
43.497
 30
0.0
 10
-455.7878
 20
43.437
 30
0.0
 10
-455.7264
 20
43.377
 30
0.0
 10
-455.696
 20
43.3043
 30
0.0
 10
-455.696
 20
43.2183
 30
0.0
 10
-455.696
 20
43.1209
 30
0.0
 10
-455.7264
 20
43.044
 30
0.0
 10
-455.7878
 20
42.9883
 30
0.0
 10
-455.8491
 20
42.9325
 30
0.0
 10
-455.9211
 20
42.9043
 30
0.0
 10
-456.0044
 20
42.9043
 30
0.0
  0
HATCH
  5
9B
330
1F
100
AcDbEntity
  8
Layer 1
 62
   250
420
  3617845
100
AcDbHatch
 10
0.0
 20
0.0
 30
0.0
210
0.0
220
0.0
230
1.0
  2
SOLID
 70
     1
 71
     1
 91
        1
 92
        1
 93
        1
 72
     4
 94
        3
 73
     0
 74
     1
 95
       29
 96
       25
 40
0.0
 40
0.0
 40
0.0
 40
0.0
 40
0.125
 40
0.125
 40
0.125
 40
0.25
 40
0.25
 40
0.25
 40
0.375
 40
0.375
 40
0.375
 40
0.5
 40
0.5
 40
0.5
 40
0.625
 40
0.625
 40
0.625
 40
0.75
 40
0.75
 40
0.75
 40
0.875
 40
0.875
 40
0.875
 40
1.0
 40
1.0
 40
1.0
 40
1.0
 10
-456.0044
 20
42.9043
 10
-456.0897
 20
42.9043
 10
-456.1631
 20
42.9318
 10
-456.2252
 20
42.9868
 10
-456.2873
 20
43.0419
 10
-456.3183
 20
43.1195
 10
-456.3183
 20
43.2183
 10
-456.3183
 20
43.3029
 10
-456.2887
 20
43.3749
 10
-456.2294
 20
43.4356
 10
-456.1702
 20
43.4963
 10
-456.0968
 20
43.5266
 10
-456.01
 20
43.5266
 10
-455.9232
 20
43.5266
 10
-455.8491
 20
43.497
 10
-455.7878
 20
43.437
 10
-455.7264
 20
43.377
 10
-455.696
 20
43.3043
 10
-455.696
 20
43.2183
 10
-455.696
 20
43.1209
 10
-455.7264
 20
43.044
 10
-455.7878
 20
42.9883
 10
-455.8491
 20
42.9325
 10
-455.9211
 20
42.9043
 10
-456.0044
 20
42.9043
 97
        1
330
9A
 75
     0
 76
     1
 98
        1
 10
0.0
 20
0.0
  0
SPLINE
  5
9C
102
{ACAD_REACTORS
330
9D
102
}
330
1F
100
AcDbEntity
  8
Layer 1
 62
   250
100
AcDbSpline
210
0.0
220
0.0
230
1.0
 70
    11
 71
     3
 72
    86
 73
    82
 74
     0
 42
0.0000000001
 43
0.0000000001
 40
0.0
 40
0.0
 40
0.0
 40
0.0
 40
0.037037037037037
 40
0.037037037037037
 40
0.037037037037037
 40
0.0740740740740741
 40
0.0740740740740741
 40
0.0740740740740741
 40
0.1111111111111111
 40
0.1111111111111111
 40
0.1111111111111111
 40
0.1481481481481481
 40
0.1481481481481481
 40
0.1481481481481481
 40
0.1851851851851852
 40
0.1851851851851852
 40
0.1851851851851852
 40
0.2222222222222222
 40
0.2222222222222222
 40
0.2222222222222222
 40
0.2592592592592592
 40
0.2592592592592592
 40
0.2592592592592592
 40
0.2962962962962963
 40
0.2962962962962963
 40
0.2962962962962963
 40
0.3333333333333333
 40
0.3333333333333333
 40
0.3333333333333333
 40
0.3703703703703703
 40
0.3703703703703703
 40
0.3703703703703703
 40
0.4074074074074074
 40
0.4074074074074074
 40
0.4074074074074074
 40
0.4444444444444444
 40
0.4444444444444444
 40
0.4444444444444444
 40
0.4814814814814815
 40
0.4814814814814815
 40
0.4814814814814815
 40
0.5185185185185185
 40
0.5185185185185185
 40
0.5185185185185185
 40
0.5555555555555556
 40
0.5555555555555556
 40
0.5555555555555556
 40
0.5925925925925926
 40
0.5925925925925926
 40
0.5925925925925926
 40
0.6296296296296295
 40
0.6296296296296295
 40
0.6296296296296295
 40
0.6666666666666666
 40
0.6666666666666666
 40
0.6666666666666666
 40
0.7037037037037037
 40
0.7037037037037037
 40
0.7037037037037037
 40
0.7407407407407407
 40
0.7407407407407407
 40
0.7407407407407407
 40
0.7777777777777777
 40
0.7777777777777777
 40
0.7777777777777777
 40
0.8148148148148148
 40
0.8148148148148148
 40
0.8148148148148148
 40
0.8518518518518519
 40
0.8518518518518519
 40
0.8518518518518519
 40
0.8888888888888888
 40
0.8888888888888888
 40
0.8888888888888888
 40
0.9259259259259258
 40
0.9259259259259258
 40
0.9259259259259258
 40
0.9629629629629629
 40
0.9629629629629629
 40
0.9629629629629629
 40
1.0
 40
1.0
 40
1.0
 40
1.0
 10
-454.5023
 20
45.694
 30
0.0
 10
-454.5023
 20
45.694
 30
0.0
 10
-454.5023
 20
44.858
 30
0.0
 10
-454.5023
 20
44.858
 30
0.0
 10
-454.4303
 20
44.9405
 30
0.0
 10
-454.3605
 20
45.0061
 30
0.0
 10
-454.292
 20
45.0541
 30
0.0
 10
-454.2243
 20
45.1021
 30
0.0
 10
-454.1488
 20
45.1388
 30
0.0
 10
-454.0662
 20
45.1628
 30
0.0
 10
-453.983
 20
45.1868
 30
0.0
 10
-453.8941
 20
45.1987
 30
0.0
 10
-453.7988
 20
45.1987
 30
0.0
 10
-453.6556
 20
45.1987
 30
0.0
 10
-453.5286
 20
45.1684
 30
0.0
 10
-453.4171
 20
45.1077
 30
0.0
 10
-453.3064
 20
45.0471
 30
0.0
 10
-453.2196
 20
44.9589
 30
0.0
 10
-453.1561
 20
44.8432
 30
0.0
 10
-453.1159
 20
44.7761
 30
0.0
 10
-453.0891
 20
44.7006
 30
0.0
 10
-453.0749
 20
44.6167
 30
0.0
 10
-453.0615
 20
44.5334
 30
0.0
 10
-453.0545
 20
44.4375
 30
0.0
 10
-453.0545
 20
44.3288
 30
0.0
 10
-453.0545
 20
44.3288
 30
0.0
 10
-453.0545
 20
43.2472
 30
0.0
 10
-453.0545
 20
43.2472
 30
0.0
 10
-453.0545
 20
43.1343
 30
0.0
 10
-453.0806
 20
43.0489
 30
0.0
 10
-453.1321
 20
42.9911
 30
0.0
 10
-453.1836
 20
42.9332
 30
0.0
 10
-453.2527
 20
42.9043
 30
0.0
 10
-453.3381
 20
42.9043
 30
0.0
 10
-453.5244
 20
42.9043
 30
0.0
 10
-453.6175
 20
43.0186
 30
0.0
 10
-453.6175
 20
43.2472
 30
0.0
 10
-453.6175
 20
43.2472
 30
0.0
 10
-453.6175
 20
44.2004
 30
0.0
 10
-453.6175
 20
44.2004
 30
0.0
 10
-453.6175
 20
44.381
 30
0.0
 10
-453.6443
 20
44.52
 30
0.0
 10
-453.6979
 20
44.6167
 30
0.0
 10
-453.7516
 20
44.714
 30
0.0
 10
-453.8539
 20
44.7627
 30
0.0
 10
-454.0042
 20
44.7627
 30
0.0
 10
-454.1043
 20
44.7627
 30
0.0
 10
-454.1954
 20
44.7338
 30
0.0
 10
-454.2758
 20
44.6766
 30
0.0
 10
-454.3562
 20
44.6195
 30
0.0
 10
-454.4169
 20
44.5419
 30
0.0
 10
-454.4564
 20
44.4424
 30
0.0
 10
-454.4868
 20
44.3584
 30
0.0
 10
-454.5023
 20
44.2089
 30
0.0
 10
-454.5023
 20
43.9937
 30
0.0
 10
-454.5023
 20
43.9937
 30
0.0
 10
-454.5023
 20
43.2472
 30
0.0
 10
-454.5023
 20
43.2472
 30
0.0
 10
-454.5023
 20
43.1357
 30
0.0
 10
-454.5277
 20
43.0511
 30
0.0
 10
-454.5778
 20
42.9925
 30
0.0
 10
-454.6279
 20
42.9339
 30
0.0
 10
-454.6977
 20
42.9043
 30
0.0
 10
-454.7866
 20
42.9043
 30
0.0
 10
-454.9722
 20
42.9043
 30
0.0
 10
-455.0653
 20
43.0186
 30
0.0
 10
-455.0653
 20
43.2472
 30
0.0
 10
-455.0653
 20
43.2472
 30
0.0
 10
-455.0653
 20
45.694
 30
0.0
 10
-455.0653
 20
45.694
 30
0.0
 10
-455.0653
 20
45.8083
 30
0.0
 10
-455.0406
 20
45.8937
 30
0.0
 10
-454.9919
 20
45.9509
 30
0.0
 10
-454.9432
 20
46.008
 30
0.0
 10
-454.8748
 20
46.0369
 30
0.0
 10
-454.7866
 20
46.0369
 30
0.0
 10
-454.6977
 20
46.0369
 30
0.0
 10
-454.6279
 20
46.008
 30
0.0
 10
-454.5778
 20
45.9502
 30
0.0
 10
-454.5277
 20
45.8923
 30
0.0
 10
-454.5023
 20
45.8069
 30
0.0
 10
-454.5023
 20
45.694
 30
0.0
  0
HATCH
  5
9D
330
1F
100
AcDbEntity
  8
Layer 1
 62
   250
420
  3617845
100
AcDbHatch
 10
0.0
 20
0.0
 30
0.0
210
0.0
220
0.0
230
1.0
  2
SOLID
 70
     1
 71
     1
 91
        1
 92
        1
 93
        1
 72
     4
 94
        3
 73
     0
 74
     1
 95
       86
 96
       82
 40
0.0
 40
0.0
 40
0.0
 40
0.0
 40
0.037037037037037
 40
0.037037037037037
 40
0.037037037037037
 40
0.0740740740740741
 40
0.0740740740740741
 40
0.0740740740740741
 40
0.1111111111111111
 40
0.1111111111111111
 40
0.1111111111111111
 40
0.1481481481481481
 40
0.1481481481481481
 40
0.1481481481481481
 40
0.1851851851851852
 40
0.1851851851851852
 40
0.1851851851851852
 40
0.2222222222222222
 40
0.2222222222222222
 40
0.2222222222222222
 40
0.2592592592592592
 40
0.2592592592592592
 40
0.2592592592592592
 40
0.2962962962962963
 40
0.2962962962962963
 40
0.2962962962962963
 40
0.3333333333333333
 40
0.3333333333333333
 40
0.3333333333333333
 40
0.3703703703703703
 40
0.3703703703703703
 40
0.3703703703703703
 40
0.4074074074074074
 40
0.4074074074074074
 40
0.4074074074074074
 40
0.4444444444444444
 40
0.4444444444444444
 40
0.4444444444444444
 40
0.4814814814814815
 40
0.4814814814814815
 40
0.4814814814814815
 40
0.5185185185185185
 40
0.5185185185185185
 40
0.5185185185185185
 40
0.5555555555555556
 40
0.5555555555555556
 40
0.5555555555555556
 40
0.5925925925925926
 40
0.5925925925925926
 40
0.5925925925925926
 40
0.6296296296296295
 40
0.6296296296296295
 40
0.6296296296296295
 40
0.6666666666666666
 40
0.6666666666666666
 40
0.6666666666666666
 40
0.7037037037037037
 40
0.7037037037037037
 40
0.7037037037037037
 40
0.7407407407407407
 40
0.7407407407407407
 40
0.7407407407407407
 40
0.7777777777777777
 40
0.7777777777777777
 40
0.7777777777777777
 40
0.8148148148148148
 40
0.8148148148148148
 40
0.8148148148148148
 40
0.8518518518518519
 40
0.8518518518518519
 40
0.8518518518518519
 40
0.8888888888888888
 40
0.8888888888888888
 40
0.8888888888888888
 40
0.9259259259259258
 40
0.9259259259259258
 40
0.9259259259259258
 40
0.9629629629629629
 40
0.9629629629629629
 40
0.9629629629629629
 40
1.0
 40
1.0
 40
1.0
 40
1.0
 10
-454.5023
 20
45.694
 10
-454.5023
 20
45.694
 10
-454.5023
 20
44.858
 10
-454.5023
 20
44.858
 10
-454.4303
 20
44.9405
 10
-454.3605
 20
45.0061
 10
-454.292
 20
45.0541
 10
-454.2243
 20
45.1021
 10
-454.1488
 20
45.1388
 10
-454.0662
 20
45.1628
 10
-453.983
 20
45.1868
 10
-453.8941
 20
45.1987
 10
-453.7988
 20
45.1987
 10
-453.6556
 20
45.1987
 10
-453.5286
 20
45.1684
 10
-453.4171
 20
45.1077
 10
-453.3064
 20
45.0471
 10
-453.2196
 20
44.9589
 10
-453.1561
 20
44.8432
 10
-453.1159
 20
44.7761
 10
-453.0891
 20
44.7006
 10
-453.0749
 20
44.6167
 10
-453.0615
 20
44.5334
 10
-453.0545
 20
44.4375
 10
-453.0545
 20
44.3288
 10
-453.0545
 20
44.3288
 10
-453.0545
 20
43.2472
 10
-453.0545
 20
43.2472
 10
-453.0545
 20
43.1343
 10
-453.0806
 20
43.0489
 10
-453.1321
 20
42.9911
 10
-453.1836
 20
42.9332
 10
-453.2527
 20
42.9043
 10
-453.3381
 20
42.9043
 10
-453.5244
 20
42.9043
 10
-453.6175
 20
43.0186
 10
-453.6175
 20
43.2472
 10
-453.6175
 20
43.2472
 10
-453.6175
 20
44.2004
 10
-453.6175
 20
44.2004
 10
-453.6175
 20
44.381
 10
-453.6443
 20
44.52
 10
-453.6979
 20
44.6167
 10
-453.7516
 20
44.714
 10
-453.8539
 20
44.7627
 10
-454.0042
 20
44.7627
 10
-454.1043
 20
44.7627
 10
-454.1954
 20
44.7338
 10
-454.2758
 20
44.6766
 10
-454.3562
 20
44.6195
 10
-454.4169
 20
44.5419
 10
-454.4564
 20
44.4424
 10
-454.4868
 20
44.3584
 10
-454.5023
 20
44.2089
 10
-454.5023
 20
43.9937
 10
-454.5023
 20
43.9937
 10
-454.5023
 20
43.2472
 10
-454.5023
 20
43.2472
 10
-454.5023
 20
43.1357
 10
-454.5277
 20
43.0511
 10
-454.5778
 20
42.9925
 10
-454.6279
 20
42.9339
 10
-454.6977
 20
42.9043
 10
-454.7866
 20
42.9043
 10
-454.9722
 20
42.9043
 10
-455.0653
 20
43.0186
 10
-455.0653
 20
43.2472
 10
-455.0653
 20
43.2472
 10
-455.0653
 20
45.694
 10
-455.0653
 20
45.694
 10
-455.0653
 20
45.8083
 10
-455.0406
 20
45.8937
 10
-454.9919
 20
45.9509
 10
-454.9432
 20
46.008
 10
-454.8748
 20
46.0369
 10
-454.7866
 20
46.0369
 10
-454.6977
 20
46.0369
 10
-454.6279
 20
46.008
 10
-454.5778
 20
45.9502
 10
-454.5277
 20
45.8923
 10
-454.5023
 20
45.8069
 10
-454.5023
 20
45.694
 97
        1
330
9C
 75
     0
 76
     1
 98
        1
 10
0.0
 20
0.0
  0
SPLINE
  5
9E
102
{ACAD_REACTORS
330
9F
102
}
330
1F
100
AcDbEntity
  8
Layer 1
 62
   250
100
AcDbSpline
210
0.0
220
0.0
230
1.0
 70
    11
 71
     3
 72
   101
 73
    97
 74
     0
 42
0.0000000001
 43
0.0000000001
 40
0.0
 40
0.0
 40
0.0
 40
0.0
 40
0.03125
 40
0.03125
 40
0.03125
 40
0.0625
 40
0.0625
 40
0.0625
 40
0.09375
 40
0.09375
 40
0.09375
 40
0.125
 40
0.125
 40
0.125
 40
0.15625
 40
0.15625
 40
0.15625
 40
0.1875
 40
0.1875
 40
0.1875
 40
0.21875
 40
0.21875
 40
0.21875
 40
0.25
 40
0.25
 40
0.25
 40
0.28125
 40
0.28125
 40
0.28125
 40
0.3125
 40
0.3125
 40
0.3125
 40
0.34375
 40
0.34375
 40
0.34375
 40
0.375
 40
0.375
 40
0.375
 40
0.40625
 40
0.40625
 40
0.40625
 40
0.4375
 40
0.4375
 40
0.4375
 40
0.46875
 40
0.46875
 40
0.46875
 40
0.5
 40
0.5
 40
0.5
 40
0.53125
 40
0.53125
 40
0.53125
 40
0.5625
 40
0.5625
 40
0.5625
 40
0.59375
 40
0.59375
 40
0.59375
 40
0.625
 40
0.625
 40
0.625
 40
0.65625
 40
0.65625
 40
0.65625
 40
0.6875
 40
0.6875
 40
0.6875
 40
0.71875
 40
0.71875
 40
0.71875
 40
0.75
 40
0.75
 40
0.75
 40
0.78125
 40
0.78125
 40
0.78125
 40
0.8125
 40
0.8125
 40
0.8125
 40
0.84375
 40
0.84375
 40
0.84375
 40
0.875
 40
0.875
 40
0.875
 40
0.90625
 40
0.90625
 40
0.90625
 40
0.9375
 40
0.9375
 40
0.9375
 40
0.96875
 40
0.96875
 40
0.96875
 40
1.0
 40
1.0
 40
1.0
 40
1.0
 10
-451.0698
 20
43.2211
 30
0.0
 10
-451.2067
 20
43.1153
 30
0.0
 10
-451.3386
 20
43.0362
 30
0.0
 10
-451.4656
 20
42.9833
 30
0.0
 10
-451.5933
 20
42.9304
 30
0.0
 10
-451.7365
 20
42.9043
 30
0.0
 10
-451.8946
 20
42.9043
 30
0.0
 10
-452.0392
 20
42.9043
 30
0.0
 10
-452.1669
 20
42.9332
 30
0.0
 10
-452.2763
 20
42.9904
 30
0.0
 10
-452.3856
 20
43.0475
 30
0.0
 10
-452.4703
 20
43.1244
 30
0.0
 10
-452.5296
 20
43.2225
 30
0.0
 10
-452.5888
 20
43.3206
 30
0.0
 10
-452.6185
 20
43.4264
 30
0.0
 10
-452.6185
 20
43.5407
 30
0.0
 10
-452.6185
 20
43.6952
 30
0.0
 10
-452.5698
 20
43.8265
 30
0.0
 10
-452.4717
 20
43.9351
 30
0.0
 10
-452.3736
 20
44.0445
 30
0.0
 10
-452.2389
 20
44.1171
 30
0.0
 10
-452.0674
 20
44.1545
 30
0.0
 10
-452.0322
 20
44.163
 30
0.0
 10
-451.9433
 20
44.1813
 30
0.0
 10
-451.8014
 20
44.2103
 30
0.0
 10
-451.6596
 20
44.2392
 30
0.0
 10
-451.5376
 20
44.2653
 30
0.0
 10
-451.4367
 20
44.29
 30
0.0
 10
-451.3358
 20
44.314
 30
0.0
 10
-451.2257
 20
44.3429
 30
0.0
 10
-451.1072
 20
44.3775
 30
0.0
 10
-451.1142
 20
44.5264
 30
0.0
 10
-451.1439
 20
44.6357
 30
0.0
 10
-451.1968
 20
44.7049
 30
0.0
 10
-451.2504
 20
44.7747
 30
0.0
 10
-451.3598
 20
44.8093
 30
0.0
 10
-451.527
 20
44.8093
 30
0.0
 10
-451.6702
 20
44.8093
 30
0.0
 10
-451.7782
 20
44.7895
 30
0.0
 10
-451.8501
 20
44.7493
 30
0.0
 10
-451.9228
 20
44.7098
 30
0.0
 10
-451.9849
 20
44.6498
 30
0.0
 10
-452.0364
 20
44.5694
 30
0.0
 10
-452.0879
 20
44.4897
 30
0.0
 10
-452.1246
 20
44.4375
 30
0.0
 10
-452.1457
 20
44.4114
 30
0.0
 10
-452.1676
 20
44.386
 30
0.0
 10
-452.2135
 20
44.3733
 30
0.0
 10
-452.2833
 20
44.3733
 30
0.0
 10
-452.3468
 20
44.3733
 30
0.0
 10
-452.4019
 20
44.3937
 30
0.0
 10
-452.4477
 20
44.4346
 30
0.0
 10
-452.4936
 20
44.4749
 30
0.0
 10
-452.5169
 20
44.5271
 30
0.0
 10
-452.5169
 20
44.5906
 30
0.0
 10
-452.5169
 20
44.69
 30
0.0
 10
-452.4816
 20
44.7867
 30
0.0
 10
-452.4117
 20
44.8805
 30
0.0
 10
-452.3412
 20
44.9744
 30
0.0
 10
-452.2318
 20
45.0513
 30
0.0
 10
-452.083
 20
45.112
 30
0.0
 10
-451.9341
 20
45.1726
 30
0.0
 10
-451.7485
 20
45.203
 30
0.0
 10
-451.5263
 20
45.203
 30
0.0
 10
-451.2786
 20
45.203
 30
0.0
 10
-451.0832
 20
45.1733
 30
0.0
 10
-450.9414
 20
45.1148
 30
0.0
 10
-450.7996
 20
45.0562
 30
0.0
 10
-450.6994
 20
44.9638
 30
0.0
 10
-450.6408
 20
44.8368
 30
0.0
 10
-450.5823
 20
44.7098
 30
0.0
 10
-450.5526
 20
44.5419
 30
0.0
 10
-450.5526
 20
44.3323
 30
0.0
 10
-450.5526
 20
44.1997
 30
0.0
 10
-450.5533
 20
44.0875
 30
0.0
 10
-450.554
 20
43.9951
 30
0.0
 10
-450.5547
 20
43.9027
 30
0.0
 10
-450.5554
 20
43.7996
 30
0.0
 10
-450.5569
 20
43.6868
 30
0.0
 10
-450.5569
 20
43.5809
 30
0.0
 10
-450.5392
 20
43.4702
 30
0.0
 10
-450.5039
 20
43.3551
 30
0.0
 10
-450.4687
 20
43.2408
 30
0.0
 10
-450.4517
 20
43.1668
 30
0.0
 10
-450.4517
 20
43.1336
 30
0.0
 10
-450.4517
 20
43.0757
 30
0.0
 10
-450.4785
 20
43.0228
 30
0.0
 10
-450.5329
 20
42.9756
 30
0.0
 10
-450.5879
 20
42.9283
 30
0.0
 10
-450.6493
 20
42.9043
 30
0.0
 10
-450.7184
 20
42.9043
 30
0.0
 10
-450.7763
 20
42.9043
 30
0.0
 10
-450.8334
 20
42.9311
 30
0.0
 10
-450.8899
 20
42.9854
 30
0.0
 10
-450.9463
 20
43.0398
 30
0.0
 10
-451.0063
 20
43.1181
 30
0.0
 10
-451.0698
 20
43.2211
 30
0.0
  0
HATCH
  5
9F
330
1F
100
AcDbEntity
  8
Layer 1
 62
   250
420
  3617845
100
AcDbHatch
 10
0.0
 20
0.0
 30
0.0
210
0.0
220
0.0
230
1.0
  2
SOLID
 70
     1
 71
     1
 91
        1
 92
        1
 93
        1
 72
     4
 94
        3
 73
     0
 74
     1
 95
      101
 96
       97
 40
0.0
 40
0.0
 40
0.0
 40
0.0
 40
0.03125
 40
0.03125
 40
0.03125
 40
0.0625
 40
0.0625
 40
0.0625
 40
0.09375
 40
0.09375
 40
0.09375
 40
0.125
 40
0.125
 40
0.125
 40
0.15625
 40
0.15625
 40
0.15625
 40
0.1875
 40
0.1875
 40
0.1875
 40
0.21875
 40
0.21875
 40
0.21875
 40
0.25
 40
0.25
 40
0.25
 40
0.28125
 40
0.28125
 40
0.28125
 40
0.3125
 40
0.3125
 40
0.3125
 40
0.34375
 40
0.34375
 40
0.34375
 40
0.375
 40
0.375
 40
0.375
 40
0.40625
 40
0.40625
 40
0.40625
 40
0.4375
 40
0.4375
 40
0.4375
 40
0.46875
 40
0.46875
 40
0.46875
 40
0.5
 40
0.5
 40
0.5
 40
0.53125
 40
0.53125
 40
0.53125
 40
0.5625
 40
0.5625
 40
0.5625
 40
0.59375
 40
0.59375
 40
0.59375
 40
0.625
 40
0.625
 40
0.625
 40
0.65625
 40
0.65625
 40
0.65625
 40
0.6875
 40
0.6875
 40
0.6875
 40
0.71875
 40
0.71875
 40
0.71875
 40
0.75
 40
0.75
 40
0.75
 40
0.78125
 40
0.78125
 40
0.78125
 40
0.8125
 40
0.8125
 40
0.8125
 40
0.84375
 40
0.84375
 40
0.84375
 40
0.875
 40
0.875
 40
0.875
 40
0.90625
 40
0.90625
 40
0.90625
 40
0.9375
 40
0.9375
 40
0.9375
 40
0.96875
 40
0.96875
 40
0.96875
 40
1.0
 40
1.0
 40
1.0
 40
1.0
 10
-451.0698
 20
43.2211
 10
-451.2067
 20
43.1153
 10
-451.3386
 20
43.0362
 10
-451.4656
 20
42.9833
 10
-451.5933
 20
42.9304
 10
-451.7365
 20
42.9043
 10
-451.8946
 20
42.9043
 10
-452.0392
 20
42.9043
 10
-452.1669
 20
42.9332
 10
-452.2763
 20
42.9904
 10
-452.3856
 20
43.0475
 10
-452.4703
 20
43.1244
 10
-452.5296
 20
43.2225
 10
-452.5888
 20
43.3206
 10
-452.6185
 20
43.4264
 10
-452.6185
 20
43.5407
 10
-452.6185
 20
43.6952
 10
-452.5698
 20
43.8265
 10
-452.4717
 20
43.9351
 10
-452.3736
 20
44.0445
 10
-452.2389
 20
44.1171
 10
-452.0674
 20
44.1545
 10
-452.0322
 20
44.163
 10
-451.9433
 20
44.1813
 10
-451.8014
 20
44.2103
 10
-451.6596
 20
44.2392
 10
-451.5376
 20
44.2653
 10
-451.4367
 20
44.29
 10
-451.3358
 20
44.314
 10
-451.2257
 20
44.3429
 10
-451.1072
 20
44.3775
 10
-451.1142
 20
44.5264
 10
-451.1439
 20
44.6357
 10
-451.1968
 20
44.7049
 10
-451.2504
 20
44.7747
 10
-451.3598
 20
44.8093
 10
-451.527
 20
44.8093
 10
-451.6702
 20
44.8093
 10
-451.7782
 20
44.7895
 10
-451.8501
 20
44.7493
 10
-451.9228
 20
44.7098
 10
-451.9849
 20
44.6498
 10
-452.0364
 20
44.5694
 10
-452.0879
 20
44.4897
 10
-452.1246
 20
44.4375
 10
-452.1457
 20
44.4114
 10
-452.1676
 20
44.386
 10
-452.2135
 20
44.3733
 10
-452.2833
 20
44.3733
 10
-452.3468
 20
44.3733
 10
-452.4019
 20
44.3937
 10
-452.4477
 20
44.4346
 10
-452.4936
 20
44.4749
 10
-452.5169
 20
44.5271
 10
-452.5169
 20
44.5906
 10
-452.5169
 20
44.69
 10
-452.4816
 20
44.7867
 10
-452.4117
 20
44.8805
 10
-452.3412
 20
44.9744
 10
-452.2318
 20
45.0513
 10
-452.083
 20
45.112
 10
-451.9341
 20
45.1726
 10
-451.7485
 20
45.203
 10
-451.5263
 20
45.203
 10
-451.2786
 20
45.203
 10
-451.0832
 20
45.1733
 10
-450.9414
 20
45.1148
 10
-450.7996
 20
45.0562
 10
-450.6994
 20
44.9638
 10
-450.6408
 20
44.8368
 10
-450.5823
 20
44.7098
 10
-450.5526
 20
44.5419
 10
-450.5526
 20
44.3323
 10
-450.5526
 20
44.1997
 10
-450.5533
 20
44.0875
 10
-450.554
 20
43.9951
 10
-450.5547
 20
43.9027
 10
-450.5554
 20
43.7996
 10
-450.5569
 20
43.6868
 10
-450.5569
 20
43.5809
 10
-450.5392
 20
43.4702
 10
-450.5039
 20
43.3551
 10
-450.4687
 20
43.2408
 10
-450.4517
 20
43.1668
 10
-450.4517
 20
43.1336
 10
-450.4517
 20
43.0757
 10
-450.4785
 20
43.0228
 10
-450.5329
 20
42.9756
 10
-450.5879
 20
42.9283
 10
-450.6493
 20
42.9043
 10
-450.7184
 20
42.9043
 10
-450.7763
 20
42.9043
 10
-450.8334
 20
42.9311
 10
-450.8899
 20
42.9854
 10
-450.9463
 20
43.0398
 10
-451.0063
 20
43.1181
 10
-451.0698
 20
43.2211
 97
        1
330
9E
 75
     0
 76
     1
 98
        1
 10
0.0
 20
0.0
  0
SPLINE
  5
A0
102
{ACAD_REACTORS
330
A1
102
}
330
1F
100
AcDbEntity
  8
Layer 1
 62
   250
100
AcDbSpline
210
0.0
220
0.0
230
1.0
 70
    11
 71
     3
 72
    35
 73
    31
 74
     0
 42
0.0000000001
 43
0.0000000001
 40
0.0
 40
0.0
 40
0.0
 40
0.0
 40
0.1
 40
0.1
 40
0.1
 40
0.2
 40
0.2
 40
0.2
 40
0.3
 40
0.3
 40
0.3
 40
0.4
 40
0.4
 40
0.4
 40
0.5
 40
0.5
 40
0.5
 40
0.6000000000000001
 40
0.6000000000000001
 40
0.6000000000000001
 40
0.7000000000000001
 40
0.7000000000000001
 40
0.7000000000000001
 40
0.8
 40
0.8
 40
0.8
 40
0.9
 40
0.9
 40
0.9
 40
1.0
 40
1.0
 40
1.0
 40
1.0
 10
-451.1072
 20
44.0388
 30
0.0
 10
-451.1897
 20
44.0085
 30
0.0
 10
-451.3097
 20
43.976
 30
0.0
 10
-451.4677
 20
43.9429
 30
0.0
 10
-451.6251
 20
43.909
 30
0.0
 10
-451.7344
 20
43.8836
 30
0.0
 10
-451.7951
 20
43.8681
 30
0.0
 10
-451.8558
 20
43.8519
 30
0.0
 10
-451.9136
 20
43.8208
 30
0.0
 10
-451.9687
 20
43.7749
 30
0.0
 10
-452.0237
 20
43.7284
 30
0.0
 10
-452.0512
 20
43.6642
 30
0.0
 10
-452.0512
 20
43.5809
 30
0.0
 10
-452.0512
 20
43.4956
 30
0.0
 10
-452.0188
 20
43.4229
 30
0.0
 10
-451.9538
 20
43.3629
 30
0.0
 10
-451.8896
 20
43.3029
 30
0.0
 10
-451.805
 20
43.2726
 30
0.0
 10
-451.6998
 20
43.2726
 30
0.0
 10
-451.5884
 20
43.2726
 30
0.0
 10
-451.4854
 20
43.2973
 30
0.0
 10
-451.3915
 20
43.346
 30
0.0
 10
-451.297
 20
43.3954
 30
0.0
 10
-451.2278
 20
43.4582
 30
0.0
 10
-451.1834
 20
43.5358
 30
0.0
 10
-451.1326
 20
43.6211
 30
0.0
 10
-451.1072
 20
43.7622
 30
0.0
 10
-451.1072
 20
43.9584
 30
0.0
 10
-451.1072
 20
43.9584
 30
0.0
 10
-451.1072
 20
44.0388
 30
0.0
 10
-451.1072
 20
44.0388
 30
0.0
  0
HATCH
  5
A1
330
1F
100
AcDbEntity
  8
Layer 1
 62
   250
420
  3617845
100
AcDbHatch
 10
0.0
 20
0.0
 30
0.0
210
0.0
220
0.0
230
1.0
  2
SOLID
 70
     1
 71
     1
 91
        1
 92
        1
 93
        1
 72
     4
 94
        3
 73
     0
 74
     1
 95
       35
 96
       31
 40
0.0
 40
0.0
 40
0.0
 40
0.0
 40
0.1
 40
0.1
 40
0.1
 40
0.2
 40
0.2
 40
0.2
 40
0.3
 40
0.3
 40
0.3
 40
0.4
 40
0.4
 40
0.4
 40
0.5
 40
0.5
 40
0.5
 40
0.6000000000000001
 40
0.6000000000000001
 40
0.6000000000000001
 40
0.7000000000000001
 40
0.7000000000000001
 40
0.7000000000000001
 40
0.8
 40
0.8
 40
0.8
 40
0.9
 40
0.9
 40
0.9
 40
1.0
 40
1.0
 40
1.0
 40
1.0
 10
-451.1072
 20
44.0388
 10
-451.1897
 20
44.0085
 10
-451.3097
 20
43.976
 10
-451.4677
 20
43.9429
 10
-451.6251
 20
43.909
 10
-451.7344
 20
43.8836
 10
-451.7951
 20
43.8681
 10
-451.8558
 20
43.8519
 10
-451.9136
 20
43.8208
 10
-451.9687
 20
43.7749
 10
-452.0237
 20
43.7284
 10
-452.0512
 20
43.6642
 10
-452.0512
 20
43.5809
 10
-452.0512
 20
43.4956
 10
-452.0188
 20
43.4229
 10
-451.9538
 20
43.3629
 10
-451.8896
 20
43.3029
 10
-451.805
 20
43.2726
 10
-451.6998
 20
43.2726
 10
-451.5884
 20
43.2726
 10
-451.4854
 20
43.2973
 10
-451.3915
 20
43.346
 10
-451.297
 20
43.3954
 10
-451.2278
 20
43.4582
 10
-451.1834
 20
43.5358
 10
-451.1326
 20
43.6211
 10
-451.1072
 20
43.7622
 10
-451.1072
 20
43.9584
 10
-451.1072
 20
43.9584
 10
-451.1072
 20
44.0388
 10
-451.1072
 20
44.0388
 97
        1
330
A0
 75
     0
 76
     1
 98
        1
 10
0.0
 20
0.0
  0
SPLINE
  5
A2
102
{ACAD_REACTORS
330
A3
102
}
330
1F
100
AcDbEntity
  8
Layer 1
 62
   250
100
AcDbSpline
210
0.0
220
0.0
230
1.0
 70
    11
 71
     3
 72
    86
 73
    82
 74
     0
 42
0.0000000001
 43
0.0000000001
 40
0.0
 40
0.0
 40
0.0
 40
0.0
 40
0.037037037037037
 40
0.037037037037037
 40
0.037037037037037
 40
0.0740740740740741
 40
0.0740740740740741
 40
0.0740740740740741
 40
0.1111111111111111
 40
0.1111111111111111
 40
0.1111111111111111
 40
0.1481481481481481
 40
0.1481481481481481
 40
0.1481481481481481
 40
0.1851851851851852
 40
0.1851851851851852
 40
0.1851851851851852
 40
0.2222222222222222
 40
0.2222222222222222
 40
0.2222222222222222
 40
0.2592592592592592
 40
0.2592592592592592
 40
0.2592592592592592
 40
0.2962962962962963
 40
0.2962962962962963
 40
0.2962962962962963
 40
0.3333333333333333
 40
0.3333333333333333
 40
0.3333333333333333
 40
0.3703703703703703
 40
0.3703703703703703
 40
0.3703703703703703
 40
0.4074074074074074
 40
0.4074074074074074
 40
0.4074074074074074
 40
0.4444444444444444
 40
0.4444444444444444
 40
0.4444444444444444
 40
0.4814814814814815
 40
0.4814814814814815
 40
0.4814814814814815
 40
0.5185185185185185
 40
0.5185185185185185
 40
0.5185185185185185
 40
0.5555555555555556
 40
0.5555555555555556
 40
0.5555555555555556
 40
0.5925925925925926
 40
0.5925925925925926
 40
0.5925925925925926
 40
0.6296296296296295
 40
0.6296296296296295
 40
0.6296296296296295
 40
0.6666666666666666
 40
0.6666666666666666
 40
0.6666666666666666
 40
0.7037037037037037
 40
0.7037037037037037
 40
0.7037037037037037
 40
0.7407407407407407
 40
0.7407407407407407
 40
0.7407407407407407
 40
0.7777777777777777
 40
0.7777777777777777
 40
0.7777777777777777
 40
0.8148148148148148
 40
0.8148148148148148
 40
0.8148148148148148
 40
0.8518518518518519
 40
0.8518518518518519
 40
0.8518518518518519
 40
0.8888888888888888
 40
0.8888888888888888
 40
0.8888888888888888
 40
0.9259259259259258
 40
0.9259259259259258
 40
0.9259259259259258
 40
0.9629629629629629
 40
0.9629629629629629
 40
0.9629629629629629
 40
1.0
 40
1.0
 40
1.0
 40
1.0
 10
-448.5749
 20
43.1625
 30
0.0
 10
-448.5749
 20
43.1625
 30
0.0
 10
-449.0731
 20
43.9796
 30
0.0
 10
-449.0731
 20
43.9796
 30
0.0
 10
-449.0731
 20
43.9796
 30
0.0
 10
-449.3793
 20
43.691
 30
0.0
 10
-449.3793
 20
43.691
 30
0.0
 10
-449.3793
 20
43.691
 30
0.0
 10
-449.3793
 20
43.243
 30
0.0
 10
-449.3793
 20
43.243
 30
0.0
 10
-449.3793
 20
43.1343
 30
0.0
 10
-449.4082
 20
43.0503
 30
0.0
 10
-449.4654
 20
42.9918
 30
0.0
 10
-449.5225
 20
42.9332
 30
0.0
 10
-449.5881
 20
42.9043
 30
0.0
 10
-449.6629
 20
42.9043
 30
0.0
 10
-449.7497
 20
42.9043
 30
0.0
 10
-449.8181
 20
42.9332
 30
0.0
 10
-449.8675
 20
42.9911
 30
0.0
 10
-449.9176
 20
43.0489
 30
0.0
 10
-449.9423
 20
43.1343
 30
0.0
 10
-449.9423
 20
43.2472
 30
0.0
 10
-449.9423
 20
43.2472
 30
0.0
 10
-449.9423
 20
45.6524
 30
0.0
 10
-449.9423
 20
45.6524
 30
0.0
 10
-449.9423
 20
45.778
 30
0.0
 10
-449.9183
 20
45.8733
 30
0.0
 10
-449.8696
 20
45.9389
 30
0.0
 10
-449.8217
 20
46.0045
 30
0.0
 10
-449.7525
 20
46.0369
 30
0.0
 10
-449.6629
 20
46.0369
 30
0.0
 10
-449.5761
 20
46.0369
 30
0.0
 10
-449.507
 20
46.0073
 30
0.0
 10
-449.4562
 20
45.948
 30
0.0
 10
-449.4047
 20
45.8888
 30
0.0
 10
-449.3793
 20
45.8013
 30
0.0
 10
-449.3793
 20
45.6856
 30
0.0
 10
-449.3793
 20
45.6856
 30
0.0
 10
-449.3793
 20
44.3182
 30
0.0
 10
-449.3793
 20
44.3182
 30
0.0
 10
-449.3793
 20
44.3182
 30
0.0
 10
-448.745
 20
44.9836
 30
0.0
 10
-448.745
 20
44.9836
 30
0.0
 10
-448.666
 20
45.0668
 30
0.0
 10
-448.606
 20
45.1233
 30
0.0
 10
-448.5651
 20
45.1536
 30
0.0
 10
-448.5234
 20
45.1839
 30
0.0
 10
-448.4733
 20
45.1987
 30
0.0
 10
-448.4141
 20
45.1987
 30
0.0
 10
-448.3435
 20
45.1987
 30
0.0
 10
-448.285
 20
45.1762
 30
0.0
 10
-448.2384
 20
45.1317
 30
0.0
 10
-448.1911
 20
45.0866
 30
0.0
 10
-448.1678
 20
45.0308
 30
0.0
 10
-448.1678
 20
44.9631
 30
0.0
 10
-448.1678
 20
44.8805
 30
0.0
 10
-448.2447
 20
44.7705
 30
0.0
 10
-448.3971
 20
44.6322
 30
0.0
 10
-448.3971
 20
44.6322
 30
0.0
 10
-448.697
 20
44.3577
 30
0.0
 10
-448.697
 20
44.3577
 30
0.0
 10
-448.697
 20
44.3577
 30
0.0
 10
-448.1185
 20
43.4483
 30
0.0
 10
-448.1185
 20
43.4483
 30
0.0
 10
-448.0754
 20
43.3805
 30
0.0
 10
-448.0451
 20
43.329
 30
0.0
 10
-448.0267
 20
43.2938
 30
0.0
 10
-448.0077
 20
43.2585
 30
0.0
 10
-447.9985
 20
43.2253
 30
0.0
 10
-447.9985
 20
43.1936
 30
0.0
 10
-447.9985
 20
43.104
 30
0.0
 10
-448.0232
 20
43.0334
 30
0.0
 10
-448.0719
 20
42.9819
 30
0.0
 10
-448.1206
 20
42.9304
 30
0.0
 10
-448.1855
 20
42.9043
 30
0.0
 10
-448.2652
 20
42.9043
 30
0.0
 10
-448.3344
 20
42.9043
 30
0.0
 10
-448.3873
 20
42.9226
 30
0.0
 10
-448.424
 20
42.96
 30
0.0
 10
-448.4614
 20
42.9974
 30
0.0
 10
-448.5114
 20
43.0645
 30
0.0
 10
-448.5749
 20
43.1625
 30
0.0
  0
HATCH
  5
A3
330
1F
100
AcDbEntity
  8
Layer 1
 62
   250
420
  3617845
100
AcDbHatch
 10
0.0
 20
0.0
 30
0.0
210
0.0
220
0.0
230
1.0
  2
SOLID
 70
     1
 71
     1
 91
        1
 92
        1
 93
        1
 72
     4
 94
        3
 73
     0
 74
     1
 95
       86
 96
       82
 40
0.0
 40
0.0
 40
0.0
 40
0.0
 40
0.037037037037037
 40
0.037037037037037
 40
0.037037037037037
 40
0.0740740740740741
 40
0.0740740740740741
 40
0.0740740740740741
 40
0.1111111111111111
 40
0.1111111111111111
 40
0.1111111111111111
 40
0.1481481481481481
 40
0.1481481481481481
 40
0.1481481481481481
 40
0.1851851851851852
 40
0.1851851851851852
 40
0.1851851851851852
 40
0.2222222222222222
 40
0.2222222222222222
 40
0.2222222222222222
 40
0.2592592592592592
 40
0.2592592592592592
 40
0.2592592592592592
 40
0.2962962962962963
 40
0.2962962962962963
 40
0.2962962962962963
 40
0.3333333333333333
 40
0.3333333333333333
 40
0.3333333333333333
 40
0.3703703703703703
 40
0.3703703703703703
 40
0.3703703703703703
 40
0.4074074074074074
 40
0.4074074074074074
 40
0.4074074074074074
 40
0.4444444444444444
 40
0.4444444444444444
 40
0.4444444444444444
 40
0.4814814814814815
 40
0.4814814814814815
 40
0.4814814814814815
 40
0.5185185185185185
 40
0.5185185185185185
 40
0.5185185185185185
 40
0.5555555555555556
 40
0.5555555555555556
 40
0.5555555555555556
 40
0.5925925925925926
 40
0.5925925925925926
 40
0.5925925925925926
 40
0.6296296296296295
 40
0.6296296296296295
 40
0.6296296296296295
 40
0.6666666666666666
 40
0.6666666666666666
 40
0.6666666666666666
 40
0.7037037037037037
 40
0.7037037037037037
 40
0.7037037037037037
 40
0.7407407407407407
 40
0.7407407407407407
 40
0.7407407407407407
 40
0.7777777777777777
 40
0.7777777777777777
 40
0.7777777777777777
 40
0.8148148148148148
 40
0.8148148148148148
 40
0.8148148148148148
 40
0.8518518518518519
 40
0.8518518518518519
 40
0.8518518518518519
 40
0.8888888888888888
 40
0.8888888888888888
 40
0.8888888888888888
 40
0.9259259259259258
 40
0.9259259259259258
 40
0.9259259259259258
 40
0.9629629629629629
 40
0.9629629629629629
 40
0.9629629629629629
 40
1.0
 40
1.0
 40
1.0
 40
1.0
 10
-448.5749
 20
43.1625
 10
-448.5749
 20
43.1625
 10
-449.0731
 20
43.9796
 10
-449.0731
 20
43.9796
 10
-449.0731
 20
43.9796
 10
-449.3793
 20
43.691
 10
-449.3793
 20
43.691
 10
-449.3793
 20
43.691
 10
-449.3793
 20
43.243
 10
-449.3793
 20
43.243
 10
-449.3793
 20
43.1343
 10
-449.4082
 20
43.0503
 10
-449.4654
 20
42.9918
 10
-449.5225
 20
42.9332
 10
-449.5881
 20
42.9043
 10
-449.6629
 20
42.9043
 10
-449.7497
 20
42.9043
 10
-449.8181
 20
42.9332
 10
-449.8675
 20
42.9911
 10
-449.9176
 20
43.0489
 10
-449.9423
 20
43.1343
 10
-449.9423
 20
43.2472
 10
-449.9423
 20
43.2472
 10
-449.9423
 20
45.6524
 10
-449.9423
 20
45.6524
 10
-449.9423
 20
45.778
 10
-449.9183
 20
45.8733
 10
-449.8696
 20
45.9389
 10
-449.8217
 20
46.0045
 10
-449.7525
 20
46.0369
 10
-449.6629
 20
46.0369
 10
-449.5761
 20
46.0369
 10
-449.507
 20
46.0073
 10
-449.4562
 20
45.948
 10
-449.4047
 20
45.8888
 10
-449.3793
 20
45.8013
 10
-449.3793
 20
45.6856
 10
-449.3793
 20
45.6856
 10
-449.3793
 20
44.3182
 10
-449.3793
 20
44.3182
 10
-449.3793
 20
44.3182
 10
-448.745
 20
44.9836
 10
-448.745
 20
44.9836
 10
-448.666
 20
45.0668
 10
-448.606
 20
45.1233
 10
-448.5651
 20
45.1536
 10
-448.5234
 20
45.1839
 10
-448.4733
 20
45.1987
 10
-448.4141
 20
45.1987
 10
-448.3435
 20
45.1987
 10
-448.285
 20
45.1762
 10
-448.2384
 20
45.1317
 10
-448.1911
 20
45.0866
 10
-448.1678
 20
45.0308
 10
-448.1678
 20
44.9631
 10
-448.1678
 20
44.8805
 10
-448.2447
 20
44.7705
 10
-448.3971
 20
44.6322
 10
-448.3971
 20
44.6322
 10
-448.697
 20
44.3577
 10
-448.697
 20
44.3577
 10
-448.697
 20
44.3577
 10
-448.1185
 20
43.4483
 10
-448.1185
 20
43.4483
 10
-448.0754
 20
43.3805
 10
-448.0451
 20
43.329
 10
-448.0267
 20
43.2938
 10
-448.0077
 20
43.2585
 10
-447.9985
 20
43.2253
 10
-447.9985
 20
43.1936
 10
-447.9985
 20
43.104
 10
-448.0232
 20
43.0334
 10
-448.0719
 20
42.9819
 10
-448.1206
 20
42.9304
 10
-448.1855
 20
42.9043
 10
-448.2652
 20
42.9043
 10
-448.3344
 20
42.9043
 10
-448.3873
 20
42.9226
 10
-448.424
 20
42.96
 10
-448.4614
 20
42.9974
 10
-448.5114
 20
43.0645
 10
-448.5749
 20
43.1625
 97
        1
330
A2
 75
     0
 76
     1
 98
        1
 10
0.0
 20
0.0
  0
SPLINE
  5
A4
102
{ACAD_REACTORS
330
A5
102
}
330
1F
100
AcDbEntity
  8
Layer 1
 62
   250
100
AcDbSpline
210
0.0
220
0.0
230
1.0
 70
    11
 71
     3
 72
   101
 73
    97
 74
     0
 42
0.0000000001
 43
0.0000000001
 40
0.0
 40
0.0
 40
0.0
 40
0.0
 40
0.03125
 40
0.03125
 40
0.03125
 40
0.0625
 40
0.0625
 40
0.0625
 40
0.09375
 40
0.09375
 40
0.09375
 40
0.125
 40
0.125
 40
0.125
 40
0.15625
 40
0.15625
 40
0.15625
 40
0.1875
 40
0.1875
 40
0.1875
 40
0.21875
 40
0.21875
 40
0.21875
 40
0.25
 40
0.25
 40
0.25
 40
0.28125
 40
0.28125
 40
0.28125
 40
0.3125
 40
0.3125
 40
0.3125
 40
0.34375
 40
0.34375
 40
0.34375
 40
0.375
 40
0.375
 40
0.375
 40
0.40625
 40
0.40625
 40
0.40625
 40
0.4375
 40
0.4375
 40
0.4375
 40
0.46875
 40
0.46875
 40
0.46875
 40
0.5
 40
0.5
 40
0.5
 40
0.53125
 40
0.53125
 40
0.53125
 40
0.5625
 40
0.5625
 40
0.5625
 40
0.59375
 40
0.59375
 40
0.59375
 40
0.625
 40
0.625
 40
0.625
 40
0.65625
 40
0.65625
 40
0.65625
 40
0.6875
 40
0.6875
 40
0.6875
 40
0.71875
 40
0.71875
 40
0.71875
 40
0.75
 40
0.75
 40
0.75
 40
0.78125
 40
0.78125
 40
0.78125
 40
0.8125
 40
0.8125
 40
0.8125
 40
0.84375
 40
0.84375
 40
0.84375
 40
0.875
 40
0.875
 40
0.875
 40
0.90625
 40
0.90625
 40
0.90625
 40
0.9375
 40
0.9375
 40
0.9375
 40
0.96875
 40
0.96875
 40
0.96875
 40
1.0
 40
1.0
 40
1.0
 40
1.0
 10
-446.2897
 20
43.2211
 30
0.0
 10
-446.4266
 20
43.1153
 30
0.0
 10
-446.5585
 20
43.0362
 30
0.0
 10
-446.6855
 20
42.9833
 30
0.0
 10
-446.8132
 20
42.9304
 30
0.0
 10
-446.9564
 20
42.9043
 30
0.0
 10
-447.1145
 20
42.9043
 30
0.0
 10
-447.2591
 20
42.9043
 30
0.0
 10
-447.3868
 20
42.9332
 30
0.0
 10
-447.4962
 20
42.9904
 30
0.0
 10
-447.6055
 20
43.0475
 30
0.0
 10
-447.6902
 20
43.1244
 30
0.0
 10
-447.7495
 20
43.2225
 30
0.0
 10
-447.8087
 20
43.3206
 30
0.0
 10
-447.8384
 20
43.4264
 30
0.0
 10
-447.8384
 20
43.5407
 30
0.0
 10
-447.8384
 20
43.6952
 30
0.0
 10
-447.7897
 20
43.8265
 30
0.0
 10
-447.6916
 20
43.9351
 30
0.0
 10
-447.5935
 20
44.0445
 30
0.0
 10
-447.4588
 20
44.1171
 30
0.0
 10
-447.2873
 20
44.1545
 30
0.0
 10
-447.2521
 20
44.163
 30
0.0
 10
-447.1632
 20
44.1813
 30
0.0
 10
-447.0213
 20
44.2103
 30
0.0
 10
-446.8795
 20
44.2392
 30
0.0
 10
-446.7575
 20
44.2653
 30
0.0
 10
-446.6566
 20
44.29
 30
0.0
 10
-446.5557
 20
44.314
 30
0.0
 10
-446.4456
 20
44.3429
 30
0.0
 10
-446.3271
 20
44.3775
 30
0.0
 10
-446.3341
 20
44.5264
 30
0.0
 10
-446.3638
 20
44.6357
 30
0.0
 10
-446.4167
 20
44.7049
 30
0.0
 10
-446.4703
 20
44.7747
 30
0.0
 10
-446.5797
 20
44.8093
 30
0.0
 10
-446.7469
 20
44.8093
 30
0.0
 10
-446.8901
 20
44.8093
 30
0.0
 10
-446.9981
 20
44.7895
 30
0.0
 10
-447.07
 20
44.7493
 30
0.0
 10
-447.1427
 20
44.7098
 30
0.0
 10
-447.2048
 20
44.6498
 30
0.0
 10
-447.2563
 20
44.5694
 30
0.0
 10
-447.3078
 20
44.4897
 30
0.0
 10
-447.3445
 20
44.4375
 30
0.0
 10
-447.3656
 20
44.4114
 30
0.0
 10
-447.3875
 20
44.386
 30
0.0
 10
-447.4334
 20
44.3733
 30
0.0
 10
-447.5032
 20
44.3733
 30
0.0
 10
-447.5667
 20
44.3733
 30
0.0
 10
-447.6218
 20
44.3937
 30
0.0
 10
-447.6676
 20
44.4346
 30
0.0
 10
-447.7135
 20
44.4749
 30
0.0
 10
-447.7368
 20
44.5271
 30
0.0
 10
-447.7368
 20
44.5906
 30
0.0
 10
-447.7368
 20
44.69
 30
0.0
 10
-447.7015
 20
44.7867
 30
0.0
 10
-447.6316
 20
44.8805
 30
0.0
 10
-447.5611
 20
44.9744
 30
0.0
 10
-447.4517
 20
45.0513
 30
0.0
 10
-447.3029
 20
45.112
 30
0.0
 10
-447.154
 20
45.1726
 30
0.0
 10
-446.9684
 20
45.203
 30
0.0
 10
-446.7462
 20
45.203
 30
0.0
 10
-446.4985
 20
45.203
 30
0.0
 10
-446.3031
 20
45.1733
 30
0.0
 10
-446.1613
 20
45.1148
 30
0.0
 10
-446.0195
 20
45.0562
 30
0.0
 10
-445.9193
 20
44.9638
 30
0.0
 10
-445.8607
 20
44.8368
 30
0.0
 10
-445.8022
 20
44.7098
 30
0.0
 10
-445.7725
 20
44.5419
 30
0.0
 10
-445.7725
 20
44.3323
 30
0.0
 10
-445.7725
 20
44.1997
 30
0.0
 10
-445.7732
 20
44.0875
 30
0.0
 10
-445.7739
 20
43.9951
 30
0.0
 10
-445.7746
 20
43.9027
 30
0.0
 10
-445.7753
 20
43.7996
 30
0.0
 10
-445.7768
 20
43.6868
 30
0.0
 10
-445.7768
 20
43.5809
 30
0.0
 10
-445.7591
 20
43.4702
 30
0.0
 10
-445.7238
 20
43.3551
 30
0.0
 10
-445.6886
 20
43.2408
 30
0.0
 10
-445.6716
 20
43.1668
 30
0.0
 10
-445.6716
 20
43.1336
 30
0.0
 10
-445.6716
 20
43.0757
 30
0.0
 10
-445.6984
 20
43.0228
 30
0.0
 10
-445.7528
 20
42.9756
 30
0.0
 10
-445.8078
 20
42.9283
 30
0.0
 10
-445.8692
 20
42.9043
 30
0.0
 10
-445.9383
 20
42.9043
 30
0.0
 10
-445.9962
 20
42.9043
 30
0.0
 10
-446.0533
 20
42.9311
 30
0.0
 10
-446.1098
 20
42.9854
 30
0.0
 10
-446.1662
 20
43.0398
 30
0.0
 10
-446.2262
 20
43.1181
 30
0.0
 10
-446.2897
 20
43.2211
 30
0.0
  0
HATCH
  5
A5
330
1F
100
AcDbEntity
  8
Layer 1
 62
   250
420
  3617845
100
AcDbHatch
 10
0.0
 20
0.0
 30
0.0
210
0.0
220
0.0
230
1.0
  2
SOLID
 70
     1
 71
     1
 91
        1
 92
        1
 93
        1
 72
     4
 94
        3
 73
     0
 74
     1
 95
      101
 96
       97
 40
0.0
 40
0.0
 40
0.0
 40
0.0
 40
0.03125
 40
0.03125
 40
0.03125
 40
0.0625
 40
0.0625
 40
0.0625
 40
0.09375
 40
0.09375
 40
0.09375
 40
0.125
 40
0.125
 40
0.125
 40
0.15625
 40
0.15625
 40
0.15625
 40
0.1875
 40
0.1875
 40
0.1875
 40
0.21875
 40
0.21875
 40
0.21875
 40
0.25
 40
0.25
 40
0.25
 40
0.28125
 40
0.28125
 40
0.28125
 40
0.3125
 40
0.3125
 40
0.3125
 40
0.34375
 40
0.34375
 40
0.34375
 40
0.375
 40
0.375
 40
0.375
 40
0.40625
 40
0.40625
 40
0.40625
 40
0.4375
 40
0.4375
 40
0.4375
 40
0.46875
 40
0.46875
 40
0.46875
 40
0.5
 40
0.5
 40
0.5
 40
0.53125
 40
0.53125
 40
0.53125
 40
0.5625
 40
0.5625
 40
0.5625
 40
0.59375
 40
0.59375
 40
0.59375
 40
0.625
 40
0.625
 40
0.625
 40
0.65625
 40
0.65625
 40
0.65625
 40
0.6875
 40
0.6875
 40
0.6875
 40
0.71875
 40
0.71875
 40
0.71875
 40
0.75
 40
0.75
 40
0.75
 40
0.78125
 40
0.78125
 40
0.78125
 40
0.8125
 40
0.8125
 40
0.8125
 40
0.84375
 40
0.84375
 40
0.84375
 40
0.875
 40
0.875
 40
0.875
 40
0.90625
 40
0.90625
 40
0.90625
 40
0.9375
 40
0.9375
 40
0.9375
 40
0.96875
 40
0.96875
 40
0.96875
 40
1.0
 40
1.0
 40
1.0
 40
1.0
 10
-446.2897
 20
43.2211
 10
-446.4266
 20
43.1153
 10
-446.5585
 20
43.0362
 10
-446.6855
 20
42.9833
 10
-446.8132
 20
42.9304
 10
-446.9564
 20
42.9043
 10
-447.1145
 20
42.9043
 10
-447.2591
 20
42.9043
 10
-447.3868
 20
42.9332
 10
-447.4962
 20
42.9904
 10
-447.6055
 20
43.0475
 10
-447.6902
 20
43.1244
 10
-447.7495
 20
43.2225
 10
-447.8087
 20
43.3206
 10
-447.8384
 20
43.4264
 10
-447.8384
 20
43.5407
 10
-447.8384
 20
43.6952
 10
-447.7897
 20
43.8265
 10
-447.6916
 20
43.9351
 10
-447.5935
 20
44.0445
 10
-447.4588
 20
44.1171
 10
-447.2873
 20
44.1545
 10
-447.2521
 20
44.163
 10
-447.1632
 20
44.1813
 10
-447.0213
 20
44.2103
 10
-446.8795
 20
44.2392
 10
-446.7575
 20
44.2653
 10
-446.6566
 20
44.29
 10
-446.5557
 20
44.314
 10
-446.4456
 20
44.3429
 10
-446.3271
 20
44.3775
 10
-446.3341
 20
44.5264
 10
-446.3638
 20
44.6357
 10
-446.4167
 20
44.7049
 10
-446.4703
 20
44.7747
 10
-446.5797
 20
44.8093
 10
-446.7469
 20
44.8093
 10
-446.8901
 20
44.8093
 10
-446.9981
 20
44.7895
 10
-447.07
 20
44.7493
 10
-447.1427
 20
44.7098
 10
-447.2048
 20
44.6498
 10
-447.2563
 20
44.5694
 10
-447.3078
 20
44.4897
 10
-447.3445
 20
44.4375
 10
-447.3656
 20
44.4114
 10
-447.3875
 20
44.386
 10
-447.4334
 20
44.3733
 10
-447.5032
 20
44.3733
 10
-447.5667
 20
44.3733
 10
-447.6218
 20
44.3937
 10
-447.6676
 20
44.4346
 10
-447.7135
 20
44.4749
 10
-447.7368
 20
44.5271
 10
-447.7368
 20
44.5906
 10
-447.7368
 20
44.69
 10
-447.7015
 20
44.7867
 10
-447.6316
 20
44.8805
 10
-447.5611
 20
44.9744
 10
-447.4517
 20
45.0513
 10
-447.3029
 20
45.112
 10
-447.154
 20
45.1726
 10
-446.9684
 20
45.203
 10
-446.7462
 20
45.203
 10
-446.4985
 20
45.203
 10
-446.3031
 20
45.1733
 10
-446.1613
 20
45.1148
 10
-446.0195
 20
45.0562
 10
-445.9193
 20
44.9638
 10
-445.8607
 20
44.8368
 10
-445.8022
 20
44.7098
 10
-445.7725
 20
44.5419
 10
-445.7725
 20
44.3323
 10
-445.7725
 20
44.1997
 10
-445.7732
 20
44.0875
 10
-445.7739
 20
43.9951
 10
-445.7746
 20
43.9027
 10
-445.7753
 20
43.7996
 10
-445.7768
 20
43.6868
 10
-445.7768
 20
43.5809
 10
-445.7591
 20
43.4702
 10
-445.7238
 20
43.3551
 10
-445.6886
 20
43.2408
 10
-445.6716
 20
43.1668
 10
-445.6716
 20
43.1336
 10
-445.6716
 20
43.0757
 10
-445.6984
 20
43.0228
 10
-445.7528
 20
42.9756
 10
-445.8078
 20
42.9283
 10
-445.8692
 20
42.9043
 10
-445.9383
 20
42.9043
 10
-445.9962
 20
42.9043
 10
-446.0533
 20
42.9311
 10
-446.1098
 20
42.9854
 10
-446.1662
 20
43.0398
 10
-446.2262
 20
43.1181
 10
-446.2897
 20
43.2211
 97
        1
330
A4
 75
     0
 76
     1
 98
        1
 10
0.0
 20
0.0
  0
SPLINE
  5
A6
102
{ACAD_REACTORS
330
A7
102
}
330
1F
100
AcDbEntity
  8
Layer 1
 62
   250
100
AcDbSpline
210
0.0
220
0.0
230
1.0
 70
    11
 71
     3
 72
    35
 73
    31
 74
     0
 42
0.0000000001
 43
0.0000000001
 40
0.0
 40
0.0
 40
0.0
 40
0.0
 40
0.1
 40
0.1
 40
0.1
 40
0.2
 40
0.2
 40
0.2
 40
0.3
 40
0.3
 40
0.3
 40
0.4
 40
0.4
 40
0.4
 40
0.5
 40
0.5
 40
0.5
 40
0.6000000000000001
 40
0.6000000000000001
 40
0.6000000000000001
 40
0.7000000000000001
 40
0.7000000000000001
 40
0.7000000000000001
 40
0.8
 40
0.8
 40
0.8
 40
0.9
 40
0.9
 40
0.9
 40
1.0
 40
1.0
 40
1.0
 40
1.0
 10
-446.3271
 20
44.0388
 30
0.0
 10
-446.4096
 20
44.0085
 30
0.0
 10
-446.5296
 20
43.976
 30
0.0
 10
-446.6876
 20
43.9429
 30
0.0
 10
-446.845
 20
43.909
 30
0.0
 10
-446.9543
 20
43.8836
 30
0.0
 10
-447.015
 20
43.8681
 30
0.0
 10
-447.0757
 20
43.8519
 30
0.0
 10
-447.1335
 20
43.8208
 30
0.0
 10
-447.1886
 20
43.7749
 30
0.0
 10
-447.2436
 20
43.7284
 30
0.0
 10
-447.2711
 20
43.6642
 30
0.0
 10
-447.2711
 20
43.5809
 30
0.0
 10
-447.2711
 20
43.4956
 30
0.0
 10
-447.2387
 20
43.4229
 30
0.0
 10
-447.1737
 20
43.3629
 30
0.0
 10
-447.1095
 20
43.3029
 30
0.0
 10
-447.0249
 20
43.2726
 30
0.0
 10
-446.9197
 20
43.2726
 30
0.0
 10
-446.8083
 20
43.2726
 30
0.0
 10
-446.7053
 20
43.2973
 30
0.0
 10
-446.6114
 20
43.346
 30
0.0
 10
-446.5169
 20
43.3954
 30
0.0
 10
-446.4477
 20
43.4582
 30
0.0
 10
-446.4033
 20
43.5358
 30
0.0
 10
-446.3525
 20
43.6211
 30
0.0
 10
-446.3271
 20
43.7622
 30
0.0
 10
-446.3271
 20
43.9584
 30
0.0
 10
-446.3271
 20
43.9584
 30
0.0
 10
-446.3271
 20
44.0388
 30
0.0
 10
-446.3271
 20
44.0388
 30
0.0
  0
HATCH
  5
A7
330
1F
100
AcDbEntity
  8
Layer 1
 62
   250
420
  3617845
100
AcDbHatch
 10
0.0
 20
0.0
 30
0.0
210
0.0
220
0.0
230
1.0
  2
SOLID
 70
     1
 71
     1
 91
        1
 92
        1
 93
        1
 72
     4
 94
        3
 73
     0
 74
     1
 95
       35
 96
       31
 40
0.0
 40
0.0
 40
0.0
 40
0.0
 40
0.1
 40
0.1
 40
0.1
 40
0.2
 40
0.2
 40
0.2
 40
0.3
 40
0.3
 40
0.3
 40
0.4
 40
0.4
 40
0.4
 40
0.5
 40
0.5
 40
0.5
 40
0.6000000000000001
 40
0.6000000000000001
 40
0.6000000000000001
 40
0.7000000000000001
 40
0.7000000000000001
 40
0.7000000000000001
 40
0.8
 40
0.8
 40
0.8
 40
0.9
 40
0.9
 40
0.9
 40
1.0
 40
1.0
 40
1.0
 40
1.0
 10
-446.3271
 20
44.0388
 10
-446.4096
 20
44.0085
 10
-446.5296
 20
43.976
 10
-446.6876
 20
43.9429
 10
-446.845
 20
43.909
 10
-446.9543
 20
43.8836
 10
-447.015
 20
43.8681
 10
-447.0757
 20
43.8519
 10
-447.1335
 20
43.8208
 10
-447.1886
 20
43.7749
 10
-447.2436
 20
43.7284
 10
-447.2711
 20
43.6642
 10
-447.2711
 20
43.5809
 10
-447.2711
 20
43.4956
 10
-447.2387
 20
43.4229
 10
-447.1737
 20
43.3629
 10
-447.1095
 20
43.3029
 10
-447.0249
 20
43.2726
 10
-446.9197
 20
43.2726
 10
-446.8083
 20
43.2726
 10
-446.7053
 20
43.2973
 10
-446.6114
 20
43.346
 10
-446.5169
 20
43.3954
 10
-446.4477
 20
43.4582
 10
-446.4033
 20
43.5358
 10
-446.3525
 20
43.6211
 10
-446.3271
 20
43.7622
 10
-446.3271
 20
43.9584
 10
-446.3271
 20
43.9584
 10
-446.3271
 20
44.0388
 10
-446.3271
 20
44.0388
 97
        1
330
A6
 75
     0
 76
     1
 98
        1
 10
0.0
 20
0.0
  0
SPLINE
  5
A8
102
{ACAD_REACTORS
330
A9
102
}
330
1F
100
AcDbEntity
  8
Layer 1
 62
   250
100
AcDbSpline
210
0.0
220
0.0
230
1.0
 70
    11
 71
     3
 72
    86
 73
    82
 74
     0
 42
0.0000000001
 43
0.0000000001
 40
0.0
 40
0.0
 40
0.0
 40
0.0
 40
0.037037037037037
 40
0.037037037037037
 40
0.037037037037037
 40
0.0740740740740741
 40
0.0740740740740741
 40
0.0740740740740741
 40
0.1111111111111111
 40
0.1111111111111111
 40
0.1111111111111111
 40
0.1481481481481481
 40
0.1481481481481481
 40
0.1481481481481481
 40
0.1851851851851852
 40
0.1851851851851852
 40
0.1851851851851852
 40
0.2222222222222222
 40
0.2222222222222222
 40
0.2222222222222222
 40
0.2592592592592592
 40
0.2592592592592592
 40
0.2592592592592592
 40
0.2962962962962963
 40
0.2962962962962963
 40
0.2962962962962963
 40
0.3333333333333333
 40
0.3333333333333333
 40
0.3333333333333333
 40
0.3703703703703703
 40
0.3703703703703703
 40
0.3703703703703703
 40
0.4074074074074074
 40
0.4074074074074074
 40
0.4074074074074074
 40
0.4444444444444444
 40
0.4444444444444444
 40
0.4444444444444444
 40
0.4814814814814815
 40
0.4814814814814815
 40
0.4814814814814815
 40
0.5185185185185185
 40
0.5185185185185185
 40
0.5185185185185185
 40
0.5555555555555556
 40
0.5555555555555556
 40
0.5555555555555556
 40
0.5925925925925926
 40
0.5925925925925926
 40
0.5925925925925926
 40
0.6296296296296295
 40
0.6296296296296295
 40
0.6296296296296295
 40
0.6666666666666666
 40
0.6666666666666666
 40
0.6666666666666666
 40
0.7037037037037037
 40
0.7037037037037037
 40
0.7037037037037037
 40
0.7407407407407407
 40
0.7407407407407407
 40
0.7407407407407407
 40
0.7777777777777777
 40
0.7777777777777777
 40
0.7777777777777777
 40
0.8148148148148148
 40
0.8148148148148148
 40
0.8148148148148148
 40
0.8518518518518519
 40
0.8518518518518519
 40
0.8518518518518519
 40
0.8888888888888888
 40
0.8888888888888888
 40
0.8888888888888888
 40
0.9259259259259258
 40
0.9259259259259258
 40
0.9259259259259258
 40
0.9629629629629629
 40
0.9629629629629629
 40
0.9629629629629629
 40
1.0
 40
1.0
 40
1.0
 40
1.0
 10
-443.7948
 20
43.1625
 30
0.0
 10
-443.7948
 20
43.1625
 30
0.0
 10
-444.293
 20
43.9796
 30
0.0
 10
-444.293
 20
43.9796
 30
0.0
 10
-444.293
 20
43.9796
 30
0.0
 10
-444.5992
 20
43.691
 30
0.0
 10
-444.5992
 20
43.691
 30
0.0
 10
-444.5992
 20
43.691
 30
0.0
 10
-444.5992
 20
43.243
 30
0.0
 10
-444.5992
 20
43.243
 30
0.0
 10
-444.5992
 20
43.1343
 30
0.0
 10
-444.6281
 20
43.0503
 30
0.0
 10
-444.6853
 20
42.9918
 30
0.0
 10
-444.7424
 20
42.9332
 30
0.0
 10
-444.808
 20
42.9043
 30
0.0
 10
-444.8828
 20
42.9043
 30
0.0
 10
-444.9696
 20
42.9043
 30
0.0
 10
-445.038
 20
42.9332
 30
0.0
 10
-445.0874
 20
42.9911
 30
0.0
 10
-445.1375
 20
43.0489
 30
0.0
 10
-445.1622
 20
43.1343
 30
0.0
 10
-445.1622
 20
43.2472
 30
0.0
 10
-445.1622
 20
43.2472
 30
0.0
 10
-445.1622
 20
45.6524
 30
0.0
 10
-445.1622
 20
45.6524
 30
0.0
 10
-445.1622
 20
45.778
 30
0.0
 10
-445.1382
 20
45.8733
 30
0.0
 10
-445.0895
 20
45.9389
 30
0.0
 10
-445.0416
 20
46.0045
 30
0.0
 10
-444.9724
 20
46.0369
 30
0.0
 10
-444.8828
 20
46.0369
 30
0.0
 10
-444.796
 20
46.0369
 30
0.0
 10
-444.7269
 20
46.0073
 30
0.0
 10
-444.6761
 20
45.948
 30
0.0
 10
-444.6246
 20
45.8888
 30
0.0
 10
-444.5992
 20
45.8013
 30
0.0
 10
-444.5992
 20
45.6856
 30
0.0
 10
-444.5992
 20
45.6856
 30
0.0
 10
-444.5992
 20
44.3182
 30
0.0
 10
-444.5992
 20
44.3182
 30
0.0
 10
-444.5992
 20
44.3182
 30
0.0
 10
-443.9649
 20
44.9836
 30
0.0
 10
-443.9649
 20
44.9836
 30
0.0
 10
-443.8859
 20
45.0668
 30
0.0
 10
-443.8259
 20
45.1233
 30
0.0
 10
-443.785
 20
45.1536
 30
0.0
 10
-443.7433
 20
45.1839
 30
0.0
 10
-443.6932
 20
45.1987
 30
0.0
 10
-443.634
 20
45.1987
 30
0.0
 10
-443.5634
 20
45.1987
 30
0.0
 10
-443.5049
 20
45.1762
 30
0.0
 10
-443.4583
 20
45.1317
 30
0.0
 10
-443.411
 20
45.0866
 30
0.0
 10
-443.3877
 20
45.0308
 30
0.0
 10
-443.3877
 20
44.9631
 30
0.0
 10
-443.3877
 20
44.8805
 30
0.0
 10
-443.4646
 20
44.7705
 30
0.0
 10
-443.617
 20
44.6322
 30
0.0
 10
-443.617
 20
44.6322
 30
0.0
 10
-443.9169
 20
44.3577
 30
0.0
 10
-443.9169
 20
44.3577
 30
0.0
 10
-443.9169
 20
44.3577
 30
0.0
 10
-443.3384
 20
43.4483
 30
0.0
 10
-443.3384
 20
43.4483
 30
0.0
 10
-443.2953
 20
43.3805
 30
0.0
 10
-443.265
 20
43.329
 30
0.0
 10
-443.2466
 20
43.2938
 30
0.0
 10
-443.2276
 20
43.2585
 30
0.0
 10
-443.2184
 20
43.2253
 30
0.0
 10
-443.2184
 20
43.1936
 30
0.0
 10
-443.2184
 20
43.104
 30
0.0
 10
-443.2431
 20
43.0334
 30
0.0
 10
-443.2918
 20
42.9819
 30
0.0
 10
-443.3405
 20
42.9304
 30
0.0
 10
-443.4054
 20
42.9043
 30
0.0
 10
-443.4851
 20
42.9043
 30
0.0
 10
-443.5543
 20
42.9043
 30
0.0
 10
-443.6072
 20
42.9226
 30
0.0
 10
-443.6439
 20
42.96
 30
0.0
 10
-443.6813
 20
42.9974
 30
0.0
 10
-443.7313
 20
43.0645
 30
0.0
 10
-443.7948
 20
43.1625
 30
0.0
  0
HATCH
  5
A9
330
1F
100
AcDbEntity
  8
Layer 1
 62
   250
420
  3617845
100
AcDbHatch
 10
0.0
 20
0.0
 30
0.0
210
0.0
220
0.0
230
1.0
  2
SOLID
 70
     1
 71
     1
 91
        1
 92
        1
 93
        1
 72
     4
 94
        3
 73
     0
 74
     1
 95
       86
 96
       82
 40
0.0
 40
0.0
 40
0.0
 40
0.0
 40
0.037037037037037
 40
0.037037037037037
 40
0.037037037037037
 40
0.0740740740740741
 40
0.0740740740740741
 40
0.0740740740740741
 40
0.1111111111111111
 40
0.1111111111111111
 40
0.1111111111111111
 40
0.1481481481481481
 40
0.1481481481481481
 40
0.1481481481481481
 40
0.1851851851851852
 40
0.1851851851851852
 40
0.1851851851851852
 40
0.2222222222222222
 40
0.2222222222222222
 40
0.2222222222222222
 40
0.2592592592592592
 40
0.2592592592592592
 40
0.2592592592592592
 40
0.2962962962962963
 40
0.2962962962962963
 40
0.2962962962962963
 40
0.3333333333333333
 40
0.3333333333333333
 40
0.3333333333333333
 40
0.3703703703703703
 40
0.3703703703703703
 40
0.3703703703703703
 40
0.4074074074074074
 40
0.4074074074074074
 40
0.4074074074074074
 40
0.4444444444444444
 40
0.4444444444444444
 40
0.4444444444444444
 40
0.4814814814814815
 40
0.4814814814814815
 40
0.4814814814814815
 40
0.5185185185185185
 40
0.5185185185185185
 40
0.5185185185185185
 40
0.5555555555555556
 40
0.5555555555555556
 40
0.5555555555555556
 40
0.5925925925925926
 40
0.5925925925925926
 40
0.5925925925925926
 40
0.6296296296296295
 40
0.6296296296296295
 40
0.6296296296296295
 40
0.6666666666666666
 40
0.6666666666666666
 40
0.6666666666666666
 40
0.7037037037037037
 40
0.7037037037037037
 40
0.7037037037037037
 40
0.7407407407407407
 40
0.7407407407407407
 40
0.7407407407407407
 40
0.7777777777777777
 40
0.7777777777777777
 40
0.7777777777777777
 40
0.8148148148148148
 40
0.8148148148148148
 40
0.8148148148148148
 40
0.8518518518518519
 40
0.8518518518518519
 40
0.8518518518518519
 40
0.8888888888888888
 40
0.8888888888888888
 40
0.8888888888888888
 40
0.9259259259259258
 40
0.9259259259259258
 40
0.9259259259259258
 40
0.9629629629629629
 40
0.9629629629629629
 40
0.9629629629629629
 40
1.0
 40
1.0
 40
1.0
 40
1.0
 10
-443.7948
 20
43.1625
 10
-443.7948
 20
43.1625
 10
-444.293
 20
43.9796
 10
-444.293
 20
43.9796
 10
-444.293
 20
43.9796
 10
-444.5992
 20
43.691
 10
-444.5992
 20
43.691
 10
-444.5992
 20
43.691
 10
-444.5992
 20
43.243
 10
-444.5992
 20
43.243
 10
-444.5992
 20
43.1343
 10
-444.6281
 20
43.0503
 10
-444.6853
 20
42.9918
 10
-444.7424
 20
42.9332
 10
-444.808
 20
42.9043
 10
-444.8828
 20
42.9043
 10
-444.9696
 20
42.9043
 10
-445.038
 20
42.9332
 10
-445.0874
 20
42.9911
 10
-445.1375
 20
43.0489
 10
-445.1622
 20
43.1343
 10
-445.1622
 20
43.2472
 10
-445.1622
 20
43.2472
 10
-445.1622
 20
45.6524
 10
-445.1622
 20
45.6524
 10
-445.1622
 20
45.778
 10
-445.1382
 20
45.8733
 10
-445.0895
 20
45.9389
 10
-445.0416
 20
46.0045
 10
-444.9724
 20
46.0369
 10
-444.8828
 20
46.0369
 10
-444.796
 20
46.0369
 10
-444.7269
 20
46.0073
 10
-444.6761
 20
45.948
 10
-444.6246
 20
45.8888
 10
-444.5992
 20
45.8013
 10
-444.5992
 20
45.6856
 10
-444.5992
 20
45.6856
 10
-444.5992
 20
44.3182
 10
-444.5992
 20
44.3182
 10
-444.5992
 20
44.3182
 10
-443.9649
 20
44.9836
 10
-443.9649
 20
44.9836
 10
-443.8859
 20
45.0668
 10
-443.8259
 20
45.1233
 10
-443.785
 20
45.1536
 10
-443.7433
 20
45.1839
 10
-443.6932
 20
45.1987
 10
-443.634
 20
45.1987
 10
-443.5634
 20
45.1987
 10
-443.5049
 20
45.1762
 10
-443.4583
 20
45.1317
 10
-443.411
 20
45.0866
 10
-443.3877
 20
45.0308
 10
-443.3877
 20
44.9631
 10
-443.3877
 20
44.8805
 10
-443.4646
 20
44.7705
 10
-443.617
 20
44.6322
 10
-443.617
 20
44.6322
 10
-443.9169
 20
44.3577
 10
-443.9169
 20
44.3577
 10
-443.9169
 20
44.3577
 10
-443.3384
 20
43.4483
 10
-443.3384
 20
43.4483
 10
-443.2953
 20
43.3805
 10
-443.265
 20
43.329
 10
-443.2466
 20
43.2938
 10
-443.2276
 20
43.2585
 10
-443.2184
 20
43.2253
 10
-443.2184
 20
43.1936
 10
-443.2184
 20
43.104
 10
-443.2431
 20
43.0334
 10
-443.2918
 20
42.9819
 10
-443.3405
 20
42.9304
 10
-443.4054
 20
42.9043
 10
-443.4851
 20
42.9043
 10
-443.5543
 20
42.9043
 10
-443.6072
 20
42.9226
 10
-443.6439
 20
42.96
 10
-443.6813
 20
42.9974
 10
-443.7313
 20
43.0645
 10
-443.7948
 20
43.1625
 97
        1
330
A8
 75
     0
 76
     1
 98
        1
 10
0.0
 20
0.0
  0
SPLINE
  5
AA
102
{ACAD_REACTORS
330
AB
102
}
330
1F
100
AcDbEntity
  8
Layer 1
 62
   250
100
AcDbSpline
210
0.0
220
0.0
230
1.0
 70
    11
 71
     3
 72
    35
 73
    31
 74
     0
 42
0.0000000001
 43
0.0000000001
 40
0.0
 40
0.0
 40
0.0
 40
0.0
 40
0.1
 40
0.1
 40
0.1
 40
0.2
 40
0.2
 40
0.2
 40
0.3
 40
0.3
 40
0.3
 40
0.4
 40
0.4
 40
0.4
 40
0.5
 40
0.5
 40
0.5
 40
0.6000000000000001
 40
0.6000000000000001
 40
0.6000000000000001
 40
0.7000000000000001
 40
0.7000000000000001
 40
0.7000000000000001
 40
0.8
 40
0.8
 40
0.8
 40
0.9
 40
0.9
 40
0.9
 40
1.0
 40
1.0
 40
1.0
 40
1.0
 10
-442.316
 20
44.8784
 30
0.0
 10
-442.316
 20
44.8784
 30
0.0
 10
-442.316
 20
43.2472
 30
0.0
 10
-442.316
 20
43.2472
 30
0.0
 10
-442.316
 20
43.1343
 30
0.0
 10
-442.3428
 20
43.0489
 30
0.0
 10
-442.3964
 20
42.9911
 30
0.0
 10
-442.45
 20
42.9332
 30
0.0
 10
-442.5178
 20
42.9043
 30
0.0
 10
-442.6003
 20
42.9043
 30
0.0
 10
-442.6829
 20
42.9043
 30
0.0
 10
-442.7499
 20
42.9339
 30
0.0
 10
-442.8014
 20
42.9932
 30
0.0
 10
-442.8529
 20
43.0525
 30
0.0
 10
-442.879
 20
43.1371
 30
0.0
 10
-442.879
 20
43.2472
 30
0.0
 10
-442.879
 20
43.2472
 30
0.0
 10
-442.879
 20
44.8615
 30
0.0
 10
-442.879
 20
44.8615
 30
0.0
 10
-442.879
 20
44.9737
 30
0.0
 10
-442.8529
 20
45.0576
 30
0.0
 10
-442.8014
 20
45.1141
 30
0.0
 10
-442.7499
 20
45.1705
 30
0.0
 10
-442.6829
 20
45.1987
 30
0.0
 10
-442.6003
 20
45.1987
 30
0.0
 10
-442.5178
 20
45.1987
 30
0.0
 10
-442.45
 20
45.1705
 30
0.0
 10
-442.3964
 20
45.1141
 30
0.0
 10
-442.3428
 20
45.0576
 30
0.0
 10
-442.316
 20
44.9786
 30
0.0
 10
-442.316
 20
44.8784
 30
0.0
  0
HATCH
  5
AB
330
1F
100
AcDbEntity
  8
Layer 1
 62
   250
420
  3617845
100
AcDbHatch
 10
0.0
 20
0.0
 30
0.0
210
0.0
220
0.0
230
1.0
  2
SOLID
 70
     1
 71
     1
 91
        1
 92
        1
 93
        1
 72
     4
 94
        3
 73
     0
 74
     1
 95
       35
 96
       31
 40
0.0
 40
0.0
 40
0.0
 40
0.0
 40
0.1
 40
0.1
 40
0.1
 40
0.2
 40
0.2
 40
0.2
 40
0.3
 40
0.3
 40
0.3
 40
0.4
 40
0.4
 40
0.4
 40
0.5
 40
0.5
 40
0.5
 40
0.6000000000000001
 40
0.6000000000000001
 40
0.6000000000000001
 40
0.7000000000000001
 40
0.7000000000000001
 40
0.7000000000000001
 40
0.8
 40
0.8
 40
0.8
 40
0.9
 40
0.9
 40
0.9
 40
1.0
 40
1.0
 40
1.0
 40
1.0
 10
-442.316
 20
44.8784
 10
-442.316
 20
44.8784
 10
-442.316
 20
43.2472
 10
-442.316
 20
43.2472
 10
-442.316
 20
43.1343
 10
-442.3428
 20
43.0489
 10
-442.3964
 20
42.9911
 10
-442.45
 20
42.9332
 10
-442.5178
 20
42.9043
 10
-442.6003
 20
42.9043
 10
-442.6829
 20
42.9043
 10
-442.7499
 20
42.9339
 10
-442.8014
 20
42.9932
 10
-442.8529
 20
43.0525
 10
-442.879
 20
43.1371
 10
-442.879
 20
43.2472
 10
-442.879
 20
43.2472
 10
-442.879
 20
44.8615
 10
-442.879
 20
44.8615
 10
-442.879
 20
44.9737
 10
-442.8529
 20
45.0576
 10
-442.8014
 20
45.1141
 10
-442.7499
 20
45.1705
 10
-442.6829
 20
45.1987
 10
-442.6003
 20
45.1987
 10
-442.5178
 20
45.1987
 10
-442.45
 20
45.1705
 10
-442.3964
 20
45.1141
 10
-442.3428
 20
45.0576
 10
-442.316
 20
44.9786
 10
-442.316
 20
44.8784
 97
        1
330
AA
 75
     0
 76
     1
 98
        1
 10
0.0
 20
0.0
  0
SPLINE
  5
AC
102
{ACAD_REACTORS
330
AD
102
}
330
1F
100
AcDbEntity
  8
Layer 1
 62
   250
100
AcDbSpline
210
0.0
220
0.0
230
1.0
 70
    11
 71
     3
 72
    29
 73
    25
 74
     0
 42
0.0000000001
 43
0.0000000001
 40
0.0
 40
0.0
 40
0.0
 40
0.0
 40
0.125
 40
0.125
 40
0.125
 40
0.25
 40
0.25
 40
0.25
 40
0.375
 40
0.375
 40
0.375
 40
0.5
 40
0.5
 40
0.5
 40
0.625
 40
0.625
 40
0.625
 40
0.75
 40
0.75
 40
0.75
 40
0.875
 40
0.875
 40
0.875
 40
1.0
 40
1.0
 40
1.0
 40
1.0
 10
-442.5947
 20
45.4612
 30
0.0
 10
-442.673
 20
45.4612
 30
0.0
 10
-442.74
 20
45.4852
 30
0.0
 10
-442.7957
 20
45.5332
 30
0.0
 10
-442.8515
 20
45.5812
 30
0.0
 10
-442.879
 20
45.6496
 30
0.0
 10
-442.879
 20
45.7378
 30
0.0
 10
-442.879
 20
45.8168
 30
0.0
 10
-442.8508
 20
45.8824
 30
0.0
 10
-442.7936
 20
45.9339
 30
0.0
 10
-442.7365
 20
45.9854
 30
0.0
 10
-442.6702
 20
46.0115
 30
0.0
 10
-442.5947
 20
46.0115
 30
0.0
 10
-442.5213
 20
46.0115
 30
0.0
 10
-442.4571
 20
45.9883
 30
0.0
 10
-442.4006
 20
45.9417
 30
0.0
 10
-442.3442
 20
45.8944
 30
0.0
 10
-442.316
 20
45.8267
 30
0.0
 10
-442.316
 20
45.7378
 30
0.0
 10
-442.316
 20
45.651
 30
0.0
 10
-442.3435
 20
45.5833
 30
0.0
 10
-442.3985
 20
45.5346
 30
0.0
 10
-442.4536
 20
45.4859
 30
0.0
 10
-442.5185
 20
45.4612
 30
0.0
 10
-442.5947
 20
45.4612
 30
0.0
  0
HATCH
  5
AD
330
1F
100
AcDbEntity
  8
Layer 1
 62
   250
420
  3617845
100
AcDbHatch
 10
0.0
 20
0.0
 30
0.0
210
0.0
220
0.0
230
1.0
  2
SOLID
 70
     1
 71
     1
 91
        1
 92
        1
 93
        1
 72
     4
 94
        3
 73
     0
 74
     1
 95
       29
 96
       25
 40
0.0
 40
0.0
 40
0.0
 40
0.0
 40
0.125
 40
0.125
 40
0.125
 40
0.25
 40
0.25
 40
0.25
 40
0.375
 40
0.375
 40
0.375
 40
0.5
 40
0.5
 40
0.5
 40
0.625
 40
0.625
 40
0.625
 40
0.75
 40
0.75
 40
0.75
 40
0.875
 40
0.875
 40
0.875
 40
1.0
 40
1.0
 40
1.0
 40
1.0
 10
-442.5947
 20
45.4612
 10
-442.673
 20
45.4612
 10
-442.74
 20
45.4852
 10
-442.7957
 20
45.5332
 10
-442.8515
 20
45.5812
 10
-442.879
 20
45.6496
 10
-442.879
 20
45.7378
 10
-442.879
 20
45.8168
 10
-442.8508
 20
45.8824
 10
-442.7936
 20
45.9339
 10
-442.7365
 20
45.9854
 10
-442.6702
 20
46.0115
 10
-442.5947
 20
46.0115
 10
-442.5213
 20
46.0115
 10
-442.4571
 20
45.9883
 10
-442.4006
 20
45.9417
 10
-442.3442
 20
45.8944
 10
-442.316
 20
45.8267
 10
-442.316
 20
45.7378
 10
-442.316
 20
45.651
 10
-442.3435
 20
45.5833
 10
-442.3985
 20
45.5346
 10
-442.4536
 20
45.4859
 10
-442.5185
 20
45.4612
 10
-442.5947
 20
45.4612
 97
        1
330
AC
 75
     0
 76
     1
 98
        1
 10
0.0
 20
0.0
  0
ENDSEC
  0
SECTION
  2
OBJECTS
  0
DICTIONARY
  5
C
330
0
100
AcDbDictionary
281
     1
  3
ACAD_DETAILVIEWSTYLE
350
E9
  3
ACAD_GROUP
350
D
  3
ACAD_LAYOUT
350
1A
  3
ACAD_MATERIAL
350
43
  3
ACAD_MLEADERSTYLE
350
6B
  3
ACAD_MLINESTYLE
350
17
  3
ACAD_PLOTSETTINGS
350
19
  3
ACAD_PLOTSTYLENAME
350
E
  3
ACAD_SCALELIST
350
47
  3
ACAD_SECTIONVIEWSTYLE
350
EA
  3
ACAD_TABLESTYLE
350
69
  3
ACAD_VISUALSTYLE
350
2A
  3
ACDB_RECOMPOSE_DATA
350
E6
  3
AcDbVariableDictionary
350
AE
  0
SUN
  5
6D
330
29
100
AcDbSun
 90
        1
290
     0
 63
     7
421
 16777215
 40
1.0
291
     1
 91
  2455826
 92
 54000000
292
     0
 70
     2
 71
   256
280
     1
  0
DICTIONARY
  5
E9
102
{ACAD_REACTORS
330
C
102
}
330
C
100
AcDbDictionary
281
     1
  0
DICTIONARY
  5
D
102
{ACAD_REACTORS
330
C
102
}
330
C
100
AcDbDictionary
281
     1
  0
DICTIONARY
  5
1A
102
{ACAD_REACTORS
330
C
102
}
330
C
100
AcDbDictionary
281
     1
  3
Layout1
350
1E
  3
Layout2
350
26
  3
Model
350
22
  0
DICTIONARY
  5
43
102
{ACAD_REACTORS
330
C
102
}
330
C
100
AcDbDictionary
281
     1
  3
ByBlock
350
45
  3
ByLayer
350
44
  3
Global
350
46
  0
DICTIONARY
  5
6B
102
{ACAD_REACTORS
330
C
102
}
330
C
100
AcDbDictionary
281
     1
  3
Standard
350
6C
  0
DICTIONARY
  5
17
102
{ACAD_REACTORS
330
C
102
}
330
C
100
AcDbDictionary
281
     1
  3
Standard
350
18
  0
DICTIONARY
  5
19
102
{ACAD_REACTORS
330
C
102
}
330
C
100
AcDbDictionary
281
     1
  0
ACDBDICTIONARYWDFLT
  5
E
102
{ACAD_REACTORS
330
C
102
}
330
C
100
AcDbDictionary
281
     1
  3
Normal
350
F
100
AcDbDictionaryWithDefault
340
F
  0
DICTIONARY
  5
47
102
{ACAD_REACTORS
330
C
102
}
330
C
100
AcDbDictionary
281
     1
  3
A0
350
48
  3
A1
350
49
  3
A2
350
4A
  3
A3
350
4B
  3
A4
350
4C
  3
A5
350
4D
  3
A6
350
4E
  3
A7
350
4F
  3
A8
350
50
  3
A9
350
51
  3
B0
350
52
  3
B1
350
53
  3
B2
350
54
  3
B3
350
55
  3
B4
350
56
  3
B5
350
57
  3
B6
350
58
  3
B7
350
59
  3
B8
350
5A
  3
B9
350
5B
  3
C0
350
5C
  3
C1
350
5D
  3
C2
350
5E
  3
C3
350
5F
  3
C4
350
60
  3
C5
350
61
  3
C6
350
62
  3
C7
350
63
  3
C8
350
64
  3
C9
350
65
  3
D0
350
66
  3
D1
350
67
  3
D2
350
68
  0
DICTIONARY
  5
EA
102
{ACAD_REACTORS
330
C
102
}
330
C
100
AcDbDictionary
281
     1
  0
DICTIONARY
  5
69
102
{ACAD_REACTORS
330
C
102
}
330
C
100
AcDbDictionary
281
     1
  3
Standard
350
6A
  0
DICTIONARY
  5
2A
102
{ACAD_REACTORS
330
C
102
}
330
C
100
AcDbDictionary
281
     1
  3
2dWireframe
350
2F
  3
Basic
350
32
  3
Brighten
350
36
  3
ColorChange
350
3A
  3
Conceptual
350
34
  3
Dim
350
35
  3
EdgeColorOff
350
3D
  3
Facepattern
350
39
  3
Flat
350
2B
  3
FlatWithEdges
350
2C
  3
Gouraud
350
2D
  3
GouraudWithEdges
350
2E
  3
Hidden
350
31
  3
JitterOff
350
3B
  3
Linepattern
350
38
  3
OverhangOff
350
3C
  3
Realistic
350
33
  3
Shaded
350
42
  3
Shaded with edges
350
41
  3
Shades of Gray
350
3E
  3
Sketchy
350
3F
  3
Thicken
350
37
  3
Wireframe
350
30
  3
X-Ray
350
40
  0
XRECORD
  5
E6
102
{ACAD_REACTORS
330
C
102
}
330
C
100
AcDbXrecord
280
     1
 90
        1
330
6A
  0
DICTIONARY
  5
AE
102
{ACAD_REACTORS
330
C
102
}
330
C
100
AcDbDictionary
281
     1
  3
CANNOSCALE
350
AF
  3
CMLEADERSTYLE
350
E8
  3
CTABLESTYLE
350
E7
  3
XCLIPFRAME
350
B0
  0
LAYOUT
  5
1E
102
{ACAD_REACTORS
330
1A
102
}
330
1A
100
AcDbPlotSettings
  1

  2
none_device
  4

  6

 40
0.0
 41
0.0
 42
0.0
 43
0.0
 44
0.0
 45
0.0
 46
0.0
 47
0.0
 48
0.0
 49
0.0
140
0.0
141
0.0
142
1.0
143
1.0
 70
   688
 72
     0
 73
     0
 74
     5
  7

 75
    16
 76
     0
 77
     2
 78
   300
147
1.0
148
0.0
149
0.0
100
AcDbLayout
  1
Layout1
 70
     1
 71
     1
 10
0.0
 20
0.0
 11
12.0
 21
9.0
 12
0.0
 22
0.0
 32
0.0
 14
1.000000000000000E+20
 24
1.000000000000000E+20
 34
1.000000000000000E+20
 15
-1.000000000000000E+20
 25
-1.000000000000000E+20
 35
-1.000000000000000E+20
146
0.0
 13
0.0
 23
0.0
 33
0.0
 16
1.0
 26
0.0
 36
0.0
 17
0.0
 27
1.0
 37
0.0
 76
     0
330
1B
  0
LAYOUT
  5
26
102
{ACAD_REACTORS
330
1A
102
}
330
1A
100
AcDbPlotSettings
  1

  2
none_device
  4

  6

 40
0.0
 41
0.0
 42
0.0
 43
0.0
 44
0.0
 45
0.0
 46
0.0
 47
0.0
 48
0.0
 49
0.0
140
0.0
141
0.0
142
1.0
143
1.0
 70
   688
 72
     0
 73
     0
 74
     5
  7

 75
    16
 76
     0
 77
     2
 78
   300
147
1.0
148
0.0
149
0.0
100
AcDbLayout
  1
Layout2
 70
     1
 71
     2
 10
0.0
 20
0.0
 11
0.0
 21
0.0
 12
0.0
 22
0.0
 32
0.0
 14
0.0
 24
0.0
 34
0.0
 15
0.0
 25
0.0
 35
0.0
146
0.0
 13
0.0
 23
0.0
 33
0.0
 16
1.0
 26
0.0
 36
0.0
 17
0.0
 27
1.0
 37
0.0
 76
     0
330
23
  0
LAYOUT
  5
22
102
{ACAD_REACTORS
330
1A
102
}
330
1A
100
AcDbPlotSettings
  1

  2
none_device
  4
Letter_(8.50_x_11.00_Inches)
  6

 40
6.35
 41
6.35
 42
6.35000508
 43
6.35000508
 44
215.9
 45
279.4
 46
0.0
 47
0.0
 48
0.0
 49
0.0
140
0.0
141
0.0
142
1.0
143
1.0
 70
  1712
 72
     0
 73
     0
 74
     0
  7

 75
     0
 76
     0
 77
     2
 78
   300
147
1.0
148
0.0
149
0.0
100
AcDbLayout
  1
Model
 70
     1
 71
     0
 10
0.0
 20
0.0
 11
12.0
 21
9.0
 12
0.0
 22
0.0
 32
0.0
 14
-479.3412
 24
36.4716
 34
0.0
 15
-439.265
 25
76.5477
 35
0.0
146
0.0
 13
0.0
 23
0.0
 33
0.0
 16
1.0
 26
0.0
 36
0.0
 17
0.0
 27
1.0
 37
0.0
 76
     0
330
1F
331
29
  0
MATERIAL
  5
45
102
{ACAD_REACTORS
330
43
102
}
330
43
100
AcDbMaterial
  1
ByBlock
 72
     1
 94
      127
  0
MATERIAL
  5
44
102
{ACAD_REACTORS
330
43
102
}
330
43
100
AcDbMaterial
  1
ByLayer
 72
     1
 94
      127
  0
MATERIAL
  5
46
102
{ACAD_REACTORS
330
43
102
}
330
43
100
AcDbMaterial
  1
Global
 72
     1
 94
      127
  0
MLEADERSTYLE
  5
6C
102
{ACAD_REACTORS
330
6B
102
}
102
{ACAD_XDICTIONARY
360
E4
102
}
330
6B
100
AcDbMLeaderStyle
170
     2
171
     1
172
     0
 90
        2
 40
0.0
 41
0.0
173
     1
 91
-1056964608
340
14
 92
       -2
290
     1
 42
0.09
291
     1
 43
0.36
  3
Standard
341
0
 44
0.18
300

342
11
174
     1
178
     6
175
     1
176
     0
 93
-1056964608
 45
0.18
292
     0
297
     0
 46
0.18
343
0
 94
-1056964608
 47
1.0
 49
1.0
140
1.0
293
     1
141
0.0
294
     1
177
     0
142
1.0
295
     0
296
     0
143
0.125
1001
ACAD_MLEADERVER
1070
     2
  0
MLINESTYLE
  5
18
102
{ACAD_REACTORS
330
17
102
}
330
17
100
AcDbMlineStyle
  2
Standard
 70
     0
  3

 62
   256
 51
90.0
 52
90.0
 71
     2
 49
0.5
 62
   256
  6
BYLAYER
 49
-0.5
 62
   256
  6
BYLAYER
  0
ACDBPLACEHOLDER
  5
F
102
{ACAD_REACTORS
330
E
102
}
330
E
  0
SCALE
  5
48
102
{ACAD_REACTORS
330
47
102
}
330
47
100
AcDbScale
 70
     0
300
1:1
140
1.0
141
1.0
290
     1
  0
SCALE
  5
49
102
{ACAD_REACTORS
330
47
102
}
330
47
100
AcDbScale
 70
     0
300
1:2
140
1.0
141
2.0
290
     0
  0
SCALE
  5
4A
102
{ACAD_REACTORS
330
47
102
}
330
47
100
AcDbScale
 70
     0
300
1:4
140
1.0
141
4.0
290
     0
  0
SCALE
  5
4B
102
{ACAD_REACTORS
330
47
102
}
330
47
100
AcDbScale
 70
     0
300
1:5
140
1.0
141
5.0
290
     0
  0
SCALE
  5
4C
102
{ACAD_REACTORS
330
47
102
}
330
47
100
AcDbScale
 70
     0
300
1:8
140
1.0
141
8.0
290
     0
  0
SCALE
  5
4D
102
{ACAD_REACTORS
330
47
102
}
330
47
100
AcDbScale
 70
     0
300
1:10
140
1.0
141
10.0
290
     0
  0
SCALE
  5
4E
102
{ACAD_REACTORS
330
47
102
}
330
47
100
AcDbScale
 70
     0
300
1:16
140
1.0
141
16.0
290
     0
  0
SCALE
  5
4F
102
{ACAD_REACTORS
330
47
102
}
330
47
100
AcDbScale
 70
     0
300
1:20
140
1.0
141
20.0
290
     0
  0
SCALE
  5
50
102
{ACAD_REACTORS
330
47
102
}
330
47
100
AcDbScale
 70
     0
300
1:30
140
1.0
141
30.0
290
     0
  0
SCALE
  5
51
102
{ACAD_REACTORS
330
47
102
}
330
47
100
AcDbScale
 70
     0
300
1:40
140
1.0
141
40.0
290
     0
  0
SCALE
  5
52
102
{ACAD_REACTORS
330
47
102
}
330
47
100
AcDbScale
 70
     0
300
1:50
140
1.0
141
50.0
290
     0
  0
SCALE
  5
53
102
{ACAD_REACTORS
330
47
102
}
330
47
100
AcDbScale
 70
     0
300
1:100
140
1.0
141
100.0
290
     0
  0
SCALE
  5
54
102
{ACAD_REACTORS
330
47
102
}
330
47
100
AcDbScale
 70
     0
300
2:1
140
2.0
141
1.0
290
     0
  0
SCALE
  5
55
102
{ACAD_REACTORS
330
47
102
}
330
47
100
AcDbScale
 70
     0
300
4:1
140
4.0
141
1.0
290
     0
  0
SCALE
  5
56
102
{ACAD_REACTORS
330
47
102
}
330
47
100
AcDbScale
 70
     0
300
8:1
140
8.0
141
1.0
290
     0
  0
SCALE
  5
57
102
{ACAD_REACTORS
330
47
102
}
330
47
100
AcDbScale
 70
     0
300
10:1
140
10.0
141
1.0
290
     0
  0
SCALE
  5
58
102
{ACAD_REACTORS
330
47
102
}
330
47
100
AcDbScale
 70
     0
300
100:1
140
100.0
141
1.0
290
     0
  0
SCALE
  5
59
102
{ACAD_REACTORS
330
47
102
}
330
47
100
AcDbScale
 70
     0
300
1/128" = 1'-0"
140
0.0078125
141
12.0
290
     0
  0
SCALE
  5
5A
102
{ACAD_REACTORS
330
47
102
}
330
47
100
AcDbScale
 70
     0
300
1/64" = 1'-0"
140
0.015625
141
12.0
290
     0
  0
SCALE
  5
5B
102
{ACAD_REACTORS
330
47
102
}
330
47
100
AcDbScale
 70
     0
300
1/32" = 1'-0"
140
0.03125
141
12.0
290
     0
  0
SCALE
  5
5C
102
{ACAD_REACTORS
330
47
102
}
330
47
100
AcDbScale
 70
     0
300
1/16" = 1'-0"
140
0.0625
141
12.0
290
     0
  0
SCALE
  5
5D
102
{ACAD_REACTORS
330
47
102
}
330
47
100
AcDbScale
 70
     0
300
3/32" = 1'-0"
140
0.09375
141
12.0
290
     0
  0
SCALE
  5
5E
102
{ACAD_REACTORS
330
47
102
}
330
47
100
AcDbScale
 70
     0
300
1/8" = 1'-0"
140
0.125
141
12.0
290
     0
  0
SCALE
  5
5F
102
{ACAD_REACTORS
330
47
102
}
330
47
100
AcDbScale
 70
     0
300
3/16" = 1'-0"
140
0.1875
141
12.0
290
     0
  0
SCALE
  5
60
102
{ACAD_REACTORS
330
47
102
}
330
47
100
AcDbScale
 70
     0
300
1/4" = 1'-0"
140
0.25
141
12.0
290
     0
  0
SCALE
  5
61
102
{ACAD_REACTORS
330
47
102
}
330
47
100
AcDbScale
 70
     0
300
3/8" = 1'-0"
140
0.375
141
12.0
290
     0
  0
SCALE
  5
62
102
{ACAD_REACTORS
330
47
102
}
330
47
100
AcDbScale
 70
     0
300
1/2" = 1'-0"
140
0.5
141
12.0
290
     0
  0
SCALE
  5
63
102
{ACAD_REACTORS
330
47
102
}
330
47
100
AcDbScale
 70
     0
300
3/4" = 1'-0"
140
0.75
141
12.0
290
     0
  0
SCALE
  5
64
102
{ACAD_REACTORS
330
47
102
}
330
47
100
AcDbScale
 70
     0
300
1" = 1'-0"
140
1.0
141
12.0
290
     0
  0
SCALE
  5
65
102
{ACAD_REACTORS
330
47
102
}
330
47
100
AcDbScale
 70
     0
300
1-1/2" = 1'-0"
140
1.5
141
12.0
290
     0
  0
SCALE
  5
66
102
{ACAD_REACTORS
330
47
102
}
330
47
100
AcDbScale
 70
     0
300
3" = 1'-0"
140
3.0
141
12.0
290
     0
  0
SCALE
  5
67
102
{ACAD_REACTORS
330
47
102
}
330
47
100
AcDbScale
 70
     0
300
6" = 1'-0"
140
6.0
141
12.0
290
     0
  0
SCALE
  5
68
102
{ACAD_REACTORS
330
47
102
}
330
47
100
AcDbScale
 70
     0
300
1'-0" = 1'-0"
140
12.0
141
12.0
290
     0
  0
TABLESTYLE
  5
6A
102
{ACAD_REACTORS
330
69
102
}
102
{ACAD_XDICTIONARY
360
E1
102
}
330
69
100
AcDbTableStyle
  3
Standard
 70
     0
 71
     0
 40
0.06
 41
0.06
280
     0
281
     0
  7
Standard
140
0.18
170
     2
 62
     0
 63
   257
283
     0
 90
        4
 91
        0
  1

274
    -2
284
     1
 64
     0
275
    -2
285
     1
 65
     0
276
    -2
286
     1
 66
     0
277
    -2
287
     1
 67
     0
278
    -2
288
     1
 68
     0
279
    -2
289
     1
 69
     0
  7
Standard
140
0.25
170
     5
 62
     0
 63
   257
283
     0
 90
        4
 91
        0
  1

274
    -2
284
     1
 64
     0
275
    -2
285
     1
 65
     0
276
    -2
286
     1
 66
     0
277
    -2
287
     1
 67
     0
278
    -2
288
     1
 68
     0
279
    -2
289
     1
 69
     0
  7
Standard
140
0.18
170
     5
 62
     0
 63
   257
283
     0
 90
        4
 91
        0
  1

274
    -2
284
     1
 64
     0
275
    -2
285
     1
 65
     0
276
    -2
286
     1
 66
     0
277
    -2
287
     1
 67
     0
278
    -2
288
     1
 68
     0
279
    -2
289
     1
 69
     0
  0
VISUALSTYLE
  5
2F
102
{ACAD_REACTORS
330
2A
102
}
102
{ACAD_XDICTIONARY
360
B9
102
}
330
2A
100
AcDbVisualStyle
  2
2dWireframe
 70
     4
 71
     0
 72
     2
 73
     0
 90
        0
 40
0.6
 41
30.0
 62
     5
 63
     7
421
 16777215
 74
     1
 91
        4
 64
     7
 65
   257
 75
     1
175
     1
 42
1.0
 92
        0
 66
   257
 43
1.0
 76
     1
 77
     6
 78
     2
 67
     7
 79
     5
170
     0
171
     0
290
     0
174
     0
 93
        1
 44
0.0
173
     0
291
     0
 45
0.0
  0
VISUALSTYLE
  5
32
102
{ACAD_REACTORS
330
2A
102
}
102
{ACAD_XDICTIONARY
360
BF
102
}
330
2A
100
AcDbVisualStyle
  2
Basic
 70
     7
 71
     1
 72
     0
 73
     1
 90
        0
 40
0.6
 41
30.0
 62
     5
 63
     7
421
 16777215
 74
     0
 91
        4
 64
     7
 65
   257
 75
     1
175
     1
 42
1.0
 92
        8
 66
     7
 43
1.0
 76
     1
 77
     6
 78
     2
 67
     7
 79
     5
170
     0
171
     0
290
     0
174
     0
 93
        1
 44
0.0
173
     0
291
     1
 45
0.0
  0
VISUALSTYLE
  5
36
102
{ACAD_REACTORS
330
2A
102
}
102
{ACAD_XDICTIONARY
360
C7
102
}
330
2A
100
AcDbVisualStyle
  2
Brighten
 70
    12
 71
     2
 72
     2
 73
     0
 90
        0
 40
0.6
 41
30.0
 62
     5
 63
     7
421
 16777215
 74
     1
 91
        4
 64
     7
 65
   257
 75
     1
175
     1
 42
1.0
 92
        8
 66
     7
 43
1.0
 76
     1
 77
     6
 78
     2
 67
     7
 79
     5
170
     0
171
     0
290
     0
174
     0
 93
        1
 44
50.0
173
     0
291
     1
 45
0.0
  0
VISUALSTYLE
  5
3A
102
{ACAD_REACTORS
330
2A
102
}
102
{ACAD_XDICTIONARY
360
CF
102
}
330
2A
100
AcDbVisualStyle
  2
ColorChange
 70
    16
 71
     2
 72
     2
 73
     3
 90
        0
 40
0.6
 41
30.0
 62
     5
 63
     8
421
  8421504
 74
     1
 91
        4
 64
     7
 65
   257
 75
     1
175
     1
 42
1.0
 92
        8
 66
     8
424
  8421504
 43
1.0
 76
     1
 77
     6
 78
     2
 67
     7
 79
     5
170
     0
171
     0
290
     0
174
     0
 93
        1
 44
0.0
173
     0
291
     1
 45
0.0
  0
VISUALSTYLE
  5
34
102
{ACAD_REACTORS
330
2A
102
}
102
{ACAD_XDICTIONARY
360
C3
102
}
330
2A
100
AcDbVisualStyle
  2
Conceptual
 70
     9
 71
     3
 72
     2
 73
     0
 90
        0
 40
0.6
 41
30.0
 62
     5
 63
     7
421
 16777215
 74
     2
 91
        2
 64
     7
 65
   257
 75
     1
175
     1
 42
179.0
 92
        8
 66
     7
 43
1.0
 76
     1
 77
     6
 78
     2
 67
     7
 79
     3
170
     0
171
     0
290
     0
174
     0
 93
        1
 44
0.0
173
     0
291
     0
 45
0.0
  0
VISUALSTYLE
  5
35
102
{ACAD_REACTORS
330
2A
102
}
102
{ACAD_XDICTIONARY
360
C5
102
}
330
2A
100
AcDbVisualStyle
  2
Dim
 70
    11
 71
     2
 72
     2
 73
     0
 90
        0
 40
0.6
 41
30.0
 62
     5
 63
     7
421
 16777215
 74
     1
 91
        4
 64
     7
 65
   257
 75
     1
175
     1
 42
1.0
 92
        8
 66
     7
 43
1.0
 76
     1
 77
     6
 78
     2
 67
     7
 79
     5
170
     0
171
     0
290
     0
174
     0
 93
        1
 44
-50.0
173
     0
291
     1
 45
0.0
  0
VISUALSTYLE
  5
3D
102
{ACAD_REACTORS
330
2A
102
}
102
{ACAD_XDICTIONARY
360
D5
102
}
330
2A
100
AcDbVisualStyle
  2
EdgeColorOff
 70
    22
 71
     2
 72
     2
 73
     0
 90
        0
 40
0.6
 41
30.0
 62
     5
 63
     7
421
 16777215
 74
     1
 91
        4
 64
     7
 65
   257
 75
     1
175
     1
 42
1.0
 92
        8
 66
     7
 43
1.0
 76
     1
 77
     6
 78
     2
 67
     7
 79
     5
170
     0
171
     0
290
     0
174
     0
 93
        1
 44
0.0
173
     0
291
     1
 45
0.0
  0
VISUALSTYLE
  5
39
102
{ACAD_REACTORS
330
2A
102
}
102
{ACAD_XDICTIONARY
360
CD
102
}
330
2A
100
AcDbVisualStyle
  2
Facepattern
 70
    15
 71
     2
 72
     2
 73
     0
 90
        0
 40
0.6
 41
30.0
 62
     5
 63
     7
421
 16777215
 74
     1
 91
        4
 64
     7
 65
   257
 75
     1
175
     1
 42
1.0
 92
        8
 66
     7
 43
1.0
 76
     1
 77
     6
 78
     2
 67
     7
 79
     5
170
     0
171
     0
290
     0
174
     0
 93
        1
 44
0.0
173
     0
291
     1
 45
0.0
  0
VISUALSTYLE
  5
2B
102
{ACAD_REACTORS
330
2A
102
}
102
{ACAD_XDICTIONARY
360
B1
102
}
330
2A
100
AcDbVisualStyle
  2
Flat
 70
     0
 71
     2
 72
     1
 73
     1
 90
        2
 40
0.6
 41
30.0
 62
     5
 63
     7
421
 16777215
 74
     0
 91
        0
 64
     7
 65
   257
 75
     1
175
     1
 42
1.0
 92
        8
 66
     7
 43
1.0
 76
     1
 77
     6
 78
     2
 67
     7
 79
     5
170
     0
171
     0
290
     0
174
     0
 93
       13
 44
0.0
173
     0
291
     1
 45
0.0
  0
VISUALSTYLE
  5
2C
102
{ACAD_REACTORS
330
2A
102
}
102
{ACAD_XDICTIONARY
360
B3
102
}
330
2A
100
AcDbVisualStyle
  2
FlatWithEdges
 70
     1
 71
     2
 72
     1
 73
     1
 90
        2
 40
0.6
 41
30.0
 62
     5
 63
     7
421
 16777215
 74
     1
 91
        0
 64
     7
 65
   257
 75
     1
175
     1
 42
1.0
 92
        0
 66
   257
 43
1.0
 76
     1
 77
     6
 78
     2
 67
     7
 79
     5
170
     0
171
     0
290
     0
174
     0
 93
       13
 44
0.0
173
     0
291
     1
 45
0.0
  0
VISUALSTYLE
  5
2D
102
{ACAD_REACTORS
330
2A
102
}
102
{ACAD_XDICTIONARY
360
B5
102
}
330
2A
100
AcDbVisualStyle
  2
Gouraud
 70
     2
 71
     2
 72
     2
 73
     1
 90
        2
 40
0.6
 41
30.0
 62
     5
 63
     7
421
 16777215
 74
     0
 91
        0
 64
     7
 65
   257
 75
     1
175
     1
 42
1.0
 92
        0
 66
     7
 43
1.0
 76
     1
 77
     6
 78
     2
 67
     7
 79
     5
170
     0
171
     0
290
     0
174
     0
 93
       13
 44
0.0
173
     0
291
     1
 45
0.0
  0
VISUALSTYLE
  5
2E
102
{ACAD_REACTORS
330
2A
102
}
102
{ACAD_XDICTIONARY
360
B7
102
}
330
2A
100
AcDbVisualStyle
  2
GouraudWithEdges
 70
     3
 71
     2
 72
     2
 73
     1
 90
        2
 40
0.6
 41
30.0
 62
     5
 63
     7
421
 16777215
 74
     1
 91
        0
 64
     7
 65
   257
 75
     1
175
     1
 42
1.0
 92
        0
 66
   257
 43
1.0
 76
     1
 77
     6
 78
     2
 67
     7
 79
     5
170
     0
171
     0
290
     0
174
     0
 93
       13
 44
0.0
173
     0
291
     1
 45
0.0
  0
VISUALSTYLE
  5
31
102
{ACAD_REACTORS
330
2A
102
}
102
{ACAD_XDICTIONARY
360
BD
102
}
330
2A
100
AcDbVisualStyle
  2
Hidden
 70
     6
 71
     1
 72
     2
 73
     2
 90
        0
 40
0.6
 41
30.0
 62
     5
 63
     7
421
 16777215
 74
     2
 91
        2
 64
     7
 65
   257
 75
     2
175
     1
 42
40.0
 92
        0
 66
   257
 43
1.0
 76
     1
 77
     6
 78
     2
 67
     7
 79
     3
170
     0
171
     0
290
     0
174
     0
 93
        1
 44
0.0
173
     0
291
     0
 45
0.0
  0
VISUALSTYLE
  5
3B
102
{ACAD_REACTORS
330
2A
102
}
102
{ACAD_XDICTIONARY
360
D1
102
}
330
2A
100
AcDbVisualStyle
  2
JitterOff
 70
    20
 71
     2
 72
     2
 73
     0
 90
        0
 40
0.6
 41
30.0
 62
     5
 63
     7
421
 16777215
 74
     1
 91
        4
 64
     7
 65
   257
 75
     1
175
     1
 42
1.0
 92
       10
 66
     7
 43
1.0
 76
     1
 77
     6
 78
     2
 67
     7
 79
     5
170
     0
171
     0
290
     0
174
     0
 93
        1
 44
0.0
173
     0
291
     1
 45
0.0
  0
VISUALSTYLE
  5
38
102
{ACAD_REACTORS
330
2A
102
}
102
{ACAD_XDICTIONARY
360
CB
102
}
330
2A
100
AcDbVisualStyle
  2
Linepattern
 70
    14
 71
     2
 72
     2
 73
     0
 90
        0
 40
0.6
 41
30.0
 62
     5
 63
     7
421
 16777215
 74
     1
 91
        4
 64
     7
 65
   257
 75
     7
175
     7
 42
1.0
 92
        8
 66
     7
 43
1.0
 76
     1
 77
     6
 78
     2
 67
     7
 79
     5
170
     0
171
     0
290
     0
174
     0
 93
        1
 44
0.0
173
     0
291
     1
 45
0.0
  0
VISUALSTYLE
  5
3C
102
{ACAD_REACTORS
330
2A
102
}
102
{ACAD_XDICTIONARY
360
D3
102
}
330
2A
100
AcDbVisualStyle
  2
OverhangOff
 70
    21
 71
     2
 72
     2
 73
     0
 90
        0
 40
0.6
 41
30.0
 62
     5
 63
     7
421
 16777215
 74
     1
 91
        4
 64
     7
 65
   257
 75
     1
175
     1
 42
1.0
 92
        9
 66
     7
 43
1.0
 76
     1
 77
     6
 78
     2
 67
     7
 79
     5
170
     0
171
     0
290
     0
174
     0
 93
        1
 44
0.0
173
     0
291
     1
 45
0.0
  0
VISUALSTYLE
  5
33
102
{ACAD_REACTORS
330
2A
102
}
102
{ACAD_XDICTIONARY
360
C1
102
}
330
2A
100
AcDbVisualStyle
  2
Realistic
 70
     8
 71
     2
 72
     3
 73
     0
 90
        2
 40
0.6
 41
30.0
 62
     5
 63
     7
421
 16777215
 74
     0
 91
        0
 64
     7
 65
   257
 75
     1
175
     1
 42
1.0
 92
        8
 66
   257
 43
1.0
 76
     1
 77
     6
 78
     2
 67
     7
 79
     3
170
     0
171
     0
290
     0
174
     0
 93
       13
 44
0.0
173
     0
291
     0
 45
0.0
  0
VISUALSTYLE
  5
42
102
{ACAD_REACTORS
330
2A
102
}
102
{ACAD_XDICTIONARY
360
DF
102
}
330
2A
100
AcDbVisualStyle
  2
Shaded
 70
    27
 71
     2
 72
     2
 73
     1
 90
        2
 40
0.6
 41
30.0
 62
     5
 63
     7
421
 16777215
 74
     0
 91
        4
 64
     7
 65
   257
 75
     1
175
     1
 42
1.0
 92
        8
 66
   257
 43
1.0
 76
     1
 77
     6
 78
     2
 67
     8
425
  7895160
 79
     3
170
     0
171
     0
290
     0
174
     0
 93
        5
 44
0.0
173
     0
291
     0
 45
0.0
  0
VISUALSTYLE
  5
41
102
{ACAD_REACTORS
330
2A
102
}
102
{ACAD_XDICTIONARY
360
DD
102
}
330
2A
100
AcDbVisualStyle
  2
Shaded with edges
 70
    26
 71
     2
 72
     2
 73
     1
 90
        2
 40
0.6
 41
30.0
 62
     5
 63
     7
421
 16777215
 74
     1
 91
       10
 64
     7
 65
   257
 75
     2
175
     1
 42
1.0
 92
        8
 66
   257
 43
1.0
 76
     1
 77
     6
 78
     2
 67
     7
 79
     3
170
     0
171
     0
290
     0
174
     0
 93
        5
 44
0.0
173
     0
291
     0
 45
0.0
  0
VISUALSTYLE
  5
3E
102
{ACAD_REACTORS
330
2A
102
}
102
{ACAD_XDICTIONARY
360
D7
102
}
330
2A
100
AcDbVisualStyle
  2
Shades of Gray
 70
    23
 71
     2
 72
     2
 73
     3
 90
        0
 40
0.6
 41
30.0
 62
     5
 63
     7
421
 16777215
 74
     2
 91
        2
 64
     7
 65
     7
 75
     1
175
     1
 42
40.0
 92
        8
 66
     7
 43
1.0
 76
     1
 77
     6
 78
     2
 67
     7
 79
     3
170
     0
171
     0
290
     0
174
     0
 93
        1
 44
0.0
173
     0
291
     0
 45
0.0
  0
VISUALSTYLE
  5
3F
102
{ACAD_REACTORS
330
2A
102
}
102
{ACAD_XDICTIONARY
360
D9
102
}
330
2A
100
AcDbVisualStyle
  2
Sketchy
 70
    24
 71
     1
 72
     2
 73
     2
 90
        0
 40
0.6
 41
30.0
 62
     5
 63
     7
421
 16777215
 74
     2
 91
        2
 64
     7
 65
     7
 75
     1
175
     1
 42
40.0
 92
       11
 66
     7
 43
1.0
 76
     1
 77
     6
 78
     2
 67
     7
 79
     6
170
     0
171
     0
290
     0
174
     0
 93
        1
 44
0.0
173
     0
291
     0
 45
0.0
  0
VISUALSTYLE
  5
37
102
{ACAD_REACTORS
330
2A
102
}
102
{ACAD_XDICTIONARY
360
C9
102
}
330
2A
100
AcDbVisualStyle
  2
Thicken
 70
    13
 71
     2
 72
     2
 73
     0
 90
        0
 40
0.6
 41
30.0
 62
     5
 63
     7
421
 16777215
 74
     1
 91
        4
 64
     7
 65
   257
 75
     1
175
     1
 42
1.0
 92
       12
 66
     7
 43
1.0
 76
     1
 77
     6
 78
     2
 67
     7
 79
     5
170
     0
171
     0
290
     0
174
     0
 93
        1
 44
0.0
173
     0
291
     1
 45
0.0
  0
VISUALSTYLE
  5
30
102
{ACAD_REACTORS
330
2A
102
}
102
{ACAD_XDICTIONARY
360
BB
102
}
330
2A
100
AcDbVisualStyle
  2
Wireframe
 70
     5
 71
     0
 72
     2
 73
     0
 90
        0
 40
0.6
 41
30.0
 62
     5
 63
     7
421
 16777215
 74
     1
 91
        4
 64
     7
 65
   257
 75
     1
175
     1
 42
1.0
 92
        0
 66
   257
 43
1.0
 76
     1
 77
     6
 78
     2
 67
     7
 79
     3
170
     0
171
     0
290
     0
174
     0
 93
        1
 44
0.0
173
     0
291
     0
 45
0.0
  0
VISUALSTYLE
  5
40
102
{ACAD_REACTORS
330
2A
102
}
102
{ACAD_XDICTIONARY
360
DB
102
}
330
2A
100
AcDbVisualStyle
  2
X-Ray
 70
    25
 71
     2
 72
     2
 73
     1
 90
        1
 40
0.5
 41
30.0
 62
     5
 63
     7
421
 16777215
 74
     1
 91
        0
 64
     7
 65
   257
 75
     1
175
     1
 42
1.0
 92
        8
 66
     7
 43
1.0
 76
     1
 77
     6
 78
     2
 67
     7
 79
     3
170
     0
171
     0
290
     0
174
     0
 93
       13
 44
0.0
173
     0
291
     0
 45
0.0
  0
DICTIONARYVAR
  5
AF
102
{ACAD_REACTORS
330
AE
102
}
330
AE
100
DictionaryVariables
280
     0
  1
1:1
  0
DICTIONARYVAR
  5
E8
102
{ACAD_REACTORS
330
AE
102
}
330
AE
100
DictionaryVariables
280
     0
  1
Standard
  0
DICTIONARYVAR
  5
E7
102
{ACAD_REACTORS
330
AE
102
}
330
AE
100
DictionaryVariables
280
     0
  1
Standard
  0
DICTIONARYVAR
  5
B0
102
{ACAD_REACTORS
330
AE
102
}
330
AE
100
DictionaryVariables
280
     0
  1
2
  0
DICTIONARY
  5
E4
330
6C
100
AcDbDictionary
280
     1
281
     1
  3
ACAD_XREC_ROUNDTRIP
360
E5
  0
DICTIONARY
  5
E1
330
6A
100
AcDbDictionary
280
     1
281
     1
  3
ACAD_ROUNDTRIP_2008_TABLESTYLE_CELLSTYLEMAP
360
E2
  0
DICTIONARY
  5
B9
330
2F
100
AcDbDictionary
280
     1
281
     1
  3
ACAD_XREC_ROUNDTRIP
360
BA
  0
DICTIONARY
  5
BF
330
32
100
AcDbDictionary
280
     1
281
     1
  3
ACAD_XREC_ROUNDTRIP
360
C0
  0
DICTIONARY
  5
C7
330
36
100
AcDbDictionary
280
     1
281
     1
  3
ACAD_XREC_ROUNDTRIP
360
C8
  0
DICTIONARY
  5
CF
330
3A
100
AcDbDictionary
280
     1
281
     1
  3
ACAD_XREC_ROUNDTRIP
360
D0
  0
DICTIONARY
  5
C3
330
34
100
AcDbDictionary
280
     1
281
     1
  3
ACAD_XREC_ROUNDTRIP
360
C4
  0
DICTIONARY
  5
C5
330
35
100
AcDbDictionary
280
     1
281
     1
  3
ACAD_XREC_ROUNDTRIP
360
C6
  0
DICTIONARY
  5
D5
330
3D
100
AcDbDictionary
280
     1
281
     1
  3
ACAD_XREC_ROUNDTRIP
360
D6
  0
DICTIONARY
  5
CD
330
39
100
AcDbDictionary
280
     1
281
     1
  3
ACAD_XREC_ROUNDTRIP
360
CE
  0
DICTIONARY
  5
B1
330
2B
100
AcDbDictionary
280
     1
281
     1
  3
ACAD_XREC_ROUNDTRIP
360
B2
  0
DICTIONARY
  5
B3
330
2C
100
AcDbDictionary
280
     1
281
     1
  3
ACAD_XREC_ROUNDTRIP
360
B4
  0
DICTIONARY
  5
B5
330
2D
100
AcDbDictionary
280
     1
281
     1
  3
ACAD_XREC_ROUNDTRIP
360
B6
  0
DICTIONARY
  5
B7
330
2E
100
AcDbDictionary
280
     1
281
     1
  3
ACAD_XREC_ROUNDTRIP
360
B8
  0
DICTIONARY
  5
BD
330
31
100
AcDbDictionary
280
     1
281
     1
  3
ACAD_XREC_ROUNDTRIP
360
BE
  0
DICTIONARY
  5
D1
330
3B
100
AcDbDictionary
280
     1
281
     1
  3
ACAD_XREC_ROUNDTRIP
360
D2
  0
DICTIONARY
  5
CB
330
38
100
AcDbDictionary
280
     1
281
     1
  3
ACAD_XREC_ROUNDTRIP
360
CC
  0
DICTIONARY
  5
D3
330
3C
100
AcDbDictionary
280
     1
281
     1
  3
ACAD_XREC_ROUNDTRIP
360
D4
  0
DICTIONARY
  5
C1
330
33
100
AcDbDictionary
280
     1
281
     1
  3
ACAD_XREC_ROUNDTRIP
360
C2
  0
DICTIONARY
  5
DF
330
42
100
AcDbDictionary
280
     1
281
     1
  3
ACAD_XREC_ROUNDTRIP
360
E0
  0
DICTIONARY
  5
DD
330
41
100
AcDbDictionary
280
     1
281
     1
  3
ACAD_XREC_ROUNDTRIP
360
DE
  0
DICTIONARY
  5
D7
330
3E
100
AcDbDictionary
280
     1
281
     1
  3
ACAD_XREC_ROUNDTRIP
360
D8
  0
DICTIONARY
  5
D9
330
3F
100
AcDbDictionary
280
     1
281
     1
  3
ACAD_XREC_ROUNDTRIP
360
DA
  0
DICTIONARY
  5
C9
330
37
100
AcDbDictionary
280
     1
281
     1
  3
ACAD_XREC_ROUNDTRIP
360
CA
  0
DICTIONARY
  5
BB
330
30
100
AcDbDictionary
280
     1
281
     1
  3
ACAD_XREC_ROUNDTRIP
360
BC
  0
DICTIONARY
  5
DB
330
40
100
AcDbDictionary
280
     1
281
     1
  3
ACAD_XREC_ROUNDTRIP
360
DC
  0
XRECORD
  5
E5
102
{ACAD_REACTORS
330
E4
102
}
330
E4
100
AcDbXrecord
280
     1
102
ACAD_ROUNDTRIP_2010_MLEADER_STYLE
  0
CELLSTYLEMAP
  5
E2
102
{ACAD_REACTORS
330
E1
102
}
330
E1
100
AcDbCellStyleMap
 90
        3
300
CELLSTYLE
  1
TABLEFORMAT_BEGIN
 90
        5
170
     1
 91
        0
 92
    32768
 62
   257
 93
        1
300
CONTENTFORMAT
  1
CONTENTFORMAT_BEGIN
 90
        0
 91
        0
 92
        4
 93
        0
300

 40
0.0
140
1.0
 94
        5
 62
     0
340
11
144
0.25
309
CONTENTFORMAT_END
171
     1
301
MARGIN
  1
CELLMARGIN_BEGIN
 40
0.06
 40
0.06
 40
0.06
 40
0.06
 40
0.06
 40
0.06
309
CELLMARGIN_END
 94
        6
 95
        1
302
GRIDFORMAT
  1
GRIDFORMAT_BEGIN
 90
        0
 91
        1
 62
     0
 92
       -2
340
14
 93
        0
 40
0.045
309
GRIDFORMAT_END
 95
        2
302
GRIDFORMAT
  1
GRIDFORMAT_BEGIN
 90
        0
 91
        1
 62
     0
 92
       -2
340
14
 93
        0
 40
0.045
309
GRIDFORMAT_END
 95
        4
302
GRIDFORMAT
  1
GRIDFORMAT_BEGIN
 90
        0
 91
        1
 62
     0
 92
       -2
340
14
 93
        0
 40
0.045
309
GRIDFORMAT_END
 95
        8
302
GRIDFORMAT
  1
GRIDFORMAT_BEGIN
 90
        0
 91
        1
 62
     0
 92
       -2
340
14
 93
        0
 40
0.045
309
GRIDFORMAT_END
 95
       16
302
GRIDFORMAT
  1
GRIDFORMAT_BEGIN
 90
        0
 91
        1
 62
     0
 92
       -2
340
14
 93
        0
 40
0.045
309
GRIDFORMAT_END
 95
       32
302
GRIDFORMAT
  1
GRIDFORMAT_BEGIN
 90
        0
 91
        1
 62
     0
 92
       -2
340
14
 93
        0
 40
0.045
309
GRIDFORMAT_END
309
TABLEFORMAT_END
  1
CELLSTYLE_BEGIN
 90
        1
 91
        1
300
_TITLE
309
CELLSTYLE_END
300
CELLSTYLE
  1
TABLEFORMAT_BEGIN
 90
        5
170
     1
 91
        0
 92
        0
 62
   257
 93
        1
300
CONTENTFORMAT
  1
CONTENTFORMAT_BEGIN
 90
        0
 91
        0
 92
        4
 93
        0
300

 40
0.0
140
1.0
 94
        5
 62
     0
340
11
144
0.18
309
CONTENTFORMAT_END
171
     1
301
MARGIN
  1
CELLMARGIN_BEGIN
 40
0.06
 40
0.06
 40
0.06
 40
0.06
 40
0.06
 40
0.06
309
CELLMARGIN_END
 94
        6
 95
        1
302
GRIDFORMAT
  1
GRIDFORMAT_BEGIN
 90
        0
 91
        1
 62
     0
 92
       -2
340
14
 93
        0
 40
0.045
309
GRIDFORMAT_END
 95
        2
302
GRIDFORMAT
  1
GRIDFORMAT_BEGIN
 90
        0
 91
        1
 62
     0
 92
       -2
340
14
 93
        0
 40
0.045
309
GRIDFORMAT_END
 95
        4
302
GRIDFORMAT
  1
GRIDFORMAT_BEGIN
 90
        0
 91
        1
 62
     0
 92
       -2
340
14
 93
        0
 40
0.045
309
GRIDFORMAT_END
 95
        8
302
GRIDFORMAT
  1
GRIDFORMAT_BEGIN
 90
        0
 91
        1
 62
     0
 92
       -2
340
14
 93
        0
 40
0.045
309
GRIDFORMAT_END
 95
       16
302
GRIDFORMAT
  1
GRIDFORMAT_BEGIN
 90
        0
 91
        1
 62
     0
 92
       -2
340
14
 93
        0
 40
0.045
309
GRIDFORMAT_END
 95
       32
302
GRIDFORMAT
  1
GRIDFORMAT_BEGIN
 90
        0
 91
        1
 62
     0
 92
       -2
340
14
 93
        0
 40
0.045
309
GRIDFORMAT_END
309
TABLEFORMAT_END
  1
CELLSTYLE_BEGIN
 90
        2
 91
        1
300
_HEADER
309
CELLSTYLE_END
300
CELLSTYLE
  1
TABLEFORMAT_BEGIN
 90
        5
170
     1
 91
        0
 92
        0
 62
   257
 93
        1
300
CONTENTFORMAT
  1
CONTENTFORMAT_BEGIN
 90
        0
 91
        0
 92
        4
 93
        0
300

 40
0.0
140
1.0
 94
        2
 62
     0
340
11
144
0.18
309
CONTENTFORMAT_END
171
     1
301
MARGIN
  1
CELLMARGIN_BEGIN
 40
0.06
 40
0.06
 40
0.06
 40
0.06
 40
0.06
 40
0.06
309
CELLMARGIN_END
 94
        6
 95
        1
302
GRIDFORMAT
  1
GRIDFORMAT_BEGIN
 90
        0
 91
        1
 62
     0
 92
       -2
340
14
 93
        0
 40
0.045
309
GRIDFORMAT_END
 95
        2
302
GRIDFORMAT
  1
GRIDFORMAT_BEGIN
 90
        0
 91
        1
 62
     0
 92
       -2
340
14
 93
        0
 40
0.045
309
GRIDFORMAT_END
 95
        4
302
GRIDFORMAT
  1
GRIDFORMAT_BEGIN
 90
        0
 91
        1
 62
     0
 92
       -2
340
14
 93
        0
 40
0.045
309
GRIDFORMAT_END
 95
        8
302
GRIDFORMAT
  1
GRIDFORMAT_BEGIN
 90
        0
 91
        1
 62
     0
 92
       -2
340
14
 93
        0
 40
0.045
309
GRIDFORMAT_END
 95
       16
302
GRIDFORMAT
  1
GRIDFORMAT_BEGIN
 90
        0
 91
        1
 62
     0
 92
       -2
340
14
 93
        0
 40
0.045
309
GRIDFORMAT_END
 95
       32
302
GRIDFORMAT
  1
GRIDFORMAT_BEGIN
 90
        0
 91
        1
 62
     0
 92
       -2
340
14
 93
        0
 40
0.045
309
GRIDFORMAT_END
309
TABLEFORMAT_END
  1
CELLSTYLE_BEGIN
 90
        3
 91
        2
300
_DATA
309
CELLSTYLE_END
  0
XRECORD
  5
BA
102
{ACAD_REACTORS
330
B9
102
}
330
B9
100
AcDbXrecord
280
     1
102
RTVSPropertyOp0
 70
     1
102
RTVSPropertyOp1
 70
     1
102
RTVSPropertyOp2
 70
     1
102
RTVSPropertyOp3
 70
     1
102
RTVSPropertyOp4
 70
     1
102
RTVSPropertyOp5
 70
     1
102
RTVSPropertyOp6
 70
     1
102
RTVSPropertyOp7
 70
     1
102
RTVSPropertyOp8
 70
     1
102
RTVSPropertyOp9
 70
     1
102
RTVSPropertyOp10
 70
     1
102
RTVSPropertyOp11
 70
     1
102
RTVSPropertyOp12
 70
     1
102
RTVSPropertyOp13
 70
     1
102
RTVSPropertyOp14
 70
     1
102
RTVSPropertyOp15
 70
     1
102
RTVSPropertyOp16
 70
     1
102
RTVSPropertyOp17
 70
     1
102
RTVSPropertyOp18
 70
     1
102
RTVSPropertyOp19
 70
     1
102
RTVSPropertyOp20
 70
     1
102
RTVSPropertyOp21
 70
     1
102
RTVSPropertyOp22
 70
     1
102
RTVSPropertyOp23
 70
     1
102
RTVSPropertyOp24
 70
     1
102
RTVSPropertyOp25
 70
     1
102
RTVSPropertyOp26
 70
     1
102
RTVSPropertyOp27
 70
     1
102
RTVSPropertyOp28
 70
     1
102
RTVSPropertyOp29
 70
     1
102
RTVSPropertyOp30
 70
     1
102
RTVSPropertyOp31
 70
     1
102
RTVSPropertyOp32
 70
     1
102
RTVSPropertyOp33
 70
     1
102
RTVSPropertyOp34
 70
     1
102
RTVSPropertyOp35
 70
     1
102
RTVSPropertyOp36
 70
     1
102
RTVSPropertyOp37
 70
     1
102
RTVSPropertyOp38
 70
     1
102
RTVSPropertyOp39
 70
     1
102
RTVSPropertyOp40
 70
     1
102
RTVSPropertyOp41
 70
     1
102
RTVSPropertyOp42
 70
     1
102
RTVSPropertyOp43
 70
     1
102
RTVSPropertyOp44
 70
     1
102
RTVSPropertyOp45
 70
     1
102
RTVSPropertyOp46
 70
     1
102
RTVSPropertyOp47
 70
     1
102
RTVSPropertyOp48
 70
     1
102
RTVSPropertyOp49
 70
     1
102
RTVSPropertyOp50
 70
     1
102
RTVSPropertyOp51
 70
     0
102
RTVSPropertyOp52
 70
     0
102
RTVSPropertyOp53
 70
     1
102
RTVSPropertyOp54
 70
     1
102
RTVSPropertyOp55
 70
     1
102
RTVSPropertyOp56
 70
     1
102
RTVSPropertyOp57
 70
     1
102
RTVSPost2010Prop28
280
     1
102
RTVSPost2010PropOp28
 70
     1
102
RTVSPost2010Prop29
280
     1
102
RTVSPost2010PropOp29
 70
     1
102
RTVSPost2010Prop30
280
     0
102
RTVSPost2010PropOp30
 70
     1
102
RTVSPost2010Prop31
280
     0
102
RTVSPost2010PropOp31
 70
     1
102
RTVSPost2010Prop32
280
     0
102
RTVSPost2010PropOp32
 70
     1
102
RTVSPost2010Prop33
280
     0
102
RTVSPost2010PropOp33
 70
     1
102
RTVSPost2010Prop34
280
     0
102
RTVSPost2010PropOp34
 70
     1
102
RTVSPost2010Prop35
280
     0
102
RTVSPost2010PropOp35
 70
     1
102
RTVSPost2010Prop36
280
     0
102
RTVSPost2010PropOp36
 70
     1
102
RTVSPost2010Prop37
 90
       50
102
RTVSPost2010PropOp37
 70
     1
102
RTVSPost2010Prop38
140
0.0
102
RTVSPost2010PropOp38
 70
     1
102
RTVSPost2010Prop39
140
1.0
102
RTVSPost2010PropOp39
 70
     1
102
RTVSPost2010Prop40
 90
        0
102
RTVSPost2010PropOp40
 70
     1
102
RTVSPost2010Prop41ColorIndex
 90
       18
102
RTVSPost2010Prop41ColorRGB
 90
        0
102
RTVSPost2010PropOp41
 70
     1
102
RTVSPost2010Prop42
 90
       50
102
RTVSPost2010PropOp42
 70
     1
102
RTVSPost2010Prop43
 90
        3
102
RTVSPost2010PropOp43
 70
     1
102
RTVSPost2010Prop44ColorIndex
 90
        5
102
RTVSPost2010Prop44ColorRGB
 90
      255
102
RTVSPost2010PropOp44
 70
     1
102
RTVSPost2010Prop45
280
     0
102
RTVSPost2010PropOp45
 70
     1
102
RTVSPost2010Prop46
 90
       50
102
RTVSPost2010PropOp46
 70
     1
102
RTVSPost2010Prop47
 90
       50
102
RTVSPost2010PropOp47
 70
     1
102
RTVSPost2010Prop48
 90
       50
102
RTVSPost2010PropOp48
 70
     1
102
RTVSPost2010Prop49
280
     0
102
RTVSPost2010PropOp49
 70
     1
102
RTVSPost2010Prop50
 90
       50
102
RTVSPost2010PropOp50
 70
     1
102
RTVSPost2010Prop51ColorIndex
 90
      256
102
RTVSPost2010Prop51ColorRGB
 90
-16777216
102
RTVSPost2010PropOp51
 70
     0
102
RTVSPost2010Prop52
140
1.0
102
RTVSPost2010PropOp52
 70
     0
102
RTVSPost2010Prop53
 90
        2
102
RTVSPost2010PropOp53
 70
     1
102
RTVSPost2010Prop54
  1
strokes_ogs.tif
102
RTVSPost2010PropOp54
 70
     1
102
RTVSPost2010Prop55
280
     0
102
RTVSPost2010PropOp55
 70
     1
102
RTVSPost2010Prop56
140
1.0
102
RTVSPost2010PropOp56
 70
     1
102
RTVSPost2010Prop57
140
1.0
102
RTVSPost2010PropOp57
 70
     1
  0
XRECORD
  5
C0
102
{ACAD_REACTORS
330
BF
102
}
330
BF
100
AcDbXrecord
280
     1
102
RTVSPropertyOp0
 70
     1
102
RTVSPropertyOp1
 70
     1
102
RTVSPropertyOp2
 70
     1
102
RTVSPropertyOp3
 70
     1
102
RTVSPropertyOp4
 70
     1
102
RTVSPropertyOp5
 70
     1
102
RTVSPropertyOp6
 70
     1
102
RTVSPropertyOp7
 70
     1
102
RTVSPropertyOp8
 70
     1
102
RTVSPropertyOp9
 70
     1
102
RTVSPropertyOp10
 70
     1
102
RTVSPropertyOp11
 70
     1
102
RTVSPropertyOp12
 70
     1
102
RTVSPropertyOp13
 70
     1
102
RTVSPropertyOp14
 70
     1
102
RTVSPropertyOp15
 70
     1
102
RTVSPropertyOp16
 70
     1
102
RTVSPropertyOp17
 70
     1
102
RTVSPropertyOp18
 70
     1
102
RTVSPropertyOp19
 70
     1
102
RTVSPropertyOp20
 70
     1
102
RTVSPropertyOp21
 70
     1
102
RTVSPropertyOp22
 70
     1
102
RTVSPropertyOp23
 70
     1
102
RTVSPropertyOp24
 70
     1
102
RTVSPropertyOp25
 70
     1
102
RTVSPropertyOp26
 70
     1
102
RTVSPropertyOp27
 70
     1
102
RTVSPropertyOp28
 70
     1
102
RTVSPropertyOp29
 70
     1
102
RTVSPropertyOp30
 70
     1
102
RTVSPropertyOp31
 70
     1
102
RTVSPropertyOp32
 70
     1
102
RTVSPropertyOp33
 70
     1
102
RTVSPropertyOp34
 70
     1
102
RTVSPropertyOp35
 70
     1
102
RTVSPropertyOp36
 70
     1
102
RTVSPropertyOp37
 70
     1
102
RTVSPropertyOp38
 70
     1
102
RTVSPropertyOp39
 70
     1
102
RTVSPropertyOp40
 70
     1
102
RTVSPropertyOp41
 70
     1
102
RTVSPropertyOp42
 70
     1
102
RTVSPropertyOp43
 70
     1
102
RTVSPropertyOp44
 70
     1
102
RTVSPropertyOp45
 70
     1
102
RTVSPropertyOp46
 70
     1
102
RTVSPropertyOp47
 70
     1
102
RTVSPropertyOp48
 70
     1
102
RTVSPropertyOp49
 70
     1
102
RTVSPropertyOp50
 70
     1
102
RTVSPropertyOp51
 70
     0
102
RTVSPropertyOp52
 70
     0
102
RTVSPropertyOp53
 70
     1
102
RTVSPropertyOp54
 70
     1
102
RTVSPropertyOp55
 70
     1
102
RTVSPropertyOp56
 70
     1
102
RTVSPropertyOp57
 70
     1
102
RTVSPost2010Prop28
280
     0
102
RTVSPost2010PropOp28
 70
     1
102
RTVSPost2010Prop29
280
     1
102
RTVSPost2010PropOp29
 70
     1
102
RTVSPost2010Prop30
280
     1
102
RTVSPost2010PropOp30
 70
     1
102
RTVSPost2010Prop31
280
     0
102
RTVSPost2010PropOp31
 70
     1
102
RTVSPost2010Prop32
280
     0
102
RTVSPost2010PropOp32
 70
     1
102
RTVSPost2010Prop33
280
     0
102
RTVSPost2010PropOp33
 70
     1
102
RTVSPost2010Prop34
280
     0
102
RTVSPost2010PropOp34
 70
     1
102
RTVSPost2010Prop35
280
     0
102
RTVSPost2010PropOp35
 70
     1
102
RTVSPost2010Prop36
280
     0
102
RTVSPost2010PropOp36
 70
     1
102
RTVSPost2010Prop37
 90
       50
102
RTVSPost2010PropOp37
 70
     1
102
RTVSPost2010Prop38
140
0.0
102
RTVSPost2010PropOp38
 70
     1
102
RTVSPost2010Prop39
140
1.0
102
RTVSPost2010PropOp39
 70
     1
102
RTVSPost2010Prop40
 90
        0
102
RTVSPost2010PropOp40
 70
     1
102
RTVSPost2010Prop41ColorIndex
 90
       18
102
RTVSPost2010Prop41ColorRGB
 90
        0
102
RTVSPost2010PropOp41
 70
     1
102
RTVSPost2010Prop42
 90
       50
102
RTVSPost2010PropOp42
 70
     1
102
RTVSPost2010Prop43
 90
        3
102
RTVSPost2010PropOp43
 70
     1
102
RTVSPost2010Prop44ColorIndex
 90
        5
102
RTVSPost2010Prop44ColorRGB
 90
      255
102
RTVSPost2010PropOp44
 70
     1
102
RTVSPost2010Prop45
280
     0
102
RTVSPost2010PropOp45
 70
     1
102
RTVSPost2010Prop46
 90
       50
102
RTVSPost2010PropOp46
 70
     1
102
RTVSPost2010Prop47
 90
       50
102
RTVSPost2010PropOp47
 70
     1
102
RTVSPost2010Prop48
 90
       50
102
RTVSPost2010PropOp48
 70
     1
102
RTVSPost2010Prop49
280
     0
102
RTVSPost2010PropOp49
 70
     1
102
RTVSPost2010Prop50
 90
       50
102
RTVSPost2010PropOp50
 70
     1
102
RTVSPost2010Prop51ColorIndex
 90
      256
102
RTVSPost2010Prop51ColorRGB
 90
-16777216
102
RTVSPost2010PropOp51
 70
     0
102
RTVSPost2010Prop52
140
1.0
102
RTVSPost2010PropOp52
 70
     0
102
RTVSPost2010Prop53
 90
        2
102
RTVSPost2010PropOp53
 70
     1
102
RTVSPost2010Prop54
  1
strokes_ogs.tif
102
RTVSPost2010PropOp54
 70
     1
102
RTVSPost2010Prop55
280
     0
102
RTVSPost2010PropOp55
 70
     1
102
RTVSPost2010Prop56
140
1.0
102
RTVSPost2010PropOp56
 70
     1
102
RTVSPost2010Prop57
140
1.0
102
RTVSPost2010PropOp57
 70
     1
  0
XRECORD
  5
C8
102
{ACAD_REACTORS
330
C7
102
}
330
C7
100
AcDbXrecord
280
     1
102
RTVSPropertyOp0
 70
     1
102
RTVSPropertyOp1
 70
     1
102
RTVSPropertyOp2
 70
     1
102
RTVSPropertyOp3
 70
     1
102
RTVSPropertyOp4
 70
     1
102
RTVSPropertyOp5
 70
     1
102
RTVSPropertyOp6
 70
     1
102
RTVSPropertyOp7
 70
     1
102
RTVSPropertyOp8
 70
     1
102
RTVSPropertyOp9
 70
     1
102
RTVSPropertyOp10
 70
     1
102
RTVSPropertyOp11
 70
     1
102
RTVSPropertyOp12
 70
     1
102
RTVSPropertyOp13
 70
     1
102
RTVSPropertyOp14
 70
     1
102
RTVSPropertyOp15
 70
     1
102
RTVSPropertyOp16
 70
     1
102
RTVSPropertyOp17
 70
     1
102
RTVSPropertyOp18
 70
     1
102
RTVSPropertyOp19
 70
     1
102
RTVSPropertyOp20
 70
     1
102
RTVSPropertyOp21
 70
     1
102
RTVSPropertyOp22
 70
     1
102
RTVSPropertyOp23
 70
     1
102
RTVSPropertyOp24
 70
     1
102
RTVSPropertyOp25
 70
     1
102
RTVSPropertyOp26
 70
     1
102
RTVSPropertyOp27
 70
     1
102
RTVSPropertyOp28
 70
     1
102
RTVSPropertyOp29
 70
     1
102
RTVSPropertyOp30
 70
     1
102
RTVSPropertyOp31
 70
     1
102
RTVSPropertyOp32
 70
     1
102
RTVSPropertyOp33
 70
     1
102
RTVSPropertyOp34
 70
     1
102
RTVSPropertyOp35
 70
     1
102
RTVSPropertyOp36
 70
     1
102
RTVSPropertyOp37
 70
     1
102
RTVSPropertyOp38
 70
     1
102
RTVSPropertyOp39
 70
     1
102
RTVSPropertyOp40
 70
     1
102
RTVSPropertyOp41
 70
     1
102
RTVSPropertyOp42
 70
     1
102
RTVSPropertyOp43
 70
     1
102
RTVSPropertyOp44
 70
     1
102
RTVSPropertyOp45
 70
     1
102
RTVSPropertyOp46
 70
     1
102
RTVSPropertyOp47
 70
     1
102
RTVSPropertyOp48
 70
     1
102
RTVSPropertyOp49
 70
     1
102
RTVSPropertyOp50
 70
     1
102
RTVSPropertyOp51
 70
     0
102
RTVSPropertyOp52
 70
     0
102
RTVSPropertyOp53
 70
     1
102
RTVSPropertyOp54
 70
     1
102
RTVSPropertyOp55
 70
     1
102
RTVSPropertyOp56
 70
     1
102
RTVSPropertyOp57
 70
     1
102
RTVSPost2010Prop28
280
     0
102
RTVSPost2010PropOp28
 70
     1
102
RTVSPost2010Prop29
280
     1
102
RTVSPost2010PropOp29
 70
     1
102
RTVSPost2010Prop30
280
     1
102
RTVSPost2010PropOp30
 70
     1
102
RTVSPost2010Prop31
280
     0
102
RTVSPost2010PropOp31
 70
     1
102
RTVSPost2010Prop32
280
     0
102
RTVSPost2010PropOp32
 70
     1
102
RTVSPost2010Prop33
280
     0
102
RTVSPost2010PropOp33
 70
     1
102
RTVSPost2010Prop34
280
     0
102
RTVSPost2010PropOp34
 70
     1
102
RTVSPost2010Prop35
280
     0
102
RTVSPost2010PropOp35
 70
     1
102
RTVSPost2010Prop36
280
     0
102
RTVSPost2010PropOp36
 70
     1
102
RTVSPost2010Prop37
 90
       50
102
RTVSPost2010PropOp37
 70
     1
102
RTVSPost2010Prop38
140
0.0
102
RTVSPost2010PropOp38
 70
     1
102
RTVSPost2010Prop39
140
1.0
102
RTVSPost2010PropOp39
 70
     1
102
RTVSPost2010Prop40
 90
        0
102
RTVSPost2010PropOp40
 70
     1
102
RTVSPost2010Prop41ColorIndex
 90
       18
102
RTVSPost2010Prop41ColorRGB
 90
        0
102
RTVSPost2010PropOp41
 70
     1
102
RTVSPost2010Prop42
 90
       50
102
RTVSPost2010PropOp42
 70
     1
102
RTVSPost2010Prop43
 90
        3
102
RTVSPost2010PropOp43
 70
     1
102
RTVSPost2010Prop44ColorIndex
 90
        5
102
RTVSPost2010Prop44ColorRGB
 90
      255
102
RTVSPost2010PropOp44
 70
     1
102
RTVSPost2010Prop45
280
     0
102
RTVSPost2010PropOp45
 70
     1
102
RTVSPost2010Prop46
 90
       50
102
RTVSPost2010PropOp46
 70
     1
102
RTVSPost2010Prop47
 90
       50
102
RTVSPost2010PropOp47
 70
     1
102
RTVSPost2010Prop48
 90
       50
102
RTVSPost2010PropOp48
 70
     1
102
RTVSPost2010Prop49
280
     0
102
RTVSPost2010PropOp49
 70
     1
102
RTVSPost2010Prop50
 90
       50
102
RTVSPost2010PropOp50
 70
     1
102
RTVSPost2010Prop51ColorIndex
 90
      256
102
RTVSPost2010Prop51ColorRGB
 90
-16777216
102
RTVSPost2010PropOp51
 70
     0
102
RTVSPost2010Prop52
140
1.0
102
RTVSPost2010PropOp52
 70
     0
102
RTVSPost2010Prop53
 90
        2
102
RTVSPost2010PropOp53
 70
     1
102
RTVSPost2010Prop54
  1
strokes_ogs.tif
102
RTVSPost2010PropOp54
 70
     1
102
RTVSPost2010Prop55
280
     0
102
RTVSPost2010PropOp55
 70
     1
102
RTVSPost2010Prop56
140
1.0
102
RTVSPost2010PropOp56
 70
     1
102
RTVSPost2010Prop57
140
1.0
102
RTVSPost2010PropOp57
 70
     1
  0
XRECORD
  5
D0
102
{ACAD_REACTORS
330
CF
102
}
330
CF
100
AcDbXrecord
280
     1
102
RTVSPropertyOp0
 70
     1
102
RTVSPropertyOp1
 70
     1
102
RTVSPropertyOp2
 70
     1
102
RTVSPropertyOp3
 70
     1
102
RTVSPropertyOp4
 70
     1
102
RTVSPropertyOp5
 70
     1
102
RTVSPropertyOp6
 70
     1
102
RTVSPropertyOp7
 70
     1
102
RTVSPropertyOp8
 70
     1
102
RTVSPropertyOp9
 70
     1
102
RTVSPropertyOp10
 70
     1
102
RTVSPropertyOp11
 70
     1
102
RTVSPropertyOp12
 70
     1
102
RTVSPropertyOp13
 70
     1
102
RTVSPropertyOp14
 70
     1
102
RTVSPropertyOp15
 70
     1
102
RTVSPropertyOp16
 70
     1
102
RTVSPropertyOp17
 70
     1
102
RTVSPropertyOp18
 70
     1
102
RTVSPropertyOp19
 70
     1
102
RTVSPropertyOp20
 70
     1
102
RTVSPropertyOp21
 70
     1
102
RTVSPropertyOp22
 70
     1
102
RTVSPropertyOp23
 70
     1
102
RTVSPropertyOp24
 70
     1
102
RTVSPropertyOp25
 70
     1
102
RTVSPropertyOp26
 70
     1
102
RTVSPropertyOp27
 70
     1
102
RTVSPropertyOp28
 70
     1
102
RTVSPropertyOp29
 70
     1
102
RTVSPropertyOp30
 70
     1
102
RTVSPropertyOp31
 70
     1
102
RTVSPropertyOp32
 70
     1
102
RTVSPropertyOp33
 70
     1
102
RTVSPropertyOp34
 70
     1
102
RTVSPropertyOp35
 70
     1
102
RTVSPropertyOp36
 70
     1
102
RTVSPropertyOp37
 70
     1
102
RTVSPropertyOp38
 70
     1
102
RTVSPropertyOp39
 70
     1
102
RTVSPropertyOp40
 70
     1
102
RTVSPropertyOp41
 70
     1
102
RTVSPropertyOp42
 70
     1
102
RTVSPropertyOp43
 70
     1
102
RTVSPropertyOp44
 70
     1
102
RTVSPropertyOp45
 70
     1
102
RTVSPropertyOp46
 70
     1
102
RTVSPropertyOp47
 70
     1
102
RTVSPropertyOp48
 70
     1
102
RTVSPropertyOp49
 70
     1
102
RTVSPropertyOp50
 70
     1
102
RTVSPropertyOp51
 70
     0
102
RTVSPropertyOp52
 70
     0
102
RTVSPropertyOp53
 70
     1
102
RTVSPropertyOp54
 70
     1
102
RTVSPropertyOp55
 70
     1
102
RTVSPropertyOp56
 70
     1
102
RTVSPropertyOp57
 70
     1
102
RTVSPost2010Prop28
280
     0
102
RTVSPost2010PropOp28
 70
     1
102
RTVSPost2010Prop29
280
     1
102
RTVSPost2010PropOp29
 70
     1
102
RTVSPost2010Prop30
280
     1
102
RTVSPost2010PropOp30
 70
     1
102
RTVSPost2010Prop31
280
     0
102
RTVSPost2010PropOp31
 70
     1
102
RTVSPost2010Prop32
280
     0
102
RTVSPost2010PropOp32
 70
     1
102
RTVSPost2010Prop33
280
     0
102
RTVSPost2010PropOp33
 70
     1
102
RTVSPost2010Prop34
280
     0
102
RTVSPost2010PropOp34
 70
     1
102
RTVSPost2010Prop35
280
     0
102
RTVSPost2010PropOp35
 70
     1
102
RTVSPost2010Prop36
280
     0
102
RTVSPost2010PropOp36
 70
     1
102
RTVSPost2010Prop37
 90
       50
102
RTVSPost2010PropOp37
 70
     1
102
RTVSPost2010Prop38
140
0.0
102
RTVSPost2010PropOp38
 70
     1
102
RTVSPost2010Prop39
140
1.0
102
RTVSPost2010PropOp39
 70
     1
102
RTVSPost2010Prop40
 90
        0
102
RTVSPost2010PropOp40
 70
     1
102
RTVSPost2010Prop41ColorIndex
 90
       18
102
RTVSPost2010Prop41ColorRGB
 90
        0
102
RTVSPost2010PropOp41
 70
     1
102
RTVSPost2010Prop42
 90
       50
102
RTVSPost2010PropOp42
 70
     1
102
RTVSPost2010Prop43
 90
        3
102
RTVSPost2010PropOp43
 70
     1
102
RTVSPost2010Prop44ColorIndex
 90
        5
102
RTVSPost2010Prop44ColorRGB
 90
      255
102
RTVSPost2010PropOp44
 70
     1
102
RTVSPost2010Prop45
280
     0
102
RTVSPost2010PropOp45
 70
     1
102
RTVSPost2010Prop46
 90
       50
102
RTVSPost2010PropOp46
 70
     1
102
RTVSPost2010Prop47
 90
       50
102
RTVSPost2010PropOp47
 70
     1
102
RTVSPost2010Prop48
 90
       50
102
RTVSPost2010PropOp48
 70
     1
102
RTVSPost2010Prop49
280
     0
102
RTVSPost2010PropOp49
 70
     1
102
RTVSPost2010Prop50
 90
       50
102
RTVSPost2010PropOp50
 70
     1
102
RTVSPost2010Prop51ColorIndex
 90
      256
102
RTVSPost2010Prop51ColorRGB
 90
-16777216
102
RTVSPost2010PropOp51
 70
     0
102
RTVSPost2010Prop52
140
1.0
102
RTVSPost2010PropOp52
 70
     0
102
RTVSPost2010Prop53
 90
        2
102
RTVSPost2010PropOp53
 70
     1
102
RTVSPost2010Prop54
  1
strokes_ogs.tif
102
RTVSPost2010PropOp54
 70
     1
102
RTVSPost2010Prop55
280
     0
102
RTVSPost2010PropOp55
 70
     1
102
RTVSPost2010Prop56
140
1.0
102
RTVSPost2010PropOp56
 70
     1
102
RTVSPost2010Prop57
140
1.0
102
RTVSPost2010PropOp57
 70
     1
  0
XRECORD
  5
C4
102
{ACAD_REACTORS
330
C3
102
}
330
C3
100
AcDbXrecord
280
     1
102
RTVSPropertyOp0
 70
     1
102
RTVSPropertyOp1
 70
     1
102
RTVSPropertyOp2
 70
     1
102
RTVSPropertyOp3
 70
     1
102
RTVSPropertyOp4
 70
     1
102
RTVSPropertyOp5
 70
     1
102
RTVSPropertyOp6
 70
     1
102
RTVSPropertyOp7
 70
     1
102
RTVSPropertyOp8
 70
     1
102
RTVSPropertyOp9
 70
     1
102
RTVSPropertyOp10
 70
     1
102
RTVSPropertyOp11
 70
     1
102
RTVSPropertyOp12
 70
     1
102
RTVSPropertyOp13
 70
     1
102
RTVSPropertyOp14
 70
     1
102
RTVSPropertyOp15
 70
     1
102
RTVSPropertyOp16
 70
     1
102
RTVSPropertyOp17
 70
     1
102
RTVSPropertyOp18
 70
     1
102
RTVSPropertyOp19
 70
     1
102
RTVSPropertyOp20
 70
     1
102
RTVSPropertyOp21
 70
     1
102
RTVSPropertyOp22
 70
     1
102
RTVSPropertyOp23
 70
     1
102
RTVSPropertyOp24
 70
     1
102
RTVSPropertyOp25
 70
     1
102
RTVSPropertyOp26
 70
     1
102
RTVSPropertyOp27
 70
     1
102
RTVSPropertyOp28
 70
     1
102
RTVSPropertyOp29
 70
     1
102
RTVSPropertyOp30
 70
     1
102
RTVSPropertyOp31
 70
     1
102
RTVSPropertyOp32
 70
     1
102
RTVSPropertyOp33
 70
     1
102
RTVSPropertyOp34
 70
     1
102
RTVSPropertyOp35
 70
     1
102
RTVSPropertyOp36
 70
     1
102
RTVSPropertyOp37
 70
     1
102
RTVSPropertyOp38
 70
     1
102
RTVSPropertyOp39
 70
     1
102
RTVSPropertyOp40
 70
     1
102
RTVSPropertyOp41
 70
     1
102
RTVSPropertyOp42
 70
     1
102
RTVSPropertyOp43
 70
     1
102
RTVSPropertyOp44
 70
     1
102
RTVSPropertyOp45
 70
     1
102
RTVSPropertyOp46
 70
     1
102
RTVSPropertyOp47
 70
     1
102
RTVSPropertyOp48
 70
     1
102
RTVSPropertyOp49
 70
     1
102
RTVSPropertyOp50
 70
     1
102
RTVSPropertyOp51
 70
     0
102
RTVSPropertyOp52
 70
     0
102
RTVSPropertyOp53
 70
     1
102
RTVSPropertyOp54
 70
     1
102
RTVSPropertyOp55
 70
     1
102
RTVSPropertyOp56
 70
     1
102
RTVSPropertyOp57
 70
     1
102
RTVSPost2010Prop28
280
     0
102
RTVSPost2010PropOp28
 70
     1
102
RTVSPost2010Prop29
280
     1
102
RTVSPost2010PropOp29
 70
     1
102
RTVSPost2010Prop30
280
     1
102
RTVSPost2010PropOp30
 70
     1
102
RTVSPost2010Prop31
280
     0
102
RTVSPost2010PropOp31
 70
     1
102
RTVSPost2010Prop32
280
     0
102
RTVSPost2010PropOp32
 70
     1
102
RTVSPost2010Prop33
280
     0
102
RTVSPost2010PropOp33
 70
     1
102
RTVSPost2010Prop34
280
     0
102
RTVSPost2010PropOp34
 70
     1
102
RTVSPost2010Prop35
280
     0
102
RTVSPost2010PropOp35
 70
     1
102
RTVSPost2010Prop36
280
     0
102
RTVSPost2010PropOp36
 70
     1
102
RTVSPost2010Prop37
 90
       50
102
RTVSPost2010PropOp37
 70
     1
102
RTVSPost2010Prop38
140
0.0
102
RTVSPost2010PropOp38
 70
     1
102
RTVSPost2010Prop39
140
1.0
102
RTVSPost2010PropOp39
 70
     1
102
RTVSPost2010Prop40
 90
        0
102
RTVSPost2010PropOp40
 70
     1
102
RTVSPost2010Prop41ColorIndex
 90
       18
102
RTVSPost2010Prop41ColorRGB
 90
        0
102
RTVSPost2010PropOp41
 70
     1
102
RTVSPost2010Prop42
 90
       50
102
RTVSPost2010PropOp42
 70
     1
102
RTVSPost2010Prop43
 90
        3
102
RTVSPost2010PropOp43
 70
     1
102
RTVSPost2010Prop44ColorIndex
 90
        5
102
RTVSPost2010Prop44ColorRGB
 90
      255
102
RTVSPost2010PropOp44
 70
     1
102
RTVSPost2010Prop45
280
     0
102
RTVSPost2010PropOp45
 70
     1
102
RTVSPost2010Prop46
 90
       50
102
RTVSPost2010PropOp46
 70
     1
102
RTVSPost2010Prop47
 90
       50
102
RTVSPost2010PropOp47
 70
     1
102
RTVSPost2010Prop48
 90
       50
102
RTVSPost2010PropOp48
 70
     1
102
RTVSPost2010Prop49
280
     0
102
RTVSPost2010PropOp49
 70
     1
102
RTVSPost2010Prop50
 90
       50
102
RTVSPost2010PropOp50
 70
     1
102
RTVSPost2010Prop51ColorIndex
 90
      256
102
RTVSPost2010Prop51ColorRGB
 90
-16777216
102
RTVSPost2010PropOp51
 70
     0
102
RTVSPost2010Prop52
140
1.0
102
RTVSPost2010PropOp52
 70
     0
102
RTVSPost2010Prop53
 90
        2
102
RTVSPost2010PropOp53
 70
     1
102
RTVSPost2010Prop54
  1
strokes_ogs.tif
102
RTVSPost2010PropOp54
 70
     1
102
RTVSPost2010Prop55
280
     0
102
RTVSPost2010PropOp55
 70
     1
102
RTVSPost2010Prop56
140
1.0
102
RTVSPost2010PropOp56
 70
     1
102
RTVSPost2010Prop57
140
1.0
102
RTVSPost2010PropOp57
 70
     1
  0
XRECORD
  5
C6
102
{ACAD_REACTORS
330
C5
102
}
330
C5
100
AcDbXrecord
280
     1
102
RTVSPropertyOp0
 70
     1
102
RTVSPropertyOp1
 70
     1
102
RTVSPropertyOp2
 70
     1
102
RTVSPropertyOp3
 70
     1
102
RTVSPropertyOp4
 70
     1
102
RTVSPropertyOp5
 70
     1
102
RTVSPropertyOp6
 70
     1
102
RTVSPropertyOp7
 70
     1
102
RTVSPropertyOp8
 70
     1
102
RTVSPropertyOp9
 70
     1
102
RTVSPropertyOp10
 70
     1
102
RTVSPropertyOp11
 70
     1
102
RTVSPropertyOp12
 70
     1
102
RTVSPropertyOp13
 70
     1
102
RTVSPropertyOp14
 70
     1
102
RTVSPropertyOp15
 70
     1
102
RTVSPropertyOp16
 70
     1
102
RTVSPropertyOp17
 70
     1
102
RTVSPropertyOp18
 70
     1
102
RTVSPropertyOp19
 70
     1
102
RTVSPropertyOp20
 70
     1
102
RTVSPropertyOp21
 70
     1
102
RTVSPropertyOp22
 70
     1
102
RTVSPropertyOp23
 70
     1
102
RTVSPropertyOp24
 70
     1
102
RTVSPropertyOp25
 70
     1
102
RTVSPropertyOp26
 70
     1
102
RTVSPropertyOp27
 70
     1
102
RTVSPropertyOp28
 70
     1
102
RTVSPropertyOp29
 70
     1
102
RTVSPropertyOp30
 70
     1
102
RTVSPropertyOp31
 70
     1
102
RTVSPropertyOp32
 70
     1
102
RTVSPropertyOp33
 70
     1
102
RTVSPropertyOp34
 70
     1
102
RTVSPropertyOp35
 70
     1
102
RTVSPropertyOp36
 70
     1
102
RTVSPropertyOp37
 70
     1
102
RTVSPropertyOp38
 70
     1
102
RTVSPropertyOp39
 70
     1
102
RTVSPropertyOp40
 70
     1
102
RTVSPropertyOp41
 70
     1
102
RTVSPropertyOp42
 70
     1
102
RTVSPropertyOp43
 70
     1
102
RTVSPropertyOp44
 70
     1
102
RTVSPropertyOp45
 70
     1
102
RTVSPropertyOp46
 70
     1
102
RTVSPropertyOp47
 70
     1
102
RTVSPropertyOp48
 70
     1
102
RTVSPropertyOp49
 70
     1
102
RTVSPropertyOp50
 70
     1
102
RTVSPropertyOp51
 70
     0
102
RTVSPropertyOp52
 70
     0
102
RTVSPropertyOp53
 70
     1
102
RTVSPropertyOp54
 70
     1
102
RTVSPropertyOp55
 70
     1
102
RTVSPropertyOp56
 70
     1
102
RTVSPropertyOp57
 70
     1
102
RTVSPost2010Prop28
280
     0
102
RTVSPost2010PropOp28
 70
     1
102
RTVSPost2010Prop29
280
     1
102
RTVSPost2010PropOp29
 70
     1
102
RTVSPost2010Prop30
280
     1
102
RTVSPost2010PropOp30
 70
     1
102
RTVSPost2010Prop31
280
     0
102
RTVSPost2010PropOp31
 70
     1
102
RTVSPost2010Prop32
280
     0
102
RTVSPost2010PropOp32
 70
     1
102
RTVSPost2010Prop33
280
     0
102
RTVSPost2010PropOp33
 70
     1
102
RTVSPost2010Prop34
280
     0
102
RTVSPost2010PropOp34
 70
     1
102
RTVSPost2010Prop35
280
     0
102
RTVSPost2010PropOp35
 70
     1
102
RTVSPost2010Prop36
280
     0
102
RTVSPost2010PropOp36
 70
     1
102
RTVSPost2010Prop37
 90
       50
102
RTVSPost2010PropOp37
 70
     1
102
RTVSPost2010Prop38
140
0.0
102
RTVSPost2010PropOp38
 70
     1
102
RTVSPost2010Prop39
140
1.0
102
RTVSPost2010PropOp39
 70
     1
102
RTVSPost2010Prop40
 90
        0
102
RTVSPost2010PropOp40
 70
     1
102
RTVSPost2010Prop41ColorIndex
 90
       18
102
RTVSPost2010Prop41ColorRGB
 90
        0
102
RTVSPost2010PropOp41
 70
     1
102
RTVSPost2010Prop42
 90
       50
102
RTVSPost2010PropOp42
 70
     1
102
RTVSPost2010Prop43
 90
        3
102
RTVSPost2010PropOp43
 70
     1
102
RTVSPost2010Prop44ColorIndex
 90
        5
102
RTVSPost2010Prop44ColorRGB
 90
      255
102
RTVSPost2010PropOp44
 70
     1
102
RTVSPost2010Prop45
280
     0
102
RTVSPost2010PropOp45
 70
     1
102
RTVSPost2010Prop46
 90
       50
102
RTVSPost2010PropOp46
 70
     1
102
RTVSPost2010Prop47
 90
       50
102
RTVSPost2010PropOp47
 70
     1
102
RTVSPost2010Prop48
 90
       50
102
RTVSPost2010PropOp48
 70
     1
102
RTVSPost2010Prop49
280
     0
102
RTVSPost2010PropOp49
 70
     1
102
RTVSPost2010Prop50
 90
       50
102
RTVSPost2010PropOp50
 70
     1
102
RTVSPost2010Prop51ColorIndex
 90
      256
102
RTVSPost2010Prop51ColorRGB
 90
-16777216
102
RTVSPost2010PropOp51
 70
     0
102
RTVSPost2010Prop52
140
1.0
102
RTVSPost2010PropOp52
 70
     0
102
RTVSPost2010Prop53
 90
        2
102
RTVSPost2010PropOp53
 70
     1
102
RTVSPost2010Prop54
  1
strokes_ogs.tif
102
RTVSPost2010PropOp54
 70
     1
102
RTVSPost2010Prop55
280
     0
102
RTVSPost2010PropOp55
 70
     1
102
RTVSPost2010Prop56
140
1.0
102
RTVSPost2010PropOp56
 70
     1
102
RTVSPost2010Prop57
140
1.0
102
RTVSPost2010PropOp57
 70
     1
  0
XRECORD
  5
D6
102
{ACAD_REACTORS
330
D5
102
}
330
D5
100
AcDbXrecord
280
     1
102
RTVSPropertyOp0
 70
     0
102
RTVSPropertyOp1
 70
     0
102
RTVSPropertyOp2
 70
     0
102
RTVSPropertyOp3
 70
     0
102
RTVSPropertyOp4
 70
     0
102
RTVSPropertyOp5
 70
     0
102
RTVSPropertyOp6
 70
     0
102
RTVSPropertyOp7
 70
     0
102
RTVSPropertyOp8
 70
     0
102
RTVSPropertyOp9
 70
     0
102
RTVSPropertyOp10
 70
     0
102
RTVSPropertyOp11
 70
     0
102
RTVSPropertyOp12
 70
     0
102
RTVSPropertyOp13
 70
     0
102
RTVSPropertyOp14
 70
     2
102
RTVSPropertyOp15
 70
     0
102
RTVSPropertyOp16
 70
     0
102
RTVSPropertyOp17
 70
     0
102
RTVSPropertyOp18
 70
     0
102
RTVSPropertyOp19
 70
     0
102
RTVSPropertyOp20
 70
     0
102
RTVSPropertyOp21
 70
     0
102
RTVSPropertyOp22
 70
     0
102
RTVSPropertyOp23
 70
     0
102
RTVSPropertyOp24
 70
     0
102
RTVSPropertyOp25
 70
     0
102
RTVSPropertyOp26
 70
     0
102
RTVSPropertyOp27
 70
     0
102
RTVSPropertyOp28
 70
     0
102
RTVSPropertyOp29
 70
     0
102
RTVSPropertyOp30
 70
     0
102
RTVSPropertyOp31
 70
     0
102
RTVSPropertyOp32
 70
     0
102
RTVSPropertyOp33
 70
     0
102
RTVSPropertyOp34
 70
     0
102
RTVSPropertyOp35
 70
     0
102
RTVSPropertyOp36
 70
     0
102
RTVSPropertyOp37
 70
     0
102
RTVSPropertyOp38
 70
     0
102
RTVSPropertyOp39
 70
     0
102
RTVSPropertyOp40
 70
     0
102
RTVSPropertyOp41
 70
     0
102
RTVSPropertyOp42
 70
     0
102
RTVSPropertyOp43
 70
     0
102
RTVSPropertyOp44
 70
     0
102
RTVSPropertyOp45
 70
     0
102
RTVSPropertyOp46
 70
     0
102
RTVSPropertyOp47
 70
     0
102
RTVSPropertyOp48
 70
     0
102
RTVSPropertyOp49
 70
     0
102
RTVSPropertyOp50
 70
     0
102
RTVSPropertyOp51
 70
     0
102
RTVSPropertyOp52
 70
     0
102
RTVSPropertyOp53
 70
     0
102
RTVSPropertyOp54
 70
     0
102
RTVSPropertyOp55
 70
     0
102
RTVSPropertyOp56
 70
     0
102
RTVSPropertyOp57
 70
     0
102
RTVSPost2010Prop28
280
     0
102
RTVSPost2010PropOp28
 70
     0
102
RTVSPost2010Prop29
280
     1
102
RTVSPost2010PropOp29
 70
     0
102
RTVSPost2010Prop30
280
     1
102
RTVSPost2010PropOp30
 70
     0
102
RTVSPost2010Prop31
280
     0
102
RTVSPost2010PropOp31
 70
     0
102
RTVSPost2010Prop32
280
     0
102
RTVSPost2010PropOp32
 70
     0
102
RTVSPost2010Prop33
280
     0
102
RTVSPost2010PropOp33
 70
     0
102
RTVSPost2010Prop34
280
     0
102
RTVSPost2010PropOp34
 70
     0
102
RTVSPost2010Prop35
280
     0
102
RTVSPost2010PropOp35
 70
     0
102
RTVSPost2010Prop36
280
     0
102
RTVSPost2010PropOp36
 70
     0
102
RTVSPost2010Prop37
 90
       50
102
RTVSPost2010PropOp37
 70
     0
102
RTVSPost2010Prop38
140
0.0
102
RTVSPost2010PropOp38
 70
     0
102
RTVSPost2010Prop39
140
1.0
102
RTVSPost2010PropOp39
 70
     0
102
RTVSPost2010Prop40
 90
        0
102
RTVSPost2010PropOp40
 70
     0
102
RTVSPost2010Prop41ColorIndex
 90
       18
102
RTVSPost2010Prop41ColorRGB
 90
        0
102
RTVSPost2010PropOp41
 70
     0
102
RTVSPost2010Prop42
 90
       50
102
RTVSPost2010PropOp42
 70
     0
102
RTVSPost2010Prop43
 90
        3
102
RTVSPost2010PropOp43
 70
     0
102
RTVSPost2010Prop44ColorIndex
 90
        5
102
RTVSPost2010Prop44ColorRGB
 90
      255
102
RTVSPost2010PropOp44
 70
     0
102
RTVSPost2010Prop45
280
     0
102
RTVSPost2010PropOp45
 70
     0
102
RTVSPost2010Prop46
 90
       50
102
RTVSPost2010PropOp46
 70
     0
102
RTVSPost2010Prop47
 90
       50
102
RTVSPost2010PropOp47
 70
     0
102
RTVSPost2010Prop48
 90
       50
102
RTVSPost2010PropOp48
 70
     0
102
RTVSPost2010Prop49
280
     0
102
RTVSPost2010PropOp49
 70
     0
102
RTVSPost2010Prop50
 90
       50
102
RTVSPost2010PropOp50
 70
     0
102
RTVSPost2010Prop51ColorIndex
 90
      256
102
RTVSPost2010Prop51ColorRGB
 90
-16777216
102
RTVSPost2010PropOp51
 70
     0
102
RTVSPost2010Prop52
140
1.0
102
RTVSPost2010PropOp52
 70
     0
102
RTVSPost2010Prop53
 90
        2
102
RTVSPost2010PropOp53
 70
     0
102
RTVSPost2010Prop54
  1
strokes_ogs.tif
102
RTVSPost2010PropOp54
 70
     0
102
RTVSPost2010Prop55
280
     0
102
RTVSPost2010PropOp55
 70
     0
102
RTVSPost2010Prop56
140
1.0
102
RTVSPost2010PropOp56
 70
     0
102
RTVSPost2010Prop57
140
1.0
102
RTVSPost2010PropOp57
 70
     0
  0
XRECORD
  5
CE
102
{ACAD_REACTORS
330
CD
102
}
330
CD
100
AcDbXrecord
280
     1
102
RTVSPropertyOp0
 70
     1
102
RTVSPropertyOp1
 70
     1
102
RTVSPropertyOp2
 70
     1
102
RTVSPropertyOp3
 70
     1
102
RTVSPropertyOp4
 70
     1
102
RTVSPropertyOp5
 70
     1
102
RTVSPropertyOp6
 70
     1
102
RTVSPropertyOp7
 70
     1
102
RTVSPropertyOp8
 70
     1
102
RTVSPropertyOp9
 70
     1
102
RTVSPropertyOp10
 70
     1
102
RTVSPropertyOp11
 70
     1
102
RTVSPropertyOp12
 70
     1
102
RTVSPropertyOp13
 70
     1
102
RTVSPropertyOp14
 70
     1
102
RTVSPropertyOp15
 70
     1
102
RTVSPropertyOp16
 70
     1
102
RTVSPropertyOp17
 70
     1
102
RTVSPropertyOp18
 70
     1
102
RTVSPropertyOp19
 70
     1
102
RTVSPropertyOp20
 70
     1
102
RTVSPropertyOp21
 70
     1
102
RTVSPropertyOp22
 70
     1
102
RTVSPropertyOp23
 70
     1
102
RTVSPropertyOp24
 70
     1
102
RTVSPropertyOp25
 70
     1
102
RTVSPropertyOp26
 70
     1
102
RTVSPropertyOp27
 70
     1
102
RTVSPropertyOp28
 70
     1
102
RTVSPropertyOp29
 70
     1
102
RTVSPropertyOp30
 70
     1
102
RTVSPropertyOp31
 70
     1
102
RTVSPropertyOp32
 70
     1
102
RTVSPropertyOp33
 70
     1
102
RTVSPropertyOp34
 70
     1
102
RTVSPropertyOp35
 70
     1
102
RTVSPropertyOp36
 70
     1
102
RTVSPropertyOp37
 70
     1
102
RTVSPropertyOp38
 70
     1
102
RTVSPropertyOp39
 70
     1
102
RTVSPropertyOp40
 70
     1
102
RTVSPropertyOp41
 70
     1
102
RTVSPropertyOp42
 70
     1
102
RTVSPropertyOp43
 70
     1
102
RTVSPropertyOp44
 70
     1
102
RTVSPropertyOp45
 70
     1
102
RTVSPropertyOp46
 70
     1
102
RTVSPropertyOp47
 70
     1
102
RTVSPropertyOp48
 70
     1
102
RTVSPropertyOp49
 70
     1
102
RTVSPropertyOp50
 70
     1
102
RTVSPropertyOp51
 70
     0
102
RTVSPropertyOp52
 70
     0
102
RTVSPropertyOp53
 70
     1
102
RTVSPropertyOp54
 70
     1
102
RTVSPropertyOp55
 70
     1
102
RTVSPropertyOp56
 70
     1
102
RTVSPropertyOp57
 70
     1
102
RTVSPost2010Prop28
280
     0
102
RTVSPost2010PropOp28
 70
     1
102
RTVSPost2010Prop29
280
     1
102
RTVSPost2010PropOp29
 70
     1
102
RTVSPost2010Prop30
280
     1
102
RTVSPost2010PropOp30
 70
     1
102
RTVSPost2010Prop31
280
     0
102
RTVSPost2010PropOp31
 70
     1
102
RTVSPost2010Prop32
280
     0
102
RTVSPost2010PropOp32
 70
     1
102
RTVSPost2010Prop33
280
     0
102
RTVSPost2010PropOp33
 70
     1
102
RTVSPost2010Prop34
280
     0
102
RTVSPost2010PropOp34
 70
     1
102
RTVSPost2010Prop35
280
     0
102
RTVSPost2010PropOp35
 70
     1
102
RTVSPost2010Prop36
280
     0
102
RTVSPost2010PropOp36
 70
     1
102
RTVSPost2010Prop37
 90
       50
102
RTVSPost2010PropOp37
 70
     1
102
RTVSPost2010Prop38
140
0.0
102
RTVSPost2010PropOp38
 70
     1
102
RTVSPost2010Prop39
140
1.0
102
RTVSPost2010PropOp39
 70
     1
102
RTVSPost2010Prop40
 90
        0
102
RTVSPost2010PropOp40
 70
     1
102
RTVSPost2010Prop41ColorIndex
 90
       18
102
RTVSPost2010Prop41ColorRGB
 90
        0
102
RTVSPost2010PropOp41
 70
     1
102
RTVSPost2010Prop42
 90
       50
102
RTVSPost2010PropOp42
 70
     1
102
RTVSPost2010Prop43
 90
        3
102
RTVSPost2010PropOp43
 70
     1
102
RTVSPost2010Prop44ColorIndex
 90
        5
102
RTVSPost2010Prop44ColorRGB
 90
      255
102
RTVSPost2010PropOp44
 70
     1
102
RTVSPost2010Prop45
280
     0
102
RTVSPost2010PropOp45
 70
     1
102
RTVSPost2010Prop46
 90
       50
102
RTVSPost2010PropOp46
 70
     1
102
RTVSPost2010Prop47
 90
       50
102
RTVSPost2010PropOp47
 70
     1
102
RTVSPost2010Prop48
 90
       50
102
RTVSPost2010PropOp48
 70
     1
102
RTVSPost2010Prop49
280
     0
102
RTVSPost2010PropOp49
 70
     1
102
RTVSPost2010Prop50
 90
       50
102
RTVSPost2010PropOp50
 70
     1
102
RTVSPost2010Prop51ColorIndex
 90
      256
102
RTVSPost2010Prop51ColorRGB
 90
-16777216
102
RTVSPost2010PropOp51
 70
     0
102
RTVSPost2010Prop52
140
1.0
102
RTVSPost2010PropOp52
 70
     0
102
RTVSPost2010Prop53
 90
        2
102
RTVSPost2010PropOp53
 70
     1
102
RTVSPost2010Prop54
  1
strokes_ogs.tif
102
RTVSPost2010PropOp54
 70
     1
102
RTVSPost2010Prop55
280
     0
102
RTVSPost2010PropOp55
 70
     1
102
RTVSPost2010Prop56
140
1.0
102
RTVSPost2010PropOp56
 70
     1
102
RTVSPost2010Prop57
140
1.0
102
RTVSPost2010PropOp57
 70
     1
  0
XRECORD
  5
B2
102
{ACAD_REACTORS
330
B1
102
}
330
B1
100
AcDbXrecord
280
     1
102
RTVSPropertyOp0
 70
     1
102
RTVSPropertyOp1
 70
     1
102
RTVSPropertyOp2
 70
     1
102
RTVSPropertyOp3
 70
     1
102
RTVSPropertyOp4
 70
     1
102
RTVSPropertyOp5
 70
     1
102
RTVSPropertyOp6
 70
     1
102
RTVSPropertyOp7
 70
     1
102
RTVSPropertyOp8
 70
     1
102
RTVSPropertyOp9
 70
     1
102
RTVSPropertyOp10
 70
     1
102
RTVSPropertyOp11
 70
     1
102
RTVSPropertyOp12
 70
     1
102
RTVSPropertyOp13
 70
     1
102
RTVSPropertyOp14
 70
     1
102
RTVSPropertyOp15
 70
     1
102
RTVSPropertyOp16
 70
     1
102
RTVSPropertyOp17
 70
     1
102
RTVSPropertyOp18
 70
     1
102
RTVSPropertyOp19
 70
     1
102
RTVSPropertyOp20
 70
     1
102
RTVSPropertyOp21
 70
     1
102
RTVSPropertyOp22
 70
     1
102
RTVSPropertyOp23
 70
     1
102
RTVSPropertyOp24
 70
     1
102
RTVSPropertyOp25
 70
     1
102
RTVSPropertyOp26
 70
     1
102
RTVSPropertyOp27
 70
     1
102
RTVSPropertyOp28
 70
     1
102
RTVSPropertyOp29
 70
     1
102
RTVSPropertyOp30
 70
     1
102
RTVSPropertyOp31
 70
     1
102
RTVSPropertyOp32
 70
     1
102
RTVSPropertyOp33
 70
     1
102
RTVSPropertyOp34
 70
     1
102
RTVSPropertyOp35
 70
     1
102
RTVSPropertyOp36
 70
     1
102
RTVSPropertyOp37
 70
     1
102
RTVSPropertyOp38
 70
     1
102
RTVSPropertyOp39
 70
     1
102
RTVSPropertyOp40
 70
     1
102
RTVSPropertyOp41
 70
     1
102
RTVSPropertyOp42
 70
     1
102
RTVSPropertyOp43
 70
     1
102
RTVSPropertyOp44
 70
     1
102
RTVSPropertyOp45
 70
     1
102
RTVSPropertyOp46
 70
     1
102
RTVSPropertyOp47
 70
     1
102
RTVSPropertyOp48
 70
     1
102
RTVSPropertyOp49
 70
     1
102
RTVSPropertyOp50
 70
     1
102
RTVSPropertyOp51
 70
     0
102
RTVSPropertyOp52
 70
     0
102
RTVSPropertyOp53
 70
     1
102
RTVSPropertyOp54
 70
     1
102
RTVSPropertyOp55
 70
     1
102
RTVSPropertyOp56
 70
     1
102
RTVSPropertyOp57
 70
     1
102
RTVSPost2010Prop28
280
     0
102
RTVSPost2010PropOp28
 70
     1
102
RTVSPost2010Prop29
280
     1
102
RTVSPost2010PropOp29
 70
     1
102
RTVSPost2010Prop30
280
     1
102
RTVSPost2010PropOp30
 70
     1
102
RTVSPost2010Prop31
280
     0
102
RTVSPost2010PropOp31
 70
     1
102
RTVSPost2010Prop32
280
     0
102
RTVSPost2010PropOp32
 70
     1
102
RTVSPost2010Prop33
280
     0
102
RTVSPost2010PropOp33
 70
     1
102
RTVSPost2010Prop34
280
     0
102
RTVSPost2010PropOp34
 70
     1
102
RTVSPost2010Prop35
280
     0
102
RTVSPost2010PropOp35
 70
     1
102
RTVSPost2010Prop36
280
     0
102
RTVSPost2010PropOp36
 70
     1
102
RTVSPost2010Prop37
 90
       50
102
RTVSPost2010PropOp37
 70
     1
102
RTVSPost2010Prop38
140
0.0
102
RTVSPost2010PropOp38
 70
     1
102
RTVSPost2010Prop39
140
1.0
102
RTVSPost2010PropOp39
 70
     1
102
RTVSPost2010Prop40
 90
        0
102
RTVSPost2010PropOp40
 70
     1
102
RTVSPost2010Prop41ColorIndex
 90
       18
102
RTVSPost2010Prop41ColorRGB
 90
        0
102
RTVSPost2010PropOp41
 70
     1
102
RTVSPost2010Prop42
 90
       50
102
RTVSPost2010PropOp42
 70
     1
102
RTVSPost2010Prop43
 90
        3
102
RTVSPost2010PropOp43
 70
     1
102
RTVSPost2010Prop44ColorIndex
 90
        5
102
RTVSPost2010Prop44ColorRGB
 90
      255
102
RTVSPost2010PropOp44
 70
     1
102
RTVSPost2010Prop45
280
     0
102
RTVSPost2010PropOp45
 70
     1
102
RTVSPost2010Prop46
 90
       50
102
RTVSPost2010PropOp46
 70
     1
102
RTVSPost2010Prop47
 90
       50
102
RTVSPost2010PropOp47
 70
     1
102
RTVSPost2010Prop48
 90
       50
102
RTVSPost2010PropOp48
 70
     1
102
RTVSPost2010Prop49
280
     0
102
RTVSPost2010PropOp49
 70
     1
102
RTVSPost2010Prop50
 90
       50
102
RTVSPost2010PropOp50
 70
     1
102
RTVSPost2010Prop51ColorIndex
 90
      256
102
RTVSPost2010Prop51ColorRGB
 90
-16777216
102
RTVSPost2010PropOp51
 70
     0
102
RTVSPost2010Prop52
140
1.0
102
RTVSPost2010PropOp52
 70
     0
102
RTVSPost2010Prop53
 90
        2
102
RTVSPost2010PropOp53
 70
     1
102
RTVSPost2010Prop54
  1
strokes_ogs.tif
102
RTVSPost2010PropOp54
 70
     1
102
RTVSPost2010Prop55
280
     0
102
RTVSPost2010PropOp55
 70
     1
102
RTVSPost2010Prop56
140
1.0
102
RTVSPost2010PropOp56
 70
     1
102
RTVSPost2010Prop57
140
1.0
102
RTVSPost2010PropOp57
 70
     1
  0
XRECORD
  5
B4
102
{ACAD_REACTORS
330
B3
102
}
330
B3
100
AcDbXrecord
280
     1
102
RTVSPropertyOp0
 70
     1
102
RTVSPropertyOp1
 70
     1
102
RTVSPropertyOp2
 70
     1
102
RTVSPropertyOp3
 70
     1
102
RTVSPropertyOp4
 70
     1
102
RTVSPropertyOp5
 70
     1
102
RTVSPropertyOp6
 70
     1
102
RTVSPropertyOp7
 70
     1
102
RTVSPropertyOp8
 70
     1
102
RTVSPropertyOp9
 70
     1
102
RTVSPropertyOp10
 70
     1
102
RTVSPropertyOp11
 70
     1
102
RTVSPropertyOp12
 70
     1
102
RTVSPropertyOp13
 70
     1
102
RTVSPropertyOp14
 70
     1
102
RTVSPropertyOp15
 70
     1
102
RTVSPropertyOp16
 70
     1
102
RTVSPropertyOp17
 70
     1
102
RTVSPropertyOp18
 70
     1
102
RTVSPropertyOp19
 70
     1
102
RTVSPropertyOp20
 70
     1
102
RTVSPropertyOp21
 70
     1
102
RTVSPropertyOp22
 70
     1
102
RTVSPropertyOp23
 70
     1
102
RTVSPropertyOp24
 70
     1
102
RTVSPropertyOp25
 70
     1
102
RTVSPropertyOp26
 70
     1
102
RTVSPropertyOp27
 70
     1
102
RTVSPropertyOp28
 70
     1
102
RTVSPropertyOp29
 70
     1
102
RTVSPropertyOp30
 70
     1
102
RTVSPropertyOp31
 70
     1
102
RTVSPropertyOp32
 70
     1
102
RTVSPropertyOp33
 70
     1
102
RTVSPropertyOp34
 70
     1
102
RTVSPropertyOp35
 70
     1
102
RTVSPropertyOp36
 70
     1
102
RTVSPropertyOp37
 70
     1
102
RTVSPropertyOp38
 70
     1
102
RTVSPropertyOp39
 70
     1
102
RTVSPropertyOp40
 70
     1
102
RTVSPropertyOp41
 70
     1
102
RTVSPropertyOp42
 70
     1
102
RTVSPropertyOp43
 70
     1
102
RTVSPropertyOp44
 70
     1
102
RTVSPropertyOp45
 70
     1
102
RTVSPropertyOp46
 70
     1
102
RTVSPropertyOp47
 70
     1
102
RTVSPropertyOp48
 70
     1
102
RTVSPropertyOp49
 70
     1
102
RTVSPropertyOp50
 70
     1
102
RTVSPropertyOp51
 70
     0
102
RTVSPropertyOp52
 70
     0
102
RTVSPropertyOp53
 70
     1
102
RTVSPropertyOp54
 70
     1
102
RTVSPropertyOp55
 70
     1
102
RTVSPropertyOp56
 70
     1
102
RTVSPropertyOp57
 70
     1
102
RTVSPost2010Prop28
280
     0
102
RTVSPost2010PropOp28
 70
     1
102
RTVSPost2010Prop29
280
     1
102
RTVSPost2010PropOp29
 70
     1
102
RTVSPost2010Prop30
280
     1
102
RTVSPost2010PropOp30
 70
     1
102
RTVSPost2010Prop31
280
     0
102
RTVSPost2010PropOp31
 70
     1
102
RTVSPost2010Prop32
280
     0
102
RTVSPost2010PropOp32
 70
     1
102
RTVSPost2010Prop33
280
     0
102
RTVSPost2010PropOp33
 70
     1
102
RTVSPost2010Prop34
280
     0
102
RTVSPost2010PropOp34
 70
     1
102
RTVSPost2010Prop35
280
     0
102
RTVSPost2010PropOp35
 70
     1
102
RTVSPost2010Prop36
280
     0
102
RTVSPost2010PropOp36
 70
     1
102
RTVSPost2010Prop37
 90
       50
102
RTVSPost2010PropOp37
 70
     1
102
RTVSPost2010Prop38
140
0.0
102
RTVSPost2010PropOp38
 70
     1
102
RTVSPost2010Prop39
140
1.0
102
RTVSPost2010PropOp39
 70
     1
102
RTVSPost2010Prop40
 90
        0
102
RTVSPost2010PropOp40
 70
     1
102
RTVSPost2010Prop41ColorIndex
 90
       18
102
RTVSPost2010Prop41ColorRGB
 90
        0
102
RTVSPost2010PropOp41
 70
     1
102
RTVSPost2010Prop42
 90
       50
102
RTVSPost2010PropOp42
 70
     1
102
RTVSPost2010Prop43
 90
        3
102
RTVSPost2010PropOp43
 70
     1
102
RTVSPost2010Prop44ColorIndex
 90
        5
102
RTVSPost2010Prop44ColorRGB
 90
      255
102
RTVSPost2010PropOp44
 70
     1
102
RTVSPost2010Prop45
280
     0
102
RTVSPost2010PropOp45
 70
     1
102
RTVSPost2010Prop46
 90
       50
102
RTVSPost2010PropOp46
 70
     1
102
RTVSPost2010Prop47
 90
       50
102
RTVSPost2010PropOp47
 70
     1
102
RTVSPost2010Prop48
 90
       50
102
RTVSPost2010PropOp48
 70
     1
102
RTVSPost2010Prop49
280
     0
102
RTVSPost2010PropOp49
 70
     1
102
RTVSPost2010Prop50
 90
       50
102
RTVSPost2010PropOp50
 70
     1
102
RTVSPost2010Prop51ColorIndex
 90
      256
102
RTVSPost2010Prop51ColorRGB
 90
-16777216
102
RTVSPost2010PropOp51
 70
     0
102
RTVSPost2010Prop52
140
1.0
102
RTVSPost2010PropOp52
 70
     0
102
RTVSPost2010Prop53
 90
        2
102
RTVSPost2010PropOp53
 70
     1
102
RTVSPost2010Prop54
  1
strokes_ogs.tif
102
RTVSPost2010PropOp54
 70
     1
102
RTVSPost2010Prop55
280
     0
102
RTVSPost2010PropOp55
 70
     1
102
RTVSPost2010Prop56
140
1.0
102
RTVSPost2010PropOp56
 70
     1
102
RTVSPost2010Prop57
140
1.0
102
RTVSPost2010PropOp57
 70
     1
  0
XRECORD
  5
B6
102
{ACAD_REACTORS
330
B5
102
}
330
B5
100
AcDbXrecord
280
     1
102
RTVSPropertyOp0
 70
     1
102
RTVSPropertyOp1
 70
     1
102
RTVSPropertyOp2
 70
     1
102
RTVSPropertyOp3
 70
     1
102
RTVSPropertyOp4
 70
     1
102
RTVSPropertyOp5
 70
     1
102
RTVSPropertyOp6
 70
     1
102
RTVSPropertyOp7
 70
     1
102
RTVSPropertyOp8
 70
     1
102
RTVSPropertyOp9
 70
     1
102
RTVSPropertyOp10
 70
     1
102
RTVSPropertyOp11
 70
     1
102
RTVSPropertyOp12
 70
     1
102
RTVSPropertyOp13
 70
     1
102
RTVSPropertyOp14
 70
     1
102
RTVSPropertyOp15
 70
     1
102
RTVSPropertyOp16
 70
     1
102
RTVSPropertyOp17
 70
     1
102
RTVSPropertyOp18
 70
     1
102
RTVSPropertyOp19
 70
     1
102
RTVSPropertyOp20
 70
     1
102
RTVSPropertyOp21
 70
     1
102
RTVSPropertyOp22
 70
     1
102
RTVSPropertyOp23
 70
     1
102
RTVSPropertyOp24
 70
     1
102
RTVSPropertyOp25
 70
     1
102
RTVSPropertyOp26
 70
     1
102
RTVSPropertyOp27
 70
     1
102
RTVSPropertyOp28
 70
     1
102
RTVSPropertyOp29
 70
     1
102
RTVSPropertyOp30
 70
     1
102
RTVSPropertyOp31
 70
     1
102
RTVSPropertyOp32
 70
     1
102
RTVSPropertyOp33
 70
     1
102
RTVSPropertyOp34
 70
     1
102
RTVSPropertyOp35
 70
     1
102
RTVSPropertyOp36
 70
     1
102
RTVSPropertyOp37
 70
     1
102
RTVSPropertyOp38
 70
     1
102
RTVSPropertyOp39
 70
     1
102
RTVSPropertyOp40
 70
     1
102
RTVSPropertyOp41
 70
     1
102
RTVSPropertyOp42
 70
     1
102
RTVSPropertyOp43
 70
     1
102
RTVSPropertyOp44
 70
     1
102
RTVSPropertyOp45
 70
     1
102
RTVSPropertyOp46
 70
     1
102
RTVSPropertyOp47
 70
     1
102
RTVSPropertyOp48
 70
     1
102
RTVSPropertyOp49
 70
     1
102
RTVSPropertyOp50
 70
     1
102
RTVSPropertyOp51
 70
     0
102
RTVSPropertyOp52
 70
     0
102
RTVSPropertyOp53
 70
     1
102
RTVSPropertyOp54
 70
     1
102
RTVSPropertyOp55
 70
     1
102
RTVSPropertyOp56
 70
     1
102
RTVSPropertyOp57
 70
     1
102
RTVSPost2010Prop28
280
     0
102
RTVSPost2010PropOp28
 70
     1
102
RTVSPost2010Prop29
280
     1
102
RTVSPost2010PropOp29
 70
     1
102
RTVSPost2010Prop30
280
     1
102
RTVSPost2010PropOp30
 70
     1
102
RTVSPost2010Prop31
280
     0
102
RTVSPost2010PropOp31
 70
     1
102
RTVSPost2010Prop32
280
     0
102
RTVSPost2010PropOp32
 70
     1
102
RTVSPost2010Prop33
280
     0
102
RTVSPost2010PropOp33
 70
     1
102
RTVSPost2010Prop34
280
     0
102
RTVSPost2010PropOp34
 70
     1
102
RTVSPost2010Prop35
280
     0
102
RTVSPost2010PropOp35
 70
     1
102
RTVSPost2010Prop36
280
     0
102
RTVSPost2010PropOp36
 70
     1
102
RTVSPost2010Prop37
 90
       50
102
RTVSPost2010PropOp37
 70
     1
102
RTVSPost2010Prop38
140
0.0
102
RTVSPost2010PropOp38
 70
     1
102
RTVSPost2010Prop39
140
1.0
102
RTVSPost2010PropOp39
 70
     1
102
RTVSPost2010Prop40
 90
        0
102
RTVSPost2010PropOp40
 70
     1
102
RTVSPost2010Prop41ColorIndex
 90
       18
102
RTVSPost2010Prop41ColorRGB
 90
        0
102
RTVSPost2010PropOp41
 70
     1
102
RTVSPost2010Prop42
 90
       50
102
RTVSPost2010PropOp42
 70
     1
102
RTVSPost2010Prop43
 90
        3
102
RTVSPost2010PropOp43
 70
     1
102
RTVSPost2010Prop44ColorIndex
 90
        5
102
RTVSPost2010Prop44ColorRGB
 90
      255
102
RTVSPost2010PropOp44
 70
     1
102
RTVSPost2010Prop45
280
     0
102
RTVSPost2010PropOp45
 70
     1
102
RTVSPost2010Prop46
 90
       50
102
RTVSPost2010PropOp46
 70
     1
102
RTVSPost2010Prop47
 90
       50
102
RTVSPost2010PropOp47
 70
     1
102
RTVSPost2010Prop48
 90
       50
102
RTVSPost2010PropOp48
 70
     1
102
RTVSPost2010Prop49
280
     0
102
RTVSPost2010PropOp49
 70
     1
102
RTVSPost2010Prop50
 90
       50
102
RTVSPost2010PropOp50
 70
     1
102
RTVSPost2010Prop51ColorIndex
 90
      256
102
RTVSPost2010Prop51ColorRGB
 90
-16777216
102
RTVSPost2010PropOp51
 70
     0
102
RTVSPost2010Prop52
140
1.0
102
RTVSPost2010PropOp52
 70
     0
102
RTVSPost2010Prop53
 90
        2
102
RTVSPost2010PropOp53
 70
     1
102
RTVSPost2010Prop54
  1
strokes_ogs.tif
102
RTVSPost2010PropOp54
 70
     1
102
RTVSPost2010Prop55
280
     0
102
RTVSPost2010PropOp55
 70
     1
102
RTVSPost2010Prop56
140
1.0
102
RTVSPost2010PropOp56
 70
     1
102
RTVSPost2010Prop57
140
1.0
102
RTVSPost2010PropOp57
 70
     1
  0
XRECORD
  5
B8
102
{ACAD_REACTORS
330
B7
102
}
330
B7
100
AcDbXrecord
280
     1
102
RTVSPropertyOp0
 70
     1
102
RTVSPropertyOp1
 70
     1
102
RTVSPropertyOp2
 70
     1
102
RTVSPropertyOp3
 70
     1
102
RTVSPropertyOp4
 70
     1
102
RTVSPropertyOp5
 70
     1
102
RTVSPropertyOp6
 70
     1
102
RTVSPropertyOp7
 70
     1
102
RTVSPropertyOp8
 70
     1
102
RTVSPropertyOp9
 70
     1
102
RTVSPropertyOp10
 70
     1
102
RTVSPropertyOp11
 70
     1
102
RTVSPropertyOp12
 70
     1
102
RTVSPropertyOp13
 70
     1
102
RTVSPropertyOp14
 70
     1
102
RTVSPropertyOp15
 70
     1
102
RTVSPropertyOp16
 70
     1
102
RTVSPropertyOp17
 70
     1
102
RTVSPropertyOp18
 70
     1
102
RTVSPropertyOp19
 70
     1
102
RTVSPropertyOp20
 70
     1
102
RTVSPropertyOp21
 70
     1
102
RTVSPropertyOp22
 70
     1
102
RTVSPropertyOp23
 70
     1
102
RTVSPropertyOp24
 70
     1
102
RTVSPropertyOp25
 70
     1
102
RTVSPropertyOp26
 70
     1
102
RTVSPropertyOp27
 70
     1
102
RTVSPropertyOp28
 70
     1
102
RTVSPropertyOp29
 70
     1
102
RTVSPropertyOp30
 70
     1
102
RTVSPropertyOp31
 70
     1
102
RTVSPropertyOp32
 70
     1
102
RTVSPropertyOp33
 70
     1
102
RTVSPropertyOp34
 70
     1
102
RTVSPropertyOp35
 70
     1
102
RTVSPropertyOp36
 70
     1
102
RTVSPropertyOp37
 70
     1
102
RTVSPropertyOp38
 70
     1
102
RTVSPropertyOp39
 70
     1
102
RTVSPropertyOp40
 70
     1
102
RTVSPropertyOp41
 70
     1
102
RTVSPropertyOp42
 70
     1
102
RTVSPropertyOp43
 70
     1
102
RTVSPropertyOp44
 70
     1
102
RTVSPropertyOp45
 70
     1
102
RTVSPropertyOp46
 70
     1
102
RTVSPropertyOp47
 70
     1
102
RTVSPropertyOp48
 70
     1
102
RTVSPropertyOp49
 70
     1
102
RTVSPropertyOp50
 70
     1
102
RTVSPropertyOp51
 70
     0
102
RTVSPropertyOp52
 70
     0
102
RTVSPropertyOp53
 70
     1
102
RTVSPropertyOp54
 70
     1
102
RTVSPropertyOp55
 70
     1
102
RTVSPropertyOp56
 70
     1
102
RTVSPropertyOp57
 70
     1
102
RTVSPost2010Prop28
280
     0
102
RTVSPost2010PropOp28
 70
     1
102
RTVSPost2010Prop29
280
     1
102
RTVSPost2010PropOp29
 70
     1
102
RTVSPost2010Prop30
280
     1
102
RTVSPost2010PropOp30
 70
     1
102
RTVSPost2010Prop31
280
     0
102
RTVSPost2010PropOp31
 70
     1
102
RTVSPost2010Prop32
280
     0
102
RTVSPost2010PropOp32
 70
     1
102
RTVSPost2010Prop33
280
     0
102
RTVSPost2010PropOp33
 70
     1
102
RTVSPost2010Prop34
280
     0
102
RTVSPost2010PropOp34
 70
     1
102
RTVSPost2010Prop35
280
     0
102
RTVSPost2010PropOp35
 70
     1
102
RTVSPost2010Prop36
280
     0
102
RTVSPost2010PropOp36
 70
     1
102
RTVSPost2010Prop37
 90
       50
102
RTVSPost2010PropOp37
 70
     1
102
RTVSPost2010Prop38
140
0.0
102
RTVSPost2010PropOp38
 70
     1
102
RTVSPost2010Prop39
140
1.0
102
RTVSPost2010PropOp39
 70
     1
102
RTVSPost2010Prop40
 90
        0
102
RTVSPost2010PropOp40
 70
     1
102
RTVSPost2010Prop41ColorIndex
 90
       18
102
RTVSPost2010Prop41ColorRGB
 90
        0
102
RTVSPost2010PropOp41
 70
     1
102
RTVSPost2010Prop42
 90
       50
102
RTVSPost2010PropOp42
 70
     1
102
RTVSPost2010Prop43
 90
        3
102
RTVSPost2010PropOp43
 70
     1
102
RTVSPost2010Prop44ColorIndex
 90
        5
102
RTVSPost2010Prop44ColorRGB
 90
      255
102
RTVSPost2010PropOp44
 70
     1
102
RTVSPost2010Prop45
280
     0
102
RTVSPost2010PropOp45
 70
     1
102
RTVSPost2010Prop46
 90
       50
102
RTVSPost2010PropOp46
 70
     1
102
RTVSPost2010Prop47
 90
       50
102
RTVSPost2010PropOp47
 70
     1
102
RTVSPost2010Prop48
 90
       50
102
RTVSPost2010PropOp48
 70
     1
102
RTVSPost2010Prop49
280
     0
102
RTVSPost2010PropOp49
 70
     1
102
RTVSPost2010Prop50
 90
       50
102
RTVSPost2010PropOp50
 70
     1
102
RTVSPost2010Prop51ColorIndex
 90
      256
102
RTVSPost2010Prop51ColorRGB
 90
-16777216
102
RTVSPost2010PropOp51
 70
     0
102
RTVSPost2010Prop52
140
1.0
102
RTVSPost2010PropOp52
 70
     0
102
RTVSPost2010Prop53
 90
        2
102
RTVSPost2010PropOp53
 70
     1
102
RTVSPost2010Prop54
  1
strokes_ogs.tif
102
RTVSPost2010PropOp54
 70
     1
102
RTVSPost2010Prop55
280
     0
102
RTVSPost2010PropOp55
 70
     1
102
RTVSPost2010Prop56
140
1.0
102
RTVSPost2010PropOp56
 70
     1
102
RTVSPost2010Prop57
140
1.0
102
RTVSPost2010PropOp57
 70
     1
  0
XRECORD
  5
BE
102
{ACAD_REACTORS
330
BD
102
}
330
BD
100
AcDbXrecord
280
     1
102
RTVSPropertyOp0
 70
     1
102
RTVSPropertyOp1
 70
     1
102
RTVSPropertyOp2
 70
     1
102
RTVSPropertyOp3
 70
     1
102
RTVSPropertyOp4
 70
     1
102
RTVSPropertyOp5
 70
     1
102
RTVSPropertyOp6
 70
     1
102
RTVSPropertyOp7
 70
     1
102
RTVSPropertyOp8
 70
     1
102
RTVSPropertyOp9
 70
     1
102
RTVSPropertyOp10
 70
     1
102
RTVSPropertyOp11
 70
     1
102
RTVSPropertyOp12
 70
     1
102
RTVSPropertyOp13
 70
     1
102
RTVSPropertyOp14
 70
     1
102
RTVSPropertyOp15
 70
     1
102
RTVSPropertyOp16
 70
     1
102
RTVSPropertyOp17
 70
     1
102
RTVSPropertyOp18
 70
     1
102
RTVSPropertyOp19
 70
     1
102
RTVSPropertyOp20
 70
     1
102
RTVSPropertyOp21
 70
     1
102
RTVSPropertyOp22
 70
     1
102
RTVSPropertyOp23
 70
     1
102
RTVSPropertyOp24
 70
     1
102
RTVSPropertyOp25
 70
     1
102
RTVSPropertyOp26
 70
     1
102
RTVSPropertyOp27
 70
     1
102
RTVSPropertyOp28
 70
     1
102
RTVSPropertyOp29
 70
     1
102
RTVSPropertyOp30
 70
     1
102
RTVSPropertyOp31
 70
     1
102
RTVSPropertyOp32
 70
     1
102
RTVSPropertyOp33
 70
     1
102
RTVSPropertyOp34
 70
     1
102
RTVSPropertyOp35
 70
     1
102
RTVSPropertyOp36
 70
     1
102
RTVSPropertyOp37
 70
     1
102
RTVSPropertyOp38
 70
     1
102
RTVSPropertyOp39
 70
     1
102
RTVSPropertyOp40
 70
     1
102
RTVSPropertyOp41
 70
     1
102
RTVSPropertyOp42
 70
     1
102
RTVSPropertyOp43
 70
     1
102
RTVSPropertyOp44
 70
     1
102
RTVSPropertyOp45
 70
     1
102
RTVSPropertyOp46
 70
     1
102
RTVSPropertyOp47
 70
     1
102
RTVSPropertyOp48
 70
     1
102
RTVSPropertyOp49
 70
     1
102
RTVSPropertyOp50
 70
     1
102
RTVSPropertyOp51
 70
     0
102
RTVSPropertyOp52
 70
     0
102
RTVSPropertyOp53
 70
     1
102
RTVSPropertyOp54
 70
     1
102
RTVSPropertyOp55
 70
     1
102
RTVSPropertyOp56
 70
     1
102
RTVSPropertyOp57
 70
     1
102
RTVSPost2010Prop28
280
     0
102
RTVSPost2010PropOp28
 70
     1
102
RTVSPost2010Prop29
280
     1
102
RTVSPost2010PropOp29
 70
     1
102
RTVSPost2010Prop30
280
     1
102
RTVSPost2010PropOp30
 70
     1
102
RTVSPost2010Prop31
280
     0
102
RTVSPost2010PropOp31
 70
     1
102
RTVSPost2010Prop32
280
     0
102
RTVSPost2010PropOp32
 70
     1
102
RTVSPost2010Prop33
280
     0
102
RTVSPost2010PropOp33
 70
     1
102
RTVSPost2010Prop34
280
     0
102
RTVSPost2010PropOp34
 70
     1
102
RTVSPost2010Prop35
280
     0
102
RTVSPost2010PropOp35
 70
     1
102
RTVSPost2010Prop36
280
     0
102
RTVSPost2010PropOp36
 70
     1
102
RTVSPost2010Prop37
 90
       50
102
RTVSPost2010PropOp37
 70
     1
102
RTVSPost2010Prop38
140
0.0
102
RTVSPost2010PropOp38
 70
     1
102
RTVSPost2010Prop39
140
1.0
102
RTVSPost2010PropOp39
 70
     1
102
RTVSPost2010Prop40
 90
        0
102
RTVSPost2010PropOp40
 70
     1
102
RTVSPost2010Prop41ColorIndex
 90
       18
102
RTVSPost2010Prop41ColorRGB
 90
        0
102
RTVSPost2010PropOp41
 70
     1
102
RTVSPost2010Prop42
 90
       50
102
RTVSPost2010PropOp42
 70
     1
102
RTVSPost2010Prop43
 90
        3
102
RTVSPost2010PropOp43
 70
     1
102
RTVSPost2010Prop44ColorIndex
 90
        5
102
RTVSPost2010Prop44ColorRGB
 90
      255
102
RTVSPost2010PropOp44
 70
     1
102
RTVSPost2010Prop45
280
     0
102
RTVSPost2010PropOp45
 70
     1
102
RTVSPost2010Prop46
 90
       50
102
RTVSPost2010PropOp46
 70
     1
102
RTVSPost2010Prop47
 90
       50
102
RTVSPost2010PropOp47
 70
     1
102
RTVSPost2010Prop48
 90
       50
102
RTVSPost2010PropOp48
 70
     1
102
RTVSPost2010Prop49
280
     0
102
RTVSPost2010PropOp49
 70
     1
102
RTVSPost2010Prop50
 90
       50
102
RTVSPost2010PropOp50
 70
     1
102
RTVSPost2010Prop51ColorIndex
 90
      256
102
RTVSPost2010Prop51ColorRGB
 90
-16777216
102
RTVSPost2010PropOp51
 70
     0
102
RTVSPost2010Prop52
140
1.0
102
RTVSPost2010PropOp52
 70
     0
102
RTVSPost2010Prop53
 90
        2
102
RTVSPost2010PropOp53
 70
     1
102
RTVSPost2010Prop54
  1
strokes_ogs.tif
102
RTVSPost2010PropOp54
 70
     1
102
RTVSPost2010Prop55
280
     0
102
RTVSPost2010PropOp55
 70
     1
102
RTVSPost2010Prop56
140
1.0
102
RTVSPost2010PropOp56
 70
     1
102
RTVSPost2010Prop57
140
1.0
102
RTVSPost2010PropOp57
 70
     1
  0
XRECORD
  5
D2
102
{ACAD_REACTORS
330
D1
102
}
330
D1
100
AcDbXrecord
280
     1
102
RTVSPropertyOp0
 70
     0
102
RTVSPropertyOp1
 70
     0
102
RTVSPropertyOp2
 70
     0
102
RTVSPropertyOp3
 70
     0
102
RTVSPropertyOp4
 70
     0
102
RTVSPropertyOp5
 70
     0
102
RTVSPropertyOp6
 70
     0
102
RTVSPropertyOp7
 70
     0
102
RTVSPropertyOp8
 70
     0
102
RTVSPropertyOp9
 70
     0
102
RTVSPropertyOp10
 70
     0
102
RTVSPropertyOp11
 70
     0
102
RTVSPropertyOp12
 70
     0
102
RTVSPropertyOp13
 70
     0
102
RTVSPropertyOp14
 70
     2
102
RTVSPropertyOp15
 70
     0
102
RTVSPropertyOp16
 70
     0
102
RTVSPropertyOp17
 70
     0
102
RTVSPropertyOp18
 70
     0
102
RTVSPropertyOp19
 70
     0
102
RTVSPropertyOp20
 70
     0
102
RTVSPropertyOp21
 70
     0
102
RTVSPropertyOp22
 70
     0
102
RTVSPropertyOp23
 70
     0
102
RTVSPropertyOp24
 70
     0
102
RTVSPropertyOp25
 70
     0
102
RTVSPropertyOp26
 70
     0
102
RTVSPropertyOp27
 70
     0
102
RTVSPropertyOp28
 70
     0
102
RTVSPropertyOp29
 70
     0
102
RTVSPropertyOp30
 70
     0
102
RTVSPropertyOp31
 70
     0
102
RTVSPropertyOp32
 70
     0
102
RTVSPropertyOp33
 70
     0
102
RTVSPropertyOp34
 70
     0
102
RTVSPropertyOp35
 70
     0
102
RTVSPropertyOp36
 70
     0
102
RTVSPropertyOp37
 70
     0
102
RTVSPropertyOp38
 70
     0
102
RTVSPropertyOp39
 70
     0
102
RTVSPropertyOp40
 70
     0
102
RTVSPropertyOp41
 70
     0
102
RTVSPropertyOp42
 70
     0
102
RTVSPropertyOp43
 70
     0
102
RTVSPropertyOp44
 70
     0
102
RTVSPropertyOp45
 70
     0
102
RTVSPropertyOp46
 70
     0
102
RTVSPropertyOp47
 70
     0
102
RTVSPropertyOp48
 70
     0
102
RTVSPropertyOp49
 70
     0
102
RTVSPropertyOp50
 70
     0
102
RTVSPropertyOp51
 70
     0
102
RTVSPropertyOp52
 70
     0
102
RTVSPropertyOp53
 70
     0
102
RTVSPropertyOp54
 70
     0
102
RTVSPropertyOp55
 70
     0
102
RTVSPropertyOp56
 70
     0
102
RTVSPropertyOp57
 70
     0
102
RTVSPost2010Prop28
280
     0
102
RTVSPost2010PropOp28
 70
     0
102
RTVSPost2010Prop29
280
     1
102
RTVSPost2010PropOp29
 70
     0
102
RTVSPost2010Prop30
280
     1
102
RTVSPost2010PropOp30
 70
     0
102
RTVSPost2010Prop31
280
     0
102
RTVSPost2010PropOp31
 70
     0
102
RTVSPost2010Prop32
280
     0
102
RTVSPost2010PropOp32
 70
     0
102
RTVSPost2010Prop33
280
     0
102
RTVSPost2010PropOp33
 70
     0
102
RTVSPost2010Prop34
280
     0
102
RTVSPost2010PropOp34
 70
     0
102
RTVSPost2010Prop35
280
     0
102
RTVSPost2010PropOp35
 70
     0
102
RTVSPost2010Prop36
280
     0
102
RTVSPost2010PropOp36
 70
     0
102
RTVSPost2010Prop37
 90
       50
102
RTVSPost2010PropOp37
 70
     0
102
RTVSPost2010Prop38
140
0.0
102
RTVSPost2010PropOp38
 70
     0
102
RTVSPost2010Prop39
140
1.0
102
RTVSPost2010PropOp39
 70
     0
102
RTVSPost2010Prop40
 90
        0
102
RTVSPost2010PropOp40
 70
     0
102
RTVSPost2010Prop41ColorIndex
 90
       18
102
RTVSPost2010Prop41ColorRGB
 90
        0
102
RTVSPost2010PropOp41
 70
     0
102
RTVSPost2010Prop42
 90
       50
102
RTVSPost2010PropOp42
 70
     0
102
RTVSPost2010Prop43
 90
        3
102
RTVSPost2010PropOp43
 70
     0
102
RTVSPost2010Prop44ColorIndex
 90
        5
102
RTVSPost2010Prop44ColorRGB
 90
      255
102
RTVSPost2010PropOp44
 70
     0
102
RTVSPost2010Prop45
280
     0
102
RTVSPost2010PropOp45
 70
     0
102
RTVSPost2010Prop46
 90
       50
102
RTVSPost2010PropOp46
 70
     0
102
RTVSPost2010Prop47
 90
       50
102
RTVSPost2010PropOp47
 70
     0
102
RTVSPost2010Prop48
 90
       50
102
RTVSPost2010PropOp48
 70
     0
102
RTVSPost2010Prop49
280
     0
102
RTVSPost2010PropOp49
 70
     0
102
RTVSPost2010Prop50
 90
       50
102
RTVSPost2010PropOp50
 70
     0
102
RTVSPost2010Prop51ColorIndex
 90
      256
102
RTVSPost2010Prop51ColorRGB
 90
-16777216
102
RTVSPost2010PropOp51
 70
     0
102
RTVSPost2010Prop52
140
1.0
102
RTVSPost2010PropOp52
 70
     0
102
RTVSPost2010Prop53
 90
        2
102
RTVSPost2010PropOp53
 70
     0
102
RTVSPost2010Prop54
  1
strokes_ogs.tif
102
RTVSPost2010PropOp54
 70
     0
102
RTVSPost2010Prop55
280
     0
102
RTVSPost2010PropOp55
 70
     0
102
RTVSPost2010Prop56
140
1.0
102
RTVSPost2010PropOp56
 70
     0
102
RTVSPost2010Prop57
140
1.0
102
RTVSPost2010PropOp57
 70
     0
  0
XRECORD
  5
CC
102
{ACAD_REACTORS
330
CB
102
}
330
CB
100
AcDbXrecord
280
     1
102
RTVSPropertyOp0
 70
     1
102
RTVSPropertyOp1
 70
     1
102
RTVSPropertyOp2
 70
     1
102
RTVSPropertyOp3
 70
     1
102
RTVSPropertyOp4
 70
     1
102
RTVSPropertyOp5
 70
     1
102
RTVSPropertyOp6
 70
     1
102
RTVSPropertyOp7
 70
     1
102
RTVSPropertyOp8
 70
     1
102
RTVSPropertyOp9
 70
     1
102
RTVSPropertyOp10
 70
     1
102
RTVSPropertyOp11
 70
     1
102
RTVSPropertyOp12
 70
     1
102
RTVSPropertyOp13
 70
     1
102
RTVSPropertyOp14
 70
     1
102
RTVSPropertyOp15
 70
     1
102
RTVSPropertyOp16
 70
     1
102
RTVSPropertyOp17
 70
     1
102
RTVSPropertyOp18
 70
     1
102
RTVSPropertyOp19
 70
     1
102
RTVSPropertyOp20
 70
     1
102
RTVSPropertyOp21
 70
     1
102
RTVSPropertyOp22
 70
     1
102
RTVSPropertyOp23
 70
     1
102
RTVSPropertyOp24
 70
     1
102
RTVSPropertyOp25
 70
     1
102
RTVSPropertyOp26
 70
     1
102
RTVSPropertyOp27
 70
     1
102
RTVSPropertyOp28
 70
     1
102
RTVSPropertyOp29
 70
     1
102
RTVSPropertyOp30
 70
     1
102
RTVSPropertyOp31
 70
     1
102
RTVSPropertyOp32
 70
     1
102
RTVSPropertyOp33
 70
     1
102
RTVSPropertyOp34
 70
     1
102
RTVSPropertyOp35
 70
     1
102
RTVSPropertyOp36
 70
     1
102
RTVSPropertyOp37
 70
     1
102
RTVSPropertyOp38
 70
     1
102
RTVSPropertyOp39
 70
     1
102
RTVSPropertyOp40
 70
     1
102
RTVSPropertyOp41
 70
     1
102
RTVSPropertyOp42
 70
     1
102
RTVSPropertyOp43
 70
     1
102
RTVSPropertyOp44
 70
     1
102
RTVSPropertyOp45
 70
     1
102
RTVSPropertyOp46
 70
     1
102
RTVSPropertyOp47
 70
     1
102
RTVSPropertyOp48
 70
     1
102
RTVSPropertyOp49
 70
     1
102
RTVSPropertyOp50
 70
     1
102
RTVSPropertyOp51
 70
     0
102
RTVSPropertyOp52
 70
     0
102
RTVSPropertyOp53
 70
     1
102
RTVSPropertyOp54
 70
     1
102
RTVSPropertyOp55
 70
     1
102
RTVSPropertyOp56
 70
     1
102
RTVSPropertyOp57
 70
     1
102
RTVSPost2010Prop28
280
     0
102
RTVSPost2010PropOp28
 70
     1
102
RTVSPost2010Prop29
280
     1
102
RTVSPost2010PropOp29
 70
     1
102
RTVSPost2010Prop30
280
     1
102
RTVSPost2010PropOp30
 70
     1
102
RTVSPost2010Prop31
280
     0
102
RTVSPost2010PropOp31
 70
     1
102
RTVSPost2010Prop32
280
     0
102
RTVSPost2010PropOp32
 70
     1
102
RTVSPost2010Prop33
280
     0
102
RTVSPost2010PropOp33
 70
     1
102
RTVSPost2010Prop34
280
     0
102
RTVSPost2010PropOp34
 70
     1
102
RTVSPost2010Prop35
280
     0
102
RTVSPost2010PropOp35
 70
     1
102
RTVSPost2010Prop36
280
     0
102
RTVSPost2010PropOp36
 70
     1
102
RTVSPost2010Prop37
 90
       50
102
RTVSPost2010PropOp37
 70
     1
102
RTVSPost2010Prop38
140
0.0
102
RTVSPost2010PropOp38
 70
     1
102
RTVSPost2010Prop39
140
1.0
102
RTVSPost2010PropOp39
 70
     1
102
RTVSPost2010Prop40
 90
        0
102
RTVSPost2010PropOp40
 70
     1
102
RTVSPost2010Prop41ColorIndex
 90
       18
102
RTVSPost2010Prop41ColorRGB
 90
        0
102
RTVSPost2010PropOp41
 70
     1
102
RTVSPost2010Prop42
 90
       50
102
RTVSPost2010PropOp42
 70
     1
102
RTVSPost2010Prop43
 90
        3
102
RTVSPost2010PropOp43
 70
     1
102
RTVSPost2010Prop44ColorIndex
 90
        5
102
RTVSPost2010Prop44ColorRGB
 90
      255
102
RTVSPost2010PropOp44
 70
     1
102
RTVSPost2010Prop45
280
     0
102
RTVSPost2010PropOp45
 70
     1
102
RTVSPost2010Prop46
 90
       50
102
RTVSPost2010PropOp46
 70
     1
102
RTVSPost2010Prop47
 90
       50
102
RTVSPost2010PropOp47
 70
     1
102
RTVSPost2010Prop48
 90
       50
102
RTVSPost2010PropOp48
 70
     1
102
RTVSPost2010Prop49
280
     0
102
RTVSPost2010PropOp49
 70
     1
102
RTVSPost2010Prop50
 90
       50
102
RTVSPost2010PropOp50
 70
     1
102
RTVSPost2010Prop51ColorIndex
 90
      256
102
RTVSPost2010Prop51ColorRGB
 90
-16777216
102
RTVSPost2010PropOp51
 70
     0
102
RTVSPost2010Prop52
140
1.0
102
RTVSPost2010PropOp52
 70
     0
102
RTVSPost2010Prop53
 90
        2
102
RTVSPost2010PropOp53
 70
     1
102
RTVSPost2010Prop54
  1
strokes_ogs.tif
102
RTVSPost2010PropOp54
 70
     1
102
RTVSPost2010Prop55
280
     0
102
RTVSPost2010PropOp55
 70
     1
102
RTVSPost2010Prop56
140
1.0
102
RTVSPost2010PropOp56
 70
     1
102
RTVSPost2010Prop57
140
1.0
102
RTVSPost2010PropOp57
 70
     1
  0
XRECORD
  5
D4
102
{ACAD_REACTORS
330
D3
102
}
330
D3
100
AcDbXrecord
280
     1
102
RTVSPropertyOp0
 70
     0
102
RTVSPropertyOp1
 70
     0
102
RTVSPropertyOp2
 70
     0
102
RTVSPropertyOp3
 70
     0
102
RTVSPropertyOp4
 70
     0
102
RTVSPropertyOp5
 70
     0
102
RTVSPropertyOp6
 70
     0
102
RTVSPropertyOp7
 70
     0
102
RTVSPropertyOp8
 70
     0
102
RTVSPropertyOp9
 70
     0
102
RTVSPropertyOp10
 70
     0
102
RTVSPropertyOp11
 70
     0
102
RTVSPropertyOp12
 70
     0
102
RTVSPropertyOp13
 70
     0
102
RTVSPropertyOp14
 70
     2
102
RTVSPropertyOp15
 70
     0
102
RTVSPropertyOp16
 70
     0
102
RTVSPropertyOp17
 70
     0
102
RTVSPropertyOp18
 70
     0
102
RTVSPropertyOp19
 70
     0
102
RTVSPropertyOp20
 70
     0
102
RTVSPropertyOp21
 70
     0
102
RTVSPropertyOp22
 70
     0
102
RTVSPropertyOp23
 70
     0
102
RTVSPropertyOp24
 70
     0
102
RTVSPropertyOp25
 70
     0
102
RTVSPropertyOp26
 70
     0
102
RTVSPropertyOp27
 70
     0
102
RTVSPropertyOp28
 70
     0
102
RTVSPropertyOp29
 70
     0
102
RTVSPropertyOp30
 70
     0
102
RTVSPropertyOp31
 70
     0
102
RTVSPropertyOp32
 70
     0
102
RTVSPropertyOp33
 70
     0
102
RTVSPropertyOp34
 70
     0
102
RTVSPropertyOp35
 70
     0
102
RTVSPropertyOp36
 70
     0
102
RTVSPropertyOp37
 70
     0
102
RTVSPropertyOp38
 70
     0
102
RTVSPropertyOp39
 70
     0
102
RTVSPropertyOp40
 70
     0
102
RTVSPropertyOp41
 70
     0
102
RTVSPropertyOp42
 70
     0
102
RTVSPropertyOp43
 70
     0
102
RTVSPropertyOp44
 70
     0
102
RTVSPropertyOp45
 70
     0
102
RTVSPropertyOp46
 70
     0
102
RTVSPropertyOp47
 70
     0
102
RTVSPropertyOp48
 70
     0
102
RTVSPropertyOp49
 70
     0
102
RTVSPropertyOp50
 70
     0
102
RTVSPropertyOp51
 70
     0
102
RTVSPropertyOp52
 70
     0
102
RTVSPropertyOp53
 70
     0
102
RTVSPropertyOp54
 70
     0
102
RTVSPropertyOp55
 70
     0
102
RTVSPropertyOp56
 70
     0
102
RTVSPropertyOp57
 70
     0
102
RTVSPost2010Prop28
280
     0
102
RTVSPost2010PropOp28
 70
     0
102
RTVSPost2010Prop29
280
     1
102
RTVSPost2010PropOp29
 70
     0
102
RTVSPost2010Prop30
280
     1
102
RTVSPost2010PropOp30
 70
     0
102
RTVSPost2010Prop31
280
     0
102
RTVSPost2010PropOp31
 70
     0
102
RTVSPost2010Prop32
280
     0
102
RTVSPost2010PropOp32
 70
     0
102
RTVSPost2010Prop33
280
     0
102
RTVSPost2010PropOp33
 70
     0
102
RTVSPost2010Prop34
280
     0
102
RTVSPost2010PropOp34
 70
     0
102
RTVSPost2010Prop35
280
     0
102
RTVSPost2010PropOp35
 70
     0
102
RTVSPost2010Prop36
280
     0
102
RTVSPost2010PropOp36
 70
     0
102
RTVSPost2010Prop37
 90
       50
102
RTVSPost2010PropOp37
 70
     0
102
RTVSPost2010Prop38
140
0.0
102
RTVSPost2010PropOp38
 70
     0
102
RTVSPost2010Prop39
140
1.0
102
RTVSPost2010PropOp39
 70
     0
102
RTVSPost2010Prop40
 90
        0
102
RTVSPost2010PropOp40
 70
     0
102
RTVSPost2010Prop41ColorIndex
 90
       18
102
RTVSPost2010Prop41ColorRGB
 90
        0
102
RTVSPost2010PropOp41
 70
     0
102
RTVSPost2010Prop42
 90
       50
102
RTVSPost2010PropOp42
 70
     0
102
RTVSPost2010Prop43
 90
        3
102
RTVSPost2010PropOp43
 70
     0
102
RTVSPost2010Prop44ColorIndex
 90
        5
102
RTVSPost2010Prop44ColorRGB
 90
      255
102
RTVSPost2010PropOp44
 70
     0
102
RTVSPost2010Prop45
280
     0
102
RTVSPost2010PropOp45
 70
     0
102
RTVSPost2010Prop46
 90
       50
102
RTVSPost2010PropOp46
 70
     0
102
RTVSPost2010Prop47
 90
       50
102
RTVSPost2010PropOp47
 70
     0
102
RTVSPost2010Prop48
 90
       50
102
RTVSPost2010PropOp48
 70
     0
102
RTVSPost2010Prop49
280
     0
102
RTVSPost2010PropOp49
 70
     0
102
RTVSPost2010Prop50
 90
       50
102
RTVSPost2010PropOp50
 70
     0
102
RTVSPost2010Prop51ColorIndex
 90
      256
102
RTVSPost2010Prop51ColorRGB
 90
-16777216
102
RTVSPost2010PropOp51
 70
     0
102
RTVSPost2010Prop52
140
1.0
102
RTVSPost2010PropOp52
 70
     0
102
RTVSPost2010Prop53
 90
        2
102
RTVSPost2010PropOp53
 70
     0
102
RTVSPost2010Prop54
  1
strokes_ogs.tif
102
RTVSPost2010PropOp54
 70
     0
102
RTVSPost2010Prop55
280
     0
102
RTVSPost2010PropOp55
 70
     0
102
RTVSPost2010Prop56
140
1.0
102
RTVSPost2010PropOp56
 70
     0
102
RTVSPost2010Prop57
140
1.0
102
RTVSPost2010PropOp57
 70
     0
  0
XRECORD
  5
C2
102
{ACAD_REACTORS
330
C1
102
}
330
C1
100
AcDbXrecord
280
     1
102
RTVSPropertyOp0
 70
     1
102
RTVSPropertyOp1
 70
     1
102
RTVSPropertyOp2
 70
     1
102
RTVSPropertyOp3
 70
     1
102
RTVSPropertyOp4
 70
     1
102
RTVSPropertyOp5
 70
     1
102
RTVSPropertyOp6
 70
     1
102
RTVSPropertyOp7
 70
     1
102
RTVSPropertyOp8
 70
     1
102
RTVSPropertyOp9
 70
     1
102
RTVSPropertyOp10
 70
     1
102
RTVSPropertyOp11
 70
     1
102
RTVSPropertyOp12
 70
     1
102
RTVSPropertyOp13
 70
     1
102
RTVSPropertyOp14
 70
     1
102
RTVSPropertyOp15
 70
     1
102
RTVSPropertyOp16
 70
     1
102
RTVSPropertyOp17
 70
     1
102
RTVSPropertyOp18
 70
     1
102
RTVSPropertyOp19
 70
     1
102
RTVSPropertyOp20
 70
     1
102
RTVSPropertyOp21
 70
     1
102
RTVSPropertyOp22
 70
     1
102
RTVSPropertyOp23
 70
     1
102
RTVSPropertyOp24
 70
     1
102
RTVSPropertyOp25
 70
     1
102
RTVSPropertyOp26
 70
     1
102
RTVSPropertyOp27
 70
     1
102
RTVSPropertyOp28
 70
     1
102
RTVSPropertyOp29
 70
     1
102
RTVSPropertyOp30
 70
     1
102
RTVSPropertyOp31
 70
     1
102
RTVSPropertyOp32
 70
     1
102
RTVSPropertyOp33
 70
     1
102
RTVSPropertyOp34
 70
     1
102
RTVSPropertyOp35
 70
     1
102
RTVSPropertyOp36
 70
     1
102
RTVSPropertyOp37
 70
     1
102
RTVSPropertyOp38
 70
     1
102
RTVSPropertyOp39
 70
     1
102
RTVSPropertyOp40
 70
     1
102
RTVSPropertyOp41
 70
     1
102
RTVSPropertyOp42
 70
     1
102
RTVSPropertyOp43
 70
     1
102
RTVSPropertyOp44
 70
     1
102
RTVSPropertyOp45
 70
     1
102
RTVSPropertyOp46
 70
     1
102
RTVSPropertyOp47
 70
     1
102
RTVSPropertyOp48
 70
     1
102
RTVSPropertyOp49
 70
     1
102
RTVSPropertyOp50
 70
     1
102
RTVSPropertyOp51
 70
     0
102
RTVSPropertyOp52
 70
     0
102
RTVSPropertyOp53
 70
     1
102
RTVSPropertyOp54
 70
     1
102
RTVSPropertyOp55
 70
     1
102
RTVSPropertyOp56
 70
     1
102
RTVSPropertyOp57
 70
     1
102
RTVSPost2010Prop28
280
     0
102
RTVSPost2010PropOp28
 70
     1
102
RTVSPost2010Prop29
280
     1
102
RTVSPost2010PropOp29
 70
     1
102
RTVSPost2010Prop30
280
     1
102
RTVSPost2010PropOp30
 70
     1
102
RTVSPost2010Prop31
280
     0
102
RTVSPost2010PropOp31
 70
     1
102
RTVSPost2010Prop32
280
     0
102
RTVSPost2010PropOp32
 70
     1
102
RTVSPost2010Prop33
280
     0
102
RTVSPost2010PropOp33
 70
     1
102
RTVSPost2010Prop34
280
     0
102
RTVSPost2010PropOp34
 70
     1
102
RTVSPost2010Prop35
280
     0
102
RTVSPost2010PropOp35
 70
     1
102
RTVSPost2010Prop36
280
     0
102
RTVSPost2010PropOp36
 70
     1
102
RTVSPost2010Prop37
 90
       50
102
RTVSPost2010PropOp37
 70
     1
102
RTVSPost2010Prop38
140
0.0
102
RTVSPost2010PropOp38
 70
     1
102
RTVSPost2010Prop39
140
1.0
102
RTVSPost2010PropOp39
 70
     1
102
RTVSPost2010Prop40
 90
        0
102
RTVSPost2010PropOp40
 70
     1
102
RTVSPost2010Prop41ColorIndex
 90
       18
102
RTVSPost2010Prop41ColorRGB
 90
        0
102
RTVSPost2010PropOp41
 70
     1
102
RTVSPost2010Prop42
 90
       50
102
RTVSPost2010PropOp42
 70
     1
102
RTVSPost2010Prop43
 90
        3
102
RTVSPost2010PropOp43
 70
     1
102
RTVSPost2010Prop44ColorIndex
 90
        5
102
RTVSPost2010Prop44ColorRGB
 90
      255
102
RTVSPost2010PropOp44
 70
     1
102
RTVSPost2010Prop45
280
     0
102
RTVSPost2010PropOp45
 70
     1
102
RTVSPost2010Prop46
 90
       50
102
RTVSPost2010PropOp46
 70
     1
102
RTVSPost2010Prop47
 90
       50
102
RTVSPost2010PropOp47
 70
     1
102
RTVSPost2010Prop48
 90
       50
102
RTVSPost2010PropOp48
 70
     1
102
RTVSPost2010Prop49
280
     0
102
RTVSPost2010PropOp49
 70
     1
102
RTVSPost2010Prop50
 90
       50
102
RTVSPost2010PropOp50
 70
     1
102
RTVSPost2010Prop51ColorIndex
 90
      256
102
RTVSPost2010Prop51ColorRGB
 90
-16777216
102
RTVSPost2010PropOp51
 70
     0
102
RTVSPost2010Prop52
140
1.0
102
RTVSPost2010PropOp52
 70
     0
102
RTVSPost2010Prop53
 90
        2
102
RTVSPost2010PropOp53
 70
     1
102
RTVSPost2010Prop54
  1
strokes_ogs.tif
102
RTVSPost2010PropOp54
 70
     1
102
RTVSPost2010Prop55
280
     0
102
RTVSPost2010PropOp55
 70
     1
102
RTVSPost2010Prop56
140
1.0
102
RTVSPost2010PropOp56
 70
     1
102
RTVSPost2010Prop57
140
1.0
102
RTVSPost2010PropOp57
 70
     1
  0
XRECORD
  5
E0
102
{ACAD_REACTORS
330
DF
102
}
330
DF
100
AcDbXrecord
280
     1
102
RTVSPropertyOp0
 70
     1
102
RTVSPropertyOp1
 70
     1
102
RTVSPropertyOp2
 70
     1
102
RTVSPropertyOp3
 70
     1
102
RTVSPropertyOp4
 70
     1
102
RTVSPropertyOp5
 70
     1
102
RTVSPropertyOp6
 70
     1
102
RTVSPropertyOp7
 70
     1
102
RTVSPropertyOp8
 70
     1
102
RTVSPropertyOp9
 70
     1
102
RTVSPropertyOp10
 70
     1
102
RTVSPropertyOp11
 70
     1
102
RTVSPropertyOp12
 70
     1
102
RTVSPropertyOp13
 70
     1
102
RTVSPropertyOp14
 70
     1
102
RTVSPropertyOp15
 70
     1
102
RTVSPropertyOp16
 70
     1
102
RTVSPropertyOp17
 70
     1
102
RTVSPropertyOp18
 70
     1
102
RTVSPropertyOp19
 70
     1
102
RTVSPropertyOp20
 70
     1
102
RTVSPropertyOp21
 70
     1
102
RTVSPropertyOp22
 70
     1
102
RTVSPropertyOp23
 70
     1
102
RTVSPropertyOp24
 70
     1
102
RTVSPropertyOp25
 70
     1
102
RTVSPropertyOp26
 70
     1
102
RTVSPropertyOp27
 70
     1
102
RTVSPropertyOp28
 70
     1
102
RTVSPropertyOp29
 70
     1
102
RTVSPropertyOp30
 70
     1
102
RTVSPropertyOp31
 70
     1
102
RTVSPropertyOp32
 70
     1
102
RTVSPropertyOp33
 70
     1
102
RTVSPropertyOp34
 70
     1
102
RTVSPropertyOp35
 70
     1
102
RTVSPropertyOp36
 70
     1
102
RTVSPropertyOp37
 70
     1
102
RTVSPropertyOp38
 70
     1
102
RTVSPropertyOp39
 70
     1
102
RTVSPropertyOp40
 70
     1
102
RTVSPropertyOp41
 70
     1
102
RTVSPropertyOp42
 70
     1
102
RTVSPropertyOp43
 70
     1
102
RTVSPropertyOp44
 70
     1
102
RTVSPropertyOp45
 70
     1
102
RTVSPropertyOp46
 70
     1
102
RTVSPropertyOp47
 70
     1
102
RTVSPropertyOp48
 70
     1
102
RTVSPropertyOp49
 70
     1
102
RTVSPropertyOp50
 70
     1
102
RTVSPropertyOp51
 70
     0
102
RTVSPropertyOp52
 70
     0
102
RTVSPropertyOp53
 70
     1
102
RTVSPropertyOp54
 70
     1
102
RTVSPropertyOp55
 70
     1
102
RTVSPropertyOp56
 70
     1
102
RTVSPropertyOp57
 70
     1
102
RTVSPost2010Prop28
280
     0
102
RTVSPost2010PropOp28
 70
     1
102
RTVSPost2010Prop29
280
     1
102
RTVSPost2010PropOp29
 70
     1
102
RTVSPost2010Prop30
280
     1
102
RTVSPost2010PropOp30
 70
     1
102
RTVSPost2010Prop31
280
     0
102
RTVSPost2010PropOp31
 70
     1
102
RTVSPost2010Prop32
280
     0
102
RTVSPost2010PropOp32
 70
     1
102
RTVSPost2010Prop33
280
     0
102
RTVSPost2010PropOp33
 70
     1
102
RTVSPost2010Prop34
280
     0
102
RTVSPost2010PropOp34
 70
     1
102
RTVSPost2010Prop35
280
     0
102
RTVSPost2010PropOp35
 70
     1
102
RTVSPost2010Prop36
280
     0
102
RTVSPost2010PropOp36
 70
     1
102
RTVSPost2010Prop37
 90
       50
102
RTVSPost2010PropOp37
 70
     1
102
RTVSPost2010Prop38
140
0.0
102
RTVSPost2010PropOp38
 70
     1
102
RTVSPost2010Prop39
140
1.0
102
RTVSPost2010PropOp39
 70
     1
102
RTVSPost2010Prop40
 90
        0
102
RTVSPost2010PropOp40
 70
     1
102
RTVSPost2010Prop41ColorIndex
 90
       18
102
RTVSPost2010Prop41ColorRGB
 90
        0
102
RTVSPost2010PropOp41
 70
     1
102
RTVSPost2010Prop42
 90
       50
102
RTVSPost2010PropOp42
 70
     1
102
RTVSPost2010Prop43
 90
        3
102
RTVSPost2010PropOp43
 70
     1
102
RTVSPost2010Prop44ColorIndex
 90
        5
102
RTVSPost2010Prop44ColorRGB
 90
      255
102
RTVSPost2010PropOp44
 70
     1
102
RTVSPost2010Prop45
280
     0
102
RTVSPost2010PropOp45
 70
     1
102
RTVSPost2010Prop46
 90
       50
102
RTVSPost2010PropOp46
 70
     1
102
RTVSPost2010Prop47
 90
       50
102
RTVSPost2010PropOp47
 70
     1
102
RTVSPost2010Prop48
 90
       50
102
RTVSPost2010PropOp48
 70
     1
102
RTVSPost2010Prop49
280
     0
102
RTVSPost2010PropOp49
 70
     1
102
RTVSPost2010Prop50
 90
       50
102
RTVSPost2010PropOp50
 70
     1
102
RTVSPost2010Prop51ColorIndex
 90
      256
102
RTVSPost2010Prop51ColorRGB
 90
-16777216
102
RTVSPost2010PropOp51
 70
     0
102
RTVSPost2010Prop52
140
1.0
102
RTVSPost2010PropOp52
 70
     0
102
RTVSPost2010Prop53
 90
        2
102
RTVSPost2010PropOp53
 70
     1
102
RTVSPost2010Prop54
  1
strokes_ogs.tif
102
RTVSPost2010PropOp54
 70
     1
102
RTVSPost2010Prop55
280
     0
102
RTVSPost2010PropOp55
 70
     1
102
RTVSPost2010Prop56
140
1.0
102
RTVSPost2010PropOp56
 70
     1
102
RTVSPost2010Prop57
140
1.0
102
RTVSPost2010PropOp57
 70
     1
  0
XRECORD
  5
DE
102
{ACAD_REACTORS
330
DD
102
}
330
DD
100
AcDbXrecord
280
     1
102
RTVSPropertyOp0
 70
     1
102
RTVSPropertyOp1
 70
     1
102
RTVSPropertyOp2
 70
     1
102
RTVSPropertyOp3
 70
     1
102
RTVSPropertyOp4
 70
     1
102
RTVSPropertyOp5
 70
     1
102
RTVSPropertyOp6
 70
     1
102
RTVSPropertyOp7
 70
     1
102
RTVSPropertyOp8
 70
     1
102
RTVSPropertyOp9
 70
     1
102
RTVSPropertyOp10
 70
     1
102
RTVSPropertyOp11
 70
     1
102
RTVSPropertyOp12
 70
     1
102
RTVSPropertyOp13
 70
     1
102
RTVSPropertyOp14
 70
     1
102
RTVSPropertyOp15
 70
     1
102
RTVSPropertyOp16
 70
     1
102
RTVSPropertyOp17
 70
     1
102
RTVSPropertyOp18
 70
     1
102
RTVSPropertyOp19
 70
     1
102
RTVSPropertyOp20
 70
     1
102
RTVSPropertyOp21
 70
     1
102
RTVSPropertyOp22
 70
     1
102
RTVSPropertyOp23
 70
     1
102
RTVSPropertyOp24
 70
     1
102
RTVSPropertyOp25
 70
     1
102
RTVSPropertyOp26
 70
     1
102
RTVSPropertyOp27
 70
     1
102
RTVSPropertyOp28
 70
     1
102
RTVSPropertyOp29
 70
     1
102
RTVSPropertyOp30
 70
     1
102
RTVSPropertyOp31
 70
     1
102
RTVSPropertyOp32
 70
     1
102
RTVSPropertyOp33
 70
     1
102
RTVSPropertyOp34
 70
     1
102
RTVSPropertyOp35
 70
     1
102
RTVSPropertyOp36
 70
     1
102
RTVSPropertyOp37
 70
     1
102
RTVSPropertyOp38
 70
     1
102
RTVSPropertyOp39
 70
     1
102
RTVSPropertyOp40
 70
     1
102
RTVSPropertyOp41
 70
     1
102
RTVSPropertyOp42
 70
     1
102
RTVSPropertyOp43
 70
     1
102
RTVSPropertyOp44
 70
     1
102
RTVSPropertyOp45
 70
     1
102
RTVSPropertyOp46
 70
     1
102
RTVSPropertyOp47
 70
     1
102
RTVSPropertyOp48
 70
     1
102
RTVSPropertyOp49
 70
     1
102
RTVSPropertyOp50
 70
     1
102
RTVSPropertyOp51
 70
     0
102
RTVSPropertyOp52
 70
     0
102
RTVSPropertyOp53
 70
     1
102
RTVSPropertyOp54
 70
     1
102
RTVSPropertyOp55
 70
     1
102
RTVSPropertyOp56
 70
     1
102
RTVSPropertyOp57
 70
     1
102
RTVSPost2010Prop28
280
     0
102
RTVSPost2010PropOp28
 70
     1
102
RTVSPost2010Prop29
280
     1
102
RTVSPost2010PropOp29
 70
     1
102
RTVSPost2010Prop30
280
     1
102
RTVSPost2010PropOp30
 70
     1
102
RTVSPost2010Prop31
280
     0
102
RTVSPost2010PropOp31
 70
     1
102
RTVSPost2010Prop32
280
     0
102
RTVSPost2010PropOp32
 70
     1
102
RTVSPost2010Prop33
280
     0
102
RTVSPost2010PropOp33
 70
     1
102
RTVSPost2010Prop34
280
     0
102
RTVSPost2010PropOp34
 70
     1
102
RTVSPost2010Prop35
280
     0
102
RTVSPost2010PropOp35
 70
     1
102
RTVSPost2010Prop36
280
     0
102
RTVSPost2010PropOp36
 70
     1
102
RTVSPost2010Prop37
 90
       50
102
RTVSPost2010PropOp37
 70
     1
102
RTVSPost2010Prop38
140
0.0
102
RTVSPost2010PropOp38
 70
     1
102
RTVSPost2010Prop39
140
1.0
102
RTVSPost2010PropOp39
 70
     1
102
RTVSPost2010Prop40
 90
        0
102
RTVSPost2010PropOp40
 70
     1
102
RTVSPost2010Prop41ColorIndex
 90
       18
102
RTVSPost2010Prop41ColorRGB
 90
        0
102
RTVSPost2010PropOp41
 70
     1
102
RTVSPost2010Prop42
 90
       50
102
RTVSPost2010PropOp42
 70
     1
102
RTVSPost2010Prop43
 90
        3
102
RTVSPost2010PropOp43
 70
     1
102
RTVSPost2010Prop44ColorIndex
 90
        5
102
RTVSPost2010Prop44ColorRGB
 90
      255
102
RTVSPost2010PropOp44
 70
     1
102
RTVSPost2010Prop45
280
     0
102
RTVSPost2010PropOp45
 70
     1
102
RTVSPost2010Prop46
 90
       50
102
RTVSPost2010PropOp46
 70
     1
102
RTVSPost2010Prop47
 90
       50
102
RTVSPost2010PropOp47
 70
     1
102
RTVSPost2010Prop48
 90
       50
102
RTVSPost2010PropOp48
 70
     1
102
RTVSPost2010Prop49
280
     0
102
RTVSPost2010PropOp49
 70
     1
102
RTVSPost2010Prop50
 90
       50
102
RTVSPost2010PropOp50
 70
     1
102
RTVSPost2010Prop51ColorIndex
 90
      256
102
RTVSPost2010Prop51ColorRGB
 90
-16777216
102
RTVSPost2010PropOp51
 70
     0
102
RTVSPost2010Prop52
140
1.0
102
RTVSPost2010PropOp52
 70
     0
102
RTVSPost2010Prop53
 90
        2
102
RTVSPost2010PropOp53
 70
     1
102
RTVSPost2010Prop54
  1
strokes_ogs.tif
102
RTVSPost2010PropOp54
 70
     1
102
RTVSPost2010Prop55
280
     0
102
RTVSPost2010PropOp55
 70
     1
102
RTVSPost2010Prop56
140
1.0
102
RTVSPost2010PropOp56
 70
     1
102
RTVSPost2010Prop57
140
1.0
102
RTVSPost2010PropOp57
 70
     1
  0
XRECORD
  5
D8
102
{ACAD_REACTORS
330
D7
102
}
330
D7
100
AcDbXrecord
280
     1
102
RTVSPropertyOp0
 70
     1
102
RTVSPropertyOp1
 70
     1
102
RTVSPropertyOp2
 70
     1
102
RTVSPropertyOp3
 70
     1
102
RTVSPropertyOp4
 70
     1
102
RTVSPropertyOp5
 70
     1
102
RTVSPropertyOp6
 70
     1
102
RTVSPropertyOp7
 70
     1
102
RTVSPropertyOp8
 70
     1
102
RTVSPropertyOp9
 70
     1
102
RTVSPropertyOp10
 70
     1
102
RTVSPropertyOp11
 70
     1
102
RTVSPropertyOp12
 70
     1
102
RTVSPropertyOp13
 70
     1
102
RTVSPropertyOp14
 70
     1
102
RTVSPropertyOp15
 70
     1
102
RTVSPropertyOp16
 70
     1
102
RTVSPropertyOp17
 70
     1
102
RTVSPropertyOp18
 70
     1
102
RTVSPropertyOp19
 70
     1
102
RTVSPropertyOp20
 70
     1
102
RTVSPropertyOp21
 70
     1
102
RTVSPropertyOp22
 70
     1
102
RTVSPropertyOp23
 70
     1
102
RTVSPropertyOp24
 70
     1
102
RTVSPropertyOp25
 70
     1
102
RTVSPropertyOp26
 70
     1
102
RTVSPropertyOp27
 70
     1
102
RTVSPropertyOp28
 70
     1
102
RTVSPropertyOp29
 70
     1
102
RTVSPropertyOp30
 70
     1
102
RTVSPropertyOp31
 70
     1
102
RTVSPropertyOp32
 70
     1
102
RTVSPropertyOp33
 70
     1
102
RTVSPropertyOp34
 70
     1
102
RTVSPropertyOp35
 70
     1
102
RTVSPropertyOp36
 70
     1
102
RTVSPropertyOp37
 70
     1
102
RTVSPropertyOp38
 70
     1
102
RTVSPropertyOp39
 70
     1
102
RTVSPropertyOp40
 70
     1
102
RTVSPropertyOp41
 70
     1
102
RTVSPropertyOp42
 70
     1
102
RTVSPropertyOp43
 70
     1
102
RTVSPropertyOp44
 70
     1
102
RTVSPropertyOp45
 70
     1
102
RTVSPropertyOp46
 70
     1
102
RTVSPropertyOp47
 70
     1
102
RTVSPropertyOp48
 70
     1
102
RTVSPropertyOp49
 70
     1
102
RTVSPropertyOp50
 70
     1
102
RTVSPropertyOp51
 70
     0
102
RTVSPropertyOp52
 70
     0
102
RTVSPropertyOp53
 70
     1
102
RTVSPropertyOp54
 70
     1
102
RTVSPropertyOp55
 70
     1
102
RTVSPropertyOp56
 70
     1
102
RTVSPropertyOp57
 70
     1
102
RTVSPost2010Prop28
280
     0
102
RTVSPost2010PropOp28
 70
     1
102
RTVSPost2010Prop29
280
     1
102
RTVSPost2010PropOp29
 70
     1
102
RTVSPost2010Prop30
280
     1
102
RTVSPost2010PropOp30
 70
     1
102
RTVSPost2010Prop31
280
     0
102
RTVSPost2010PropOp31
 70
     1
102
RTVSPost2010Prop32
280
     0
102
RTVSPost2010PropOp32
 70
     1
102
RTVSPost2010Prop33
280
     0
102
RTVSPost2010PropOp33
 70
     1
102
RTVSPost2010Prop34
280
     0
102
RTVSPost2010PropOp34
 70
     1
102
RTVSPost2010Prop35
280
     0
102
RTVSPost2010PropOp35
 70
     1
102
RTVSPost2010Prop36
280
     0
102
RTVSPost2010PropOp36
 70
     1
102
RTVSPost2010Prop37
 90
       50
102
RTVSPost2010PropOp37
 70
     1
102
RTVSPost2010Prop38
140
0.0
102
RTVSPost2010PropOp38
 70
     1
102
RTVSPost2010Prop39
140
1.0
102
RTVSPost2010PropOp39
 70
     1
102
RTVSPost2010Prop40
 90
        0
102
RTVSPost2010PropOp40
 70
     1
102
RTVSPost2010Prop41ColorIndex
 90
       18
102
RTVSPost2010Prop41ColorRGB
 90
        0
102
RTVSPost2010PropOp41
 70
     1
102
RTVSPost2010Prop42
 90
       50
102
RTVSPost2010PropOp42
 70
     1
102
RTVSPost2010Prop43
 90
        3
102
RTVSPost2010PropOp43
 70
     1
102
RTVSPost2010Prop44ColorIndex
 90
        5
102
RTVSPost2010Prop44ColorRGB
 90
      255
102
RTVSPost2010PropOp44
 70
     1
102
RTVSPost2010Prop45
280
     0
102
RTVSPost2010PropOp45
 70
     1
102
RTVSPost2010Prop46
 90
       50
102
RTVSPost2010PropOp46
 70
     1
102
RTVSPost2010Prop47
 90
       50
102
RTVSPost2010PropOp47
 70
     1
102
RTVSPost2010Prop48
 90
       50
102
RTVSPost2010PropOp48
 70
     1
102
RTVSPost2010Prop49
280
     0
102
RTVSPost2010PropOp49
 70
     1
102
RTVSPost2010Prop50
 90
       50
102
RTVSPost2010PropOp50
 70
     1
102
RTVSPost2010Prop51ColorIndex
 90
      256
102
RTVSPost2010Prop51ColorRGB
 90
-16777216
102
RTVSPost2010PropOp51
 70
     0
102
RTVSPost2010Prop52
140
1.0
102
RTVSPost2010PropOp52
 70
     0
102
RTVSPost2010Prop53
 90
        2
102
RTVSPost2010PropOp53
 70
     1
102
RTVSPost2010Prop54
  1
strokes_ogs.tif
102
RTVSPost2010PropOp54
 70
     1
102
RTVSPost2010Prop55
280
     0
102
RTVSPost2010PropOp55
 70
     1
102
RTVSPost2010Prop56
140
1.0
102
RTVSPost2010PropOp56
 70
     1
102
RTVSPost2010Prop57
140
1.0
102
RTVSPost2010PropOp57
 70
     1
  0
XRECORD
  5
DA
102
{ACAD_REACTORS
330
D9
102
}
330
D9
100
AcDbXrecord
280
     1
102
RTVSPropertyOp0
 70
     1
102
RTVSPropertyOp1
 70
     1
102
RTVSPropertyOp2
 70
     1
102
RTVSPropertyOp3
 70
     1
102
RTVSPropertyOp4
 70
     1
102
RTVSPropertyOp5
 70
     1
102
RTVSPropertyOp6
 70
     1
102
RTVSPropertyOp7
 70
     1
102
RTVSPropertyOp8
 70
     1
102
RTVSPropertyOp9
 70
     1
102
RTVSPropertyOp10
 70
     1
102
RTVSPropertyOp11
 70
     1
102
RTVSPropertyOp12
 70
     1
102
RTVSPropertyOp13
 70
     1
102
RTVSPropertyOp14
 70
     1
102
RTVSPropertyOp15
 70
     1
102
RTVSPropertyOp16
 70
     1
102
RTVSPropertyOp17
 70
     1
102
RTVSPropertyOp18
 70
     1
102
RTVSPropertyOp19
 70
     1
102
RTVSPropertyOp20
 70
     1
102
RTVSPropertyOp21
 70
     1
102
RTVSPropertyOp22
 70
     1
102
RTVSPropertyOp23
 70
     1
102
RTVSPropertyOp24
 70
     1
102
RTVSPropertyOp25
 70
     1
102
RTVSPropertyOp26
 70
     1
102
RTVSPropertyOp27
 70
     1
102
RTVSPropertyOp28
 70
     1
102
RTVSPropertyOp29
 70
     1
102
RTVSPropertyOp30
 70
     1
102
RTVSPropertyOp31
 70
     1
102
RTVSPropertyOp32
 70
     1
102
RTVSPropertyOp33
 70
     1
102
RTVSPropertyOp34
 70
     1
102
RTVSPropertyOp35
 70
     1
102
RTVSPropertyOp36
 70
     1
102
RTVSPropertyOp37
 70
     1
102
RTVSPropertyOp38
 70
     1
102
RTVSPropertyOp39
 70
     1
102
RTVSPropertyOp40
 70
     1
102
RTVSPropertyOp41
 70
     1
102
RTVSPropertyOp42
 70
     1
102
RTVSPropertyOp43
 70
     1
102
RTVSPropertyOp44
 70
     1
102
RTVSPropertyOp45
 70
     1
102
RTVSPropertyOp46
 70
     1
102
RTVSPropertyOp47
 70
     1
102
RTVSPropertyOp48
 70
     1
102
RTVSPropertyOp49
 70
     1
102
RTVSPropertyOp50
 70
     1
102
RTVSPropertyOp51
 70
     0
102
RTVSPropertyOp52
 70
     0
102
RTVSPropertyOp53
 70
     1
102
RTVSPropertyOp54
 70
     1
102
RTVSPropertyOp55
 70
     1
102
RTVSPropertyOp56
 70
     1
102
RTVSPropertyOp57
 70
     1
102
RTVSPost2010Prop28
280
     0
102
RTVSPost2010PropOp28
 70
     1
102
RTVSPost2010Prop29
280
     1
102
RTVSPost2010PropOp29
 70
     1
102
RTVSPost2010Prop30
280
     1
102
RTVSPost2010PropOp30
 70
     1
102
RTVSPost2010Prop31
280
     0
102
RTVSPost2010PropOp31
 70
     1
102
RTVSPost2010Prop32
280
     0
102
RTVSPost2010PropOp32
 70
     1
102
RTVSPost2010Prop33
280
     0
102
RTVSPost2010PropOp33
 70
     1
102
RTVSPost2010Prop34
280
     0
102
RTVSPost2010PropOp34
 70
     1
102
RTVSPost2010Prop35
280
     0
102
RTVSPost2010PropOp35
 70
     1
102
RTVSPost2010Prop36
280
     0
102
RTVSPost2010PropOp36
 70
     1
102
RTVSPost2010Prop37
 90
       50
102
RTVSPost2010PropOp37
 70
     1
102
RTVSPost2010Prop38
140
0.0
102
RTVSPost2010PropOp38
 70
     1
102
RTVSPost2010Prop39
140
1.0
102
RTVSPost2010PropOp39
 70
     1
102
RTVSPost2010Prop40
 90
        0
102
RTVSPost2010PropOp40
 70
     1
102
RTVSPost2010Prop41ColorIndex
 90
       18
102
RTVSPost2010Prop41ColorRGB
 90
        0
102
RTVSPost2010PropOp41
 70
     1
102
RTVSPost2010Prop42
 90
       50
102
RTVSPost2010PropOp42
 70
     1
102
RTVSPost2010Prop43
 90
        3
102
RTVSPost2010PropOp43
 70
     1
102
RTVSPost2010Prop44ColorIndex
 90
        5
102
RTVSPost2010Prop44ColorRGB
 90
      255
102
RTVSPost2010PropOp44
 70
     1
102
RTVSPost2010Prop45
280
     0
102
RTVSPost2010PropOp45
 70
     1
102
RTVSPost2010Prop46
 90
       50
102
RTVSPost2010PropOp46
 70
     1
102
RTVSPost2010Prop47
 90
       50
102
RTVSPost2010PropOp47
 70
     1
102
RTVSPost2010Prop48
 90
       50
102
RTVSPost2010PropOp48
 70
     1
102
RTVSPost2010Prop49
280
     0
102
RTVSPost2010PropOp49
 70
     1
102
RTVSPost2010Prop50
 90
       50
102
RTVSPost2010PropOp50
 70
     1
102
RTVSPost2010Prop51ColorIndex
 90
      256
102
RTVSPost2010Prop51ColorRGB
 90
-16777216
102
RTVSPost2010PropOp51
 70
     0
102
RTVSPost2010Prop52
140
1.0
102
RTVSPost2010PropOp52
 70
     0
102
RTVSPost2010Prop53
 90
        2
102
RTVSPost2010PropOp53
 70
     1
102
RTVSPost2010Prop54
  1
strokes_ogs.tif
102
RTVSPost2010PropOp54
 70
     1
102
RTVSPost2010Prop55
280
     0
102
RTVSPost2010PropOp55
 70
     1
102
RTVSPost2010Prop56
140
1.0
102
RTVSPost2010PropOp56
 70
     1
102
RTVSPost2010Prop57
140
1.0
102
RTVSPost2010PropOp57
 70
     1
  0
XRECORD
  5
CA
102
{ACAD_REACTORS
330
C9
102
}
330
C9
100
AcDbXrecord
280
     1
102
RTVSPropertyOp0
 70
     1
102
RTVSPropertyOp1
 70
     1
102
RTVSPropertyOp2
 70
     1
102
RTVSPropertyOp3
 70
     1
102
RTVSPropertyOp4
 70
     1
102
RTVSPropertyOp5
 70
     1
102
RTVSPropertyOp6
 70
     1
102
RTVSPropertyOp7
 70
     1
102
RTVSPropertyOp8
 70
     1
102
RTVSPropertyOp9
 70
     1
102
RTVSPropertyOp10
 70
     1
102
RTVSPropertyOp11
 70
     1
102
RTVSPropertyOp12
 70
     1
102
RTVSPropertyOp13
 70
     1
102
RTVSPropertyOp14
 70
     1
102
RTVSPropertyOp15
 70
     1
102
RTVSPropertyOp16
 70
     1
102
RTVSPropertyOp17
 70
     1
102
RTVSPropertyOp18
 70
     1
102
RTVSPropertyOp19
 70
     1
102
RTVSPropertyOp20
 70
     1
102
RTVSPropertyOp21
 70
     1
102
RTVSPropertyOp22
 70
     1
102
RTVSPropertyOp23
 70
     1
102
RTVSPropertyOp24
 70
     1
102
RTVSPropertyOp25
 70
     1
102
RTVSPropertyOp26
 70
     1
102
RTVSPropertyOp27
 70
     1
102
RTVSPropertyOp28
 70
     1
102
RTVSPropertyOp29
 70
     1
102
RTVSPropertyOp30
 70
     1
102
RTVSPropertyOp31
 70
     1
102
RTVSPropertyOp32
 70
     1
102
RTVSPropertyOp33
 70
     1
102
RTVSPropertyOp34
 70
     1
102
RTVSPropertyOp35
 70
     1
102
RTVSPropertyOp36
 70
     1
102
RTVSPropertyOp37
 70
     1
102
RTVSPropertyOp38
 70
     1
102
RTVSPropertyOp39
 70
     1
102
RTVSPropertyOp40
 70
     1
102
RTVSPropertyOp41
 70
     1
102
RTVSPropertyOp42
 70
     1
102
RTVSPropertyOp43
 70
     1
102
RTVSPropertyOp44
 70
     1
102
RTVSPropertyOp45
 70
     1
102
RTVSPropertyOp46
 70
     1
102
RTVSPropertyOp47
 70
     1
102
RTVSPropertyOp48
 70
     1
102
RTVSPropertyOp49
 70
     1
102
RTVSPropertyOp50
 70
     1
102
RTVSPropertyOp51
 70
     0
102
RTVSPropertyOp52
 70
     0
102
RTVSPropertyOp53
 70
     1
102
RTVSPropertyOp54
 70
     1
102
RTVSPropertyOp55
 70
     1
102
RTVSPropertyOp56
 70
     1
102
RTVSPropertyOp57
 70
     1
102
RTVSPost2010Prop28
280
     0
102
RTVSPost2010PropOp28
 70
     1
102
RTVSPost2010Prop29
280
     1
102
RTVSPost2010PropOp29
 70
     1
102
RTVSPost2010Prop30
280
     1
102
RTVSPost2010PropOp30
 70
     1
102
RTVSPost2010Prop31
280
     0
102
RTVSPost2010PropOp31
 70
     1
102
RTVSPost2010Prop32
280
     0
102
RTVSPost2010PropOp32
 70
     1
102
RTVSPost2010Prop33
280
     0
102
RTVSPost2010PropOp33
 70
     1
102
RTVSPost2010Prop34
280
     0
102
RTVSPost2010PropOp34
 70
     1
102
RTVSPost2010Prop35
280
     0
102
RTVSPost2010PropOp35
 70
     1
102
RTVSPost2010Prop36
280
     0
102
RTVSPost2010PropOp36
 70
     1
102
RTVSPost2010Prop37
 90
       50
102
RTVSPost2010PropOp37
 70
     1
102
RTVSPost2010Prop38
140
0.0
102
RTVSPost2010PropOp38
 70
     1
102
RTVSPost2010Prop39
140
1.0
102
RTVSPost2010PropOp39
 70
     1
102
RTVSPost2010Prop40
 90
        0
102
RTVSPost2010PropOp40
 70
     1
102
RTVSPost2010Prop41ColorIndex
 90
       18
102
RTVSPost2010Prop41ColorRGB
 90
        0
102
RTVSPost2010PropOp41
 70
     1
102
RTVSPost2010Prop42
 90
       50
102
RTVSPost2010PropOp42
 70
     1
102
RTVSPost2010Prop43
 90
        3
102
RTVSPost2010PropOp43
 70
     1
102
RTVSPost2010Prop44ColorIndex
 90
        5
102
RTVSPost2010Prop44ColorRGB
 90
      255
102
RTVSPost2010PropOp44
 70
     1
102
RTVSPost2010Prop45
280
     0
102
RTVSPost2010PropOp45
 70
     1
102
RTVSPost2010Prop46
 90
       50
102
RTVSPost2010PropOp46
 70
     1
102
RTVSPost2010Prop47
 90
       50
102
RTVSPost2010PropOp47
 70
     1
102
RTVSPost2010Prop48
 90
       50
102
RTVSPost2010PropOp48
 70
     1
102
RTVSPost2010Prop49
280
     0
102
RTVSPost2010PropOp49
 70
     1
102
RTVSPost2010Prop50
 90
       50
102
RTVSPost2010PropOp50
 70
     1
102
RTVSPost2010Prop51ColorIndex
 90
      256
102
RTVSPost2010Prop51ColorRGB
 90
-16777216
102
RTVSPost2010PropOp51
 70
     0
102
RTVSPost2010Prop52
140
1.0
102
RTVSPost2010PropOp52
 70
     0
102
RTVSPost2010Prop53
 90
        2
102
RTVSPost2010PropOp53
 70
     1
102
RTVSPost2010Prop54
  1
strokes_ogs.tif
102
RTVSPost2010PropOp54
 70
     1
102
RTVSPost2010Prop55
280
     0
102
RTVSPost2010PropOp55
 70
     1
102
RTVSPost2010Prop56
140
1.0
102
RTVSPost2010PropOp56
 70
     1
102
RTVSPost2010Prop57
140
1.0
102
RTVSPost2010PropOp57
 70
     1
  0
XRECORD
  5
BC
102
{ACAD_REACTORS
330
BB
102
}
330
BB
100
AcDbXrecord
280
     1
102
RTVSPropertyOp0
 70
     1
102
RTVSPropertyOp1
 70
     1
102
RTVSPropertyOp2
 70
     1
102
RTVSPropertyOp3
 70
     1
102
RTVSPropertyOp4
 70
     1
102
RTVSPropertyOp5
 70
     1
102
RTVSPropertyOp6
 70
     1
102
RTVSPropertyOp7
 70
     1
102
RTVSPropertyOp8
 70
     1
102
RTVSPropertyOp9
 70
     1
102
RTVSPropertyOp10
 70
     1
102
RTVSPropertyOp11
 70
     1
102
RTVSPropertyOp12
 70
     1
102
RTVSPropertyOp13
 70
     1
102
RTVSPropertyOp14
 70
     1
102
RTVSPropertyOp15
 70
     1
102
RTVSPropertyOp16
 70
     1
102
RTVSPropertyOp17
 70
     1
102
RTVSPropertyOp18
 70
     1
102
RTVSPropertyOp19
 70
     1
102
RTVSPropertyOp20
 70
     1
102
RTVSPropertyOp21
 70
     1
102
RTVSPropertyOp22
 70
     1
102
RTVSPropertyOp23
 70
     1
102
RTVSPropertyOp24
 70
     1
102
RTVSPropertyOp25
 70
     1
102
RTVSPropertyOp26
 70
     1
102
RTVSPropertyOp27
 70
     1
102
RTVSPropertyOp28
 70
     1
102
RTVSPropertyOp29
 70
     1
102
RTVSPropertyOp30
 70
     1
102
RTVSPropertyOp31
 70
     1
102
RTVSPropertyOp32
 70
     1
102
RTVSPropertyOp33
 70
     1
102
RTVSPropertyOp34
 70
     1
102
RTVSPropertyOp35
 70
     1
102
RTVSPropertyOp36
 70
     1
102
RTVSPropertyOp37
 70
     1
102
RTVSPropertyOp38
 70
     1
102
RTVSPropertyOp39
 70
     1
102
RTVSPropertyOp40
 70
     1
102
RTVSPropertyOp41
 70
     1
102
RTVSPropertyOp42
 70
     1
102
RTVSPropertyOp43
 70
     1
102
RTVSPropertyOp44
 70
     1
102
RTVSPropertyOp45
 70
     1
102
RTVSPropertyOp46
 70
     1
102
RTVSPropertyOp47
 70
     1
102
RTVSPropertyOp48
 70
     1
102
RTVSPropertyOp49
 70
     1
102
RTVSPropertyOp50
 70
     1
102
RTVSPropertyOp51
 70
     0
102
RTVSPropertyOp52
 70
     0
102
RTVSPropertyOp53
 70
     1
102
RTVSPropertyOp54
 70
     1
102
RTVSPropertyOp55
 70
     1
102
RTVSPropertyOp56
 70
     1
102
RTVSPropertyOp57
 70
     1
102
RTVSPost2010Prop28
280
     0
102
RTVSPost2010PropOp28
 70
     1
102
RTVSPost2010Prop29
280
     1
102
RTVSPost2010PropOp29
 70
     1
102
RTVSPost2010Prop30
280
     1
102
RTVSPost2010PropOp30
 70
     1
102
RTVSPost2010Prop31
280
     0
102
RTVSPost2010PropOp31
 70
     1
102
RTVSPost2010Prop32
280
     0
102
RTVSPost2010PropOp32
 70
     1
102
RTVSPost2010Prop33
280
     0
102
RTVSPost2010PropOp33
 70
     1
102
RTVSPost2010Prop34
280
     0
102
RTVSPost2010PropOp34
 70
     1
102
RTVSPost2010Prop35
280
     0
102
RTVSPost2010PropOp35
 70
     1
102
RTVSPost2010Prop36
280
     0
102
RTVSPost2010PropOp36
 70
     1
102
RTVSPost2010Prop37
 90
       50
102
RTVSPost2010PropOp37
 70
     1
102
RTVSPost2010Prop38
140
0.0
102
RTVSPost2010PropOp38
 70
     1
102
RTVSPost2010Prop39
140
1.0
102
RTVSPost2010PropOp39
 70
     1
102
RTVSPost2010Prop40
 90
        0
102
RTVSPost2010PropOp40
 70
     1
102
RTVSPost2010Prop41ColorIndex
 90
       18
102
RTVSPost2010Prop41ColorRGB
 90
        0
102
RTVSPost2010PropOp41
 70
     1
102
RTVSPost2010Prop42
 90
       50
102
RTVSPost2010PropOp42
 70
     1
102
RTVSPost2010Prop43
 90
        3
102
RTVSPost2010PropOp43
 70
     1
102
RTVSPost2010Prop44ColorIndex
 90
        5
102
RTVSPost2010Prop44ColorRGB
 90
      255
102
RTVSPost2010PropOp44
 70
     1
102
RTVSPost2010Prop45
280
     0
102
RTVSPost2010PropOp45
 70
     1
102
RTVSPost2010Prop46
 90
       50
102
RTVSPost2010PropOp46
 70
     1
102
RTVSPost2010Prop47
 90
       50
102
RTVSPost2010PropOp47
 70
     1
102
RTVSPost2010Prop48
 90
       50
102
RTVSPost2010PropOp48
 70
     1
102
RTVSPost2010Prop49
280
     0
102
RTVSPost2010PropOp49
 70
     1
102
RTVSPost2010Prop50
 90
       50
102
RTVSPost2010PropOp50
 70
     1
102
RTVSPost2010Prop51ColorIndex
 90
      256
102
RTVSPost2010Prop51ColorRGB
 90
-16777216
102
RTVSPost2010PropOp51
 70
     0
102
RTVSPost2010Prop52
140
1.0
102
RTVSPost2010PropOp52
 70
     0
102
RTVSPost2010Prop53
 90
        2
102
RTVSPost2010PropOp53
 70
     1
102
RTVSPost2010Prop54
  1
strokes_ogs.tif
102
RTVSPost2010PropOp54
 70
     1
102
RTVSPost2010Prop55
280
     0
102
RTVSPost2010PropOp55
 70
     1
102
RTVSPost2010Prop56
140
1.0
102
RTVSPost2010PropOp56
 70
     1
102
RTVSPost2010Prop57
140
1.0
102
RTVSPost2010PropOp57
 70
     1
  0
XRECORD
  5
DC
102
{ACAD_REACTORS
330
DB
102
}
330
DB
100
AcDbXrecord
280
     1
102
RTVSPropertyOp0
 70
     1
102
RTVSPropertyOp1
 70
     1
102
RTVSPropertyOp2
 70
     1
102
RTVSPropertyOp3
 70
     1
102
RTVSPropertyOp4
 70
     1
102
RTVSPropertyOp5
 70
     1
102
RTVSPropertyOp6
 70
     1
102
RTVSPropertyOp7
 70
     1
102
RTVSPropertyOp8
 70
     1
102
RTVSPropertyOp9
 70
     1
102
RTVSPropertyOp10
 70
     1
102
RTVSPropertyOp11
 70
     1
102
RTVSPropertyOp12
 70
     1
102
RTVSPropertyOp13
 70
     1
102
RTVSPropertyOp14
 70
     1
102
RTVSPropertyOp15
 70
     1
102
RTVSPropertyOp16
 70
     1
102
RTVSPropertyOp17
 70
     1
102
RTVSPropertyOp18
 70
     1
102
RTVSPropertyOp19
 70
     1
102
RTVSPropertyOp20
 70
     1
102
RTVSPropertyOp21
 70
     1
102
RTVSPropertyOp22
 70
     1
102
RTVSPropertyOp23
 70
     1
102
RTVSPropertyOp24
 70
     1
102
RTVSPropertyOp25
 70
     1
102
RTVSPropertyOp26
 70
     1
102
RTVSPropertyOp27
 70
     1
102
RTVSPropertyOp28
 70
     1
102
RTVSPropertyOp29
 70
     1
102
RTVSPropertyOp30
 70
     1
102
RTVSPropertyOp31
 70
     1
102
RTVSPropertyOp32
 70
     1
102
RTVSPropertyOp33
 70
     1
102
RTVSPropertyOp34
 70
     1
102
RTVSPropertyOp35
 70
     1
102
RTVSPropertyOp36
 70
     1
102
RTVSPropertyOp37
 70
     1
102
RTVSPropertyOp38
 70
     1
102
RTVSPropertyOp39
 70
     1
102
RTVSPropertyOp40
 70
     1
102
RTVSPropertyOp41
 70
     1
102
RTVSPropertyOp42
 70
     1
102
RTVSPropertyOp43
 70
     1
102
RTVSPropertyOp44
 70
     1
102
RTVSPropertyOp45
 70
     1
102
RTVSPropertyOp46
 70
     1
102
RTVSPropertyOp47
 70
     1
102
RTVSPropertyOp48
 70
     1
102
RTVSPropertyOp49
 70
     1
102
RTVSPropertyOp50
 70
     1
102
RTVSPropertyOp51
 70
     0
102
RTVSPropertyOp52
 70
     0
102
RTVSPropertyOp53
 70
     1
102
RTVSPropertyOp54
 70
     1
102
RTVSPropertyOp55
 70
     1
102
RTVSPropertyOp56
 70
     1
102
RTVSPropertyOp57
 70
     1
102
RTVSPost2010Prop28
280
     0
102
RTVSPost2010PropOp28
 70
     1
102
RTVSPost2010Prop29
280
     1
102
RTVSPost2010PropOp29
 70
     1
102
RTVSPost2010Prop30
280
     1
102
RTVSPost2010PropOp30
 70
     1
102
RTVSPost2010Prop31
280
     0
102
RTVSPost2010PropOp31
 70
     1
102
RTVSPost2010Prop32
280
     0
102
RTVSPost2010PropOp32
 70
     1
102
RTVSPost2010Prop33
280
     0
102
RTVSPost2010PropOp33
 70
     1
102
RTVSPost2010Prop34
280
     0
102
RTVSPost2010PropOp34
 70
     1
102
RTVSPost2010Prop35
280
     0
102
RTVSPost2010PropOp35
 70
     1
102
RTVSPost2010Prop36
280
     0
102
RTVSPost2010PropOp36
 70
     1
102
RTVSPost2010Prop37
 90
       50
102
RTVSPost2010PropOp37
 70
     1
102
RTVSPost2010Prop38
140
0.0
102
RTVSPost2010PropOp38
 70
     1
102
RTVSPost2010Prop39
140
1.0
102
RTVSPost2010PropOp39
 70
     1
102
RTVSPost2010Prop40
 90
        0
102
RTVSPost2010PropOp40
 70
     1
102
RTVSPost2010Prop41ColorIndex
 90
       18
102
RTVSPost2010Prop41ColorRGB
 90
        0
102
RTVSPost2010PropOp41
 70
     1
102
RTVSPost2010Prop42
 90
       50
102
RTVSPost2010PropOp42
 70
     1
102
RTVSPost2010Prop43
 90
        3
102
RTVSPost2010PropOp43
 70
     1
102
RTVSPost2010Prop44ColorIndex
 90
        5
102
RTVSPost2010Prop44ColorRGB
 90
      255
102
RTVSPost2010PropOp44
 70
     1
102
RTVSPost2010Prop45
280
     0
102
RTVSPost2010PropOp45
 70
     1
102
RTVSPost2010Prop46
 90
       50
102
RTVSPost2010PropOp46
 70
     1
102
RTVSPost2010Prop47
 90
       50
102
RTVSPost2010PropOp47
 70
     1
102
RTVSPost2010Prop48
 90
       50
102
RTVSPost2010PropOp48
 70
     1
102
RTVSPost2010Prop49
280
     0
102
RTVSPost2010PropOp49
 70
     1
102
RTVSPost2010Prop50
 90
       50
102
RTVSPost2010PropOp50
 70
     1
102
RTVSPost2010Prop51ColorIndex
 90
      256
102
RTVSPost2010Prop51ColorRGB
 90
-16777216
102
RTVSPost2010PropOp51
 70
     0
102
RTVSPost2010Prop52
140
1.0
102
RTVSPost2010PropOp52
 70
     0
102
RTVSPost2010Prop53
 90
        2
102
RTVSPost2010PropOp53
 70
     1
102
RTVSPost2010Prop54
  1
strokes_ogs.tif
102
RTVSPost2010PropOp54
 70
     1
102
RTVSPost2010Prop55
280
     0
102
RTVSPost2010PropOp55
 70
     1
102
RTVSPost2010Prop56
140
1.0
102
RTVSPost2010PropOp56
 70
     1
102
RTVSPost2010Prop57
140
1.0
102
RTVSPost2010PropOp57
 70
     1
  0
ENDSEC
  0
EOF
